Model,Covariance Type,Ann. Return,Ann. Std,Ann. Std (fcst),Real / Fcst Std,Ann. Sharpe,Ann. Sortino,Max Drawdown,Calmar Ratio,CVaR (95%),Skewness,Excess Kurtosis
ERC,GARCH,0.0769142359777808,0.1716043729738089,0.15050956041451513,1.1401559641872383,0.5178799203189018,0.725285010808901,-0.542588891101272,0.1417541664402139,-0.02608933842273808,-0.280492889347402,12.94478571119648
ERC,Historical,0.07867448730695226,0.1726823224436643,0.1569929890300311,1.0999365227107818,0.5251794322571505,0.7365313270824602,-0.5450925463907039,0.14433234838357345,-0.02621882684051883,-0.27126421794893535,12.713381996121424
HRP,GARCH,0.07486446363676169,0.16026729280760896,0.13765261169716306,1.1642880642192128,0.5308392547490419,0.7426541493848913,-0.5110046017860141,0.14650448034147368,-0.024400503727865085,-0.2726742004966129,14.397319518204245
HRP,Historical,0.0795734854740231,0.16129834902657206,0.14593707461979855,1.1052595746954184,0.5555764376972169,0.7794912590063219,-0.5101948393203866,0.1559668568580981,-0.02452487046397652,-0.2623447905613041,13.413713360572203
MVP,GARCH,0.05400364023897963,0.14138413001721395,0.1089737637041365,1.2974143978459944,0.4428353622206147,0.6167449718841549,-0.48944134636531467,0.1103373072994773,-0.021396750902842498,-0.1431299075998888,21.019484018889482
MVP,Historical,0.06678446937675675,0.1340247621452271,0.11806131893075154,1.1352131532923062,0.5495194258169482,0.7724829511941921,-0.3933996704785905,0.1697623927735122,-0.02001037558525539,-0.16185748856062288,17.557205404828952
Naive,N/A,0.08003530500489209,0.18656451640572097,0.17158283512552028,1.0873145689033576,0.5062684575878292,0.7109510488558931,-0.572388125746951,0.13982698348336312,-0.028203568351480385,-0.2605637078128237,11.239968885540595
