Date,Historical,GARCH,DCC
2001-12-10,-148.759761246215,-161.69041636358153,-164.60599714574315
2001-12-11,-171.3795451639747,-170.10602760581003,-174.00102836742397
2001-12-12,-122.63957277747508,-142.843598235233,-152.19493784613186
2001-12-13,-153.47418664631095,-159.47674758259072,-162.55379448670757
2001-12-14,-165.899692637116,-168.94831132762806,-170.09964603614267
2001-12-17,-170.7562000099515,-171.59013678096576,-172.40472562370624
2001-12-18,-144.91519594451637,-142.78765427722902,-153.07668642962724
2001-12-19,-146.37926258506434,-151.99182536017,-153.12840684803393
2001-12-20,-143.0768335393163,-146.5098237819611,-150.81820072766862
2001-12-21,-165.6586875475873,-165.8018492211124,-165.77429331669111
2001-12-24,-138.33395865062323,-146.40648711950178,-156.13276063549318
2001-12-25,-154.55482625035452,-158.48712129473847,-166.71479025261308
2001-12-26,-162.93838089433035,-165.4267672556629,-167.73906676415203
2001-12-27,-157.3038607831903,-163.4163123031011,-163.58625459287188
2001-12-28,-161.7801016014348,-161.10431452278237,-166.04332914091964
2001-12-31,-144.2913923480569,-160.4116675093366,-164.26648011671898
2002-01-01,-131.99282950342942,-155.31141697050742,-160.70143821953295
2002-01-02,-162.94649155980957,-159.49333474301184,-159.80576056564306
2002-01-03,-167.15990346351117,-164.19707821017414,-166.55744743839378
2002-01-04,-147.34892393811367,-148.20759185385853,-150.41482353118295
2002-01-07,-156.63666137966163,-161.66681944633774,-161.10777446903833
2002-01-08,-167.17280820132635,-168.11363706421537,-169.33118407776686
2002-01-09,-162.09315426593906,-165.3382408564783,-168.44522728730428
2002-01-10,-156.30066579976932,-156.15866772879866,-161.07873645140842
2002-01-11,-164.84805992091555,-167.0132218100468,-171.07469843659482
2002-01-14,-164.0002164984202,-166.231296992594,-169.07022364252606
2002-01-15,-129.54937210752223,-137.23576076564046,-144.4968767117988
2002-01-16,-155.34837297716294,-157.4545190108741,-169.14440919875898
2002-01-17,-153.877820610276,-149.42663358989074,-155.7829899561008
2002-01-18,-163.03218824773438,-166.10127949509928,-163.7065042258742
2002-01-21,-158.71047503048098,-153.47869045195404,-167.11440300231376
2002-01-22,-146.32437590198677,-152.76933375460703,-161.2080138114763
2002-01-23,-165.72811673645114,-165.99309814803755,-161.42689800027665
2002-01-24,-160.58486078296227,-161.54078432831966,-164.07002767718137
2002-01-25,-147.1188789198996,-147.53879077731398,-149.66661646981095
2002-01-28,-146.80940053598405,-148.04326806010442,-157.93426757772826
2002-01-29,-147.0478608304669,-152.05315019087425,-157.0695811449289
2002-01-30,-133.8122313388461,-131.7454953110471,-143.6756226362131
2002-01-31,-151.51301812225609,-159.59899379176716,-161.96957717415486
2002-02-01,-150.67963765969031,-150.7628722123012,-162.6611209466472
2002-02-04,-137.61262921591225,-142.1219650125249,-156.70973579651292
2002-02-05,-168.39698873981874,-166.09031347410718,-167.8856467186721
2002-02-06,-147.45638560722512,-149.58042244932483,-156.7825019381092
2002-02-07,-159.11492594335058,-157.3699275103172,-165.35802385099
2002-02-08,-165.49234200658196,-168.5553481498496,-169.74838993903222
2002-02-11,-141.30458477285254,-146.1322382174194,-149.29823946325763
2002-02-12,-165.68109925425668,-166.51994372500738,-168.09133951257928
2002-02-13,-163.43775830656799,-158.61527117535186,-163.82976889334736
2002-02-14,-162.10628873101444,-165.5909999473673,-166.1521376673051
2002-02-15,-161.97169122875232,-163.62358051445858,-162.95364991540094
2002-02-18,-154.4965232725148,-161.43013148801083,-165.11496934492686
2002-02-19,-152.4042843781798,-156.6410744631878,-156.10036051353012
2002-02-20,-150.43395240444718,-153.8211459187468,-163.37147608264343
2002-02-21,-163.60209409238053,-169.89556761309473,-169.65739702885563
2002-02-22,-158.78830605337288,-165.9514551180669,-165.46437305273227
2002-02-25,-153.25225010750543,-154.36434296647388,-165.51827867357244
2002-02-26,-157.92441188466972,-155.65466996709947,-154.11662248282835
2002-02-27,-162.39391116897175,-163.323184453135,-167.92012333647264
2002-02-28,-133.5215977032031,-147.16369307465158,-157.38130828556766
2002-03-01,-156.2397057137959,-157.33656224986765,-157.879045074824
2002-03-04,-139.90987430898127,-146.84127723922504,-158.05630081229347
2002-03-05,-161.64506467998626,-159.4192694690331,-162.66123009984133
2002-03-06,-151.00182688092573,-146.45534149673273,-150.17037040544184
2002-03-07,-148.89813684172026,-151.81727351131113,-155.4430301991193
2002-03-08,-154.56965300702782,-152.21383197191267,-165.06477278257344
2002-03-11,-167.32719907960342,-166.8824706940105,-171.78615907184687
2002-03-12,-154.31016629133015,-152.32838921931244,-155.27491625127436
2002-03-13,-162.60556851152813,-156.77563023739208,-160.50049541590454
2002-03-14,-141.3392365109161,-144.647840505423,-154.30642677824977
2002-03-15,-156.14148977884574,-157.8569733682906,-166.54811810038507
2002-03-18,-145.31482209561287,-147.00145324331024,-151.55898001417674
2002-03-19,-169.0539298148515,-169.3216102173216,-169.52314956434168
2002-03-20,-143.05362855583422,-156.57456631680574,-160.4753442868581
2002-03-21,-164.93671252583712,-164.78847461790164,-169.10750163275935
2002-03-22,-151.48158385418094,-160.15789959974555,-156.43911980954664
2002-03-25,-165.8016417948501,-166.24218286420762,-167.55681835019672
2002-03-26,-152.0554138919565,-150.4807078670225,-158.55917576036154
2002-03-27,-156.59886850471804,-164.2813433659779,-164.51348327305416
2002-03-28,-138.23885346768026,-152.08598182924837,-156.97128594039768
2002-03-29,-145.7565189700817,-152.78820646706453,-158.8796074138417
2002-04-01,-142.6088846876356,-141.67523534020927,-153.60667992986046
2002-04-02,-165.177893670017,-162.52554608987452,-164.1219526664671
2002-04-03,-152.79299329708817,-149.77499165541786,-148.24006493892614
2002-04-04,-140.11563200576478,-146.74368860306862,-150.97942170485325
2002-04-05,-159.33612828176385,-159.06262216831277,-162.1717181223897
2002-04-08,-163.50067756611742,-162.769791181723,-165.9416901335612
2002-04-09,-146.16496725794343,-151.5629429908973,-155.61548986425012
2002-04-10,-141.86774818535352,-147.00603940463992,-151.32654525364023
2002-04-11,-141.6670979116763,-151.38330536210282,-152.27338915855654
2002-04-12,-156.88620655119553,-157.65589227316818,-164.5223646102091
2002-04-15,-152.4088794876943,-146.9921277398505,-152.61527342133738
2002-04-16,-150.81252544450945,-153.32210409106654,-161.82473028669665
2002-04-17,-159.1215399511353,-161.64533724869386,-166.12887954706645
2002-04-18,-167.06197059298802,-165.30138529602948,-169.45503690855884
2002-04-19,-157.3639284979817,-159.5487229277363,-158.8228452223361
2002-04-22,-159.96534421280896,-159.63500056142098,-166.55784901332544
2002-04-23,-146.86475714991133,-145.30123911872988,-153.66238692371618
2002-04-24,-112.1539172867279,-130.38273242081442,-151.018917459273
2002-04-25,-159.0970757821905,-157.07297839312383,-157.3547601924772
2002-04-26,-170.3974088131523,-169.5997168960364,-170.40998596209172
2002-04-29,-151.06602424676308,-154.1393210897699,-149.74287001734888
2002-04-30,-149.9343242001822,-154.79568083125025,-163.1868583988329
2002-05-01,-143.57774351239559,-161.38435859855926,-165.11586752547822
2002-05-02,-161.59039369107072,-158.14185293086376,-158.82216122607727
2002-05-03,-145.36821871389884,-142.24174808875586,-152.1745404371968
2002-05-06,-162.51374599399108,-162.2186514796727,-166.14309189283944
2002-05-07,-168.15331217937896,-164.4004378325295,-167.99750687777026
2002-05-08,-138.5784915161729,-150.41843092709695,-157.41505559984506
2002-05-09,-108.4886940515055,-137.72172488821894,-145.71854075834756
2002-05-10,-148.55526972598523,-152.37182158508662,-158.53261275853637
2002-05-13,-147.83363490684627,-161.45105554008956,-163.32052104418923
2002-05-14,-159.5343798068546,-156.01519021809764,-159.7891302316043
2002-05-15,-114.82701471464702,-137.28618585654957,-142.73378328775294
2002-05-16,-163.60013886020724,-154.75210289074872,-157.7242638602744
2002-05-17,-142.24744199193074,-156.36415698949932,-156.2678369995808
2002-05-20,-152.05016107821123,-151.4532323779685,-150.15465543161366
2002-05-21,-154.68716810956997,-155.9844116811277,-158.94804565296505
2002-05-22,-157.3664080800557,-159.0922320321103,-165.72762542860713
2002-05-23,-126.62522653633265,-139.75805292149917,-143.00030330912227
2002-05-24,-149.57664428398775,-160.27922127351513,-160.1328290106334
2002-05-27,-165.63402287798854,-162.18579239124674,-164.28618025176985
2002-05-28,-158.767432268033,-159.50418301810438,-161.73512841950014
2002-05-29,-137.10303194473985,-148.62580291154185,-150.1867668294301
2002-05-30,-148.87145249354597,-158.23415988430403,-157.86810874916114
2002-05-31,-162.34924876029834,-164.3282048278899,-167.64451883276425
2002-06-03,-136.58115921643696,-148.34456324828557,-156.08402345429766
2002-06-04,-145.07316370025643,-153.56166503575795,-152.04292118268916
2002-06-05,-145.4807169247424,-146.498734997499,-148.80261821427976
2002-06-06,-160.1050267821476,-159.22478072532513,-154.24127545841554
2002-06-07,-136.34697866025041,-133.0794891384246,-139.77616846142627
2002-06-10,-160.32537257759282,-155.22979378726498,-157.17603204456938
2002-06-11,-158.6075892309369,-157.41606418540457,-159.38298194103686
2002-06-12,-138.54076856788512,-141.02515113194482,-151.04773810671747
2002-06-13,-157.18243871536333,-158.0072935181768,-160.09262511597004
2002-06-14,-148.01911259486582,-160.7317349505818,-160.4103804811841
2002-06-17,-157.67618828184087,-156.11826717159428,-157.141352639688
2002-06-18,-157.28714982089332,-155.5585911661789,-157.82458028665272
2002-06-19,-161.56030543157135,-161.3761949301989,-167.19648061358956
2002-06-20,-161.65302933683316,-159.70172280060052,-163.58083468444784
2002-06-21,-136.1228435776212,-143.87129320775193,-143.26136435357344
2002-06-24,-157.13988667972862,-155.5539078127392,-158.49160469968314
2002-06-25,-163.00583213588604,-162.3412193479697,-165.78668602478896
2002-06-26,-150.84358047178324,-159.9508156276537,-158.93280270344567
2002-06-27,-166.31097670794216,-166.21471847193948,-166.16378282594673
2002-06-28,-148.55619005066362,-153.10960575288968,-152.6333539322955
2002-07-01,-153.62293835303907,-156.14552842211725,-163.06102475486827
2002-07-02,-164.59676379994835,-161.27713946127966,-166.28984582380906
2002-07-03,-144.9688622496008,-154.09952140933285,-159.80312223663316
2002-07-04,-158.06123921302373,-158.25550056992833,-163.2311790403736
2002-07-05,-152.4168600773718,-157.505121086217,-159.99939091295235
2002-07-08,-125.32463489436145,-135.7713722123467,-141.4111741785659
2002-07-09,-156.96822615423017,-153.1627155692041,-154.47506306177968
2002-07-10,-139.41441545254744,-145.579697663275,-144.18248801129118
2002-07-11,-146.52597764051322,-153.2716431383504,-158.2657385205743
2002-07-12,-149.40043304046523,-150.75287847739565,-156.57335856856278
2002-07-15,-135.35708177396538,-146.57239140698002,-148.3255244331977
2002-07-16,-162.02220537493594,-157.58561089368993,-161.2795048080101
2002-07-17,-141.7069599022224,-150.29045120766642,-150.95462159256053
2002-07-18,-144.732902656551,-149.6027456464395,-157.35478009890494
2002-07-19,-150.011523647198,-154.47984620095556,-160.2617374884004
2002-07-22,-156.9642259805602,-157.1025926935847,-161.61193042031528
2002-07-23,-129.59080196341185,-139.87326559854932,-148.5747271113541
2002-07-24,-159.43251017371477,-159.49256573413618,-162.65567650146482
2002-07-25,-145.20149035692683,-155.4500370521679,-160.83006206764242
2002-07-26,-143.06597662368858,-150.19935132504787,-151.47734211605976
2002-07-29,-170.2930144239664,-166.17506166777247,-169.4648293170667
2002-07-30,-165.00232011444632,-163.7885419136641,-164.01367030717725
2002-07-31,-144.24269905870736,-154.78816883324322,-160.35313110357666
2002-08-01,-159.79985461746128,-162.54993067406994,-165.78094520226838
2002-08-02,-169.63716095757772,-163.43650843104191,-167.96175177524654
2002-08-05,-156.14009770759316,-155.9953501842957,-164.54253257922053
2002-08-06,-168.56015590777378,-164.8953835585783,-170.87160555177087
2002-08-07,-158.90894624826464,-159.15155894915654,-161.76157307388465
2002-08-08,-160.55558461684865,-160.10306064093845,-161.34547056478164
2002-08-09,-168.85499381017272,-165.99638454240926,-166.86881363183966
2002-08-12,-148.4415170579182,-162.63585416079954,-165.84004183476569
2002-08-13,-171.67310883029404,-167.4944834726776,-169.20865633042726
2002-08-14,-148.81743888814242,-150.7887127738123,-155.79554624387853
2002-08-15,-157.71794050622114,-153.56715136096358,-157.28790875739028
2002-08-16,-161.59817141524329,-166.90481031933433,-169.4720505640586
2002-08-19,-152.81937758763556,-154.97958802690226,-158.04946602421504
2002-08-20,-161.49488450654533,-161.90956127392298,-165.251748723186
2002-08-21,-163.81458199851454,-162.09321185385178,-163.41333351389662
2002-08-22,-139.3644158005144,-142.1856297708348,-141.18155490738837
2002-08-23,-165.0851141996659,-164.4111542111563,-167.76233568163244
2002-08-26,-136.75677022512295,-137.51687864255143,-152.07624610997107
2002-08-27,-160.57185669758144,-162.61911998116977,-165.7382301584809
2002-08-28,-168.06944306669982,-166.62056069013698,-169.7872881432626
2002-08-29,-157.57275262831425,-161.77118485166673,-162.7284869051967
2002-08-30,-148.74402084591185,-152.8684358603586,-160.30723036061823
2002-09-02,-163.8497022567742,-162.48313025804129,-167.31504462307305
2002-09-03,-160.67835459192872,-157.71049139990615,-161.95745378505734
2002-09-04,-149.01362370275908,-152.34235378308782,-152.01798414903715
2002-09-05,-163.18094944671435,-164.7229496066841,-167.9843965056381
2002-09-06,-165.07355544390487,-159.232028463273,-165.44056622630055
2002-09-09,-162.38802148647213,-163.6783849426743,-165.98777240986544
2002-09-10,-145.05302834242693,-149.93903551373566,-161.85802450037284
2002-09-11,-173.2129327576127,-173.7831585665076,-175.9333081901895
2002-09-12,-149.14544983840582,-154.10182105537055,-159.41678335738777
2002-09-13,-161.7876140339638,-156.57735540972067,-159.49647878970302
2002-09-16,-165.81345643555545,-165.66877182203845,-163.92302119407665
2002-09-17,-158.012192147741,-158.460146018631,-154.65329232306618
2002-09-18,-158.99859539270102,-160.99036600934826,-165.59734529722877
2002-09-19,-165.1445783223775,-162.59689283451087,-165.72579559941684
2002-09-20,-162.60812812460136,-162.69593371776148,-166.25219919667467
2002-09-23,-157.4974445671604,-160.60847149233015,-161.36823412257573
2002-09-24,-150.27893568221705,-160.83821769034014,-157.01795282909987
2002-09-25,-153.75441053824233,-151.24939799012964,-150.62446773027995
2002-09-26,-163.3339641075613,-162.61618334367753,-165.21382501811593
2002-09-27,-158.17202569240698,-161.5740658205371,-164.41965973201746
2002-09-30,-157.60761016181556,-164.1926098114114,-164.4250812075594
2002-10-01,-167.664260064314,-169.2725752933414,-168.0364007262946
2002-10-02,-174.87859842827896,-177.43571839074087,-177.6085879154068
2002-10-03,-170.60815717029806,-171.489215104075,-171.69683757621107
2002-10-04,-154.337847460551,-156.74835127897228,-159.19071457035466
2002-10-07,-153.74860985519146,-147.74681760360613,-158.02358494417174
2002-10-08,-169.4928786071695,-172.48466365183114,-175.17247085777018
2002-10-09,-166.2918271625104,-168.550700315535,-174.86291350619774
2002-10-10,-167.0977811487405,-166.43855671954682,-168.9593243194135
2002-10-11,-154.83019974613123,-156.05024042876835,-160.2839450168109
2002-10-14,-160.21341790970266,-160.6833129284019,-162.87353861370156
2002-10-15,-166.00986661839548,-166.1188503430642,-167.1920591158781
2002-10-16,-171.17112595623132,-173.406345653456,-173.4345357324597
2002-10-17,-170.5325388368806,-168.8055912266874,-172.90360432888139
2002-10-18,-142.7541506814501,-145.3917834921402,-153.91210115058647
2002-10-21,-153.2809542171192,-154.81532367062272,-162.14308281454055
2002-10-22,-142.31094338886413,-140.20731271597418,-159.31385704190612
2002-10-23,-164.24730991660184,-165.2428703056141,-164.74634645415776
2002-10-24,-164.82563964521603,-167.69168766054514,-169.1943744342576
2002-10-25,-174.39700609271904,-176.48144507776388,-177.52905132092258
2002-10-28,-157.58029040915375,-163.21704463972623,-165.6730752159748
2002-10-29,-169.0683574010626,-168.09108102556618,-172.51595785424053
2002-10-30,-169.39155237699302,-173.72016891367414,-176.43486664848396
2002-10-31,-151.40576537920685,-150.31393597251719,-158.73100198184977
2002-11-01,-160.22526973678947,-157.06455158950024,-155.61222001311046
2002-11-04,-166.91020195831314,-164.0192133631746,-169.83300315041004
2002-11-05,-173.87236264519476,-174.69733580273822,-179.28111904952436
2002-11-06,-162.86215167012884,-165.9584340517601,-169.07143427327173
2002-11-07,-168.56435520214816,-171.44499451691803,-172.82878103375936
2002-11-08,-155.32729263147715,-152.98145704723555,-162.61663410440286
2002-11-11,-162.1512131940341,-161.91690018919311,-168.69684755524986
2002-11-12,-163.51641793598753,-165.49838871315632,-167.7283613907804
2002-11-13,-158.39145196856754,-154.0496888608697,-162.67409042919138
2002-11-14,-171.2784988378262,-176.4449625183152,-179.21114615492857
2002-11-15,-159.18022393883192,-154.9246729856443,-165.45226145194846
2002-11-18,-163.89932676345165,-167.49613825092257,-172.20325225248217
2002-11-19,-155.97543461908555,-152.31025397293104,-158.15237351646763
2002-11-20,-150.43468040892026,-147.31716610085817,-162.30972511051016
2002-11-21,-174.1422750155122,-177.00024207216953,-178.51759716937318
2002-11-22,-162.90923815972647,-163.25804536890456,-166.6104267007261
2002-11-25,-161.6856468625626,-161.36175371483444,-163.8664525769005
2002-11-26,-167.3078769044362,-166.77979753025522,-174.3231639281566
2002-11-27,-155.12090173075939,-154.6455849485426,-157.27295694467503
2002-11-28,-174.27402358154464,-175.61832422948868,-178.8827356129231
2002-11-29,-164.68498565997345,-166.4743642499294,-168.3566148178815
2002-12-02,-170.17896680292307,-173.1867866801332,-174.54458099847972
2002-12-03,-160.64767187729313,-160.84756000631944,-160.58211872288615
2002-12-04,-161.83287515627092,-163.11172288780247,-163.59037024570404
2002-12-05,-135.1786970912645,-134.4758231745932,-155.48259594445574
2002-12-06,-164.90078541986725,-167.99280835822364,-170.00280114643022
2002-12-09,-169.97043887885823,-170.22181566105846,-175.84171882969133
2002-12-10,-170.8429548770144,-174.4051377918465,-175.18942817037535
2002-12-11,-166.0998910094006,-170.34259622105708,-168.50799930252032
2002-12-12,-171.2282051479777,-174.99383549592488,-176.60397724120432
2002-12-13,-164.59917162438893,-167.80440554480114,-169.3434643969813
2002-12-16,-161.69939363671654,-159.67505518550186,-159.74764567314557
2002-12-17,-166.47734401264339,-170.9154639540646,-172.7728137085659
2002-12-18,-166.64725998876892,-165.4265099457587,-169.49871662092144
2002-12-19,-160.1317902089634,-162.22971162961423,-166.0252661023516
2002-12-20,-154.79576318647977,-152.50663950978657,-155.1193029006269
2002-12-23,-162.43934773878584,-164.32778816269155,-167.29848164641885
2002-12-24,-141.19274753693566,-141.6717010882544,-163.3334425072316
2002-12-25,-163.35677969423057,-166.5924817536904,-171.8686176007137
2002-12-26,-173.26244027452478,-176.2865304989755,-176.7677394796936
2002-12-27,-155.2353678843194,-156.5562999741796,-161.64037139851328
2002-12-30,-148.3419143275221,-154.50513640964598,-164.62899367413937
2002-12-31,-168.88816071674628,-168.5677044494825,-169.48030305562375
2003-01-01,-165.30452867768707,-166.6562029534682,-172.73661328426894
2003-01-02,-167.61596340310595,-166.5459190187956,-171.12553666592285
2003-01-03,-160.2539068315029,-159.07298476499832,-161.060613120709
2003-01-06,-157.79406970638877,-158.0378386497799,-161.61172176453948
2003-01-07,-153.70579152146982,-147.8695268097652,-164.57660574533514
2003-01-08,-170.890883197323,-173.52721238538373,-174.1542507642089
2003-01-09,-169.06424790608378,-170.8496210482459,-169.94510698017515
2003-01-10,-168.49548653970413,-169.51651203241843,-172.1952090842274
2003-01-13,-147.3554151279854,-143.04334774923905,-155.83744696155003
2003-01-14,-170.308918728689,-170.74017502580725,-174.6181884932443
2003-01-15,-171.15236489883793,-175.47152514549492,-177.98309758416912
2003-01-16,-166.39130389332453,-170.41218302702725,-172.39095922640348
2003-01-17,-156.97560546906044,-151.25890705868153,-162.84033011655202
2003-01-20,-155.3828537714515,-158.12160587680012,-162.36566969150442
2003-01-21,-168.19698578850588,-170.7421960713956,-171.26515978076415
2003-01-22,-165.51404890322985,-164.95947167065063,-171.2181649776195
2003-01-23,-165.06902106455757,-167.17959919914168,-170.66266805056355
2003-01-24,-164.80433586496287,-165.58556835319214,-176.58584316329552
2003-01-27,-136.49145186925972,-144.21220946589185,-157.06763584571033
2003-01-28,-147.86236478625165,-154.99342960733588,-160.75883333092145
2003-01-29,-154.60533069700233,-156.3923419275306,-168.01252689549875
2003-01-30,-165.92350899940016,-172.33571141632737,-175.4138984010524
2003-01-31,-149.36954995115528,-151.9703962718474,-166.30018425596185
2003-02-03,-166.28873963270607,-165.56154586573797,-168.24157183602335
2003-02-04,-154.01588902596097,-138.09814792387002,-136.85257909410223
2003-02-05,-132.7220662130804,-132.23821825619657,-157.63231469493294
2003-02-06,-164.6910445185795,-162.8611731651662,-166.93290082534998
2003-02-07,-160.452181485388,-161.04062262253254,-163.3506847555901
2003-02-10,-163.94320207689123,-165.89586151791906,-168.27217102514567
2003-02-11,-166.90137396806796,-167.5630334118685,-169.79121841202465
2003-02-12,-170.56608084918213,-170.1491584861569,-165.785739274655
2003-02-13,-168.9296284577321,-173.38531641381937,-173.2162992980967
2003-02-14,-162.3324739316433,-165.40170749224592,-169.34848248079192
2003-02-17,-163.97265673305577,-166.19967372880149,-162.46093241436546
2003-02-18,-139.36550825865845,-137.80748464721262,-154.24063707257898
2003-02-19,-160.20677674842872,-163.61837927997928,-168.43508787923423
2003-02-20,-157.0444753898366,-160.20511021053494,-166.4459699927391
2003-02-21,-158.84753027065705,-161.09749160524626,-161.00160286158444
2003-02-24,-145.5700426836754,-154.2024360799848,-162.20041398297107
2003-02-25,-142.72695221492685,-153.05183295292238,-164.01309889205785
2003-02-26,-155.4657530635345,-156.63708775722796,-162.72441109937654
2003-02-27,-170.29957049925187,-171.5237108808885,-171.59314119982952
2003-02-28,-155.0962532019327,-159.66188249992263,-162.7538388351945
2003-03-03,-147.68267225500543,-153.7887644466633,-161.64159507372275
2003-03-04,-144.62604601704146,-150.11034712843642,-156.9890104930148
2003-03-05,-155.90477181748787,-150.59439562331153,-157.32480506710937
2003-03-06,-174.03537658720472,-176.97238104155358,-176.37059200105207
2003-03-07,-168.2886659600047,-170.9701186375435,-173.24570936233815
2003-03-10,-149.9303630308155,-153.98216824673997,-162.67656743442888
2003-03-11,-169.46672079124892,-170.27373161945548,-171.12681389424148
2003-03-12,-163.13868424893008,-163.84079492714474,-167.6893549738644
2003-03-13,-155.65002258025612,-157.98112891476538,-164.34002071154026
2003-03-14,-164.0734696540514,-164.41345403245657,-172.21657762027945
2003-03-17,-162.37676642362447,-167.93748424154217,-166.6426109054659
2003-03-18,-156.72713262587342,-163.89294494593014,-168.33083401260643
2003-03-19,-141.38310107012495,-144.25547596637682,-153.35798180593414
2003-03-20,-138.95543361634043,-156.38134757122685,-164.73433473899726
2003-03-21,-160.63306277558357,-164.18957402544254,-168.24024456672873
2003-03-24,-171.23117090997553,-173.65426048217952,-176.24327538060243
2003-03-25,-163.15245671939874,-162.6410620145467,-164.8728369955233
2003-03-26,-154.49846574302728,-166.2606178997018,-172.3383338124621
2003-03-27,-157.25643671964738,-156.06172974447338,-166.48375072082672
2003-03-28,-160.40057322757963,-167.40108165769044,-167.23672452614713
2003-03-31,-149.4078568344497,-142.39685308105766,-144.79789361908846
2003-04-01,-169.89577344307565,-168.76383161095328,-171.99504334283262
2003-04-02,-165.43550950570187,-166.0576927137144,-168.0150131673617
2003-04-03,-152.9086523565238,-153.94963380729212,-163.92046542049928
2003-04-04,-164.58968947149185,-165.26042403720334,-166.4933006453307
2003-04-07,-158.20443241876097,-165.4874254981165,-167.70876333624577
2003-04-08,-166.31093541053107,-172.74095411455846,-173.02561879766006
2003-04-09,-168.41112806271406,-170.74560514064976,-167.88927342638695
2003-04-10,-170.8521455418437,-174.69822734872497,-176.67970712319598
2003-04-11,-149.05232765071403,-151.7500623921702,-154.7627409897368
2003-04-14,-161.13766439678736,-168.91962955802197,-173.16332192481747
2003-04-15,-159.30280869100469,-159.42154714922236,-164.71677678159247
2003-04-16,-152.74499189889684,-142.49101919990835,-146.83057539888551
2003-04-17,-129.24606643375535,-128.40873295185668,-150.68987561897234
2003-04-18,-168.8725417735023,-170.23422282629198,-173.8058566480497
2003-04-21,-168.5384858159839,-172.0641087226355,-173.96076846517764
2003-04-22,-161.07702120630756,-164.86720012685623,-169.9403451538396
2003-04-23,-143.73397798255547,-148.13073858928664,-159.0739800803962
2003-04-24,-155.90036559861264,-161.78313727897032,-172.85873569761546
2003-04-25,-136.0437018285296,-149.83324629063043,-153.32483275962568
2003-04-28,-147.86360243218982,-148.68898108723334,-154.54444141470088
2003-04-29,-161.10390889414768,-164.03423638273884,-166.5711644536209
2003-04-30,-141.03993623995845,-143.00547344584783,-164.92150582355575
2003-05-01,-111.87688478645983,-128.5328832101831,-141.13267304800831
2003-05-02,-166.9669218997101,-165.10893629260343,-165.63471826611527
2003-05-05,-166.55167838088238,-166.41150075552673,-168.00945441708697
2003-05-06,-154.06328434946522,-152.5145134547211,-160.5114255948962
2003-05-07,-154.9361404230155,-162.9540448614425,-168.04547679165128
2003-05-08,-158.38762148719462,-163.39643676911595,-163.86961589683298
2003-05-09,-167.58374582622488,-166.91325936606637,-169.69044993644889
2003-05-12,-157.13605194809148,-157.62055982208173,-153.8671317546526
2003-05-13,-149.37246755219533,-155.7394017400585,-163.73749900174153
2003-05-14,-166.31237717815068,-169.5437559943071,-174.37574447827657
2003-05-15,-169.28351347556895,-169.56792056939798,-174.33964856659892
2003-05-16,-169.86390574395386,-172.5292761759894,-174.47316232914915
2003-05-19,-159.95634357797792,-159.88331785789876,-166.8217919289874
2003-05-20,-130.04152802110278,-141.06194218184882,-153.09482670003814
2003-05-21,-167.21989301842143,-166.86084959324273,-170.78417775715832
2003-05-22,-154.5592652546138,-155.29493174071035,-160.4903383103034
2003-05-23,-156.80811823628378,-160.6760876770462,-157.31348778712373
2003-05-26,-162.2731324879741,-158.24759890592327,-160.03732583448368
2003-05-27,-150.28561498431347,-156.97106315350328,-163.3318406728136
2003-05-28,-160.26217549390873,-157.3745860971294,-163.6576599830683
2003-05-29,-160.38318839916275,-163.97260781136984,-163.00495942958477
2003-05-30,-155.2961419004324,-151.82650820731695,-162.92604890290477
2003-06-02,-168.57410069347367,-171.0643551388269,-171.26569524487192
2003-06-03,-154.81669691860017,-158.20253637601635,-160.15416728942793
2003-06-04,-159.40025218092848,-161.89417759361294,-162.42989923808796
2003-06-05,-148.8212336002708,-155.24063725860807,-152.6456050026578
2003-06-06,-144.26515759383255,-151.79346050392692,-161.73786316762613
2003-06-09,-174.27981219865293,-170.22557406007712,-172.5017529186572
2003-06-10,-163.0318346180272,-164.6888037220284,-169.72566470801476
2003-06-11,-154.54442769420777,-155.2985245092558,-159.21761293100687
2003-06-12,-171.07746319640677,-171.8525304506252,-172.49019544175746
2003-06-13,-141.66189902325334,-146.23994848800115,-163.10818018831017
2003-06-16,-158.2177930720498,-160.83577132942668,-165.82440608577804
2003-06-17,-159.42859862608375,-160.8142887765264,-158.94431816918834
2003-06-18,-133.61120850779042,-143.06125032955242,-143.06250900019137
2003-06-19,-143.89542681019742,-145.35223539214618,-152.63672896506918
2003-06-20,-141.75491202959006,-142.5492581499127,-148.1034524403368
2003-06-23,-151.31602594780918,-157.85562623137218,-167.6040790549488
2003-06-24,-159.53032208662145,-162.9850951484119,-164.30928802313855
2003-06-25,-169.77691532942714,-165.47273580406232,-168.22477850451912
2003-06-26,-158.8350171254933,-163.63015900739256,-165.29021468881157
2003-06-27,-159.57778912653032,-162.6952220884818,-160.58271412176947
2003-06-30,-158.5600716490447,-162.70194093656596,-168.41503113661264
2003-07-01,-158.7146333854615,-155.04016874439588,-155.02266034862927
2003-07-02,-170.67349357049443,-172.80681888429808,-171.01164700241833
2003-07-03,-155.89954256737127,-161.6666061332915,-167.41335501224688
2003-07-04,-164.70773715915422,-162.23730481188295,-168.08752014349392
2003-07-07,-159.26366822488387,-159.47557382796163,-164.06243262349994
2003-07-08,-155.84339500746862,-155.7577078024716,-159.81530696491916
2003-07-09,-160.11011991773077,-163.69137875938824,-168.38872591624548
2003-07-10,-160.5235769546157,-159.90760659854016,-162.46613511246932
2003-07-11,-170.15211919021561,-171.52597954752545,-174.55984583554144
2003-07-14,-156.2644608974545,-161.86386341547404,-164.48127009247563
2003-07-15,-160.12762418031542,-160.04115284266697,-155.98971543974912
2003-07-16,-156.4181680603555,-157.9758335237705,-155.28295421890934
2003-07-17,-152.62554082635074,-153.45335182142844,-156.15249102628175
2003-07-18,-143.44660893809157,-138.14148018188502,-151.01044622001658
2003-07-21,-142.02654638566057,-141.92393787738004,-148.48505119461112
2003-07-22,-158.3146143277738,-158.96850513999826,-155.00336411261318
2003-07-23,-155.6233867212568,-160.35657733971718,-161.49857329778
2003-07-24,-151.0798078011991,-153.75143592267352,-148.6935629267757
2003-07-25,-155.80163844881326,-156.49421618694424,-153.59233848639016
2003-07-28,-159.5807531952404,-158.53233842899957,-159.4729983338519
2003-07-29,-152.0350404301388,-150.63106174556296,-160.01549230781907
2003-07-30,-161.91440861307717,-159.87465565037283,-163.25523412561463
2003-07-31,-164.8914246349949,-164.74147914143612,-168.0759583751965
2003-08-01,-154.60957998937616,-152.84500335550842,-159.43419701163958
2003-08-04,-135.57631006069406,-142.73284738337895,-147.5440152735786
2003-08-05,-168.34950327303443,-169.52889052457203,-170.12063507581965
2003-08-06,-149.21664782243806,-150.14021236703792,-160.3850290889821
2003-08-07,-166.63923277027462,-165.35272741543773,-168.87644606450948
2003-08-08,-154.4868779283859,-158.78705261510703,-163.81969083947632
2003-08-11,-153.19072619960184,-151.20628888254416,-157.1741428122774
2003-08-12,-160.2726601673354,-160.19535799053546,-158.4096004880585
2003-08-13,-151.05516495141399,-156.02059665184413,-158.95593783267185
2003-08-14,-146.69141501110226,-155.23345201209585,-156.07310629154998
2003-08-15,-169.39077562852006,-166.83460796362507,-164.6824961865642
2003-08-18,-149.93576198620326,-156.85783038431862,-164.1944243612403
2003-08-19,-146.6407495535206,-149.3320931182496,-151.2313627625508
2003-08-20,-158.9444307802729,-158.3504823176459,-163.68785153636946
2003-08-21,-157.59651431475422,-166.09095849924444,-165.79973007089595
2003-08-22,-144.11959668182556,-146.66500984569015,-152.0096199094397
2003-08-25,-151.79769747543438,-160.72198632360997,-163.70827493961121
2003-08-26,-159.35930081567935,-164.02895042141253,-166.4943995982082
2003-08-27,-162.08292581839567,-165.32418471688658,-169.71062746751426
2003-08-28,-159.3995419350922,-166.12617158546004,-164.5974775198063
2003-08-29,-159.81619830817516,-162.61081421359694,-161.4291445276006
2003-09-01,-147.44787346615692,-148.51700112039,-151.85407712080314
2003-09-02,-157.57066443854472,-161.79449437615793,-160.67254502751442
2003-09-03,-154.7295573979541,-159.29660669729773,-157.99646749051155
2003-09-04,-170.82906626005118,-169.82336292250227,-174.71117161596968
2003-09-05,-157.6774268428183,-157.9194559689459,-157.50650061484194
2003-09-08,-155.27317055739206,-154.2853925776951,-157.45607134009555
2003-09-09,-153.20639437054515,-154.21273585092197,-154.2991824262776
2003-09-10,-156.14319599114825,-160.08468234862252,-162.60138102865756
2003-09-11,-147.336724887116,-150.37524772937738,-153.6301111387625
2003-09-12,-155.0484764790998,-156.58055449830104,-160.2886584238666
2003-09-15,-166.00853010079018,-166.3679540969749,-169.98325584086095
2003-09-16,-171.82462773817855,-172.63538217211374,-171.81656337249723
2003-09-17,-156.62299528674208,-159.08829667662184,-161.5961286090077
2003-09-18,-161.1307372226607,-165.56941190095944,-167.09384791761198
2003-09-19,-158.88890433276725,-149.269776515979,-155.46331318913772
2003-09-22,-163.46183166027413,-166.6444020421774,-162.99219119992688
2003-09-23,-158.0663637216714,-155.72473869068,-163.82376544499817
2003-09-24,-154.8968838658532,-156.63743018095687,-166.41274711322154
2003-09-25,-162.58254305566834,-167.7096718260021,-170.05627898425973
2003-09-26,-171.8619981915533,-178.5918894782417,-177.44404041037205
2003-09-29,-144.10548994475454,-138.13202621845556,-151.96682931837668
2003-09-30,-156.1352111391919,-163.87173926276964,-163.2682097358425
2003-10-01,-167.1855858407503,-167.22041215877164,-172.04521181912162
2003-10-02,-173.22766145456768,-171.91307188392403,-174.47376533915408
2003-10-03,-146.4443678199653,-141.54730597639565,-156.2688447591918
2003-10-06,-165.5727553824888,-164.97845375498144,-165.48826372390394
2003-10-07,-162.1140285108731,-162.16585930325627,-168.31161657463275
2003-10-08,-159.752693023776,-161.4783076671063,-166.077547952233
2003-10-09,-166.17059860975007,-168.85726679296522,-167.8768074654854
2003-10-10,-165.19370345760723,-165.94499395736847,-167.1256619416486
2003-10-13,-161.5908730113105,-160.98890636961457,-171.30299735788444
2003-10-14,-162.38565079644633,-168.01150753409834,-170.65384829992163
2003-10-15,-166.57415280770726,-170.6863291916027,-175.09741693851225
2003-10-16,-164.15040326826124,-168.46540769138215,-167.3541710253512
2003-10-17,-156.19767907652283,-157.78157876245666,-162.83350174614768
2003-10-20,-153.11815606650387,-157.35720075886564,-168.32602820362152
2003-10-21,-157.4995705392056,-160.03384721420176,-164.12315882555689
2003-10-22,-161.31774933752942,-160.27883703135416,-166.81684213077833
2003-10-23,-161.63177634901973,-167.2279650783557,-168.35416294759386
2003-10-24,-161.91906720707493,-157.42902724387625,-162.09648573712593
2003-10-27,-139.39729923609076,-142.53374552297754,-149.90323995476183
2003-10-28,-141.15561587734325,-145.95159084847157,-156.64330742077547
2003-10-29,-157.36366409261814,-164.3014466568708,-168.4930176452225
2003-10-30,-153.93965453639905,-156.61376908723622,-160.72639574590025
2003-10-31,-165.82910929209487,-173.192887191946,-173.8848081873308
2003-11-03,-164.5821677769398,-164.5563682130387,-170.67422900082303
2003-11-04,-146.972631447797,-146.82331486583183,-158.23313831006635
2003-11-05,-153.79854874436333,-156.43928729906108,-163.22543742510285
2003-11-06,-169.16011559728003,-173.3436604553941,-175.48832611661558
2003-11-07,-162.82073685869386,-164.02988537284327,-169.6933975466842
2003-11-10,-161.71554048167945,-159.02115428354017,-169.3499164299506
2003-11-11,-163.66329454986527,-163.0373553434323,-169.46162239679137
2003-11-12,-137.83256882033362,-151.87292698526306,-161.83419034419376
2003-11-13,-151.58698005857036,-155.8474258496273,-165.0097888486081
2003-11-14,-156.50297875310167,-154.34464008354956,-159.26663923967087
2003-11-17,-157.0621455693693,-153.01066036992333,-153.07876343014524
2003-11-18,-169.14484546450345,-168.923240369608,-169.571375999373
2003-11-19,-171.5654862785358,-172.4388253492185,-174.8898467628846
2003-11-20,-165.93364854638918,-169.13205381618974,-168.97987176900338
2003-11-21,-165.90509523212958,-164.99738222151984,-158.78384940407287
2003-11-24,-152.19010012338677,-153.69321386272867,-158.06015241254482
2003-11-25,-162.74250995196232,-169.64544815927704,-171.55261898346566
2003-11-26,-156.08365407202828,-153.81568785950455,-161.96849910180876
2003-11-27,-171.04455937147347,-172.54268463486207,-174.19225427250026
2003-11-28,-150.3870148187594,-153.5110803817848,-164.08232222416532
2003-12-01,-165.73897975684397,-168.97617523821327,-171.69969124496188
2003-12-02,-155.71694646024292,-155.58899360085564,-162.45248882773134
2003-12-03,-159.80282107237383,-157.83366507351985,-164.77972327429814
2003-12-04,-167.85993504567693,-169.22324763709443,-172.5012894940565
2003-12-05,-155.40813470731592,-161.04301802936723,-160.178382920574
2003-12-08,-147.03786126750472,-151.7066451157439,-156.58905316928264
2003-12-09,-156.38056053218327,-157.92631161698,-161.7678690730493
2003-12-10,-152.42178734372285,-151.5720152163157,-162.76976290356308
2003-12-11,-164.6667377042107,-167.89250468820867,-167.96362035649875
2003-12-12,-156.90705509045156,-153.96762662479114,-158.6530331368737
2003-12-15,-148.05141712728246,-148.9597948928942,-158.8271272218601
2003-12-16,-144.2339883683996,-149.3554931258058,-160.16245667282513
2003-12-17,-159.1333527354911,-161.7463931152427,-161.4916155411436
2003-12-18,-149.2129620815474,-146.56524426833926,-150.40533316834626
2003-12-19,-157.52555185867038,-159.79452540593394,-163.94815568831825
2003-12-22,-154.2259873688052,-166.87171141279993,-166.2750576285228
2003-12-23,-151.561132469035,-156.13687974883968,-158.80167401979423
2003-12-24,-167.8665690371958,-170.9732767318556,-174.5652528458896
2003-12-25,-168.26302970045964,-172.42040830532585,-170.6201695638794
2003-12-26,-162.02862825461182,-162.09179482852454,-165.21730819716873
2003-12-29,-160.95211181365127,-161.49673407065512,-165.79820687418177
2003-12-30,-161.97995850665143,-162.1690007573263,-163.88624499026824
2003-12-31,-145.60063770453678,-149.1088197652364,-154.1484446263676
2004-01-01,-142.74213383039285,-150.10833225921365,-154.35271465747186
2004-01-02,-161.182931619066,-161.93412217895974,-165.2461030831864
2004-01-05,-170.44253919795435,-170.6132237700807,-172.33057722791935
2004-01-06,-168.29251166108997,-170.64230514767507,-169.514573460556
2004-01-07,-155.78123559633073,-166.1607515497635,-162.61599630990736
2004-01-08,-160.38646282565122,-155.62324169124545,-157.36514775785525
2004-01-09,-141.53318282847397,-140.70389621198123,-150.9930645853573
2004-01-12,-141.7183438308731,-151.10234405386484,-154.80247273794097
2004-01-13,-164.05819401462838,-163.03991617765342,-167.9368659488184
2004-01-14,-137.18258968698265,-144.02327899370516,-152.2101530242814
2004-01-15,-158.44527452269293,-162.13400590000268,-168.12743827116853
2004-01-16,-130.5897262780731,-136.31271372996432,-149.02407493475724
2004-01-19,-167.11591226286495,-166.1458495602841,-171.20121534127435
2004-01-20,-157.13430504929613,-158.03302460513504,-163.8990767874746
2004-01-21,-139.4662845559159,-147.51722967743876,-162.40422760924403
2004-01-22,-168.59484953884467,-171.2758832479541,-168.63093844067845
2004-01-23,-152.482245553113,-159.14731351351037,-166.22539793084255
2004-01-26,-151.74589677519805,-159.09491554482244,-157.4186261398913
2004-01-27,-167.72009580094925,-168.78977409897635,-170.49044648599104
2004-01-28,-160.08403786074612,-166.73805475862824,-167.89176544636624
2004-01-29,-169.7771918361366,-170.03646518100354,-174.42919389483757
2004-01-30,-151.47612415399288,-158.74936234485028,-163.55136502633042
2004-02-02,-163.7639804675382,-164.5710726826727,-167.26038253683168
2004-02-03,-162.44522350503246,-167.47065234162397,-170.47862785935192
2004-02-04,-154.20131333602427,-164.0223809262244,-170.0540618855625
2004-02-05,-161.51254123922806,-165.192413621123,-169.66736015408392
2004-02-06,-163.58128302993936,-166.06409169569136,-165.62336351323597
2004-02-09,-166.81185784549803,-165.29129542701978,-166.0096460796475
2004-02-10,-119.86051170428635,-142.0673880521613,-152.03436865891194
2004-02-11,-156.14797161720787,-160.59196042965254,-163.7841217768934
2004-02-12,-163.37950021942297,-167.08207513036922,-166.45083304122423
2004-02-13,-158.89496807524208,-156.79677777947455,-162.75062809224931
2004-02-16,-131.57303830663736,-137.2834075223224,-144.48030624912045
2004-02-17,-159.73783930047,-157.077915609049,-158.58446788198498
2004-02-18,-135.96275356730212,-149.0909201973838,-160.29092116439818
2004-02-19,-150.19333599638355,-157.77812235000113,-163.50940188124622
2004-02-20,-96.07867932011666,-119.06132673789028,-123.38585911086551
2004-02-23,-161.95874304279295,-158.31819570448886,-157.87874025548675
2004-02-24,-156.41163241527417,-150.7622924014459,-154.5332301710493
2004-02-25,-129.6220012230305,-147.47701770202573,-150.93426140598564
2004-02-26,-115.56707492339656,-140.5495746683572,-152.35376000891716
2004-02-27,-42.73976409667415,-118.38150437766953,-134.42439074273713
2004-03-01,-143.76003735746846,-144.11397010761777,-150.84728470454738
2004-03-02,-149.81188860933102,-143.37471005753127,-150.14979643190316
2004-03-03,-127.42386898867176,-150.83155549257413,-155.44363746787724
2004-03-04,-134.73852834179021,-138.74704315190317,-145.00319133799943
2004-03-05,-138.24387035359985,-147.92826352209005,-157.17387109500186
2004-03-08,-132.4397726614007,-147.88594024723452,-143.77654655712465
2004-03-09,-149.9078814870662,-157.25465963134022,-159.25555240773983
2004-03-10,-102.43395031219477,-122.35375423830996,-135.8828974418158
2004-03-11,-99.31023493634791,-134.94097304161093,-144.1610599043584
2004-03-12,-164.62390191482845,-158.1117866759954,-162.12451776287628
2004-03-15,-125.33084430770313,-145.12631273066665,-145.3405752815251
2004-03-16,-148.56725876913546,-155.92430296717936,-158.64894876845116
2004-03-17,-143.00402970630998,-144.86701574894997,-148.11715591723836
2004-03-18,-133.16658857248066,-143.61335605825312,-155.23136813260177
2004-03-19,-139.60515441036677,-154.7269631569244,-157.40635849900437
2004-03-22,-142.44208805951547,-150.08401190357978,-157.98028924069385
2004-03-23,-149.66302263552615,-157.98319343414698,-163.50294125217738
2004-03-24,-88.95746619154534,-131.5184461746804,-149.01631648173023
2004-03-25,-105.3269478090923,-131.600157532165,-143.969950413003
2004-03-26,-68.34461884044687,-139.57045149632842,-151.05875885914742
2004-03-29,-137.6725304567214,-151.21486981500146,-153.9403387472872
2004-03-30,-131.8873820614184,-146.84321988202916,-144.37840677186077
2004-03-31,-131.0303137112124,-150.2496305191243,-158.66845405077487
2004-04-01,-168.79146385152356,-159.64874421417196,-165.23792784419484
2004-04-02,-136.53209119096348,-144.0792545902553,-143.32433269658483
2004-04-05,-134.43354279442403,-141.66841768004824,-152.9838479273614
2004-04-06,-115.79717919603232,-131.4611220134901,-140.0273964016316
2004-04-07,-152.41516165136244,-155.11771319361569,-156.34641303691606
2004-04-08,-159.5178765450624,-158.17947709194584,-160.7551957514011
2004-04-09,-145.43672261056653,-155.6328298435353,-163.98081407821218
2004-04-12,-131.13134954826995,-148.58450994303465,-155.93099595169687
2004-04-13,-155.08491857474138,-154.5606369261729,-160.32110826836768
2004-04-14,-136.03297478242396,-141.85229677067508,-154.6097061891456
2004-04-15,-121.93197848341546,-139.3751790712936,-148.1713969981448
2004-04-16,-154.09762839784946,-152.74750530501365,-158.6327879425225
2004-04-19,-128.72252909601366,-143.84647452559116,-144.9874662771727
2004-04-20,-82.2835795222355,-132.18023310885403,-142.6557247812112
2004-04-21,-158.79482208195927,-155.19575150676636,-165.30364498780227
2004-04-22,-137.37905194656713,-153.2784490215621,-152.83553995366617
2004-04-23,-142.62204651716155,-140.5853114716454,-141.9588638716371
2004-04-26,-155.44226011308376,-154.78605060860983,-157.0666670088643
2004-04-27,-121.08405762647183,-131.77081605399178,-146.25663993686473
2004-04-28,-152.1068075411268,-149.99431583018193,-155.02971197922432
2004-04-29,-140.6915313651836,-138.32360698675274,-143.61959457800967
2004-04-30,-145.28284780379778,-148.53332196336257,-150.22151195928032
2004-05-03,-153.26032798181626,-154.8034871398675,-157.81659196547568
2004-05-04,-135.88170424157715,-142.96255489324346,-138.1614113422494
2004-05-05,-164.76118416947781,-160.13655863942597,-164.0863322866941
2004-05-06,-150.57168449939172,-154.10601724261687,-156.28301376500787
2004-05-07,-135.24038959372473,-144.70862668300234,-150.29863941511877
2004-05-10,-115.74674478435006,-132.57675801080867,-142.88763629014025
2004-05-11,-149.82142262055447,-153.57500764255062,-154.42539910042635
2004-05-12,-132.0659164574517,-142.06944020302222,-142.4402382300308
2004-05-13,-160.33642879419043,-160.79888981746134,-164.5483509332471
2004-05-14,-121.72166467733823,-126.00635935037066,-137.6753133152577
2004-05-17,-153.43127292487827,-157.08349950838357,-158.70161844191134
2004-05-18,-151.5740218041792,-155.38495747507204,-158.09480394712773
2004-05-19,-165.89790469155704,-162.95970405723654,-165.49970540667974
2004-05-20,-153.27458113299295,-150.30927032162947,-151.58025080672064
2004-05-21,-148.4467667676125,-155.6309339272774,-156.6394245509098
2004-05-24,-161.5201473591589,-158.05872029174907,-161.43223196910742
2004-05-25,-148.7291978012493,-156.08778676792528,-157.85209622109352
2004-05-26,-132.26737370579102,-152.30332810214543,-159.09211145611405
2004-05-27,-155.20037096268697,-155.267780419762,-157.96853049796601
2004-05-28,-150.60133974311893,-145.49339553349213,-143.21160878969474
2004-05-31,-146.12328182746404,-152.9181015397442,-159.195962282621
2004-06-01,-145.6788455170992,-151.8907715647532,-150.47257555498095
2004-06-02,-144.0370655560399,-155.68947102242583,-155.2473812952243
2004-06-03,-131.25003919385884,-140.1057899742882,-145.39118573411227
2004-06-04,-157.76308405654243,-156.79547728054231,-160.35133211189333
2004-06-07,-149.43455469516985,-156.98659581831384,-155.55772401900614
2004-06-08,-138.88468493420848,-153.67149653583195,-155.6037262752774
2004-06-09,-149.07527055727445,-143.96600494648658,-145.0801472057683
2004-06-10,-145.35681064296529,-146.89058340548527,-151.906920857089
2004-06-11,-157.75293463101764,-161.66844414038488,-162.28772627742163
2004-06-14,-146.6310186705352,-154.8272309951911,-157.9353945100926
2004-06-15,-150.03601070196342,-152.34699098622164,-153.12242215547874
2004-06-16,-161.84620692622758,-159.22618913556383,-161.0547948732021
2004-06-17,-155.44524396365938,-154.11786907719528,-159.0922199129233
2004-06-18,-144.60268414606077,-140.61848544261045,-152.64727480684675
2004-06-21,-154.31626354422707,-154.7932254015608,-161.08638901560641
2004-06-22,-169.99471405129424,-167.76677758735997,-168.1115887167932
2004-06-23,-160.32379381186388,-156.7271077476832,-165.74245843325116
2004-06-24,-144.71593739356717,-141.6054281501566,-155.16881421840037
2004-06-25,-159.66317909679904,-159.44239781827648,-162.17726322641204
2004-06-28,-152.35362547627545,-151.7892339569804,-157.19604755640535
2004-06-29,-140.1546961995915,-148.59566340858973,-155.3454400588088
2004-06-30,-157.276455998428,-160.62663449935397,-164.18905248649935
2004-07-01,-149.63542609124946,-148.497972166933,-150.4229879514867
2004-07-02,-140.35328086981508,-138.3807494413398,-148.68923211369497
2004-07-05,-149.58546881623585,-152.6749785665451,-165.49455493049157
2004-07-06,-154.42217484388632,-152.4768776735117,-151.98986083077543
2004-07-07,-155.2855979839629,-151.75316526244316,-161.27557262683038
2004-07-08,-159.88227929704493,-165.2017973906241,-165.67163391576972
2004-07-09,-163.96904161684887,-157.99862691205468,-161.2349605140258
2004-07-12,-151.70054373222715,-157.08625349126388,-162.5543602544402
2004-07-13,-154.7942501071562,-158.59376055499962,-163.42240563635085
2004-07-14,-163.45686335689743,-166.06557735532795,-165.1518093187286
2004-07-15,-169.0535319798479,-168.22383030097382,-169.19566747683902
2004-07-16,-161.5617411572367,-157.27552041498814,-161.7792117905689
2004-07-19,-163.12392322990402,-164.14446147805532,-168.44538541301958
2004-07-20,-154.22011858294286,-155.47904682481825,-160.96501984926587
2004-07-21,-152.96065896419793,-151.78448783112322,-155.14162711177963
2004-07-22,-163.4409520773523,-164.34040501898656,-167.13408836434934
2004-07-23,-155.0484061024996,-157.04914078848427,-158.8391417951027
2004-07-26,-150.95549218020486,-154.64931449564108,-158.90120453758996
2004-07-27,-154.03310539313108,-158.98194572940298,-160.36486759310637
2004-07-28,-158.59996769046006,-160.39314904503604,-160.33345974716968
2004-07-29,-159.6048066023618,-153.8593534304246,-158.78595553793343
2004-07-30,-136.35246836364325,-135.8217735060901,-150.722282309078
2004-08-02,-158.63606319854063,-160.25990849377186,-160.75443553310956
2004-08-03,-159.06104338854558,-161.16745766503956,-159.0232240823804
2004-08-04,-146.7640356663547,-153.24937613130788,-158.83977773483926
2004-08-05,-116.885975107099,-126.63075236842465,-141.93293835684074
2004-08-06,-166.22819687823463,-167.1759662123671,-166.9651035979655
2004-08-09,-129.59258621502124,-140.81773799215543,-147.77153433345876
2004-08-10,-143.15895717393408,-156.3930166765971,-163.08577670114298
2004-08-11,-151.0226622886496,-157.6735503403697,-160.59369326132145
2004-08-12,-154.2907532165357,-156.68038516720236,-159.45134933741727
2004-08-13,-169.12098802251703,-166.89604204383053,-167.918666563396
2004-08-16,-154.61536098794653,-151.66437250843347,-154.3828208010895
2004-08-17,-156.16820881571846,-156.3177594417499,-160.6142501006251
2004-08-18,-146.49637645829748,-149.39023530350173,-154.2646872739931
2004-08-19,-158.6273860916503,-158.96675416877002,-159.92906139217632
2004-08-20,-153.75328925148492,-156.45257039900966,-161.58095093958588
2004-08-23,-147.04038098227414,-156.63797631111962,-162.7005383745347
2004-08-24,-158.48545940257853,-164.7207731423389,-163.50768304064115
2004-08-25,-150.32911918107806,-154.49413081039364,-157.92815515189199
2004-08-26,-164.75657303664286,-167.23781908583425,-167.77874799811428
2004-08-27,-165.42641887814005,-167.0058704102481,-166.80824355614226
2004-08-30,-168.71426925809473,-172.54392822227794,-174.4784164131013
2004-08-31,-168.88254795653646,-168.98837979044828,-172.3892628464128
2004-09-01,-154.27671197041784,-159.1778793536249,-156.2989287775208
2004-09-02,-141.864594997511,-155.16183767934973,-154.9086778729262
2004-09-03,-149.66311585347393,-155.03836437989602,-156.109272213851
2004-09-06,-141.5463140970852,-146.18928831159963,-158.34223887858383
2004-09-07,-166.80266799606616,-168.10859743053987,-169.2662350015573
2004-09-08,-164.8801129361481,-164.13675757615835,-168.1395744444989
2004-09-09,-143.58763310783237,-151.91649808273,-159.35721067900366
2004-09-10,-166.76535686888994,-169.42419205487897,-168.2898713571061
2004-09-13,-159.75189646960285,-158.81205060342495,-166.62563353471683
2004-09-14,-158.9905043037382,-162.02106708182194,-166.0506410245095
2004-09-15,-164.22971431048066,-168.50185726938167,-170.1096878523084
2004-09-16,-158.4055723497858,-163.81326676987038,-166.7098978910761
2004-09-17,-154.69804650883978,-158.09351962242357,-167.04904538418742
2004-09-20,-146.69322215964274,-153.72960144631617,-160.43969086302982
2004-09-21,-165.9821263294897,-168.86483219920564,-172.89675847101233
2004-09-22,-165.4250237298586,-168.3915833067948,-170.5165904703698
2004-09-23,-159.18211433312766,-167.04386850832793,-168.55350376177074
2004-09-24,-165.21790650904023,-169.25549713576186,-170.2436198966556
2004-09-27,-163.78071366592434,-166.42381054199694,-166.49245818768281
2004-09-28,-156.48642568877312,-151.62855868063642,-162.2126936864648
2004-09-29,-155.90758273593278,-161.04703720567346,-167.89374904026616
2004-09-30,-164.6008045125962,-164.6322129646443,-165.54942239836606
2004-10-01,-160.3673182170439,-165.86706797888428,-168.0965755702107
2004-10-04,-149.0016482052415,-153.28618231090837,-162.63579764756952
2004-10-05,-149.93906166687253,-153.08948024025415,-161.87539498151926
2004-10-06,-156.74347119784366,-164.9314351504965,-171.5547657547459
2004-10-07,-161.35697005224364,-164.8494368678804,-171.24973599226615
2004-10-08,-152.13857132034613,-148.30960268959987,-152.00871726024445
2004-10-11,-158.95587186196025,-162.48147821749063,-166.48327735760012
2004-10-12,-165.97364690372055,-168.30095448363494,-168.54198330198753
2004-10-13,-146.40833132404987,-155.59172142455628,-163.08345761219726
2004-10-14,-159.63948044073544,-163.0786556486471,-167.67763073293986
2004-10-15,-158.9102515886938,-163.4483466405909,-165.48537291175026
2004-10-18,-162.34188559772565,-164.974261322258,-163.77997225598784
2004-10-19,-155.834180166307,-156.06220028089564,-154.38794114842403
2004-10-20,-167.51928748862468,-168.70070236032743,-170.92305204079665
2004-10-21,-164.80986322903004,-169.1722833095002,-169.91778065653085
2004-10-22,-156.354366878092,-154.19634041017574,-149.67479376746576
2004-10-25,-163.761633444931,-168.68542079564867,-173.1935688429392
2004-10-26,-161.62251961655346,-162.545536428311,-167.1412683979583
2004-10-27,-160.28269923464677,-160.40752229005312,-165.62057165270457
2004-10-28,-169.68916513358118,-169.09499813891668,-173.0365011638375
2004-10-29,-148.6858967365652,-147.5629437245178,-157.29977448378003
2004-11-01,-153.7378487654297,-153.91236121677377,-168.65719802567173
2004-11-02,-159.5079444200053,-162.7702677754213,-171.01256374043655
2004-11-03,-151.75952210035837,-152.21552538247096,-161.47146606534304
2004-11-04,-164.308816058582,-168.1694200374983,-166.22649585137756
2004-11-05,-125.34009119848753,-123.975939241855,-132.80483714285947
2004-11-08,-167.60644869657375,-172.21139309132943,-174.48244314435834
2004-11-09,-159.80653557368555,-164.90543948129533,-162.76775209252565
2004-11-10,-169.84733466506643,-171.7507273156359,-171.54600242627455
2004-11-11,-153.61770487438895,-155.3752174387172,-162.29966905224217
2004-11-12,-137.45939023865313,-141.94425489568243,-141.2228314634226
2004-11-15,-156.72551646784112,-162.96544765968312,-168.08330012130386
2004-11-16,-158.5641429623037,-160.16484408897003,-163.44416599616974
2004-11-17,-149.931648516324,-154.12184991179635,-154.65395449978556
2004-11-18,-154.24340259241032,-159.54545471625593,-163.26503583939277
2004-11-19,-148.11088679727862,-142.93012337494008,-148.9239745858258
2004-11-22,-154.41243819587802,-157.08746446393644,-160.10913226529425
2004-11-23,-153.20588915176046,-151.73358754757754,-149.30102223828942
2004-11-24,-129.60562383462707,-132.07533429525085,-151.67012730998457
2004-11-25,-160.68984509453432,-159.66402005181823,-165.21295986707474
2004-11-26,-145.53984031937551,-145.91415297616152,-157.16870653074142
2004-11-29,-155.50668186966132,-158.37920111128025,-163.31162782450673
2004-11-30,-151.5002690275916,-151.3058071139474,-161.13053735185397
2004-12-01,-146.6935712553967,-156.26801159928445,-152.62255894670068
2004-12-02,-152.45441814233504,-159.73599429724297,-160.68018568910696
2004-12-03,-134.04045570119527,-143.21267409728856,-159.21846524056699
2004-12-06,-155.311546843608,-152.1619214455306,-152.74733841832816
2004-12-07,-161.96357540200833,-159.55703843490278,-163.1423719547269
2004-12-08,-152.334653164326,-150.427422812665,-156.01049980286243
2004-12-09,-146.24895752767645,-153.51686452579224,-158.23160689506045
2004-12-10,-143.81308276341818,-146.7467957688351,-154.1198406717998
2004-12-13,-139.73340434890696,-140.17363564073213,-153.8305189054087
2004-12-14,-162.92557965357818,-163.0007015590095,-162.5804369564247
2004-12-15,-167.37866586000078,-167.29158791761395,-167.54766752725666
2004-12-16,-140.9427650280016,-143.97933572156063,-155.4269754836389
2004-12-17,-164.65347326766528,-166.0887841961675,-168.93141935186534
2004-12-20,-145.77729166078598,-153.6373247801527,-158.6310496257037
2004-12-21,-161.34903860197045,-163.57107971626084,-164.7499734524043
2004-12-22,-153.82332021539128,-157.05287886289062,-154.3854245236689
2004-12-23,-149.37895739963983,-156.7669936292287,-154.32361470179063
2004-12-24,-161.60872522459698,-165.8990590477485,-166.5496170771128
2004-12-27,-157.842688551648,-158.7655352329162,-161.96019704706066
2004-12-28,-148.81673238830734,-153.82937018744224,-160.49937505618237
2004-12-29,-154.61781302754525,-164.99752681465174,-166.0149711290127
2004-12-30,-161.36794423957105,-161.49286984249758,-167.53856642123912
2004-12-31,-158.77832060846058,-159.01966308723644,-161.96026365027032
2005-01-03,-126.5598503805194,-141.0595818150482,-143.98051592095183
2005-01-04,-162.0482810166431,-162.61808259931763,-164.24805982993848
2005-01-05,-154.38781907168072,-156.20456843151223,-160.86778105614417
2005-01-06,-124.95651815007173,-133.21518035495404,-136.36027741178552
2005-01-07,-147.30936600784526,-147.62445783009952,-156.46176051475587
2005-01-10,-156.86545696543692,-157.47060477257315,-159.15851932865905
2005-01-11,-139.3677877966525,-147.53735042727766,-156.72214387225242
2005-01-12,-143.23367332278787,-159.04673119189647,-161.717857186533
2005-01-13,-152.2672354424866,-151.01575674970147,-152.15694987906755
2005-01-14,-153.18136171997014,-162.65739129386043,-165.95950600779278
2005-01-17,-145.38654134986825,-149.09490820707424,-153.1386083658053
2005-01-18,-163.60867151240427,-163.27270596965374,-165.77483507239324
2005-01-19,-156.4929907023172,-157.71245501078693,-161.1691292367916
2005-01-20,-157.03077686934535,-166.36184491077734,-167.57147671720742
2005-01-21,-152.3155894197962,-153.64909151010656,-157.61822960333936
2005-01-24,-153.07127818540016,-158.6801205261852,-156.83611667201015
2005-01-25,-153.51369121372926,-156.93921943188082,-166.5375529371016
2005-01-26,-160.67816941783994,-163.0183155153563,-166.5639496643502
2005-01-27,-161.13871752765002,-159.4368811044425,-160.29253148761023
2005-01-28,-163.57268464096916,-165.10266620764284,-171.22344820402455
2005-01-31,-158.05706145720367,-166.07898839524,-168.2914403688605
2005-02-01,-153.84980574946186,-157.52510950913265,-162.2754736085828
2005-02-02,-157.37489721097424,-164.76947688121845,-160.81744415115836
2005-02-03,-153.50311911285058,-152.5019320443594,-156.44941755919206
2005-02-04,-148.85674989235278,-156.21564212360553,-158.87247786995016
2005-02-07,-140.28807388388495,-141.07246356666238,-148.2822205710107
2005-02-08,-145.47086154236558,-149.16232848603798,-150.03754750985172
2005-02-09,-164.2954850982842,-157.40770245965734,-156.799588231658
2005-02-10,-159.74566687700502,-167.3291050416525,-169.67871571334422
2005-02-11,-141.42149626461588,-155.57745047329502,-160.0601860183323
2005-02-14,-159.9543630726597,-163.85805664084083,-168.11955053254016
2005-02-15,-154.37312114132195,-162.93270849308874,-166.84109089795737
2005-02-16,-151.101029360821,-155.12497140217187,-160.56511464931268
2005-02-17,-165.01859302701286,-166.1764866924367,-168.11620631982427
2005-02-18,-144.6977999436603,-151.90833451952625,-159.17917701810285
2005-02-21,-172.56680216571854,-173.9710448895304,-173.13872347915895
2005-02-22,-163.11380381980607,-168.29235568171515,-171.53722399069082
2005-02-23,-131.806838650609,-140.8269810886863,-148.04846511435755
2005-02-24,-168.03072357438285,-171.63502416556113,-172.76034707329347
2005-02-25,-157.420204440454,-163.73847194843472,-170.88512217628104
2005-02-28,-138.09699769297438,-151.75837728887032,-153.12964891706935
2005-03-01,-164.88930278017668,-167.30067734865546,-167.81367770203707
2005-03-02,-156.98892362837842,-152.23671880687894,-161.4433030295734
2005-03-03,-173.99926081358421,-177.48098764979383,-177.89774833895953
2005-03-04,-163.07226545762708,-167.15501089959767,-169.63176569043978
2005-03-07,-160.82192381028722,-165.3859913895497,-168.266867905667
2005-03-08,-140.31964825249807,-149.146355066132,-160.46436763529113
2005-03-09,-153.5747044055099,-141.42473901583404,-146.08040774916358
2005-03-10,-153.45602971629205,-154.12424493186802,-156.8383228867113
2005-03-11,-162.45799225088302,-164.62203690762829,-161.43211189202094
2005-03-14,-156.76175197133264,-161.16657899948828,-160.76404440699397
2005-03-15,-156.18547123006502,-163.72238097074734,-164.76258791384618
2005-03-16,-148.7242273678351,-149.6775024292262,-156.28060279422937
2005-03-17,-158.32958232770838,-159.99489246089644,-165.3778662885471
2005-03-18,-157.56860232904504,-165.02072511800375,-163.22345449490535
2005-03-21,-162.00538053468432,-167.3997715468764,-161.1162145660758
2005-03-22,-158.59584591062216,-160.57888266218148,-163.53983643336994
2005-03-23,-167.6951861577279,-172.70601875905797,-173.4173263550234
2005-03-24,-157.41169865140486,-158.1931591862445,-161.73118375711837
2005-03-25,-143.80873512940397,-144.4285697507138,-147.43868023813343
2005-03-28,-155.5554832965876,-153.4574202098811,-162.00204536642462
2005-03-29,-142.50257464214883,-141.88585695749413,-151.5731054390766
2005-03-30,-167.78059307510978,-168.12495952549878,-170.13169127550483
2005-03-31,-159.21017653461536,-159.3702051322095,-165.2055786374539
2005-04-01,-167.86612613266615,-171.44415894132612,-170.23736474508553
2005-04-04,-156.39407874868957,-154.1130559900106,-163.57194686773008
2005-04-05,-163.00190290887147,-169.76196643491704,-170.67473224544224
2005-04-06,-160.21471894723595,-162.00530678000214,-164.82915042570477
2005-04-07,-158.7947614482728,-155.67847455390276,-165.40616342044234
2005-04-08,-158.88295943397426,-154.14097962776646,-160.7508023856024
2005-04-11,-165.41679937034385,-164.94215491817823,-165.5445803432199
2005-04-12,-161.56705742501848,-159.98085191138108,-159.80902391164415
2005-04-13,-151.77705063032184,-148.7637000360513,-155.84445454164907
2005-04-14,-168.67512397658652,-170.55198637041934,-170.38252083606667
2005-04-15,-158.11501116650146,-160.55734863310468,-168.14133003318307
2005-04-18,-155.17991547933894,-161.55432845988548,-167.31918810873748
2005-04-19,-157.4345663943591,-160.51267133914757,-162.90588591931828
2005-04-20,-165.01654586674817,-170.33193851728896,-172.01635375921438
2005-04-21,-150.32214861986657,-150.90391292364998,-162.93464419271714
2005-04-22,-166.6032901789447,-170.02439780296046,-172.4141208108181
2005-04-25,-159.37184361755695,-167.63939484426834,-164.59235660282408
2005-04-26,-159.42458937945094,-162.17936522469728,-163.338847642907
2005-04-27,-163.3359849485844,-162.97798457509452,-164.51811494849255
2005-04-28,-158.90395853521184,-168.18145217714957,-168.59894022958153
2005-04-29,-152.79376684579037,-164.94654007169086,-169.53695512656577
2005-05-02,-155.1107086801011,-155.7997308408934,-161.70754071675776
2005-05-03,-162.18215623332318,-167.32803961607124,-171.0171679956251
2005-05-04,-161.7856361370225,-169.21562822642105,-171.246664326566
2005-05-05,-167.60662833794962,-171.9627217011452,-170.7823621340043
2005-05-06,-155.5175317640872,-173.68927034864873,-172.21643375018775
2005-05-09,-154.23303932666974,-158.63017071068666,-164.9300915596619
2005-05-10,-166.8760882473529,-170.24308295216613,-171.05271653278788
2005-05-11,-156.87313662809797,-152.80223431112145,-159.97883442691793
2005-05-12,-167.00589701639987,-169.33550148700317,-166.85297489937898
2005-05-13,-160.25662332589818,-156.376108404976,-163.15556077615128
2005-05-16,-170.3722520304159,-169.83171377804806,-174.99145386791264
2005-05-17,-162.32791435399983,-157.12052444466815,-168.20788947078248
2005-05-18,-160.19099732645975,-164.98162616390445,-165.49983926851752
2005-05-19,-162.5918600236405,-165.0554563031081,-168.1536988542997
2005-05-20,-158.2439513317417,-146.30957760117897,-154.2858879100798
2005-05-23,-154.82557003200057,-160.1664641574598,-166.46232206685988
2005-05-24,-163.49648504622945,-162.665973123814,-168.73151872910887
2005-05-25,-157.0981267028458,-141.19573052593145,-156.5558234283368
2005-05-26,-154.44523099559038,-156.28001830918996,-158.2828151118235
2005-05-27,-168.35792440410063,-171.7376514144237,-175.90170373301842
2005-05-30,-158.82265414970232,-154.52759135524752,-164.8361444581087
2005-05-31,-159.3188726380963,-165.53360281883224,-164.50152427406906
2005-06-01,-158.12198415054633,-161.37910257779305,-167.53611347294628
2005-06-02,-139.732975874595,-135.2196431896038,-147.90606134717495
2005-06-03,-167.43156818492443,-172.43022950211702,-172.97381786099027
2005-06-06,-167.35449334482044,-171.58748879080878,-177.55305784743314
2005-06-07,-165.1938994581508,-160.86158061761898,-166.7977266956929
2005-06-08,-159.9997900039426,-166.2390031925313,-166.88727391808447
2005-06-09,-163.14850703686855,-167.05338615701595,-171.28591292664294
2005-06-10,-142.68734547315998,-145.1257159614812,-156.16877098140287
2005-06-13,-169.12784694135357,-170.62543655241302,-174.40395901010706
2005-06-14,-168.85561493125635,-172.7678433560499,-175.15267577713604
2005-06-15,-162.1459744153373,-167.68309819012927,-170.2835840505506
2005-06-16,-150.0611388485691,-153.71081230087734,-158.39813756197242
2005-06-17,-166.9951206643963,-173.1447829667875,-176.65979389122077
2005-06-20,-143.3563906362926,-151.51132915360253,-152.32538454665425
2005-06-21,-156.58228703039362,-158.01940989538065,-167.1329703210325
2005-06-22,-171.91557078272547,-172.35596651234863,-174.06632663102317
2005-06-23,-157.6224310738834,-155.93770705233052,-157.31840943153946
2005-06-24,-157.20263908211984,-164.94308046508147,-171.7505191300454
2005-06-27,-149.87111799539835,-153.8049618088331,-153.8040787797267
2005-06-28,-154.13877642701368,-153.9996782432178,-158.70408059598407
2005-06-29,-164.97385359532993,-165.47326937528447,-168.40604644715827
2005-06-30,-163.34813800590177,-168.30928597214867,-166.63507632671207
2005-07-01,-163.77649395617033,-167.19269579099387,-169.75232726142437
2005-07-04,-152.8395175016688,-158.84086880985944,-165.7877631344676
2005-07-05,-155.7574470076159,-159.1634574362565,-156.69924130675054
2005-07-06,-170.9071806433723,-171.79188438277447,-173.23930560164294
2005-07-07,-162.78900907375086,-161.08224759347888,-166.04701403510828
2005-07-08,-143.44494096530678,-153.36956089106806,-164.34153469537696
2005-07-11,-157.80826992298705,-155.88838939646502,-162.79974187417218
2005-07-12,-163.10178262033727,-165.89665222015878,-165.85366808057879
2005-07-13,-159.47167412785114,-163.70491406484342,-164.38872225560164
2005-07-14,-164.5459649733659,-164.56652995497433,-163.33189891353817
2005-07-15,-165.07487208638398,-171.69766613154496,-175.50724061236312
2005-07-18,-157.59574074700825,-155.83105152095652,-159.36168959512224
2005-07-19,-154.85719840224007,-156.91193640200188,-162.70588541319194
2005-07-20,-147.61158809336195,-156.76676504846026,-163.33831940342685
2005-07-21,-170.75114000068572,-176.20700342492856,-175.19677257325813
2005-07-22,-160.04917966636935,-157.4036145575169,-157.49320289567316
2005-07-25,-131.48641762054177,-135.1801309764199,-151.55670356162602
2005-07-26,-152.64352587993895,-163.66243818965762,-164.64041041708143
2005-07-27,-173.56815909148798,-177.9562472325484,-178.70167672364855
2005-07-28,-158.61128721377514,-160.06610331892097,-164.67072072136395
2005-07-29,-158.72951498800376,-165.09586836077182,-169.16731493543546
2005-08-01,-153.3065774500638,-156.68909730545045,-165.7499024383993
2005-08-02,-165.9393896822543,-171.37466910550944,-171.79692947162724
2005-08-03,-151.24256063413654,-149.7804167815151,-154.4848148992627
2005-08-04,-155.3355538457713,-153.49133461280275,-164.9801027101664
2005-08-05,-158.02375328013966,-153.654795392071,-159.64342692391818
2005-08-08,-155.8452621488893,-153.94049837129342,-160.54284137397687
2005-08-09,-157.48934354672946,-156.19135892929717,-165.7240908838118
2005-08-10,-154.3145034025454,-149.4608932130988,-149.52738216234724
2005-08-11,-168.47218299638,-170.26031339825929,-173.96588777226248
2005-08-12,-162.042476069287,-169.29829315436828,-172.27974022662568
2005-08-15,-160.78429249278193,-161.52692143707176,-170.3423390891151
2005-08-16,-155.82290113836507,-154.50291659488428,-165.51262812074467
2005-08-17,-160.3840487902601,-165.47617170236236,-168.64723337924525
2005-08-18,-157.42274818166484,-153.41516602297284,-160.5971726300248
2005-08-19,-163.30732445690833,-165.8401970896984,-169.18742419711685
2005-08-22,-168.2547782005847,-172.4741092175713,-175.78368978656232
2005-08-23,-147.6740362382458,-148.6430083187546,-163.29561639831383
2005-08-24,-160.65854768698665,-164.09765160830008,-165.96233415038773
2005-08-25,-157.23626881005356,-159.75923551391608,-162.70707147032317
2005-08-26,-142.41372515252715,-139.88296594062297,-150.16538715985604
2005-08-29,-167.71158142757233,-173.90966519983604,-175.22821455379267
2005-08-30,-157.3536344775536,-154.47923912593754,-150.94385001757996
2005-08-31,-159.3526466017045,-163.41828299286044,-166.99717393917092
2005-09-01,-163.6989156450319,-171.29165949542607,-172.99148395651628
2005-09-02,-156.14084008599406,-156.60874705986626,-157.51070186647217
2005-09-05,-137.9557922734833,-140.90224963301614,-159.48686161058575
2005-09-06,-123.48953773775061,-134.48093738913084,-147.24175495777754
2005-09-07,-141.30891390037772,-148.61928099744648,-153.10262711608377
2005-09-08,-162.6060395768707,-163.21141642450448,-164.5501995313228
2005-09-09,-161.26159972173525,-164.3109354450029,-169.15474009479726
2005-09-12,-120.26241178026547,-129.68407186320485,-149.41140915389678
2005-09-13,-170.6895384870737,-170.5201001158133,-172.6062456771412
2005-09-14,-163.7923832676326,-167.2438648852254,-165.61389116312617
2005-09-15,-163.15282400691467,-164.19393809185377,-166.7505003287815
2005-09-16,-148.90303103174995,-153.01379064958326,-154.93812940719368
2005-09-19,-142.32987211686435,-148.17344773182592,-162.47724144046722
2005-09-20,-154.44841246259176,-159.1318714722454,-167.18654482674395
2005-09-21,-151.01931953430736,-149.6529201365237,-151.96813369877663
2005-09-22,-144.4189179356278,-144.3382087398579,-148.66518656253498
2005-09-23,-165.31310454254935,-171.90139243218255,-172.4105225613795
2005-09-26,-155.06892790457175,-156.4086307777693,-166.9783224395179
2005-09-27,-162.3269451077073,-164.33007255899682,-168.5096004524587
2005-09-28,-155.62125891150725,-149.72338230025218,-154.22055129571675
2005-09-29,-163.56263952539254,-166.18846127063705,-165.42518921080878
2005-09-30,-170.63331934675318,-176.15810777623304,-177.7287311370839
2005-10-03,-156.38579554106295,-161.84197292425048,-169.28234168654066
2005-10-04,-153.77677360285838,-148.90570238595956,-164.1418364276866
2005-10-05,-159.47026547432068,-159.25549313354082,-169.26596234692855
2005-10-06,-161.77058040161768,-172.0648787046422,-172.86050583271148
2005-10-07,-160.05563683231688,-159.0724393290412,-165.595753253851
2005-10-10,-148.31961409703615,-151.83509954487178,-160.43959808866978
2005-10-11,-151.4552171695478,-146.62603840490664,-155.52348715656206
2005-10-12,-162.680118023367,-164.12761108902788,-169.0472152859563
2005-10-13,-147.99119042185782,-134.75268529033912,-148.2525666064488
2005-10-14,-150.18757697619537,-150.54748998665076,-166.20921124014515
2005-10-17,-161.08483619522767,-166.91118979826138,-167.3003388216112
2005-10-18,-154.82507056058594,-154.94002595808016,-168.43246206758081
2005-10-19,-156.3520056321049,-159.35549787428272,-166.4896577671578
2005-10-20,-154.99832828948445,-155.76075045828424,-157.29989955026247
2005-10-21,-164.69165607258876,-167.71093865160432,-173.43414364925746
2005-10-24,-158.1987738454062,-155.9941056191744,-167.49774792783808
2005-10-25,-136.8867440593924,-139.10661552632428,-160.45347653170523
2005-10-26,-149.601508951014,-135.93429903726334,-157.1147365108363
2005-10-27,-155.45297219864742,-155.19925241853565,-160.4641903706068
2005-10-28,-163.9425206181343,-164.96517452962456,-174.16967390101726
2005-10-31,-168.02602863423164,-172.29262675116772,-172.56138759052564
2005-11-01,-152.89015189214723,-154.10498278484303,-162.5911887682683
2005-11-02,-127.80435585891053,-143.81239984863163,-153.45127673695265
2005-11-03,-147.20405321788365,-139.4231501711006,-158.6958148344788
2005-11-04,-163.8610052226817,-166.7428790965722,-166.83306696447661
2005-11-07,-144.25287595186705,-143.32190416795902,-157.47834318790888
2005-11-08,-145.13789399822716,-163.55802968953688,-166.1616546668459
2005-11-09,-144.71205818858067,-157.76301531494644,-164.70122281897835
2005-11-10,-156.36026114478392,-160.69734013397013,-169.05908271262922
2005-11-11,-166.96211256278298,-168.308398053594,-172.48929703962875
2005-11-14,-148.56918899201494,-151.18906626944184,-155.9829252452906
2005-11-15,-152.27982632489167,-163.56912373514987,-163.67689504707704
2005-11-16,-164.05423331588054,-168.10142815249955,-174.16400253038864
2005-11-17,-161.9755091321517,-163.56125321319672,-172.62215021001464
2005-11-18,-154.88313311473684,-153.21494057622607,-159.0056699621098
2005-11-21,-159.57839870048343,-165.41913192818632,-168.05946674647484
2005-11-22,-145.85099234996343,-154.16697122442224,-168.43688180037944
2005-11-23,-152.91653483285336,-158.93229692505895,-161.7081057920956
2005-11-24,-166.2663247628373,-164.0612098996283,-168.474094641046
2005-11-25,-166.51760397274825,-170.61647686405857,-171.9722825170824
2005-11-28,-141.53879981823138,-148.81848715676003,-159.42425106249328
2005-11-29,-145.50924180624003,-156.01501764705745,-158.40979393146236
2005-11-30,-162.65429380395196,-169.72517011692761,-171.2513938840775
2005-12-01,-161.7200219423567,-167.7464394954742,-165.96951211278673
2005-12-02,-146.82527782624197,-142.60038072593886,-157.85084622176404
2005-12-05,-157.89302243010212,-153.80052672786636,-165.305665616173
2005-12-06,-162.46373577016686,-153.27698253943691,-162.3368220351164
2005-12-07,-142.43490345310488,-155.226227586079,-165.0023033565345
2005-12-08,-159.7843033282783,-166.16161024776693,-170.9597200797203
2005-12-09,-168.46469550005682,-172.9220341550149,-171.07268433867435
2005-12-12,-164.25045310221708,-168.53087950912732,-166.96277079169482
2005-12-13,-165.024376683022,-166.56912543607663,-170.1392110222964
2005-12-14,-154.129541313328,-153.29713980410293,-160.7233710566701
2005-12-15,-165.0073987851843,-165.31699866748983,-166.4577250188094
2005-12-16,-147.89910627601918,-147.04064625968618,-156.511041912184
2005-12-19,-159.41221118155443,-160.86756264500056,-165.35402562056518
2005-12-20,-153.2242679368231,-144.5138363585225,-156.47425378255033
2005-12-21,-163.37838262505414,-164.0363326687574,-170.09362374741508
2005-12-22,-161.50218398944332,-170.31804989322586,-170.8279537392539
2005-12-23,-164.69911058685037,-164.85443668717573,-170.71377197164534
2005-12-26,-153.54159986950532,-156.97557402694116,-166.69412957016962
2005-12-27,-161.4208252089416,-163.32373281738404,-159.52625347092984
2005-12-28,-155.0579740363484,-161.99503148772442,-161.37830784711505
2005-12-29,-168.86777373966532,-172.4457808978221,-172.91041068797227
2005-12-30,-131.55883052807206,-136.66797661257897,-149.15334202510115
2006-01-02,-149.4372817295864,-135.69426353754397,-153.2466492439659
2006-01-03,-165.04991488399625,-168.98104568819576,-169.0221615338704
2006-01-04,-161.13395790878366,-161.99048938379894,-165.30474828874338
2006-01-05,-163.81260592979373,-168.13216264469565,-171.69755916511147
2006-01-06,-138.01311374675154,-144.81111817220525,-150.5994775342862
2006-01-09,-168.38269105046214,-169.9582952730865,-170.84327462509947
2006-01-10,-166.05436176733306,-173.3205709925981,-175.12385422570813
2006-01-11,-163.9159597552732,-172.68875300820423,-170.58533423164405
2006-01-12,-158.1431492900435,-157.01805660250025,-155.48106972453013
2006-01-13,-164.8199517702183,-166.95476626149858,-171.55108440526683
2006-01-16,-156.7213888975852,-157.27478510058032,-156.95002512656114
2006-01-17,-160.68770488643574,-167.82795442863485,-173.08769215005447
2006-01-18,-161.23754138412923,-161.36103307492158,-157.17821981890796
2006-01-19,-146.9153832826507,-139.86454559904556,-156.94061533863658
2006-01-20,-167.96538895529767,-171.51746007922893,-173.1380196595789
2006-01-23,-161.78583173606236,-167.98846956049016,-173.56207716969885
2006-01-24,-151.8287305590811,-150.38563822479637,-157.3057513702876
2006-01-25,-164.636247572426,-161.67159888657315,-162.93317157588513
2006-01-26,-144.77759549992163,-139.60420168087552,-142.19822881916244
2006-01-27,-152.44410980424325,-145.75498767448892,-153.781773099945
2006-01-30,-145.44388850504686,-147.1442811420852,-159.9051947245096
2006-01-31,-145.9764294101771,-147.47016795980326,-155.49702113524862
2006-02-01,-160.8892965531699,-164.33149411150225,-166.8738075573898
2006-02-02,-148.55241467139822,-155.1435547146994,-168.2852352483234
2006-02-03,-158.02018719802885,-158.40491133291857,-159.46981659041597
2006-02-06,-152.0190161010391,-155.2167615283239,-158.90946148930777
2006-02-07,-142.92273988349802,-144.99061458875883,-146.68841287698237
2006-02-08,-159.16154154909324,-158.33695756263492,-163.599122149828
2006-02-09,-158.37518444101028,-161.20828084685854,-162.87829357288385
2006-02-10,-149.5697978253083,-149.65660510004022,-161.78154223458625
2006-02-13,-151.5611458709854,-155.91848763565633,-158.38511064268542
2006-02-14,-162.9326935532282,-165.70881725505296,-163.5638883884517
2006-02-15,-161.43958798115773,-163.03759919652657,-162.42621242005143
2006-02-16,-151.7003853486651,-151.20878187746803,-160.06485820632372
2006-02-17,-165.9748657944618,-170.07554516496032,-168.48952237349724
2006-02-20,-169.72114923954112,-171.9412658783085,-170.01505360335335
2006-02-21,-165.6552835553189,-170.52055591781738,-170.47696090611203
2006-02-22,-162.47704754384904,-166.5382444641447,-167.57549009609275
2006-02-23,-157.08602106365143,-151.18058412585714,-160.22785432892005
2006-02-24,-155.61733215416479,-146.25649960615658,-159.09779711557982
2006-02-27,-153.1753838901283,-158.01180648793715,-166.43637355981153
2006-02-28,-140.17397773552307,-134.77912242962626,-157.9035133961556
2006-03-01,-168.62164915885631,-172.95044457667333,-174.9483330711169
2006-03-02,-164.60902125178058,-168.1977302337657,-165.96111029805883
2006-03-03,-143.25261700962284,-147.42253182041574,-158.57993421798218
2006-03-06,-164.15117868848222,-167.03361305193002,-166.66917947570593
2006-03-07,-143.36034889496517,-143.81515735193182,-159.51999945442586
2006-03-08,-153.25491332010623,-159.6524152497847,-164.2232564928927
2006-03-09,-150.5171312386618,-147.53159868260497,-159.06798532548626
2006-03-10,-148.98952142561166,-151.8909585757703,-161.0892905625546
2006-03-13,-158.95505530872924,-157.86191202194414,-165.25732343289954
2006-03-14,-155.19303108186583,-157.31201809702083,-158.73006311740127
2006-03-15,-154.86493662249543,-160.5385146487453,-162.75776127158062
2006-03-16,-154.64240778714998,-151.6604605958835,-151.3406679105146
2006-03-17,-149.60213384696556,-147.188169488379,-160.7306040126015
2006-03-20,-170.49948954902385,-174.05187818667167,-174.2424192082624
2006-03-21,-162.00667912470072,-155.42347839020758,-160.2592807553586
2006-03-22,-159.77964939612085,-159.8840982426266,-167.01450558328128
2006-03-23,-169.01304279459038,-172.39894181456825,-172.56902267298187
2006-03-24,-143.07717470696818,-151.6103550656041,-148.9770873278556
2006-03-27,-159.57233044854962,-159.6594191030224,-165.38208776767254
2006-03-28,-157.88808702930137,-164.98237862616435,-169.41580526454254
2006-03-29,-167.52415765011068,-168.92077826332022,-172.74980494034207
2006-03-30,-140.3646525761358,-153.91863125936055,-161.92504301030039
2006-03-31,-145.82298939966284,-153.27993097410678,-152.0530919053952
2006-04-03,-148.50599267118565,-158.82259041583464,-164.74312845222386
2006-04-04,-146.0598231032909,-147.52014948236746,-153.91228529984144
2006-04-05,-158.95762894880147,-167.64363303784268,-171.48760697966156
2006-04-06,-134.06797578126248,-154.49605901224854,-151.05795721044973
2006-04-07,-158.02534601541876,-166.0816561639626,-165.99310658419824
2006-04-10,-152.59805077228532,-154.8068206313141,-159.40222099504678
2006-04-11,-130.45178611253237,-139.702032208067,-150.63231726302286
2006-04-12,-154.667254424231,-164.83500438262232,-166.23304070258175
2006-04-13,-155.4913395710713,-155.8099909382121,-158.22605424439945
2006-04-14,-153.51634708022064,-151.7194391160182,-160.94390626880073
2006-04-17,-132.93408114975801,-136.869291858662,-143.70662792933032
2006-04-18,-164.03135252866392,-162.29949147602164,-161.95988810156052
2006-04-19,-148.04822778123102,-147.14501093099386,-163.49099012296486
2006-04-20,-160.94275196707798,-151.29830694560917,-149.7232302265041
2006-04-21,-153.34021748694164,-153.1886935086332,-162.6471869403645
2006-04-24,-155.73485633591648,-158.63710492329642,-164.14099821830808
2006-04-25,-163.8842103379618,-164.82410480264653,-164.48467523118615
2006-04-26,-145.08516258425746,-147.771012721286,-153.0371884355105
2006-04-27,-161.06901481887024,-161.37816888720153,-165.4385961010005
2006-04-28,-156.65060277238277,-163.59203432645614,-159.5070791560383
2006-05-01,-164.56920655837118,-160.40806788803297,-161.15735839498535
2006-05-02,-164.78961582529746,-162.8100860255888,-166.43565940892935
2006-05-03,-156.38937453667904,-155.9640640318371,-164.3306738267046
2006-05-04,-163.40951679122497,-167.90091389930615,-171.29557228224508
2006-05-05,-163.5602617901986,-166.24603738373352,-168.503673818783
2006-05-08,-152.31458956667572,-145.714662030054,-158.66864064373
2006-05-09,-170.40774676537507,-174.37540543987512,-178.21421579220754
2006-05-10,-157.38877049439807,-162.38450915568154,-165.05905475189235
2006-05-11,-165.22426021618514,-164.5160059093619,-162.82543112252205
2006-05-12,-140.3785504573396,-145.3612131422256,-158.9849980294734
2006-05-15,-168.84307000197808,-172.2315007225402,-173.6298557768365
2006-05-16,-138.8106432932778,-141.55340105115044,-144.4379752989576
2006-05-17,-153.24699267368297,-154.60448235954715,-159.22675653720358
2006-05-18,-167.48761183315617,-168.9234503103722,-170.76962097759872
2006-05-19,-139.88565729906134,-152.38376910976555,-160.0593274242958
2006-05-22,-150.934756017343,-154.27656446534735,-158.07701547681813
2006-05-23,-157.15216232006202,-159.82157121183073,-167.38117802530797
2006-05-24,-151.6282287277311,-154.6620204401858,-156.76485217881972
2006-05-25,-163.70818092753365,-163.6550645119874,-165.39920791116782
2006-05-26,-150.8908281053653,-156.27440725238293,-158.96703042469565
2006-05-29,-131.16086948276077,-150.0012382932709,-158.7283403102051
2006-05-30,-134.503784454504,-147.09734146695425,-142.8810317454857
2006-05-31,-128.25196300451768,-154.92387994839237,-154.89259893217366
2006-06-01,-158.50210002661834,-160.54024232998387,-163.2766652797275
2006-06-02,-131.1074555771448,-149.48061659230046,-145.8573908936633
2006-06-05,-130.27248386891668,-149.9923126869017,-154.22739493260326
2006-06-06,-169.8715848391102,-166.4695661381999,-169.59321306752398
2006-06-07,-155.8243903041618,-150.43123630840338,-155.55567111240205
2006-06-08,-160.8827402379404,-161.27973234777647,-162.4147960576182
2006-06-09,-150.09960968854682,-156.44006231082238,-163.0737992175774
2006-06-12,-127.16879168842306,-147.80020106140108,-148.81485058285995
2006-06-13,-129.7759612206121,-152.12817777895498,-155.161653413681
2006-06-14,-163.623460360391,-160.56172127892688,-161.70260583741435
2006-06-15,-163.8797820253103,-161.9104769520339,-165.7267568357999
2006-06-16,-166.48344550236925,-165.17683149457835,-168.52294853104408
2006-06-19,-136.14008447009732,-133.63855926801781,-150.7104512034402
2006-06-20,-141.84756131968965,-149.3182427493121,-152.0158901560487
2006-06-21,-150.39489453719287,-152.42628506511628,-157.35749696649935
2006-06-22,-156.3085536891497,-158.49612810210945,-156.2939741980804
2006-06-23,-166.82444535915735,-165.47778419749153,-166.76802220052357
2006-06-26,-158.9600572953267,-160.5796207417587,-164.47748273990783
2006-06-27,-140.03705219111228,-145.2702550210799,-150.375004540541
2006-06-28,-154.78087364507684,-160.68100155263366,-160.08477984357387
2006-06-29,-170.3324394125235,-170.11170121305094,-172.89364403605435
2006-06-30,-171.43451888550948,-169.98350734699187,-172.94395708183936
2006-07-03,-161.98076539982225,-164.13519974116622,-165.8874085638202
2006-07-04,-166.51056854087102,-163.9178686539411,-164.84605671528521
2006-07-05,-149.98676979860144,-153.73292349301275,-162.5732513037257
2006-07-06,-155.25507121439364,-155.24462171182438,-161.65944552138714
2006-07-07,-158.18966470054204,-159.01653124868838,-163.64683131743206
2006-07-10,-155.06877390272336,-157.7332919533446,-157.45036148231173
2006-07-11,-170.624838397414,-170.63325274988657,-172.558288659094
2006-07-12,-164.64916944825723,-165.74095535848204,-165.77700462488212
2006-07-13,-163.41296547334878,-162.20437027159508,-165.03550248145513
2006-07-14,-164.91151262592456,-169.00984430004777,-172.19088771015132
2006-07-17,-170.7917551266174,-170.99896108054014,-171.08648420781765
2006-07-18,-162.40467495035196,-168.2190839606934,-165.5646817698767
2006-07-19,-146.75028917991858,-145.2247739312844,-146.3994317167439
2006-07-20,-162.10512620197701,-166.60023885213855,-166.82242705782636
2006-07-21,-164.7012231449112,-169.14703659867266,-172.51008585184815
2006-07-24,-165.3118452533052,-166.18506750104498,-166.7528233053752
2006-07-25,-171.90431234436778,-173.76379248166998,-175.5074311958061
2006-07-26,-166.7201471959611,-171.24159969555998,-171.41780060864858
2006-07-27,-160.16814724520574,-157.49784775403265,-158.88741938962585
2006-07-28,-145.88841971445007,-139.06271903028397,-149.11630091004398
2006-07-31,-170.75974015093365,-173.41889468041185,-171.31017101820063
2006-08-01,-164.6225432862385,-165.370395882099,-169.2270177499493
2006-08-02,-156.03299951505613,-162.46003186974409,-163.51970843296468
2006-08-03,-151.11119883912662,-154.3792268731691,-156.39153175731443
2006-08-04,-163.94569774033664,-165.01914147094269,-167.07033948570043
2006-08-07,-160.2975602610753,-157.56028600750872,-161.69129086484554
2006-08-08,-164.99033187655854,-161.38684321428937,-166.5125852896155
2006-08-09,-164.2454949524738,-164.46030722894724,-167.3915623874305
2006-08-10,-170.04276961955824,-171.6611255940493,-172.67127964102593
2006-08-11,-157.73021461333693,-160.86165069451752,-167.14837053010294
2006-08-14,-162.3346735838949,-160.78537740558767,-162.29921394787
2006-08-15,-158.1261413857215,-157.05930325349678,-163.10026204476313
2006-08-16,-162.22447236701197,-163.18758986386942,-163.49858348149823
2006-08-17,-165.91104492768252,-166.9496903678825,-168.35915532833712
2006-08-18,-148.56539096836525,-149.59262284697985,-160.04291821830552
2006-08-21,-149.34560785549075,-156.91413570833802,-157.19149593502124
2006-08-22,-141.49516083929825,-142.60606460926144,-155.79601649506415
2006-08-23,-160.82014984373592,-163.17366051922656,-164.82141965971616
2006-08-24,-148.80066697002292,-147.56805218783805,-145.54765720213038
2006-08-25,-155.75528915709447,-156.2324503106035,-158.7519288130269
2006-08-28,-161.98767043707653,-159.07547861839492,-159.02564094177075
2006-08-29,-167.98224524487821,-169.5061595695401,-173.80338524074148
2006-08-30,-161.03473838946474,-163.39743901537048,-169.79762540723922
2006-08-31,-155.95513348663053,-153.9644264539444,-161.28833342117755
2006-09-01,-168.1051962834098,-170.4170740454348,-174.67077008666956
2006-09-04,-166.3473649198118,-162.22700329748548,-162.91192779638575
2006-09-05,-149.9263773303744,-143.5132725354199,-151.54485230125732
2006-09-06,-162.129749669271,-160.30056981745597,-162.23887524026594
2006-09-07,-160.83631886299966,-162.81075698578599,-164.04770876276993
2006-09-08,-146.85552119182145,-142.57820427097215,-152.49957206548018
2006-09-11,-162.42137772626714,-164.20405958862554,-168.40350659928612
2006-09-12,-162.42233265804717,-161.86492594193143,-165.71534422531028
2006-09-13,-157.34783296967382,-156.84476757817256,-162.70205577257445
2006-09-14,-166.69687591761374,-167.1013824456965,-165.86260757238398
2006-09-15,-163.71447074515876,-161.00114181413014,-169.5557714677265
2006-09-18,-167.53805080942584,-168.8833867730119,-174.0332181035902
2006-09-19,-152.4846587118011,-157.40176722773853,-161.45768635580654
2006-09-20,-166.68520312404425,-165.96580168850582,-167.05505131403368
2006-09-21,-159.4970475676205,-156.8007863786339,-153.05196568131475
2006-09-22,-162.7296135653592,-159.5739283532999,-159.207603487477
2006-09-25,-155.02665727366414,-156.64933967475514,-165.01126090031406
2006-09-26,-165.66332616965514,-165.5501536690485,-168.26148991972357
2006-09-27,-157.58954639668167,-163.1034823113973,-162.20515221258458
2006-09-28,-165.53305446328264,-166.5783901444363,-167.35092953935785
2006-09-29,-163.76792551298308,-163.15118911002202,-164.9130225624439
2006-10-02,-153.5791212444717,-155.1333371962599,-160.88519861170238
2006-10-03,-161.41233437956103,-163.0931295814913,-166.89838967047783
2006-10-04,-155.58141543947733,-154.69601002724147,-162.37020886896383
2006-10-05,-161.69836699678365,-166.49373469018735,-168.26668851244847
2006-10-06,-165.71252438409647,-168.18496137125356,-169.7323089905664
2006-10-09,-154.06252916808992,-153.9294956734742,-159.93907467017047
2006-10-10,-169.07261662213259,-169.6002664654172,-171.61670465695258
2006-10-11,-160.5134557710633,-160.29040669807858,-166.80851038852057
2006-10-12,-163.39028084990608,-165.92173991800675,-167.13157335558387
2006-10-13,-160.08977449959983,-160.75761499566,-167.90685685631115
2006-10-16,-155.24926646239064,-158.9319575571367,-161.5096036245034
2006-10-17,-156.52068410158856,-164.77689966669348,-161.44138738003437
2006-10-18,-151.5015442801247,-152.45429917665663,-162.4337526076379
2006-10-19,-171.793734478984,-173.13430191402216,-176.6961828450654
2006-10-20,-156.416671453035,-158.0925980543066,-160.59423630342303
2006-10-23,-143.04289581069014,-145.63090866464987,-149.91744823340963
2006-10-24,-160.73530758978703,-159.6584183286421,-159.63794659379752
2006-10-25,-165.8218231965908,-167.27989594169165,-171.18366150487134
2006-10-26,-155.34690988356562,-155.88535111757778,-162.63729119186908
2006-10-27,-162.91968205594682,-163.139450696818,-164.84791973295813
2006-10-30,-169.0427020261646,-170.449746773788,-173.11856067284583
2006-10-31,-166.92868111022872,-168.37263846880103,-171.0624898724423
2006-11-01,-166.09938255914813,-166.301555068429,-169.07495328947041
2006-11-02,-162.24445688047075,-160.25677018461656,-160.21801315931677
2006-11-03,-160.46543240432965,-162.79919727577487,-164.73361155374272
2006-11-06,-144.453464235216,-139.98014502782152,-145.9001027926576
2006-11-07,-168.9604281106193,-166.79155164142819,-165.92581884022414
2006-11-08,-160.5741293290135,-159.84399275201562,-160.11457475084666
2006-11-09,-161.48953264240458,-162.72119034477424,-164.20635200164205
2006-11-10,-154.9302916566028,-154.40333906900872,-163.57827531217873
2006-11-13,-117.26968089249938,-99.82181586904757,-125.41671971140708
2006-11-14,-141.12804194835644,-144.4542396749768,-157.5782067097959
2006-11-15,-165.12785537551372,-164.2400759553638,-166.7702960152257
2006-11-16,-157.15133356298344,-158.01433798049015,-163.69964236056003
2006-11-17,-149.81130928357203,-160.08181244622278,-156.7156625897602
2006-11-20,-150.95587895985074,-150.4414959606395,-162.68753492362444
2006-11-21,-150.43004853146203,-149.2729207540502,-164.39346364924907
2006-11-22,-148.6682123881568,-147.9117019947074,-151.89278812349673
2006-11-23,-165.3562555765345,-166.56781161852172,-170.36440225671254
2006-11-24,-145.4939043440296,-143.58603638510715,-157.2162948529758
2006-11-27,-126.92312738345187,-131.35625283568973,-143.71866824660108
2006-11-28,-139.0461694394557,-148.24140440959786,-155.40197478425827
2006-11-29,-158.33411684911238,-161.2473990488293,-166.31678261229328
2006-11-30,-159.17159354573036,-158.3919120516033,-158.61508752472147
2006-12-01,-160.30163088402935,-161.49860690328956,-160.929404480277
2006-12-04,-163.17723632309674,-162.74688800907597,-166.44028592127995
2006-12-05,-162.2802425362716,-165.41985044749828,-166.24591147172094
2006-12-06,-134.78065379320023,-133.0210984085269,-132.46692450236407
2006-12-07,-149.25425336777093,-153.36225573692752,-163.13117758610505
2006-12-08,-165.7774278725065,-165.43063501059805,-168.39774480204858
2006-12-11,-146.366838817834,-151.46768171929497,-156.5299747952973
2006-12-12,-141.45834343558064,-144.04781044963156,-156.76684822118258
2006-12-13,-137.97183942960538,-147.2097529581995,-160.30807286287188
2006-12-14,-151.4816297542987,-156.1380018598826,-157.19642683164324
2006-12-15,-153.5060806580147,-153.046819138462,-156.68661114821114
2006-12-18,-142.64165324056003,-152.47843239545261,-149.71958202586788
2006-12-19,-145.4990895824533,-152.8787804375553,-158.01506891271356
2006-12-20,-132.27002954280442,-143.5093947764837,-153.99032108615881
2006-12-21,-163.53843853437292,-164.0103294710089,-169.1851296873548
2006-12-22,-160.402465887435,-160.16808920211352,-164.9006459758908
2006-12-25,-163.3232773455604,-160.31753502280247,-166.1735069712603
2006-12-26,-150.6370356025038,-156.55547330474857,-158.68240693725141
2006-12-27,-161.276373681134,-159.26108514372913,-157.07314441241672
2006-12-28,-150.16303643092388,-155.39693469890966,-157.3623662113399
2006-12-29,-155.44067361981567,-155.7632397959374,-153.80658986608563
2007-01-01,-166.62603667023137,-164.56399693222792,-169.18507735309046
2007-01-02,-149.43645098486707,-151.76047489857797,-156.4264549447855
2007-01-03,-160.86345286499446,-161.9007067507767,-165.3850930190819
2007-01-04,-150.55715017165426,-154.20087443736182,-160.11594680791745
2007-01-05,-152.71076446019586,-156.570557210643,-168.27946926012234
2007-01-08,-156.447540573238,-160.49393639227287,-165.16079351113737
2007-01-09,-160.29516884718882,-164.30248243753667,-170.44083693444472
2007-01-10,-156.15115208285485,-162.12228931041244,-158.23067246312
2007-01-11,-156.86955688956346,-152.91814887280282,-152.80092130269514
2007-01-12,-149.37894828199535,-153.63051192741452,-159.658338778624
2007-01-15,-157.45463010437626,-157.7414611835115,-160.12625556601427
2007-01-16,-158.69081318338286,-160.21670932984114,-163.20316227225263
2007-01-17,-129.2063154071819,-138.57168667513812,-153.61272729862947
2007-01-18,-148.74238929214695,-150.27350332921716,-160.5660513082656
2007-01-19,-162.5094589187994,-161.981219358697,-161.15379509833377
2007-01-22,-167.5835426188294,-168.7876292149437,-171.56322700643426
2007-01-23,-144.86159653900162,-145.67353107570273,-157.81208135138613
2007-01-24,-168.38378904322548,-168.11431254595493,-170.88771586347542
2007-01-25,-152.25922740242083,-157.86847317154488,-155.63276003006058
2007-01-26,-148.69783951518502,-151.21932448017085,-152.0375557745068
2007-01-29,-169.6783175175108,-170.48215955070916,-172.47032505956722
2007-01-30,-157.23177031507694,-155.73981622926615,-166.64964286585536
2007-01-31,-151.60374857390278,-156.21033309149436,-159.94856275597417
2007-02-01,-153.86235357063444,-156.6732991480257,-156.03598086191303
2007-02-02,-156.7027261228765,-155.384457762831,-161.0635529353897
2007-02-05,-160.45092956021074,-159.26745854365925,-161.65504260204884
2007-02-06,-158.01686292357937,-160.85673131848606,-163.12684048203067
2007-02-07,-163.54304105247923,-167.76831149635015,-169.55385911314187
2007-02-08,-145.98127145717794,-142.57886614030983,-154.1036662491421
2007-02-09,-138.9649071084898,-147.98338727486095,-153.10641235977727
2007-02-12,-150.40539783112777,-151.90740060307044,-158.14223716528318
2007-02-13,-151.36641495719056,-148.00023381133204,-156.86083032442508
2007-02-14,-150.14782887704547,-152.88238302126945,-160.45340333656006
2007-02-15,-155.8684093756397,-156.5116050372516,-160.27680120221277
2007-02-16,-155.50035283195257,-158.43340586422656,-161.27354885291274
2007-02-19,-141.45699156652654,-146.41594374898764,-144.30208245327003
2007-02-20,-160.82931257020542,-159.5621815251243,-162.3839256628812
2007-02-21,-147.11930045318132,-150.31477092498073,-160.4244515529091
2007-02-22,-160.56943359169617,-160.29184862272223,-158.84138622688954
2007-02-23,-149.1521527062166,-157.80131718397152,-162.29293429779827
2007-02-26,-168.93032480827407,-168.6124832650861,-172.0731728398325
2007-02-27,-161.26786667663748,-156.60552514739308,-165.8224533756586
2007-02-28,-153.3377864902755,-156.79559855352448,-160.2237295026505
2007-03-01,-151.4080210181025,-157.4968469732114,-155.89209486430454
2007-03-02,-150.03345185584476,-158.8634402793374,-156.7980450709711
2007-03-05,-126.5158976204427,-137.93926486924698,-150.64538703789714
2007-03-06,-167.92544229695102,-168.57925127196688,-172.0320202866998
2007-03-07,-140.58669355309252,-136.53626912835074,-147.92946662655785
2007-03-08,-139.62689825043358,-141.27181114398584,-151.30006819778671
2007-03-09,-161.57457839296188,-162.90392347012053,-168.95482532566172
2007-03-12,-165.75368677790613,-167.0205232338576,-172.043514005884
2007-03-13,-156.8031573263216,-158.5204711869982,-160.0198056450077
2007-03-14,-162.66603517497816,-164.1140451261851,-171.6833940932423
2007-03-15,-155.4155934153855,-156.68557902760028,-161.00223010473312
2007-03-16,-166.24116038983797,-161.56720573701773,-160.17486068840742
2007-03-19,-171.4553154463401,-170.4306789712736,-171.21068912992268
2007-03-20,-155.02930777675164,-152.77465456457327,-154.24611583276226
2007-03-21,-159.95339870037373,-160.56623518041508,-165.54957914894806
2007-03-22,-149.4086326238569,-155.37770306696052,-162.21215818113438
2007-03-23,-154.62414185351466,-158.61598318592635,-159.0371309767056
2007-03-26,-163.3568683359926,-162.0926625276828,-161.56350426290416
2007-03-27,-158.2079339827191,-159.7864989260733,-166.98489556193192
2007-03-28,-164.5365072035527,-162.97402969872238,-166.6936700321737
2007-03-29,-157.22372245542624,-157.75416814900962,-161.77306902722637
2007-03-30,-160.03697495593215,-158.79446980248622,-164.98160202371992
2007-04-02,-160.23320211801303,-162.28185916949062,-166.1994527033857
2007-04-03,-157.33859574737187,-153.28657349913172,-155.96830341644676
2007-04-04,-161.9259029790574,-162.79114035897652,-167.11897696548073
2007-04-05,-149.36698949561966,-153.9033080933314,-157.69738971789292
2007-04-06,-159.60073685167896,-158.88761447540097,-165.85499757150296
2007-04-09,-159.60965113951414,-161.94505165808098,-165.27719458150315
2007-04-10,-161.4774197237958,-164.82114111862174,-168.72510022752164
2007-04-11,-154.01064355078486,-151.70923431354137,-149.78120017470042
2007-04-12,-168.12580799445743,-170.92522489238561,-171.3623416312137
2007-04-13,-165.16527958678424,-161.52592805358157,-165.42756239005428
2007-04-16,-174.4667788401713,-176.40224729943148,-177.0095169249896
2007-04-17,-170.21904653021178,-171.97688238512546,-172.87965124759847
2007-04-18,-156.11531199986976,-154.48389068493287,-165.8238598390487
2007-04-19,-167.9228959054899,-167.31258390896335,-167.92301121864628
2007-04-20,-155.88283819194808,-161.04973220729866,-166.87191659145572
2007-04-23,-146.07103137527469,-143.98425838405512,-156.98293160014222
2007-04-24,-167.4625728263803,-166.26912868506116,-168.07847743372471
2007-04-25,-164.81589680259415,-164.80231211837642,-165.81916155137094
2007-04-26,-160.04639688714872,-159.17073092474934,-160.88378939358603
2007-04-27,-157.56953471723168,-157.32215337927275,-163.29666129825478
2007-04-30,-171.20316033324187,-172.59632110848347,-172.54811903453822
2007-05-01,-157.56464707503696,-158.60718719165914,-158.95023823875601
2007-05-02,-158.5497273446943,-162.16421144422873,-165.00828015804848
2007-05-03,-166.14274767917695,-165.47806630114422,-170.72516033404952
2007-05-04,-154.6930283283521,-156.43794518406085,-165.50147805367214
2007-05-07,-166.62659876647126,-168.14872663156342,-168.80271314124408
2007-05-08,-164.07036815644545,-161.35098420764226,-166.23467457129445
2007-05-09,-156.9326158451659,-151.01492672133477,-154.62972408613862
2007-05-10,-163.5571622389098,-162.2815508733568,-169.67548575236955
2007-05-11,-171.90779730212142,-173.1138729665168,-173.48884718789336
2007-05-14,-168.8819414838709,-171.08586175317157,-176.21237084277618
2007-05-15,-153.11586938333758,-148.80208571700896,-159.77096703021627
2007-05-16,-137.3228123384887,-136.59836620666306,-147.0555826933936
2007-05-17,-155.62897050048258,-154.94143689654703,-167.49694596045612
2007-05-18,-160.48639330454424,-158.27336624444794,-155.69195111676353
2007-05-21,-145.96193340341412,-146.5091037053308,-162.4523498810584
2007-05-22,-156.6798653800845,-158.67809046645942,-165.07587399707597
2007-05-23,-146.99222367028074,-140.48227382106367,-148.83254111675555
2007-05-24,-148.98580036147555,-145.94903488533856,-152.99013398175583
2007-05-25,-148.75901843479588,-151.1906272492155,-153.8004495135253
2007-05-28,-153.42460975056017,-153.00626639644491,-163.60380270701984
2007-05-29,-161.86415793792446,-164.07158261730112,-166.61147677432456
2007-05-30,-165.5237124668541,-164.38843521767026,-163.90249457584105
2007-05-31,-140.7753785083166,-143.571675306877,-153.02436011563677
2007-06-01,-164.9952217329553,-167.5344775378561,-169.35218233551487
2007-06-04,-153.26388077065369,-157.35436579576333,-160.19789558376416
2007-06-05,-157.03384383477965,-157.17892798591288,-162.43537616618204
2007-06-06,-140.5989108454817,-142.85275474756236,-143.63545216869196
2007-06-07,-155.983320111497,-156.0258808420069,-162.18193999771586
2007-06-08,-150.81930884165925,-154.44424912982572,-159.59557074363983
2007-06-11,-166.27826416695365,-166.99610307967376,-172.27726661566385
2007-06-12,-163.91875613670175,-167.00540113718623,-166.8313666492558
2007-06-13,-166.9181312952997,-166.11694003333295,-171.47501866094962
2007-06-14,-144.1608077738747,-148.11556478597998,-154.3504570796094
2007-06-15,-152.18722404716215,-153.31008494286507,-162.60851779998956
2007-06-18,-145.2931383941393,-152.8061517744746,-157.7431714044196
2007-06-19,-146.34936477439203,-147.6600849303402,-159.103127523691
2007-06-20,-151.7723598819091,-156.13128716663027,-156.99983290509522
2007-06-21,-163.05071589132916,-163.23497421766376,-167.54151189183935
2007-06-22,-164.41931688615085,-163.93482582599592,-166.3325539306104
2007-06-25,-154.158897063516,-153.75235638392476,-154.81695646590143
2007-06-26,-151.31566756443365,-154.68117028170377,-161.64408272424836
2007-06-27,-157.47663134661187,-154.63076998906885,-159.2633840596829
2007-06-28,-147.48131925537683,-149.30670776282017,-157.5220043105872
2007-06-29,-153.41069349681072,-156.71592825885793,-151.11506567214101
2007-07-02,-156.96116492276337,-157.6588658472971,-157.98767621226392
2007-07-03,-151.7349966173432,-153.09068020856432,-155.37664877902793
2007-07-04,-155.076091564373,-156.52140142891744,-156.72029876656035
2007-07-05,-167.14497702071185,-167.00767951557447,-167.5299975688675
2007-07-06,-146.91748061577937,-152.71146136595223,-158.0939087274395
2007-07-09,-162.1921086897939,-163.53075149405257,-164.11531050996535
2007-07-10,-164.1463942289672,-166.9220848724157,-168.64796972790418
2007-07-11,-153.98309339644183,-155.40203732999538,-153.58514820378204
2007-07-12,-146.68547359550718,-158.91204097786073,-164.9090165210648
2007-07-13,-141.46746504272826,-144.221393335095,-150.0907515762065
2007-07-16,-164.492629953955,-164.51217575000234,-167.50214253128973
2007-07-17,-158.96400097547777,-159.74248376147258,-164.8780850524082
2007-07-18,-162.68773082199527,-165.7649288425648,-168.22361992622714
2007-07-19,-150.52160870424123,-152.2955797479326,-158.1142262465824
2007-07-20,-142.50717663284544,-145.71959853132455,-145.51182336549783
2007-07-23,-166.78476743771225,-168.1836542116797,-170.4644816332838
2007-07-24,-137.00793046455146,-124.82893336095218,-136.3635893957881
2007-07-25,-159.2769370863212,-160.88204456906774,-164.744604634242
2007-07-26,-159.22098693160243,-156.9943913857846,-157.45120496024023
2007-07-27,-165.6421555439284,-166.39093477189948,-163.16169374726715
2007-07-30,-141.98595877181555,-146.2183723264563,-151.36500733982902
2007-07-31,-154.5338214374447,-156.85468077294115,-160.89759275136828
2007-08-01,-155.33375559086733,-157.89196894442284,-154.85081835467213
2007-08-02,-144.34303001712178,-145.5012580584047,-155.78503033190708
2007-08-03,-156.72552423336535,-161.6119418326692,-163.08631797478492
2007-08-06,-140.620824941685,-143.18007542127913,-149.62121654642272
2007-08-07,-150.58214745665632,-153.34698865233673,-157.85851847900094
2007-08-08,-149.26569881659307,-155.2645333278501,-157.88102294394497
2007-08-09,-162.51236091144563,-162.28966883443604,-168.08032067192423
2007-08-10,-154.98458092187744,-153.6466518077725,-159.81873633311676
2007-08-13,-150.06127191705968,-154.3444616440351,-163.54901898450305
2007-08-14,-149.92872691734817,-150.5293563110177,-156.777568847173
2007-08-15,-156.14090336043546,-159.86669401883188,-165.09211677341412
2007-08-16,-166.1681465416247,-166.34855279560884,-168.67822282925138
2007-08-17,-153.04978887080932,-156.16474348451362,-163.96130783030944
2007-08-20,-144.46091406705227,-144.3439864870916,-158.38879393395956
2007-08-21,-136.40481604672297,-148.39459946739018,-156.94366001017866
2007-08-22,-170.07924037569452,-165.00119580335846,-165.7828502800562
2007-08-23,-152.1905767758188,-158.62308181273858,-161.9448318879908
2007-08-24,-140.7029986673231,-150.50257228586466,-155.15768823755687
2007-08-27,-152.5560435039329,-157.8857464538849,-164.01468608966775
2007-08-28,-162.16838197232374,-160.48464097931793,-163.91230630807954
2007-08-29,-140.1711891521425,-150.99878607888812,-157.11018030757054
2007-08-30,-155.59284311531758,-155.47192569317082,-154.9212614211012
2007-08-31,-163.1821519567189,-159.80523316721164,-163.71106672859875
2007-09-03,-139.6594727772418,-148.27190312953564,-148.35258304299578
2007-09-04,-163.24629253490053,-165.6401844712509,-165.69281748071884
2007-09-05,-151.41009129286596,-147.64409075503684,-153.86385463371084
2007-09-06,-165.6740138191578,-163.8864652131506,-167.9522382512956
2007-09-07,-140.7474567426184,-151.13539914063077,-153.7821341487227
2007-09-10,-160.66965037026625,-161.37086055911413,-163.48793723403685
2007-09-11,-162.70991591828124,-168.1820347471652,-170.69578713021488
2007-09-12,-145.08366961064718,-153.23264642683182,-155.48961197755673
2007-09-13,-158.7994471731308,-160.38876518936723,-163.62934153880596
2007-09-14,-163.91824675841144,-163.24083669555654,-169.47239962563623
2007-09-17,-156.95497650502892,-155.94567685907333,-163.43088747398028
2007-09-18,-159.4688774895946,-163.8245425316528,-166.81280169663168
2007-09-19,-150.09951107088153,-153.118123999046,-156.9199894353369
2007-09-20,-158.1732058017242,-163.45576403723675,-166.51590362982273
2007-09-21,-166.06204706239265,-166.25405940926169,-166.53975049962193
2007-09-24,-164.16076498709324,-167.0974021160829,-169.36937742684472
2007-09-25,-155.143182897519,-155.3543339200588,-159.00123592835888
2007-09-26,-154.67548447493147,-157.85098035863422,-160.79783624190358
2007-09-27,-164.78232842965974,-166.4482797933495,-170.1576933887726
2007-09-28,-155.3820126290642,-156.92096741476604,-158.04019284407477
2007-10-01,-153.12935039990447,-153.60265561048138,-156.65157764164059
2007-10-02,-154.2569694845459,-156.0242449996866,-161.4976234629242
2007-10-03,-156.74117968767268,-155.63401980428665,-164.10006248606743
2007-10-04,-157.36071267682945,-158.9912288632664,-166.57999576839802
2007-10-05,-171.18326637120904,-170.78066086875594,-172.90706449423288
2007-10-08,-163.45901872916278,-164.34595759014516,-165.73273903022442
2007-10-09,-160.87200401479282,-165.79757726511264,-169.71125833688123
2007-10-10,-164.36764968077298,-169.19697884269917,-170.21357684804616
2007-10-11,-160.96461454587296,-163.69010516513777,-168.18311333643175
2007-10-12,-167.3827354979538,-167.7975974789232,-168.55532369726578
2007-10-15,-149.8160554240933,-145.55769557071156,-153.8740993505888
2007-10-16,-161.09209238448867,-166.34438814119386,-168.93702354675838
2007-10-17,-155.78649629828584,-159.8341365337704,-161.11960825057196
2007-10-18,-156.91078513857974,-154.76177923005787,-158.96265381628567
2007-10-19,-136.97648800550536,-138.26577652340399,-142.86387607779295
2007-10-22,-157.8778939796931,-155.47906984727862,-159.32896761787407
2007-10-23,-138.84007491297808,-142.39141975724507,-152.79710761336838
2007-10-24,-158.0991585427638,-161.42622315256835,-161.7814541740207
2007-10-25,-155.83662746929915,-161.27962849662902,-165.14892652114816
2007-10-26,-159.0240750548771,-161.36943976004767,-164.84148794849773
2007-10-29,-136.5865353079996,-148.71691540397075,-162.6498083772388
2007-10-30,-143.58682584283065,-137.2115871054184,-145.50040465144343
2007-10-31,-143.7414589101495,-145.79932774958505,-150.8989180272767
2007-11-01,-127.03010264250545,-141.49359626661004,-143.6111750895232
2007-11-02,-170.9992810083562,-170.79187038073036,-173.3925588083403
2007-11-05,-133.5926029438098,-145.97399175460566,-155.73430944336596
2007-11-06,-169.51281423896233,-166.25676180409238,-168.5081276611993
2007-11-07,-153.76673397890494,-159.6600124085737,-159.07697578349968
2007-11-08,-171.46692928540367,-169.59159490353946,-172.34358067674907
2007-11-09,-151.34281166607616,-156.95395724102485,-160.9724824171959
2007-11-12,-143.9809979152386,-152.0042539320332,-157.8247699606665
2007-11-13,-166.69685284461048,-163.35586444155086,-162.8327861813056
2007-11-14,-157.17659944084568,-162.99519493740456,-165.50794172490512
2007-11-15,-158.6797764095492,-160.19005188361385,-160.27949165395307
2007-11-16,-146.08707860356998,-148.61282005789147,-149.30837881882124
2007-11-19,-156.34052686863564,-159.76372725980224,-163.41345829948224
2007-11-20,-146.39893512507498,-142.13117756486486,-150.33443381952674
2007-11-21,-167.38064939681368,-166.7027357040725,-168.14553446651487
2007-11-22,-159.71662328921417,-159.27217136782758,-162.49617269476684
2007-11-23,-158.79323669423684,-158.95380001558084,-157.8531163134358
2007-11-26,-155.8627871249333,-159.1523993146215,-158.21691226855086
2007-11-27,-165.36836872108404,-166.07525228807327,-165.07824821708638
2007-11-28,-145.9468661016732,-156.86412322708324,-160.56065366471984
2007-11-29,-169.8910338268852,-170.93135906866587,-173.18275813020335
2007-11-30,-155.92005101243552,-154.58881766474124,-158.80996472010406
2007-12-03,-162.82422082663916,-160.04703463101725,-158.29128480627915
2007-12-04,-162.00865590746002,-159.7087436640556,-163.1439733776499
2007-12-05,-147.0560824943375,-147.6818814630642,-159.31202399389923
2007-12-06,-152.26890254695206,-156.61786283995818,-158.55069094102333
2007-12-07,-163.88555019205947,-163.74326153298964,-169.43349297626946
2007-12-10,-152.85658142783916,-160.22040760162184,-168.3940767466474
2007-12-11,-156.86299977960405,-155.84247767622605,-162.4141739121406
2007-12-12,-157.91042486338665,-156.80546476601717,-157.14163919911823
2007-12-13,-160.43759723270736,-163.26517242742432,-160.28246592640207
2007-12-14,-164.614893997866,-163.0048725961896,-166.02584782975603
2007-12-17,-164.88732854543227,-167.96997798793856,-170.20600419116582
2007-12-18,-151.91545087155006,-154.21288909766545,-160.13904074170318
2007-12-19,-162.73493032202174,-163.24686534191386,-169.42142679619425
2007-12-20,-163.40551952504953,-166.5765513574728,-168.84258750132426
2007-12-21,-162.36933626866002,-158.93298434196012,-161.4713095424473
2007-12-24,-166.21796043430342,-166.77167907154623,-167.81869416910607
2007-12-25,-158.67871494012581,-159.93400838843365,-162.7645780226129
2007-12-26,-163.62634939159688,-163.25497412603045,-166.15735070652408
2007-12-27,-161.90499881529234,-162.1342288974841,-163.00884379026064
2007-12-28,-157.8879559457199,-169.19962091238403,-172.33600276339416
2007-12-31,-166.076002078277,-166.17870815156124,-166.20525244617096
2008-01-01,-150.9359448264146,-147.99190963416686,-150.04313034976815
2008-01-02,-145.80299157948463,-152.45878024924355,-159.99664469716492
2008-01-03,-168.37211493074545,-169.78130115893035,-170.01438549660867
2008-01-04,-150.85112766791855,-153.27867532607047,-150.01466862891593
2008-01-07,-162.7493506183983,-160.12357680478848,-165.84283730827318
2008-01-08,-152.1172899191729,-152.53580073120855,-159.0582374353982
2008-01-09,-152.87891912048525,-154.55276052141636,-156.99967808262437
2008-01-10,-162.06683858180733,-162.2451284405463,-160.9056090891307
2008-01-11,-155.30770455899412,-153.15869391751858,-159.91755086204859
2008-01-14,-156.98329280197095,-155.19004617771162,-158.7402578528675
2008-01-15,-165.273372328715,-164.8136064573563,-167.7674644579509
2008-01-16,-159.63318826545495,-162.31565802583526,-166.6718789948266
2008-01-17,-158.33916895278313,-160.37944567496203,-164.28321632558587
2008-01-18,-136.3497697116901,-140.3002838657411,-151.47966634868678
2008-01-21,-153.00733661456454,-153.4674402480774,-159.47346529708153
2008-01-22,-157.05134736870644,-157.97219285502496,-161.04028442248256
2008-01-23,-145.0560375756892,-149.94241113718294,-151.1657325891036
2008-01-24,-135.30508382182794,-132.25465091806194,-138.3124702550109
2008-01-25,-147.47735164980955,-153.68240625137804,-156.11855864382366
2008-01-28,-167.908792274215,-167.2306677775126,-169.1532984490024
2008-01-29,-159.15875137364787,-160.10545742505616,-162.44769115330865
2008-01-30,-167.21304234415746,-165.16113411032936,-168.1846457615185
2008-01-31,-168.30645910221864,-166.50369351657798,-168.3489662918576
2008-02-01,-163.36922715693126,-165.81019866716753,-165.20663460439545
2008-02-04,-150.25973634060193,-152.18986222277272,-154.47811497581566
2008-02-05,-143.42500935999203,-146.0236136599736,-157.0987927279371
2008-02-06,-152.65868485832723,-157.44974024145498,-163.1082612070856
2008-02-07,-145.31528185033397,-156.4856864894453,-160.7599101301543
2008-02-08,-146.87820322748135,-152.31656847041654,-156.6336359656087
2008-02-11,-162.58571343964363,-159.9006352293118,-162.6280902818835
2008-02-12,-149.97277915116416,-155.09999523438432,-155.63462427720248
2008-02-13,-156.25929342465744,-158.14113062038868,-160.06309902013317
2008-02-14,-127.33722848023135,-145.8706950863721,-150.5390452316707
2008-02-15,-131.59081274045602,-149.36682706160738,-152.31748253593858
2008-02-18,-156.47598995057265,-157.21506506164678,-158.56787209035636
2008-02-19,-153.0396697277439,-155.85576343510596,-163.24691199464326
2008-02-20,-139.59691538596053,-153.17603640238715,-162.18034588886593
2008-02-21,-152.30933455462645,-157.01335484174717,-161.80420121391413
2008-02-22,-155.70848838728486,-155.44917930869443,-157.4837012425849
2008-02-25,-136.0598327003726,-145.5210617353531,-153.0360719968417
2008-02-26,-158.97602426755495,-157.895937575534,-160.85806103147473
2008-02-27,-147.13380164366183,-158.32277463391992,-159.21224282056585
2008-02-28,-141.26199458891506,-143.24618436655092,-150.08906194027747
2008-02-29,-145.7150323659021,-157.70654656113595,-156.703623726501
2008-03-03,-162.54510784979317,-159.31145296197,-160.16261523833668
2008-03-04,-141.09334041560496,-153.50217696219775,-154.0293581084998
2008-03-05,-147.0798595558227,-151.8718499469322,-154.94950402922487
2008-03-06,-162.26474101578256,-160.01381797721146,-163.77835560011255
2008-03-07,-166.91080928038815,-165.3714156366137,-167.08945428531575
2008-03-10,-151.3274403132612,-155.4457555319619,-162.9617793180832
2008-03-11,-136.63814869984225,-136.56966794084968,-141.56085992822037
2008-03-12,-149.27044929573117,-145.69639131096656,-148.61114111120472
2008-03-13,-158.30160696546113,-160.61569185718236,-164.0328548844399
2008-03-14,-165.13592194108136,-166.13151241044667,-167.5782970504378
2008-03-17,-162.41210792857174,-164.98494263671566,-166.1981156305941
2008-03-18,-159.68664760186107,-159.80178938962973,-164.32840540391857
2008-03-19,-170.5194662267062,-168.59218252610216,-172.65496166797044
2008-03-20,-157.92019565425304,-157.76832638990314,-154.68430539943367
2008-03-21,-163.6565124008743,-164.02268405969042,-164.85528278896868
2008-03-24,-167.4385642903959,-167.71617053611794,-169.00317022234583
2008-03-25,-159.5943805266286,-158.9520675557412,-163.66143086822925
2008-03-26,-167.82194371370363,-167.84622569096936,-173.08787198260538
2008-03-27,-152.65371194221206,-160.03554241757072,-162.16199746892602
2008-03-28,-152.48689646866424,-153.24020414347171,-157.21073992953285
2008-03-31,-161.6473257840635,-158.07875129104113,-160.61936251633384
2008-04-01,-156.99112869390777,-159.65848278063905,-161.36806372263567
2008-04-02,-146.11150994778305,-147.34581392514738,-154.09974304334705
2008-04-03,-160.8935934699821,-161.37022309210923,-160.75147439948262
2008-04-04,-143.91337941901355,-148.37628490921492,-146.7510163595917
2008-04-07,-163.43539429730407,-161.14417091012825,-163.91827307932525
2008-04-08,-152.58916727904028,-155.9632202569474,-162.15962698473976
2008-04-09,-145.7023907963479,-153.68753013027205,-155.44871846635107
2008-04-10,-152.50811817665453,-151.49727385608364,-148.35413520274665
2008-04-11,-146.86560604992695,-148.24511138609932,-155.74563542497674
2008-04-14,-172.1841645135674,-172.5600909117328,-172.10476220281274
2008-04-15,-163.5960050448815,-161.92122210244275,-167.90874080740838
2008-04-16,-164.06812539745604,-166.7947366143602,-169.98377005840172
2008-04-17,-150.9833456880237,-151.4006481354273,-156.81373791366696
2008-04-18,-165.018533235281,-164.20941745296926,-167.09975789182008
2008-04-21,-161.69146503045243,-161.1685944513469,-166.8237526458396
2008-04-22,-153.98836582195503,-152.15881950795023,-151.15570783651788
2008-04-23,-164.9974355959022,-160.55801821669877,-163.5078363999503
2008-04-24,-139.3413049954599,-133.29875840890116,-147.619882012731
2008-04-25,-167.0086232131904,-169.6384708434506,-171.65498848522554
2008-04-28,-148.43666985682654,-152.613772142467,-163.78645594486144
2008-04-29,-158.6226649541925,-154.33823019037976,-161.10470602267307
2008-04-30,-157.37409475304293,-157.8754249937684,-165.9413229588823
2008-05-01,-165.3154843794419,-167.51672965351304,-168.88914205600074
2008-05-02,-163.27690485861035,-166.9264780114915,-173.31464730641076
2008-05-05,-124.79755146445541,-124.89060628225656,-143.4175669008348
2008-05-06,-156.2564333268813,-158.58434490189947,-161.24838487444322
2008-05-07,-160.8702348889298,-168.8806413383182,-171.02941800487525
2008-05-08,-166.1401572758368,-172.29690239063183,-170.2244598533777
2008-05-09,-168.1178114317541,-168.7432940846935,-171.42301389196987
2008-05-12,-161.25570176292933,-167.61567158879336,-163.76823957041694
2008-05-13,-155.62245639228968,-155.96126722043277,-161.1641646059405
2008-05-14,-159.20935701399017,-154.72711120734047,-161.5007132277336
2008-05-15,-151.4454997796135,-160.29420218712545,-161.46611411360865
2008-05-16,-154.14792393784504,-162.31199006860683,-167.73435534026785
2008-05-19,-160.60206816329944,-161.10013798353748,-164.71769042503504
2008-05-20,-160.05678514973465,-156.1796013323695,-162.4786465791903
2008-05-21,-148.09205557317085,-155.96687671352035,-161.83285947592853
2008-05-22,-157.43546644187194,-161.29872960996073,-165.81005325684808
2008-05-23,-131.39667415255514,-137.9695976085282,-157.8921118134537
2008-05-26,-155.9691177995995,-159.13628312061755,-160.26861994103876
2008-05-27,-151.79648323182718,-157.67582298179843,-161.93877592798341
2008-05-28,-165.2377330191332,-164.32474946939683,-162.6131205868288
2008-05-29,-159.84768604183205,-163.24417019612133,-165.99464017180475
2008-05-30,-167.52703673047952,-160.56229355957834,-163.03865833549247
2008-06-02,-152.7135840577482,-154.75815829680664,-164.6711702465534
2008-06-03,-162.01145094465662,-164.7208769539102,-171.26003420055432
2008-06-04,-154.32832847810144,-153.3255562576688,-164.94076509070663
2008-06-05,-151.36383268812048,-147.81515179834702,-155.6408161872219
2008-06-06,-150.8060325531396,-152.98041738475325,-149.74655983623964
2008-06-09,-157.18509983972157,-151.05140214515845,-152.43658617479016
2008-06-10,-142.85887176964093,-151.42371024230442,-157.8639941271354
2008-06-11,-142.5811023007742,-146.663384785512,-145.5340482473796
2008-06-12,-147.27880266775975,-149.777939919598,-156.98575190721152
2008-06-13,-163.0899756415174,-161.02811028967486,-165.26906881754812
2008-06-16,-142.88670082889115,-151.99485787716696,-158.65122476865832
2008-06-17,-159.62822931942145,-159.61666835206717,-161.57865258406943
2008-06-18,-163.65059150559125,-167.91602875598804,-170.6473786183377
2008-06-19,-154.4818568558092,-155.79343926512118,-157.29807755050436
2008-06-20,-163.6897266446114,-163.8504374701459,-162.83873479178186
2008-06-23,-157.9040956261927,-153.8662279105927,-160.16280238559403
2008-06-24,-155.6993377581458,-157.02769777891973,-162.27975146455913
2008-06-25,-136.64377296832072,-146.04114719484085,-155.33038709579955
2008-06-26,-145.59132140842158,-147.39901003368345,-161.10240149137118
2008-06-27,-157.2429051201175,-163.9307409529033,-168.63918300686754
2008-06-30,-149.15333793924603,-148.471036744711,-149.86112711773512
2008-07-01,-151.36586613607795,-153.85834948106952,-160.0825740517388
2008-07-02,-164.685643265966,-165.96973118072148,-169.3095947907539
2008-07-03,-162.1925447759821,-162.5468377699732,-163.44649647490405
2008-07-04,-150.25392638251108,-153.62311302846504,-162.10014652889296
2008-07-07,-160.64386254419188,-163.99694681522828,-168.83224641765173
2008-07-08,-124.92326842513599,-124.06049876562508,-142.72807502013688
2008-07-09,-142.23185687762563,-140.98161847442145,-148.25756420440888
2008-07-10,-143.16060347342375,-149.7832399366846,-162.51626947866325
2008-07-11,-166.66981919877082,-164.4896909243535,-164.95660525073163
2008-07-14,-151.36439886130034,-159.0493935206068,-157.18760175259166
2008-07-15,-163.37658505905583,-163.51821258419454,-163.3868559166759
2008-07-16,-142.66529779381705,-143.71558693848237,-152.3444576210568
2008-07-17,-163.48928369459688,-165.35832085762664,-164.83266119613162
2008-07-18,-167.11427787289392,-167.03128395196708,-171.68457579384705
2008-07-21,-144.06968827244918,-148.85062916503873,-148.14730092354048
2008-07-22,-161.05857305385967,-162.60196782859737,-161.72268775561616
2008-07-23,-152.11848508182266,-154.27162299490163,-157.88900758815208
2008-07-24,-165.54685854524504,-169.62594028644656,-167.45425117305297
2008-07-25,-163.7836114211519,-167.1211836583647,-168.40261049718367
2008-07-28,-163.52607031831482,-166.44294344906555,-170.08684846350639
2008-07-29,-162.97074201547434,-165.05308998516202,-170.55895001293771
2008-07-30,-154.23779264098593,-154.06015771521413,-159.88396160973238
2008-07-31,-142.8478727851794,-140.48861291408403,-154.61910875104041
2008-08-01,-143.8075167090835,-145.62544182753132,-150.30339452043674
2008-08-04,-166.30827731203175,-164.2385170579733,-168.03642318908655
2008-08-05,-168.85115082256863,-170.43216884830622,-170.8014827400863
2008-08-06,-159.6962607440451,-156.98635939643296,-165.862966587779
2008-08-07,-157.68529318599482,-160.45666801761578,-163.50571323484513
2008-08-08,-160.1450418839259,-163.44993601967533,-168.5978182584219
2008-08-11,-150.0029474708727,-151.09548395625782,-161.9147308785677
2008-08-12,-161.17839517715078,-161.9849618836175,-167.93509240861007
2008-08-13,-171.74515322319303,-172.71911507467522,-175.42327298165173
2008-08-14,-162.80621041187973,-165.18403825163608,-167.26775887730068
2008-08-15,-164.1828553013984,-164.4328810606775,-166.2670710996864
2008-08-18,-165.2966674747146,-163.26141467941088,-168.118980836997
2008-08-19,-146.19600086297336,-146.77163575520763,-156.3232466717286
2008-08-20,-136.12267712469426,-136.39662969735102,-146.8372566014338
2008-08-21,-173.7772129979933,-175.21194980482971,-176.39435112375003
2008-08-22,-157.175634920523,-157.45269637431576,-157.87620908156504
2008-08-25,-160.32033879956575,-163.7988703416441,-166.8353637511056
2008-08-26,-163.45780897528704,-162.79777109655245,-162.23792542797116
2008-08-27,-161.67859160219268,-164.88694700295125,-167.43930691829468
2008-08-28,-164.10073399933083,-167.2352055061857,-166.40205560242856
2008-08-29,-171.3543395758131,-173.87813188477782,-175.80714894494628
2008-09-01,-170.572463776383,-171.34313618479507,-168.2199875496347
2008-09-02,-169.70546924586063,-170.64402814980158,-172.24618599962545
2008-09-03,-158.6485299026543,-156.85577296277097,-160.67690092279082
2008-09-04,-159.32710728935206,-164.99940600636802,-168.90004477842677
2008-09-05,-161.95221752109325,-164.71943859691436,-162.4847139517767
2008-09-08,-169.98081492496237,-170.9428343216855,-176.233137035548
2008-09-09,-162.72004868005774,-155.00943808654316,-159.54250895816517
2008-09-10,-160.0153224263255,-159.72531942048232,-166.6683390632806
2008-09-11,-164.21705226157948,-166.6045203976457,-168.36474284397084
2008-09-12,-167.20717849070894,-167.85805654013268,-170.18931549101376
2008-09-15,-167.963914057709,-171.08951193798487,-170.75051009809567
2008-09-16,-161.7223412852597,-163.66777288908344,-164.56629639988125
2008-09-17,-141.55393677129265,-145.92706678711383,-151.73653063771923
2008-09-18,-173.44432546751338,-175.66733495660733,-176.2416761376619
2008-09-19,-171.0493667753616,-174.37075328937715,-175.8079081486218
2008-09-22,-161.4800565281338,-161.53126668379153,-165.42612805937196
2008-09-23,-165.77193163122405,-171.03736772995657,-171.39286570490773
2008-09-24,-155.03809398427438,-158.32645726974852,-163.68393199394433
2008-09-25,-145.8651378146953,-145.09756226586092,-151.25958155676057
2008-09-26,-147.097898006087,-145.75789173550456,-155.61936601578964
2008-09-29,-167.914348891938,-170.83848151235753,-171.90880591704837
2008-09-30,-149.37969678204186,-154.05716199903853,-153.53288714627405
2008-10-01,-156.6007034239271,-159.109215601608,-160.0002525792861
2008-10-02,-162.26929674063598,-163.24288045461398,-164.4486544639439
2008-10-03,-151.0187923380507,-144.62491646897294,-151.32867019184928
2008-10-06,-165.54716498956893,-167.10605926998596,-169.90390621188678
2008-10-07,-155.001657549222,-159.0389386749563,-154.307730292277
2008-10-08,-165.11834946084997,-169.1565781380689,-170.9127329296674
2008-10-09,-155.88130586913516,-156.6978802469269,-168.44400542353733
2008-10-10,-150.52491351462646,-148.9518057603685,-151.53032694329534
2008-10-13,-146.95085830132297,-142.90670373185142,-151.9609918518965
2008-10-14,-153.7858243339245,-153.8641103680214,-155.86684895237647
2008-10-15,-158.54651612814826,-163.03791810987616,-162.7454598451165
2008-10-16,-152.20170942692164,-152.1432883949918,-158.8192185864343
2008-10-17,-156.15654274026767,-161.6360699481158,-162.77243783073848
2008-10-20,-149.9200399809468,-155.9503823599504,-156.6700587322003
2008-10-21,-159.53980774688145,-156.1023110235506,-163.2736964727221
2008-10-22,-139.2299077906057,-149.23707857431515,-150.07036471816562
2008-10-23,-170.4780540703507,-170.43364579506988,-171.8040492452927
2008-10-24,-157.03222130105544,-155.27359075792043,-155.66724289367235
2008-10-27,-149.93047876056394,-153.19446106683512,-161.84116658475128
2008-10-28,-159.25714200142687,-165.5478233630215,-166.71054170232202
2008-10-29,-161.75800785516745,-167.6377606496985,-171.31731973751243
2008-10-30,-164.29558361328884,-164.42760564390153,-165.5241340808893
2008-10-31,-143.9974998693595,-151.15807467429647,-161.51179290624364
2008-11-03,-157.0964261902834,-160.15363896001796,-164.24367282833663
2008-11-04,-146.17186715907718,-144.77131732828892,-155.28412909795784
2008-11-05,-161.6797178759375,-167.84146676109253,-170.128638564277
2008-11-06,-160.63273296368735,-167.96731332417997,-169.15733686226338
2008-11-07,-160.72361351853405,-158.23097676328732,-165.31934688383473
2008-11-10,-151.04494739320293,-148.4674667333099,-162.52870606518306
2008-11-11,-170.055649627698,-167.30318609634384,-171.79576171731617
2008-11-12,-165.51984605494164,-169.57754083450448,-172.03188077276204
2008-11-13,-136.78918960762607,-140.74816639138854,-151.15270229449342
2008-11-14,-158.333699790643,-152.28253215177628,-165.60091624194547
2008-11-17,-155.16212067999933,-157.90246772803792,-162.02701283608695
2008-11-18,-151.29914069552404,-159.27412944793016,-166.10889985186782
2008-11-19,-133.87588355534274,-113.63616803340254,-139.2460050327929
2008-11-20,-143.9517354281242,-143.3645955987715,-152.66757967319865
2008-11-21,-153.96465556587248,-155.47648870881352,-157.9445166578308
2008-11-24,-151.90748710906524,-155.7289961457888,-155.15215622573552
2008-11-25,-159.37287959683323,-161.2319872280715,-163.76876619315127
2008-11-26,-161.18380575314737,-161.67489545402353,-166.6750890968322
2008-11-27,-153.88624725541186,-149.10528713362007,-156.21948552022758
2008-11-28,-164.48875562218154,-164.25990667910676,-168.45544020964954
2008-12-01,-158.6263951537855,-156.1402830660706,-159.67526957061304
2008-12-02,-148.46131683474528,-155.58550161580675,-158.77013496887633
2008-12-03,-157.07797512466803,-157.35444466188446,-160.85520153517234
2008-12-04,-118.56018442124261,-136.4300493138924,-150.23822853777142
2008-12-05,-144.04540080391465,-155.18565414791328,-155.00688883298815
2008-12-08,-139.9957103786946,-152.83813489331413,-154.19352286979014
2008-12-09,-140.08828031888484,-142.67363947232977,-152.60740263826597
2008-12-10,-163.34094907862763,-161.33223457447545,-169.22613607371844
2008-12-11,-146.00613706211325,-153.59824897520394,-162.05712077521522
2008-12-12,-131.54217883064126,-146.82382116191013,-151.65226250268594
2008-12-15,-119.44732267748785,-145.8537815910094,-153.57864252408956
2008-12-16,-147.84610795027825,-156.90724900226434,-160.1574957863714
2008-12-17,-121.90040171722379,-146.46122662967414,-155.99624118894772
2008-12-18,-136.3202281293109,-145.6394288150658,-158.7995037989161
2008-12-19,-159.65522365896044,-157.971850599285,-161.79918817872803
2008-12-22,-158.12167371295536,-160.55697752780412,-166.671004630059
2008-12-23,-152.7116219956251,-151.94318935499746,-151.11959657650775
2008-12-24,-137.95843484291197,-155.727993539661,-157.67719075738628
2008-12-25,-139.0411772538155,-155.08009355799115,-159.52925164127797
2008-12-26,-141.7091602193877,-144.19646923804657,-147.88361308640646
2008-12-29,-145.96762428863116,-147.2999062651233,-147.41344892885482
2008-12-30,-158.79626616960158,-155.0681594363486,-158.6841064771765
2008-12-31,-160.44841275628582,-157.8051681081064,-162.26952873134758
2009-01-01,-135.6551366459126,-139.75395239296864,-146.4762269415519
2009-01-02,-132.56804020997998,-142.43998464082475,-152.45506947920964
2009-01-05,-157.46306032071752,-151.8312549920803,-158.73480789979544
2009-01-06,-148.5621743136631,-153.45600139084206,-154.3820650821395
2009-01-07,-155.20149317377204,-155.58256345219212,-164.6221650619157
2009-01-08,-128.99942544178157,-151.9863338033735,-151.48959029745467
2009-01-09,-126.85649722113166,-144.61663898870233,-143.8234334972007
2009-01-12,-148.0579482868551,-157.6163036472155,-159.96477868747337
2009-01-13,-149.29245360203166,-155.12382687462852,-159.072228512785
2009-01-14,-154.66352796506857,-148.5065283000609,-154.7235577663128
2009-01-15,-150.09699928976664,-151.18000189294398,-154.749449929735
2009-01-16,-138.82610747971933,-144.73140183633495,-155.37338827656635
2009-01-19,-150.7350817731987,-151.02517299567216,-160.04441680980835
2009-01-20,-146.9852662490157,-146.65530561530198,-151.65275249362273
2009-01-21,-127.79220945550045,-134.4763637659131,-141.53612124643266
2009-01-22,-144.50755447233888,-151.1652348024248,-150.1256510265886
2009-01-23,-152.6845135452854,-152.8690855550292,-157.6494033629064
2009-01-26,-169.99875863170462,-163.2748756520522,-166.75564777286183
2009-01-27,-160.09859172781225,-156.88241198761827,-156.5152839527682
2009-01-28,-146.4070591029571,-145.21272652840736,-143.4938332760826
2009-01-29,-149.96181594063228,-153.62918912657312,-161.66569202331198
2009-01-30,-147.25952516711683,-151.561382991699,-150.16562673331077
2009-02-02,-154.82216356979623,-151.9112893360159,-154.45014102474147
2009-02-03,-149.27449057782584,-152.4122925281402,-157.39384518028544
2009-02-04,-153.56740036871295,-153.35336189784732,-156.36380486818504
2009-02-05,-132.4586293778733,-140.50735885360768,-141.6250477076585
2009-02-06,-156.23177661980628,-159.9679014658628,-158.15720405166155
2009-02-09,-160.4558071490068,-156.81314702755168,-157.6170949921155
2009-02-10,-160.32235882440256,-158.448508294755,-163.15005736217105
2009-02-11,-156.401104306719,-149.5235556160777,-156.5048899014309
2009-02-12,-145.31325203705822,-150.1116006497299,-157.3450051318287
2009-02-13,-142.816674960711,-146.36091547714116,-150.64601469051416
2009-02-16,-152.61794195067935,-155.55202273013057,-158.23461206762815
2009-02-17,-148.77350546713723,-158.80739334642152,-160.95784618950768
2009-02-18,-165.38691785392047,-164.17687144541196,-166.13872379387735
2009-02-19,-157.46344846724065,-159.77165492739607,-159.94243602577157
2009-02-20,-151.81822558919126,-151.98738876162636,-152.12868796980882
2009-02-23,-124.25869483316033,-140.94862019826058,-155.3413755683615
2009-02-24,-163.10848679481242,-164.93037719718538,-166.5510047202446
2009-02-25,-136.3311820842093,-141.65041700504895,-140.57608698890928
2009-02-26,-124.46217284458578,-139.8965535889958,-150.4923292013724
2009-02-27,-144.30597999793676,-146.26401754934483,-146.9494957147207
2009-03-02,-147.64684878863534,-150.4985745973618,-150.0088665958259
2009-03-03,-158.11587175637027,-157.58825373061688,-159.38117227150485
2009-03-04,-157.74012285010886,-160.47166158949634,-159.6979036560472
2009-03-05,-158.05011707476942,-158.44946220537287,-162.8741507233871
2009-03-06,-143.62142411038806,-144.495208299666,-146.05348517456224
2009-03-09,-113.99460032354126,-132.13730819877514,-142.0239122311469
2009-03-10,-156.16184404524964,-154.4826127904297,-156.96294820109523
2009-03-11,-136.54841404148902,-149.2586241911758,-155.57357929076773
2009-03-12,-167.4730184516407,-164.0266691855342,-166.97024812670685
2009-03-13,-152.4483247586799,-155.44990777913725,-156.87632330350422
2009-03-16,-114.79169390838726,-129.50962788619395,-146.0259105550816
2009-03-17,-88.89243362201267,-130.50092846661178,-148.19364398421115
2009-03-18,-153.0857116997284,-153.88289597007042,-154.66554980507334
2009-03-19,-157.1116126128146,-156.00439384743044,-155.51161575804727
2009-03-20,-159.86189769695557,-159.00902994326208,-162.8096801036581
2009-03-23,-153.94169979928836,-156.90037641470207,-159.06259898144765
2009-03-24,-129.80973696917488,-138.60334585568643,-148.62921021249784
2009-03-25,-140.14894714912052,-158.30762290198234,-162.5317551397261
2009-03-26,-145.71015470194925,-146.13672194014387,-154.09629492279538
2009-03-27,-136.7427694372713,-148.25126684337792,-154.1178525955584
2009-03-30,-160.94531748178838,-157.1734038897184,-161.9439513852551
2009-03-31,-151.16182705259249,-147.19034549264313,-148.04255990437457
2009-04-01,-162.56622887243583,-163.05181363563156,-166.84288688322556
2009-04-02,-121.03093392112146,-137.95809208690054,-152.8549327086906
2009-04-03,-158.03373709104042,-159.4338850126363,-161.21361850105694
2009-04-06,-152.63162181258633,-159.67701916919629,-159.6809426433879
2009-04-07,-167.948235875458,-167.48256163974736,-168.10998347151158
2009-04-08,-149.83254428852285,-152.5095189415563,-146.8501646014381
2009-04-09,-155.33608533385004,-159.99790996696905,-165.4214307131843
2009-04-10,-159.43183774511505,-159.25302577858002,-164.6006485147014
2009-04-13,-166.51131524108146,-163.22717994839465,-164.0249472277096
2009-04-14,-172.14723895261469,-172.86853127000865,-175.6477141799468
2009-04-15,-154.71943901406854,-150.26576004949686,-151.62672658864986
2009-04-16,-159.83796499356725,-159.73479438549768,-161.2883900317895
2009-04-17,-165.52554201800763,-167.17078164102196,-167.3680709993265
2009-04-20,-156.4545529984451,-160.61767582724408,-161.33895918765023
2009-04-21,-160.28208612320054,-164.39062860824117,-167.5517927128984
2009-04-22,-156.3487156692359,-149.90831591555983,-155.050443919899
2009-04-23,-161.83378228178233,-159.6918772217854,-162.02684323447906
2009-04-24,-165.29533604984076,-168.28868440575752,-170.30813487023806
2009-04-27,-153.15815364530735,-154.04587252332232,-162.01444147659217
2009-04-28,-156.06018480816664,-157.76764803827317,-161.1170046422206
2009-04-29,-161.5998357568175,-160.0802154381205,-164.3401169566196
2009-04-30,-160.41228026881095,-162.79946095550747,-161.23141953841133
2009-05-01,-169.41512785930584,-170.8900544534523,-170.8840386195986
2009-05-04,-159.3209808883449,-156.81947872545143,-162.4185663084687
2009-05-05,-166.34748420857852,-170.03928798322931,-172.00929271640908
2009-05-06,-155.11839326275992,-148.24746304750906,-152.54072916413594
2009-05-07,-166.3245664328934,-166.50606982532585,-172.26962255955377
2009-05-08,-150.19115609058517,-152.4788061820759,-159.45156344767022
2009-05-11,-166.1864822018073,-170.06717504359597,-170.91719987058906
2009-05-12,-169.50290102777086,-173.45199292975545,-174.73974944354853
2009-05-13,-160.26647224731803,-160.63873108827028,-165.3641910658392
2009-05-14,-169.97628921067852,-173.85684116407458,-174.5237020174683
2009-05-15,-158.96553559886553,-167.74131268290026,-169.13251117823992
2009-05-18,-162.58432882664235,-164.50422964554926,-168.34320105553587
2009-05-19,-150.82648969524263,-151.14499143712544,-158.3289951368575
2009-05-20,-171.07839151789923,-175.05488537678036,-175.93308671856843
2009-05-21,-147.9015278947812,-150.33486877513278,-154.0389832679801
2009-05-22,-155.24259158967874,-145.9436206267452,-150.06516589878862
2009-05-25,-161.66149496996255,-163.27146776329644,-169.09493668432765
2009-05-26,-161.8045325532335,-159.72346371960265,-168.16964717932575
2009-05-27,-162.7392924995325,-163.60327350125084,-166.69316835331347
2009-05-28,-151.154503981929,-147.58872770960386,-157.25269216718542
2009-05-29,-153.65294172430325,-150.78912422478714,-150.46840866981998
2009-06-01,-172.06646889739721,-173.07006881281197,-174.1661629951501
2009-06-02,-168.69228716795692,-173.01165789751556,-174.52768793786774
2009-06-03,-168.5324261617557,-171.0487641770919,-174.38264867448558
2009-06-04,-142.97837417200566,-141.85484147815035,-144.5749877942824
2009-06-05,-170.11168080346246,-168.07191047417655,-171.18228593724717
2009-06-08,-159.1151197663973,-159.0607399936787,-159.25102483499535
2009-06-09,-158.77293450713353,-156.06289402467127,-160.88916627525995
2009-06-10,-164.31960388180494,-164.61006421545252,-171.2815661952832
2009-06-11,-154.63628751907052,-160.36267023018812,-164.52877599054585
2009-06-12,-156.81244035158028,-158.02179344009008,-159.1824300242554
2009-06-15,-152.39995551287475,-155.1285187083862,-156.8216420671882
2009-06-16,-167.4574863412227,-168.13028707137687,-166.98064226484124
2009-06-17,-160.5671682684203,-158.0086466135292,-164.97572838779578
2009-06-18,-162.42278889454175,-165.83472928941094,-167.7516380660553
2009-06-19,-153.6934006062162,-154.32713765125942,-161.6990091571384
2009-06-22,-151.8055119993724,-157.73191232830698,-161.43981222383732
2009-06-23,-140.57792006321498,-142.70490887601818,-147.9796140594655
2009-06-24,-163.4484591203326,-165.96109079721725,-168.34794266259638
2009-06-25,-166.67208375296008,-169.97132765695793,-174.21112167756021
2009-06-26,-162.23042966136265,-160.65165006812217,-167.392127736174
2009-06-29,-153.1666279521636,-147.75173258062978,-155.37269973145817
2009-06-30,-170.00167460854394,-171.06793263671742,-172.04231000596874
2009-07-01,-145.7655540790689,-149.02792100665755,-152.07549551592757
2009-07-02,-161.0171148874337,-158.81991659157222,-162.95912909071436
2009-07-03,-156.69027490000028,-158.56836141673926,-165.55621108671946
2009-07-06,-160.0479776739153,-162.2077400339208,-162.6279771033871
2009-07-07,-161.14827187899485,-162.71763692940084,-166.3846071004897
2009-07-08,-158.77400085298373,-164.64700355118632,-168.41708002356268
2009-07-09,-153.6169426864075,-155.26589814151697,-167.57686552339152
2009-07-10,-141.84164213915818,-146.94271246976777,-149.78296758491533
2009-07-13,-151.68124564317202,-155.9203322561792,-160.65420243480375
2009-07-14,-146.22230090928147,-155.52875295560602,-161.29752726818532
2009-07-15,-166.60327914337114,-164.91591819592492,-168.23480375583895
2009-07-16,-139.23107782789015,-137.79556866464563,-149.60984179936565
2009-07-17,-153.53912776030032,-161.56552097408277,-160.80649925705146
2009-07-20,-157.20219546410974,-157.8983266403644,-159.15021534623924
2009-07-21,-158.64814925557687,-158.447945372758,-159.6346631941597
2009-07-22,-147.81526751577564,-153.56740797458826,-158.96724892516517
2009-07-23,-155.6399090881503,-156.9984863954299,-157.14743195531568
2009-07-24,-157.40960592960485,-157.3546193632131,-162.5828423348875
2009-07-27,-167.77279820326152,-167.0678335596306,-168.18174841104556
2009-07-28,-123.39869033996432,-132.38294111481957,-152.68676519967693
2009-07-29,-142.4928063216937,-145.1307293970886,-161.59886414857584
2009-07-30,-122.92266007090433,-132.33409158010997,-148.60357381402895
2009-07-31,-152.99730143946397,-162.82691100664275,-165.84870635723294
2009-08-03,-165.41037819855248,-167.4786483397927,-168.6411647582703
2009-08-04,-167.0621796865234,-164.0531404981955,-166.17199987775984
2009-08-05,-139.9614843289663,-152.36125219647528,-164.2946753707337
2009-08-06,-146.01050961996154,-147.37110217528925,-154.56781293577535
2009-08-07,-164.87848266363653,-156.84724243605817,-162.14014788695738
2009-08-10,-137.39547249526245,-141.51302359658732,-151.02761917297076
2009-08-11,-149.431406100144,-153.27600229553784,-161.33101840359723
2009-08-12,-165.80435124642776,-166.90295210124302,-166.99229646620066
2009-08-13,-156.46418545299696,-156.84942998926428,-162.37789607730068
2009-08-14,-139.24602799734134,-144.3526523586374,-151.5805606716334
2009-08-17,-155.6062306130957,-153.9948891214448,-159.54054014089837
2009-08-18,-161.37221672284875,-162.06161767271695,-163.50120333502025
2009-08-19,-163.51503283288528,-163.58036807775662,-165.98702576285683
2009-08-20,-162.37836291333488,-163.9755103891847,-166.18409592067806
2009-08-21,-164.11341630612583,-165.08547542065025,-168.90590980691655
2009-08-24,-144.46000940292475,-143.56323511093754,-159.487804636599
2009-08-25,-152.9038398742715,-155.67694818978163,-164.77738726902783
2009-08-26,-162.24277967799975,-165.49994310540697,-165.7056935365342
2009-08-27,-164.12132223814478,-168.03746815097867,-167.40850375308804
2009-08-28,-162.4567029814632,-163.36565928299785,-162.16579816504228
2009-08-31,-157.423056215636,-156.74459967662023,-158.11652027821157
2009-09-01,-165.7101365520303,-172.0102109378009,-171.4523619322409
2009-09-02,-165.11742603723215,-163.44080752241086,-161.32684192289327
2009-09-03,-157.47494672341324,-154.53494709253508,-160.99809415093077
2009-09-04,-155.83329758921118,-159.20579502709222,-164.25748476564388
2009-09-07,-161.15232742981595,-160.1636138773997,-162.78984199834014
2009-09-08,-151.06129091345412,-151.3558512782111,-151.19128783503723
2009-09-09,-165.86810073363935,-166.61536645919247,-167.21881078640618
2009-09-10,-165.76340495980187,-168.19573245116823,-171.04506607685542
2009-09-11,-166.39721749236486,-166.53967680511406,-166.43721386120222
2009-09-14,-166.97974627447266,-168.99798366371942,-170.99806227090932
2009-09-15,-166.78935546688516,-169.6120610785929,-172.0121107624433
2009-09-16,-157.3468216022161,-161.2778015799753,-163.36797345677527
2009-09-17,-144.33695497347998,-141.85321263858543,-151.94449356192723
2009-09-18,-158.663307685282,-156.8534560409264,-155.59502166659544
2009-09-21,-147.17386206910865,-149.63723829007486,-159.60802964302607
2009-09-22,-160.51841472676256,-158.91467233713195,-164.69814605033147
2009-09-23,-148.44742261664362,-148.17801912367986,-147.29564666210084
2009-09-24,-161.5288356706721,-165.0449054271732,-162.89770193873395
2009-09-25,-144.1528009502383,-148.22492066271064,-150.2725762539627
2009-09-28,-160.10263421787656,-159.49414692827253,-164.03711374952138
2009-09-29,-170.32995665750622,-174.1681931836877,-173.00810514230338
2009-09-30,-153.88942026682835,-152.04923679311895,-156.29036389992683
2009-10-01,-161.39327340042607,-160.52626933689655,-168.14923953176
2009-10-02,-164.6207760395278,-167.09157518766327,-166.4017608458132
2009-10-05,-159.58742734057975,-159.79519895940547,-165.9059052403004
2009-10-06,-162.15665007464366,-165.96171429627145,-164.36672757167594
2009-10-07,-142.72262114615734,-137.08377827292517,-149.339569427568
2009-10-08,-171.34660168006118,-174.11614544903392,-175.62977779302093
2009-10-09,-160.3019666663398,-163.0146009731393,-162.58863975375795
2009-10-12,-157.88195958344062,-151.53048443300582,-155.53742869238087
2009-10-13,-131.80767057686734,-132.59916098028305,-152.46662261698023
2009-10-14,-152.48662826176337,-148.63730935160402,-149.18114491469532
2009-10-15,-158.1579592221515,-160.08745739565163,-163.0173422772492
2009-10-16,-151.39247318679395,-151.56240646192452,-153.38452048061117
2009-10-19,-148.18682856662565,-150.65904357402908,-159.88204609210777
2009-10-20,-137.8278744401128,-151.26285824714483,-159.20941120925963
2009-10-21,-153.8223565230705,-146.04824655010458,-153.77243944622893
2009-10-22,-139.58312784099243,-157.2984461267976,-156.6441872817127
2009-10-23,-151.45765265417123,-145.25078403056108,-151.7067249672282
2009-10-26,-163.70896625108708,-165.39824884269348,-166.4586066444622
2009-10-27,-152.01337214995561,-162.29349215832377,-161.40441583375113
2009-10-28,-147.72007362340295,-156.6370591053243,-164.93505209456237
2009-10-29,-140.1169145640689,-145.71562114532682,-145.943001050979
2009-10-30,-158.022063056843,-166.09260015467353,-165.2617963455378
2009-11-02,-154.27066621057233,-157.5859307744062,-155.138039416822
2009-11-03,-159.91921365528748,-162.4258346995428,-167.0264572138911
2009-11-04,-159.33970883817506,-164.41654211413305,-165.89607970994481
2009-11-05,-161.49918184303854,-162.77958884846748,-166.59543237603378
2009-11-06,-168.00209351261833,-169.82789815003707,-170.69855283589
2009-11-09,-164.5540438908242,-169.6940963491445,-171.48521507270354
2009-11-10,-164.95216291082346,-170.7320186722744,-170.01676385579702
2009-11-11,-154.97021696118028,-156.93300916472077,-158.27455081753658
2009-11-12,-169.70012222261994,-172.92525202901575,-175.33437912874203
2009-11-13,-155.15402677989334,-159.39845516477305,-164.41724962135012
2009-11-16,-167.15438243574746,-168.05526625208705,-170.30290605433305
2009-11-17,-153.61303884855423,-152.14531019360493,-157.99520813799123
2009-11-18,-169.69757635963276,-174.42055485001023,-173.46019348516327
2009-11-19,-143.43699219127146,-143.55697541526064,-152.64232648102123
2009-11-20,-164.088724947862,-165.62405311861139,-170.39316871974762
2009-11-23,-150.47336874402623,-152.6478383314103,-161.1131879828371
2009-11-24,-159.0291909454777,-160.96388341737332,-166.08515901709814
2009-11-25,-160.085537536058,-163.85253550868657,-160.90481398538344
2009-11-26,-161.15469595188995,-162.8142425880137,-171.76598947908647
2009-11-27,-168.2630052176724,-173.59346429503478,-175.67288217815994
2009-11-30,-155.2792920871415,-149.09091025524597,-156.78491982560564
2009-12-01,-165.94825970892072,-168.52891946660552,-174.69254342857636
2009-12-02,-171.05895608849346,-175.50207780936552,-175.27289894584558
2009-12-03,-131.28415639945055,-129.02944930213795,-149.23700503719073
2009-12-04,-165.84481486424787,-168.9054988231441,-170.4525046869509
2009-12-07,-162.62302377985546,-162.0473719352797,-167.08731410598824
2009-12-08,-164.0558247802953,-164.9554042295529,-169.64735400986152
2009-12-09,-155.94243907340544,-156.77482999797544,-159.66774215062264
2009-12-10,-151.9391820196958,-154.54233928780462,-164.32842350622454
2009-12-11,-161.93202037811554,-164.75858864019906,-169.6549523339142
2009-12-14,-152.3487855479323,-147.27364641851085,-163.15212077229663
2009-12-15,-159.2715453158353,-162.7270880444088,-168.97500027855065
2009-12-16,-155.04120489446652,-149.8356398608888,-159.70738141920103
2009-12-17,-153.33340617991507,-153.0101007192663,-161.8550605157031
2009-12-18,-168.86922339760443,-171.07797867382706,-171.15707507978672
2009-12-21,-169.74412988131314,-172.86623418063382,-172.16117875131704
2009-12-22,-162.8997624687311,-164.27094704426304,-164.480929805094
2009-12-23,-164.7162342526939,-169.4360276340769,-171.29959505649506
2009-12-24,-158.19233401366822,-161.27478828931015,-164.79095694997935
2009-12-25,-140.38804481055072,-134.29076799986603,-148.07693181025536
2009-12-28,-153.444953343248,-157.45792381288712,-162.5946749129476
2009-12-29,-157.5474045336819,-155.62238895956912,-158.43574567273174
2009-12-30,-167.75126198914293,-171.83011667800412,-171.84777964639648
2009-12-31,-157.29568081460894,-159.07072181599887,-152.371538807422
2010-01-01,-154.16610162633182,-156.27610500712441,-161.11488527741878
2010-01-04,-159.12907950141823,-159.83148020000232,-162.12667331990394
2010-01-05,-159.31583049804757,-161.26630056561564,-164.24016826285822
2010-01-06,-139.51186049780165,-143.98281070804546,-156.60277921688794
2010-01-07,-159.12935175154058,-155.58935854495684,-162.1545904442436
2010-01-08,-161.4603961095133,-159.8669520790879,-163.55690889158535
2010-01-11,-150.87864036766678,-152.4541726521831,-163.03608112708076
2010-01-12,-162.75114284291027,-161.89183251203394,-162.67665728470416
2010-01-13,-154.0062233851005,-159.90139433687628,-160.35383856136482
2010-01-14,-161.30878866729591,-161.03375444367654,-163.50190537593414
2010-01-15,-164.36131837764913,-165.17344673935585,-166.1648847081537
2010-01-18,-172.64475414028414,-174.91962247155166,-176.42990511091014
2010-01-19,-164.95535701920969,-166.320232214852,-168.44228795859163
2010-01-20,-151.9997271271562,-152.20876279871314,-153.189286515114
2010-01-21,-167.5094149565035,-167.8248835493629,-170.34505177204636
2010-01-22,-163.4057034902268,-160.35774131850212,-165.06196301830326
2010-01-25,-162.11883184299444,-164.6820884311809,-165.04836423185472
2010-01-26,-157.16835117539898,-154.22264235152664,-163.0790442488108
2010-01-27,-162.97378717907978,-164.39476805666376,-164.25589174827277
2010-01-28,-164.62492733933195,-161.65844287221455,-165.4637358699645
2010-01-29,-166.4095883870944,-166.50205166259587,-162.35379213734086
2010-02-01,-148.09654908629213,-151.35399703097337,-156.58376971475712
2010-02-02,-151.5560698088708,-151.89877373720083,-154.70214174841598
2010-02-03,-156.66026039277352,-158.91765797933465,-169.0945802045231
2010-02-04,-163.7071422265459,-165.59287212400548,-170.79162631474657
2010-02-05,-169.09492053411537,-170.5537941080628,-170.64835224765702
2010-02-08,-162.98262629360113,-163.75028236163024,-163.99903781850875
2010-02-09,-159.1009999231317,-158.8736364333609,-167.4248909121964
2010-02-10,-169.2127061573236,-173.09638107970127,-174.82825784858133
2010-02-11,-158.39514593885747,-160.49217446163883,-169.07509403950635
2010-02-12,-160.5478828228509,-161.68376845635464,-166.7520091761468
2010-02-15,-173.44903473975612,-177.68277684414244,-178.25297535049202
2010-02-16,-168.57934981274067,-172.6335345789369,-175.35157324986977
2010-02-17,-165.9094327508058,-165.9260860685248,-170.14795105209186
2010-02-18,-165.20319056905458,-167.63014483743203,-171.62218949845592
2010-02-19,-156.23268951646148,-152.20541433911896,-160.50465971550457
2010-02-22,-164.71116081403346,-163.240222487098,-168.2676649407081
2010-02-23,-160.31516647902157,-160.12196194610587,-163.86663170348572
2010-02-24,-165.9369590364509,-167.48621658248493,-170.55309445393445
2010-02-25,-149.06178894163506,-157.98501472893003,-157.63896144959887
2010-02-26,-163.40856017649824,-165.24906813319012,-171.1686955121605
2010-03-01,-156.8777859095636,-167.8030969675657,-171.45929051904483
2010-03-02,-161.60522865241109,-159.8729738613482,-160.74121839753838
2010-03-03,-144.71368659652484,-144.96240111125496,-160.70965298719645
2010-03-04,-165.3453528316257,-168.86052962324686,-171.63946615621245
2010-03-05,-167.64296418884715,-169.80989354700614,-173.42265926574999
2010-03-08,-139.3771561550068,-150.23342529555865,-155.41913905721904
2010-03-09,-152.53274933015447,-152.74902910989837,-159.32888302420562
2010-03-10,-158.4996415835417,-160.029582996843,-161.63006552609022
2010-03-11,-167.88955106660202,-166.66110116682427,-168.2532981571566
2010-03-12,-141.8769557196889,-142.0538774092243,-151.8241790703375
2010-03-15,-167.673558909738,-166.1466052282805,-169.67771215838656
2010-03-16,-156.31368610239485,-155.8073576323576,-161.0816746577486
2010-03-17,-165.62356024543743,-166.25348294372247,-170.67607570639638
2010-03-18,-164.53315713421452,-162.15776732998515,-167.19753354033213
2010-03-19,-160.121879802339,-157.03595918236985,-157.51187272681906
2010-03-22,-161.61596821622007,-161.62277437559936,-168.88927565133332
2010-03-23,-165.54148981281097,-166.63489411423706,-171.16137098151262
2010-03-24,-153.10820346831864,-158.05164075206574,-155.45608875437634
2010-03-25,-140.0236260928765,-148.83275995847745,-160.35616502679443
2010-03-26,-150.36720923820104,-151.33914407220956,-157.06431695067772
2010-03-29,-165.9980893362954,-168.4023040909905,-169.31832327042233
2010-03-30,-163.73989182887973,-171.8010249374914,-175.7285754355941
2010-03-31,-158.17317835247732,-163.10362494533356,-166.87813505922972
2010-04-01,-160.15017490234604,-164.66974355094064,-165.97971130975438
2010-04-02,-159.01546140936378,-156.90125232919155,-168.83315118257457
2010-04-05,-155.4795304167808,-156.34110072065792,-157.6226024703293
2010-04-06,-129.1327475687741,-135.23787155649256,-146.56214137701238
2010-04-07,-153.46132870724122,-160.97454944419317,-165.15312795780528
2010-04-08,-127.52267553739853,-149.31227138363997,-151.42265800205152
2010-04-09,-135.3164299468716,-132.49212894111184,-146.63045100252364
2010-04-12,-96.18408371292911,-120.64622865355089,-142.6861184806969
2010-04-13,-156.1659257864252,-161.8820768980237,-162.01006509553446
2010-04-14,-160.1342522599312,-161.94374334396088,-163.5622807032734
2010-04-15,-140.95945537824778,-153.4863088108616,-162.03970852899616
2010-04-16,-143.06861344321814,-152.93542990188618,-156.48185259498194
2010-04-19,-130.2302779705677,-148.48372379748113,-156.35845229872484
2010-04-20,-140.4067988364942,-137.88441721578712,-155.86936905736496
2010-04-21,-157.48799953394672,-163.2039008937613,-167.5894999820031
2010-04-22,-114.77112434820744,-139.01951538493256,-142.49603588721035
2010-04-23,-157.59512729990496,-161.01660395594595,-166.58849468209868
2010-04-26,-143.67272849624726,-149.934015034563,-151.77786045379503
2010-04-27,-162.3025106148912,-164.16231664860297,-166.43586990807637
2010-04-28,-155.79608574855283,-158.27653183865758,-163.60724649201669
2010-04-29,-150.8422031879993,-149.87498939090844,-152.6866524552413
2010-04-30,-158.21513418352234,-160.41800506933137,-164.38007641754422
2010-05-03,-153.7186528643814,-158.37181185468992,-163.5149859696842
2010-05-04,-167.1871230218342,-167.13526409975196,-172.2732196456779
2010-05-05,-170.33134369472253,-168.59449867545132,-171.82120293946568
2010-05-06,-151.2841031405353,-152.61744188068232,-157.2847269289257
2010-05-07,-157.95090471959472,-161.94097765666768,-158.24549718122998
2010-05-10,-153.06641023161367,-153.86417886378467,-158.61084161573194
2010-05-11,-153.2084598350737,-152.84589693680414,-150.12201415831095
2010-05-12,-164.6310773733548,-168.08247107416076,-172.04328460736465
2010-05-13,-156.9289869005923,-156.5808548908531,-159.87559104955957
2010-05-14,-168.96517931332667,-170.4959999121657,-168.140712962685
2010-05-17,-153.90040519429039,-157.05058143963683,-162.2471792740051
2010-05-18,-165.58517735010702,-166.17006773277626,-168.29144129208538
2010-05-19,-147.8495708748739,-151.93968026152555,-157.84016789794308
2010-05-20,-157.3066347131988,-160.84938985701706,-161.2183697445884
2010-05-21,-160.99388589162788,-163.18685635097987,-163.50905002803148
2010-05-24,-157.43220895645368,-156.63780545880775,-157.53379826213452
2010-05-25,-164.67530032901308,-169.12276219779713,-169.03839700736046
2010-05-26,-161.7353847933426,-162.66909071369395,-163.07958304563783
2010-05-27,-164.5816818784348,-166.61877540103382,-168.42163070609337
2010-05-28,-153.83281569225616,-153.63635978067092,-156.26915460171878
2010-05-31,-158.94407513379318,-162.24961350763547,-167.96854963664651
2010-06-01,-169.7168691627495,-172.28122606178727,-175.64181550432846
2010-06-02,-161.5390250971331,-157.79813556012022,-157.2021888304814
2010-06-03,-158.28281407156504,-152.63750097741928,-158.49714061669172
2010-06-04,-158.24272755514306,-158.05274495076208,-158.3789229002232
2010-06-07,-155.27624983981931,-154.80742488414933,-157.09707867027328
2010-06-08,-141.07160180247973,-139.59244420497438,-156.6451925897567
2010-06-09,-146.0561221068036,-148.70227487923646,-149.19545762530555
2010-06-10,-154.06209673354692,-154.53801602816216,-162.55419075794566
2010-06-11,-151.917230493778,-153.04429172931648,-154.86409335592742
2010-06-14,-158.73187052639065,-161.2039607867422,-164.63354915588718
2010-06-15,-150.29722828461826,-148.5163393253343,-159.32939104738819
2010-06-16,-165.394597861562,-167.25542256958641,-171.05468842857735
2010-06-17,-158.73276206498502,-156.58022399513362,-156.07216216758928
2010-06-18,-158.9674715935181,-162.61357414419703,-164.19035403782823
2010-06-21,-136.50272051903326,-143.46147700135748,-157.95009760217897
2010-06-22,-155.0611934495665,-158.6083324561276,-162.59268630033648
2010-06-23,-156.91268425397212,-153.90942636520828,-155.35836354614483
2010-06-24,-158.91471093220304,-158.77843804510718,-166.14691736781074
2010-06-25,-119.56151387871695,-130.42627796767354,-148.8863714433053
2010-06-28,-139.4056767841975,-143.42554499642725,-157.19799895319733
2010-06-29,-143.4169691502907,-155.2913557464118,-158.08354322501356
2010-06-30,-141.36999468856925,-143.23057422048217,-151.95608123401476
2010-07-01,-157.65104004688123,-161.32710629715984,-164.95348807613266
2010-07-02,-134.1038572565902,-133.6950687136554,-145.08457740588443
2010-07-05,-137.74079082217932,-145.47252600459592,-153.80652677393127
2010-07-06,-158.03313044192663,-159.88754980263536,-165.37440505744945
2010-07-07,-156.94443065416027,-159.2736833024651,-162.72551855125295
2010-07-08,-137.07171460805765,-151.5627326190527,-163.2842902629192
2010-07-09,-137.2787767781449,-148.87232228552614,-156.71620848372945
2010-07-12,-147.40029050893423,-154.31478728580728,-158.9118852052163
2010-07-13,-163.5203671346711,-160.6214840350863,-163.95319815134476
2010-07-14,-141.7237984555175,-157.04170280838255,-161.13681292259616
2010-07-15,-140.84282987515206,-158.53666626234602,-158.6167183613463
2010-07-16,-147.8825317497465,-153.8003377212039,-159.17726802054585
2010-07-19,-153.65576491468835,-159.08709436444573,-164.28516395768216
2010-07-20,-117.19509545035342,-143.29041409511632,-147.09590973249536
2010-07-21,-152.58329057063852,-149.91819098029967,-153.3473696721538
2010-07-22,-145.10552777364552,-152.37733479104398,-161.0125453810432
2010-07-23,-157.7536105943027,-163.49849445643738,-165.67769576606577
2010-07-26,-156.8241397269735,-161.37264986682084,-162.9329241503541
2010-07-27,-160.94646072775748,-161.7687301891496,-164.20400293964104
2010-07-28,-154.90355362178093,-155.27161917358427,-155.17708888981906
2010-07-29,-154.05899241189763,-158.13088652841816,-164.58988267894279
2010-07-30,-162.0494496236665,-163.28827654099516,-167.91399820983503
2010-08-02,-148.9732564827566,-158.00844417144611,-159.282917621142
2010-08-03,-162.5039596454019,-160.1329224609906,-160.51360777903403
2010-08-04,-137.264484401895,-148.37205274079776,-149.01503953476
2010-08-05,-144.50406064910294,-154.25199093649934,-154.5233593061552
2010-08-06,-156.21465714415504,-152.38343726973133,-154.64728847230072
2010-08-09,-155.35988853900534,-164.28887795811139,-168.16578965346667
2010-08-10,-157.4448431413924,-159.1133683680873,-162.44404890453714
2010-08-11,-164.5094855631319,-163.85286167907395,-164.45220698628677
2010-08-12,-158.4518956597903,-158.10866780126977,-164.94927292420942
2010-08-13,-141.9043789323068,-147.1444270096286,-152.65924425019543
2010-08-16,-166.2594625380372,-165.98084668250382,-167.09653520232052
2010-08-17,-149.61579683730992,-156.91301994781793,-159.80018167208712
2010-08-18,-162.44993003685641,-160.43177010479337,-161.41407710293447
2010-08-19,-163.02348313937142,-165.24108827271655,-167.9615710080214
2010-08-20,-149.84925242550673,-154.9309592948653,-161.61949998317925
2010-08-23,-153.0113299087206,-152.68851634471827,-155.60944596468306
2010-08-24,-143.9030858317492,-144.9687450826052,-156.36645395157066
2010-08-25,-159.70519895849694,-167.02509090840016,-167.04010216661231
2010-08-26,-161.03415637103345,-162.83813357879316,-166.32616345665485
2010-08-27,-161.86241146043687,-154.40655587343787,-165.0430908794867
2010-08-30,-157.4795997507627,-159.69040119725287,-166.33550197586607
2010-08-31,-146.78908077435815,-144.65862923377574,-155.1899614720575
2010-09-01,-134.36785383797852,-136.01941296909337,-151.48566001175783
2010-09-02,-157.13359098273307,-158.17923827966666,-155.71956150765473
2010-09-03,-153.9956500526075,-157.13302360286022,-165.80173649374166
2010-09-06,-149.0850034650863,-148.46975652818827,-148.35627955417314
2010-09-07,-162.0215084636336,-164.31468618454738,-168.82535051742545
2010-09-08,-153.35871160369442,-154.1145231129608,-155.90248353422845
2010-09-09,-159.1383138713835,-161.31945524541507,-161.9637743162606
2010-09-10,-160.1992965153814,-162.2148369449989,-164.30495813625885
2010-09-13,-154.03465458666585,-151.85810048714356,-161.28654576926178
2010-09-14,-162.33425671082628,-161.90934048307636,-166.69256818437677
2010-09-15,-153.33059727570213,-152.9998226076341,-155.51632300987768
2010-09-16,-167.97350498509564,-169.34481210867338,-169.35145782444232
2010-09-17,-162.77356509699786,-164.95199989756907,-166.5748079815372
2010-09-20,-162.98978371577883,-161.83759571601402,-164.8364595071165
2010-09-21,-159.05168740124165,-159.31115610989804,-164.83698302540142
2010-09-22,-157.33083319644624,-155.90973055351714,-155.35291828955908
2010-09-23,-152.65349531794467,-154.7885412953914,-149.82492594196287
2010-09-24,-149.26560452727887,-147.91105320546322,-156.24643392167303
2010-09-27,-163.07649017168168,-164.67212438921814,-159.39390237480546
2010-09-28,-163.74731886857296,-160.6355142676365,-157.86839551218534
2010-09-29,-164.17409714630554,-164.04657055778145,-167.51820663551524
2010-09-30,-159.0799951022504,-161.4860755083954,-162.5442710597898
2010-10-01,-150.0357305701786,-152.60666314038906,-159.18159974059608
2010-10-04,-152.91881439143685,-156.0310446936308,-160.0987508800393
2010-10-05,-165.03597050262655,-167.22504816130038,-170.07795837840087
2010-10-06,-161.0431635977019,-162.6763419485876,-166.49529349902275
2010-10-07,-154.93615275761405,-161.6863489468065,-161.29894765726647
2010-10-08,-163.46852049332668,-166.08091958973668,-168.5180486706192
2010-10-11,-147.64696560433794,-140.1445673475339,-153.6658897412178
2010-10-12,-132.4690730374442,-151.26844484141094,-159.81597020007922
2010-10-13,-152.29556116801615,-147.9365071362755,-154.34259327532484
2010-10-14,-145.13695152558125,-142.13617113308757,-151.1555595435368
2010-10-15,-152.85780910197536,-154.90498522175096,-155.06836150219945
2010-10-18,-159.53774821288695,-162.8734267315437,-167.75211665157923
2010-10-19,-140.57201567824364,-142.80437315010852,-154.20695434323977
2010-10-20,-170.17569856814285,-171.25897579529536,-172.23681404986172
2010-10-21,-157.12683942833954,-163.1218222543025,-162.6252537217718
2010-10-22,-159.08313308836966,-166.77128582324386,-170.24073941669525
2010-10-25,-164.00778411171336,-165.2432250147061,-166.64378714040672
2010-10-26,-149.36461637878065,-148.00217615649933,-160.54531342122814
2010-10-27,-154.78250619552787,-159.86426364187543,-162.19611369618508
2010-10-28,-166.09449876124668,-167.3492636479012,-169.00189992096944
2010-10-29,-158.10084861500658,-155.85138700869737,-159.97751342603425
2010-11-01,-149.4473748869243,-150.21579757085766,-160.31203296663887
2010-11-02,-148.93105714520937,-153.47644273203085,-155.87906761674907
2010-11-03,-166.47272254467416,-172.84753519386166,-174.573934909837
2010-11-04,-162.77851414981836,-164.9395376470642,-166.53913747314846
2010-11-05,-162.1279338162146,-160.46550519926112,-159.51585339815094
2010-11-08,-161.44310274129845,-163.175632242159,-167.93744803679877
2010-11-09,-167.4169355196565,-173.0432777170483,-174.6992120550999
2010-11-10,-154.2044726291691,-156.37543431851014,-163.42031041140302
2010-11-11,-164.00883621529238,-164.93291707941714,-166.32358022385955
2010-11-12,-153.77575886623768,-149.78946038212268,-159.3528578076311
2010-11-15,-160.2047840642974,-163.74015122557017,-170.37794242197938
2010-11-16,-156.73430799967701,-165.8104441344816,-167.71679952336245
2010-11-17,-162.84184502482935,-166.90466194950412,-174.0491188692792
2010-11-18,-150.5228844689939,-156.20777044900706,-163.00553391995192
2010-11-19,-169.72848839547967,-171.82645031143156,-173.70990796629584
2010-11-22,-163.51914138933606,-161.05151260322006,-165.53984909737727
2010-11-23,-151.97369201290073,-156.9861990505604,-158.79055914210892
2010-11-24,-154.26791468464566,-154.7617037240301,-155.10790337085015
2010-11-25,-156.77313034113843,-157.3894275458259,-163.45320068485833
2010-11-26,-165.33764464981692,-171.01923184877984,-168.83390121684224
2010-11-29,-167.81549600165192,-169.98077557736062,-168.8446143624693
2010-11-30,-165.8133952492747,-161.8491383667506,-163.55786579288946
2010-12-01,-163.87734575685178,-157.98330508690483,-155.68535595766082
2010-12-02,-165.73149943066213,-169.7758609454406,-169.10574321019706
2010-12-03,-162.25981263123705,-161.87756458670856,-163.33935655011203
2010-12-06,-160.1239387716657,-162.80813463355338,-170.6421789413857
2010-12-07,-150.82764880778376,-141.8787802498298,-150.7491579081816
2010-12-08,-162.55604706512332,-160.33403663533574,-166.64507792743152
2010-12-09,-162.9165006928958,-166.57218674957085,-167.10818214709536
2010-12-10,-149.98753661274435,-151.372266484585,-156.004637006123
2010-12-13,-159.26551444636712,-160.4982903782636,-165.8204358567764
2010-12-14,-140.74492170187054,-144.63412542457814,-151.52862668504133
2010-12-15,-161.9096634898915,-163.90078645485073,-168.8907520089211
2010-12-16,-161.31743631601793,-156.87703067924195,-164.18622818762
2010-12-17,-145.99479910334566,-149.1190928240897,-151.6657985970904
2010-12-20,-164.00921162736321,-163.80156833741046,-162.77788541404055
2010-12-21,-162.4737476611674,-161.3973851217315,-167.05308360456038
2010-12-22,-150.04529627949904,-149.74536776091858,-158.23408417195168
2010-12-23,-169.96362481969788,-171.3491260623122,-170.2928231879586
2010-12-24,-163.5719925278104,-163.38416931073888,-167.86753800408454
2010-12-27,-149.46730759551232,-147.81906965183407,-160.95589849852286
2010-12-28,-150.20616763133984,-151.51073856047876,-163.53966827391076
2010-12-29,-142.77837521138093,-138.13877578495652,-150.51385115014187
2010-12-30,-158.82222002780492,-158.53904770178227,-163.69444188410802
2010-12-31,-140.70937121643618,-143.58482610674653,-155.3062794580557
2011-01-03,-148.24433419054057,-152.05846144381061,-164.8856651770779
2011-01-04,-154.28715676346738,-157.37903119691643,-161.04043748725428
2011-01-05,-149.19351244607222,-153.50681740338374,-156.26373085274858
2011-01-06,-162.70545855184372,-163.23102728285147,-168.90006146222544
2011-01-07,-158.73447539692577,-163.63696536064052,-167.52901134391115
2011-01-10,-157.72420183092385,-157.64867439651076,-164.1631802225072
2011-01-11,-149.3557059397865,-149.8340426786557,-152.77250025353536
2011-01-12,-168.35152483732966,-168.98357700111242,-167.6337572756635
2011-01-13,-147.24092334691844,-153.1484495085792,-153.71651548703477
2011-01-14,-168.97252101579085,-171.36931803631094,-173.7206341018439
2011-01-17,-170.57271806388943,-172.2937217278625,-172.99759059007127
2011-01-18,-146.2017036585875,-153.87392173699823,-160.64649423664804
2011-01-19,-157.9642238573733,-158.32476661967232,-157.97799718391704
2011-01-20,-148.90349310602906,-143.42285121678069,-153.104432298191
2011-01-21,-96.00746158823213,-106.21864153234256,-139.6163498283868
2011-01-24,-140.81826533108367,-154.05147014592194,-156.82096059349755
2011-01-25,-153.28477049408448,-155.7284728902883,-161.92472536085936
2011-01-26,-153.03020895195675,-150.47427007821295,-157.2189169601643
2011-01-27,-151.47652250222706,-148.13260936748287,-157.2788171490066
2011-01-28,-128.30922657691045,-135.66628058002993,-154.04091215637453
2011-01-31,-118.79789713305331,-139.21185288521684,-152.67848267730577
2011-02-01,-154.32784552676546,-158.3518505172995,-159.54445969940411
2011-02-02,-156.4875489937333,-157.11978828632923,-153.56623606400694
2011-02-03,-155.10592924832525,-157.35697216413277,-162.86214989294058
2011-02-04,-144.43263452038414,-145.393145321781,-152.65404112530436
2011-02-07,-150.22820423110858,-150.5263569031934,-159.76077795462308
2011-02-08,-157.35003769362984,-161.08993759974626,-164.1998027485723
2011-02-09,-140.34697401619488,-136.67370405029314,-136.11317072418302
2011-02-10,-156.21752477984916,-160.51735947614523,-163.05082962423862
2011-02-11,-160.4909882394237,-163.5951898590402,-166.01321124220476
2011-02-14,-135.82427417041342,-138.69721551372822,-155.01799145858166
2011-02-15,-106.16579929102272,-150.30794150903088,-145.97273124115156
2011-02-16,-119.45118867660369,-145.644304489187,-160.98172647846948
2011-02-17,-134.7462021728899,-143.01959237747968,-151.84453071516612
2011-02-18,-140.47243480278217,-156.9286199068544,-158.15109945462834
2011-02-21,-155.65168403281473,-159.9056687416019,-161.5728826128065
2011-02-22,-140.06038850597554,-143.36216538828893,-156.41941461134667
2011-02-23,-145.68078344036923,-158.27655260706445,-162.1960084560574
2011-02-24,-130.31342641208033,-131.30131559566382,-144.58696753457266
2011-02-25,-153.60471074149058,-160.99256112033956,-157.3411011045352
2011-02-28,-141.13929982378102,-146.4752314147741,-156.5261038432001
2011-03-01,-145.33544599258923,-162.44462679356914,-166.04182410144168
2011-03-02,-153.3750371770454,-157.6165974387049,-162.96211276057454
2011-03-03,-156.54216184796826,-160.31538014736057,-155.06142808801633
2011-03-04,-159.72364340626496,-164.34984124844195,-162.26884170612132
2011-03-07,-167.79092618377376,-165.02479517356267,-167.8710791864766
2011-03-08,-159.1321392501001,-158.68286344881386,-164.27841742052016
2011-03-09,-133.4822113605049,-145.77043742956965,-143.80741772827784
2011-03-10,-144.78929347591944,-155.83897259786133,-158.09710006462973
2011-03-11,-167.0771545709699,-167.44672991118892,-169.37337662679627
2011-03-14,-129.346377842773,-146.70240898426488,-153.88945023845704
2011-03-15,-147.64507616488152,-154.9086415385964,-166.38692167703
2011-03-16,-126.60434596188506,-126.54818493234788,-137.0646156240041
2011-03-17,-116.29626139486314,-145.48972839577704,-154.21069192449372
2011-03-18,-146.61047166624763,-150.3336593587289,-156.0116641567698
2011-03-21,-164.12649059330727,-163.1174480808964,-169.45862467197028
2011-03-22,-146.40771123827602,-154.55404651622044,-162.3865243440917
2011-03-23,-145.9836325697083,-158.79159345297035,-161.93340227219176
2011-03-24,-141.84577157174314,-140.70033032327052,-151.86769102011243
2011-03-25,-162.03241384330363,-158.80578549370682,-159.857172827338
2011-03-28,-143.05238265500716,-142.5904692695556,-152.82264598182724
2011-03-29,-158.66040160735486,-161.03367812871045,-162.58152820931957
2011-03-30,-151.04971629558605,-151.59470004165607,-160.62027029872863
2011-03-31,-146.27292696970383,-153.25468076649932,-152.66163733802574
2011-04-01,-142.10309195126194,-156.5322033827873,-156.59206036579425
2011-04-04,-153.29926939285087,-161.79476398695775,-166.6625165664143
2011-04-05,-165.35154577299568,-165.07278387255394,-166.3988652614625
2011-04-06,-154.02215324332994,-158.91685032678896,-153.27019806568643
2011-04-07,-145.27526900704763,-146.63334691809658,-151.85734668388983
2011-04-08,-157.00273273232543,-151.92975180687182,-150.64342195996343
2011-04-11,-138.55147470481268,-134.06385462123788,-139.33856948109357
2011-04-12,-131.60615380279404,-150.9877265324871,-155.19682699731857
2011-04-13,-165.685290759234,-166.05874382445924,-168.65296871472324
2011-04-14,-143.23311482089915,-146.337919044145,-136.88162253810842
2011-04-15,-159.12019283615493,-162.89866707030467,-164.46562406967092
2011-04-18,-158.47952223348796,-160.57826749939053,-164.72381496240357
2011-04-19,-150.89561665683974,-152.55751116315588,-158.95338115166095
2011-04-20,-139.94452805846754,-151.42914809557223,-158.78014407611414
2011-04-21,-157.9726128381596,-156.84845763983398,-161.6567927066498
2011-04-22,-156.09935986155017,-158.61496254676726,-155.95665178067793
2011-04-25,-164.34554271999218,-165.96316084497985,-169.42930223859068
2011-04-26,-141.13362397202496,-157.15693816386903,-158.92596281930938
2011-04-27,-165.23551614661932,-164.31911240889372,-166.40468041420849
2011-04-28,-161.87874638342282,-165.2464436694222,-164.87507034969747
2011-04-29,-134.7706022753492,-140.34974217940305,-147.89870355352636
2011-05-02,-162.13160077963715,-167.59833322404307,-171.21380708688474
2011-05-03,-150.04433577376165,-154.18506629273725,-153.3229098415979
2011-05-04,-159.26175578579017,-164.1435507293083,-164.49803940732266
2011-05-05,-128.76632807388526,-133.06341731585727,-156.60485058778104
2011-05-06,-147.94561281606315,-151.19077291489077,-158.14118670471836
2011-05-09,-167.05281114957214,-169.04576891165482,-164.70471609042835
2011-05-10,-148.63227190200467,-151.12197749711603,-158.49750510396424
2011-05-11,-137.82025480486652,-149.76455644196204,-149.1786904010387
2011-05-12,-144.9980432583938,-147.82373990934633,-153.53639103080764
2011-05-13,-163.8848284152547,-168.04490995549853,-167.17572499852596
2011-05-16,-143.84957361933013,-144.63605710836015,-145.04434784758695
2011-05-17,-145.5141231181507,-142.36895067923606,-156.9834345313597
2011-05-18,-151.48319232750296,-147.98063282461243,-151.4314543910412
2011-05-19,-142.2748544002601,-153.48482409386583,-158.11637947560166
2011-05-20,-147.5039058105183,-148.24222028225574,-158.05040342820712
2011-05-23,-166.28286904195187,-158.55331579567337,-161.44866460004636
2011-05-24,-160.3819453988756,-159.0245613598801,-165.82416820039293
2011-05-25,-155.20539201342197,-153.60311752219866,-162.37328124615178
2011-05-26,-171.99053683534925,-172.63935437057586,-174.72076954512227
2011-05-27,-161.12489516610907,-159.68970386041127,-168.2951207445532
2011-05-30,-163.82350466278285,-160.49007263535486,-162.73905171394665
2011-05-31,-160.30821268102858,-160.36105075620702,-165.51496404939974
2011-06-01,-164.06606755346832,-164.5177225961601,-160.68350608252706
2011-06-02,-158.26099895309054,-156.03319363350232,-163.6096518235958
2011-06-03,-151.32377475178484,-153.73326039182868,-157.9469448377175
2011-06-06,-166.5783757030718,-169.92139298851797,-168.28986254017516
2011-06-07,-164.81933535875677,-163.8805965586187,-168.1536190697081
2011-06-08,-139.69798127559022,-140.73496005203106,-148.3809288954497
2011-06-09,-162.11389905568547,-160.94287486727916,-160.25223157788292
2011-06-10,-157.21386982703825,-155.23423361887973,-156.10321820534546
2011-06-13,-167.76426928275265,-169.79089011509393,-173.6043763852301
2011-06-14,-134.12659033737125,-131.79726815439847,-149.12163533796192
2011-06-15,-148.2763013203359,-153.05224278326972,-157.9778181108702
2011-06-16,-151.08103946123575,-151.01880511665968,-158.43018336947537
2011-06-17,-159.9043743240012,-161.2133658724574,-160.45835210547395
2011-06-20,-160.2363342786515,-160.67594067030734,-162.73039365480142
2011-06-21,-147.77076774513452,-152.1769677818438,-160.6849300399126
2011-06-22,-159.28132746082682,-159.29101485839917,-163.51195705108293
2011-06-23,-155.91877160544803,-152.88915981877406,-154.04747067982743
2011-06-24,-160.5243372160973,-162.0393167396908,-164.08390526469182
2011-06-27,-158.31338044726826,-160.4203324674834,-165.80150747768414
2011-06-28,-163.57813127576,-163.11085204080172,-165.45623028292164
2011-06-29,-157.72077000019527,-159.27022323751498,-162.16372960178765
2011-06-30,-163.73206419251994,-162.91213733055423,-161.37958943026015
2011-07-01,-151.144616552429,-154.25474533001318,-163.93121301374248
2011-07-04,-148.14179833683815,-150.59270292597125,-157.41911636708184
2011-07-05,-156.8124577969489,-155.6021038239548,-151.74707564936747
2011-07-06,-160.38273184664,-159.60135833072468,-165.36453490407104
2011-07-07,-141.31871249185323,-142.64323065896485,-146.20186133441146
2011-07-08,-158.68446700186962,-160.08214211895913,-159.80019381571023
2011-07-11,-153.55785551856602,-159.031036510777,-162.8593363606245
2011-07-12,-133.54352719847614,-143.87567439683286,-148.06285469115767
2011-07-13,-167.18022138698493,-170.35066092410995,-173.15680381267194
2011-07-14,-154.2049191418809,-155.9546951415133,-158.02898097740342
2011-07-15,-153.86826352234596,-152.99171836296102,-158.22765621281278
2011-07-18,-152.61964585116556,-154.16668813850447,-157.7620623570512
2011-07-19,-163.89078601808055,-161.6351180518995,-161.54226345784068
2011-07-20,-156.0819489482104,-158.92113872746768,-167.54034785189617
2011-07-21,-151.0012414129029,-152.03826287031248,-157.96058638013395
2011-07-22,-157.27123944412074,-159.98653024601856,-160.67039675471668
2011-07-25,-153.3378450355837,-152.75504189819918,-159.4053975364886
2011-07-26,-148.63942669014955,-155.499374828892,-156.91762377863319
2011-07-27,-155.60786267360245,-156.83360137921926,-157.61364066121618
2011-07-28,-150.77456549484498,-151.8451587640469,-159.10207523086447
2011-07-29,-153.02290526017515,-150.7861774145469,-160.65762909926167
2011-08-01,-160.8137411231336,-162.24195325582113,-167.88420719590354
2011-08-02,-159.27340037172317,-160.33522112499668,-161.2321453671046
2011-08-03,-161.6290377515442,-165.6783748220423,-169.11931972611174
2011-08-04,-169.5494935245125,-170.42115461241022,-173.86319684477732
2011-08-05,-157.08110512872597,-157.3668929113892,-158.15380314281225
2011-08-08,-145.02101934139583,-153.13550062951373,-160.77768616684793
2011-08-09,-154.69549701435898,-155.52586469895795,-153.99318856126055
2011-08-10,-164.01135163666882,-168.80419543862286,-167.3068810300785
2011-08-11,-162.27883807385595,-163.55861419889217,-169.3324647520064
2011-08-12,-152.99838551975657,-151.6633715432341,-152.40927591652147
2011-08-15,-154.41967038280637,-152.0446863003463,-162.38098045960555
2011-08-16,-155.70566455134622,-157.96708146577714,-159.27766619507736
2011-08-17,-161.14111645450978,-162.08308047209155,-163.92844129553833
2011-08-18,-147.66618067803287,-151.3074868802663,-155.31402965990898
2011-08-19,-156.91372338505238,-160.35377714930925,-164.84025280890248
2011-08-22,-160.48202298310105,-158.00060752253918,-157.05833307182533
2011-08-23,-142.99721901463062,-143.00314347782975,-147.36782677294593
2011-08-24,-144.63128740687307,-157.56312965974752,-165.7178665483779
2011-08-25,-161.28130160716654,-157.5183877276854,-158.24212820706356
2011-08-26,-161.3329042883147,-161.32922912443306,-162.81968921132767
2011-08-29,-151.27670187298264,-152.33499881874855,-155.87152144387053
2011-08-30,-157.69522353968907,-161.54362068169942,-166.32747386398475
2011-08-31,-125.53999279150905,-143.03729147324248,-141.01961461971126
2011-09-01,-162.59952725074947,-165.08616104168905,-167.50713589321555
2011-09-02,-160.44241951068838,-158.3306751722109,-163.44117315609725
2011-09-05,-152.60370133088136,-161.05501493104273,-167.23683462858332
2011-09-06,-149.6085958166324,-155.77895033772978,-161.20155938906987
2011-09-07,-135.24616953981044,-152.6107117954241,-156.12148507508277
2011-09-08,-162.08815871617313,-160.67426912742036,-163.77607422019616
2011-09-09,-148.19168172470302,-154.82018502108025,-163.41606754318332
2011-09-12,-154.59825822601186,-159.71172345000997,-163.11043823536397
2011-09-13,-141.46947560228756,-144.43811705322832,-157.40529095726856
2011-09-14,-165.9159963490279,-163.8151101841969,-165.97374123867147
2011-09-15,-146.62683827423038,-155.93430928834223,-163.9691979845594
2011-09-16,-125.78650362389399,-138.251548456168,-144.52100553132695
2011-09-19,-157.39131746582592,-156.15003076979716,-159.74466714677226
2011-09-20,-155.73125055729463,-156.18087092834946,-158.63392356165193
2011-09-21,-170.1940964327846,-169.2802596277865,-172.16133332678965
2011-09-22,-142.58453455279945,-153.75668479340513,-161.63409048014938
2011-09-23,-150.40944940673904,-144.9037265207667,-155.91437428304394
2011-09-26,-163.08767715857772,-162.08733207091387,-166.63718447349544
2011-09-27,-161.02850633411506,-160.54480031009254,-165.3245051428053
2011-09-28,-156.79026517587448,-159.62666133669256,-165.52663140014374
2011-09-29,-167.02687783553284,-167.21325618518085,-168.1610997925276
2011-09-30,-160.4411248506267,-158.2746501985564,-163.4358898348581
2011-10-03,-164.87960710333445,-164.84250602373996,-165.8541381097744
2011-10-04,-137.37046572458306,-142.54769090118643,-156.6574197219805
2011-10-05,-170.53269776793465,-169.7445754473511,-171.08869159553456
2011-10-06,-158.4826259771983,-160.6341918045636,-167.6075858639051
2011-10-07,-155.78156240580577,-162.23593332729715,-166.78128127395703
2011-10-10,-149.38731777554085,-151.63330403780225,-160.9451183254249
2011-10-11,-164.29459395350264,-159.21351394044072,-160.44445660011542
2011-10-12,-138.84213169876693,-147.41352449317947,-146.05802635745314
2011-10-13,-156.07421597122476,-159.5673767352518,-165.68433129457105
2011-10-14,-157.88790964767395,-157.46837942656956,-165.320117784009
2011-10-17,-141.7957482741166,-143.64270381584993,-158.5829554071544
2011-10-18,-150.97973891623198,-157.05698677635726,-158.65760936324745
2011-10-19,-154.78639938775223,-159.56105635322993,-164.01811698708588
2011-10-20,-162.24895144436746,-160.81212268313226,-161.77081895490176
2011-10-21,-160.01271061432604,-160.93885598889094,-161.36481832430061
2011-10-24,-145.31176654724533,-145.12910483418102,-149.34555127435257
2011-10-25,-157.65903737056067,-155.69973920294194,-156.8127747601138
2011-10-26,-153.2448626762895,-151.14209717153315,-151.9353877342266
2011-10-27,-150.31366625585497,-149.94365894812515,-153.55913775555788
2011-10-28,-151.0876688693265,-155.2563526874773,-163.73413345584362
2011-10-31,-162.30855125940073,-160.74508593424906,-164.53276352832125
2011-11-01,-161.87938631593005,-162.9831247422809,-166.02107156252043
2011-11-02,-156.79344913446073,-158.97783512862048,-162.86346703061935
2011-11-03,-158.15075004282724,-159.62028930020065,-157.55805734640452
2011-11-04,-167.2113737586855,-166.38742817395496,-172.28313293709158
2011-11-07,-163.29479580877307,-159.97150367503562,-168.3785518042596
2011-11-08,-157.9623366097778,-160.400338492618,-161.14099781690453
2011-11-09,-162.58060755078543,-164.49740806290853,-167.9894208800676
2011-11-10,-158.76793155848148,-158.30283446750886,-160.00785541654875
2011-11-11,-168.27663837521703,-169.50865748658356,-175.55133131558267
2011-11-14,-170.03477155045584,-169.98466542875838,-172.8379263620461
2011-11-15,-164.90147261546403,-164.29753011312232,-166.38240864484627
2011-11-16,-166.55519424073998,-166.43619887888826,-171.33973826747373
2011-11-17,-158.97466854821158,-161.55068656684603,-162.21798565876406
2011-11-18,-170.9390719601506,-171.37667057384388,-173.8010222796289
2011-11-21,-168.32142689392893,-166.46402163230258,-171.86385719534442
2011-11-22,-169.34775212814446,-172.03533806270693,-175.78025110858565
2011-11-23,-154.08019856329065,-154.5377691998948,-156.78237170492497
2011-11-24,-166.3132326803888,-167.224151126361,-167.7159036941195
2011-11-25,-158.8538636258987,-159.1485203234853,-161.62640008757234
2011-11-28,-163.84325374445987,-166.79994784373332,-169.9699793006167
2011-11-29,-163.33362898251477,-167.26040737171772,-167.67333481859998
2011-11-30,-164.38149291847728,-160.58566775809697,-168.48661937430563
2011-12-01,-147.29424656506663,-147.35235361081007,-154.45184725541986
2011-12-02,-154.32974334661117,-151.94210744268761,-156.1078780700512
2011-12-05,-146.42091652154545,-145.80041085539855,-158.85561135678807
2011-12-06,-164.38267937669306,-164.68070142463492,-161.4072105715665
2011-12-07,-164.501896286351,-164.29709076414346,-166.27936429805922
2011-12-08,-167.89003495223116,-170.29617971999278,-172.19950233757675
2011-12-09,-164.23233090928707,-162.45884205561697,-169.365900587261
2011-12-12,-168.4147287519238,-170.84625665548558,-171.1561231740698
2011-12-13,-163.3742903448474,-165.07939325599247,-168.23444982135288
2011-12-14,-158.99398117971288,-159.83281202572024,-162.72983326391753
2011-12-15,-158.9549370285153,-160.96360476874068,-168.9386323093526
2011-12-16,-159.38916589792603,-159.986756346039,-165.194719167042
2011-12-19,-156.97698343716118,-154.260713216686,-164.22943758466712
2011-12-20,-154.03621474406265,-156.74534185962443,-160.75771264985082
2011-12-21,-156.09480054238531,-159.967387431716,-164.53638301818413
2011-12-22,-151.64407574777016,-152.02473253717375,-153.49886924301762
2011-12-23,-164.95863745462555,-165.65294733890667,-168.43947644834114
2011-12-26,-158.3053556344212,-158.58757886498205,-161.0375064176798
2011-12-27,-166.3011208250965,-167.5191377858467,-170.82669836222965
2011-12-28,-149.9585432838873,-153.23988190629154,-159.5219932566468
2011-12-29,-165.3106739962376,-164.07647693585625,-167.64404824576695
2011-12-30,-164.08024808654352,-160.148508929817,-167.5000238082523
2012-01-02,-159.19679629669153,-159.68824615198398,-163.7656477689314
2012-01-03,-169.31454336441647,-168.5385854031948,-170.4574023507837
2012-01-04,-146.9542469835796,-140.31026713331883,-153.37637437967652
2012-01-05,-169.0676824523341,-171.01093200113624,-174.02788760193155
2012-01-06,-149.65691206136984,-150.1890110576703,-162.30368315226212
2012-01-09,-162.1371788455213,-163.38553955456203,-166.517597519916
2012-01-10,-153.37666293276848,-154.67309012182952,-159.12384096714987
2012-01-11,-156.99122250631257,-159.1333218862702,-163.8017227157288
2012-01-12,-150.42855417952967,-154.77269623126222,-156.77080081152275
2012-01-13,-152.95118696604143,-156.7262734019322,-160.98896172058068
2012-01-16,-164.2034824916097,-163.03543141236048,-163.73806092067375
2012-01-17,-165.1553087661666,-166.73261086819193,-172.08105768686585
2012-01-18,-150.75913558459095,-144.957439198385,-159.50474165307887
2012-01-19,-163.52091138962342,-165.55562100942416,-169.11925614239436
2012-01-20,-156.83251395781056,-156.03281981258405,-164.34588070413778
2012-01-23,-161.84734110159454,-161.13281808087623,-169.04343785214223
2012-01-24,-129.65389799435565,-129.66113764870494,-148.6602888540375
2012-01-25,-166.12636358025998,-167.66617214796787,-168.62199147474223
2012-01-26,-158.16349286139868,-157.77556482034927,-161.33546794014708
2012-01-27,-168.96696595311144,-171.5094720180658,-171.58328288279884
2012-01-30,-159.35222167777533,-160.33891311566398,-161.98184104211626
2012-01-31,-162.78020417004876,-163.91443893965382,-167.25650225997887
2012-02-01,-160.8886778939471,-162.80422324196468,-165.04040301606594
2012-02-02,-161.99330215309297,-158.93507370793694,-160.67742137986158
2012-02-03,-155.28128867042994,-155.89533849967057,-163.0312136043582
2012-02-06,-136.380846141015,-142.46347073383694,-151.60190330185804
2012-02-07,-156.13060933367336,-155.79683091886787,-154.81338544416255
2012-02-08,-155.86566404355196,-160.59135765527247,-158.65583268562702
2012-02-09,-152.13507498160476,-150.81001088031536,-155.14015585151026
2012-02-10,-149.02592038167379,-156.58109683020922,-158.5959802189502
2012-02-13,-146.7197293635811,-150.7830598492045,-154.50839330995575
2012-02-14,-144.95935555840924,-149.79714121443106,-149.11327615805317
2012-02-15,-150.58225912847269,-154.69313149091914,-159.41254208691842
2012-02-16,-142.88959959591568,-154.63425686230926,-155.10697800961555
2012-02-17,-135.1179213174055,-145.52794195513658,-150.54666459294077
2012-02-20,-169.30466227421775,-165.63439209159552,-167.88527830792088
2012-02-21,-160.65196031072847,-161.61962795440158,-164.30395749172936
2012-02-22,-166.5386094461303,-168.0529820805757,-166.51809364910983
2012-02-23,-163.69571134415824,-162.6691629132519,-163.65389116163536
2012-02-24,-165.0924217952753,-165.02639298858554,-165.4014878808583
2012-02-27,-164.17312901453732,-164.93234982199303,-170.26932417341266
2012-02-28,-157.30775098170875,-160.4429872799415,-160.8497004451736
2012-02-29,-159.53502707010227,-160.40234700732015,-165.67597921884146
2012-03-01,-160.31763689384383,-159.42730456172677,-161.17242712005321
2012-03-02,-161.39432193017672,-168.30022738311033,-170.49016325405333
2012-03-05,-162.14479346468522,-164.21312023120907,-160.026535037846
2012-03-06,-164.42508255271554,-158.35981901085233,-163.03480415737843
2012-03-07,-151.5267911836856,-149.36824364143283,-154.88384083340642
2012-03-08,-160.34530435505602,-163.13362058578323,-162.94467490111947
2012-03-09,-162.56026016370893,-162.27509026716237,-165.32599597563527
2012-03-12,-162.82600848303545,-165.26313083393572,-164.6154521794873
2012-03-13,-156.18456679082269,-161.43205239483126,-163.15220643772932
2012-03-14,-154.55486583918977,-155.5548899022611,-164.54035220291186
2012-03-15,-160.81099157269378,-163.26926386121343,-165.56715154198696
2012-03-16,-148.46755695375532,-149.61495045177904,-155.34201671676078
2012-03-19,-161.62120720430426,-159.63177338747937,-164.95796535612078
2012-03-20,-163.38159479197734,-161.41225910033393,-165.09830587275806
2012-03-21,-160.43573463344484,-163.2044754129451,-163.0494390218647
2012-03-22,-157.012426642564,-155.17005614627917,-159.98826993903933
2012-03-23,-164.68628109422096,-163.99836860668074,-165.40913445713818
2012-03-26,-157.46097116636187,-157.6748490273242,-162.05785107127295
2012-03-27,-158.81052221465302,-159.51670475769112,-163.84734745339327
2012-03-28,-148.32376152042525,-151.9596671394436,-161.80453753943257
2012-03-29,-158.85526107566312,-158.9694876081032,-156.37684199503315
2012-03-30,-136.28996324945766,-140.87859698943765,-147.25222990006534
2012-04-02,-152.45252346923027,-151.8290377503257,-161.27740441131414
2012-04-03,-151.64077266274802,-151.6018250582373,-154.22966263587395
2012-04-04,-158.70641570805313,-161.87278340830187,-162.9809590725622
2012-04-05,-163.04697244802819,-161.3949319278101,-163.3624605971749
2012-04-06,-153.29937811273442,-157.4990653316456,-162.22191854849297
2012-04-09,-151.77868769879848,-154.11116947639937,-159.07974140117184
2012-04-10,-162.24209191447127,-164.58616019993642,-164.97662283019002
2012-04-11,-152.40893509505224,-149.16373032610986,-155.13669982054228
2012-04-12,-133.13024207942138,-131.82605968757503,-144.35826606594935
2012-04-13,-157.29714022589928,-154.62018654999142,-163.10281382199702
2012-04-16,-135.2907978220703,-135.6384287159696,-142.67594996346634
2012-04-17,-153.66739604226575,-155.46584917741964,-163.2483515852366
2012-04-18,-164.79688334359977,-166.78656384784497,-167.81194485678995
2012-04-19,-161.30130609490232,-163.22177658959228,-166.28465443561132
2012-04-20,-141.3161283864884,-149.93124419237543,-155.23445047264556
2012-04-23,-158.88344373262973,-156.43345810468884,-162.44509954775924
2012-04-24,-118.2608030369726,-125.22918602619565,-137.94330436066275
2012-04-25,-161.46664477480692,-160.52213500494656,-162.44044883102623
2012-04-26,-156.46264729997853,-153.92969953389024,-151.04654111169353
2012-04-27,-136.6726232007022,-144.47180180663167,-160.7795849677297
2012-04-30,-151.3420187217738,-155.8009974680644,-159.0811270033855
2012-05-01,-146.54730367741766,-152.25297985029727,-152.56580354178956
2012-05-02,-143.5714406270134,-140.2073893282843,-143.740495102828
2012-05-03,-148.9889373058073,-155.8227878325598,-154.06073383491483
2012-05-04,-147.10894977779546,-155.29048600250715,-161.95014357128187
2012-05-07,-149.33300468387657,-147.02760040156903,-153.9054378449636
2012-05-08,-142.5664805577327,-137.5181690166082,-152.82843212191744
2012-05-09,-151.39984259337083,-151.1900563792236,-154.70325209270362
2012-05-10,-136.15405477506255,-144.08391014391623,-153.81062728170758
2012-05-11,-161.31901617219964,-158.76200948365843,-166.14940548303957
2012-05-14,-160.8981656037719,-161.4372313095841,-168.27344616144305
2012-05-15,-139.09986553717124,-144.55811792341984,-162.82530675977205
2012-05-16,-159.54499597924598,-161.4542924999505,-163.23462796273233
2012-05-17,-151.4823332812207,-155.93913636991837,-155.9831293123741
2012-05-18,-158.68024437142196,-160.04912123598356,-164.51798110093208
2012-05-21,-156.7546066725664,-158.42089558078027,-164.8059680990466
2012-05-22,-153.86788256764183,-159.22200656928146,-159.3567257414806
2012-05-23,-146.87140125056888,-151.47158120074613,-159.41893812133577
2012-05-24,-131.83951492368533,-145.48911956697756,-160.8874773651346
2012-05-25,-150.8461675536144,-160.8090239096799,-164.17752012363877
2012-05-28,-137.63466481493037,-131.18680394320035,-138.8626451289764
2012-05-29,-153.21288147859192,-155.63145104318232,-161.13772498184775
2012-05-30,-131.31146308173328,-131.94773244365842,-151.3212096647483
2012-05-31,-130.49003120601068,-130.09843751672275,-148.7492340159113
2012-06-01,-146.8815022891899,-146.72358274383558,-158.4938703811158
2012-06-04,-156.32761724252933,-157.39671209756233,-163.5964454503093
2012-06-05,-130.61913360945294,-140.85507883338622,-156.97352953889987
2012-06-06,-162.34004672807612,-162.07969245916811,-164.7079971216077
2012-06-07,-142.30082061369137,-149.2197744587501,-151.88160322386673
2012-06-08,-164.96039210916467,-166.92697119939976,-169.6330862761679
2012-06-11,-156.49434152343,-158.25663939924013,-160.90241424271096
2012-06-12,-162.14022454967443,-166.6038623917535,-167.15617108986805
2012-06-13,-155.73924197027299,-156.91204645333724,-159.12248137562204
2012-06-14,-149.28577429255634,-155.96627543755756,-158.9701188616088
2012-06-15,-136.4820389835982,-147.23576874841993,-156.6791594001664
2012-06-18,-149.07837068274694,-151.27702693904538,-158.24705866785635
2012-06-19,-161.6223310695917,-163.01040856762066,-168.02664831747293
2012-06-20,-143.20255037176779,-147.1110922390064,-158.40441798922595
2012-06-21,-147.2614726060153,-152.05921944608411,-158.3452397614613
2012-06-22,-156.55030109879388,-162.11382689808252,-163.007213702584
2012-06-25,-151.07127432212403,-159.6008332735798,-161.96147658006848
2012-06-26,-142.32185368583683,-149.1872349415328,-160.87755378175598
2012-06-27,-168.90902104287528,-167.68232874529477,-167.79428879758282
2012-06-28,-156.0556612517701,-156.33794903289896,-160.48258239680945
2012-06-29,-163.82722310439172,-166.26809274670188,-168.67230486136714
2012-07-02,-170.98432249304196,-169.42256572321557,-170.8614965100765
2012-07-03,-153.0909186140941,-152.38333455558262,-159.99016805091247
2012-07-04,-162.55954140920127,-163.57914411591628,-164.78143818976338
2012-07-05,-150.76684874928455,-147.08032904304562,-152.97177861584737
2012-07-06,-148.72604336026228,-151.0527810818623,-159.45011735349448
2012-07-09,-168.27473443097642,-171.0645231731597,-171.5402286875193
2012-07-10,-162.99336151763137,-162.7520351645833,-163.577720713323
2012-07-11,-162.86634103730037,-166.37420866908747,-169.99934157878528
2012-07-12,-161.89073214640666,-160.52942683418894,-162.76584097494745
2012-07-13,-161.02310200030462,-165.56449413874142,-170.32671865963357
2012-07-16,-157.17029513287798,-158.03114703155546,-161.60753474140296
2012-07-17,-161.85504201716586,-156.46597523061553,-166.57333211949287
2012-07-18,-162.91661289729836,-166.0800504040232,-169.2594821169996
2012-07-19,-160.46777711139657,-160.6772650632361,-166.76916200815992
2012-07-20,-140.90141124550968,-146.8850137823739,-153.0062115541446
2012-07-23,-157.9487345249693,-160.69577280416402,-162.09063269039856
2012-07-24,-161.19240469832204,-160.7160928384524,-160.3083048776709
2012-07-25,-159.57245492994028,-163.35074741594647,-168.2203383503012
2012-07-26,-166.4134576413335,-166.92536999415586,-171.36283587108196
2012-07-27,-168.3334344341323,-171.6888073920638,-173.67152398650714
2012-07-30,-159.82035778856783,-159.0621374867554,-166.67656457599324
2012-07-31,-169.70125198583892,-171.97519016515292,-173.91348552826648
2012-08-01,-159.445524296177,-157.4500067193814,-166.2425687643298
2012-08-02,-143.4790572599758,-130.783584896609,-151.61487365939516
2012-08-03,-163.11852197690553,-160.6806878556988,-158.18580513941563
2012-08-06,-151.40124306671984,-153.5202522751804,-161.1436902080149
2012-08-07,-168.40140292286648,-170.77391426626946,-172.77880176542067
2012-08-08,-165.09538528605918,-168.26284678774837,-169.554425458633
2012-08-09,-158.1840568657997,-160.88448023014234,-163.82200984383334
2012-08-10,-168.08395580013473,-170.77206869685548,-169.80910574191319
2012-08-13,-163.82618226295847,-167.28628203935,-170.1115882263941
2012-08-14,-161.962477932389,-161.77521991418027,-164.0222792500757
2012-08-15,-155.9380909759865,-154.67757509578524,-158.50629988304328
2012-08-16,-152.27844550190366,-150.7220267456217,-164.8868496363988
2012-08-17,-170.87127707626152,-173.43884674247752,-174.07752584038315
2012-08-20,-162.42463285592336,-167.56491665142744,-168.64547461574386
2012-08-21,-167.17176411105692,-170.68447599919946,-176.62995488239966
2012-08-22,-162.31460206230943,-162.8730208489598,-169.82565406118914
2012-08-23,-166.55786911856686,-168.75050521596296,-168.6037048118843
2012-08-24,-161.23601984232332,-158.99685379201478,-168.5424955248252
2012-08-27,-169.19910877397248,-171.47637130454262,-170.43595493481678
2012-08-28,-164.09670881445987,-166.52630336542833,-167.99572604030283
2012-08-29,-167.34522886213838,-169.3035690611597,-173.44747628811442
2012-08-30,-161.90794380160878,-164.0340560614756,-166.21917697374494
2012-08-31,-158.17025144256402,-159.60644622437485,-164.2428318433076
2012-09-03,-162.86569894874117,-162.68073198381293,-163.6955331216976
2012-09-04,-153.68449127512585,-149.66793220241806,-155.55151377076157
2012-09-05,-153.49381788843309,-147.09496075977307,-162.47096290672067
2012-09-06,-129.66696702459976,-125.55621933213763,-147.76440635718706
2012-09-07,-155.59418460621737,-159.45285218719383,-162.16567722800772
2012-09-10,-143.95323032816128,-146.13954358890643,-155.06187093815413
2012-09-11,-161.11113271342242,-163.9901948598752,-170.23306213489127
2012-09-12,-158.20663564798497,-159.97615490524177,-160.87475509549296
2012-09-13,-162.83784064582915,-160.81760229087487,-160.497811333532
2012-09-14,-138.11423969593204,-132.30961697446838,-151.9629982558973
2012-09-17,-164.16703656211504,-165.35593437372285,-168.69700958183424
2012-09-18,-160.61612600239025,-162.0716622578828,-160.86915312667355
2012-09-19,-165.73747578839965,-167.97397699947678,-172.40808785589178
2012-09-20,-168.19237072086014,-168.60596201678368,-173.94580784318882
2012-09-21,-158.53005730563314,-163.0112361582972,-160.9195985830742
2012-09-24,-159.9635478611966,-166.29250978831251,-168.1198239352034
2012-09-25,-164.62499742842323,-162.20498002002086,-164.4675980495058
2012-09-26,-162.67580290780788,-163.54673253773387,-163.18744842586244
2012-09-27,-164.85148408988826,-166.28845897492306,-165.12067878956043
2012-09-28,-156.9318266639598,-160.46085779489732,-163.8794810940144
2012-10-01,-151.88342301066388,-149.03059257690506,-146.35166604698983
2012-10-02,-158.8969677446966,-158.2960782818292,-156.59325364044884
2012-10-03,-159.73801952665718,-161.63735557740236,-165.9579531919437
2012-10-04,-158.60736304775156,-158.38929040771666,-158.93441378948603
2012-10-05,-152.4487640590223,-152.89078254914529,-155.57652198245282
2012-10-08,-162.14374266023674,-163.15866720141676,-164.22904507938446
2012-10-09,-164.05695772654354,-165.95691945253355,-166.69050330875046
2012-10-10,-155.07435517580853,-154.70767294696248,-158.7142341907279
2012-10-11,-151.26414689827598,-145.30647179496637,-149.04352328874648
2012-10-12,-149.53395946992225,-153.2769873818658,-159.4392840868105
2012-10-15,-161.5877070838581,-161.98441499560093,-162.4339408431924
2012-10-16,-148.91034908424436,-149.2567245003098,-164.1542345465792
2012-10-17,-159.50365411575967,-162.24742626686066,-168.14127038095918
2012-10-18,-149.410988894354,-154.54521347736713,-163.26261960859244
2012-10-19,-166.98690495833915,-166.18409938705238,-165.88285804566104
2012-10-22,-158.27061146533637,-160.11106524449903,-166.26297113062034
2012-10-23,-162.54250115006792,-164.56003822274266,-166.2406556927474
2012-10-24,-163.57113285971775,-164.52986384092,-170.45227377402645
2012-10-25,-157.82609400648303,-159.21164474092433,-168.2111376498233
2012-10-26,-156.72063063731574,-161.53558855020296,-163.84832310212747
2012-10-29,-147.5952175797173,-147.20244301919845,-164.13906650040911
2012-10-30,-159.45947999506544,-160.9065950218059,-164.1474649676135
2012-10-31,-138.835761345738,-144.28033211439106,-164.01211740326903
2012-11-01,-160.80660757215855,-162.42676786783807,-165.0393225692682
2012-11-02,-150.30139037216256,-148.1504846737747,-154.5564563130516
2012-11-05,-141.25569777728975,-139.40722765354667,-148.2473062311425
2012-11-06,-146.345574430097,-148.14958916493654,-161.2732335733267
2012-11-07,-144.27083976806182,-148.2302200199828,-161.1897209622453
2012-11-08,-161.521035208607,-159.19938965218572,-164.51567027493792
2012-11-09,-166.17698236176793,-167.33062333794678,-166.51797072362857
2012-11-12,-152.15185537424392,-154.65336318975147,-163.97287214133218
2012-11-13,-167.01964706580586,-168.62331972515236,-170.52538685180954
2012-11-14,-160.14025772940866,-162.61290335504108,-164.90950878387403
2012-11-15,-160.99318565713367,-160.10293450218313,-159.5192373910746
2012-11-16,-130.29418778287555,-138.1357317369128,-147.1269273884518
2012-11-19,-153.75330956572515,-161.4845678499155,-164.29652510970573
2012-11-20,-159.8070300713209,-162.26860681543866,-159.70142395599507
2012-11-21,-162.03169873651336,-161.10730143352075,-166.88082091203182
2012-11-22,-152.14067531033052,-152.30286896240966,-154.76673157106666
2012-11-23,-164.92562773387647,-166.57669735929957,-168.67014130512385
2012-11-26,-162.27773679383247,-162.79853762490444,-161.15044755892498
2012-11-27,-164.45516544974842,-165.180492807547,-165.58061648113375
2012-11-28,-147.53231193121692,-144.5188217480282,-151.5059317250416
2012-11-29,-162.16365877398405,-162.98250585315583,-164.19742762326428
2012-11-30,-150.05554157950104,-154.23175413219158,-161.81409379251983
2012-12-03,-142.79156615046975,-152.5222119462896,-164.19487580945656
2012-12-04,-164.26908603318716,-163.04732817982708,-166.3209549366846
2012-12-05,-156.44679154739174,-166.44495630412442,-171.42002110513738
2012-12-06,-157.37820157751557,-149.9761227525026,-158.20241780580935
2012-12-07,-162.8704880996081,-164.07902220675123,-164.7912712815865
2012-12-10,-157.7368668913232,-158.67133780870233,-163.80901197622
2012-12-11,-155.8248715629886,-156.74211467813433,-168.33437963784215
2012-12-12,-171.3049249514528,-172.33572632376445,-171.47418449851807
2012-12-13,-160.3860605615984,-165.32936367123162,-168.1364182879131
2012-12-14,-162.82075110332974,-165.06294392241293,-167.44031481053054
2012-12-17,-160.1304173824373,-159.7744184535461,-164.19724198632142
2012-12-18,-151.25751973054153,-158.57729762897233,-163.8485100233497
2012-12-19,-163.61434184653655,-170.08122499927222,-170.472440871007
2012-12-20,-147.48709489681264,-139.2006559774524,-150.07983032111935
2012-12-21,-159.132382580409,-157.8318133625812,-153.20104942294716
2012-12-24,-156.41387873776435,-161.80639292103905,-161.67233327422522
2012-12-25,-161.62016072430464,-163.73929809321777,-165.287253258839
2012-12-26,-153.95386243147354,-155.8489152203473,-160.35788353904454
2012-12-27,-152.80511579594105,-157.34097446656216,-154.85293807705472
2012-12-28,-169.4092746381181,-168.07160595635747,-168.51434267319084
2012-12-31,-151.02369407131792,-154.6345041495174,-160.30891591249375
2013-01-01,-138.24645980117143,-144.6887093871228,-154.79790016200673
2013-01-02,-166.36698263546305,-165.90075281671542,-167.13850151915517
2013-01-03,-160.96167471024782,-163.93042033125138,-166.09023506150993
2013-01-04,-158.92183341225484,-160.90914764791347,-159.6900573609102
2013-01-07,-163.67605225089991,-161.84007540197618,-166.20580108944557
2013-01-08,-167.68685300535475,-168.6912212406143,-169.17355900884675
2013-01-09,-168.10767358928712,-171.5790327868296,-170.6052721395761
2013-01-10,-127.35655732643835,-131.41379523258001,-139.3556458862236
2013-01-11,-166.71343762284073,-166.701795331753,-163.58415941392286
2013-01-14,-155.49522992062472,-156.84354844351904,-161.31110413111645
2013-01-15,-157.55124376666356,-157.14378591108107,-159.1338605132753
2013-01-16,-164.08052056478536,-163.63565578497827,-170.5718990521123
2013-01-17,-153.4692998817788,-152.44611606585724,-158.64960303619335
2013-01-18,-169.48693529072844,-168.36827582719246,-169.68727717863268
2013-01-21,-140.25475533982726,-139.8017745614147,-149.2588309507829
2013-01-22,-153.09338926821422,-150.680948097708,-158.39551472065818
2013-01-23,-137.60565060375473,-143.60938085772392,-158.2897834184077
2013-01-24,-146.71568614101017,-147.83689682907843,-153.0637460318892
2013-01-25,-153.76179309330558,-155.5252480220371,-163.21107994075143
2013-01-28,-165.03762929044473,-166.40644557657637,-169.97291197653811
2013-01-29,-165.22714061346,-165.63286087601114,-164.92907967859918
2013-01-30,-153.75866793506182,-153.00203257758213,-157.18964429802145
2013-01-31,-141.7541765327464,-144.0934654532148,-160.38285276285157
2013-02-01,-149.59883352381442,-148.2585101514207,-163.61037533190398
2013-02-04,-147.7776337790363,-147.4162932002181,-155.8926982416669
2013-02-05,-161.16235492171162,-163.25854846950767,-163.39214305425236
2013-02-06,-136.00511430434176,-145.36931255332345,-154.00964704472415
2013-02-07,-127.67039534324263,-136.34019350102912,-145.57316666633247
2013-02-08,-144.78679557074113,-143.32531392549936,-140.59774353867482
2013-02-11,-158.92898655841677,-166.12251473435728,-167.88760188099295
2013-02-12,-157.99724860245595,-161.44295056330319,-164.7821185652081
2013-02-13,-151.37009114075673,-152.73150395446203,-154.03793362815554
2013-02-14,-159.3960453773436,-163.2747695023365,-162.36122970096113
2013-02-15,-157.08385867262203,-159.69054826834332,-167.46716955795665
2013-02-18,-140.37323953181,-146.59958285850632,-154.55726917043987
2013-02-19,-141.71543241932062,-150.78628619671514,-154.61684998150173
2013-02-20,-156.37321450158456,-154.3273636403549,-162.72191036798318
2013-02-21,-152.17637416551963,-154.16302025862262,-160.0173737001563
2013-02-22,-155.5254207617537,-156.96580884856192,-159.09595524815353
2013-02-25,-148.48167759479705,-157.0586446274425,-158.64456594863927
2013-02-26,-167.50947329498555,-166.53829080359742,-164.60907899561388
2013-02-27,-155.006724186826,-155.95136334862698,-159.22352608631218
2013-02-28,-164.90212967243397,-161.77995095346694,-162.24912334321087
2013-03-01,-158.42588016730193,-166.22374243722416,-168.79201650922477
2013-03-04,-125.1651988535048,-142.2091362319198,-148.96868093260554
2013-03-05,-164.32482338599286,-163.62858924354887,-163.1047771933906
2013-03-06,-156.5937339113591,-158.39496226153292,-162.40491797654187
2013-03-07,-161.93657999678015,-162.14289384648174,-162.6953498365151
2013-03-08,-143.24950951381498,-147.19552990026276,-146.06798988792988
2013-03-11,-162.7069439684527,-162.3242205039686,-169.6267897888954
2013-03-12,-167.1897484672417,-167.76634073638016,-170.52788803143707
2013-03-13,-167.67718713599612,-170.24264292446395,-168.5585546728121
2013-03-14,-163.44432649882467,-168.1598663429881,-167.00799814538897
2013-03-15,-155.83911131730233,-153.92344993630454,-156.69236496675347
2013-03-18,-114.91076089006148,-125.85209053852272,-134.6898065928262
2013-03-19,-157.5592526571242,-158.322122417975,-168.40335069043525
2013-03-20,-146.67179776581418,-146.58193251130928,-156.2312990332366
2013-03-21,-156.7056305621372,-162.38830813356677,-165.83761604131112
2013-03-22,-146.52764063614836,-147.40041119975757,-155.71789476155436
2013-03-25,-171.4036092156289,-171.13387939293955,-171.42734742700563
2013-03-26,-165.96585235220402,-163.4834056007497,-165.34253494822877
2013-03-27,-164.7639734918922,-163.44130405460274,-165.03552148540643
2013-03-28,-131.85962792374377,-140.13679445706578,-151.91480230906268
2013-03-29,-167.251474748681,-168.6253979990343,-170.92936888749452
2013-04-01,-148.51053304347084,-153.53323941814622,-149.18955075583372
2013-04-02,-167.36561264383096,-169.4022358937584,-171.1154350624132
2013-04-03,-142.45697332166503,-145.56403246958655,-158.26062435890827
2013-04-04,-165.11322267035294,-164.20248940691096,-167.84123760257555
2013-04-05,-155.087969393084,-154.93382565896837,-158.38452186558862
2013-04-08,-154.99285731723054,-156.34088286253325,-158.47181812675498
2013-04-09,-151.39529631975492,-153.67654099622527,-160.4349052925392
2013-04-10,-157.09742841084062,-160.91086439950303,-168.57960211001168
2013-04-11,-151.65642547260987,-158.65836325941567,-159.8405525659617
2013-04-12,-143.97992043106476,-147.06557143536764,-158.77703761753224
2013-04-15,-143.64555379617025,-151.65226595254433,-154.01581913413622
2013-04-16,-163.87537360863524,-163.99675401607462,-166.0337814708331
2013-04-17,-166.74415380225113,-166.81341632149636,-170.15268214240447
2013-04-18,-164.52043960406775,-162.5503500905066,-167.02254462429005
2013-04-19,-162.393572829297,-161.63311298485053,-164.5207754700379
2013-04-22,-160.3971045490068,-161.29321920356614,-162.16000917213952
2013-04-23,-163.03641858996474,-160.85096748955783,-168.17731383721855
2013-04-24,-166.5351185125359,-164.40857388826655,-166.58797974272096
2013-04-25,-163.52384830613346,-166.66487223824856,-165.77560784433538
2013-04-26,-164.39555161146401,-166.5743063269752,-168.4819562578431
2013-04-29,-158.90460643856713,-164.15335371142783,-164.75200456773436
2013-04-30,-158.40281561100196,-159.91861585362213,-164.55509294265505
2013-05-01,-174.15210210592392,-175.72398457181546,-177.9098716071446
2013-05-02,-156.7105409791672,-152.60408981996812,-154.83205709837648
2013-05-03,-156.93062965464458,-160.46098078097938,-159.2541516791454
2013-05-06,-166.68176673432498,-166.76331529149468,-172.4387930614457
2013-05-07,-163.1841722904525,-165.75799008757065,-167.9894502083049
2013-05-08,-157.04129474827832,-160.7927373302338,-168.63200423080005
2013-05-09,-170.39981728997876,-172.37948053505306,-175.59453545045497
2013-05-10,-160.86489414410735,-163.22649673890757,-165.86481687291365
2013-05-13,-164.91878574583703,-165.51235602230363,-169.8835117001421
2013-05-14,-160.43066486663778,-163.4733878283373,-169.2748498899442
2013-05-15,-155.98932993720678,-154.88067603805695,-166.1028163314576
2013-05-16,-151.12784165041344,-147.12232388039712,-155.1749931165867
2013-05-17,-150.40976280031896,-150.87859690299226,-156.17087618302065
2013-05-20,-156.10256762192355,-157.5644088689777,-161.9826293397199
2013-05-21,-163.8805518694177,-158.8497921286023,-159.1690024427042
2013-05-22,-163.85444910940893,-164.7154175882633,-167.28544667238594
2013-05-23,-168.79966220480253,-167.48493344344007,-170.23466848418235
2013-05-24,-139.21511279117988,-134.19410125907208,-147.33319443491072
2013-05-27,-143.59038528559208,-148.3652979648469,-154.69225763207052
2013-05-28,-150.61732510241401,-154.0975306704415,-152.18282604166396
2013-05-29,-165.7121258918098,-167.37967750741205,-170.10508124119298
2013-05-30,-173.31265772255622,-173.35317653384325,-175.49616722216973
2013-05-31,-161.9331241736237,-164.90521718826741,-162.9169861074644
2013-06-03,-171.5483755867025,-171.64562015041196,-174.38459879064612
2013-06-04,-147.84545679048637,-150.01512373039895,-156.0098590676642
2013-06-05,-148.07235726487824,-149.44576031819574,-166.9572904017468
2013-06-06,-160.89811259544888,-162.1833934172017,-162.40484590609967
2013-06-07,-150.16867891336193,-153.88961334896868,-160.37574243692674
2013-06-10,-162.98081635221075,-162.98868678428477,-165.29289704746225
2013-06-11,-154.89908274136482,-157.28112873322848,-160.43456587829183
2013-06-12,-159.03105406518472,-164.99257150947955,-171.24736497332424
2013-06-13,-152.77577997733954,-153.94375577765916,-161.98168435957885
2013-06-14,-167.77752057319586,-166.94602684860737,-165.20027498532693
2013-06-17,-136.7583961332635,-138.1161200693041,-143.87598279913087
2013-06-18,-158.0066467200744,-160.46660640224098,-163.3693406099655
2013-06-19,-114.45756836805569,-123.85361627384115,-149.58215854963927
2013-06-20,-161.22545820563093,-162.697166628286,-169.85005228754068
2013-06-21,-151.46402835519285,-154.2499808914871,-163.83249199649097
2013-06-24,-163.95331916731624,-166.3743366334275,-171.53312080265982
2013-06-25,-148.63570792037598,-149.90325074197744,-161.46421521537476
2013-06-26,-127.14334672964952,-135.21397456185923,-149.90291753972585
2013-06-27,-161.49972456297635,-163.71259222392578,-170.71579569768005
2013-06-28,-162.48352976648403,-166.72363143691229,-167.64569321950285
2013-07-01,-147.41318312153163,-151.2392518254781,-164.65188001741143
2013-07-02,-167.55231449605103,-169.80204306791148,-172.686897890644
2013-07-03,-160.73733319198936,-156.12993761511802,-156.83563548799256
2013-07-04,-149.73515969314772,-150.61863374349272,-153.30324116095
2013-07-05,-158.9297976723044,-158.60324807042872,-157.99840111170928
2013-07-08,-157.24659320374198,-158.3189674671509,-165.7520896634844
2013-07-09,-155.09717551454136,-157.08695322103102,-166.04869333572367
2013-07-10,-160.9745256262667,-161.3869371460962,-164.12668320635663
2013-07-11,-151.8443586801903,-153.84115097249574,-164.74003253247025
2013-07-12,-161.74066708503167,-162.90763103498458,-170.64113292035742
2013-07-15,-148.62503274658644,-144.55642748545955,-162.6304171866942
2013-07-16,-165.4315719672391,-167.50773790029746,-171.48806681882036
2013-07-17,-167.7327635836637,-167.41860699394834,-170.94083099739976
2013-07-18,-164.20715209466323,-166.20714820732837,-170.9450126857546
2013-07-19,-157.55545422723145,-152.66542944410236,-161.48489554063522
2013-07-22,-170.95614379408187,-175.2699157250848,-177.49441828873327
2013-07-23,-157.3254235942609,-157.8196259729063,-153.96732493444892
2013-07-24,-162.38686775281428,-162.129788948865,-167.24054261501672
2013-07-25,-155.81334976923134,-157.88990790334978,-161.73759624856177
2013-07-26,-169.17853285889095,-169.9357110866704,-174.43036319078212
2013-07-29,-156.63473803395135,-159.2286587240707,-158.58194730801765
2013-07-30,-160.86881954297047,-160.38491162662388,-163.7234632448282
2013-07-31,-164.42672891766958,-167.93968714571741,-171.8912572271935
2013-08-01,-168.3716887472358,-165.4058736335462,-169.5184154860065
2013-08-02,-159.8375736786131,-163.26282642877615,-166.86276335250471
2013-08-05,-162.197719842988,-159.47618683007778,-163.56022892396388
2013-08-06,-175.16159217579957,-178.40907208073415,-179.24854918266576
2013-08-07,-162.80371747426017,-163.40188962027798,-167.57892868536933
2013-08-08,-166.0325045274999,-168.78198866822225,-170.8984807334669
2013-08-09,-158.63431002649156,-160.42527759966126,-156.1120801327135
2013-08-12,-162.47418358864934,-162.0585861002123,-169.19341223493137
2013-08-13,-165.28294798425242,-164.94576135938604,-167.4594740011218
2013-08-14,-172.02100900408814,-174.18857992457922,-175.94711511456967
2013-08-15,-166.44107604222134,-166.6608619002093,-166.67171829797718
2013-08-16,-153.6623666308707,-144.09118478127837,-160.0823708500847
2013-08-19,-160.40224573744638,-161.30107590636237,-163.38357955548605
2013-08-20,-144.049572318911,-138.42307150023254,-148.246964353194
2013-08-21,-165.75741935795776,-164.82090524438016,-166.44996069818336
2013-08-22,-160.4548251579209,-161.17632442243442,-165.04618962449354
2013-08-23,-166.76601401773956,-168.65533086169276,-172.20269962209932
2013-08-26,-152.42609236360363,-149.6523051434386,-154.66842815505146
2013-08-27,-156.0787032466578,-154.8917857734213,-166.0422585712493
2013-08-28,-165.46614559782174,-166.9152197051101,-168.71538492897457
2013-08-29,-147.42525311121656,-151.74748083760082,-153.24903279965767
2013-08-30,-153.05338808139095,-150.30195337581821,-156.35468884278376
2013-09-02,-159.36357551345694,-160.27005802176944,-165.0626189282754
2013-09-03,-150.34067836369434,-151.75952727551575,-154.5633710677069
2013-09-04,-152.66629761943028,-152.93999834417136,-165.1863698822903
2013-09-05,-138.22454542822584,-139.73509238604476,-158.68271283279185
2013-09-06,-162.6048934147074,-165.3564837341921,-166.50084103153483
2013-09-09,-164.83003609701638,-164.41564047686927,-168.4937170333865
2013-09-10,-155.2331752029031,-153.84710997036296,-153.65853498497972
2013-09-11,-150.62428496976423,-153.60618037471707,-158.6421968953812
2013-09-12,-144.70953452923408,-155.9452757953638,-154.37125527029167
2013-09-13,-100.96912843068888,-129.91893517307696,-142.9221049655717
2013-09-16,-95.77028365362459,-126.82202906839132,-145.1643341926427
2013-09-17,-166.78236788647362,-166.39542446852627,-163.5367487821715
2013-09-18,-159.06663565374413,-160.9714249864116,-165.34731144125803
2013-09-19,-164.22015324630487,-161.46311661810248,-160.60630254978358
2013-09-20,-168.39891974537713,-166.9315692933791,-168.65951850197254
2013-09-23,-144.38452873293704,-154.09809231671815,-159.12041159329522
2013-09-24,-125.53270887712691,-142.9834645692621,-148.3062136214054
2013-09-25,-158.3122330445896,-154.3720947699872,-160.35248568910197
2013-09-26,-152.32624105056325,-155.16838910432364,-161.58226256494962
2013-09-27,-164.7045493262943,-169.5220201226979,-170.0258488293231
2013-09-30,-157.94007289698285,-162.93146167215815,-166.53782480667473
2013-10-01,-153.83258431961482,-163.1977453209938,-159.31106404443688
2013-10-02,-150.90804061245595,-153.20719756431373,-158.88988910079303
2013-10-03,-150.35026620454735,-154.03827122183762,-161.18749203069834
2013-10-04,-156.38368288172842,-159.02471363001078,-161.63757810670523
2013-10-07,-137.28601626310572,-145.5944490935589,-155.7203286159002
2013-10-08,-162.08603259820026,-157.1344463298909,-160.02370907809996
2013-10-09,-151.8869783863077,-153.4987615233048,-162.6027700694288
2013-10-10,-161.21002148574456,-164.2296215104585,-163.3103581807993
2013-10-11,-155.45025540337159,-163.42308510039464,-163.63283499382862
2013-10-14,-157.5942487288393,-161.53224510190466,-159.68948207085134
2013-10-15,-121.26497137178993,-135.12339716510405,-146.97013890278103
2013-10-16,-154.31423657572347,-158.4907230370465,-163.58691197968335
2013-10-17,-151.85452436686492,-167.65497139945953,-169.6693737134461
2013-10-18,-153.89493648852118,-159.72495851043664,-158.89820604382075
2013-10-21,-150.81629251847068,-153.19569649132512,-157.34060949031692
2013-10-22,-160.74206335499187,-159.91114496204247,-160.95322286802352
2013-10-23,-152.21977003156982,-154.6937281416172,-159.8714016368513
2013-10-24,-123.11409750667997,-151.4701004360067,-152.9114620789564
2013-10-25,-151.7575988242252,-155.95015478778512,-163.7969824165325
2013-10-28,-158.69746743691854,-161.47080376315682,-165.63384994752886
2013-10-29,-150.29024462587648,-154.09562813545529,-156.01015998951277
2013-10-30,-156.50814635766199,-152.58048278618026,-155.37520603375714
2013-10-31,-161.86387057230155,-156.575171734479,-154.84576054007093
2013-11-01,-129.97758639674237,-148.0817037936573,-160.82014706327112
2013-11-04,-150.6586759052889,-150.8510431706228,-158.35079143213198
2013-11-05,-170.03185195694863,-169.8435718377167,-169.51205057352112
2013-11-06,-162.12856048364876,-162.96396212796532,-168.0218034640223
2013-11-07,-164.3657006796103,-162.5442522193009,-168.34688383048112
2013-11-08,-148.14263978128133,-147.72321180796058,-159.65202539776809
2013-11-11,-156.40530350679938,-155.4464118800287,-157.68885159442323
2013-11-12,-155.00728919415846,-154.20247420656386,-160.24017698272135
2013-11-13,-165.21255490264335,-165.22955570989123,-167.42973224190663
2013-11-14,-161.45036003167363,-163.45853201788717,-164.7263706081288
2013-11-15,-161.80505397780595,-162.08461283793397,-164.12317302401854
2013-11-18,-142.62153483545825,-143.28675131713516,-155.6458857983666
2013-11-19,-159.27404937465727,-160.61219323026398,-164.48284267631405
2013-11-20,-155.94354917551684,-154.42128610792767,-159.59043599502849
2013-11-21,-157.7857294078156,-159.14882622384866,-165.89710802282872
2013-11-22,-145.58629601886113,-148.75960114574215,-158.28630817859275
2013-11-25,-167.4934220426023,-165.7159131709183,-165.22048755905246
2013-11-26,-158.85885442172938,-161.04414988550886,-167.98603840132893
2013-11-27,-156.3101526563913,-158.32753608762536,-163.28776547655937
2013-11-28,-165.43298572477212,-164.3990934121229,-169.6996372180956
2013-11-29,-147.83403565830744,-146.57057567190984,-160.18013089844757
2013-12-02,-156.70165150249804,-159.90144917792387,-160.42873529675376
2013-12-03,-166.4465630403298,-166.36152403063892,-167.4442237216067
2013-12-04,-157.01923210077405,-159.60792071623666,-167.68509674638
2013-12-05,-150.40067859128396,-151.7756147083082,-155.3866858287869
2013-12-06,-148.25925505174698,-151.08621362993267,-156.45663486257823
2013-12-09,-152.95177035685094,-151.5401194679205,-153.93555656331955
2013-12-10,-134.83861736598803,-137.12329823956043,-141.14356746206832
2013-12-11,-151.75917829806664,-153.88748514569417,-157.0330956836844
2013-12-12,-131.20811300860254,-144.84496074402037,-150.6151195575655
2013-12-13,-129.07681784081913,-136.32113751293758,-144.93808239952466
2013-12-16,-162.60961435337987,-161.01572222480843,-159.96097647179357
2013-12-17,-150.90356336191994,-155.29931746199506,-162.3277367173401
2013-12-18,-134.70256614885352,-143.5832846884124,-152.83356969038485
2013-12-19,-139.04549950358478,-153.91209618374506,-156.07894386067062
2013-12-20,-120.07579425327796,-129.65734721135814,-144.79158498886017
2013-12-23,-148.34532084508288,-158.0573123307381,-162.085078369457
2013-12-24,-115.08753738788008,-142.63899831339117,-151.37396319306077
2013-12-25,-146.3649193941926,-156.9506427540066,-161.66696423270005
2013-12-26,-123.210572217464,-133.1487252060142,-136.34862797848098
2013-12-27,-153.89266785160206,-143.47414005184402,-151.94624315184595
2013-12-30,-145.83698370004774,-157.10415424665914,-157.78164041210974
2013-12-31,-162.47396899854982,-161.63922066308365,-160.1918112328076
2014-01-01,-126.72704416568777,-143.39204645159396,-144.8180974416258
2014-01-02,-161.8750665684242,-163.05630723430417,-166.77469386148627
2014-01-03,-157.0006701415555,-163.8843179369005,-163.38724586418297
2014-01-06,-155.72415321151516,-155.4171941854742,-158.47250162940273
2014-01-07,-134.9247462230436,-133.56382754833783,-144.06028428578412
2014-01-08,-149.8495608576315,-134.88969052874785,-141.36818143197067
2014-01-09,-154.0991062326068,-154.79341391422255,-164.3075701653231
2014-01-10,-143.54179275364783,-153.58618306718324,-157.3296055110492
2014-01-13,-110.05256103579224,-131.54807968977417,-134.16895353243163
2014-01-14,-144.65190690735855,-150.94322321649287,-161.84479852989577
2014-01-15,-135.2122091569131,-149.23990555199188,-164.34811533206653
2014-01-16,-141.29144550171645,-150.71722769343006,-153.6975423646388
2014-01-17,-146.34151387516306,-152.62649834161925,-154.65212803952693
2014-01-20,-152.79532535542856,-161.92473763373218,-166.76863329300016
2014-01-21,-131.02838977768477,-142.64987110131997,-151.70286052177383
2014-01-22,-117.28324505780957,-141.1722507572282,-148.1977513368012
2014-01-23,-160.04732802673374,-161.51288000465502,-160.83515385387807
2014-01-24,-158.6858109641879,-164.804012911348,-165.67793738018497
2014-01-27,-125.18434963956749,-151.147598794773,-150.92252154058582
2014-01-28,-120.36222841954779,-147.76831441509063,-155.40783103537106
2014-01-29,-149.14165362145934,-156.9056177743627,-160.68144161078212
2014-01-30,-135.66450936416737,-147.23511604998572,-153.065256102393
2014-01-31,-146.6485247607298,-155.29535937663445,-159.777246574576
2014-02-03,-138.18313464561726,-158.11454322610444,-158.11669731366712
2014-02-04,-111.58426016491256,-129.35928263191514,-139.34961718496544
2014-02-05,-134.24548265920035,-141.65556700125816,-149.9864301556885
2014-02-06,-85.60339627436495,-133.62428552898155,-140.46211152371555
2014-02-07,-153.4933226346351,-155.7266512029559,-160.4209805292121
2014-02-10,-149.6918197921258,-147.2756204936468,-148.63605718131691
2014-02-11,-127.02933872690193,-139.4179045400785,-143.78714741173735
2014-02-12,-128.96232412862702,-148.7329589114739,-149.66419478953026
2014-02-13,-123.72260263584006,-142.00163320001093,-153.1599951606469
2014-02-14,-126.66644824563677,-150.87050260056142,-153.23027011002756
2014-02-17,-130.13138046142657,-151.41482764590683,-152.25238503301392
2014-02-18,-142.37958488577067,-150.26229328812215,-152.53543159061343
2014-02-19,-154.92561512050716,-159.3490738943268,-157.93610765465866
2014-02-20,-154.116871382479,-147.1414851939268,-153.32113055226878
2014-02-21,-170.35736569617262,-164.99383507821628,-166.33347508365665
2014-02-24,-157.66496965759526,-157.01879457230228,-160.74740591001444
2014-02-25,-151.48722002176527,-157.10620846748947,-162.0601697308375
2014-02-26,-145.7897901728303,-151.78231493347135,-148.96488792982578
2014-02-27,-151.72618666171178,-155.61234584164774,-152.89524054089264
2014-02-28,-161.60336619416034,-160.52363815798228,-163.0048425139562
2014-03-03,-165.346081445435,-165.78379022612282,-168.07060262524413
2014-03-04,-132.10494483096153,-148.28560862728727,-147.78104198908522
2014-03-05,-161.47726634221598,-154.7581343955343,-156.70898101214033
2014-03-06,-122.890077516561,-143.02292108262986,-149.59313261030994
2014-03-07,-165.32677679957672,-165.12244758419217,-166.15432398639686
2014-03-10,-152.29622739876902,-150.10303773693803,-151.80924559364922
2014-03-11,-161.74509202944824,-165.23076497390298,-168.8243906980345
2014-03-12,-156.12344417955927,-161.24250686583855,-166.64155726229777
2014-03-13,-148.51112209561495,-141.06960720555406,-153.03266538315708
2014-03-14,-150.39796763289706,-145.5437530985264,-153.15476053155075
2014-03-17,-162.1111128017485,-164.10896041767805,-164.40900835368708
2014-03-18,-135.90964949071787,-139.23744939627335,-148.8323914517269
2014-03-19,-161.34317549824942,-165.11795061764818,-170.18217978182605
2014-03-20,-128.0920745543812,-143.60491534031183,-148.22537520976874
2014-03-21,-121.97019445279507,-154.02123566111462,-158.06271524593373
2014-03-24,-131.41013284035898,-142.8390002686894,-151.99358033980147
2014-03-25,-151.83218599034953,-154.8158979429785,-159.7115939358481
2014-03-26,-167.5038191797221,-151.5689033678781,-157.8918564234117
2014-03-27,-165.06089860233692,-158.75080175271933,-160.7286341065898
2014-03-28,-145.04299686032573,-159.75428270684458,-160.97253091844158
2014-03-31,-145.8762430608273,-151.42863762467653,-155.16900940038477
2014-04-01,-158.63127297818818,-157.4340032931565,-154.78533543011505
2014-04-02,-161.34562720350058,-159.3178375142578,-162.39432541218605
2014-04-03,-166.00295671058092,-165.6397581308055,-167.21920133966282
2014-04-04,-131.11467739109224,-137.72252521849992,-147.80305640871921
2014-04-07,-156.93195286405572,-153.62929215338738,-153.97950390498823
2014-04-08,-153.3591660895035,-153.69633367696036,-155.39378833672606
2014-04-09,-155.91946259475262,-163.61812998231647,-163.47239469237294
2014-04-10,-161.27631143119766,-160.99944732419584,-162.0118807466834
2014-04-11,-144.60285196233292,-143.69037364152177,-140.60472515494592
2014-04-14,-141.62795276389446,-143.20145430735067,-141.57190910765902
2014-04-15,-138.08128661406386,-141.91108714336818,-148.16203005550483
2014-04-16,-135.54066781997798,-143.72209175238646,-155.27481040913153
2014-04-17,-143.35016959387036,-144.0492635143437,-149.26011634732427
2014-04-18,-154.9276182597575,-149.83924745835824,-152.47433353370096
2014-04-21,-155.4500653831729,-158.6399142961279,-160.33749048307553
2014-04-22,-145.21292608738014,-141.47507939036228,-155.54226333550872
2014-04-23,-166.83389142904753,-166.8911410795521,-166.84904259436647
2014-04-24,-156.15180029672285,-153.63153504325777,-160.03954820089635
2014-04-25,-148.1516121927956,-149.44602306811228,-153.20631181350817
2014-04-28,-156.76021340149327,-159.92113013768065,-163.18114599871018
2014-04-29,-158.81885296856444,-159.67941413679162,-160.12299733985026
2014-04-30,-129.51690848664327,-123.87525573246694,-136.94044856772297
2014-05-01,-157.23119586247154,-154.63806701171546,-159.13981638026178
2014-05-02,-162.57286505722368,-163.78991720089687,-162.4139934809219
2014-05-05,-151.0333177373361,-144.91657970238623,-152.0066814849648
2014-05-06,-147.26756074980457,-154.38504188034062,-151.13660972384997
2014-05-07,-157.83945793373832,-152.37573498673726,-160.91692857532612
2014-05-08,-139.25481462403806,-135.40587624813458,-150.8582132236376
2014-05-09,-151.938314866841,-151.4966124840704,-155.0606681287004
2014-05-12,-158.98930307084498,-157.03103432075184,-167.65802148789712
2014-05-13,-130.0556099563804,-142.46073620572122,-142.03083365616243
2014-05-14,-160.961485838168,-161.36846628680567,-163.0439006505003
2014-05-15,-151.24595960579515,-155.26942931260314,-149.80266923843112
2014-05-16,-148.22269239579822,-154.57265098010663,-156.67988186443446
2014-05-19,-143.3706430942035,-143.89454404554684,-153.13036665409982
2014-05-20,-165.55449971622156,-166.80197155275258,-168.40458626252646
2014-05-21,-137.0032910659748,-139.85015766093636,-151.7702563464214
2014-05-22,-151.81958177630503,-151.65150558460124,-157.50980153697571
2014-05-23,-159.37136669684145,-160.4646010288839,-163.377290865762
2014-05-26,-157.46496460339299,-158.11869632894224,-156.74750411596636
2014-05-27,-154.0744213104111,-157.40680935482672,-159.07645027405846
2014-05-28,-158.91135654953922,-165.53250426666114,-171.2628923437794
2014-05-29,-142.56600287034752,-135.7748340923589,-148.48246725006547
2014-05-30,-153.41645821301864,-155.77551107043112,-159.29448281456254
2014-06-02,-151.2685739220061,-152.4910494324946,-158.7023484059895
2014-06-03,-155.32281909433075,-156.2058926214658,-160.88287688827967
2014-06-04,-122.36151318851478,-133.31537340610734,-141.34994567473473
2014-06-05,-167.67641286704415,-166.68473473356602,-169.6154945131027
2014-06-06,-156.54448851203313,-157.5053914804452,-161.85888842720757
2014-06-09,-149.62776632002019,-152.3773455820319,-162.19867807754784
2014-06-10,-158.39757587296134,-152.00367524407676,-156.64078840191488
2014-06-11,-169.01147362433454,-169.10298040710293,-170.45299830820662
2014-06-12,-154.85309390579076,-160.2370475493277,-161.0719311263521
2014-06-13,-161.5786237747409,-166.91777331217423,-164.7195850780611
2014-06-16,-162.98630474468106,-163.79346500659912,-165.22759790249728
2014-06-17,-157.75595780127927,-160.16438692404677,-166.4077210428445
2014-06-18,-163.51461679686773,-164.39140313661613,-168.66959440976302
2014-06-19,-160.75235837810806,-165.1025043692632,-164.37115879606176
2014-06-20,-159.35294396027209,-162.1901207848884,-164.2368729856446
2014-06-23,-146.58898943683013,-155.66195751764948,-161.4301372479099
2014-06-24,-164.10308220865693,-167.20671548319973,-170.2434357125254
2014-06-25,-152.9784962676376,-157.70483574637657,-164.36950903805524
2014-06-26,-164.6867799997366,-165.40896294544655,-163.01907272897594
2014-06-27,-155.45177337358788,-162.21939972395845,-163.96991463704322
2014-06-30,-156.30233866055573,-158.66345482616796,-158.88611841069172
2014-07-01,-155.70266563225658,-155.42074939149418,-155.5033776152047
2014-07-02,-162.51516184890977,-166.2185320261182,-167.66202631534176
2014-07-03,-141.04751169247723,-137.42713866017215,-144.15459965933337
2014-07-04,-153.71092975988395,-159.96171816064992,-163.75962242193532
2014-07-07,-160.20114244859798,-158.32907589702765,-159.91289066795346
2014-07-08,-152.16463769453688,-155.5105893587123,-155.3479880966255
2014-07-09,-160.0049403658143,-162.80579469164684,-165.8528635749458
2014-07-10,-139.3580744893576,-142.88770647450502,-143.80367924050745
2014-07-11,-161.85411997741988,-161.75914308616828,-161.1220755018872
2014-07-14,-165.34552484095153,-167.9947449840627,-170.87252783127204
2014-07-15,-163.65266356635152,-168.17472015117002,-171.65428363049904
2014-07-16,-164.43349069273313,-166.40201131990784,-171.28654218840586
2014-07-17,-162.8060268749643,-162.85543622602373,-164.7895656817623
2014-07-18,-157.95825345355001,-157.13594494289296,-162.29544889214327
2014-07-21,-160.6502300132945,-163.3790040080802,-165.73910693753194
2014-07-22,-142.89503239045214,-148.5778884409056,-150.70700282190558
2014-07-23,-160.80704756680007,-160.27245487563198,-162.5592288329131
2014-07-24,-152.8272380804163,-151.5710526723431,-157.11699666750158
2014-07-25,-152.80171473629093,-156.9201753064179,-156.02091363593996
2014-07-28,-164.88452434306149,-165.6104106100304,-167.4405279447411
2014-07-29,-158.10440634576622,-154.3075592402908,-159.21184891346743
2014-07-30,-151.55350098219878,-151.63323622194864,-155.5490715023654
2014-07-31,-166.80217876320216,-165.33254779096106,-168.38779107164598
2014-08-01,-135.63191233174683,-133.15000546513664,-135.74280692276193
2014-08-04,-167.20328725382,-167.13273598317005,-170.12687368882442
2014-08-05,-152.0448579469326,-147.79371928326833,-153.45646700707215
2014-08-06,-131.9821399951013,-137.6492493692532,-137.70480305432977
2014-08-07,-161.1049108486833,-163.6303963282913,-163.029838842892
2014-08-08,-157.56151044338446,-159.0445730392015,-161.0042307711571
2014-08-11,-151.8467396462546,-148.7942875884917,-151.5777518518851
2014-08-12,-145.3430690695698,-151.62420958503955,-163.4786690255742
2014-08-13,-167.71188410510712,-168.59142565309114,-169.61865659800196
2014-08-14,-146.83343602095763,-154.71532806265145,-162.35410266844184
2014-08-15,-162.3584221654026,-161.1206296728513,-163.52679828676665
2014-08-18,-140.72130414097094,-149.64169017270555,-156.7876018168405
2014-08-19,-157.99310317675364,-161.93651766314917,-160.90533284453554
2014-08-20,-141.19474658526212,-156.69924042673367,-163.85347325225695
2014-08-21,-152.41612089818395,-160.19705431265857,-164.94074375812608
2014-08-22,-142.41067914752307,-150.71073983193156,-156.9624547669899
2014-08-25,-144.94080779958747,-156.62980906985874,-162.58162722240675
2014-08-26,-142.43785721437666,-146.71898795538374,-156.61350231143035
2014-08-27,-141.79641809731427,-154.66632827916789,-159.3389845517453
2014-08-28,-161.1334908401876,-160.88249194088542,-159.9223139954303
2014-08-29,-149.86286058306555,-149.82414301137896,-155.2686275113358
2014-09-01,-148.16457308170644,-151.70600363516394,-156.47397617311452
2014-09-02,-152.76068510198274,-157.94589558022818,-157.90142015897703
2014-09-03,-165.49466082604718,-166.29083965733145,-168.0097904782401
2014-09-04,-150.83816298555513,-160.4696437682056,-166.90875106065866
2014-09-05,-137.51644621426158,-144.8035865204096,-145.1328272104824
2014-09-08,-141.13600365201302,-153.87899874248438,-157.85112058676555
2014-09-09,-163.23593121406688,-159.72258645181935,-163.11035327767837
2014-09-10,-147.98900488817287,-152.4024490549604,-156.98789159714568
2014-09-11,-131.42853823235447,-149.37011123347565,-157.13722607668882
2014-09-12,-165.17387875374453,-163.09735336133662,-167.4111618200008
2014-09-15,-136.6410463144839,-151.1050426315281,-157.17990690892577
2014-09-16,-151.9412765673218,-159.50964627676518,-163.47238791182122
2014-09-17,-140.69722448025104,-153.0743291679171,-157.07316352796943
2014-09-18,-135.38413154824315,-144.2829554320486,-143.56137716692422
2014-09-19,-150.7160990239057,-157.03984065989528,-156.98821047445745
2014-09-22,-153.55144010128893,-156.62445950084805,-159.36357734093204
2014-09-23,-146.45836765886048,-152.31408164463474,-152.28062259474814
2014-09-24,-165.14315233506045,-163.71881705953263,-166.42064500700835
2014-09-25,-149.1227704340372,-156.3564569051903,-154.72496114074227
2014-09-26,-152.5291123503133,-154.34349906438297,-156.78329034691097
2014-09-29,-162.44685381064852,-158.78791233306436,-161.26381594749603
2014-09-30,-159.6851360346142,-157.12734942822618,-159.16299248042407
2014-10-01,-137.80663000682924,-150.66831894683304,-154.3227776725401
2014-10-02,-164.05213438520357,-166.05502648437738,-169.20037864457913
2014-10-03,-162.76299162630232,-167.67026465561474,-168.09922728001692
2014-10-06,-150.53569989167687,-151.67099375661462,-159.11711258881746
2014-10-07,-155.25053704018842,-162.71499548263802,-163.6510148368971
2014-10-08,-167.7488911428187,-171.19918459398002,-173.20470038327568
2014-10-09,-154.4316164936594,-156.67517081524178,-165.776066102882
2014-10-10,-157.1694755575023,-160.28336143608252,-163.8145982865691
2014-10-13,-149.88866160480396,-147.44189088897346,-156.7252279774778
2014-10-14,-162.70779879013338,-163.77785704306692,-165.59089825883734
2014-10-15,-142.50417945960163,-136.46634261036615,-152.87038982348528
2014-10-16,-164.81623553450552,-164.18786793093173,-166.73103485494792
2014-10-17,-157.9150938582945,-158.29006633498958,-163.62944835259512
2014-10-20,-157.73338491105332,-158.77881940280605,-163.2537029720577
2014-10-21,-164.77252976432695,-168.30901610593776,-172.84905103314293
2014-10-22,-148.55872401114186,-150.54166312278562,-153.64683392182087
2014-10-23,-171.54820784872197,-173.86010761361612,-176.19055438698896
2014-10-24,-141.91336038015896,-141.70913950116795,-145.78996901007847
2014-10-27,-151.26998115721221,-146.86992728055924,-156.6459047364957
2014-10-28,-162.06327494557308,-161.54558985758607,-170.6655024429573
2014-10-29,-152.12057222721484,-148.51713909107576,-154.74102786110583
2014-10-30,-146.1364055147945,-146.00991572584323,-152.70917417952114
2014-10-31,-159.00081347226597,-161.34269928538373,-159.0597819048634
2014-11-03,-151.07686545284892,-146.03432190561296,-154.07315781646435
2014-11-04,-154.44388821059167,-156.29226644609486,-161.34632845580964
2014-11-05,-135.93459525076713,-137.24784275321153,-153.00136418257358
2014-11-06,-148.91164105508534,-137.71312372448827,-143.48401898912425
2014-11-07,-165.27411897849632,-165.75022161635246,-166.61815664241337
2014-11-10,-150.47416508050134,-151.51065750597766,-161.9139062537127
2014-11-11,-163.42395573030691,-164.4994309245573,-165.73292091767678
2014-11-12,-153.37118962617237,-156.7204134058375,-165.32677018828005
2014-11-13,-148.44020144379886,-148.99222972295266,-157.83096950228554
2014-11-14,-161.8518413654533,-162.51896545432405,-164.3844848934994
2014-11-17,-158.18189453925822,-160.3707186899825,-164.162251814674
2014-11-18,-153.25292618051444,-154.99191999765972,-161.24992288559744
2014-11-19,-134.80405321621092,-133.5749806268015,-145.70875970001475
2014-11-20,-145.30609456258566,-147.64734040035614,-150.3658520305754
2014-11-21,-156.64926230025068,-153.72443547642717,-162.19880825532056
2014-11-24,-164.71226486793157,-164.28410389218783,-164.05213565173813
2014-11-25,-158.96946692071936,-161.12001166459717,-162.2614206978652
2014-11-26,-167.77833451938662,-169.35541757721575,-171.74013567839114
2014-11-27,-157.49450308003532,-158.51479539382805,-167.50771646783383
2014-11-28,-163.42826937025004,-163.10983080951914,-168.7178467105865
2014-12-01,-151.10152586772654,-148.35941934129028,-149.58595864023633
2014-12-02,-159.36670640541172,-161.27546078851276,-163.22984829964827
2014-12-03,-161.1332078816949,-167.72991011798604,-169.89988536950793
2014-12-04,-163.33033363580844,-164.90454769022824,-169.1988260916566
2014-12-05,-157.51111911974763,-154.11991896683568,-164.4106024192304
2014-12-08,-156.08325299836548,-158.05705791139755,-163.68332569181962
2014-12-09,-157.5933269477337,-154.77977003611824,-160.91702233762695
2014-12-10,-154.03200154931466,-153.03043362621187,-161.68446554512775
2014-12-11,-165.58257384963437,-166.0187880926385,-167.93744999022633
2014-12-12,-166.9550130849614,-170.4470504955189,-170.76831804257765
2014-12-15,-151.03046115182218,-149.99356186244773,-160.74474589251014
2014-12-16,-148.8682916996304,-152.68924969278868,-158.18799166003214
2014-12-17,-163.4884456206608,-167.22821587415763,-170.70162587016523
2014-12-18,-162.15380733350742,-166.99097255904698,-169.2465282049984
2014-12-19,-155.92640586649378,-152.80525329792468,-169.00300153836324
2014-12-22,-165.24512608987484,-168.05447206411372,-171.43024735804238
2014-12-23,-167.23396100778996,-170.2927378944818,-168.7466941228979
2014-12-24,-167.12690809173122,-171.72318807587385,-173.0000317002917
2014-12-25,-160.10067977226984,-156.46162788046038,-160.882163166755
2014-12-26,-165.88389480601535,-169.9831897095437,-172.40827022164518
2014-12-29,-160.68857536949315,-160.60085860357808,-158.01424444773866
2014-12-30,-165.16445723380602,-170.27787119097167,-168.075340047476
2014-12-31,-155.57427739066642,-159.23313600640503,-166.15762463934237
2015-01-01,-163.87743133210094,-171.20499502828324,-171.3765129880753
2015-01-02,-163.98148103871648,-167.90721865394107,-169.9021065227518
2015-01-05,-161.68368968805848,-161.05283614445068,-156.7232977789396
2015-01-06,-159.18080636133394,-158.7456282948055,-158.1217219593745
2015-01-07,-157.14423822163997,-155.77933275780669,-158.14982109931137
2015-01-08,-160.23702015855662,-158.33874239669436,-160.91628679922488
2015-01-09,-132.12151120339306,-121.87326750648361,-143.35431020367943
2015-01-12,-161.1702508257915,-162.1824155264896,-166.0276175822736
2015-01-13,-154.78656683575284,-164.08243448151333,-163.52010284933638
2015-01-14,-168.0229179678804,-172.28572320244413,-174.69561018811797
2015-01-15,-139.51182017865236,-137.98944581545794,-149.80078794004126
2015-01-16,-157.0181410497819,-155.0585074322677,-157.73758028291283
2015-01-19,-152.7991910305112,-152.77446523716281,-162.51772380078216
2015-01-20,-160.20621532444108,-164.51868561177895,-167.97487077915522
2015-01-21,-166.84587686523798,-167.48573473164936,-166.63825539557203
2015-01-22,-147.55908725226706,-148.4090393268389,-160.18660767950882
2015-01-23,-164.7678229886832,-162.34434790759946,-169.15894184201818
2015-01-26,-157.19863619006247,-162.0887660778994,-165.21206704203377
2015-01-27,-148.09710486884143,-145.04548642985313,-158.40224270668998
2015-01-28,-157.87829735115164,-165.30493151116974,-166.28731451439677
2015-01-29,-160.52301571250433,-166.0124705968732,-168.39370992619
2015-01-30,-146.92168412347647,-149.59459108578463,-150.95668139465673
2015-02-02,-161.20666797713793,-162.40006681289066,-168.64384200098047
2015-02-03,-154.80310617146077,-158.03898476733144,-159.2544909525572
2015-02-04,-163.08697406691414,-162.89499780216556,-163.56380632602816
2015-02-05,-115.85856074958409,-130.8446492033126,-147.8106253570408
2015-02-06,-165.52241077205355,-167.59366273845825,-170.68252508601353
2015-02-09,-143.27731615774562,-153.34620068999757,-153.93540961400203
2015-02-10,-140.03980997460462,-149.65287052182535,-151.81859003107945
2015-02-11,-166.47711556852818,-160.94718572944322,-158.90928880465964
2015-02-12,-163.72209078151383,-166.3229280550316,-167.8045880423527
2015-02-13,-151.51206750903333,-155.39310474030685,-160.2049171036758
2015-02-16,-154.69786257757985,-155.30731895982711,-159.1682158904291
2015-02-17,-151.27390900626847,-158.419360266531,-162.6682808534776
2015-02-18,-160.89505219213305,-163.20617791198495,-165.76125195668462
2015-02-19,-165.21945652418398,-163.07692615888962,-164.1754799515781
2015-02-20,-142.1149402987594,-147.18532671090054,-146.90333872660153
2015-02-23,-158.25000110052903,-157.3513568301994,-159.33148253773624
2015-02-24,-159.388300617634,-151.29714029830694,-159.22282421481157
2015-02-25,-164.17657602133002,-165.0714757715478,-169.9132395424384
2015-02-26,-157.2913083535622,-162.01989013565907,-165.96303901974932
2015-02-27,-156.00001952565964,-156.89752388660114,-159.5307554788502
2015-03-02,-148.6220303997355,-149.30033121366165,-151.5520916430699
2015-03-03,-148.7804705779272,-157.6898784709888,-158.95344692177403
2015-03-04,-159.24272982245844,-164.84451663760967,-168.64597062692675
2015-03-05,-150.85103941247593,-158.56072943617957,-164.81328420007662
2015-03-06,-153.4311297083961,-156.29125223062618,-165.73742389650167
2015-03-09,-164.9277044469553,-166.70436647620738,-169.591757767757
2015-03-10,-157.21343639942833,-161.19144046885992,-168.21835843090193
2015-03-11,-150.92638304538028,-159.1370585599962,-165.30010682533708
2015-03-12,-158.12281644988587,-161.08184827282278,-163.362860415096
2015-03-13,-151.37287131169984,-161.30131814956513,-158.12748669463718
2015-03-16,-163.55448101080816,-168.2247410761684,-170.92964858124998
2015-03-17,-165.85823247985996,-169.90228438182615,-168.2457968089757
2015-03-18,-144.93093548205363,-138.46325833988624,-150.40713051429697
2015-03-19,-142.73833365094495,-146.6635112681582,-153.5246459279798
2015-03-20,-153.9834540236862,-163.70157190319281,-167.8190649793794
2015-03-23,-154.187849074538,-154.68731402008245,-159.82747215050304
2015-03-24,-160.03637324646493,-169.40897004881745,-168.42985834081168
2015-03-25,-161.70362361876465,-165.8014684636138,-164.96399152054394
2015-03-26,-152.94854234845536,-159.61765205402,-157.86089956294623
2015-03-27,-163.38639582950836,-164.66457980621215,-166.88097185111675
2015-03-30,-163.8523735761588,-168.64921981415603,-167.87173599368492
2015-03-31,-161.5469553188095,-161.8764161150703,-169.7906153475068
2015-04-01,-158.28327715808268,-163.8852382425992,-168.1674307467008
2015-04-02,-163.37205276151738,-168.27276968212104,-174.01032517388842
2015-04-03,-165.94637858258662,-162.87664731809184,-164.05212524034528
2015-04-06,-169.93017275217264,-174.92594760866677,-176.3101312609731
2015-04-07,-162.14293155299927,-168.32921589306514,-170.17994321062736
2015-04-08,-167.56425333705036,-171.65562973485825,-170.725823476298
2015-04-09,-168.7127217706246,-171.27782979240828,-174.65209529427017
2015-04-10,-165.23780559214958,-169.3079723383127,-168.41529857136666
2015-04-13,-165.57166285950802,-168.84261979919904,-168.8382382743693
2015-04-14,-165.01031855315753,-167.77640457674823,-169.76464157721912
2015-04-15,-167.2787679054329,-172.03408702407884,-171.17697577038368
2015-04-16,-161.19730565578868,-161.78397581433367,-162.0732929454994
2015-04-17,-158.06200778755678,-154.02170452971384,-160.9208967726916
2015-04-20,-166.6401459197868,-173.07399474929252,-175.42832145306164
2015-04-21,-157.17748807653257,-159.2153757415671,-162.33687593120447
2015-04-22,-157.71382896713513,-154.16388291735302,-158.97403933768734
2015-04-23,-157.1518895815434,-160.240429490353,-159.0302241857702
2015-04-24,-146.43688561975537,-148.71018688182397,-156.1360069457038
2015-04-27,-160.7729391871372,-158.69956129070974,-159.71726750034918
2015-04-28,-150.36498955628562,-148.320495124515,-149.41388815851664
2015-04-29,-156.21974527811008,-156.38055607760157,-160.72933363138716
2015-04-30,-158.35587249755622,-160.2082276297919,-163.62741177710512
2015-05-01,-146.92645261942707,-159.81023273335242,-164.6325512444839
2015-05-04,-163.1148360790851,-167.48309292701893,-171.72294445039302
2015-05-05,-162.754805153258,-160.4875384199526,-165.21375449147666
2015-05-06,-163.31481612678147,-164.34625771342843,-164.8507163524322
2015-05-07,-149.52172113125593,-155.3648496533584,-160.82311689097972
2015-05-08,-147.85576789624224,-161.13207682822699,-166.02259526584322
2015-05-11,-149.20662858432308,-157.55791567575093,-161.44769370514226
2015-05-12,-161.34388174166767,-163.4361709625412,-161.07253562591129
2015-05-13,-167.61249568245046,-166.56590611739213,-169.3593417820302
2015-05-14,-162.83514726539113,-164.05600226365172,-167.3328149143632
2015-05-15,-169.8751631473836,-172.77774566622963,-172.5954285918528
2015-05-18,-169.89608644869847,-176.33800485830056,-176.9928225944413
2015-05-19,-147.14879818999,-144.3856065034592,-150.19678477246808
2015-05-20,-154.98776178570847,-151.70383549855458,-151.3941174991457
2015-05-21,-161.1424457330459,-163.359871332976,-166.55799221105306
2015-05-22,-152.75740411692937,-151.47730301370814,-161.3410494804243
2015-05-25,-166.17017412193948,-170.19324250408042,-170.86738854113804
2015-05-26,-168.11884449796958,-170.39821862727524,-171.0623227312882
2015-05-27,-156.8940527401054,-155.40418572230257,-161.87496031357784
2015-05-28,-162.47698869900074,-161.79763103322827,-166.33002102388122
2015-05-29,-160.98533610780197,-158.50672127926504,-162.97675192088784
2015-06-01,-170.31217709656374,-172.51009818577728,-173.96438034514262
2015-06-02,-169.0954671267778,-174.5160311294419,-175.35999690415406
2015-06-03,-166.78668476620882,-166.0822465826898,-173.60202678025598
2015-06-04,-164.462540379143,-169.52804769184718,-167.73732763948547
2015-06-05,-162.21133383916737,-167.21347180432724,-165.08310016235555
2015-06-08,-164.21652013832005,-169.0264153026915,-170.2665057806786
2015-06-09,-158.77918450687707,-162.1309888029905,-166.5975967616768
2015-06-10,-164.57116266316902,-167.48005464165226,-169.95186311190287
2015-06-11,-154.93734450184144,-150.80095703475232,-155.2863616398701
2015-06-12,-161.9040732404058,-157.66826140229836,-157.85443831472125
2015-06-15,-168.24314898029687,-170.79492498283616,-171.49849214281633
2015-06-16,-160.82226425728624,-161.88815349841036,-162.59352092067203
2015-06-17,-156.27660341868946,-160.02169256759063,-159.89621831002285
2015-06-18,-162.01826164429025,-160.1665260281367,-157.50165530918437
2015-06-19,-112.54133041315859,-129.6321261062351,-136.4855996544533
2015-06-22,-143.8812053489608,-151.5895565315884,-152.39621005355346
2015-06-23,-162.49667229133604,-169.4093796689466,-172.9275115652686
2015-06-24,-140.42678820428006,-138.03718371719083,-151.0817728253745
2015-06-25,-146.303698679916,-154.41976130322962,-159.4229047804578
2015-06-26,-153.2180200711614,-156.27926866852872,-164.3624203642754
2015-06-29,-162.86185658560373,-161.6341729362825,-163.71688724979091
2015-06-30,-164.09919097007005,-163.97071126470158,-162.16278396095822
2015-07-01,-135.52007560857535,-148.8210805298164,-153.41742139221873
2015-07-02,-165.8886820234908,-167.06571356459563,-169.31585430545772
2015-07-03,-162.00987167951612,-162.95294306566888,-167.806690624419
2015-07-06,-150.51577078978795,-152.63352674754577,-154.095265131365
2015-07-07,-158.69208649903456,-157.03721500825569,-159.31369700218173
2015-07-08,-122.13807060402925,-140.40757824459968,-152.76879027369307
2015-07-09,-144.81325414395621,-158.4146572190741,-162.3671318799747
2015-07-10,-122.21149967835413,-155.92920905330448,-163.0067086771943
2015-07-13,-168.6477508663386,-164.0038083481151,-165.88800002901868
2015-07-14,-142.97031007216395,-154.81753064966944,-158.69854010949933
2015-07-15,-173.450814476457,-171.44891572673765,-173.8163379149902
2015-07-16,-155.72239055546243,-153.01360689555827,-152.93695658474178
2015-07-17,-156.96279197093318,-158.190611199577,-156.95501088863878
2015-07-20,-155.33999754055245,-154.91904976141015,-155.9532730207054
2015-07-21,-134.54818757794166,-154.45130899506498,-155.90615509944934
2015-07-22,-132.94226659794663,-157.9313185270407,-161.300121555482
2015-07-23,-93.16222019779819,-140.69107653530043,-151.18635368549593
2015-07-24,-162.34667312414737,-162.95746182629492,-164.77828029015384
2015-07-27,-146.81206464066273,-152.77055747562827,-164.02659763518437
2015-07-28,-148.97828523438614,-151.11027853149434,-156.04510891338873
2015-07-29,-149.4586698058193,-156.20678496869516,-157.76004101772185
2015-07-30,-155.300416100722,-156.61515949989462,-165.82257012770904
2015-07-31,-153.14113730170456,-154.31038230517845,-159.00549323050794
2015-08-03,-155.931055460185,-166.72624392226956,-169.39302307994305
2015-08-04,-150.3187541256382,-150.07185906057703,-155.55039204128974
2015-08-05,-157.77247702987654,-161.07579149998637,-162.17143146194616
2015-08-06,-146.57602300359625,-164.2667984063649,-163.48387975397844
2015-08-07,-159.94928213485127,-162.5335951015653,-163.13966660328623
2015-08-10,-146.484908404197,-155.2317216791286,-156.91799632402527
2015-08-11,-153.2385543314855,-167.34679085414655,-170.81782028100972
2015-08-12,-157.9311916141014,-155.10290321134997,-160.3744939242029
2015-08-13,-148.85027622618304,-157.6587673484676,-161.23973460567942
2015-08-14,-145.77763985612273,-156.992371766012,-160.3695092866826
2015-08-17,-145.79337003755262,-155.5183851170725,-160.13982014177387
2015-08-18,-162.78923118422435,-160.9047580240458,-165.59784736075972
2015-08-19,-161.42747054081303,-162.10785932770705,-163.8473590320817
2015-08-20,-146.69022340992393,-162.2953137362016,-168.8160964876531
2015-08-21,-136.2888870227831,-150.37352328701505,-156.21052291702054
2015-08-24,-151.8220617548763,-161.41158380771722,-165.00235762916665
2015-08-25,-127.18632909375089,-149.15293625330062,-152.29864470548935
2015-08-26,-126.51591352053882,-161.1070935088777,-162.6428015175573
2015-08-27,-157.6968021685689,-165.26413451792587,-170.6976942080277
2015-08-28,-164.28159160538922,-168.21348869784052,-171.99261261004602
2015-08-31,-130.93969984350028,-162.03599634849783,-164.89418239321816
2015-09-01,-123.41743915825577,-156.00140981416564,-160.82515448454097
2015-09-02,-138.04520080406695,-154.4214813851079,-160.76622569491698
2015-09-03,-145.0863519242647,-159.76496829174235,-166.12760399179945
2015-09-04,-89.00308280401902,-140.88641616507556,-145.40703496454887
2015-09-07,-150.27608819572905,-158.49691551758048,-163.84325734900168
2015-09-08,-143.91778393915322,-158.9893682545478,-161.34961120304249
2015-09-09,-123.68535629857848,-146.65500008053695,-147.98676642894375
2015-09-10,-160.5688229897695,-161.13757333544507,-164.52381413442208
2015-09-11,-159.43380108973463,-153.0894670514609,-155.17149275152576
2015-09-14,-159.90996419880724,-165.04171399098826,-167.86129840791733
2015-09-15,-151.0939505259496,-146.78572907146682,-148.56891327056766
2015-09-16,-133.02313522559268,-151.1958628758499,-156.00554345711475
2015-09-17,-150.32868542602858,-154.46133359323477,-160.84446065525938
2015-09-18,-154.30892691593158,-157.63279707051106,-162.0062805756294
2015-09-21,-133.65721543934228,-151.67975915141608,-155.39496030712507
2015-09-22,-138.24727340966672,-146.44949007399532,-150.36633081324396
2015-09-23,-154.96480605785698,-156.40390502462344,-158.7918227508448
2015-09-24,-117.80103278118774,-146.34598339734075,-157.72607493829904
2015-09-25,-137.5531908373358,-157.73712769901312,-159.94845675865986
2015-09-28,-152.30970438078901,-160.22655168662098,-164.7286916764595
2015-09-29,-146.85045157774942,-146.44063570425783,-147.997260642111
2015-09-30,-150.78121714892222,-149.77910955692818,-154.2841340196548
2015-10-01,-134.6835214542494,-154.7062712082692,-155.66380683190033
2015-10-02,-156.7763942422927,-154.87903540777103,-158.2707957147765
2015-10-05,-158.9069253978783,-159.36353412103261,-158.45918538234713
2015-10-06,-161.97025467956067,-163.26982711145783,-167.63626152885487
2015-10-07,-150.1837295547585,-156.23813549844334,-158.34202198602418
2015-10-08,-141.95285150738516,-149.43001999097797,-155.79981116649176
2015-10-09,-150.67687576050105,-149.1012933887,-153.50044857254167
2015-10-12,-137.0592738684484,-154.83260207434333,-155.5830757884213
2015-10-13,-159.5470494095837,-163.25889935167334,-164.26853848526474
2015-10-14,-143.63169243776898,-156.71731826404238,-160.52706633359915
2015-10-15,-151.58043243171446,-156.102441228755,-161.22963405576343
2015-10-16,-150.56026376698333,-149.94966868598212,-149.88185305705133
2015-10-19,-149.61469868780145,-142.64440810162174,-146.41183082990597
2015-10-20,-134.20665316826967,-139.7870320947301,-139.04297915768274
2015-10-21,-162.00762791113965,-158.09425104378997,-160.40154159365744
2015-10-22,-134.20136905253827,-144.3746155736146,-158.29842568732334
2015-10-23,-152.95318376016857,-152.86231812647637,-158.24165097328478
2015-10-26,-151.11657025819704,-148.7874398992547,-154.26422001731314
2015-10-27,-163.9769085699793,-164.9066878206582,-166.7840645797593
2015-10-28,-140.9583167776696,-148.81669753319528,-148.01284470835301
2015-10-29,-162.75634646086132,-162.19944996083558,-166.980486826979
2015-10-30,-146.867809290371,-155.86793215235465,-153.145100392366
2015-11-02,-138.4657080960178,-139.0963748150841,-151.30380030668215
2015-11-03,-135.14518565303354,-142.89714118133605,-146.63007759913302
2015-11-04,-133.07036395488296,-140.75501072392603,-147.01207280750796
2015-11-05,-160.373158065107,-159.03479443695517,-164.78945713856385
2015-11-06,-153.9674700378382,-158.0420893172484,-157.66344174464834
2015-11-09,-151.69171177865096,-148.72609052854685,-156.3774192445011
2015-11-10,-153.52716136773182,-158.3824804731261,-161.73354480423333
2015-11-11,-136.57785077040376,-147.7873275862205,-148.75450281960798
2015-11-12,-155.31041553352816,-156.19320733570203,-159.8934032612851
2015-11-13,-152.2623941464673,-154.3192266811951,-156.64032801889348
2015-11-16,-156.1093204662912,-158.1680809846151,-153.75691196068666
2015-11-17,-156.95114872497248,-154.19369121864636,-154.52006128837968
2015-11-18,-152.03464322127283,-154.55277073215527,-156.42888364548062
2015-11-19,-152.53122098950726,-154.7586352476929,-161.81812258944686
2015-11-20,-165.96445487746476,-169.80052524587347,-173.32836418615136
2015-11-23,-154.6073126457018,-158.0146540092957,-163.44107703240604
2015-11-24,-162.83382759745737,-167.49529143594884,-168.30263963552676
2015-11-25,-162.94523596848094,-169.56862247961698,-169.1483770430253
2015-11-26,-162.82605517485928,-167.11212297790254,-169.84240558187224
2015-11-27,-165.25388381862038,-164.78843276220394,-168.15001447334043
2015-11-30,-161.5392223208803,-157.59690462960103,-158.11646726225325
2015-12-01,-147.0618051203066,-152.80347894413643,-158.61508097863302
2015-12-02,-146.80739411628804,-144.3114651013206,-147.30897348302736
2015-12-03,-159.44306053474202,-154.2768115417117,-155.67581721235018
2015-12-04,-151.25520079880908,-156.2742688584252,-160.85386602634145
2015-12-07,-153.20667957496244,-150.73179857749108,-153.76129680079927
2015-12-08,-167.20583460438246,-168.41105243181943,-172.27484659783266
2015-12-09,-156.6291486632589,-152.12815157622148,-155.59482746584413
2015-12-10,-158.82172429402996,-155.85757347437385,-161.4330542069481
2015-12-11,-142.7995249369675,-145.11500520212311,-154.49415506313952
2015-12-14,-144.1061008786526,-150.76205721137396,-158.31051049282462
2015-12-15,-136.0969051886637,-136.19543977896123,-154.66887050355837
2015-12-16,-159.71007071599115,-164.50911316785465,-166.72810450352833
2015-12-17,-155.965759220497,-156.99965721727676,-156.68808067923473
2015-12-18,-161.07338068887037,-156.25426312760067,-161.1870712270674
2015-12-21,-158.66012200329436,-161.51347371646227,-164.07838721472137
2015-12-22,-162.8370317780073,-164.2550005646708,-167.7533996371943
2015-12-23,-149.7748451891607,-154.46607511980142,-157.879954331306
2015-12-24,-164.40355131220082,-161.82527327754093,-165.1082495362819
2015-12-25,-149.22838758069517,-145.75858956507247,-146.14011906537797
2015-12-28,-137.1662761411141,-133.01055550911605,-149.81063965492314
2015-12-29,-158.49884944405665,-157.92002033883432,-155.94539877138524
2015-12-30,-163.19771994583652,-167.33347266053528,-167.1365196234144
2015-12-31,-147.99691550441318,-148.4164034038243,-152.942266782616
2016-01-01,-158.6854153439627,-158.8510019320712,-166.01630364469654
2016-01-04,-153.42158261856648,-158.46639055303342,-159.5867084091417
2016-01-05,-151.60089815558777,-159.32444914645836,-159.6373568366064
2016-01-06,-146.03546321685317,-152.29432385014115,-152.80107095794096
2016-01-07,-153.52896336013552,-156.2739773186765,-159.92803553251042
2016-01-08,-148.22282948003237,-149.89371757440446,-153.49996177064537
2016-01-11,-155.5081611725951,-156.47926823628254,-159.11854477076994
2016-01-12,-156.2690058589479,-156.29858928895138,-160.87994448121046
2016-01-13,-166.18667663569067,-166.91406527809878,-168.72932641506642
2016-01-14,-157.52218698377496,-160.31341568812536,-159.35203193402697
2016-01-15,-163.77264088933524,-163.63141089457991,-164.15444866825172
2016-01-18,-143.85170127484054,-150.61955207512693,-153.9728262339332
2016-01-19,-154.5216698780976,-154.09922505018935,-158.77170226066156
2016-01-20,-157.00709042023738,-162.32435692226682,-166.6549751888131
2016-01-21,-127.17306953274539,-126.76867799989546,-132.48103273144807
2016-01-22,-155.93115120018604,-161.21650467614555,-160.93281812297414
2016-01-25,-145.14545538992556,-155.03548434719647,-156.2532281884711
2016-01-26,-144.77730830879733,-147.05090621852537,-149.2265552671032
2016-01-27,-168.27014267748027,-163.2665697396213,-165.2014255261655
2016-01-28,-167.04704525331698,-166.15332389971715,-169.6200032097828
2016-01-29,-158.16549900038143,-161.78519881972554,-165.38254057497602
2016-02-01,-146.92791345371583,-143.13560456766152,-150.83334832375604
2016-02-02,-153.99923420380117,-153.12029884242182,-155.75967913802282
2016-02-03,-152.83074353601438,-154.26552631145293,-159.17741058796142
2016-02-04,-162.43934703220748,-163.45864175063946,-164.31649431239788
2016-02-05,-146.83619288731063,-152.10029627327356,-151.8077766373103
2016-02-08,-162.2142164464225,-164.1358865345902,-164.90483149379907
2016-02-09,-164.21242870064367,-164.33930174314185,-164.40475970411177
2016-02-10,-166.8948938787571,-166.28794650590433,-167.43557077303964
2016-02-11,-163.6156355342807,-164.13959390907883,-167.74623160152308
2016-02-12,-149.8288018486061,-147.70015524275635,-154.05790869336883
2016-02-15,-158.407440779947,-162.1030156392378,-165.26078537257192
2016-02-16,-143.59324360376547,-147.18627537461506,-150.13490963054997
2016-02-17,-160.46668811170582,-159.15182218206252,-164.05887966217145
2016-02-18,-153.680583244575,-156.41383859005165,-162.6313619498799
2016-02-19,-160.17211857288902,-168.40055842759296,-164.83823257534686
2016-02-22,-166.28062792790584,-170.22528142710374,-172.24903433537483
2016-02-23,-167.3063541622819,-170.35287383834927,-173.91124253615257
2016-02-24,-166.24947105973237,-170.2549943464195,-169.82751043093685
2016-02-25,-159.13311122692352,-162.60228424439765,-166.9160551131968
2016-02-26,-140.88862424452128,-141.53264758740733,-143.6463761464976
2016-02-29,-168.84457760757832,-170.66527869510185,-170.16291366307198
2016-03-01,-153.9271424544996,-152.68304625906597,-159.38589644637318
2016-03-02,-147.5942403065261,-141.8649175075995,-150.52684949176307
2016-03-03,-154.34052685452178,-158.68050820934678,-154.84470364469894
2016-03-04,-146.31529032793674,-146.14474448739827,-153.43655287544732
2016-03-07,-128.73163167640064,-129.80470628206007,-146.4411535506606
2016-03-08,-157.0295624609371,-158.11635573435683,-165.2371042441589
2016-03-09,-139.62447117905066,-146.64436904111238,-151.9960354251073
2016-03-10,-165.94097454811276,-165.47572953915875,-165.61815322865945
2016-03-11,-144.62453932519367,-153.66331307891195,-152.19892028412977
2016-03-14,-152.4672692868799,-151.90428170806152,-163.35555150552702
2016-03-15,-156.27730418536552,-163.34224885116197,-164.14524807642687
2016-03-16,-154.5119129209496,-158.0865795437466,-155.7873228060529
2016-03-17,-151.15706947320376,-152.27289360830866,-158.48160519657267
2016-03-18,-157.798491300458,-158.64548213670435,-155.85425897378778
2016-03-21,-128.53597850217483,-124.4753263551876,-145.7210504511702
2016-03-22,-151.5218165236053,-158.08132856248216,-163.20063873479597
2016-03-23,-139.08077346554668,-148.27598477015403,-152.51781573683104
2016-03-24,-154.8947632751691,-158.9794696213397,-161.782116990905
2016-03-25,-140.12266547887998,-148.54066061088025,-160.28729581651092
2016-03-28,-150.06593286177912,-161.01175960888403,-161.63288622244912
2016-03-29,-74.1888962131558,-99.03949757954739,-138.709624515362
2016-03-30,-158.9415724000622,-160.46345006034838,-162.02016623862872
2016-03-31,-158.1927479703106,-160.34502788201752,-158.4067670882464
2016-04-01,-142.29404938830106,-147.0218682308946,-149.10836614024294
2016-04-04,-165.7194093333941,-170.310888515712,-168.48509650770757
2016-04-05,-159.72741124041636,-160.13702847943577,-162.0650033366307
2016-04-06,-159.89341547541596,-165.96586299498077,-165.9995391839517
2016-04-07,-164.45560016929102,-167.04609300763258,-169.52596416960657
2016-04-08,-120.56425237355555,-145.83142634693203,-153.47451035332566
2016-04-11,-162.080973446859,-164.20536590543057,-166.4814352734899
2016-04-12,-146.4704874070198,-162.3973454736013,-165.82841607613878
2016-04-13,-161.8416115966597,-162.60176737405772,-166.4183935298861
2016-04-14,-153.54863004094838,-156.9750184559869,-165.5122601991635
2016-04-15,-156.3710358411731,-156.58699341622332,-159.29317000625326
2016-04-18,-154.92615083586716,-152.0506499416324,-159.2998206570687
2016-04-19,-159.95155901013499,-162.80785796589595,-160.8499398990619
2016-04-20,-127.58200663939189,-139.08864250873717,-144.03394725943784
2016-04-21,-139.66346497245215,-151.73323188213868,-157.18295456981292
2016-04-22,-137.6647815913717,-139.3907671744398,-151.581348718145
2016-04-25,-131.1732928906286,-144.65477447851768,-147.97580942801957
2016-04-26,-166.49278552852215,-164.25901333179337,-168.60471242429432
2016-04-27,-162.48446098111506,-165.57402975845818,-166.79708865874355
2016-04-28,-155.23020012983858,-154.94275978736076,-157.0530688638855
2016-04-29,-164.67619730196253,-167.36148561834716,-169.70749145978738
2016-05-02,-148.12265580992448,-153.8215140008681,-158.46476966834777
2016-05-03,-163.91900135943393,-164.51549222139647,-161.8484573051605
2016-05-04,-155.84823765116363,-161.19435613403147,-163.6644202809946
2016-05-05,-135.07593066287637,-133.59448992477448,-150.7282065296987
2016-05-06,-154.939054465159,-152.98196313477797,-163.24113288746994
2016-05-09,-168.35868199497514,-169.0665200123652,-172.86455628951103
2016-05-10,-158.6808068687842,-165.28034758252005,-167.43490675727455
2016-05-11,-158.6150924541273,-151.84774358502233,-157.51266715132894
2016-05-12,-158.1232269264854,-161.18714972558803,-164.42478725211276
2016-05-13,-146.76278723390544,-156.44733150992698,-154.7092230752696
2016-05-16,-163.60154808750931,-168.11740407343012,-170.01816110381296
2016-05-17,-166.803227057362,-173.7791950519266,-174.6546657420596
2016-05-18,-161.49197115647002,-163.00866084305616,-164.42324017160104
2016-05-19,-165.42017699574706,-172.19931088067037,-172.80031769653039
2016-05-20,-152.53720891535934,-154.37502119403402,-153.9904494293892
2016-05-23,-152.32228036863373,-159.6587266738182,-165.9160209531283
2016-05-24,-140.85420231944926,-148.88356522358143,-156.4663778885983
2016-05-25,-142.35891463051146,-146.7432980429878,-160.62502749912198
2016-05-26,-159.39557441360137,-161.24026419657838,-159.65628211025737
2016-05-27,-149.86893718933766,-149.57945732242328,-146.74109719384805
2016-05-30,-167.54215528922077,-166.78280239116253,-170.5742635944509
2016-05-31,-160.1796225740234,-164.32814833490903,-165.7960978718592
2016-06-01,-153.37698957419218,-158.61457677937346,-162.20113020469452
2016-06-02,-154.6482084325619,-153.8770197045284,-159.51365055826844
2016-06-03,-161.07436357132156,-161.0363257804735,-166.7847860505541
2016-06-06,-161.9842410872702,-166.51891753777483,-169.51160646312303
2016-06-07,-153.22974118320468,-156.50761278870885,-159.9199835762265
2016-06-08,-151.26778356959647,-158.50181276022863,-156.41603310154474
2016-06-09,-159.456027364845,-157.98763637148843,-161.30300342507178
2016-06-10,-141.00714691567157,-145.09956137540314,-155.9160361803282
2016-06-13,-155.92102359411368,-162.44140758145284,-164.1823587084983
2016-06-14,-155.9467352663004,-163.02479236756992,-161.0937442315264
2016-06-15,-150.9063873993903,-149.25922549855517,-156.83936464794434
2016-06-16,-126.19061741925287,-137.16267154908311,-147.9549345808614
2016-06-17,-164.3573378874243,-165.81232171934255,-163.88007942477276
2016-06-20,-155.24797088591674,-158.82929806667326,-161.8109672042646
2016-06-21,-154.90087672322676,-156.5572295988309,-159.93616721995912
2016-06-22,-147.74796591708918,-155.49880117716228,-156.57674308304968
2016-06-23,-171.22479258246418,-173.18084800935975,-173.89513109694659
2016-06-24,-163.07057199050558,-164.2843483243403,-164.52207310304968
2016-06-27,-140.37054545306245,-146.26652746068606,-155.58209093350743
2016-06-28,-166.3123901297496,-171.77586845154653,-169.69686929968253
2016-06-29,-147.2229782723963,-148.72839555444034,-153.46043272195902
2016-06-30,-139.2144918699334,-146.42114332584214,-157.62821225240705
2016-07-01,-161.20252733017915,-171.09919022347353,-170.07204940060242
2016-07-04,-158.05208987508018,-163.93253678455844,-166.6131032098522
2016-07-05,-165.145358309209,-166.32530227351373,-166.7831842081154
2016-07-06,-158.34072158247096,-161.0778840943255,-161.32294972838923
2016-07-07,-165.0650210992326,-170.673516305446,-173.63637184813743
2016-07-08,-166.4253369929464,-172.8593855176477,-172.9610681007706
2016-07-11,-163.60340872019745,-167.85212274675365,-171.3070568997926
2016-07-12,-153.9202286724044,-165.11581540039217,-167.54985442723003
2016-07-13,-164.59975794998988,-163.4701717372185,-167.53671022202158
2016-07-14,-151.90871561009942,-159.53367967336234,-164.98577663719888
2016-07-15,-163.58127589752894,-170.35955293408227,-166.5857237819358
2016-07-18,-154.16755349010538,-149.65051825102083,-158.6930514236019
2016-07-19,-149.12355272802256,-150.68233814345965,-163.05755399806918
2016-07-20,-149.35568051704618,-153.12564894777324,-153.5616021172084
2016-07-21,-158.90735921326262,-156.4850360658187,-164.7415573602626
2016-07-22,-153.43487056784215,-161.37125981725342,-161.0035874296576
2016-07-25,-159.86492400100116,-161.98092590818953,-167.9267404388542
2016-07-26,-165.806973838241,-170.50234775806226,-170.77746204297094
2016-07-27,-152.4960067826807,-154.74663054657722,-164.4821995653292
2016-07-28,-155.10592036853765,-153.09288102405918,-163.4372795530295
2016-07-29,-158.4021823660965,-166.64904100909402,-166.60181465938646
2016-08-01,-142.05538802962957,-142.943901108067,-151.51513871679742
2016-08-02,-157.76022410624938,-166.9894232810764,-168.5518546458676
2016-08-03,-165.29658448723822,-167.37541555573813,-169.27362952551928
2016-08-04,-151.61654118264093,-152.55064004189163,-160.8252089424079
2016-08-05,-134.63884163876094,-140.1903837874579,-157.6161366044323
2016-08-08,-155.9522335710609,-165.92560293016714,-165.866933008744
2016-08-09,-147.16008920640496,-158.88885230186037,-160.29037797561384
2016-08-10,-158.5136679420292,-159.7332728649574,-164.45657056714964
2016-08-11,-169.48824039124548,-170.79234058993077,-171.9542557647397
2016-08-12,-167.47540073023222,-173.0721213794084,-174.07016056968615
2016-08-15,-164.66459159799857,-163.24318818972415,-165.56196547220105
2016-08-16,-155.11449019378162,-154.67649335588652,-159.68379660887555
2016-08-17,-126.49450276986315,-133.257780769677,-140.5390542949283
2016-08-18,-157.3146010723743,-163.27883611065735,-169.4802909494679
2016-08-19,-144.94509430846034,-152.3145483361498,-160.6568119032128
2016-08-22,-161.74310831682618,-164.58883879526692,-167.0818296104517
2016-08-23,-154.19653807607062,-161.36138631766823,-152.58731213141533
2016-08-24,-173.35061010838183,-176.482792487571,-177.523739835459
2016-08-25,-123.47193976074618,-132.41258324897154,-146.54483780681394
2016-08-26,-162.8407962276568,-161.75387898410858,-164.67069506647795
2016-08-29,-163.75991536439733,-160.72563793795027,-160.01093404753234
2016-08-30,-157.6267803139742,-161.8729324638606,-168.82889153969228
2016-08-31,-171.72151255275307,-175.6663303716824,-175.97875440560648
2016-09-01,-132.59376988630632,-126.23481769941736,-143.72020797549666
2016-09-02,-146.54217957469442,-154.23628417245106,-157.98302272712067
2016-09-05,-123.54755004686118,-141.44676971826573,-148.69900477593615
2016-09-06,-160.23103328902835,-165.03266928119652,-169.65744529072643
2016-09-07,-147.9657041311593,-154.98279983456865,-162.30413545061074
2016-09-08,-139.04733936453326,-146.68845728923657,-156.23543080914948
2016-09-09,-151.13673674055968,-161.25241917522715,-165.28697944762598
2016-09-12,-122.12990343529881,-144.58089057576188,-151.2664318451873
2016-09-13,-157.9709047495107,-163.6571503798906,-168.24868796433714
2016-09-14,-147.15250602051088,-152.67141301308163,-155.84188633930265
2016-09-15,-166.60783282378978,-168.4325103509288,-167.56064128896972
2016-09-16,-146.42306728317067,-149.8143452236182,-153.64003514599165
2016-09-19,-159.7487120541811,-158.21070751790475,-160.60611840804899
2016-09-20,-144.76121544304652,-145.63899858982583,-149.10351260876553
2016-09-21,-146.84964487702172,-155.58705089399328,-161.22864467540228
2016-09-22,-153.66062279228981,-149.17680021562433,-157.6425402863492
2016-09-23,-152.96054434996012,-152.71272959046502,-158.42466937019122
2016-09-26,-143.42600395846685,-148.04962285500187,-154.75407835034846
2016-09-27,-146.58413934547463,-153.3621570449467,-159.7058846480849
2016-09-28,-152.34097226877833,-150.84494582205127,-143.61221098872977
2016-09-29,-150.88299765097952,-157.54987751351456,-167.02715830354177
2016-09-30,-152.36739781268636,-155.21769375954378,-155.08072755149763
2016-10-03,-155.88125249244678,-153.3819694505383,-156.6480793544897
2016-10-04,-153.02434297835958,-156.238615934554,-163.06905760573812
2016-10-05,-155.70786366564113,-160.43893225289975,-168.88447638866617
2016-10-06,-143.58058203256144,-146.28551884412116,-152.9636559858825
2016-10-07,-164.79917565271575,-164.319232905509,-164.2729867832535
2016-10-10,-152.4204917491914,-140.105927170363,-145.85557495999177
2016-10-11,-165.465671919332,-166.60561798257353,-168.95988962703868
2016-10-12,-168.2911673879385,-170.1794948644666,-171.1418383036463
2016-10-13,-144.50198244906846,-145.23389976447987,-156.05126076893646
2016-10-14,-153.99395789248626,-154.10776279491577,-153.66429413547536
2016-10-17,-170.4438259388151,-169.72056232463456,-169.39926788762835
2016-10-18,-147.00599731803288,-147.07186088795896,-158.10964801704236
2016-10-19,-153.83838594959346,-157.83982097922618,-161.7621548218442
2016-10-20,-138.26238094316034,-138.15080859321642,-144.70717750560516
2016-10-21,-143.46985476627225,-153.09530162350507,-151.6252876930889
2016-10-24,-148.70153973548565,-156.06364174672566,-160.96252733772204
2016-10-25,-124.28244026055825,-130.32320311563308,-132.95018659753526
2016-10-26,-163.6444466173559,-164.86342659727757,-163.40308866419863
2016-10-27,-157.12335173072842,-154.12944166098652,-159.22928752487218
2016-10-28,-161.38032379576453,-160.79289839084524,-167.61631607538266
2016-10-31,-160.8936213984796,-162.06224104094565,-164.5014930656194
2016-11-01,-165.0625728712282,-169.2857098603097,-172.11701937303698
2016-11-02,-155.05419068280838,-159.80043129849813,-156.81853592263232
2016-11-03,-158.62220545755974,-158.265859757131,-161.54060813983645
2016-11-04,-145.51279619582164,-136.51837622021785,-153.2800027560624
2016-11-07,-173.70600534606066,-173.28258552716866,-172.7463104247807
2016-11-08,-158.04611860537017,-164.48371289985005,-165.66226916917236
2016-11-09,-161.6378250460899,-160.87962281409511,-164.28939439875694
2016-11-10,-158.52054373137798,-159.04979928605462,-162.59816327803028
2016-11-11,-134.0192918183893,-146.5846130778995,-151.34958973567836
2016-11-14,-157.80377631383965,-162.20382550773527,-164.5644103574157
2016-11-15,-162.6516935323271,-160.59567461405987,-162.37087760993933
2016-11-16,-164.89426690213423,-165.16437645110014,-166.85016075277272
2016-11-17,-164.77208564647162,-165.47944317193267,-166.5493614269734
2016-11-18,-148.5513748842038,-152.18344048325264,-155.05120295859996
2016-11-21,-161.29942214837598,-162.65292868497676,-167.88290678304236
2016-11-22,-171.18221707889253,-173.2446673498774,-174.54880491844833
2016-11-23,-158.9426458478383,-163.2994573574471,-165.77152640822925
2016-11-24,-159.5870228111029,-162.13662013973632,-164.98508070797882
2016-11-25,-153.1343636060112,-153.00090009975204,-157.57360036125144
2016-11-28,-154.92028276973582,-159.14772877515853,-157.59927704448958
2016-11-29,-156.54381117315384,-156.17952156210146,-154.3310459073992
2016-11-30,-157.7659017645371,-161.63326996235634,-165.89859863745573
2016-12-01,-162.5986448216039,-166.91652655176682,-170.27144686700294
2016-12-02,-151.81008261680083,-162.18082946153385,-167.57904732700308
2016-12-05,-146.75079623197533,-150.92123673774466,-151.78130272969176
2016-12-06,-156.70752101738444,-158.76130883429022,-158.45504237233385
2016-12-07,-154.11120344399149,-160.3563961214721,-165.4838842330831
2016-12-08,-133.92230877745092,-142.24964497861114,-150.6577198753043
2016-12-09,-137.2949715155962,-150.0288089917831,-159.11454956035837
2016-12-12,-154.4739783551058,-154.18543749269045,-158.42101783246014
2016-12-13,-159.77905071063273,-160.84725532225227,-159.48368712553236
2016-12-14,-134.27855767877955,-137.0584421553254,-140.37794948300188
2016-12-15,-141.3529165467245,-137.11116750753882,-132.3005414008981
2016-12-16,-152.1417605472765,-156.3176323444623,-152.9818043043138
2016-12-19,-156.50313310768362,-156.3068415238257,-160.2543179185095
2016-12-20,-144.898577781223,-155.38224195012427,-152.508069685717
2016-12-21,-160.43771925213204,-159.98443052747447,-164.2116723099724
2016-12-22,-150.30382424823057,-153.87579994125315,-157.57287984663557
2016-12-23,-157.26176349223456,-163.50978161336838,-163.5250276488787
2016-12-26,-153.1484453081199,-155.89230607407012,-159.67897327689494
2016-12-27,-157.41994783981878,-156.18649206602075,-160.97535423337786
2016-12-28,-134.17001309079288,-136.3955926022534,-142.29252707932693
2016-12-29,-158.61291779558206,-163.20963993097806,-161.84744422000136
2016-12-30,-161.00376174741717,-161.16015526969073,-164.28562791060878
2017-01-02,-135.8522700091862,-137.38155209807766,-147.79515179377367
2017-01-03,-154.98304205353793,-157.65241179056957,-156.9324697640963
2017-01-04,-161.2460184962409,-165.79635574534177,-166.00847183169742
2017-01-05,-148.74871840153722,-157.43439570811302,-163.57128386759769
2017-01-06,-156.9655276591295,-153.56645107728093,-157.52400574416666
2017-01-09,-167.84922858944256,-169.7540564472943,-170.86164920784276
2017-01-10,-131.82107221675025,-142.52444342950304,-151.61233121066584
2017-01-11,-167.4916572816348,-169.4309658029082,-170.55951335846387
2017-01-12,-162.03219766657344,-169.8269680460258,-173.49824184389846
2017-01-13,-152.86269228617638,-153.52305191910088,-162.23201219377097
2017-01-16,-161.8582117855313,-171.7460391874119,-172.84690409336312
2017-01-17,-141.07061689737952,-146.08805900298717,-149.50314075921898
2017-01-18,-152.74376016551702,-154.84561341699907,-161.1432893762776
2017-01-19,-151.1945486214364,-147.83631033023582,-151.41640190300387
2017-01-20,-153.6242042093709,-154.29691312980145,-155.47371336585553
2017-01-23,-161.05911934698105,-158.7400571617812,-165.25976703987067
2017-01-24,-142.58481505562784,-142.37006998960504,-149.1596325358421
2017-01-25,-158.99157846750242,-156.45166469710205,-161.2345179075165
2017-01-26,-151.91042267874627,-152.27599045540902,-154.87161259697547
2017-01-27,-144.9207103470227,-148.19187404070658,-153.72568133971708
2017-01-30,-141.11330263474855,-145.65222987233142,-144.06605290241666
2017-01-31,-138.38820876804724,-155.89900502554548,-151.8544753454802
2017-02-01,-147.68161038320468,-156.5769629230183,-158.18588372729675
2017-02-02,-170.95379473787264,-170.69880768785808,-172.30338480353652
2017-02-03,-138.6785794275621,-151.47834186317894,-153.76618174358498
2017-02-06,-127.81177737746896,-134.73174807346072,-143.9118376449281
2017-02-07,-142.26994851977176,-154.236954298479,-156.05815638750903
2017-02-08,-146.43994497491974,-148.80883197603268,-153.89025627941834
2017-02-09,-144.78191890035185,-151.0030684861834,-156.27176956165238
2017-02-10,-135.53533810150805,-137.50095562746412,-146.04288807377503
2017-02-13,-152.67387641904725,-157.89728134950894,-159.9296279010537
2017-02-14,-148.8708672205382,-157.12585938856384,-156.0215097921903
2017-02-15,-147.36236320832057,-156.54453960128924,-162.4299155998416
2017-02-16,-132.14083045535975,-132.17782469244383,-139.39622390530388
2017-02-17,-157.34186295758224,-155.68017154771428,-158.993275080182
2017-02-20,-131.03790954376683,-145.82290095042703,-154.18064569840686
2017-02-21,-155.49755649541913,-155.61052241364752,-153.40151507756502
2017-02-22,-151.10873957345186,-159.6410840225586,-165.95495229099464
2017-02-23,-134.064848671147,-147.857767123531,-152.33802771361803
2017-02-24,-154.2497166468962,-152.60472027142941,-156.72160327343465
2017-02-27,-168.43501778840124,-163.4645644521194,-168.83168493435744
2017-02-28,-139.18289571915886,-153.30613472779214,-155.68484227846233
2017-03-01,-150.63288824738834,-151.5967510704181,-163.48446799522404
2017-03-02,-155.68121853973508,-158.3080633364931,-160.7227275413768
2017-03-03,-151.40036911755652,-149.5075799156509,-153.72479822472636
2017-03-06,-154.57018989986375,-153.7560318346206,-156.6706725742236
2017-03-07,-150.30164400803946,-150.63273921388156,-154.48807810398233
2017-03-08,-167.85478769312664,-162.3863808912348,-163.96632807054192
2017-03-09,-156.50270864229543,-157.82819195582917,-160.68814057818395
2017-03-10,-153.4749005682938,-153.48427471080225,-161.83919140026472
2017-03-13,-150.89580445005257,-150.13063592833527,-150.4004105782332
2017-03-14,-159.55218968005792,-161.56306782721305,-161.68011795990955
2017-03-15,-147.56640829822376,-149.15187699703816,-152.30761505007314
2017-03-16,-151.80559943926255,-151.24319090300435,-161.8253698745028
2017-03-17,-145.03642829075415,-147.45769217087457,-152.85024035796565
2017-03-20,-155.86334400807735,-152.51949636213067,-154.82259324437223
2017-03-21,-168.18081838367914,-165.48432753096486,-165.22299320665667
2017-03-22,-147.60983016571276,-153.6818536823987,-159.92394490151767
2017-03-23,-147.93023567875156,-144.34835226879952,-153.54337030480713
2017-03-24,-155.6220236097058,-162.69767038174982,-168.21641150581956
2017-03-27,-155.86383786738259,-157.5764349534425,-164.77522639969914
2017-03-28,-145.1061205396995,-145.3296715711966,-150.49124205582487
2017-03-29,-166.59975564250595,-167.39538871559,-169.75712995725064
2017-03-30,-152.92252092534875,-155.35289932529895,-160.09585420976325
2017-03-31,-153.74539455508275,-157.72141953206253,-152.64959105584325
2017-04-03,-152.26506925640993,-153.70314739553007,-159.85406021906158
2017-04-04,-146.4861874453324,-149.92594071395396,-156.28817804633152
2017-04-05,-149.59655110398694,-155.5393118547636,-158.7392797856302
2017-04-06,-141.4505062595453,-142.8091269871471,-154.03440141479746
2017-04-07,-155.6315541181964,-160.01999978351068,-160.33612495784183
2017-04-10,-160.45034406618436,-158.19226993173376,-162.7986106831882
2017-04-11,-133.0290800428776,-142.51860610963183,-144.6725870347473
2017-04-12,-135.42124660821042,-130.84655865243158,-147.16398420843808
2017-04-13,-149.26047861337895,-145.23326463522585,-147.94265510176118
2017-04-14,-139.6447954713776,-143.5370046901189,-149.86714792300359
2017-04-17,-156.12780129267077,-157.09332145610418,-160.38440492044882
2017-04-18,-161.21129524583154,-158.9928216966976,-160.1752725329121
2017-04-19,-150.64358762607898,-152.3075679060155,-156.41266685722712
2017-04-20,-154.58067923480638,-155.03559704618783,-161.31463160381654
2017-04-21,-136.822435062918,-139.4414331454166,-148.64224980502905
2017-04-24,-138.05248296969734,-143.3395402150754,-152.71630653827026
2017-04-25,-159.72150710541473,-163.8301324752369,-168.3001129195563
2017-04-26,-149.00684481492988,-149.6253734551597,-160.39638281017716
2017-04-27,-161.83788391720338,-165.992529776881,-164.9812146406794
2017-04-28,-163.6523109671442,-163.67832973199992,-164.52941221970727
2017-05-01,-166.72469694111015,-169.3096056756247,-168.60814290084937
2017-05-02,-162.23530934664763,-162.5755843080139,-164.95583699616634
2017-05-03,-150.74400559627912,-150.94696194601175,-155.44886484976965
2017-05-04,-152.16568482352264,-155.3377478962321,-161.10220014170116
2017-05-05,-162.64185182990508,-164.56329245141043,-166.08409034458145
2017-05-08,-148.68922004163508,-146.87349707379468,-155.93132821351753
2017-05-09,-165.21164770873378,-166.80912901530738,-169.89156160106734
2017-05-10,-152.99242914269718,-152.19330547872113,-154.61893818899628
2017-05-11,-159.20588218620276,-161.00997718342418,-159.95115341295934
2017-05-12,-155.65531329324784,-153.90101459568044,-154.80298756196748
2017-05-15,-153.82132728773783,-151.27848768355236,-149.7380002087476
2017-05-16,-144.41431326339955,-150.0680347783653,-154.1053103958942
2017-05-17,-152.32027666997294,-159.56980842553224,-162.52321957337386
2017-05-18,-140.68126063095897,-152.7927754354658,-150.2822143545563
2017-05-19,-156.6985019247063,-160.5701402407493,-165.97117423397606
2017-05-22,-163.30880837925457,-162.30336935428716,-165.22241967756116
2017-05-23,-158.62148069173426,-166.61520044516243,-166.00889568819508
2017-05-24,-162.1480805068354,-166.1897779817336,-165.83863011660105
2017-05-25,-151.58945705024325,-148.69048818915115,-146.89396665746676
2017-05-26,-159.67765988917202,-164.04952449158037,-166.10598878155898
2017-05-29,-157.31168497823327,-162.6257879231313,-165.1857152943203
2017-05-30,-163.04105268480947,-164.38960184756485,-166.6393433731242
2017-05-31,-159.8437220707636,-156.3879252441773,-160.69995673047572
2017-06-01,-166.2200564207898,-171.34174265935133,-172.04642219711837
2017-06-02,-167.88757763338026,-171.82864408128978,-173.0423371960493
2017-06-05,-160.95201778672524,-158.9764478150695,-157.61897539779517
2017-06-06,-153.90343179688466,-156.71916973522178,-165.72527362145559
2017-06-07,-160.93572480539936,-160.72966255186205,-162.863723063686
2017-06-08,-149.8444386956098,-149.3953090961196,-155.88690034487811
2017-06-09,-159.62279371830147,-157.5643914061167,-160.1031710463061
2017-06-12,-162.31234672155182,-162.25629154071737,-168.06116318438495
2017-06-13,-147.69526288863474,-149.0126950310855,-161.85731695741535
2017-06-14,-156.7650447930105,-159.4192952090497,-166.8155569658513
2017-06-15,-164.6545855377631,-163.15038638852508,-165.11496861196585
2017-06-16,-156.53672594549403,-156.2098753848529,-160.97909600818525
2017-06-19,-157.83019824057885,-159.2687186680737,-161.81025027863254
2017-06-20,-155.59488424303916,-147.2309337863997,-154.99148549373035
2017-06-21,-166.79966974941374,-168.7745052723677,-165.7759603801312
2017-06-22,-152.1080207697188,-153.8104816176115,-160.1331492299724
2017-06-23,-155.5154986484536,-157.76307576049786,-162.72092977399961
2017-06-26,-158.26292074886138,-161.29552923722437,-165.970573593134
2017-06-27,-159.9561311746729,-168.78925889427776,-169.51194002254752
2017-06-28,-156.97280272858163,-158.6076830575475,-161.86286876209311
2017-06-29,-158.22641478614565,-157.91960226305682,-160.29966066265646
2017-06-30,-147.28936047080083,-143.4830299391084,-152.30218223444717
2017-07-03,-159.0369759620914,-166.6366717939226,-169.25776229969048
2017-07-04,-154.34567688118292,-158.3442326248603,-167.0820898994235
2017-07-05,-166.3303552598564,-171.66056075058364,-170.95812256666875
2017-07-06,-156.40740333993452,-161.31704162392737,-166.13580638075808
2017-07-07,-165.6048445681063,-170.94435460716784,-175.28010092092654
2017-07-10,-162.62423431001844,-169.69894076957286,-173.25663470460572
2017-07-11,-161.43947570586514,-161.40978717759714,-164.42745719237544
2017-07-12,-171.51337395725344,-176.95099363965411,-177.72002668871556
2017-07-13,-163.85052405852556,-166.72081115801,-167.92943421544584
2017-07-14,-166.09104561949403,-169.19481107207343,-173.68663798333156
2017-07-17,-166.52221549582742,-171.06659883268117,-173.2129802235574
2017-07-18,-169.25790095053293,-174.7428131103377,-176.86308446655337
2017-07-19,-164.6317335704537,-170.52207817730635,-171.3637652758138
2017-07-20,-168.65284909704718,-174.15596471867605,-175.91346849882387
2017-07-21,-159.5419661407487,-163.38064010292243,-169.81823556278897
2017-07-24,-162.5840073647074,-163.7293119829347,-165.25982873131196
2017-07-25,-163.1986884787927,-167.7536472794567,-175.76203977051898
2017-07-26,-151.08580690948548,-152.0550660988364,-158.62596654172458
2017-07-27,-156.44882974231544,-163.02588380430203,-167.39566263129547
2017-07-28,-167.24232285551628,-169.70712213976086,-172.01359802687665
2017-07-31,-166.6032710592066,-166.96953218376856,-166.77445174048572
2017-08-01,-167.9165925177311,-173.4015786744024,-178.2516584367119
2017-08-02,-167.04106739374686,-174.7613734797864,-177.94334559492657
2017-08-03,-168.8213947627798,-174.77243640288688,-172.5649038220369
2017-08-04,-160.75708903733295,-162.39795155863897,-165.01138712456012
2017-08-07,-157.26310512970682,-158.40833067728852,-172.01506035388013
2017-08-08,-167.40088800753134,-177.01925951501926,-179.05646908224043
2017-08-09,-165.5847341586638,-167.1496371415958,-171.79316139170885
2017-08-10,-149.0019769817737,-145.93096608848714,-159.0693318600033
2017-08-11,-166.76103528723075,-164.94074931723358,-171.3313364748121
2017-08-14,-163.2342871939103,-155.38231131189045,-159.98303431670737
2017-08-15,-149.95056231140177,-148.4690262870201,-161.31281998914503
2017-08-16,-152.89555879030274,-156.378946615811,-169.40526825595063
2017-08-17,-162.28736487205984,-158.9597383038054,-160.9767531628564
2017-08-18,-137.4175946332217,-141.3408429256554,-163.7578888026462
2017-08-21,-145.18734127205164,-151.2451936205877,-157.5926634286346
2017-08-22,-152.11146605971754,-151.90105043133565,-159.4944821335584
2017-08-23,-151.12243991102233,-151.05388991740895,-158.79826879075938
2017-08-24,-168.67994716928288,-172.33486719033922,-174.34421607145492
2017-08-25,-146.12524806515682,-138.8742103533493,-149.0633412259866
2017-08-28,-156.14070647198943,-153.72520277212388,-161.23169153524347
2017-08-29,-151.11679949203614,-141.3159942257218,-158.36810605454477
2017-08-30,-159.54300369893593,-157.830704570779,-161.8928318622438
2017-08-31,-156.57742496715167,-161.9613193997529,-168.45238471598887
2017-09-01,-164.8191368816326,-166.1202832562582,-165.10893087254786
2017-09-04,-167.47060153762698,-167.01644034884677,-166.43224223198033
2017-09-05,-164.8884865298596,-167.0888660847366,-168.24042001417754
2017-09-06,-156.81575112461462,-153.50426137507122,-164.22933494864407
2017-09-07,-155.31000758863553,-153.89454916959914,-159.6817103385745
2017-09-08,-141.25458678111886,-145.23208907710696,-159.36136875025613
2017-09-11,-167.6769265897635,-169.786731901456,-170.06128635297696
2017-09-12,-160.5491065819127,-157.55501740735852,-154.62716720165605
2017-09-13,-153.82598093070777,-158.14868951676323,-161.9051081740682
2017-09-14,-158.8971800109046,-161.27342939543382,-167.40957349104306
2017-09-15,-165.35833087625593,-159.61146418639748,-163.87079202803247
2017-09-18,-150.75548171519404,-153.17495933413812,-162.1699955572193
2017-09-19,-151.26295740957318,-151.2266604484366,-159.79883772352363
2017-09-20,-162.21781451097817,-163.55329087610377,-163.23378874715732
2017-09-21,-153.8939797860727,-147.26628268337248,-147.43597423687044
2017-09-22,-162.64435150703326,-163.34175063661112,-166.31653915301294
2017-09-25,-165.97290648979984,-164.5364166629493,-166.3459288813511
2017-09-26,-153.29784394429527,-156.82349377936492,-167.69948521064248
2017-09-27,-142.8937121058879,-147.98717590145787,-155.72679762061347
2017-09-28,-149.25809600249315,-148.75006181052453,-155.15584459065914
2017-09-29,-164.2411023006449,-160.3368138159172,-159.31160498698273
2017-10-02,-129.46108924681312,-131.38177840293625,-144.73110627625192
2017-10-03,-152.4284354252256,-153.27829039116688,-158.15208946355193
2017-10-04,-161.16473960746885,-162.42694992394576,-169.1127934659724
2017-10-05,-162.40736703871758,-157.70227851999246,-166.2299650315904
2017-10-06,-149.3250476944629,-152.93887659615078,-167.11785968309783
2017-10-09,-161.80812052300368,-163.05147512187918,-164.79913490139552
2017-10-10,-159.4718513736709,-159.6392236210165,-161.65032773339726
2017-10-11,-133.81969798758234,-132.0937732280444,-142.41373552775923
2017-10-12,-163.37621191110475,-162.014843220302,-161.1816265761636
2017-10-13,-132.27055195943092,-140.9489902195517,-156.19630451601748
2017-10-16,-149.84975336398026,-151.57288706792056,-159.8495740646
2017-10-17,-148.40269899197057,-144.7185520911375,-142.61446621262598
2017-10-18,-139.43609053951837,-141.89517503717224,-151.29246546248544
2017-10-19,-156.66223898638947,-158.55557505026127,-167.82196092077234
2017-10-20,-133.48561669097538,-145.55673757747914,-158.98814307186458
2017-10-23,-126.1913637234025,-129.7321115247903,-144.1742339442746
2017-10-24,-142.5711138978079,-142.44451058056202,-149.40605967741436
2017-10-25,-170.54939040167423,-169.10265514978244,-170.78501814477696
2017-10-26,-145.37479725718003,-148.07295431905297,-155.01281720293684
2017-10-27,-153.31279839405548,-155.15625764131852,-148.34893241169505
2017-10-30,-146.28244685978194,-150.44140410573843,-155.56323342121206
2017-10-31,-145.38452721925876,-144.45668220934795,-155.25818719057358
2017-11-01,-104.36235132144829,-110.90813612062878,-140.4799067902859
2017-11-02,-162.61725262978374,-161.7799518091928,-162.0095393396384
2017-11-03,-166.75270752520333,-162.76714585809864,-164.92519562787925
2017-11-06,-145.48069822018743,-151.1200358375592,-161.03751390197246
2017-11-07,-157.30760860382415,-160.86614682607419,-156.52002347177486
2017-11-08,-153.19153020594993,-160.52277930673475,-168.68926844420676
2017-11-09,-154.9273174141214,-159.21513090688006,-162.21080965260163
2017-11-10,-125.46838412316515,-129.2807490509685,-137.82987920586763
2017-11-13,-162.08593076289762,-159.39716906605983,-161.22325988862312
2017-11-14,-155.36161441899543,-155.72863124126403,-160.22330144774472
2017-11-15,-167.17161745645947,-165.99314406847358,-166.23614362494723
2017-11-16,-158.7785155811572,-166.11337820757316,-168.34096904721594
2017-11-17,-168.99589815222237,-170.49721502038904,-173.91064592205444
2017-11-20,-150.08565025728547,-153.50109445599094,-160.3742649789844
2017-11-21,-153.82883935579034,-159.79856505763345,-164.58497995217542
2017-11-22,-145.6871969438827,-148.88606685609676,-157.8890455315278
2017-11-23,-151.7766895378864,-160.73962109934934,-165.36711250389567
2017-11-24,-160.29375023098478,-160.88743207112265,-167.34738527875447
2017-11-27,-167.01083107880373,-167.37902096013215,-167.80004789236293
2017-11-28,-160.66288945749506,-165.130185551351,-166.0029866611368
2017-11-29,-131.44377091090138,-137.48218270710217,-158.1631650871595
2017-11-30,-155.4115958515059,-149.66739179000197,-150.06988087094717
2017-12-01,-108.91752621701104,-140.49014384193273,-156.20913979614284
2017-12-04,-142.47423291541853,-148.75826469599514,-156.00581384234798
2017-12-05,-158.2537882199051,-157.57466999312715,-163.13132929667793
2017-12-06,-149.64900581096654,-150.28595438139612,-155.2143167133595
2017-12-07,-160.34701746237403,-160.08278220485954,-164.93948327488627
2017-12-08,-145.77883053130856,-156.0453810436741,-162.81928803687205
2017-12-11,-158.9717113035071,-158.1569532958351,-160.41326189931192
2017-12-12,-155.87758402027873,-157.2335084953585,-163.36852542965636
2017-12-13,-164.9223677009401,-163.38838998648404,-168.12141731283154
2017-12-14,-139.60398400445524,-146.46786694769924,-157.32263893286412
2017-12-15,-164.69949783256578,-163.99528756239505,-167.59054804936866
2017-12-18,-166.85754658144833,-166.60103540556602,-173.01780322377505
2017-12-19,-156.477374295917,-161.27368859819586,-165.28011694709795
2017-12-20,-159.92034502412253,-161.8505306107869,-167.2608911939581
2017-12-21,-167.876869965562,-168.69635937081674,-170.73828649680001
2017-12-22,-158.12760725588782,-158.34818670846974,-162.51014337263507
2017-12-25,-151.84109540866672,-154.88108969305563,-157.96421404196371
2017-12-26,-154.81768321607316,-158.18588154998085,-165.49644710380164
2017-12-27,-162.95832920555404,-167.73636923626012,-170.7614631350504
2017-12-28,-160.36683556465783,-162.097497116041,-165.68670847060238
2017-12-29,-151.26471950552718,-149.783736822106,-155.59227858215533
2018-01-01,-150.63142446801612,-154.3360512525166,-166.61598032850014
2018-01-02,-162.5821652278585,-159.21735021267992,-160.8065594080737
2018-01-03,-161.77220512528444,-162.51337880098373,-163.00494278934065
2018-01-04,-164.7794505256212,-167.94862977260132,-169.710129978567
2018-01-05,-161.40593933535104,-161.5107563371323,-165.5095207011848
2018-01-08,-158.87058297478228,-158.25757478587573,-164.34457676157498
2018-01-09,-170.76995364430513,-172.28866558114532,-170.3863210037612
2018-01-10,-164.12710768434695,-163.96607598096125,-166.95933905765145
2018-01-11,-166.18257884046673,-170.50443020701243,-169.18065840937822
2018-01-12,-167.58746352464485,-173.502131165221,-177.44087222396578
2018-01-15,-162.93435175428746,-163.74023676091505,-169.40109680515764
2018-01-16,-169.03919244730054,-172.57462175381306,-173.4953979499003
2018-01-17,-146.9108859251351,-144.47492070899386,-152.62304861622448
2018-01-18,-167.47718204991148,-167.94166847804217,-168.98640506665632
2018-01-19,-163.0720526531516,-164.59657633169823,-169.87635294363906
2018-01-22,-162.2757095215213,-164.62790794010976,-168.0194284627925
2018-01-23,-154.43179743731798,-153.8868236893638,-158.17452532746378
2018-01-24,-170.21477506156293,-174.230003406322,-175.4862459301467
2018-01-25,-156.61761060319412,-152.4254927643844,-147.40468194975844
2018-01-26,-161.140620093062,-165.68324626141126,-167.2667804240493
2018-01-29,-162.9631978308302,-166.24368281629097,-168.59995378367222
2018-01-30,-157.4452808029225,-149.68477671505798,-158.01835267882575
2018-01-31,-162.13710693334124,-154.8852510187291,-158.67863955536566
2018-02-01,-159.10296111801523,-160.42182198950908,-161.06897237044095
2018-02-02,-161.29312785624683,-161.7484697467086,-166.6179326576935
2018-02-05,-166.9325540429504,-167.12821996245546,-171.28081819409226
2018-02-06,-139.26653855045745,-139.568541509655,-160.06053070290503
2018-02-07,-170.0922245978582,-172.2593861352038,-170.75705587903389
2018-02-08,-161.15800967190984,-162.8134687721771,-172.5662032751563
2018-02-09,-150.81107851623364,-156.7733308305846,-150.48023169541221
2018-02-12,-161.13483427604345,-164.37394926114362,-165.58938727883842
2018-02-13,-158.69495658632584,-161.07960161407075,-158.11458836857412
2018-02-14,-158.4417784802046,-154.3018188726238,-161.18313222889662
2018-02-15,-172.86223365335542,-174.65324124324027,-177.8921866097228
2018-02-16,-162.17404757063912,-159.75681058211103,-165.2581378546882
2018-02-19,-157.6979332113929,-160.26305671586442,-163.721192027212
2018-02-20,-156.2382637412066,-153.8035087861036,-161.13322405805962
2018-02-21,-140.73928047983603,-141.08662031602438,-144.57727347614232
2018-02-22,-158.96493470472208,-158.9213066007316,-161.15394917094062
2018-02-23,-168.0566633290239,-169.31077272404156,-172.15162637180973
2018-02-26,-168.6065986657777,-169.97522181361688,-169.5067925245831
2018-02-27,-149.8125015838643,-149.79890686840173,-161.48152960386244
2018-02-28,-164.99940942506993,-167.6005139586447,-169.96179671001286
2018-03-01,-162.38327453297384,-165.57706950913595,-167.29269371658097
2018-03-02,-150.7168522859646,-157.60549882503892,-164.83604500249166
2018-03-05,-163.6459300502142,-162.1145942064864,-162.38304255408852
2018-03-06,-172.05288902387798,-175.78323322083082,-177.57402733859908
2018-03-07,-173.158341524177,-178.5490604509569,-180.0528942594477
2018-03-08,-166.31514818249153,-169.42087347085055,-174.54998658067208
2018-03-09,-167.06099925051439,-171.88968841788773,-178.2887610909805
2018-03-12,-148.81614404426784,-152.04271938144538,-159.03293221623414
2018-03-13,-146.843935458815,-140.96770568322597,-148.039736485242
2018-03-14,-154.42539389565312,-158.76358657266005,-168.3713958025133
2018-03-15,-160.22084664769233,-157.25256619370361,-158.46216457689732
2018-03-16,-161.30167570579275,-162.18199522827723,-160.11279570945447
2018-03-19,-164.26715065032963,-164.4761494027634,-167.57495105718755
2018-03-20,-164.84981554305045,-166.92760422875784,-169.32120147536426
2018-03-21,-159.97824526752427,-164.83756326282648,-165.11955711993892
2018-03-22,-154.25074519042218,-158.04788936040447,-165.6250048761868
2018-03-23,-129.76503702168816,-141.993331443705,-159.92597979259256
2018-03-26,-162.1725018701669,-164.6788278420247,-172.07743793343673
2018-03-27,-158.88936935299304,-154.4772452302485,-158.12532639283825
2018-03-28,-155.57503360300814,-155.71525967467463,-160.8277188990146
2018-03-29,-149.80055101646133,-153.56395072445187,-154.4372873452188
2018-03-30,-150.10263918054483,-151.59698894087987,-154.61087593974082
2018-04-02,-141.25342922307385,-149.1586692206495,-158.12427595716588
2018-04-03,-158.78330703335536,-164.676454126901,-165.92821589434243
2018-04-04,-162.3752542514144,-163.88991573401137,-158.05881091466992
2018-04-05,-161.28849971889892,-164.65547483796632,-165.97463836878427
2018-04-06,-160.54021005535893,-165.4730973721655,-167.58520923900525
2018-04-09,-138.23146723161483,-152.68584691055116,-164.47834673422165
2018-04-10,-165.5458217451867,-165.08119570164786,-169.53393677505386
2018-04-11,-156.67952806550005,-154.28157030407743,-163.8251612315888
2018-04-12,-166.07593750385064,-168.82282123310853,-168.74520227474997
2018-04-13,-128.06401373553274,-144.42133324446527,-155.1698101048675
2018-04-16,-150.6944777390782,-161.25607816872176,-163.51388846563356
2018-04-17,-155.58223196733087,-155.53574157075826,-162.64160004829404
2018-04-18,-145.61482300273696,-155.5319677596714,-159.89211479017553
2018-04-19,-155.43205251959566,-161.88450548101255,-169.58178952725584
2018-04-20,-171.91401557236102,-174.27733684290519,-175.1321771035986
2018-04-23,-163.0879545494044,-162.75020202271517,-163.52627796111648
2018-04-24,-162.0364276719974,-168.264476551796,-170.95486892633812
2018-04-25,-172.21614617509968,-175.52295412091664,-175.72477778805586
2018-04-26,-152.7536356542143,-151.30137573935667,-151.00946713405966
2018-04-27,-146.48618083284327,-146.03508866529776,-151.61289151178062
2018-04-30,-155.33301711649145,-162.62990632816428,-163.7826268840916
2018-05-01,-166.04175893668372,-167.25391900417057,-170.61951772807024
2018-05-02,-151.3521570146701,-154.1919230423751,-154.51507161360053
2018-05-03,-142.7887722109589,-139.05192003147567,-146.7589785755937
2018-05-04,-161.23226924220754,-164.9509746129202,-162.77318552544176
2018-05-07,-159.48805122486993,-159.98359713990385,-161.50239835347867
2018-05-08,-145.4175590452014,-154.63538161125376,-163.3167268788696
2018-05-09,-150.95341859323662,-146.24148268461477,-147.14464828077155
2018-05-10,-150.16569563174272,-148.2142731235616,-158.85205344411017
2018-05-11,-163.6671569381967,-166.96281033136177,-171.52340258441598
2018-05-14,-146.03087104343987,-153.70370583131478,-153.2807050005932
2018-05-15,-153.38455934651907,-156.2410414776732,-161.76390513170975
2018-05-16,-164.8659345032251,-165.06395673152895,-167.38069768499855
2018-05-17,-147.84753920445831,-153.78675943646093,-157.6981461931695
2018-05-18,-170.23377292318946,-168.28147019405134,-168.10232502569085
2018-05-21,-140.85401941010286,-138.6164182552437,-140.9390599299482
2018-05-22,-157.82005826968614,-159.03638988394658,-164.28526379353394
2018-05-23,-147.4733646066685,-149.39307009321047,-156.5644843023211
2018-05-24,-128.9317101630572,-139.7604907368401,-148.8711968499802
2018-05-25,-140.66147773301884,-137.09247588936483,-146.09105274554375
2018-05-28,-150.6599782522383,-143.790535070706,-155.765820270064
2018-05-29,-163.11762504580076,-165.43572870543275,-164.8928815232537
2018-05-30,-138.93618270292984,-146.12324183511714,-151.38541920249475
2018-05-31,-147.1935778638899,-144.3956699563327,-144.77228939900957
2018-06-01,-144.6182758145027,-146.4112208338092,-149.22714275568487
2018-06-04,-144.4920701021706,-152.87298949234878,-156.75231064250164
2018-06-05,-157.0819007332702,-155.02752313417253,-161.69550326585932
2018-06-06,-163.93094272081981,-165.8502556192959,-169.35423223357907
2018-06-07,-152.30377064542455,-149.6675189358347,-154.42931579461325
2018-06-08,-158.56277789350665,-162.45357667645263,-164.42058827688402
2018-06-11,-167.09495066631973,-166.86617512006785,-170.22062607573673
2018-06-12,-147.5198954606681,-151.20702716714288,-156.54006284392554
2018-06-13,-147.23177171331838,-152.01028010712923,-155.513681055179
2018-06-14,-150.33185327357725,-147.0072346756181,-158.9926711171667
2018-06-15,-157.45381543233975,-160.6947012326595,-165.4021341631821
2018-06-18,-154.60807517254793,-157.78554153195577,-157.9279314949825
2018-06-19,-162.9419351287961,-164.26438313150348,-162.8746461645401
2018-06-20,-170.43040553922765,-171.33886034674808,-174.9084397380631
2018-06-21,-152.06461017156275,-155.05594909189557,-157.94442211323388
2018-06-22,-151.95196183702507,-151.14903551687587,-151.12959858279277
2018-06-25,-147.74630891782812,-140.19674715829998,-144.67015946890436
2018-06-26,-162.2610583467713,-161.38603167244725,-168.3618540541706
2018-06-27,-149.03543405511982,-156.1139820753113,-159.97654041048705
2018-06-28,-140.2086447437413,-144.23872461701853,-146.80154078032572
2018-06-29,-139.0580459986508,-138.64666598620926,-144.85576906334418
2018-07-02,-156.87599285131617,-154.07377196619527,-155.8688674614559
2018-07-03,-158.26524606705104,-158.43932062280095,-161.00654350010097
2018-07-04,-165.2123297767856,-167.32636273064517,-169.5538007800874
2018-07-05,-159.56550451872081,-157.89252403908756,-157.34564035782452
2018-07-06,-160.73836499411277,-160.0458429098864,-162.14666512484865
2018-07-09,-155.68802400615255,-159.2101753498038,-162.4293250105898
2018-07-10,-146.39841447490946,-147.35178284331198,-154.66148285779568
2018-07-11,-160.5988235898557,-162.75018563978242,-163.84133907351804
2018-07-12,-147.4560370258909,-147.85075611872506,-155.70415123166865
2018-07-13,-155.79492324791605,-151.38006193000786,-154.20221512925727
2018-07-16,-143.06947925081442,-148.34090042070474,-150.78655109944455
2018-07-17,-163.34492146657954,-160.5979989082141,-163.60708139779337
2018-07-18,-148.0830785976004,-150.28286908435896,-154.02681883971823
2018-07-19,-163.95788087794847,-164.22472809174636,-164.67211113281095
2018-07-20,-153.20571321614642,-154.41364932359727,-163.35733329114606
2018-07-23,-149.77310697932052,-151.72375050756744,-159.694797841222
2018-07-24,-152.75556035640182,-153.25256108694128,-159.39963514496247
2018-07-25,-156.35882587832404,-160.70595134488477,-162.42598049509027
2018-07-26,-128.38887659379756,-132.53602920211569,-150.52859343373623
2018-07-27,-142.82253681596902,-140.55346099271415,-155.1661403735526
2018-07-30,-148.36417393253123,-155.7369905026959,-160.9273144127148
2018-07-31,-154.1908968545999,-153.9259074907858,-158.080301904632
2018-08-01,-149.6567822279048,-146.24276507600558,-148.3236219816348
2018-08-02,-145.35763825715486,-153.28866679426872,-161.39520135369543
2018-08-03,-160.12473342206138,-159.3048500648125,-161.12125832146558
2018-08-06,-134.4190148124948,-147.79497994541393,-144.1460193811284
2018-08-07,-164.16944907448797,-160.95126801979248,-163.72594676566666
2018-08-08,-150.85927525261272,-160.68541348057067,-163.9739219864621
2018-08-09,-155.49854196346706,-160.78125293124177,-165.61087328796663
2018-08-10,-162.07346919883457,-161.18609532992517,-164.6235991919538
2018-08-13,-167.51968248281386,-166.23261695673654,-165.04072501030112
2018-08-14,-141.72126261555655,-139.26183417541085,-144.22570732845088
2018-08-15,-161.90234386203733,-162.172296312132,-163.84611361808564
2018-08-16,-149.32902871272032,-148.66885418394207,-160.22851051598096
2018-08-17,-162.1063089600673,-162.02009864870092,-162.38329236142658
2018-08-20,-169.78478162679554,-169.01704293984625,-168.32143719597929
2018-08-21,-153.78078150306666,-159.59543140558372,-167.98479439079196
2018-08-22,-159.57921460067496,-160.87548260953298,-161.213788225747
2018-08-23,-168.02577263207718,-170.2155616434912,-169.87783044851557
2018-08-24,-150.3007513257911,-153.9960200739677,-152.53495062706966
2018-08-27,-168.70134913671126,-170.01830026663382,-170.36324582825424
2018-08-28,-154.85636709552347,-157.83903184911773,-155.97998189092152
2018-08-29,-160.61250322440554,-162.5362099764922,-168.5382082337532
2018-08-30,-162.91007407118775,-168.62833013750583,-169.0710984618122
2018-08-31,-161.3924686034121,-163.78962033583474,-163.94752918883154
2018-09-03,-151.8629201139744,-152.60396346885065,-158.5019889878446
2018-09-04,-143.61162981340624,-136.45529014716936,-142.89730440859753
2018-09-05,-162.55909383391588,-162.76002650431525,-161.52628514559785
2018-09-06,-159.61296874319876,-159.98645380644473,-168.01245965411408
2018-09-07,-146.1049320234643,-149.7139380692136,-149.25815290892865
2018-09-10,-157.83596560356088,-151.97150746686702,-157.41764912080657
2018-09-11,-133.0744463877609,-138.4950673858076,-148.81390761263214
2018-09-12,-151.60806797171733,-153.00450841805286,-158.0765821558152
2018-09-13,-145.17422952274913,-143.80018086051112,-156.6032767651082
2018-09-14,-154.65309785297873,-154.41968978921645,-164.5606235823247
2018-09-17,-153.17139395047246,-155.6325924562367,-153.0134125056406
2018-09-18,-155.13699569412123,-154.653398415362,-158.9452684842917
2018-09-19,-146.65014489673393,-156.14234942402285,-163.55335530752745
2018-09-20,-160.47913637863795,-160.80789081619605,-161.63824637092117
2018-09-21,-158.28607835868002,-153.12501536055882,-159.50694131918067
2018-09-24,-158.97721476736245,-155.08089758159872,-161.780100539556
2018-09-25,-155.90369618129597,-158.9569661353639,-161.45390180287228
2018-09-26,-156.93887150640856,-155.95911506636816,-163.45042707080557
2018-09-27,-154.62418154888746,-156.97265175050632,-162.42196279061875
2018-09-28,-157.65556845963977,-159.0542494731744,-164.78812761514746
2018-10-01,-150.75081862408945,-153.58063916576367,-157.43496301806945
2018-10-02,-152.81817876249124,-154.26582929445968,-160.10176091102227
2018-10-03,-140.55480497370345,-138.8651190615557,-148.29933130718953
2018-10-04,-164.6927004440775,-165.68447519708968,-165.71483304374996
2018-10-05,-160.12958605879857,-158.22719775856447,-159.73963116064718
2018-10-08,-154.7492481831561,-153.67436984603188,-159.44836743771288
2018-10-09,-166.60116023582125,-165.45975747207038,-167.7057736624927
2018-10-10,-170.32258406213327,-171.49602124104243,-174.3058895571896
2018-10-11,-150.75971596961338,-151.6294674159335,-153.121260732696
2018-10-12,-160.92838379719063,-161.27673720127333,-165.03432209786322
2018-10-15,-146.26041947104946,-149.0842438006704,-156.6874311334748
2018-10-16,-154.9358432844389,-161.370578676009,-165.03187139369405
2018-10-17,-162.23554479435106,-161.47920305372602,-164.90976059258998
2018-10-18,-149.708758237571,-156.66284816360118,-159.83504310380602
2018-10-19,-150.1146285184188,-151.89916226859052,-152.40709466982236
2018-10-22,-142.3416262151232,-146.27569644794568,-155.61765204215973
2018-10-23,-151.07142437437108,-158.65378573782576,-167.55388727337134
2018-10-24,-148.47157728877752,-151.2312246225469,-162.2801274352739
2018-10-25,-149.58634196903978,-155.02575798252948,-157.88175413941724
2018-10-26,-158.6962156660753,-158.0872100742451,-164.10022315776854
2018-10-29,-148.5126552648052,-145.29517972634085,-160.0738353301729
2018-10-30,-132.90040054901053,-142.68355500803932,-157.91664016546508
2018-10-31,-145.02780847169527,-148.76808441360544,-153.18319456093022
2018-11-01,-149.95726633589024,-159.10695916740917,-164.7113601751
2018-11-02,-104.51981000279065,-109.21816591741307,-123.523040897777
2018-11-05,-145.12752614204555,-150.80813579664405,-155.6072250210369
2018-11-06,-152.12752590621614,-153.96148989580888,-163.59198599594222
2018-11-07,-134.54179055473986,-146.27376766804574,-155.76568732735922
2018-11-08,-137.42518090939078,-155.13411850641873,-156.465451250339
2018-11-09,-139.24258468353412,-155.71755047553495,-160.49457142832279
2018-11-12,-125.57030605624394,-124.1013268356685,-151.3173579400021
2018-11-13,-159.27889772464053,-164.45525169851985,-165.6938198206453
2018-11-14,-163.79194436831415,-158.7521650261232,-163.2978288891072
2018-11-15,-154.42351790404146,-158.4534660501788,-163.597539449803
2018-11-16,-140.07103287514707,-159.25513987411293,-162.78329560875147
2018-11-19,-167.65162661621903,-169.50050402613329,-172.9404604653085
2018-11-20,-167.60571866970665,-164.91534901544117,-167.07277900652952
2018-11-21,-153.90144570187172,-157.35355408166856,-159.77092836044352
2018-11-22,-143.47302364496477,-147.47721996169733,-158.89989820070747
2018-11-23,-158.38328926023067,-154.32131796503595,-151.1582257584381
2018-11-26,-144.32270312470297,-155.04567327255893,-164.30351085813038
2018-11-27,-153.17948199095932,-156.67062306053074,-164.88671211581612
2018-11-28,-155.81376993608262,-152.608721815921,-155.66397446618248
2018-11-29,-169.0566721756912,-167.59783912166853,-168.47780433424003
2018-11-30,-142.36931991107664,-147.02556220868766,-150.47048857472686
2018-12-03,-164.18896740905393,-162.88278918706374,-167.7388545343581
2018-12-04,-154.08579025672864,-160.92780274475922,-163.85981317004212
2018-12-05,-163.07023281733905,-166.74232754755238,-170.1009143647018
2018-12-06,-160.20373230590164,-162.4790778987794,-162.71940998970285
2018-12-07,-163.60587761752674,-163.8078541949886,-170.2188511097877
2018-12-10,-147.27710963816867,-146.38774082340873,-157.39126022791478
2018-12-11,-161.9474139058423,-163.3684341462759,-167.13880475540316
2018-12-12,-150.55659235298594,-151.01310943380184,-166.48179269405205
2018-12-13,-165.06524865318704,-169.85182352151432,-168.30330304898666
2018-12-14,-155.4642314755024,-156.99914258365862,-159.0919825568766
2018-12-17,-163.98352667267142,-166.19968187701429,-167.11412241917535
2018-12-18,-155.10792710910138,-158.42951422849234,-165.79383946804165
2018-12-19,-157.8462807994881,-159.30611987396733,-163.79292864055216
2018-12-20,-168.424057829861,-169.98308432106916,-170.87048106909236
2018-12-21,-165.72927591779836,-164.51198975573226,-168.5521607404928
2018-12-24,-170.5094248702067,-173.19497793664905,-176.20158250255068
2018-12-25,-160.92539256296834,-158.58075567337679,-159.3338962708266
2018-12-26,-166.17689959189047,-168.1499192460892,-170.72496078208403
2018-12-27,-162.00257446662295,-159.90825220083883,-162.61868871968926
2018-12-28,-161.05351154035583,-161.15343059280642,-166.68448201198504
2018-12-31,-150.65814370690418,-152.602222504115,-155.2082628981698
2019-01-01,-156.8845017915957,-155.0060133140566,-161.71212205347206
2019-01-02,-152.6425741226642,-151.12051450839724,-163.43483158771542
2019-01-03,-158.04893599278728,-155.82212242496013,-163.7888662524901
2019-01-04,-158.80577320620787,-155.80618919052847,-158.21808582869858
2019-01-07,-138.21703314106344,-139.90797800809224,-145.2211167418555
2019-01-08,-157.01827168238253,-158.4229899524323,-161.11811820846756
2019-01-09,-160.29317520275941,-162.31849709306712,-166.32370113749408
2019-01-10,-145.00447137871757,-145.33077199260583,-147.19927204495812
2019-01-11,-164.14109047389712,-166.48060244038058,-170.33770621213506
2019-01-14,-151.6328889456558,-149.8982404047962,-159.0667842571545
2019-01-15,-169.80296739065756,-170.04391383850702,-171.02462387393072
2019-01-16,-145.05059552694297,-146.06134672048626,-161.11264675455908
2019-01-17,-156.873805202933,-157.53008550254808,-162.5747378145655
2019-01-18,-147.2835087336638,-146.6666360937792,-151.7676009388662
2019-01-21,-168.78358250149486,-168.7148543490304,-172.17505148875725
2019-01-22,-156.606307302115,-156.14547980652506,-160.3844210924522
2019-01-23,-153.02393498526516,-157.47624202056477,-161.4235635480491
2019-01-24,-134.66763475985204,-140.82066020868677,-154.00249705604188
2019-01-25,-157.00887914126702,-157.66602414096715,-155.22851502961888
2019-01-28,-168.00479908090776,-167.57676603007957,-169.14436788967046
2019-01-29,-168.99698245512081,-169.82288974480318,-172.6187403312173
2019-01-30,-167.4130344093774,-169.52005915480726,-171.6023310220101
2019-01-31,-154.31336908812727,-155.34388941353586,-162.02321414383027
2019-02-01,-122.70872202415609,-133.32161415198925,-146.11034263691724
2019-02-04,-157.09425066288665,-162.54987022623516,-166.16672810403625
2019-02-05,-154.89591190189228,-156.8844020977354,-157.73827030273185
2019-02-06,-146.88180799118317,-150.91964264503133,-159.2870670395723
2019-02-07,-140.6585062058569,-145.5400611880605,-145.89221964884365
2019-02-08,-129.5951416371837,-140.6922184677506,-146.76805078458858
2019-02-11,-161.47381159340824,-156.3736727134249,-161.52940699775988
2019-02-12,-124.13281996050803,-140.0937475702164,-138.58646781080643
2019-02-13,-146.7044065896488,-150.63886164355813,-156.71837886730071
2019-02-14,-143.02562481637622,-154.61888835916687,-164.15174208842063
2019-02-15,-158.3454220213007,-158.82784241074944,-162.20159625468037
2019-02-18,-167.36469358913413,-162.749774044746,-165.09287170899952
2019-02-19,-165.30499708669353,-158.17231380306285,-164.12190345162017
2019-02-20,-153.79998544747357,-156.69889897474272,-157.48551826846676
2019-02-21,-147.24928064472618,-152.55092773302468,-155.97715006444713
2019-02-22,-160.65250044336992,-160.25893285468115,-161.60114173300397
2019-02-25,-162.22792181973287,-163.2391368956919,-165.17215032129155
2019-02-26,-149.10593107253533,-152.09857271614598,-155.80126910591036
2019-02-27,-155.4366086750769,-155.8537911232089,-156.26696839340156
2019-02-28,-148.35316335602337,-147.96152580371,-148.56366889298724
2019-03-01,-161.9937967388888,-160.35368458596778,-163.7082066305335
2019-03-04,-157.00221239512325,-161.15619036985936,-162.2926600000587
2019-03-05,-127.9007740804816,-136.9324939354151,-141.13907856513447
2019-03-06,-158.8517083992055,-158.04206608647115,-160.429178734045
2019-03-07,-152.20894632365716,-155.85602500461653,-156.8692746101466
2019-03-08,-132.4272247500594,-145.45796230196623,-143.37478543863634
2019-03-11,-138.25043991873827,-143.21325788840272,-152.1958375884442
2019-03-12,-141.57099163896953,-154.7112427418408,-161.17850422428407
2019-03-13,-144.96182209293102,-142.68226835607857,-145.26672708055636
2019-03-14,-151.59688166422927,-153.52303661452498,-155.37655689701805
2019-03-15,-156.9850488396324,-154.43954510091524,-156.89639666720635
2019-03-18,-149.55096116543766,-156.53363152095676,-158.52172026086956
2019-03-19,-158.67239014050068,-158.3484938753248,-163.13962846811978
2019-03-20,-151.61476716001857,-151.4264450991341,-149.13223354192056
2019-03-21,-146.20148705226183,-153.7058305120137,-159.65192065702018
2019-03-22,-149.43192916961516,-141.03877941460212,-147.48878318875666
2019-03-25,-168.5518631095312,-166.21466723519234,-170.17973804144202
2019-03-26,-138.63235804784347,-137.63731343303613,-151.28116521732997
2019-03-27,-141.8257420910328,-143.8616782744564,-149.28784033193236
2019-03-28,-164.7096308947438,-163.0642738846582,-168.82550040629104
2019-03-29,-171.2371220833267,-168.72037465076477,-173.59197477493882
2019-04-01,-155.88075787449392,-158.29616778499934,-166.65148270073652
2019-04-02,-148.18898576147413,-152.1494150629222,-156.93303028163663
2019-04-03,-167.84813818536173,-166.08055097642347,-169.04779730905585
2019-04-04,-164.30412507485593,-162.16862188182571,-162.76194412908984
2019-04-05,-157.41585330594322,-160.84827480319663,-167.7362872550489
2019-04-08,-162.64879982792968,-161.9894765352217,-162.80973386900192
2019-04-09,-166.91151850631888,-164.88015058492707,-166.96278610158058
2019-04-10,-166.41737795719308,-165.37419738870932,-168.6416615484602
2019-04-11,-164.96807372211072,-165.57485584978144,-166.32847032041417
2019-04-12,-172.67805189251067,-173.2101067164887,-175.18981569073458
2019-04-15,-159.63199864081193,-161.19885386371172,-162.82748951378971
2019-04-16,-168.6841976982106,-169.18095035789995,-171.17467690967732
2019-04-17,-163.35987184272363,-167.05386624649793,-165.6449680617868
2019-04-18,-150.43777692368178,-148.64821185139752,-150.87271503708428
2019-04-19,-159.34531600614812,-160.11766623496868,-165.0182459624247
2019-04-22,-167.17915275676296,-167.87158342944153,-168.5415489646647
2019-04-23,-121.88321273697038,-114.20975809614964,-121.29939724209954
2019-04-24,-169.53987829075098,-168.60525761508765,-172.83730952749548
2019-04-25,-168.28569761504812,-170.8928562204515,-168.06499394483535
2019-04-26,-168.81691135320307,-167.6902375757633,-169.79711486693034
2019-04-29,-154.86557165772234,-156.20839166042265,-156.74755218592702
2019-04-30,-146.30807209463802,-152.1957815260134,-156.0676133673557
2019-05-01,-164.05290034194954,-166.34612919365682,-164.8915629922078
2019-05-02,-162.0465765675059,-156.21447006331334,-158.6804572833221
2019-05-03,-161.75203124839865,-164.38819517204405,-165.3504650004797
2019-05-06,-139.74230398425624,-143.04572584584457,-156.2992688973906
2019-05-07,-168.84898325539302,-170.94294707746192,-167.92733354871183
2019-05-08,-161.2730012824279,-160.38115155761793,-162.64714125307475
2019-05-09,-164.20220402156139,-162.6141250223597,-166.1061365980221
2019-05-10,-148.98025479201647,-149.8619203171999,-158.97429753630487
2019-05-13,-164.64626028494754,-161.5317483991397,-164.60203251449138
2019-05-14,-145.215122778698,-156.32502324735952,-159.8329854601747
2019-05-15,-152.5634410196588,-157.80446358962476,-162.6565513565435
2019-05-16,-162.65515890695602,-164.6900317975111,-166.55788238486957
2019-05-17,-172.9648883914441,-172.63146630259175,-175.52321158597942
2019-05-20,-164.91100465653005,-162.87736966772104,-160.95844060646465
2019-05-21,-168.71263100405255,-171.69470110723438,-175.3686010019169
2019-05-22,-163.12232957880258,-166.00497163215965,-168.03020086276618
2019-05-23,-147.2767315531549,-137.2842164731342,-145.42508675569607
2019-05-24,-170.0380421951724,-168.9405586238669,-171.5816763482695
2019-05-27,-164.41875406496982,-163.94058210290666,-164.4015357433209
2019-05-28,-171.67107614529917,-172.91903614356215,-175.15835475286852
2019-05-29,-164.44520970590355,-168.6112802850988,-173.25724167306063
2019-05-30,-163.58829624708372,-164.20276867816366,-167.39681740884023
2019-05-31,-157.86042633615952,-161.01645683850967,-166.86908794706642
2019-06-03,-170.92278075283016,-173.67679489084446,-172.2496615813266
2019-06-04,-166.50897534583697,-168.14329145496842,-167.2063228501964
2019-06-05,-158.81738488353582,-152.52619525130538,-153.90117188583505
2019-06-06,-163.79715038719436,-164.49519158338268,-164.5868994250786
2019-06-07,-158.13411548797336,-157.3631197956931,-160.1636742129377
2019-06-10,-163.76671075751995,-169.65898805032072,-172.01965739071045
2019-06-11,-163.7167764340008,-165.35311815126312,-168.7823769835842
2019-06-12,-164.96448434035182,-166.3785644120382,-170.3382700694472
2019-06-13,-169.35797581184036,-175.44654847034892,-173.77054859191185
2019-06-14,-173.59096590294664,-178.28146053526626,-176.64167959592135
2019-06-17,-150.92345651300602,-146.2613422117084,-146.55375803390197
2019-06-18,-158.79545506507205,-164.3354461426985,-169.4133900318835
2019-06-19,-162.0087160650094,-164.23042818661088,-167.5118709635077
2019-06-20,-158.85140862432934,-156.61570807377174,-153.08196809607048
2019-06-21,-159.09647159308437,-150.96319356795937,-157.12727006986677
2019-06-24,-146.76256876320443,-149.30210158212083,-159.09162717835528
2019-06-25,-160.0482861753844,-158.87769361138882,-161.71074666315008
2019-06-26,-168.23697623196153,-169.64258820105866,-172.68171598946407
2019-06-27,-151.62850856453974,-157.96426700976323,-163.6316844464885
2019-06-28,-146.9057750311008,-145.9885643745043,-158.28896198738764
2019-07-01,-157.67532344235826,-157.78679375202063,-164.95454835046667
2019-07-02,-170.58363324609792,-170.55791889905385,-172.2611774094917
2019-07-03,-164.27782677985658,-167.34228880373692,-168.63047439189123
2019-07-04,-150.4098973812722,-148.46498626784364,-158.67180227100684
2019-07-05,-162.04448984379854,-163.524934875285,-167.96399970280714
2019-07-08,-158.1970244115827,-159.80510782539864,-163.94649450227072
2019-07-09,-161.63735116367562,-160.74447242841936,-164.79291084449952
2019-07-10,-163.26988400048288,-160.21123835234533,-164.84739370026242
2019-07-11,-159.16540557651126,-160.93946782056017,-157.6017084279584
2019-07-12,-155.734814069186,-157.03829251998,-170.14108566100882
2019-07-15,-161.03709145528026,-162.90853453824445,-165.45791569676078
2019-07-16,-155.82447719737647,-156.2692546351864,-160.21471373573667
2019-07-17,-134.16336841877217,-136.25592265674433,-144.35190212850182
2019-07-18,-154.06968804390084,-161.08347804792774,-168.55404154734552
2019-07-19,-148.58604747535722,-153.95673259145323,-158.33639269765945
2019-07-22,-156.720479364769,-160.50338277237563,-162.10330603942725
2019-07-23,-148.75614962224466,-151.3908184544045,-160.35975793672304
2019-07-24,-144.58675371864746,-158.88935612926497,-165.7465438861145
2019-07-25,-150.7514600066923,-165.08433700347607,-165.62507877028244
2019-07-26,-146.79801573089821,-161.91128167523829,-164.43329496225294
2019-07-29,-136.01625493214232,-145.72289278836814,-159.05741230724243
2019-07-30,-151.278298612157,-162.45661957080634,-168.21323838152068
2019-07-31,-151.04555518177128,-150.278448053299,-153.32558381340468
2019-08-01,-160.81711853568103,-161.73127597656764,-165.29086220584682
2019-08-02,-167.44801377196143,-168.05203517740802,-165.71356950220598
2019-08-05,-150.7522107754643,-156.23176446116668,-162.5999966276729
2019-08-06,-165.75423866859322,-164.677562906145,-167.7183680236868
2019-08-07,-149.19293625953335,-150.53490410424672,-149.1789798739999
2019-08-08,-149.731727526594,-160.24924147117906,-166.46777154221456
2019-08-09,-159.9689470858512,-159.47550268218754,-162.19093859749765
2019-08-12,-160.63361502075927,-160.43405473927206,-166.1991480568243
2019-08-13,-159.93342922729087,-164.88359365756202,-168.50550397056196
2019-08-14,-148.94258280721039,-152.11717502913154,-157.35447281604704
2019-08-15,-147.34919692879708,-151.1957983795539,-157.69532644564197
2019-08-16,-142.71944807696178,-151.81593139321893,-156.64375964461675
2019-08-19,-163.94890786278776,-162.6276543623824,-164.9209335161772
2019-08-20,-169.72573605548362,-168.62440225883205,-171.72097825277058
2019-08-21,-160.02367765257856,-159.10592304012593,-162.82925824271487
2019-08-22,-170.02227597966117,-173.02184958843858,-176.24996439214823
2019-08-23,-158.67894283220613,-163.27363360159524,-166.04711073819624
2019-08-26,-157.3117671129214,-147.556519403811,-156.0047262744219
2019-08-27,-160.06276828357366,-156.4161036208211,-156.3205647958699
2019-08-28,-149.42333719462954,-152.41338949946433,-157.83104704530206
2019-08-29,-146.68306164239004,-158.91093812423577,-159.52834090913765
2019-08-30,-158.7962412134891,-156.33922010882313,-163.4318569216377
2019-09-02,-156.4072732382871,-157.84714082436747,-163.54774179642067
2019-09-03,-169.9572721851645,-173.74306906527497,-177.92206389880062
2019-09-04,-161.21450110468567,-167.7160164693123,-170.67301376548932
2019-09-05,-158.50991382424476,-161.84174396730666,-163.99142950239042
2019-09-06,-155.8102313041332,-156.05946050146187,-158.67446879983024
2019-09-09,-145.7914757740363,-141.86661424188907,-153.67509076646627
2019-09-10,-157.19719039631127,-161.805822955518,-165.29311140870584
2019-09-11,-155.35439669176526,-159.97358493776295,-159.3933345085723
2019-09-12,-149.4895654188285,-153.98088959743734,-160.61260320424083
2019-09-13,-152.3301010126388,-155.13984323245197,-162.93355240717744
2019-09-16,-150.0313419181843,-132.43119854052946,-140.21548648020692
2019-09-17,-162.49732450699176,-163.637256229179,-165.41658670364035
2019-09-18,-147.75172352174295,-150.84677328876012,-156.36054132233113
2019-09-19,-151.8537366089127,-146.03170038265915,-154.46030050184882
2019-09-20,-149.45175808094612,-152.28298225647936,-161.8432459640248
2019-09-23,-153.77507375256297,-155.30256700063768,-163.68648375930394
2019-09-24,-122.09966063709422,-128.54595587953543,-146.6818485074617
2019-09-25,-164.81763518885356,-164.8678127468457,-167.71020294800903
2019-09-26,-135.2685236455052,-139.58739490421664,-154.37713943996454
2019-09-27,-144.48594787338288,-150.21507831893638,-161.20685199692792
2019-09-30,-142.90660876322698,-145.67976198258694,-157.9267643631549
2019-10-01,-143.3248831268382,-147.3602727111893,-161.91844132472562
2019-10-02,-161.49556983520654,-165.21869037242905,-167.41582836882552
2019-10-03,-159.6492570832457,-163.11753589461517,-168.96706423437413
2019-10-04,-153.16760589140785,-155.34207049207987,-162.0431564202456
2019-10-07,-148.7504092087401,-154.28654456000297,-167.8008019667589
2019-10-08,-138.30326494014548,-150.89926617497707,-161.7095706201802
2019-10-09,-159.37153802305065,-160.67413925411756,-167.724429690321
2019-10-10,-152.51607921053116,-163.09786554909903,-170.16610469957325
2019-10-11,-156.60427544548642,-152.3665498289929,-155.04375774698855
2019-10-14,-160.42354180490602,-166.06013466704536,-169.38615195278737
2019-10-15,-148.2093567478782,-142.39247923774198,-155.80973653272116
2019-10-16,-163.24202600082367,-165.75582347918737,-170.6468502708604
2019-10-17,-149.99203795776575,-159.78036957747727,-163.73595223428882
2019-10-18,-167.72555508308926,-170.74110027259061,-173.94203013215866
2019-10-21,-168.19425124344698,-172.39141164004414,-170.81036505150834
2019-10-22,-133.18406871941994,-148.91812784990634,-161.12658706990186
2019-10-23,-127.50897506572828,-138.8418180412452,-147.56601086721588
2019-10-24,-153.05879857856883,-161.3882480297487,-163.9151091192197
2019-10-25,-147.6866301575618,-146.9001745882319,-156.14699455647673
2019-10-28,-154.93791547178066,-158.94650661352182,-163.15943082819035
2019-10-29,-146.67184327042537,-150.23943812453854,-164.30359695482719
2019-10-30,-141.98133788349975,-146.4498399553263,-157.7092084686137
2019-10-31,-153.14854123729077,-152.20226290716752,-160.26073616547092
2019-11-01,-168.7137826640568,-167.60802146207016,-169.97664176171867
2019-11-04,-150.0036289316061,-150.4225163930914,-155.17776238619476
2019-11-05,-160.05289654797699,-160.80054772701322,-162.41409072611307
2019-11-06,-156.9831563270217,-157.41961342016418,-157.31944834642013
2019-11-07,-146.64218112320387,-143.77128224445687,-153.05154092532118
2019-11-08,-134.11878360951067,-141.14119240312684,-139.52620794360473
2019-11-11,-163.9744395047732,-165.4208847126518,-169.63721487351725
2019-11-12,-145.69096936688248,-156.30965627412556,-168.1422405621957
2019-11-13,-112.37015023344584,-124.68483088234498,-149.38507077320386
2019-11-14,-149.7911731670715,-153.39253569600035,-157.1524206986432
2019-11-15,-161.55466752407165,-158.28206428360085,-163.86948740859657
2019-11-18,-151.05873983731263,-158.14964067289094,-164.50808984581403
2019-11-19,-160.54036647376077,-158.74106389009165,-163.02739109223492
2019-11-20,-142.70147691646545,-158.0061325011066,-155.48114932405346
2019-11-21,-162.12695238383353,-165.3687562127515,-164.5804082149598
2019-11-22,-156.7473163809519,-155.2196547624041,-165.82564855999001
2019-11-25,-157.15419902099626,-160.94820155986545,-164.62836484992064
2019-11-26,-151.12598271274607,-156.51067697486138,-158.61539625681982
2019-11-27,-157.77707086770624,-160.47658036996248,-163.59572030971037
2019-11-28,-162.64254819406824,-160.84578119729917,-163.09144704193602
2019-11-29,-155.7561874100919,-163.00257104755906,-160.22430166770746
2019-12-02,-161.09477925777938,-163.4381406604711,-165.57983796582997
2019-12-03,-167.9023233501828,-172.73018898330102,-170.81489481214808
2019-12-04,-172.0460214820062,-174.85898590768926,-174.89119221435323
2019-12-05,-168.33117471980108,-170.91821184037195,-174.0176242598939
2019-12-06,-171.34019362710808,-173.31457718555296,-172.9666681011254
2019-12-09,-159.89583951158644,-161.0798376286079,-163.27831989523565
2019-12-10,-155.5997206888377,-156.62445599520706,-160.34448565776876
2019-12-11,-167.3680423131199,-171.1322556854934,-176.37117760298102
2019-12-12,-165.03897103764305,-174.1343657569932,-172.02874248506987
2019-12-13,-157.82608388090802,-156.42373782448627,-168.7474225706053
2019-12-16,-162.2748644093576,-166.32483629797466,-166.62176798600717
2019-12-17,-164.2191854176844,-164.40134977095676,-167.45505636135314
2019-12-18,-161.22725899464336,-163.08073761937263,-168.9671311812147
2019-12-19,-161.59487612371095,-160.94072717511622,-167.8192864873127
2019-12-20,-158.69437766769929,-159.42333581276193,-161.3795889618514
2019-12-23,-157.20659964619483,-157.30967736781415,-162.89762359718802
2019-12-24,-148.44600582619813,-146.60260635241966,-150.05185684404432
2019-12-25,-161.76740992712172,-159.31082854957208,-165.57276074865422
2019-12-26,-169.24651077359545,-168.82302766457843,-172.50726792951647
2019-12-27,-160.32305866013985,-163.21094872439647,-163.10568672450785
2019-12-30,-144.0328197764001,-150.92021935561078,-161.08866693866037
2019-12-31,-160.67705464584074,-156.62520293971997,-161.42985318371072
2020-01-01,-151.49311379329131,-156.93874108141648,-162.31844200983676
2020-01-02,-153.3520574394723,-154.30913719632753,-162.67947913668638
2020-01-03,-161.74428868282587,-166.8084976376043,-163.7422978501685
2020-01-06,-164.92269333978734,-167.29348565198273,-169.6755438411572
2020-01-07,-152.45293557805246,-156.79059733131993,-159.11441993907982
2020-01-08,-162.11134490568674,-165.54209447370664,-164.78878964537836
2020-01-09,-159.30688577274998,-169.6342198308038,-173.8580533527599
2020-01-10,-166.08999120018083,-168.2196273214327,-164.53742495327543
2020-01-13,-168.1256237114403,-171.0877701687889,-171.94912459887234
2020-01-14,-153.7406913044381,-149.9725887931485,-161.0157549588454
2020-01-15,-147.52225886703633,-151.1716047228659,-162.9337878336922
2020-01-16,-170.35181404165084,-173.54675482667878,-177.273595879257
2020-01-17,-162.59978888595288,-165.9426635455149,-169.0209192307398
2020-01-20,-165.8577715460126,-165.12684161236345,-168.70928720005853
2020-01-21,-166.65858580705577,-163.3853392132293,-167.06351711511323
2020-01-22,-161.51537710901005,-166.642791402834,-166.19500305471013
2020-01-23,-137.96410643954198,-141.91286044256884,-157.76993678273854
2020-01-24,-154.52224504693424,-152.5285240813149,-162.9146091891674
2020-01-27,-156.6984380953484,-152.28776716027315,-159.92657857256188
2020-01-28,-145.28368657412489,-132.5881423789836,-143.10050066641347
2020-01-29,-140.7753129452488,-148.0072922267683,-160.34109454601543
2020-01-30,-150.7712222350952,-152.33156147325258,-156.78380566642358
2020-01-31,-144.14666696160785,-148.76587255481314,-154.30491340791428
2020-02-03,-154.26814049242478,-156.2916215715934,-159.25410041215838
2020-02-04,-164.27761970221064,-164.48783240572223,-162.33818904213283
2020-02-05,-163.4098096474703,-161.42040038542206,-164.5469423561187
2020-02-06,-153.71302766422565,-152.78297945691654,-156.94320882895911
2020-02-07,-169.0504467599751,-166.3279446820919,-167.7922309754709
2020-02-10,-155.54239568960008,-157.7154735119884,-159.71584222707457
2020-02-11,-129.9733700046807,-132.27002828718378,-147.29875969756205
2020-02-12,-166.3798855543308,-164.2007075767181,-169.4303244519941
2020-02-13,-155.0051209793681,-157.73135267580355,-157.54603941876235
2020-02-14,-150.64877334092955,-150.30658002445293,-147.02436804238062
2020-02-17,-153.97081318753644,-157.69079596397336,-164.90399966630574
2020-02-18,-164.26698917183293,-157.3310232115528,-161.53609065421128
2020-02-19,-154.29597046202545,-158.84200433118514,-162.0559795085088
2020-02-20,-155.71599055281564,-155.83155749692273,-161.86780424824678
2020-02-21,-155.8250420030162,-155.87150049159638,-163.38471036550078
2020-02-24,-169.65807025716214,-171.87882047562275,-175.7649019013897
2020-02-25,-154.27060422469685,-151.53465068499924,-156.96763377325942
2020-02-26,-155.45374792148948,-159.72704900630447,-164.2829059905862
2020-02-27,-164.12897961979098,-164.1660575210243,-168.54292328726336
2020-02-28,-155.46876518214086,-153.4576712254378,-155.68979758762032
2020-03-02,-165.40132278481343,-166.8699014055034,-168.31614152266144
2020-03-03,-153.95383454800972,-155.7235395430606,-159.46402501309447
2020-03-04,-148.67623080168502,-147.99949614830382,-162.5799825430168
2020-03-05,-160.37611034448958,-162.14763232147672,-162.6705115152143
2020-03-06,-145.48535121900292,-148.57643283961357,-149.9191096557883
2020-03-09,-147.93027430890325,-145.2343901138217,-150.56067835403488
2020-03-10,-164.1842051655359,-159.99967506984908,-169.82841793295344
2020-03-11,-148.0822205184163,-143.93694471492842,-146.3689318231207
2020-03-12,-148.7059546678674,-153.99832195371772,-155.2522490270005
2020-03-13,-114.15712876818372,-135.56985262931943,-144.15836853402573
2020-03-16,-136.90930494091415,-140.9199116928947,-143.68595997069744
2020-03-17,-129.10411105222207,-149.55926040555815,-155.77449416351317
2020-03-18,-120.06293966108615,-146.0832494257606,-153.03287897716294
2020-03-19,-147.2074052052897,-149.93848411533588,-150.48856812427346
2020-03-20,-140.84348411055788,-152.00356581831957,-153.42737586989475
2020-03-23,-156.922891042445,-152.6565819026681,-154.01476341169234
2020-03-24,-144.35244196341225,-151.59026771605812,-159.3734975086243
2020-03-25,-156.77245475795715,-157.95374648841207,-162.71924735427234
2020-03-26,-134.9019811880717,-140.81672339137862,-146.63117498809763
2020-03-27,-150.25314663110964,-151.84980355581226,-156.06382457958753
2020-03-30,-137.85640551305718,-150.6081928019659,-160.28173209080126
2020-03-31,-162.59426001610348,-156.0908176738254,-158.20047849537087
2020-04-01,-154.65047692889587,-152.11539787951614,-151.3498928163309
2020-04-02,-133.66417723395705,-145.80016023870087,-153.98728520679222
2020-04-03,-148.92723052152792,-142.5839002654226,-156.37947505765845
2020-04-06,-156.04811376000882,-158.39752012525645,-159.7343193874986
2020-04-07,-144.200497534855,-146.40394027842694,-148.4285354533593
2020-04-08,-150.1848039709601,-154.52190111163327,-159.1034455093716
2020-04-09,-160.11836642332247,-159.4343110524204,-164.33471584976968
2020-04-10,-167.86687397165107,-164.6971840641384,-168.02371895954371
2020-04-13,-149.64040911380806,-150.14127895446185,-159.70386958386524
2020-04-14,-154.55742220723567,-158.26309601798982,-153.43477564025287
2020-04-15,-168.6052401946161,-167.04570936925046,-169.0234175110667
2020-04-16,-148.94754775474811,-153.72251812525,-161.52184333332028
2020-04-17,-156.83618418537168,-157.65417566182353,-161.10682965909842
2020-04-20,-147.6344988665236,-150.62773472746503,-158.02122811009897
2020-04-21,-159.0233775604676,-162.01701266589185,-163.17491445944182
2020-04-22,-157.3432588251523,-157.70566326620565,-160.411366552313
2020-04-23,-141.43752941964695,-144.41091740627354,-156.03266939169424
2020-04-24,-158.93674946934462,-159.9711115037178,-159.78517415953866
2020-04-27,-149.98006941232194,-150.63592031060043,-152.7682035893931
2020-04-28,-154.74678900588762,-153.50349115985625,-160.7029867692352
2020-04-29,-148.9272058274899,-153.2433084217372,-155.73144976901136
2020-04-30,-150.07702401343633,-149.46853944526785,-153.5785442166794
2020-05-01,-140.18862306467312,-149.71867553382845,-149.17816649141218
2020-05-04,-144.6296806698323,-140.8209532279913,-146.72629204430638
2020-05-05,-140.04982051036836,-144.30440532210076,-148.68782696375655
2020-05-06,-139.98467655155983,-149.69931794550735,-154.02127986783762
2020-05-07,-166.27782119405123,-163.42838592896783,-164.99925104897997
2020-05-08,-114.35192397728844,-133.5267689775547,-147.04115817223382
2020-05-11,-158.7871752854217,-159.18970893823882,-165.89274582748757
2020-05-12,-138.74963604287566,-143.38457863946124,-153.00379976410377
2020-05-13,-154.89200255849153,-156.6585048261024,-158.0033350828295
2020-05-14,-145.12633262658875,-150.74406994923828,-157.02724561894343
2020-05-15,-130.00741787685675,-130.77851150047485,-146.3094182802506
2020-05-18,-148.37015059789934,-156.7593753925649,-162.27814248742206
2020-05-19,-154.1272705057715,-155.70091167869032,-160.00372644649053
2020-05-20,-155.53424954651433,-158.6063291478346,-159.17648499754867
2020-05-21,-154.67591212065471,-153.20928236812517,-159.6119259930103
2020-05-22,-140.3378729237126,-143.07675805414294,-152.8847757332441
2020-05-25,-150.98491672789999,-151.3213208222814,-156.38305197496004
2020-05-26,-158.3462840013442,-160.60097350312796,-165.60624779850522
2020-05-27,-154.46383181930642,-157.13393213530688,-158.7252929202091
2020-05-28,-138.69047302481698,-143.1094282619943,-144.22373086968145
2020-05-29,-141.17967057731133,-144.457797985108,-152.7666456925098
2020-06-01,-153.9596525173692,-151.91904357880426,-149.09043194886328
2020-06-02,-152.5964358891977,-159.0892396063951,-160.55606395718232
2020-06-03,-153.30601935298773,-153.6760558341173,-159.89177848448392
2020-06-04,-140.29999694615645,-150.11243520948858,-154.05359687688767
2020-06-05,-158.16843291617892,-162.81517674227922,-164.79124006767097
2020-06-08,-145.76732279928717,-146.81152074305527,-156.86408879650858
2020-06-09,-169.8415587137281,-169.0860134741043,-171.92019218387617
2020-06-10,-159.05831615582576,-160.37592873647304,-164.39522449037278
2020-06-11,-162.71521078887218,-160.7375306590663,-165.6131617731094
2020-06-12,-137.92530343721617,-135.3449517968561,-151.6460923734453
2020-06-15,-168.97926128343235,-168.9543989485496,-172.51726600575694
2020-06-16,-160.25122652005368,-163.3617923259414,-166.98483174162317
2020-06-17,-164.12831860682468,-165.6795726625812,-168.99590270976012
2020-06-18,-162.59623455911898,-165.19529314266202,-168.34157212714945
2020-06-19,-166.08528653263494,-168.6931633350288,-168.31280643014708
2020-06-22,-169.89659997647556,-171.4733964665951,-173.43919850814385
2020-06-23,-147.34115325285205,-149.27265397732916,-151.3897738764809
2020-06-24,-146.1953389517891,-138.41388909572333,-148.61539636367783
2020-06-25,-156.83836060964063,-159.08191385353177,-170.09904624822371
2020-06-26,-157.63837902185068,-166.27346598616828,-163.60294155015552
2020-06-29,-160.15016716201268,-160.57261243599584,-160.24396843091768
2020-06-30,-154.1778336123324,-160.00768444921334,-160.05128401707196
2020-07-01,-156.5770241532523,-160.52508397090054,-157.64667677918217
2020-07-02,-164.3308404796161,-167.5206273403,-171.29222994453028
2020-07-03,-156.38944075889555,-161.0080690635942,-164.09243784890685
2020-07-06,-163.88474872441532,-162.4433974297278,-169.30025939985796
2020-07-07,-158.0748041485586,-156.09455706959375,-156.9291094488582
2020-07-08,-139.53063335987386,-136.006883973878,-157.5937094459356
2020-07-09,-163.4366679862019,-161.73822838715992,-165.6624318853634
2020-07-10,-157.59855269421274,-163.07344707698644,-169.57701943047743
2020-07-13,-157.74908400403095,-163.2567221556885,-163.2003517374473
2020-07-14,-156.59488298254638,-160.25949857428134,-158.617281944297
2020-07-15,-163.18175227254545,-168.57694060933036,-168.06454288713024
2020-07-16,-165.38969507581737,-163.70127047293198,-166.6732173671041
2020-07-17,-164.99684815685563,-168.6827456834344,-170.99926903709888
2020-07-20,-162.90104937385297,-162.07717947236387,-167.31294211309486
2020-07-21,-152.92032310275206,-157.08345726798373,-166.1722454461147
2020-07-22,-153.01676774916496,-157.38097860782398,-155.73819841673006
2020-07-23,-166.49847486746663,-166.6524125994172,-166.0659593777705
2020-07-24,-154.8254565426757,-161.55520666369227,-168.72140793839756
2020-07-27,-153.8899460493541,-153.94843724536088,-161.14704111322195
2020-07-28,-167.69555276855746,-167.35704051939544,-169.58377427742064
2020-07-29,-163.70618502643902,-163.85673346328377,-165.64534117415167
2020-07-30,-156.29502815183022,-157.39825417463786,-165.97141236342017
2020-07-31,-161.13360899409759,-162.00889428149995,-169.49645013968484
2020-08-03,-150.26262597791117,-150.6954827332031,-158.71583871888953
2020-08-04,-163.74960927496952,-168.47257291430375,-170.8027714792164
2020-08-05,-168.58209904596168,-169.58755905964458,-172.19731645873057
2020-08-06,-155.2689763237842,-148.85947736010883,-153.66301023274627
2020-08-07,-156.54072212974407,-153.34501213595283,-165.04900883643717
2020-08-10,-162.98610424389724,-161.8756747778259,-165.74640497911713
2020-08-11,-162.6173162436181,-165.5750826660214,-169.5101177271624
2020-08-12,-167.3619435766454,-170.2367238079646,-172.12751667516892
2020-08-13,-162.98319544547195,-162.20168111804486,-166.26902441706244
2020-08-14,-162.8815153178887,-161.77659770172906,-166.44041478074516
2020-08-17,-172.10664712229075,-175.53880657013931,-176.75384541004527
2020-08-18,-155.32491017284352,-162.60461038725768,-164.9438669576804
2020-08-19,-160.77930001989722,-167.6874479890078,-169.13995754561026
2020-08-20,-167.92016064878777,-168.6845487900922,-163.24869809284127
2020-08-21,-163.2665751866626,-167.29975638389567,-169.81169934236465
2020-08-24,-170.28661281806538,-167.58403156319406,-172.11945166570777
2020-08-25,-168.9076676526327,-170.10167351209572,-173.28747061991012
2020-08-26,-155.15581450848646,-158.28496898004695,-162.8412125090788
2020-08-27,-166.57611547292456,-169.85228730247368,-172.23366551332563
2020-08-28,-159.44041723921237,-160.2332846448561,-156.1634889416843
2020-08-31,-154.4864579122181,-157.08166855359715,-156.574548024081
2020-09-01,-157.52564358909578,-164.19169844704982,-167.7725305940002
2020-09-02,-173.05506133889077,-177.2715609572004,-179.941582166677
2020-09-03,-162.33643456835313,-166.5378369116795,-171.6281869848502
2020-09-04,-154.12613695843982,-156.1609255228469,-161.10028751093157
2020-09-07,-168.2689380481189,-166.7802673530608,-165.7733975958019
2020-09-08,-165.2023156989896,-166.58256685778267,-169.6947473940402
2020-09-09,-158.14459280576543,-158.34176212414212,-160.9685645100762
2020-09-10,-156.75254709064674,-152.64834207620936,-154.93309755188994
2020-09-11,-154.53098193733737,-156.70457298811309,-159.92624855346884
2020-09-14,-155.66196381942365,-162.14828736505265,-168.5470274509315
2020-09-15,-164.38902119068308,-172.270171592376,-177.36819774725447
2020-09-16,-161.8867366890713,-151.22224981877443,-154.01630696478855
2020-09-17,-168.92245194280946,-174.9550310783011,-176.132005245667
2020-09-18,-159.57328766110413,-164.33181523377473,-165.63631842083726
2020-09-21,-168.3000436380078,-168.5819745471702,-168.82417615625656
2020-09-22,-159.99308609483694,-158.30276405854596,-167.02241999389042
2020-09-23,-160.52088625699326,-164.61946056916779,-169.94170317967013
2020-09-24,-160.07593137041266,-159.74598243450012,-164.6592436880179
2020-09-25,-170.72603202472965,-173.26065721586983,-173.5255620157206
2020-09-28,-162.1327137034565,-171.56593071979125,-167.19106363703784
2020-09-29,-160.1357908542004,-161.38563177717978,-164.20251425161496
2020-09-30,-159.30652741190247,-158.01942069598368,-163.11110779218097
2020-10-01,-167.9497756040853,-171.2606727307815,-172.40872943607152
2020-10-02,-153.62169552560607,-152.9394664178182,-155.3936663523487
2020-10-05,-158.75618457934934,-156.1836898963009,-157.87422773808532
2020-10-06,-158.63326311961623,-156.83444542809758,-169.591637708657
2020-10-07,-155.31244035330874,-154.85370878851265,-164.56405869541177
2020-10-08,-166.12812868968575,-163.86691460701007,-163.06797782454092
2020-10-09,-159.59483972167874,-158.6601597614138,-167.94901285139528
2020-10-12,-168.32670167786057,-173.41825094950957,-174.89131997306518
2020-10-13,-170.07732144979775,-172.34863232697464,-166.50969210910165
2020-10-14,-159.91303530164944,-163.64786977866825,-172.63030512909674
2020-10-15,-157.79526500830784,-157.3603248612719,-161.01651585344263
2020-10-16,-153.90406112880072,-154.32655991806,-156.39084927212937
2020-10-19,-165.14412341106683,-167.48558097113116,-168.28208675178703
2020-10-20,-148.90213678146523,-143.84301268875302,-142.63274347696293
2020-10-21,-163.8038639707243,-159.4040513719062,-159.8532094532565
2020-10-22,-166.91737106054217,-167.29771886625312,-169.49302822246105
2020-10-23,-161.76114796740265,-162.21205297608367,-167.15502973684596
2020-10-26,-165.4321390337058,-167.2245096337009,-171.51213491926555
2020-10-27,-161.3533812401884,-158.230062555357,-158.73161678448525
2020-10-28,-171.9119579206507,-175.82000461100324,-178.94215952495594
2020-10-29,-171.2365866181452,-174.4835341936709,-173.6902792864244
2020-10-30,-167.5365445851165,-166.2068901369542,-161.8091383368167
2020-11-02,-159.2849009846699,-155.35922531865123,-164.76672153524024
2020-11-03,-161.10610062243705,-158.8218510663699,-160.26135438681604
2020-11-04,-171.2483605488529,-171.4231238782464,-170.3458005874592
2020-11-05,-167.5201729214574,-167.9656039305738,-171.6589305819893
2020-11-06,-161.30223205550269,-157.94477332501958,-159.43899789463188
2020-11-09,-166.04906381990858,-167.69176422612867,-168.00051750657732
2020-11-10,-157.31170892147205,-154.23209490659318,-160.418211050176
2020-11-11,-161.2104301548985,-162.92915539304727,-166.73169032028486
2020-11-12,-155.24667168953275,-156.6305878024238,-158.17677202138552
2020-11-13,-157.85624410229966,-160.1903595284951,-164.42116444867446
2020-11-16,-168.1185857568457,-168.17456523670518,-171.26168094136258
2020-11-17,-164.7717397892302,-166.83947740776534,-169.90350860577996
2020-11-18,-159.34165821849302,-159.95693320393542,-166.2874162569368
2020-11-19,-168.47000170284846,-168.9230624727809,-168.1877450520196
2020-11-20,-155.36315355749088,-156.48691120771565,-157.50136515270248
2020-11-23,-164.89131546940945,-165.08543726707552,-165.89245559376837
2020-11-24,-165.64086134324586,-165.61029595724037,-168.71750966655054
2020-11-25,-162.26257161000368,-163.51990768235902,-166.05993064648712
2020-11-26,-168.3699305989567,-172.125805234543,-176.5832125806552
2020-11-27,-165.29154020387568,-165.7700418473917,-166.4953952155856
2020-11-30,-163.27321028066808,-161.06585791583325,-163.8112555275677
2020-12-01,-164.38945835906378,-165.31939708137995,-167.03206888120604
2020-12-02,-150.5544491595312,-154.03658580862276,-161.0444749319113
2020-12-03,-174.82512444645923,-176.76432542427364,-176.51165525277074
2020-12-04,-165.9933101359391,-170.00648797602514,-170.2204626564776
2020-12-07,-149.56453134429577,-141.99542588891202,-147.61879652147468
2020-12-08,-144.47757821898875,-153.15050605336475,-158.67329273976424
2020-12-09,-161.44354238007145,-161.63580819372106,-163.4401694211691
2020-12-10,-159.56253323623747,-155.08643022855043,-152.67520142702853
2020-12-11,-159.00980546572066,-161.7203524415278,-171.12342192544332
2020-12-14,-162.29384802790736,-160.98335384615604,-161.27780395774462
2020-12-15,-146.5142249376072,-137.02995751833646,-154.79786458531112
2020-12-16,-154.71665857873305,-157.54375009497915,-162.8401221444023
2020-12-17,-158.47735807657762,-157.65720725850142,-161.04449370122998
2020-12-18,-166.25922617274585,-169.99876618903758,-171.65311340685847
2020-12-21,-172.10747000594358,-173.16479778781627,-172.09790928134893
2020-12-22,-160.46629997560086,-164.6461508477523,-169.45426685198498
2020-12-23,-171.28032060769857,-174.0467047854243,-171.26693850976488
2020-12-24,-162.52790281158144,-169.6724228044672,-170.36117317940028
2020-12-25,-156.8918647186578,-160.855099476123,-168.92070219657842
2020-12-28,-163.4077979351338,-162.80865308092586,-163.97144857564706
2020-12-29,-156.08911818658788,-159.142313838193,-165.2960936849003
2020-12-30,-157.05452452905604,-164.17280080721486,-165.10444843980238
2020-12-31,-145.23732209856408,-142.8244301023422,-155.22652672422456
2021-01-01,-133.5109347940934,-142.6292754879145,-159.83564000175073
2021-01-04,-150.82103498817983,-151.82644767712193,-151.4927022615341
2021-01-05,-173.93240611934021,-173.1190464751332,-173.2861221859449
2021-01-06,-154.83356390875426,-158.95861428419414,-161.79136214708657
2021-01-07,-147.6249774833346,-159.64477573402488,-169.8442185184117
2021-01-08,-147.08196379957965,-155.21449162919265,-162.67859944207092
2021-01-11,-167.51829660004054,-162.3628854265073,-164.36031132441911
2021-01-12,-163.05541986497758,-163.0429265839931,-167.17332403935453
2021-01-13,-164.32838217062465,-168.91243618271605,-169.72370466310127
2021-01-14,-128.42926787113842,-139.83668169312983,-160.20528611074974
2021-01-15,-147.67650766276827,-152.8327587433724,-159.16596423725503
2021-01-18,-151.73570179760532,-149.2960138292795,-155.09336977504844
2021-01-19,-157.84828067092957,-160.0293725773808,-166.62156513012116
2021-01-20,-159.16874148282238,-160.1513050587606,-162.5416635319066
2021-01-21,-150.73978175059796,-162.21532195672523,-165.93477834187044
2021-01-22,-154.5765521627397,-157.44243208386672,-163.2281301042342
2021-01-25,-165.53009228427604,-157.43758414971109,-166.11032613527127
2021-01-26,-155.73948645418145,-153.67136478295157,-151.6684586170184
2021-01-27,-158.01048711041705,-163.262096948613,-166.51958063784957
2021-01-28,-159.56317346660472,-155.4288504953722,-153.1379723441624
2021-01-29,-157.8571751925518,-158.9931635375115,-153.1470856683455
2021-02-01,-156.55874235323247,-162.3838761056419,-160.54114206658704
2021-02-02,-147.5306018928592,-152.11259104825527,-159.84482031509523
2021-02-03,-157.02154175516134,-161.73907585312386,-164.54672892903457
2021-02-04,-154.3766231952542,-150.5239409950948,-160.92016286283172
2021-02-05,-165.81020739123215,-167.63766716971142,-171.9848108552767
2021-02-08,-166.3684957628868,-168.55539110500877,-169.82809861502983
2021-02-09,-162.57672288716847,-161.58280143180752,-162.0759645358449
2021-02-10,-168.9831582268866,-170.72626688152715,-169.31945135529472
2021-02-11,-171.88017718198998,-175.75242178268564,-178.97037042959042
2021-02-12,-171.9588779231116,-173.61648382214102,-173.1474719321658
2021-02-15,-160.6055694087843,-161.12050702094228,-169.2505577464042
2021-02-16,-159.2928697585821,-154.99361697664455,-161.08172053178734
2021-02-17,-164.46247228268444,-166.27662898477115,-170.47309523058942
2021-02-18,-134.46026243305045,-139.38425544392862,-156.6184860450956
2021-02-19,-155.4329078406107,-158.8669082242527,-157.7506043078542
2021-02-22,-161.4663668900111,-166.18010944412404,-172.49173854732277
2021-02-23,-157.11423193463057,-154.57392443942865,-156.44214896903895
2021-02-24,-154.3194129683396,-152.48620795245137,-160.9440318800735
2021-02-25,-168.36907484495904,-172.14377347151904,-173.7884280527938
2021-02-26,-170.64632755312815,-174.71371587434456,-176.3266247750292
2021-03-01,-169.78624624205762,-168.207529782932,-170.70626523358106
2021-03-02,-156.4058733700583,-147.82900970298286,-157.23513003125075
2021-03-03,-163.3174287422856,-163.8565561177278,-168.46523388504374
2021-03-04,-164.17973441796389,-166.12199777821402,-171.26436387353294
2021-03-05,-163.98957345180347,-165.39621169906744,-170.16552480366516
2021-03-08,-156.89778655311076,-158.3751166318215,-164.20274772667852
2021-03-09,-166.5908327423313,-167.19765294965035,-169.80213994242533
2021-03-10,-166.7187418316301,-167.76049115243,-166.54541746068452
2021-03-11,-160.61966582425265,-159.7021148888032,-158.0886427606528
2021-03-12,-162.34908733982502,-162.98556779642377,-169.85591748736223
2021-03-15,-160.00440799543895,-162.90044400546282,-171.96746551211672
2021-03-16,-174.0327868436596,-178.08536973396735,-179.2258070347779
2021-03-17,-159.52380374956212,-154.84558601883884,-154.36997339048133
2021-03-18,-158.16035508532968,-158.98304786128142,-164.35485489792825
2021-03-19,-175.04846539611304,-177.4170950615905,-176.57448406603913
2021-03-22,-168.64442895224323,-171.01631001242933,-172.01879333880095
2021-03-23,-169.01552676544034,-170.48711411444776,-168.5922266911952
2021-03-24,-159.22375886557353,-163.02659638405902,-165.0702061078487
2021-03-25,-163.36544139375926,-166.6097748903594,-169.31669823609397
2021-03-26,-162.1751701647729,-161.53413918139378,-164.71842394916416
2021-03-29,-168.6570563173887,-168.19375869501627,-168.9168097559074
2021-03-30,-167.0222606187016,-171.511466067312,-175.10408916644693
2021-03-31,-150.52910536994682,-146.318529506004,-154.5124245813359
2021-04-01,-170.15492396599566,-172.00131867729561,-172.47907696417724
2021-04-02,-149.3776641235462,-140.31196828684628,-144.4830693216028
2021-04-05,-150.47016971821387,-148.92331872803692,-155.54447231941418
2021-04-06,-173.88845594084094,-175.26945998486974,-174.81951397270987
2021-04-07,-173.50944689704434,-174.65764793181754,-171.11584874063357
2021-04-08,-161.2121771584115,-158.38245070438612,-158.6194196828622
2021-04-09,-169.26059525015046,-168.98956594238547,-170.17053033069618
2021-04-12,-164.32574940479253,-165.6838319299287,-171.90409420292326
2021-04-13,-166.3629030123373,-168.86146534992753,-171.07096750296012
2021-04-14,-170.9194718941426,-172.45320856866647,-175.40714952122764
2021-04-15,-157.2098651961764,-159.52422529939827,-164.64925841037189
2021-04-16,-166.4387973206961,-168.0215197940692,-168.83388940446395
2021-04-19,-165.55212532383317,-160.87553192633692,-163.34566361571504
2021-04-20,-166.99540405213577,-168.94544416810467,-168.1371154565475
2021-04-21,-169.808705548946,-171.22840995079957,-173.81807768974343
2021-04-22,-167.31467555034604,-170.79398443776597,-173.7267595354466
2021-04-23,-161.80293634773028,-162.6761952880755,-164.9882484061736
2021-04-26,-167.23515453661344,-169.00601889020848,-170.6871374729348
2021-04-27,-149.69028500684266,-154.39022028495617,-168.66198152609726
2021-04-28,-158.87111225435575,-153.01056737252125,-166.6365776505534
2021-04-29,-168.88888453553085,-173.12358481430488,-178.52162576312693
2021-04-30,-164.95137141553988,-164.87427626050058,-167.36526474056595
2021-05-03,-174.251036023972,-180.4592110177019,-180.79688717629006
2021-05-04,-165.47478170845977,-167.2589152688525,-167.62020205665493
2021-05-05,-168.59290876719322,-173.4824050325303,-176.93507643233423
2021-05-06,-141.18753438860605,-138.62705111621125,-158.01526787604075
2021-05-07,-163.18151417098994,-155.8860793629803,-159.24445788760454
2021-05-10,-167.11858072421512,-168.84115129598965,-168.73448822472506
2021-05-11,-141.05193778380888,-134.87216835984387,-146.85517122574313
2021-05-12,-170.88792101460996,-174.49733390789442,-175.25816009271415
2021-05-13,-171.0081669777007,-172.91715494817862,-173.8933131953306
2021-05-14,-158.9868408285299,-158.65519216019814,-162.83284297510696
2021-05-17,-167.6923544959187,-167.94579209851614,-171.7107725292802
2021-05-18,-162.80304239588102,-166.1367179353014,-166.9707586869249
2021-05-19,-157.17847404687845,-151.69401151042797,-151.41531648810292
2021-05-20,-164.64627961347676,-165.59958624803664,-168.5605932009579
2021-05-21,-160.7638005950816,-163.822741545235,-168.5815167403243
2021-05-24,-154.75742510432977,-157.14566131808536,-166.46320520253732
2021-05-25,-157.83754755807394,-163.74653926687117,-168.94517869213144
2021-05-26,-156.85224641815432,-154.83367958351062,-157.12494574613325
2021-05-27,-151.95296391854674,-155.5531388128921,-164.0527388803878
2021-05-28,-159.12068722247184,-168.29882297332477,-169.89746495975936
2021-05-31,-161.3863193787678,-166.18114606268614,-174.1598174481997
2021-06-01,-162.16952020060518,-163.1550635108562,-164.63930892545403
2021-06-02,-170.22330602594084,-171.7234105828126,-173.67496660663647
2021-06-03,-170.03261553692806,-172.92788830691958,-172.01776201490625
2021-06-04,-155.31566893698596,-157.78193719547187,-165.84409245912144
2021-06-07,-173.2291300473406,-177.78120819470803,-177.5920794780235
2021-06-08,-165.64407422141176,-166.30609553223454,-166.54879377858705
2021-06-09,-152.206594154263,-150.86574933355308,-152.25722519118358
2021-06-10,-161.05261072980593,-161.59894763601255,-161.03292734976174
2021-06-11,-170.6579712324405,-174.01137171533892,-176.42761396591342
2021-06-14,-159.2156596036615,-159.43670162530168,-161.5228917445809
2021-06-15,-164.35102272499856,-165.86274819267408,-168.34042549291007
2021-06-16,-165.42114688460248,-166.71717956371884,-167.4903490119034
2021-06-17,-152.2049390124721,-155.3972917370894,-164.54822988642817
2021-06-18,-168.84272535423247,-172.35532459076862,-170.34073776165692
2021-06-21,-171.57895221392698,-176.97534348521432,-176.49638125660056
2021-06-22,-157.1730389297349,-155.5387930757152,-164.84918607403552
2021-06-23,-151.07858956251482,-149.76020261930245,-157.25960552105795
2021-06-24,-160.74541353012972,-163.52609025999666,-165.93531972634167
2021-06-25,-150.15316630469724,-148.03423457734814,-151.08448547422608
2021-06-28,-167.53064126082705,-171.55601372635826,-171.3253843364568
2021-06-29,-156.706100842373,-157.90877370382455,-166.72399291131129
2021-06-30,-164.59315473518257,-166.5615101856911,-168.73909751160977
2021-07-01,-148.31848093478453,-142.47934293750015,-153.26996827687466
2021-07-02,-158.31819368970758,-160.55354004589202,-165.62632910701765
2021-07-05,-147.41769472256618,-148.90163435686003,-154.53236578274527
2021-07-06,-171.96748167994312,-172.87108712050417,-172.9479959700854
2021-07-07,-167.55616461124367,-168.02397954802038,-173.77011935452464
2021-07-08,-150.1871005278994,-153.5345480026136,-152.19429153568674
2021-07-09,-159.6314636576197,-168.69441365234027,-170.95239563154817
2021-07-12,-149.09378960907821,-156.00884201779223,-159.19932985046137
2021-07-13,-164.2534712341497,-166.4543121195548,-169.74302830548163
2021-07-14,-164.13073366487444,-165.98876119325732,-164.92854147219197
2021-07-15,-158.53884604248816,-163.55014560941848,-159.94711209443233
2021-07-16,-134.89274384079536,-146.20531448097043,-157.98043195717855
2021-07-19,-146.15897440509366,-150.37319417552322,-154.86579672796708
2021-07-20,-157.03203275707466,-166.809953009241,-169.66362216023026
2021-07-21,-152.0583877152097,-159.25780983861958,-159.69889028274852
2021-07-22,-148.14961037173302,-156.09872711025253,-155.2153537860755
2021-07-23,-148.32398817566963,-157.50198756038907,-157.93083804563273
2021-07-26,-156.2098207790886,-155.92037937250578,-157.73751239885357
2021-07-27,-150.18682230223322,-157.9301783768439,-164.7091808372823
2021-07-28,-146.85397997925378,-155.91227570678728,-157.89978031172942
2021-07-29,-167.10782965960917,-167.68458694543452,-167.13148012825852
2021-07-30,-145.2822501053248,-151.53389771923307,-156.67037389646615
2021-08-02,-153.82159031615336,-156.94421249125483,-161.35773605068266
2021-08-03,-146.59083024668723,-150.635458164059,-156.65616254428753
2021-08-04,-124.27385290485768,-144.11056135587427,-156.50504521489512
2021-08-05,-157.55004820616207,-162.11926729605221,-164.3448006318164
2021-08-06,-142.14108762597468,-149.14877227173972,-157.2117420014918
2021-08-09,-156.04156158956465,-160.29401959276194,-158.50962730429913
2021-08-10,-166.4741735201133,-166.32823680822887,-171.63652375594478
2021-08-11,-159.46735033332405,-161.94983304680144,-162.0707537149491
2021-08-12,-169.91950383374206,-170.6389343243149,-173.7484552506843
2021-08-13,-151.35574998452464,-149.84434427877528,-152.84873036122187
2021-08-16,-166.08842375177244,-166.66589479931162,-165.86294633460759
2021-08-17,-169.81784656467707,-168.40525859139228,-171.04361352180857
2021-08-18,-170.04225582958915,-171.2675244935451,-172.22988147009
2021-08-19,-166.7054109134047,-166.7748213303447,-167.93524185185206
2021-08-20,-149.22026765712113,-153.84851303261104,-158.80116485465703
2021-08-23,-155.97558295037774,-158.03478633934472,-155.76274221002961
2021-08-24,-161.9974098427268,-163.64161866154393,-161.71616904007945
2021-08-25,-141.3815758588117,-152.04411695955764,-156.8771825778063
2021-08-26,-162.14336940388162,-164.520428705797,-166.61070260015512
2021-08-27,-160.10965107646803,-151.54467340166727,-159.31019738042667
2021-08-30,-162.12666780225715,-162.06773409932003,-158.65514134295404
2021-08-31,-141.27075173452764,-139.05107150338802,-148.2897791780654
2021-09-01,-153.8535838208376,-152.76237320313922,-160.4771866860094
2021-09-02,-164.96932784750237,-164.00636059371953,-163.3544142998235
2021-09-03,-155.12505503992452,-157.8506319804013,-157.85608022072867
2021-09-06,-167.75574056773428,-167.47091499222924,-169.5828964324755
2021-09-07,-167.44671685927617,-167.79086615192423,-171.08418507777643
2021-09-08,-153.25047455905474,-156.93235963229546,-165.96986091485223
2021-09-09,-150.95660800739464,-141.59586321108958,-151.51019795249636
2021-09-10,-161.13183482873052,-158.87162585716374,-160.56792222215284
2021-09-13,-152.9763963690741,-158.7977674451845,-159.6917185114964
2021-09-14,-154.3836460411384,-151.78755988438678,-161.7519861551736
2021-09-15,-155.76762193512687,-154.5173225780141,-166.30680752941035
2021-09-16,-166.3945709422943,-164.09257245325753,-165.06274165834395
2021-09-17,-151.3655222522917,-148.62371024808687,-156.68440467303893
2021-09-20,-153.443290527764,-155.02325207732517,-162.88032270148136
2021-09-21,-151.27169926236624,-150.01559134302806,-156.7849178744935
2021-09-22,-162.27848223971492,-158.56467212251744,-159.0612129465901
2021-09-23,-163.43030175440288,-165.5603374122564,-166.6283794983679
2021-09-24,-167.51659041671627,-166.61708339481396,-168.8158347139111
2021-09-27,-166.463698155309,-170.27488637176484,-167.31415784093628
2021-09-28,-152.72851367418656,-150.62597776106924,-159.08801941550507
2021-09-29,-169.57862957757706,-169.00151268007426,-172.38364027918934
2021-09-30,-162.52973127404863,-167.05367693816942,-173.3513548825804
2021-10-01,-151.79188182274285,-152.79877845479052,-158.18551821491664
2021-10-04,-158.20641659382804,-156.19652904617112,-166.75859910345747
2021-10-05,-158.33428264966565,-159.31284294375004,-160.68482536173678
2021-10-06,-167.61928687857556,-167.93075731898614,-170.61264161205514
2021-10-07,-162.8181804186386,-167.72556315985148,-170.76940023928
2021-10-08,-147.59112976999467,-141.36923138492904,-151.32996609043622
2021-10-11,-127.98115452687492,-129.59462530663404,-149.28194646040382
2021-10-12,-167.15803992229934,-165.63519718059223,-167.51628857241485
2021-10-13,-145.4010880332361,-137.84287235277873,-152.62729593581625
2021-10-14,-160.5662421591127,-162.75379586063974,-166.0297670084145
2021-10-15,-153.6053892111006,-152.2736165121436,-155.81048845451895
2021-10-18,-169.21458733509806,-170.57319895356696,-173.44959453000007
2021-10-19,-170.4714318561273,-170.0359584435813,-173.20564542117026
2021-10-20,-170.91986869907373,-170.83294153071787,-166.24858771971796
2021-10-21,-163.90628718344362,-164.74143281973394,-159.66986549812344
2021-10-22,-169.63359134799944,-170.99287900966934,-171.62594160662633
2021-10-25,-168.58269969072867,-169.70778667925597,-173.3948088880148
2021-10-26,-163.66729646167724,-164.83378912980652,-164.99855565371237
2021-10-27,-152.88778618850236,-149.96922447292653,-155.80660101358865
2021-10-28,-167.87594194522595,-167.13131088672938,-167.05322745392587
2021-10-29,-159.2329979265201,-164.79890590536658,-165.35992783702704
2021-11-01,-151.513204365106,-152.5894530533988,-158.98470448529974
2021-11-02,-163.78401905699718,-166.9101809762791,-169.936015275253
2021-11-03,-154.7712463960729,-152.23161422339328,-164.05157607789724
2021-11-04,-161.1337831997625,-160.06791394660775,-165.82985104524977
2021-11-05,-148.65835637742387,-148.42833542563926,-155.55561056340952
2021-11-08,-168.93040599674217,-171.6876073828317,-167.51469150100257
2021-11-09,-160.4182097918717,-165.52206017498526,-168.2624978793056
2021-11-10,-127.61769837221648,-135.00753132466934,-141.14037473130938
2021-11-11,-154.92056817574087,-155.89884598189462,-162.50080335235094
2021-11-12,-145.99473617098363,-140.63487045348185,-151.95707122797506
2021-11-15,-150.82128216888435,-148.82332005747008,-152.4758617698039
2021-11-16,-163.00669497671473,-166.37930829047315,-172.0306941633405
2021-11-17,-156.82620125743588,-156.1648840524268,-163.4511545913899
2021-11-18,-161.41829464483857,-161.74901350159843,-165.49039095535443
2021-11-19,-153.40298576986223,-150.20039363248608,-158.00738693306602
2021-11-22,-139.61778298212408,-139.61991752212504,-142.2820964542649
2021-11-23,-152.27223123217516,-157.34917427644461,-162.22373538900737
2021-11-24,-162.90262174404245,-165.4033026336789,-168.78802956811262
2021-11-25,-169.3368305850312,-172.23300044160212,-171.50622996550686
2021-11-26,-150.90868933983572,-150.13638935382363,-160.33779127043846
2021-11-29,-162.6434765797844,-160.1972300640596,-166.66090799521018
2021-11-30,-156.53272661017903,-162.42268075198177,-165.4533531671611
2021-12-01,-129.59562382824154,-136.6660283955638,-155.23538895621465
2021-12-02,-154.93583327803822,-152.81365426891267,-161.24795722056567
2021-12-03,-160.63111629202092,-157.9595387867041,-161.3661172063837
2021-12-06,-172.48499087127334,-175.21593880140034,-176.8191541703676
2021-12-07,-129.22392699432612,-140.5412152874559,-150.08642299230996
2021-12-08,-143.9833750634498,-146.6670904640389,-159.62238694506328
2021-12-09,-161.30300460193558,-160.60463222643565,-165.16831838359565
2021-12-10,-129.9081248265708,-133.48374893768232,-145.06821379840736
2021-12-13,-145.68141826018214,-148.631322212598,-158.45781063800044
2021-12-14,-154.00862561692418,-160.64017263691397,-163.37166918689488
2021-12-15,-139.89980027155752,-148.3275419703059,-150.08718838177828
2021-12-16,-156.5534034935298,-155.11316758339694,-155.68201458589522
2021-12-17,-153.9166983567074,-158.23958258494338,-166.82248507090935
2021-12-20,-162.4283984856865,-165.52239131438228,-167.0913084712691
2021-12-21,-137.71618290298903,-145.5131683455971,-163.26639709378216
2021-12-22,-140.71822807270271,-154.23938445581325,-158.83619930625431
2021-12-23,-149.07693745409676,-158.1681698169158,-159.04723164485154
2021-12-24,-131.78320858265923,-143.94782351228434,-157.05392214468978
2021-12-27,-159.06198088540313,-158.24212198329766,-160.62295009958368
2021-12-28,-157.21844084093703,-164.21728199997978,-169.51331957553708
2021-12-29,-158.73104277677666,-159.52556844740707,-152.35431512894806
2021-12-30,-148.8221427111801,-151.98431487848174,-161.6302117217076
2021-12-31,-129.4956153052269,-126.21421951730338,-144.9712559957073
2022-01-03,-146.93993931737975,-145.38333346640326,-147.84371114740833
2022-01-04,-167.49342448369552,-167.56197703354187,-171.16833140240777
2022-01-05,-149.14181913949676,-154.7949689309701,-149.7978521558126
2022-01-06,-159.6175876599782,-158.05454467505075,-162.70975974416393
2022-01-07,-153.96080611950538,-157.023008807351,-161.8390173167424
2022-01-10,-132.74911793017338,-149.97622752501277,-158.50573647716627
2022-01-11,-156.89494201378378,-157.76159918640116,-161.2336366320409
2022-01-12,-169.3333456687079,-168.6591264176289,-169.64189709254717
2022-01-13,-163.73874295425992,-160.39589619142458,-164.04183683613604
2022-01-14,-146.86909635967066,-145.1875059474687,-142.3364456539764
2022-01-17,-160.70285205761917,-162.27448531005072,-163.8660683338896
2022-01-18,-150.2402406865828,-154.55876349933789,-157.84379109602995
2022-01-19,-151.2426889191727,-146.97680972601222,-152.91256230404377
2022-01-20,-143.3783326982479,-147.05891776652794,-155.19626549872208
2022-01-21,-156.53225688649036,-156.7012224698339,-162.27607795728298
2022-01-24,-149.17639019250856,-152.95746689360922,-157.22373751792873
2022-01-25,-149.83885790663427,-158.0540607914165,-166.42282152159032
2022-01-26,-165.86793166856236,-166.28642518282942,-165.85448546851586
2022-01-27,-148.07866594978933,-142.96112864732848,-147.81176810153613
2022-01-28,-163.78539427531382,-163.7252074157087,-165.88043500296547
2022-01-31,-163.70799243605316,-163.0022781141617,-168.19341404083016
2022-02-01,-157.76602920126058,-162.70985195407255,-166.68477316904668
2022-02-02,-160.68867685404427,-160.9849509130722,-166.1567589358228
2022-02-03,-169.1411028225053,-168.83014562872015,-171.93113931848742
2022-02-04,-166.15446730581118,-165.80556835485504,-167.9072167929305
2022-02-07,-151.69197513520155,-155.15076611828619,-155.5593963487033
2022-02-08,-168.71034027449852,-169.9335821888244,-171.05140029613753
2022-02-09,-166.3182937488007,-168.98525075805205,-169.21806450635796
2022-02-10,-159.32036916917787,-159.64974595296087,-166.58972278837055
2022-02-11,-164.56908157399832,-166.59677630516106,-170.905657816267
2022-02-14,-166.02839829078826,-168.83585122305996,-172.35918269042213
2022-02-15,-163.08938480612812,-168.11419112137963,-172.36401722820727
2022-02-16,-160.28326855540374,-165.4779963220177,-171.1274443942596
2022-02-17,-140.80021077582492,-141.68052904391647,-145.13526706375634
2022-02-18,-171.30559429281845,-172.76641679105762,-175.54658729434
2022-02-21,-167.60156537406743,-169.56834997069572,-170.58199677628156
2022-02-22,-160.80443023982815,-155.3405249964486,-162.36613217291793
2022-02-23,-143.78460770427725,-144.2285191341915,-150.72437635122725
2022-02-24,-160.38097372180266,-160.65438517743758,-166.49279279004338
2022-02-25,-152.32876050994844,-155.98894492567018,-162.5260447809673
2022-02-28,-147.31673100785696,-151.86404026670823,-159.2494502373134
2022-03-01,-155.1534107952636,-156.9790922656723,-161.92457358919413
2022-03-02,-158.32588472731842,-163.15875432474618,-168.98642793740473
2022-03-03,-165.92824370118564,-164.38612442800164,-160.3481985935582
2022-03-04,-165.61727272483876,-166.29814194366233,-169.48262919076043
2022-03-07,-161.6497795389807,-165.97943501781387,-167.6304064861375
2022-03-08,-172.35334319541747,-174.455721577082,-175.67316019566255
2022-03-09,-154.57605993835958,-154.74719018887575,-157.85636430724142
2022-03-10,-161.44346162751324,-154.59684139357108,-156.66044176826588
2022-03-11,-136.8116977398966,-153.09463979616174,-156.7613090151549
2022-03-14,-159.33367522996826,-156.12817303047302,-157.81425898519774
2022-03-15,-154.93902486899938,-159.12079611516683,-162.11726612981806
2022-03-16,-156.92204777830312,-151.94135269024383,-157.58530663868805
2022-03-17,-165.4134214311577,-167.1991406686126,-168.35173348685083
2022-03-18,-159.03172111637886,-161.81399265270846,-163.2701621112621
2022-03-21,-147.41350603509238,-151.26665265327057,-151.4685765440317
2022-03-22,-161.7691213681409,-163.44739695410337,-164.4629817149769
2022-03-23,-150.55303545780882,-145.74794333064753,-151.9971135639108
2022-03-24,-121.69921025489947,-125.45604403786312,-123.53761337846709
2022-03-25,-160.14678936866883,-161.73624836299862,-166.38102213809165
2022-03-28,-162.0432178594301,-161.63017112851637,-164.10230071142956
2022-03-29,-162.48300738871876,-161.25349721022008,-161.9416789330959
2022-03-30,-159.33933955566494,-158.67147226582205,-160.98948135822982
2022-03-31,-145.24176361904108,-142.99912096609603,-155.93105180948325
2022-04-01,-173.50951513074153,-174.6139693389946,-176.97393888197792
2022-04-04,-152.78994628736982,-153.93356073708424,-159.3525645282377
2022-04-05,-161.42896043745023,-164.61150423734546,-170.4375935190781
2022-04-06,-158.73396144247843,-157.21258920494296,-159.77156309290032
2022-04-07,-159.4119179823591,-157.91783644602813,-155.68146353439158
2022-04-08,-159.52233783751342,-161.25472954812136,-157.83679735420856
2022-04-11,-148.15571174051342,-152.98929352364198,-158.55608901276486
2022-04-12,-148.75577113959403,-150.41686173529334,-156.31418000376965
2022-04-13,-168.89766689391737,-169.60414943614475,-171.0963166459606
2022-04-14,-156.41600843881287,-158.38079427909693,-166.075765912941
2022-04-15,-164.3291890478759,-167.36013880856564,-169.4387152282327
2022-04-18,-159.79745014579373,-161.14170155451504,-163.3429622420196
2022-04-19,-144.4278700927718,-149.88106169904947,-155.33905938373036
2022-04-20,-121.51765438593544,-131.49897970542702,-145.39590099441546
2022-04-21,-155.97574212370117,-155.90244242858202,-158.212636661843
2022-04-22,-149.43413306215433,-149.9772360442111,-163.03122923404487
2022-04-25,-145.4311804874548,-149.0249729543775,-153.32965273707396
2022-04-26,-110.05930984147314,-124.37348353207457,-149.05203643542382
2022-04-27,-142.241520395842,-153.93388326026474,-157.253604178895
2022-04-28,-142.02925694656028,-142.96493043948607,-157.6031244423683
2022-04-29,-160.82962093674558,-161.53083496325394,-163.31755713026843
2022-05-02,-171.21211025945192,-171.3997173475783,-172.67501841710748
2022-05-03,-163.13154560166768,-157.95043708478454,-160.63185500083563
2022-05-04,-137.1308614121065,-150.20507397470115,-160.2414295905335
2022-05-05,-146.2579591996555,-149.58547040490015,-161.42980057413214
2022-05-06,-155.9145018400728,-159.4757672057814,-160.3365692179953
2022-05-09,-157.98054992302994,-162.66013001924347,-168.43783726975948
2022-05-10,-158.62717905806474,-158.27102340461403,-158.930056555929
2022-05-11,-157.25327202342362,-157.22477135065685,-160.24321440521823
2022-05-12,-159.4452300470601,-161.4547579296695,-159.7770335168506
2022-05-13,-164.22866548164055,-161.36316278808985,-164.4822353121395
2022-05-16,-148.2318195554754,-151.93610544523543,-154.14201268741112
2022-05-17,-158.20401641728793,-160.52098147684978,-168.02562345059442
2022-05-18,-114.32230423634138,-124.64181232575018,-138.04271047548886
2022-05-19,-139.97307498449982,-142.8335129088899,-157.37132320046916
2022-05-20,-147.2011532160077,-156.71124323639546,-158.58273264214253
2022-05-23,-107.63968084633368,-125.93272428070526,-144.7767047987626
2022-05-24,-158.97054637770083,-159.40906180217303,-159.5533790737939
2022-05-25,-161.8589249464708,-161.4619643216229,-163.44952290887557
2022-05-26,-155.2465455572637,-162.68048430203694,-162.21580301009533
2022-05-27,-147.10569642954962,-140.66972278104248,-152.1900882096849
2022-05-30,-146.8912988255819,-147.52000372293068,-155.67310571915596
2022-05-31,-150.95955967350017,-154.13667064617792,-153.7940662612767
2022-06-01,-135.2536662144479,-146.78930715140808,-154.05097536649876
2022-06-02,-154.2484562358113,-153.35856543681882,-157.01240979438248
2022-06-03,-161.3988418544952,-160.81941171961333,-165.70443568695632
2022-06-06,-152.864239412183,-156.11086376156246,-158.00180374270977
2022-06-07,-121.6051344531003,-132.94478453488455,-153.28328862042417
2022-06-08,-154.81453412351863,-159.4416702806603,-158.55432565887673
2022-06-09,-160.50995439099339,-165.60875739711403,-166.49093436592858
2022-06-10,-154.59780425862496,-157.54228107786346,-157.9113864803061
2022-06-13,-157.15455832754887,-157.81872978640223,-157.86799089073162
2022-06-14,-165.8887676822906,-163.1615576933967,-159.28641602677493
2022-06-15,-165.6823356087543,-166.32482547725297,-169.23039493339053
2022-06-16,-162.13002265216,-163.97481055991818,-163.8018817080782
2022-06-17,-162.73754504979505,-162.3448266229281,-166.2747822998175
2022-06-20,-154.69697067300507,-153.2662581726155,-155.95799389879335
2022-06-21,-153.16356813448647,-155.75625021681572,-161.09440397824363
2022-06-22,-166.10675523369508,-164.70611454310267,-168.66729504770518
2022-06-23,-147.0402000949275,-143.58125985519203,-159.648477308932
2022-06-24,-155.9576958628652,-157.6819768913754,-157.602121988462
2022-06-27,-158.83767793897232,-155.95616908017948,-162.59702768198966
2022-06-28,-163.45173935824297,-160.77980297109025,-165.21771055785786
2022-06-29,-143.04361396715666,-145.02890339137969,-154.58129785775046
2022-06-30,-158.86434997270263,-160.0481088925716,-164.48063366427357
2022-07-01,-151.6710955923107,-153.50737035066442,-155.22469463096033
2022-07-04,-167.35736030485197,-165.02501843488744,-167.25021204726042
2022-07-05,-166.853531001295,-166.51809515361668,-168.25161953717364
2022-07-06,-157.86570943142627,-156.79152373608477,-158.83058886853127
2022-07-07,-157.6893177201551,-156.6582711256801,-159.09774750785098
2022-07-08,-149.80810866473556,-147.7047375598616,-158.9708614474178
2022-07-11,-162.1529333638465,-163.1086310093858,-165.7388757785197
2022-07-12,-135.47070455941153,-128.70278107901862,-138.24521497340223
2022-07-13,-161.9785890977789,-163.16652416048055,-166.23837971118814
2022-07-14,-161.3828791612187,-163.19269447066327,-167.72772585235762
2022-07-15,-159.88745878314725,-161.68540796261166,-164.4482075946187
2022-07-18,-162.96468823447844,-166.94049672182408,-166.6531901871394
2022-07-19,-165.9880187693898,-165.66699118021197,-167.4056453801618
2022-07-20,-159.08264638066544,-161.84146611383616,-167.97595858294468
2022-07-21,-150.0201930019973,-146.85640817523816,-159.4775479953761
2022-07-22,-163.6736995426945,-163.5871663089667,-168.10660880771778
2022-07-25,-166.55646574269952,-166.29370500176702,-167.05938753231766
2022-07-26,-142.68140969437525,-138.79545106507086,-156.54204944916293
2022-07-27,-161.44201554991494,-160.0488820243025,-159.96541702088106
2022-07-28,-159.46215503128303,-154.95712728902913,-160.61511885892904
2022-07-29,-157.99670732292094,-158.59181135210707,-160.8346743297718
2022-08-01,-156.11028515995034,-157.9271330752597,-160.43920829548176
2022-08-02,-165.9670921475389,-165.41985789086633,-168.63314512788966
2022-08-03,-157.68317602472803,-158.05072338209288,-165.72099965484455
2022-08-04,-167.2512615357052,-167.51571907590903,-168.6065135310111
2022-08-05,-155.86519808297638,-159.7092397393111,-160.52283077864604
2022-08-08,-149.3290651969254,-151.94700027130534,-161.29880710528158
2022-08-09,-153.88512514712693,-151.85625758251416,-160.37580190788955
2022-08-10,-141.79582810198843,-144.65295574803343,-152.88543266180005
2022-08-11,-125.86849795411956,-135.35232367607827,-148.18371517621173
2022-08-12,-159.23303862387854,-161.03134468034912,-167.54033208333144
2022-08-15,-163.17936980103738,-165.06189549531572,-164.10251998734168
2022-08-16,-154.1781575068951,-153.6878834129023,-157.0897624270432
2022-08-17,-155.20762002859334,-152.56422805015285,-157.5329699025819
2022-08-18,-158.5578094690172,-160.11151030500665,-165.04852409045515
2022-08-19,-159.59365768828982,-161.17083618031344,-161.95287999137182
2022-08-22,-158.8993528316455,-158.33729052842529,-160.49965725403786
2022-08-23,-162.16259773953885,-161.18330904198544,-164.36464742389086
2022-08-24,-150.01153594616804,-152.62261590653483,-165.1459824654911
2022-08-25,-161.710341328055,-162.29320438557502,-164.3643537899777
2022-08-26,-140.61623959883644,-133.2703784786013,-138.11618355246253
2022-08-29,-148.45256151402776,-149.18193623187935,-156.98618829556176
2022-08-30,-167.7302306938156,-167.46061461742704,-164.37655328809538
2022-08-31,-155.7864760807396,-156.92159585971635,-157.0788770764663
2022-09-01,-157.38888031528109,-157.58205609938557,-160.0922007298741
2022-09-02,-154.61948669144058,-148.85374854976772,-156.7737375849622
2022-09-05,-148.7589130513636,-148.39949921439347,-154.25112367878177
2022-09-06,-162.7052988838069,-163.9013542243938,-170.04169307440472
2022-09-07,-157.8855934279554,-156.53146318239732,-156.20109425737303
2022-09-08,-162.665161530333,-163.6600948161086,-164.79976186485104
2022-09-09,-158.8251999499038,-161.84425963827385,-164.33432264809687
2022-09-12,-149.61246045279267,-152.2396948280052,-152.96563913532452
2022-09-13,-150.9668973942829,-153.35790928034368,-156.28735690554777
2022-09-14,-164.946526749525,-166.28360141398238,-172.82940824417446
2022-09-15,-160.49335374229568,-161.77768490837371,-154.7983534248846
2022-09-16,-156.1813334530087,-156.9447646289896,-163.70410988738536
2022-09-19,-163.88092484579585,-163.22301227465414,-167.63989667890482
2022-09-20,-141.22926164236583,-144.44333707939253,-151.0510824505239
2022-09-21,-157.90446695382568,-157.8657604453293,-158.75882944292934
2022-09-22,-168.98657981045076,-167.0650284578765,-173.52481506952688
2022-09-23,-170.49230147773227,-171.3683390786816,-172.4851541134539
2022-09-26,-151.8980547644627,-152.38541157594565,-163.51400941274537
2022-09-27,-164.55199088909856,-165.59281984969996,-168.23130750813482
2022-09-28,-147.86494257246116,-149.5903783609333,-157.67226803595798
2022-09-29,-166.80574224086817,-163.24256899746004,-166.05439811069238
2022-09-30,-162.67492911260814,-164.76036852464708,-163.5298894579244
2022-10-03,-145.1279583724904,-147.59796090305053,-150.27643287755953
2022-10-04,-142.60354491368776,-143.41468145533148,-149.69374192796874
2022-10-05,-160.31682979494477,-158.80816720447498,-161.05261271812208
2022-10-06,-161.42019846582895,-160.99504707285402,-164.47588105780073
2022-10-07,-138.0822334219406,-137.7907944474753,-147.27137023979313
2022-10-10,-159.79827395718604,-157.58058180257146,-163.01402276903724
2022-10-11,-170.3513680496815,-170.41418285786756,-172.3042990968498
2022-10-12,-140.21741425807824,-139.49210783816642,-153.2313763344597
2022-10-13,-173.84276334277368,-172.87093413080308,-173.52769651475305
2022-10-14,-148.82295995687,-151.88609803264296,-160.56498215941798
2022-10-17,-157.2205396110284,-150.28010840862785,-157.11165259784798
2022-10-18,-162.0934494814114,-162.74440444371677,-167.3976269297469
2022-10-19,-155.13146618355321,-157.28789252348497,-165.6703671991497
2022-10-20,-148.08368151233586,-147.02831688259008,-150.40261736218164
2022-10-21,-167.3914770943001,-165.08430862512125,-166.21477812505609
2022-10-24,-160.7673347609833,-157.49178639677177,-156.85589571519264
2022-10-25,-147.01993222959166,-152.79508600017112,-151.05262071811336
2022-10-26,-151.5080193916078,-155.13195962538782,-154.92005346163256
2022-10-27,-158.5907884304329,-155.09541172264747,-161.81847954551233
2022-10-28,-151.8981195434018,-156.57136700053047,-158.4328209732067
2022-10-31,-141.56506984155357,-145.39161838376992,-147.25852169805242
2022-11-01,-142.7993499159951,-150.8133273259809,-151.33290407353417
2022-11-02,-167.16355520231514,-164.29068904398218,-166.6687247849328
2022-11-03,-123.72401889220464,-139.72396034456244,-141.99390862434558
2022-11-04,-139.44901681301425,-145.79049450768574,-149.9761705500342
2022-11-07,-140.55410631253062,-141.93100148193116,-147.6038128045176
2022-11-08,-163.36667723135128,-165.6331756082189,-169.9532473145277
2022-11-09,-138.34341344886485,-150.02901194313182,-151.88415424213366
2022-11-10,-124.89454337064677,-145.88161720973625,-155.96896512040203
2022-11-11,-155.12900138903547,-153.32374845514923,-154.62329318377667
2022-11-14,-153.56554701078605,-154.3224951344895,-154.27285741212816
2022-11-15,-166.0260240053882,-164.9733133879385,-169.16060663110468
2022-11-16,-118.17278886652375,-141.13646504477327,-144.39951044408116
2022-11-17,-138.39570713720127,-142.84075012190465,-147.19706880669023
2022-11-18,-159.8862272830048,-158.28041154161068,-157.80846341274656
2022-11-21,-154.5969835988427,-153.76384900217204,-153.29873728019328
2022-11-22,-156.90689777467594,-155.52966274477828,-160.4576410469487
2022-11-23,-117.16745843312535,-155.3736666628876,-156.59308826645412
2022-11-24,-163.71754611406237,-159.32453891819264,-166.0955682468021
2022-11-25,-157.0349671127913,-158.77160882763286,-157.5495745950734
2022-11-28,-167.82966659578176,-163.40077003147033,-166.8565468910722
2022-11-29,-148.46055488871394,-156.3311178131479,-162.7319347378746
2022-11-30,-151.47502081906188,-158.5849226256067,-158.7820093000466
2022-12-01,-162.57461289011206,-158.51999855367515,-164.40004090305493
2022-12-02,-150.61856364942764,-152.96489175820625,-155.42108068982648
2022-12-05,-149.60419883295404,-148.02816671911182,-158.79119366094676
2022-12-06,-139.67759208216717,-154.57011081580623,-150.48607027865648
2022-12-07,-172.1028703173671,-168.76841121342977,-170.57019519031658
2022-12-08,-159.45797929588588,-157.28620734334953,-156.62973918789575
2022-12-09,-144.69258704617292,-144.93901635674283,-156.022897240332
2022-12-12,-152.5612532705392,-157.42495669872278,-162.1774988051551
2022-12-13,-164.5544019749045,-165.2732990838487,-165.2192970007077
2022-12-14,-157.03472685024286,-161.7979076300454,-166.00714002367658
2022-12-15,-154.68483648832074,-156.43132327542773,-158.7176464280671
2022-12-16,-157.67076017035683,-157.61866515158044,-162.9114804301782
2022-12-19,-144.69829682498604,-149.06795191650917,-152.5732660780137
2022-12-20,-158.503367436544,-158.97270475651922,-156.46165413004877
2022-12-21,-151.06641186147206,-150.61381765833025,-153.55702352393817
2022-12-22,-159.63904902205485,-158.74537127973255,-161.83369142228366
2022-12-23,-167.3028360101926,-168.68493889783537,-169.84136581106785
2022-12-26,-140.066926031798,-138.35210493719612,-149.8041761906396
2022-12-27,-156.59090572715758,-153.38445398773834,-159.09914421372414
2022-12-28,-154.0678127436734,-157.58490476639795,-156.59751941432393
2022-12-29,-151.2017131334364,-151.73814983296933,-160.002996257807
2022-12-30,-164.26651850297407,-163.41959824886717,-167.22517291400655
