Model,Covariance Type,Ann. Return,Ann. Std,Ann. Std (fcst),Real / Fcst Std,Ann. Sharpe,Ann. Sortino,Max Drawdown,Calmar Ratio,CVaR (95%),Skewness,Excess Kurtosis
ERC,GARCH,0.08482086285195178,0.18496429889394855,0.16200449947340287,1.1417232206215058,0.4585796467705631,0.638580327580301,-0.4992634254373979,0.16989200195796714,-0.028697444547998732,-0.37038490218850867,14.55048625755043
ERC,Historical,0.08542468566691697,0.18705607447423647,0.1741591245850581,1.0740526798116719,0.45667955936219884,0.6363833358580917,-0.5031443286286946,0.16978167258635207,-0.02900419302501583,-0.367894553773021,14.41909498681965
HRP,GARCH,0.0844239157287845,0.17321828817580295,0.15018246395415327,1.153385579215706,0.4873845401537559,0.6778136411186589,-0.4639984024246321,0.1819487207016787,-0.02677449566268798,-0.401236351160549,15.829336627999462
HRP,Historical,0.08568981068342918,0.17624588679845363,0.16378650347813495,1.0760708791978209,0.48619466950408863,0.6767645114472007,-0.4703499860402125,0.1821830832925828,-0.027240437445217782,-0.4102006184698707,15.618626348839483
MVP,GARCH,0.0691470076414269,0.15290551611313352,0.11962844318115011,1.2781702415168343,0.45222049144561666,0.6326706838884052,-0.3993348179929591,0.17315546885933214,-0.023149354158269228,-0.1332206951598108,20.36880428491755
MVP,Historical,0.061735304920790934,0.147709399225031,0.13292969895315787,1.1111843356922162,0.41795109346250187,0.5810683186311512,-0.3707118782478671,0.16653176912640816,-0.022176256369958774,-0.4422228446781632,22.613413556320232
Naive,N/A,0.08868079431920317,0.20005023058686983,0.18796316233087892,1.0643055166028415,0.4432926373493702,0.6185279227520905,-0.5312184639598252,0.16693846380669083,-0.031003257389634616,-0.34619689874626697,12.863259346731153
