Model,Covariance Type,Ann. Return,Ann. Std,Ann. Std (fcst),Real / Fcst Std,Ann. Sharpe,Ann. Sortino,Max Drawdown,Calmar Ratio,CVaR (95%),Skewness,Excess Kurtosis
ERC,GARCH,0.08411185417668943,0.1852679054359777,0.1599638556994379,1.1581860453781792,0.4540012150445325,0.6310086190334558,-0.49946563359325524,0.16840368689948093,-0.02875884963108408,-0.41339940058779506,14.999439194199693
ERC,Historical,0.0868972710513185,0.18708148570131086,0.17394732284149078,1.0755065536236426,0.46448888689101114,0.6474541738219419,-0.5034076174447941,0.17261810914263337,-0.029013155560624494,-0.370953685684988,14.481685616659371
HRP,GARCH,0.08132875393153904,0.17393816978328067,0.14854768181300698,1.170924834776186,0.46757278194240576,0.6476925754614667,-0.4637500355659746,0.17537196268304964,-0.026921244191427628,-0.46954376998082004,16.55032963969729
HRP,Historical,0.08627101541215487,0.17635239255536406,0.16373721089474216,1.0770452946626257,0.48919673933582136,0.68132332291429,-0.46984927211855865,0.18361423658944356,-0.027288932779091866,-0.3867723202298964,15.527205777686765
MVP,GARCH,0.06050514974283949,0.15507969498403032,0.11813673023539037,1.3127136215386204,0.3901552021305571,0.5345930860285711,-0.4145342594754785,0.14595934680862882,-0.023634901488111645,-0.5924314741036086,25.309484705040035
MVP,Historical,0.06006352239472901,0.14783177010983528,0.132824783653882,1.1129833306942087,0.4062964432483175,0.5630249170267501,-0.37285210102761634,0.1610920851168282,-0.022305406880988657,-0.4286552808478691,23.102666227208026
Naive,N/A,0.09074586341478952,0.19989905145653897,0.187794077535648,1.0644587629159559,0.45395844929518847,0.6337598299221282,-0.5312184639598254,0.1708258834573423,-0.030981830518399797,-0.3460512260944476,12.876880962792686
