Model,Covariance Type,Ann. Return,Ann. Std,Ann. Std (fcst),Real / Fcst Std,Ann. Sharpe,Ann. Sortino,Max Drawdown,Calmar Ratio,CVaR (95%),Skewness,Excess Kurtosis
ERC,GARCH,0.07691419063318405,0.1715916148805674,0.15050930371642127,1.1400731426136148,0.44823979707119427,0.6277088143523625,-0.5425885728279052,0.14175416601996743,-0.02608931220234343,-0.28049283426593663,12.944828315008447
ERC,Historical,0.07867467242572057,0.17266944554890237,0.15699274780608202,1.0998561905686515,0.4556374880084897,0.6389563267618718,-0.5450921966426371,0.1443327806017002,-0.026218789609397646,-0.27126443769421416,12.713428403751724
HRP,GARCH,0.07486446363676169,0.16025555118388482,0.13765261169716306,1.164202765265714,0.46715675733977324,0.6535132503242218,-0.5110046017860141,0.14650448034147368,-0.024400503727865085,-0.2726742004966129,14.397319518204245
HRP,Historical,0.0795734854740231,0.16128653186482672,0.14593707461979855,1.105178600331802,0.493367205271133,0.6921590313068198,-0.5101948393203866,0.1559668568580981,-0.02452487046397652,-0.2623447905613041,13.413713360572203
MVP,GARCH,0.05400364023897963,0.14137377182605626,0.1089737637041365,1.297319345690268,0.38199193203548915,0.531968228805218,-0.48944134636531467,0.1103373072994773,-0.021396750902842498,-0.1431299075998888,21.019484018889482
MVP,Historical,0.06678446937675675,0.13401494312164933,0.11806131893075154,1.135129984446941,0.4983359901599519,0.7004808844578679,-0.3933996704785905,0.1697623927735122,-0.02001037558525539,-0.16185748856062288,17.557205404828952
Naive,N/A,0.08003530500489209,0.1865508481748952,0.17158283512552028,1.0872349092403397,0.4290267548387524,0.6024366526903993,-0.572388125746951,0.13982698348336312,-0.028203568351480385,-0.2605637078128237,11.239968885540595
