Model,Covariance Type,Ann. Return,Ann. Std,Ann. Std (fcst),Real / Fcst Std,Ann. Sharpe,Ann. Sortino,Max Drawdown,Calmar Ratio,CVaR (95%),Skewness,Excess Kurtosis
ERC,GARCH,0.15717444715625817,0.16746345481433283,0.17039006243728658,0.9828240709517264,0.9385596835471828,1.4058569002792194,-0.19169429061988397,0.8199224225614723,-0.02389860120178778,0.5735449282165075,11.34516246915931
ERC,Historical,0.16045718834096978,0.1684929799479111,0.17266775107825916,0.975821940667682,0.9523078551437244,1.4262121960466356,-0.1960955725897633,0.8182601280685216,-0.02401861519482884,0.5265958596567639,10.681588649116945
MVP,GARCH,0.0770492987580167,0.14790413620225482,0.12348235714399244,1.1977754524865782,0.5209407981170581,0.7633932576885997,-0.16106050470290256,0.47838729240383504,-0.02135949381442815,0.9017972411721663,21.25754699011
MVP,Historical,0.08478122516738185,0.13531921257749288,0.1342937961291483,1.007635620392758,0.6265276271751169,0.9222977948125776,-0.1423747124479925,0.5954795181647953,-0.01906621958885505,0.4566827442737305,10.403811053469594
Naive,N/A,0.17322780488925882,0.18355636439454687,0.19035777041259555,0.9642704051255339,0.9437308559724618,1.4128772177653088,-0.20814426223010551,0.8322487635895233,-0.025946684362905658,0.48583061067495964,9.34668035842181
