Model,Covariance Type,Ann. Return,Ann. Std,Ann. Std (fcst),Real / Fcst Std,Ann. Sharpe,Ann. Sortino,Max Drawdown,Calmar Ratio,CVaR (95%),Skewness,Excess Kurtosis
ERC,GARCH,0.07289179138403346,0.1833164397498089,0.1561316977177962,1.1741141768736056,0.3976282295440414,0.5526330961174173,-0.5425887658804642,0.1343407677557629,-0.02844315507717288,-0.34985086907898244,13.386129416595645
ERC,Historical,0.07553597222427855,0.18466386856196218,0.16530870102611128,1.1170849895722892,0.40904575872097676,0.5701720043480598,-0.5450921966426376,0.13857467175190533,-0.028601361504170215,-0.3114866614588771,13.011483685414762
HRP,GARCH,0.06922325246800143,0.17229306602092573,0.14402318940313014,1.1962869780550853,0.40177619486784205,0.5560903730698373,-0.5110049043386873,0.135464947362073,-0.026679897743619185,-0.41021520089053953,15.310519178609782
HRP,Historical,0.07580808135457318,0.1736764984103441,0.15479749338497303,1.121959371644475,0.4364901529478215,0.6081964597247407,-0.5102787417978724,0.14856209977997023,-0.026836240859931134,-0.32190335275739695,14.070579461406956
MVP,GARCH,0.037461595096865974,0.15387908551922982,0.11345347510331147,1.356318838000392,0.24344825660004657,0.3332625189366658,-0.4894413728741427,0.07653949415203816,-0.02345707046915244,-0.4371650189067985,23.93523968384313
MVP,Historical,0.05586104802071534,0.14390897588723475,0.12538037812717062,1.1477790866228763,0.38816931102676566,0.5384254648071762,-0.3933996693398515,0.14199566592024232,-0.021710468498333236,-0.35451156734823797,19.517934171144283
Naive,N/A,0.07881089468510671,0.1986178561418179,0.18002727860049134,1.1032653367081218,0.3967966235061658,0.5538995719755595,-0.5723881257469513,0.1376878574870165,-0.030712141468396383,-0.29518789958861896,11.591388790857529
