Date,Historical,GARCH,DCC
2004-11-02,3.0175790533855946e-08,2.9699110600929876e-08,2.969884732871408e-08
2004-11-03,3.0714109583405865e-08,3.146508048244113e-08,3.1465502532558815e-08
2004-11-04,2.8047725999584566e-08,2.670620146952156e-08,2.6705653824913423e-08
2004-11-05,2.8079859171488036e-08,2.6524504382788954e-08,2.6524910641202557e-08
2004-11-08,2.4746496209194286e-08,2.216393431564303e-08,2.2164662428517345e-08
2004-11-09,3.752828101245755e-08,3.938105969789412e-08,3.938249122982328e-08
2004-11-10,2.0115342539359517e-08,2.1543093729374376e-08,2.154207805998763e-08
2004-11-11,3.915444365241093e-07,3.8070386688169365e-07,3.8070822407651983e-07
2004-11-12,1.754475640072221e-08,2.2056327544209405e-08,2.2063272374873146e-08
2004-11-15,6.279934383038288e-08,6.36140993603028e-08,6.361384084714143e-08
2004-11-16,7.522205475500161e-08,7.470839245386961e-08,7.471128888555865e-08
2004-11-17,1.804378069731251e-08,2.103469410408198e-08,2.1036004603264093e-08
2004-11-18,2.6526361101870715e-08,2.600354570015789e-08,2.6003105587708075e-08
2004-11-19,3.4333756927555674e-08,3.258588313964254e-08,3.2585259211962825e-08
2004-11-22,3.668074736559866e-08,3.7236553449287945e-08,3.723678562632686e-08
2004-11-23,2.413754075110041e-08,2.514850068188667e-08,2.5149235451264424e-08
2004-11-24,3.210407921937223e-08,3.216065467587979e-08,3.215992542992824e-08
2004-11-25,2.8680556576661464e-08,2.7268914826378992e-08,2.7269170203147166e-08
2004-11-26,5.212539376376308e-08,5.1271179649198434e-08,5.12720901428733e-08
2004-11-29,2.3243815733330414e-08,2.2252910680051392e-08,2.2254418785533064e-08
2004-11-30,8.007043934501546e-08,8.132166002934171e-08,8.132114033231822e-08
2004-12-01,2.0895345247703165e-08,2.100076599258436e-08,2.099934895374694e-08
2004-12-02,1.502294337182337e-08,1.466861769062496e-08,1.466840830781955e-08
2004-12-03,5.4052526290422414e-08,5.5684773259642256e-08,5.5684753267031335e-08
2004-12-06,4.7624223234643424e-08,4.7168727629464765e-08,4.71688669625939e-08
2004-12-07,1.7201554600299242e-08,1.6398677067075602e-08,1.6399114745941544e-08
2004-12-08,2.0726903843574128e-07,2.019137058017863e-07,2.0191345713784242e-07
2004-12-09,1.5983357487800798e-08,1.6193459277192646e-08,1.619348271371163e-08
2004-12-10,1.9908771999055303e-08,2.0164544988691617e-08,2.0164640361042013e-08
2004-12-13,6.199896706831576e-08,5.955728571516374e-08,5.9557504940818054e-08
2004-12-14,5.566271325989445e-08,5.4604796579696994e-08,5.460181470545721e-08
2004-12-15,1.4538757061750529e-08,1.589744270410618e-08,1.5897837011607126e-08
2004-12-16,2.36406271588471e-07,2.335619979496829e-07,2.3356408904709187e-07
2004-12-17,2.101071341115741e-08,2.410297876644973e-08,2.410718729790059e-08
2004-12-20,2.5343613914932105e-08,2.5687938807742684e-08,2.5687356049173725e-08
2004-12-21,4.629212686468628e-08,4.6497361956059027e-08,4.649807028989926e-08
2004-12-22,3.616327231840616e-08,3.6053193958830765e-08,3.605406339529412e-08
2004-12-23,4.1836568798341984e-07,4.107401597715815e-07,4.1074472864849995e-07
2004-12-24,5.461264623171578e-08,5.8096817040600505e-08,5.8102184231938445e-08
2004-12-27,7.621919483682671e-08,7.804538462308842e-08,7.804372741934698e-08
2004-12-28,9.427804772963542e-08,9.116304889430632e-08,9.116400788377375e-08
2004-12-29,1.6387908528342527e-07,1.508994397587678e-07,1.509045384632097e-07
2004-12-30,9.931987863145092e-07,9.45253270438425e-07,9.4523350288952e-07
2004-12-31,5.967798832656087e-07,5.166030667446513e-07,5.165459876823898e-07
2005-01-03,1.1644926817227658e-07,1.32387381599559e-07,1.323990257938332e-07
2005-01-04,4.033798754645383e-07,3.6339434278826077e-07,3.634022472028351e-07
2005-01-05,1.0345495196038647e-07,1.1455537761555001e-07,1.1456545243408458e-07
2005-01-06,5.6002534760720004e-08,4.6765038953210884e-08,4.676526585486998e-08
2005-01-07,2.277133288380792e-07,2.1522183875157754e-07,2.1522342312738493e-07
2005-01-10,1.8050402176714634e-07,1.379565236041019e-07,1.3795780766740742e-07
2005-01-11,3.503118563972465e-07,2.8213350699828504e-07,2.821344493767985e-07
2005-01-12,1.895444529428391e-07,1.5581618955753164e-07,1.5581791190184746e-07
2005-01-13,3.8007220043278516e-07,3.272590591396114e-07,3.272619095605301e-07
2005-01-14,1.8922254395490461e-07,1.6892586126891214e-07,1.689143262305743e-07
2005-01-17,8.612896953822352e-08,1.1131845250599769e-07,1.1132166954657285e-07
2005-01-18,1.652549007987068e-07,1.9112880289496137e-07,1.9112818765762895e-07
2005-01-19,1.4979139543728335e-07,1.472919148538254e-07,1.4728907457304457e-07
2005-01-20,5.863018112881825e-08,8.289601079206685e-08,8.289281849923651e-08
2005-01-21,1.236037741984016e-07,1.311905897055124e-07,1.3118832888414103e-07
2005-01-24,6.849375749954761e-07,6.294831784790693e-07,6.294803462583793e-07
2005-01-25,1.8428042904856103e-07,1.8605795005742573e-07,1.8605318152173196e-07
2005-01-26,6.699055133469046e-08,7.837922547859647e-08,7.838037737562336e-08
2005-01-27,1.0946541153187284e-07,1.2987063682112657e-07,1.298683794636425e-07
2005-01-28,9.339218185061003e-07,7.996653336404165e-07,7.996866695646389e-07
2005-01-31,1.5010896446006813e-07,1.536886602794431e-07,1.5370582459058902e-07
2005-02-01,1.2557621839108817e-07,1.1727910024821473e-07,1.1728192452199632e-07
2005-02-02,2.867072323074585e-07,2.606762888585073e-07,2.606814864388466e-07
2005-02-03,8.935477674198284e-07,8.002789115231281e-07,8.002844309135242e-07
2005-02-04,3.3477311649824876e-07,2.9336930144941254e-07,2.9337578560825034e-07
2005-02-07,5.320496778828653e-08,9.698567888584154e-08,9.699188688816576e-08
2005-02-08,2.669162520927626e-07,2.2371445662931067e-07,2.2371421105396279e-07
2005-02-09,2.7331218636105434e-06,2.416763634803974e-06,2.4167089769525674e-06
2005-02-10,9.867725215974219e-08,1.1750495532367249e-07,1.1751614802751361e-07
2005-02-11,5.669547290081821e-08,1.0821853958436653e-07,1.0821877476324307e-07
2005-02-14,8.1581332661845e-08,1.1569753319751926e-07,1.1569347934533695e-07
2005-02-15,5.3423618119144825e-08,8.890308424248637e-08,8.889932112517773e-08
2005-02-16,5.01363233557879e-07,4.861266164703428e-07,4.86123709323242e-07
2005-02-17,1.3811642307037588e-07,1.4002549190567422e-07,1.4002911550652166e-07
2005-02-18,1.3818488744390898e-07,1.5333780136737482e-07,1.5333797711457967e-07
2005-02-21,1.0693264842635569e-06,8.955572949204316e-07,8.95574069739502e-07
2005-02-22,7.432996645590749e-08,1.0277981352088076e-07,1.0279734573277698e-07
2005-02-23,5.72072445136939e-06,5.141518900469487e-06,5.141542499883299e-06
2005-02-24,9.991957066254269e-07,7.058129633350113e-07,7.056667176674877e-07
2005-02-25,2.65796698588198e-07,2.9157005669294283e-07,2.91590570556703e-07
2005-02-28,4.778227246639202e-06,3.9483089304786845e-06,3.948319570634581e-06
2005-03-01,2.3304465560966422e-07,1.4992619836138128e-07,1.4992327432046126e-07
2005-03-02,3.363399423073332e-07,4.344837913252881e-07,4.3449311506425893e-07
2005-03-03,5.444933185901951e-07,2.969053922665933e-07,2.969246095732599e-07
2005-03-04,9.38805535889515e-07,8.261513034234765e-07,8.261646426399752e-07
2005-03-07,1.6500058521773926e-07,2.4211683943903806e-07,2.4210812152536006e-07
2005-03-08,4.527468866591614e-07,5.337698611894374e-07,5.337675781192069e-07
2005-03-09,3.171222385424328e-08,1.3776156110171707e-07,1.377432271469154e-07
2005-03-10,4.2195452801089735e-08,1.4270202928949733e-07,1.4270057469331986e-07
2005-03-11,2.4261424828253173e-07,1.1483598239026421e-07,1.148386465409655e-07
2005-03-14,2.346145701901236e-08,7.366514670062589e-08,7.36692627213355e-08
2005-03-15,2.1278681001193118e-07,2.158781824344012e-07,2.1587911306595023e-07
2005-03-16,5.530575259535171e-08,1.0349978493045934e-07,1.0350000836198928e-07
2005-03-17,6.397956527312312e-08,8.705708082915323e-08,8.705551938010736e-08
2005-03-18,2.4809807502263215e-07,2.0877633047557527e-07,2.0878339594754455e-07
2005-03-21,5.215013854261899e-07,3.873884875117216e-07,3.8738497622008676e-07
2005-03-22,4.6534523581410395e-07,3.433248135350811e-07,3.4330816628839596e-07
2005-03-23,8.117208255732415e-08,9.481834337261848e-08,9.482033294009659e-08
2005-03-24,3.768193112357989e-08,6.677349412314749e-08,6.677427668300264e-08
2005-03-25,4.439666594364024e-06,3.869576376285417e-06,3.869589269180569e-06
2005-03-28,1.1557545440183193e-06,9.397508284606197e-07,9.396564918682609e-07
2005-03-29,3.3353915513016214e-07,3.8535659779167426e-07,3.8537563826912876e-07
2005-03-30,4.1379048683067166e-08,1.4911016010555993e-07,1.4909344050979345e-07
2005-03-31,9.92472016953865e-07,6.555348539864093e-07,6.555426627731194e-07
2005-04-01,4.544528819611181e-08,1.1927980993733157e-07,1.1929120797443537e-07
2005-04-04,3.05221073090851e-07,2.4883180525253194e-07,2.488349930733704e-07
2005-04-05,5.086575695987625e-07,3.3576093780577894e-07,3.357629298384747e-07
2005-04-06,7.494843121056633e-07,5.069681252769351e-07,5.069674069759863e-07
2005-04-07,6.996805188146494e-08,1.7843417287808256e-07,1.784399287395875e-07
2005-04-08,1.965300886325961e-06,1.4686481352249862e-06,1.4686545565037137e-06
2005-04-11,2.696018619478737e-07,1.9120702911049044e-07,1.912136501156696e-07
2005-04-12,4.8740796048052934e-08,1.6807533295699068e-07,1.680781593833119e-07
2005-04-13,7.162364132773563e-08,1.7785974985734578e-07,1.778565088468453e-07
2005-04-14,4.314740126472241e-08,1.3183550016145271e-07,1.3183254868779813e-07
2005-04-15,8.216447047027877e-08,1.5011000968113434e-07,1.5010748525809977e-07
2005-04-18,2.049646909891463e-07,1.9227469642942233e-07,1.922750285055827e-07
2005-04-19,2.2316614557727423e-07,2.383925166230293e-07,2.3839017653754414e-07
2005-04-20,3.4144305235259364e-07,2.596324558106948e-07,2.59638740393052e-07
2005-04-21,2.6153593986772526e-07,1.8772942844272315e-07,1.8773024532160588e-07
2005-04-22,1.5264771616018315e-07,1.4673741744849032e-07,1.467424275595639e-07
2005-04-25,2.173352532553158e-07,2.066960783066498e-07,2.0669743250209195e-07
2005-04-26,4.6910738305019743e-07,3.211850402055881e-07,3.21191826424587e-07
2005-04-27,8.990227426653657e-08,1.4146540588463239e-07,1.4147497980075045e-07
2005-04-28,1.2650896538976323e-07,1.1398187795808153e-07,1.1398081279186961e-07
2005-04-29,4.2794730456421864e-08,8.628218351988012e-08,8.628263599176419e-08
2005-05-02,2.1865526939554e-07,1.9505495732360907e-07,1.9505861270093998e-07
2005-05-03,5.802047963070729e-08,9.18529165516784e-08,9.185733479186956e-08
2005-05-04,6.421484931668659e-08,9.248844020918624e-08,9.248371385564219e-08
2005-05-05,4.427587092527738e-08,6.927695931696577e-08,6.927476724140081e-08
2005-05-06,4.1268984627378455e-07,3.398820402408612e-07,3.39886617301482e-07
2005-05-09,1.5172577499304427e-07,1.1226701384192341e-07,1.122688492913404e-07
2005-05-10,3.931007611255812e-08,7.436056942313732e-08,7.436254233694073e-08
2005-05-11,7.106414351193625e-08,5.2185242607864186e-08,5.218745723325168e-08
2005-05-12,5.122116991932681e-08,7.446490955841956e-08,7.44695472757528e-08
2005-05-13,7.258557106364271e-07,5.946634223290193e-07,5.946748532016873e-07
2005-05-16,6.334502297871222e-08,8.427094764576482e-08,8.428880178842624e-08
2005-05-17,3.4285847568550775e-07,3.694917279738353e-07,3.6949030936725985e-07
2005-05-18,6.346565971074515e-08,8.617898725197044e-08,8.617860812124967e-08
2005-05-19,1.001235299371333e-07,1.1015760358875417e-07,1.1015523563769924e-07
2005-05-20,2.5341064358356713e-08,4.44584568681541e-08,4.445671765340517e-08
2005-05-23,6.702248382390845e-07,5.912487598203601e-07,5.912535362737744e-07
2005-05-24,6.341080822541114e-08,4.462527519923027e-08,4.4621748491649825e-08
2005-05-25,2.3045396747020134e-08,3.3362747377642983e-08,3.336320099667018e-08
2005-05-26,9.919694141739243e-08,1.1112293423692468e-07,1.1112276271213245e-07
2005-05-27,1.7142993746910932e-07,1.822632321059532e-07,1.8226353672732544e-07
2005-05-30,2.1339607829757527e-08,3.8410851790864956e-08,3.8405224153041414e-08
2005-05-31,4.182992867433408e-08,4.742553775703415e-08,4.742455936175844e-08
2005-06-01,8.090407775068742e-08,8.865491740440012e-08,8.865476767861635e-08
2005-06-02,2.3666350787292332e-07,2.2686506489402433e-07,2.268634895652775e-07
2005-06-03,1.505246596450819e-07,1.4402549439065108e-07,1.440253269332e-07
2005-06-06,2.9841358243430086e-08,4.184495921885401e-08,4.184668813273186e-08
2005-06-07,4.53662392455555e-07,4.08569129276379e-07,4.08570778902827e-07
2005-06-08,5.213483424653623e-08,5.751859912666334e-08,5.7519637419646944e-08
2005-06-09,9.567214440507637e-08,1.0263066432609671e-07,1.0263079653142977e-07
2005-06-10,3.412696079684784e-08,4.720426794297223e-08,4.720094976417942e-08
2005-06-13,9.79144700076595e-08,1.0591117999276826e-07,1.0590848600603694e-07
2005-06-14,9.799031741177732e-08,1.0001215960680558e-07,1.0000803592997008e-07
2005-06-15,2.980527176768429e-08,3.6926335207059924e-08,3.6922144168724765e-08
2005-06-16,1.0169258291172641e-07,9.425362719849182e-08,9.425391626982545e-08
2005-06-17,5.046229811233945e-07,4.5676270123570447e-07,4.5675630068752467e-07
2005-06-20,8.062539865661392e-08,8.385208056940676e-08,8.38558533815736e-08
2005-06-21,2.0759286772754353e-06,1.948829211575698e-06,1.948827515623245e-06
2005-06-22,6.058219491961206e-07,5.62357467382926e-07,5.623437185454218e-07
2005-06-23,1.9205835445993937e-07,2.0678860874631797e-07,2.067994906022934e-07
2005-06-24,1.4386462994828012e-07,1.3519828363876164e-07,1.3519163295198287e-07
2005-06-27,3.121286410083022e-07,2.448669415908725e-07,2.44873397767272e-07
2005-06-28,1.3079220367323202e-07,1.2704682777818991e-07,1.270524798561971e-07
2005-06-29,3.8289408851266376e-08,7.732686125006575e-08,7.732687903732267e-08
2005-06-30,2.2897149658428837e-07,2.2588424623939942e-07,2.2588298933789994e-07
2005-07-01,2.507654944001585e-07,2.2067006613606645e-07,2.2067040037678431e-07
2005-07-04,1.2222926336726796e-07,1.4053684636340613e-07,1.4053825565171198e-07
2005-07-05,3.8579519815845e-07,3.825274924741679e-07,3.825243393971902e-07
2005-07-06,9.139737441808706e-08,1.1886796610960954e-07,1.1885402368661653e-07
2005-07-07,9.324462639200025e-07,7.963345770160063e-07,7.963425015197312e-07
2005-07-08,2.2887967835658315e-07,1.7305776661981094e-07,1.7303847951163996e-07
2005-07-11,2.3963375934719183e-07,2.0915647899360584e-07,2.0915505383289814e-07
2005-07-12,1.7692045527171338e-06,1.4754553715494329e-06,1.4754463277179455e-06
2005-07-13,1.095941411890973e-06,9.673923769640712e-07,9.673247005423684e-07
2005-07-14,5.480953717700897e-08,1.2721813534329333e-07,1.27231307504987e-07
2005-07-15,4.8580545508991515e-08,1.1186543865164273e-07,1.1186391322836588e-07
2005-07-18,7.935509011298901e-08,1.309347964393852e-07,1.309322701074658e-07
2005-07-19,1.6728470923092755e-07,1.8111544008731012e-07,1.811208053750354e-07
2005-07-20,4.9249256040785174e-08,4.085948492236637e-08,4.085697076919467e-08
2005-07-21,4.4762202323038715e-07,3.604205004821401e-07,3.6041485528464184e-07
2005-07-22,4.4195036541451774e-08,8.464319342054325e-08,8.46529052386357e-08
2005-07-25,5.487290286084935e-08,7.848280481319368e-08,7.848185525114121e-08
2005-07-26,4.7294808796770203e-08,7.595279544574608e-08,7.595109551635149e-08
2005-07-27,7.029434760970039e-08,9.14287792146393e-08,9.142541163479056e-08
2005-07-28,2.0378927363825853e-08,3.886469264982961e-08,3.886101597964301e-08
2005-07-29,6.424861277872582e-08,7.601575884953578e-08,7.601532455340209e-08
2005-08-01,1.9346010988244063e-07,1.644035749829413e-07,1.6440798431151542e-07
2005-08-02,2.0690060585391756e-07,1.8022988360913995e-07,1.8023028331924623e-07
2005-08-03,4.34137787349652e-08,4.820029851331738e-08,4.8199538595705215e-08
2005-08-04,2.2530323790772215e-07,1.8417643980450242e-07,1.841755647422627e-07
2005-08-05,6.32062658587061e-08,8.535258614523804e-08,8.535642457702602e-08
2005-08-08,5.232153138382228e-08,6.914672931250349e-08,6.914176171406387e-08
2005-08-09,1.5913444624182074e-08,2.7069649758614663e-08,2.706953205635404e-08
2005-08-10,6.40685355765377e-08,7.702047736508248e-08,7.702035387305213e-08
2005-08-11,1.0486769146389677e-07,1.0437448438423463e-07,1.0437386656534327e-07
2005-08-12,2.235153208749882e-07,1.9278775833518996e-07,1.927859123484225e-07
2005-08-15,9.106212411095347e-08,8.415729831002437e-08,8.415669794889864e-08
2005-08-16,1.3807338567161003e-07,1.358015611015078e-07,1.3580471381798285e-07
2005-08-17,6.018364707691814e-08,6.866508884359087e-08,6.866815693899256e-08
2005-08-18,3.427468574658193e-07,3.2500716607663103e-07,3.250107237061941e-07
2005-08-19,4.7416239611627276e-07,4.217204738287879e-07,4.2171315747314064e-07
2005-08-22,7.431781879803766e-08,9.133688732957593e-08,9.134212612452653e-08
2005-08-23,9.894818426799353e-08,1.127785292275401e-07,1.1276927572776851e-07
2005-08-24,1.9167463132080184e-08,2.6288462876441506e-08,2.6287028472492423e-08
2005-08-25,5.064774006283353e-08,5.696685420439795e-08,5.696713311763965e-08
2005-08-26,4.160650302228179e-08,4.733970873560725e-08,4.7341021682114756e-08
2005-08-29,6.537780099584907e-08,6.775881918218935e-08,6.775653594544433e-08
2005-08-30,1.5548079624728888e-07,1.5815901685161101e-07,1.5815999503971112e-07
2005-08-31,2.0514002568513693e-08,3.1170594613563024e-08,3.117102925447174e-08
2005-09-01,4.849993704846137e-08,4.4367398044348306e-08,4.436725637139522e-08
2005-09-02,8.601447014479029e-08,9.260971569722669e-08,9.260970896923291e-08
2005-09-05,3.7314029290750616e-08,4.3155784102813154e-08,4.315449351007285e-08
2005-09-06,4.985833181306852e-07,4.805567840491435e-07,4.805649720434569e-07
2005-09-07,4.475936778727699e-08,4.344053840955236e-08,4.344329173649928e-08
2005-09-08,9.099594406496615e-08,8.9097083368548e-08,8.90974942473735e-08
2005-09-09,8.706291345474627e-08,9.106119031545087e-08,9.106256103480932e-08
2005-09-12,9.381775874206493e-08,1.0073989705780339e-07,1.0073889156142985e-07
2005-09-13,1.0955161241742892e-07,1.081234461415155e-07,1.0812550465760729e-07
2005-09-14,2.3059867598822892e-08,2.919192264620365e-08,2.9192187201220268e-08
2005-09-15,8.942628960210855e-08,9.016659111064507e-08,9.016717805524725e-08
2005-09-16,1.9769047564583457e-08,2.3365694357712582e-08,2.336480970526776e-08
2005-09-19,3.434069059801035e-08,3.572992876815989e-08,3.572950113990599e-08
2005-09-20,1.542764076151242e-08,1.6077982787456942e-08,1.60771121650734e-08
2005-09-21,3.3824577787496266e-08,3.249409156648568e-08,3.2493852058949806e-08
2005-09-22,2.985759821519559e-08,2.7813528595414424e-08,2.7812697404652698e-08
2005-09-23,2.131017300782733e-08,1.839660220073641e-08,1.839578301636804e-08
2005-09-26,3.34624446731489e-08,2.9448003673633717e-08,2.9447592548593788e-08
2005-09-27,3.384428882008517e-08,2.9506383636030657e-08,2.9505940234730644e-08
2005-09-28,2.6425934254504717e-08,2.0948858936218355e-08,2.0947950433518216e-08
2005-09-29,2.49449968076583e-07,2.6460204429209664e-07,2.6460467809463894e-07
2005-09-30,9.376093718589977e-08,9.660667527834336e-08,9.660201875275837e-08
2005-10-03,2.0108978289067302e-08,1.873751526975948e-08,1.873830243172131e-08
2005-10-04,1.2384288010183599e-07,1.2738620389586386e-07,1.273846155681445e-07
2005-10-05,3.778844945025329e-08,3.947530157386211e-08,3.9472028924154066e-08
2005-10-06,3.905723202158249e-08,3.888724887296282e-08,3.8889286859406104e-08
2005-10-07,4.287323180887491e-08,4.221330254266167e-08,4.2212428909614215e-08
2005-10-10,2.7229640295930012e-08,2.575756145395381e-08,2.575654460822112e-08
2005-10-11,5.694496412564242e-08,5.559211197031302e-08,5.559135503892068e-08
2005-10-12,2.0506408755790548e-08,1.73379799874859e-08,1.733679577870044e-08
2005-10-13,4.7852579700474456e-08,5.217506603328575e-08,5.2175449493073724e-08
2005-10-14,1.906542261230229e-08,1.52871623972986e-08,1.5287835030636832e-08
2005-10-17,2.0198722675196014e-08,1.6287977896129193e-08,1.62878950680743e-08
2005-10-18,3.090462658420901e-08,2.622244010067598e-08,2.6222086066200637e-08
2005-10-19,3.2838739279046395e-08,3.4544077830651035e-08,3.454506833246528e-08
2005-10-20,9.278127034899781e-08,9.617354210965303e-08,9.617261659518933e-08
2005-10-21,1.6512109046055108e-08,1.1967796886577563e-08,1.1968762568866594e-08
2005-10-24,4.380575291011852e-08,3.9045214582867424e-08,3.9044996007958174e-08
2005-10-25,5.079982894808594e-08,5.337931707908421e-08,5.338031246271958e-08
2005-10-26,2.864235983074608e-08,2.4287318993904523e-08,2.4288410994893127e-08
2005-10-27,2.102091206089617e-08,1.5842471495258052e-08,1.5842302310333206e-08
2005-10-28,5.818421764690506e-08,6.016636668238741e-08,6.016748523569826e-08
2005-10-31,4.816670529757953e-08,4.3429564208279796e-08,4.343146495012056e-08
2005-11-01,6.668846601115763e-08,6.223541693676386e-08,6.223483165264025e-08
2005-11-02,1.7013956026131627e-08,1.3938853262561466e-08,1.3937862675704036e-08
2005-11-03,1.9983417627681482e-08,1.3779297712964965e-08,1.3779076809359225e-08
2005-11-04,1.7773319422976572e-08,1.5221825929706542e-08,1.5221589835217586e-08
2005-11-07,4.434375969559101e-08,4.2898518129503785e-08,4.2898347687371365e-08
2005-11-08,1.8735905243568833e-08,1.3719575446656664e-08,1.371942265020216e-08
2005-11-09,2.848640670576245e-08,2.16797559015452e-08,2.1679100861324935e-08
2005-11-10,2.851972875113538e-08,2.246195749111945e-08,2.2461374813196544e-08
2005-11-11,4.867637321966704e-08,4.2149009527414364e-08,4.2147009897300415e-08
2005-11-14,6.834713668591456e-08,6.401723045489649e-08,6.402006880100988e-08
2005-11-15,1.9902967883744853e-08,1.277644475920023e-08,1.277696376250123e-08
2005-11-16,1.8037547534313476e-08,1.1172244128756386e-08,1.1171400585346679e-08
2005-11-17,3.2520299413130065e-08,2.334516987229456e-08,2.3344934186652737e-08
2005-11-18,2.483445260294405e-08,1.745593750563645e-08,1.745547438936942e-08
2005-11-21,1.81906637185689e-08,1.0336206078738696e-08,1.0335795416588813e-08
2005-11-22,1.9632985938412923e-08,1.3852622240298513e-08,1.3852639061535115e-08
2005-11-23,1.6169881120590804e-08,8.019867907041932e-09,8.019825201118946e-09
2005-11-24,5.024948698679504e-08,4.4966464501655597e-08,4.496666679401793e-08
2005-11-25,2.4667244660916962e-08,1.8284348402025972e-08,1.828365600818893e-08
2005-11-28,1.791205410897325e-08,9.572950682923707e-09,9.572297464968297e-09
2005-11-29,2.5714339453112844e-08,1.806018104045025e-08,1.8059986689146747e-08
2005-11-30,1.728249517480884e-08,8.822153938179708e-09,8.821779953284823e-09
2005-12-01,3.840339748522128e-08,2.992708158367689e-08,2.9926875553309374e-08
2005-12-02,3.142083281923915e-08,2.131594090814695e-08,2.131557520772877e-08
2005-12-05,2.288783971856077e-08,1.5682674511564636e-08,1.5682700303144386e-08
2005-12-06,1.752820711203856e-08,8.893757572668646e-09,8.893472845779547e-09
2005-12-07,2.389930580793249e-08,1.743303821235123e-08,1.743297342923492e-08
2005-12-08,2.9290976593092873e-08,2.204481638065052e-08,2.204468629289493e-08
2005-12-09,3.295651456505892e-08,3.437988565467219e-08,3.4380467531104025e-08
2005-12-12,4.962004354532874e-08,5.135089859552861e-08,5.1348887791768335e-08
2005-12-13,2.2189799541884197e-08,2.6128311827219312e-08,2.6127550136381042e-08
2005-12-14,1.6276540799278328e-08,9.224681263417869e-09,9.2254747863723e-09
2005-12-15,1.720560111311095e-08,9.456126399892383e-09,9.455824612740005e-09
2005-12-16,1.790471949023946e-08,1.5382932716226798e-08,1.538299991526437e-08
2005-12-19,3.569000269264287e-08,2.5846396710207863e-08,2.5846535472563976e-08
2005-12-20,4.1091528026772875e-08,4.023167246460616e-08,4.0231418857276645e-08
2005-12-21,4.9210097991809205e-08,5.1204384373125686e-08,5.1204275266393845e-08
2005-12-22,2.1330737778764093e-08,1.3819215480728636e-08,1.381906231423346e-08
2005-12-23,2.0862546731494825e-08,1.2968267016613621e-08,1.2967731421300276e-08
2005-12-26,2.6232348844261225e-08,1.8321739869894647e-08,1.8321216895861526e-08
2005-12-27,3.273487549240523e-08,2.975499792954579e-08,2.9755439883103453e-08
2005-12-28,1.7002808499317173e-07,1.9099729558476392e-07,1.9099741834761447e-07
2005-12-29,1.7822986854271184e-08,1.6912023672965986e-08,1.6909945093759754e-08
2005-12-30,1.6947175261877165e-08,1.1305381489146858e-08,1.1305877779565409e-08
2006-01-02,2.1382511870878374e-08,1.578837752555422e-08,1.578834596095559e-08
2006-01-03,5.699786260134438e-08,5.6646171049186576e-08,5.664483311811255e-08
2006-01-04,4.271722112107179e-08,4.965753253256475e-08,4.965729246180616e-08
2006-01-05,5.70876761022727e-08,5.936663160855181e-08,5.936543793397042e-08
2006-01-06,2.4694113521774743e-08,2.1480085525184874e-08,2.148131041216134e-08
2006-01-09,4.2909303725369024e-08,4.009001833416012e-08,4.009003883290967e-08
2006-01-10,1.6899977711923352e-08,1.1080217313295015e-08,1.1079332259061187e-08
2006-01-11,4.0035572469919133e-08,3.487789987724927e-08,3.487714998401181e-08
2006-01-12,1.3947481326118792e-08,9.04621715575281e-09,9.04591624583944e-09
2006-01-13,1.7972458394380788e-08,1.3135095309642178e-08,1.3135331053093611e-08
2006-01-16,1.9579071796316025e-08,1.2362401398518237e-08,1.2362018678519515e-08
2006-01-17,2.7505736503300714e-08,2.043187349219549e-08,2.0431490096386354e-08
2006-01-18,2.8050632577265768e-08,2.4728837476098416e-08,2.4729029355854375e-08
2006-01-19,2.527096917289067e-08,1.869188552121418e-08,1.869123200664755e-08
2006-01-20,1.735554386846469e-08,9.936603212425518e-09,9.93548423977591e-09
2006-01-23,1.5175617575629178e-08,7.459079389786008e-09,7.458925771388615e-09
2006-01-24,1.6758838646689617e-08,9.674485334528084e-09,9.674354644150989e-09
2006-01-25,3.781569353502902e-08,2.9001190905155108e-08,2.9000910709590616e-08
2006-01-26,2.0696179104039548e-08,1.9942058474880452e-08,1.9942047344011327e-08
2006-01-27,1.924457668962089e-08,1.098062739932279e-08,1.0981109052717136e-08
2006-01-30,2.678635906703088e-08,2.249856198953711e-08,2.2498525500997988e-08
2006-01-31,2.2054667312977636e-08,1.4029146955697416e-08,1.402902994432753e-08
2006-02-01,2.84035954567405e-08,2.178336043041424e-08,2.1782949005404475e-08
2006-02-02,2.164173481432967e-08,1.2923453996734741e-08,1.29232479653052e-08
2006-02-03,2.3917130601716638e-08,1.5417314429653392e-08,1.5417052501057604e-08
2006-02-06,2.382478806898263e-08,1.4644853124659416e-08,1.4644211618470126e-08
2006-02-07,2.0796015023875723e-08,1.9763385924017982e-08,1.9763945356441992e-08
2006-02-08,2.210969983672663e-08,1.502092114296749e-08,1.5021455334189698e-08
2006-02-09,1.8976409034656014e-08,1.6765424264569905e-08,1.6765559753057875e-08
2006-02-10,2.029652233793713e-08,1.2596992671032553e-08,1.259783294830837e-08
2006-02-13,1.6978360681451698e-08,1.2758962965166594e-08,1.2758654694918516e-08
2006-02-14,2.0087707088320893e-08,1.359540019823402e-08,1.3595357851424707e-08
2006-02-15,1.556163967580524e-08,1.1761423490615316e-08,1.1761832385521114e-08
2006-02-16,1.6119913563015088e-08,7.124839389930401e-09,7.1252044888513515e-09
2006-02-17,2.149408061121324e-08,1.3595537880755795e-08,1.3595346899480215e-08
2006-02-20,2.729183315746086e-08,2.3342213482106345e-08,2.3342084010646286e-08
2006-02-21,2.5346824957559585e-08,1.883411929734816e-08,1.883312207701825e-08
2006-02-22,1.4925379012315003e-08,1.0215509936547018e-08,1.0215391493671082e-08
2006-02-23,2.6821534364699803e-08,3.0605200476902266e-08,3.060511005305344e-08
2006-02-24,1.8994842069925493e-08,1.4393305611832195e-08,1.4393181359296252e-08
2006-02-27,1.5976655831956814e-08,7.869610214875037e-09,7.869488255383143e-09
2006-02-28,1.4491228547747425e-08,7.3471814507105485e-09,7.34702586418442e-09
2006-03-01,3.481057690723274e-08,3.243162223756334e-08,3.2431065733115366e-08
2006-03-02,2.576292994603026e-08,2.211033584712718e-08,2.2111273341767265e-08
2006-03-03,1.7770691193590533e-08,1.2800703314550077e-08,1.2800574724436075e-08
2006-03-06,2.4525188428154432e-08,2.310387353380186e-08,2.3104067885499467e-08
2006-03-07,2.2615493191083346e-08,1.532424756468955e-08,1.5324218388120904e-08
2006-03-08,2.2205328063486993e-08,1.8380382000840547e-08,1.838007058817567e-08
2006-03-09,1.1713731791356845e-08,5.275726707556853e-09,5.275386705007104e-09
2006-03-10,1.0560289908546857e-08,7.931524715510403e-09,7.931466217800963e-09
2006-03-13,2.1627071165857272e-08,2.1552670615345513e-08,2.155239403616009e-08
2006-03-14,2.0422187554176136e-08,1.3826641376675318e-08,1.3826812476376268e-08
2006-03-15,3.382999199302594e-07,3.7794904152083954e-07,3.7795050297898743e-07
2006-03-16,3.060732987620365e-08,2.604458438287503e-08,2.605113746701026e-08
2006-03-17,4.6412256837071444e-08,4.325382670743083e-08,4.32534755293758e-08
2006-03-20,2.93150307426273e-08,2.431937664483231e-08,2.4319374666773074e-08
2006-03-21,1.9697619348126223e-08,1.3593999692516433e-08,1.3593431614809325e-08
2006-03-22,3.3303950414207326e-08,2.7163812586930127e-08,2.716362391660774e-08
2006-03-23,2.816536685637005e-08,2.353221134195026e-08,2.3532257070409013e-08
2006-03-24,5.0936879808295324e-08,4.873706708550764e-08,4.8735858375405566e-08
2006-03-27,1.9136428864862284e-08,1.434994734359027e-08,1.4350020106837927e-08
2006-03-28,1.8329469518130797e-08,1.099579828541659e-08,1.0995461753487255e-08
2006-03-29,5.617150411402424e-08,6.198082694644678e-08,6.19805677678405e-08
2006-03-30,6.002339354785553e-08,5.991289310983157e-08,5.99102185873675e-08
2006-03-31,1.2882254695495427e-08,7.93205168129033e-09,7.932021422192217e-09
2006-04-03,2.676829386696633e-08,1.9685049720940195e-08,1.9685029799459024e-08
2006-04-04,3.74770564674394e-08,3.4121262302879344e-08,3.4120927910242296e-08
2006-04-05,3.6866106125697103e-08,3.169505759468943e-08,3.169478142397148e-08
2006-04-06,3.144051547738818e-08,3.0686570636831634e-08,3.0686895300441413e-08
2006-04-07,1.3248902655522095e-08,9.59933893831502e-09,9.59819396250658e-09
2006-04-10,4.0184595884302316e-08,3.385716642921287e-08,3.38577633766934e-08
2006-04-11,9.461027240947291e-08,1.0098824270327497e-07,1.0098835642510324e-07
2006-04-12,4.1462835916385724e-08,3.4693759531416975e-08,3.4694653135912226e-08
2006-04-13,1.677399477207878e-08,1.3011567604500376e-08,1.3010908220890589e-08
2006-04-14,3.6820872333823964e-08,3.6750742932410315e-08,3.6750877460633054e-08
2006-04-17,2.4941237245687688e-08,1.9877598858311004e-08,1.9878382256600436e-08
2006-04-18,3.3479885774821675e-07,3.52615918281132e-07,3.5262088023027835e-07
2006-04-19,4.294661436872796e-08,3.9678949429638346e-08,3.9681842597598976e-08
2006-04-20,6.56188811397692e-08,6.422094932503037e-08,6.421988164163796e-08
2006-04-21,3.3485319468832224e-08,2.9673777345854415e-08,2.967445559028476e-08
2006-04-24,1.953903006670556e-08,1.6105365626786165e-08,1.6105216373987946e-08
2006-04-25,1.52993634162331e-08,1.3226489329601748e-08,1.3226271082323125e-08
2006-04-26,1.568164788586549e-08,1.210356848158364e-08,1.210318098362168e-08
2006-04-27,3.939732818323968e-08,3.5390835612103654e-08,3.539065385124028e-08
2006-04-28,3.0696306178271356e-08,2.5308520348310487e-08,2.5306620681571256e-08
2006-05-01,1.770652598844875e-08,1.2323584232896225e-08,1.232304046302934e-08
2006-05-02,2.035447406455671e-08,1.43003982795079e-08,1.4299994571257708e-08
2006-05-03,1.7589039911341484e-08,1.1204379465176026e-08,1.1203942612204142e-08
2006-05-04,2.50305928268498e-08,1.8215582481395798e-08,1.8215089819054476e-08
2006-05-05,2.1743490613620878e-08,1.4527369132745971e-08,1.4526680540357509e-08
2006-05-08,2.5272321755983873e-08,1.7852368533180408e-08,1.785190778595263e-08
2006-05-09,2.4582999153289953e-08,1.7183582139684295e-08,1.718318458562504e-08
2006-05-10,2.3858808848982867e-08,2.41335149685897e-08,2.4134122486995024e-08
2006-05-11,3.015823531174446e-08,2.5829248065522186e-08,2.5828787801075458e-08
2006-05-12,2.9011825673928532e-08,2.1968926110325296e-08,2.1969043150721235e-08
2006-05-15,8.50186954664508e-08,8.868528679299984e-08,8.868744996895664e-08
2006-05-16,3.671743346894844e-08,3.010644835332332e-08,3.0106897308807106e-08
2006-05-17,2.2157870424585575e-08,1.6926744130697916e-08,1.6926493323258978e-08
2006-05-18,1.396893503947651e-07,1.3167046503276642e-07,1.3166970178622185e-07
2006-05-19,2.99492453461055e-08,2.4303767474735367e-08,2.4303653840641705e-08
2006-05-22,7.22740249195959e-08,7.808440465677145e-08,7.808652377920598e-08
2006-05-23,4.732528371144608e-08,4.360481232980253e-08,4.3600337514418036e-08
2006-05-24,3.0122755485701095e-08,2.833088438061928e-08,2.8331210276071928e-08
2006-05-25,9.243701844195959e-08,8.4237161570577e-08,8.423784093766644e-08
2006-05-26,2.969284731094048e-08,2.5797998877486256e-08,2.5796672340438378e-08
2006-05-29,1.7519835413710222e-08,1.3704723930866396e-08,1.3704032707117264e-08
2006-05-30,4.811946914947134e-08,4.264913327859174e-08,4.2649387228837784e-08
2006-05-31,1.4132377031670434e-08,9.067340053697005e-09,9.067500219628369e-09
2006-06-01,4.849655950372214e-08,4.313751073897441e-08,4.313698232592717e-08
2006-06-02,1.838454575670196e-08,1.2938783460446685e-08,1.2938714824095567e-08
2006-06-05,1.4802460918942195e-08,8.080254388091122e-09,8.079967987303391e-09
2006-06-06,2.3005522183646786e-08,1.838610882058576e-08,1.838608207348347e-08
2006-06-07,4.239333056342563e-08,3.877653131461867e-08,3.877714346087613e-08
2006-06-08,6.727000337388573e-08,6.135976532412295e-08,6.135909477829457e-08
2006-06-09,5.243231914542425e-08,4.628167690909192e-08,4.628076989675369e-08
2006-06-12,3.043724633223049e-08,2.3834602457432662e-08,2.3833900368531957e-08
2006-06-13,2.0324563013862582e-08,1.5903816286784004e-08,1.5903045007402113e-08
2006-06-14,2.0472191312971224e-08,1.554555152561477e-08,1.5545180485112368e-08
2006-06-15,2.488468449583748e-08,1.8394645620748386e-08,1.8394463991900676e-08
2006-06-16,1.9291323836105714e-08,1.1216833093762766e-08,1.1216501518931711e-08
2006-06-19,2.044006553925849e-08,2.165726540677051e-08,2.1657195571026735e-08
2006-06-20,1.2475780741807692e-08,9.08738091814458e-09,9.08758528610157e-09
2006-06-21,2.0227659327033195e-08,1.2914148471398473e-08,1.2914438718700618e-08
2006-06-22,2.535356531364706e-08,1.9037817133433215e-08,1.903760982768122e-08
2006-06-23,1.3087487785958485e-08,7.693072887519413e-09,7.692908919225202e-09
2006-06-26,1.4819977629718516e-08,7.729088044568893e-09,7.728961426456601e-09
2006-06-27,3.257067144746711e-08,3.7533065095588264e-08,3.75335802194717e-08
2006-06-28,2.0539581229912068e-08,1.3712337557890338e-08,1.3712090969299312e-08
2006-06-29,1.71302565351062e-08,1.0816173036536863e-08,1.081638232595297e-08
2006-06-30,3.028227455169999e-08,2.5150998997928062e-08,2.5151001253848603e-08
2006-07-03,9.077241663452472e-09,6.53917590687402e-09,6.539281972418314e-09
2006-07-04,2.310916011699245e-08,2.011927029368909e-08,2.011881162650451e-08
2006-07-05,1.9822163672742686e-08,1.1878297200813091e-08,1.1878526588233628e-08
2006-07-06,2.32873929984102e-08,1.8497118419081073e-08,1.849686088648114e-08
2006-07-07,1.263499781411911e-08,5.6802028720014215e-09,5.680122511524394e-09
2006-07-10,1.89332313417658e-08,1.0298932173866813e-08,1.0298855447799989e-08
2006-07-11,1.311869808405448e-08,5.240878408203292e-09,5.240709974887959e-09
2006-07-12,1.708003302656092e-08,8.419397876522245e-09,8.419364414773875e-09
2006-07-13,2.0821998478688e-08,1.2005592784877634e-08,1.200533405635423e-08
2006-07-14,1.3820975987751256e-08,9.530626293211674e-09,9.530542092915227e-09
2006-07-17,1.293729807008729e-08,6.7469348728592205e-09,6.7468282686076105e-09
2006-07-18,1.102670637553423e-08,5.719861752602055e-09,5.719821645739585e-09
2006-07-19,2.0736753626383303e-08,1.2936930735998465e-08,1.2937093929566089e-08
2006-07-20,1.8946067209885316e-08,9.86353398409199e-09,9.8631492242188e-09
2006-07-21,1.6170739434308298e-08,6.8810467947108655e-09,6.88058688898039e-09
2006-07-24,1.9154386995823444e-08,1.2195022252991977e-08,1.2194999061748478e-08
2006-07-25,1.9860492119468765e-08,1.2250504733912363e-08,1.2250363781944142e-08
2006-07-26,1.819517057107035e-08,9.933198048128485e-09,9.932975682748843e-09
2006-07-27,2.558647676123212e-07,2.78424578043964e-07,2.7842591023865e-07
2006-07-28,2.4097242842241475e-08,2.283878637111224e-08,2.283479817105795e-08
2006-07-31,1.6897083291546837e-08,9.94144156729887e-09,9.941945589967824e-09
2006-08-01,3.231370004703036e-08,3.1450100055013155e-08,3.145059968062727e-08
2006-08-02,1.0165633072229423e-07,1.0801779676197967e-07,1.0801485357926463e-07
2006-08-03,1.5786820144196824e-08,1.0677357421474052e-08,1.067991412121478e-08
2006-08-04,3.0493144740701785e-08,2.533895062292357e-08,2.5337749757227468e-08
2006-08-07,2.523737121140704e-08,2.4567128795941854e-08,2.456554495606678e-08
2006-08-08,1.5116967944756288e-08,1.0468517729910764e-08,1.0468703727350374e-08
2006-08-09,1.7196651553926586e-08,1.0264322928718143e-08,1.0264259517579944e-08
2006-08-10,3.9613158611374355e-08,3.3702354755424124e-08,3.3702524527178094e-08
2006-08-11,4.762023243033041e-08,4.158849347943049e-08,4.158738695885758e-08
2006-08-14,4.030214008574549e-08,3.192104963316016e-08,3.192089832962619e-08
2006-08-15,2.54458509699048e-08,1.842607728891494e-08,1.842548744591169e-08
2006-08-16,5.664875448948561e-08,5.16670968127679e-08,5.166694595850389e-08
2006-08-17,2.7460140312566914e-08,2.2771498627970265e-08,2.277171239100046e-08
2006-08-18,2.8876338316751228e-08,2.4223539861098033e-08,2.4222819600261813e-08
2006-08-21,3.6306067603599496e-08,3.0985373139768595e-08,3.098548855060698e-08
2006-08-22,1.324905028029306e-07,1.41537024889026e-07,1.415353333311186e-07
2006-08-23,2.236295200121911e-08,1.8267325227481192e-08,1.827060605380163e-08
2006-08-24,6.412009343295087e-08,5.695553474285275e-08,5.6954690531922096e-08
2006-08-25,3.016653303656228e-08,3.047418018457257e-08,3.047431565679935e-08
2006-08-28,3.298253547375382e-08,2.9693629948095974e-08,2.969402076964311e-08
2006-08-29,1.5513752965333678e-08,1.0920828120628459e-08,1.0920686577399163e-08
2006-08-30,5.745053374451506e-08,5.5441924832784665e-08,5.544262706799359e-08
2006-08-31,1.0660137364268812e-08,9.03807874836943e-09,9.039241716854225e-09
2006-09-01,4.0206645316197055e-08,3.3958445630001386e-08,3.395853988146109e-08
2006-09-04,3.087393813590073e-08,3.4947369333205315e-08,3.49474815718324e-08
2006-09-05,4.2230047908541476e-08,3.6248328867778214e-08,3.624924925830101e-08
2006-09-06,4.715886745404626e-08,4.796467042200782e-08,4.7964690533987464e-08
2006-09-07,9.396322845672313e-08,8.694390495510207e-08,8.69454024087028e-08
2006-09-08,2.8734026045596617e-08,2.9641881847848802e-08,2.9640802521827796e-08
2006-09-11,1.0116161978959144e-08,7.468880956375663e-09,7.468639275016341e-09
2006-09-12,1.0408746643786285e-07,1.1206102208325999e-07,1.1206137650450246e-07
2006-09-13,3.116695004648044e-08,2.5934146252458444e-08,2.593522544451458e-08
2006-09-14,3.058310940164015e-08,3.652996490079459e-08,3.652995426482032e-08
2006-09-15,1.9417535945297077e-08,1.561598084754755e-08,1.5617595642874973e-08
2006-09-18,1.8373040483321183e-08,1.3473518568788559e-08,1.347300277953236e-08
2006-09-19,5.400688267342515e-08,6.24667690170676e-08,6.24671319829628e-08
2006-09-20,9.894454813843018e-08,9.946953908542674e-08,9.946781579595812e-08
2006-09-21,2.3216614204574777e-08,1.8609532933065365e-08,1.861167801689757e-08
2006-09-22,1.7711003106343686e-08,1.6652628003820298e-08,1.665227425970993e-08
2006-09-25,1.100289599061488e-07,1.1611428894900024e-07,1.1611596721588518e-07
2006-09-26,1.6399582809460882e-08,1.3589495601233681e-08,1.3592668213186716e-08
2006-09-27,4.646203777389882e-08,4.366900571123132e-08,4.366867797709375e-08
2006-09-28,5.47245720470678e-08,5.449547256000842e-08,5.449502201652465e-08
2006-09-29,2.3117615025841525e-08,1.966525192224956e-08,1.96642225718898e-08
2006-10-02,2.327101009436184e-08,1.925511628023239e-08,1.9254611586840752e-08
2006-10-03,8.05131419617892e-08,8.166251310418339e-08,8.166265811058965e-08
2006-10-04,5.162799160359226e-08,5.2805147816602117e-08,5.2802238421731486e-08
2006-10-05,3.255588114719415e-08,2.8831129862134754e-08,2.8831570678920927e-08
2006-10-06,1.0307191093015719e-07,1.0219511290190373e-07,1.0219554420289822e-07
2006-10-09,4.96269198317425e-07,4.943166775422016e-07,4.94312730339795e-07
2006-10-10,4.427772226644135e-08,4.715899293683522e-08,4.716018341526196e-08
2006-10-11,5.771432684557217e-08,5.9065071505523695e-08,5.906579345349455e-08
2006-10-12,1.4355294530085601e-08,1.4208988304200757e-08,1.4207677503096658e-08
2006-10-13,3.692619344901791e-08,3.397543528376505e-08,3.397546425663363e-08
2006-10-16,7.234248842728391e-08,6.963175255634075e-08,6.963204814562209e-08
2006-10-17,3.661177328351744e-08,3.374710021831374e-08,3.374710357807332e-08
2006-10-18,1.816691920009075e-08,1.573065084135002e-08,1.5729662617377702e-08
2006-10-19,3.370475885459031e-08,3.15678362337032e-08,3.156731131948262e-08
2006-10-20,1.045470306857341e-07,1.0153618105591418e-07,1.0153461209355105e-07
2006-10-23,5.465129342319021e-08,4.847785476431221e-08,4.847660431090458e-08
2006-10-24,1.7527374002713866e-08,1.4449370813669247e-08,1.4448577138453122e-08
2006-10-25,5.6069077451737175e-08,5.2427511553804386e-08,5.2426543966332674e-08
2006-10-26,2.2384853673767184e-08,1.8585646939908335e-08,1.858490757096604e-08
2006-10-27,1.4679093797355444e-08,1.1369828581094964e-08,1.1369215354374701e-08
2006-10-30,2.699640578585631e-08,2.429678721139335e-08,2.4296669050362825e-08
2006-10-31,2.692775591081468e-08,2.4932984971153486e-08,2.4932610313921346e-08
2006-11-01,1.4024107580772572e-08,1.0663399401427526e-08,1.066323644061723e-08
2006-11-02,8.70764967605419e-08,8.421318774672845e-08,8.421388888946295e-08
2006-11-03,5.3108326780195906e-08,4.842561613812061e-08,4.842320368743069e-08
2006-11-06,1.8409710376151295e-08,1.4455762615298076e-08,1.4455170829026488e-08
2006-11-07,5.3314302681673224e-08,5.32283635559703e-08,5.322811441655275e-08
2006-11-08,3.3990868127309284e-08,2.9498561681567384e-08,2.9496901161769596e-08
2006-11-09,2.0291669980184787e-08,1.9117894261063822e-08,1.9118157435494757e-08
2006-11-10,3.500001245025491e-08,3.1578724922761245e-08,3.157864008506263e-08
2006-11-13,2.798301267794746e-08,2.3134613184843392e-08,2.3134863220764974e-08
2006-11-14,2.009658839785178e-08,1.5444473871079724e-08,1.5443900969464473e-08
2006-11-15,3.793838551259951e-08,3.541107331311832e-08,3.5411034064931305e-08
2006-11-16,2.7551886632280774e-08,2.437466084768483e-08,2.4374174233481495e-08
2006-11-17,4.0627269414440774e-08,3.77696213925274e-08,3.77688872029137e-08
2006-11-20,2.873591066766994e-08,2.789623198407194e-08,2.7896040712774804e-08
2006-11-21,1.5714525423258287e-08,1.0740400751050356e-08,1.074053666271487e-08
2006-11-22,4.922567621508479e-08,5.4046073671399315e-08,5.4046871701457e-08
2006-11-23,1.9643205941566137e-08,1.5143140397616238e-08,1.5145044881992953e-08
2006-11-24,2.5350448071582234e-08,2.0124523359034334e-08,2.012421121646306e-08
2006-11-27,2.8083525746886736e-08,2.4765648728409075e-08,2.4765174360376215e-08
2006-11-28,3.1432212923525013e-07,3.350128877284247e-07,3.3501858540038024e-07
2006-11-29,8.743429438932738e-09,1.0359653828969356e-08,1.0358523563507042e-08
2006-11-30,3.339452622896878e-08,3.191532311006773e-08,3.1916043561999984e-08
2006-12-01,7.680770411901033e-08,7.692909305154592e-08,7.692829127282007e-08
2006-12-04,2.46386887740453e-07,2.4580864349690955e-07,2.45802078397269e-07
2006-12-05,1.7134628903784262e-08,1.94783561876059e-08,1.9480027377725378e-08
2006-12-06,2.3420755078500908e-07,2.279433213054771e-07,2.279423636533113e-07
2006-12-07,5.419105155420396e-08,5.481757757698515e-08,5.482163097364135e-08
2006-12-08,4.049846127839299e-08,4.1060333169552784e-08,4.105795165355504e-08
2006-12-11,5.323673429144704e-08,4.8190398581370207e-08,4.818737957329276e-08
2006-12-12,5.6958341669957036e-08,5.5719600779006676e-08,5.5719570054035237e-08
2006-12-13,5.1952191783771324e-08,5.3606428274726555e-08,5.360735310495042e-08
2006-12-14,3.479720873926583e-08,4.072116368467383e-08,4.071928260454051e-08
2006-12-15,5.104036127596062e-08,5.376821329206589e-08,5.376829667864935e-08
2006-12-18,2.7158038628068885e-08,2.7306853774019882e-08,2.7304555425356288e-08
2006-12-19,2.671819019626913e-07,2.657742852123463e-07,2.657751310530823e-07
2006-12-20,2.718143568836018e-07,2.6282375499217975e-07,2.6281318970081874e-07
2006-12-21,4.248881150309754e-08,4.989974614306204e-08,4.990254950061301e-08
2006-12-22,2.8523409760873704e-08,3.2392905109352956e-08,3.239221414944303e-08
2006-12-25,2.068811666664139e-07,1.872287803066608e-07,1.8722956713770244e-07
2006-12-26,2.223196441443789e-07,1.9563803111923942e-07,1.956313798177936e-07
2006-12-27,2.696316464841183e-07,2.403696850576283e-07,2.4037013568557946e-07
2006-12-28,5.8722264328586e-08,6.48181124637383e-08,6.481761912624471e-08
2006-12-29,2.9251136825127217e-07,2.606576996155245e-07,2.6065927388580224e-07
2007-01-01,9.17261113579787e-08,9.75199290731625e-08,9.752415028203641e-08
2007-01-02,7.561234428944203e-08,8.72538745543493e-08,8.72512515020305e-08
2007-01-03,2.6182693630146027e-08,3.803566585037851e-08,3.803411434689707e-08
2007-01-04,9.390229770665634e-08,8.813492801231543e-08,8.813545051416491e-08
2007-01-05,2.332097383138689e-07,1.9704023297757244e-07,1.970416425278048e-07
2007-01-08,2.076905001060267e-07,1.6775999755918024e-07,1.6774974799973198e-07
2007-01-09,7.255980577857339e-08,8.141366456209035e-08,8.141553134223595e-08
2007-01-10,1.0376185843862024e-07,1.1361289619558248e-07,1.136090302333626e-07
2007-01-11,2.7945487279419566e-08,3.55922623652263e-08,3.5589111526799675e-08
2007-01-12,2.733125562277627e-07,2.6045705888242676e-07,2.604577638891878e-07
2007-01-15,3.1625811094863995e-08,4.2725539577888986e-08,4.2727855673883545e-08
2007-01-16,2.1445659256205125e-08,2.78503999957883e-08,2.7848749546129217e-08
2007-01-17,5.026652001575565e-08,5.196719327853789e-08,5.196643944327648e-08
2007-01-18,8.839811387939016e-08,8.039294691010912e-08,8.039299133574823e-08
2007-01-19,2.871052787852319e-08,2.992672890572904e-08,2.992539906692025e-08
2007-01-22,4.6148417989686035e-08,3.653973367674172e-08,3.653848042004296e-08
2007-01-23,7.194845419460657e-08,6.383161718440493e-08,6.383253478088831e-08
2007-01-24,1.3156008769462527e-07,1.2304259940178002e-07,1.2304080717395784e-07
2007-01-25,3.342669695152957e-08,3.622703144606308e-08,3.62291988256666e-08
2007-01-26,5.1821082329779325e-08,5.291442063405669e-08,5.291464735761183e-08
2007-01-29,2.916597800944721e-08,2.7494119998700367e-08,2.749533004422581e-08
2007-01-30,6.356527114118207e-08,6.741843618456847e-08,6.741891547312016e-08
2007-01-31,1.344836198547979e-07,1.2349055851263756e-07,1.2349366313055438e-07
2007-02-01,5.977620674883696e-08,6.339043315105578e-08,6.339313599355141e-08
2007-02-02,4.602226336974725e-08,4.280498004267299e-08,4.28058751431185e-08
2007-02-05,3.248212302879571e-08,3.310528863316362e-08,3.3106179537645157e-08
2007-02-06,1.6244706509119297e-08,1.7158285097616757e-08,1.715758730729908e-08
2007-02-07,8.048438083745946e-08,7.703856331867456e-08,7.703918459308173e-08
2007-02-08,5.730337556915422e-08,5.415068519367028e-08,5.4151776231685536e-08
2007-02-09,1.7130210912967804e-08,1.6195838591215537e-08,1.61956990198047e-08
2007-02-12,1.6556635560855246e-08,1.521528978278741e-08,1.5214870093902962e-08
2007-02-13,2.953881609384407e-08,2.7559237915084264e-08,2.7558525476318816e-08
2007-02-14,1.5938188926657994e-07,1.615177819003664e-07,1.6151935296009272e-07
2007-02-15,2.5220144359451338e-08,2.4623255612692763e-08,2.4622402195644215e-08
2007-02-16,2.9683559935994857e-08,2.789071201134204e-08,2.7889844351877686e-08
2007-02-19,3.7730756516442967e-08,3.696580965049449e-08,3.6965202951139694e-08
2007-02-20,3.251777124361345e-08,3.192725360718097e-08,3.192685845743503e-08
2007-02-21,2.558923443457658e-08,2.258505503949238e-08,2.258530323410273e-08
2007-02-22,1.3700441824873568e-08,1.043024968972386e-08,1.0429837410795631e-08
2007-02-23,6.513389556185824e-08,7.148498360870895e-08,7.148523373512915e-08
2007-02-26,1.7953454203766753e-08,1.4385158621651289e-08,1.4386439383540365e-08
2007-02-27,1.3094696203603189e-08,9.701118925840707e-09,9.70090864776024e-09
2007-02-28,9.261584053609557e-08,9.553387334837147e-08,9.553317619131245e-08
2007-03-01,2.9801991376661786e-08,2.915820439827899e-08,2.915909419016081e-08
2007-03-02,2.1943824996319614e-08,1.8397421987017508e-08,1.8397434017840058e-08
2007-03-05,1.624751815219209e-08,1.50008039386552e-08,1.5000325925374326e-08
2007-03-06,3.8960178531672195e-08,3.5217658652766134e-08,3.5217684404582213e-08
2007-03-07,6.093387544193914e-08,5.893775500404245e-08,5.893882155879356e-08
2007-03-08,1.8431106811813223e-08,1.4955704550417368e-08,1.49556792945419e-08
2007-03-09,4.522609853325467e-08,4.288965787839299e-08,4.288948944738623e-08
2007-03-12,2.1609363938928553e-08,1.5833840356595497e-08,1.5833876337387657e-08
2007-03-13,3.530362551959374e-08,3.695132716420341e-08,3.695179243669013e-08
2007-03-14,9.987755526286534e-08,1.0541373155080993e-07,1.0541096778987413e-07
2007-03-15,1.6740067784681586e-08,1.4558666998867518e-08,1.4558943337923564e-08
2007-03-16,3.9158576500932986e-08,3.720755131548661e-08,3.720827667366784e-08
2007-03-19,2.189443635765837e-08,2.1665367675157545e-08,2.1664057854258207e-08
2007-03-20,3.241122391711514e-08,2.9192798286072514e-08,2.9193267545575706e-08
2007-03-21,1.4470396615826745e-07,1.5296890347625776e-07,1.5296955751653237e-07
2007-03-22,1.8989477812931356e-08,1.6902740040583455e-08,1.6905405648816774e-08
2007-03-23,2.6977531704853935e-08,2.6284572682168588e-08,2.628432181759793e-08
2007-03-26,1.0490161130404678e-07,1.0752363243896918e-07,1.0752512050376844e-07
2007-03-27,3.7007873303606664e-08,3.700891565810756e-08,3.701166987937613e-08
2007-03-28,2.1698753041458912e-07,2.211499799465466e-07,2.211553622699824e-07
2007-03-29,3.2006067877655286e-08,3.192290258466284e-08,3.192713150578168e-08
2007-03-30,1.8517358180185145e-08,1.7914063045678092e-08,1.791327126093676e-08
2007-04-02,2.975211194432628e-08,3.190730156488918e-08,3.190822586434502e-08
2007-04-03,4.4201413427818556e-07,4.336513713695835e-07,4.3364368324493194e-07
2007-04-04,7.06383941309715e-08,7.55356588926038e-08,7.554109962155295e-08
2007-04-05,1.2773846961184087e-07,1.2597895998727572e-07,1.2597644926605922e-07
2007-04-06,2.065488651141306e-08,2.3684643502135162e-08,2.3680156020435822e-08
2007-04-09,2.383134764801462e-07,2.2937725821263657e-07,2.2937767309190242e-07
2007-04-10,3.397551051815237e-08,3.223011167949201e-08,3.2226444859107e-08
2007-04-11,4.732297986762252e-08,5.318431200253383e-08,5.318488658472858e-08
2007-04-12,1.9548628133963683e-08,2.339428074371246e-08,2.3392898270452965e-08
2007-04-13,3.56356751389821e-08,3.7173262751021196e-08,3.7172110334548784e-08
2007-04-16,3.677814771979166e-08,3.564850322440904e-08,3.564650977956299e-08
2007-04-17,2.5199313636425875e-08,2.4604279258870933e-08,2.4603487748236416e-08
2007-04-18,5.226389596319229e-08,4.838468451909441e-08,4.838621986058001e-08
2007-04-19,4.707676263556718e-08,4.590779838537743e-08,4.5908494657459696e-08
2007-04-20,2.6169813771845474e-08,2.4380424097074707e-08,2.438045643487816e-08
2007-04-23,1.108108623222126e-07,1.0767098274016563e-07,1.076704623502346e-07
2007-04-24,7.511017774572567e-08,7.534568701643851e-08,7.534791453833355e-08
2007-04-25,1.303819473872043e-08,1.3432290319671924e-08,1.3430545532597858e-08
2007-04-26,3.302866480705716e-08,3.7047600931846674e-08,3.704731234553019e-08
2007-04-27,5.9284373062683396e-08,5.3528754321534676e-08,5.352794807752461e-08
2007-04-30,2.4672364084535434e-08,2.3712264954193387e-08,2.3712816806423107e-08
2007-05-01,2.2686372381232174e-07,2.2220717116257393e-07,2.2221010070098072e-07
2007-05-02,3.8906868374149493e-07,3.777086262172418e-07,3.776875394419145e-07
2007-05-03,1.0536850876367613e-07,1.0379692362344354e-07,1.0379315380001934e-07
2007-05-04,2.650934646524953e-08,3.1173863819798295e-08,3.11724190863725e-08
2007-05-07,2.0841417501548737e-08,2.5744244212684746e-08,2.574299534540733e-08
2007-05-08,3.060513586221369e-08,3.049477852254363e-08,3.049478695083777e-08
2007-05-09,3.897868098778226e-08,4.2354054833516367e-08,4.2354563671286284e-08
2007-05-10,2.9968164544396354e-08,3.1036280551391414e-08,3.103529241834449e-08
2007-05-11,2.0224207998026857e-07,1.901998772976678e-07,1.9020351395974718e-07
2007-05-14,5.808647190691448e-08,5.5983854252300185e-08,5.598911975075467e-08
2007-05-15,6.729859508139239e-08,6.865043572715935e-08,6.864768731055076e-08
2007-05-16,1.7548561432815796e-08,2.2000081173893493e-08,2.1999006727142593e-08
2007-05-17,2.982788720303668e-08,3.2487163552474666e-08,3.248679415657108e-08
2007-05-18,3.164531080844049e-07,3.141263969262515e-07,3.1413073705112246e-07
2007-05-21,5.581312370848689e-08,5.2926785163195564e-08,5.292190250894206e-08
2007-05-22,1.749371970780904e-07,1.8203208857204635e-07,1.8203269283577357e-07
2007-05-23,2.1455043376667076e-07,2.1260170713059076e-07,2.125959891084566e-07
2007-05-24,4.3654309815048736e-08,4.8797162620921316e-08,4.8797556966709864e-08
2007-05-25,2.3622674858832627e-08,2.7289805651716138e-08,2.7288184301889946e-08
2007-05-28,2.9585990191221388e-08,3.110390184662492e-08,3.1103065564023386e-08
2007-05-29,2.547355387175101e-08,2.6627389494814194e-08,2.662653862058727e-08
2007-05-30,6.984934377014613e-08,6.636644251672425e-08,6.636697965837664e-08
2007-05-31,2.9328043726877496e-08,3.195588839444361e-08,3.195686842480619e-08
2007-06-01,2.9355728436740512e-08,2.9477699693863186e-08,2.9477182443017003e-08
2007-06-04,4.429681443305921e-08,4.787255224604585e-08,4.787159293639774e-08
2007-06-05,5.2024193965120525e-08,5.2782794962569754e-08,5.278283931555314e-08
2007-06-06,3.850203996276605e-08,4.1330375286418544e-08,4.1329810711945346e-08
2007-06-07,2.103964999118889e-08,2.0558959281868576e-08,2.0559210659347926e-08
2007-06-08,1.931415248252452e-08,1.6781246409363895e-08,1.678072541680915e-08
2007-06-11,2.533857694272213e-08,2.2974448297168567e-08,2.2974256051041183e-08
2007-06-12,5.467373376506979e-08,5.451259077862955e-08,5.4510981172716504e-08
2007-06-13,5.949952574504875e-08,5.7927697749282976e-08,5.792829956411707e-08
2007-06-14,1.9723547786203388e-08,1.9000771139945376e-08,1.9000230820523905e-08
2007-06-15,2.2602670715516932e-08,1.9464588664876e-08,1.9464712904899178e-08
2007-06-18,3.704144639231934e-08,3.341702131917281e-08,3.341711225780968e-08
2007-06-19,2.4533175033509856e-08,2.0677548815371795e-08,2.0677041269492506e-08
2007-06-20,4.78054037848485e-08,5.408016004382117e-08,5.408093050851483e-08
2007-06-21,1.1784585264242753e-07,1.1638688437144299e-07,1.163867929591243e-07
2007-06-22,1.6571861865831014e-08,1.4223437967691382e-08,1.4221807013620784e-08
2007-06-25,2.486055233309532e-08,2.1765122231810517e-08,2.1764621941267436e-08
2007-06-26,1.8102843785845854e-08,1.4531617352241565e-08,1.4531063719158853e-08
2007-06-27,2.7530866430528415e-08,2.4523330273317878e-08,2.4523139526198303e-08
2007-06-28,3.931079841446143e-08,3.6404256306675725e-08,3.640409566295264e-08
2007-06-29,4.206007705905706e-08,3.893853956521334e-08,3.893847700188021e-08
2007-07-02,2.1907920728318564e-08,2.156548141965563e-08,2.1565622463561536e-08
2007-07-03,3.120409064001537e-08,2.7139165415729103e-08,2.71397900265952e-08
2007-07-04,4.1059590857521366e-08,3.666852555721883e-08,3.6668793448007583e-08
2007-07-05,3.988629046052869e-08,4.180210416534123e-08,4.180094137632357e-08
2007-07-06,1.845879935556805e-08,1.4201961932951505e-08,1.4201832383432153e-08
2007-07-09,2.3823957526442288e-08,1.9576652335174016e-08,1.9576543311087124e-08
2007-07-10,1.5473143011336088e-08,1.213729048243206e-08,1.2137247074218047e-08
2007-07-11,2.294577165802093e-08,1.705782192394741e-08,1.7057640890468824e-08
2007-07-12,2.5972718372348805e-08,2.4172076696452933e-08,2.417199452263093e-08
2007-07-13,2.9565834727374308e-08,2.4369553018758745e-08,2.4369973369438403e-08
2007-07-16,4.6655543294994445e-08,4.4192879175380874e-08,4.419160207805062e-08
2007-07-17,2.6082010240590293e-08,2.4495087286284765e-08,2.4496237142546132e-08
2007-07-18,1.9117096179504493e-07,2.0328408118089237e-07,2.0328645639506773e-07
2007-07-19,9.164609998778871e-08,1.0292519704974612e-07,1.0291680610160977e-07
2007-07-20,3.812002887058789e-07,3.7954184446840566e-07,3.795314411147619e-07
2007-07-23,5.335758759971872e-07,5.068248354900212e-07,5.06775776139152e-07
2007-07-24,3.5534317085925865e-08,4.543103494505508e-08,4.544153829757321e-08
2007-07-25,8.152310833525519e-08,7.101408106362183e-08,7.101509594166792e-08
2007-07-26,4.2894042572697273e-07,4.0135727832916676e-07,4.0135203285472553e-07
2007-07-27,7.20498275443549e-08,7.97563468376125e-08,7.976117137565225e-08
2007-07-30,2.399328239455163e-08,3.2926635727067175e-08,3.2924347944170857e-08
2007-07-31,5.336640534422624e-08,5.4032458648889174e-08,5.403216668662591e-08
2007-08-01,4.495121669555925e-08,5.2534895081423705e-08,5.253315330313428e-08
2007-08-02,6.707375375731008e-08,7.25443385976892e-08,7.254218669944707e-08
2007-08-03,3.252087115313126e-08,3.866505648441945e-08,3.866426389434599e-08
2007-08-06,7.19557318138867e-08,7.363784402713146e-08,7.363645564400922e-08
2007-08-07,7.532748197569542e-08,7.809601892360872e-08,7.808914438252708e-08
2007-08-08,4.322523323417182e-08,5.0231317112371e-08,5.022853487173516e-08
2007-08-09,3.233654948921356e-08,3.54273050043777e-08,3.5425666337820266e-08
2007-08-10,3.5536875810328626e-08,3.4429380696155606e-08,3.4428821459946927e-08
2007-08-13,1.8184833181000497e-07,1.8188135475633944e-07,1.818811431865098e-07
2007-08-14,8.48414817510048e-08,7.822007778890674e-08,7.8212939134261e-08
2007-08-15,5.015050366549756e-08,5.147894594292975e-08,5.1478527099455775e-08
2007-08-16,1.1571610708470665e-08,1.0550574942121979e-08,1.0549907213363877e-08
2007-08-17,1.2256684760631279e-08,1.4072585905507972e-08,1.4072831481247775e-08
2007-08-20,5.280475980112704e-08,5.258449259084268e-08,5.258453306089573e-08
2007-08-21,1.2547302781516007e-07,1.2376950392715594e-07,1.2377154066014085e-07
2007-08-22,2.7516636576630845e-08,2.6826082263379493e-08,2.682674434934355e-08
2007-08-23,1.543541217413779e-08,1.5641961340296396e-08,1.56419241941733e-08
2007-08-24,2.261762923713938e-08,2.119903698719364e-08,2.1199525849091094e-08
2007-08-27,1.6720590623715023e-08,1.3273349235232783e-08,1.32727595035922e-08
2007-08-28,2.6604154427723148e-08,2.5093820860071016e-08,2.5093795430568205e-08
2007-08-29,4.232507172336522e-08,3.7724801041009644e-08,3.772413759407688e-08
2007-08-30,1.7443685110812145e-08,1.2185111035374267e-08,1.2185060885169228e-08
2007-08-31,3.432909995249939e-08,3.038890558040955e-08,3.03883882317632e-08
2007-09-03,6.3508694883613e-08,6.848356030873906e-08,6.848523021229845e-08
2007-09-04,3.7961418078531766e-08,3.522991963266898e-08,3.523065695448662e-08
2007-09-05,3.847300783461201e-08,4.5160641141934576e-08,4.5161552717295935e-08
2007-09-06,7.239909175887382e-08,7.952412104042446e-08,7.951837020511196e-08
2007-09-07,2.4494780472353195e-08,2.246609635223962e-08,2.246900137912889e-08
2007-09-10,6.226693665903922e-08,5.905216601668256e-08,5.905233569717232e-08
2007-09-11,1.3213273209216935e-07,1.340305280023397e-07,1.340313798392571e-07
2007-09-12,2.331220375653533e-08,2.4123227727323038e-08,2.4124398009433078e-08
2007-09-13,8.586628333104728e-08,8.085147322803175e-08,8.085305805060318e-08
2007-09-14,2.174958763652895e-08,1.840474232022791e-08,1.840569587886892e-08
2007-09-17,6.338647732275206e-08,6.238482321131978e-08,6.238444958572025e-08
2007-09-18,2.3601157187790475e-07,2.466882779018646e-07,2.466909143443971e-07
2007-09-19,1.824922463457683e-08,1.9279013253464853e-08,1.9283561092505707e-08
2007-09-20,6.158066604259968e-08,6.034036894635277e-08,6.034127808309029e-08
2007-09-21,3.964239337791347e-08,3.384028205770383e-08,3.38395074641164e-08
2007-09-24,8.561334722107957e-08,9.552090409558155e-08,9.552143216742341e-08
2007-09-25,1.7569981391753216e-08,1.9115586611256755e-08,1.9116746017100606e-08
2007-09-26,3.2829208232831354e-08,3.334091422221e-08,3.3341393779942594e-08
2007-09-27,8.169799413286743e-08,8.479939964661375e-08,8.479898673507239e-08
2007-09-28,2.868400122291745e-07,2.890651331251099e-07,2.8906764858323997e-07
2007-10-01,1.557951061767513e-08,1.648008863927665e-08,1.6484631113288602e-08
2007-10-02,3.1977812171355966e-08,3.282088191504572e-08,3.282044868187446e-08
2007-10-03,5.485089588852912e-08,5.388351848371299e-08,5.388327950651861e-08
2007-10-04,2.700783342079168e-08,2.585277577553431e-08,2.5852712518267903e-08
2007-10-05,1.437506129568715e-07,1.4264638906205056e-07,1.4264592635960857e-07
2007-10-08,2.5927970811084075e-07,2.5860881567903037e-07,2.586209938808534e-07
2007-10-09,2.4673644439036042e-08,2.7052421735013583e-08,2.7059373597485147e-08
2007-10-10,2.7827136156542758e-08,2.9151836236055042e-08,2.9150569353901588e-08
2007-10-11,8.418728782816671e-08,8.37376688078659e-08,8.373714112447637e-08
2007-10-12,2.568282387732989e-08,2.5981624978270836e-08,2.5980143735292928e-08
2007-10-15,3.095392983699387e-08,2.954624597702744e-08,2.9545431168331022e-08
2007-10-16,3.640486753107271e-08,3.39079525292042e-08,3.390732706738133e-08
2007-10-17,1.7756490436661377e-08,1.611212786294441e-08,1.6111270939625544e-08
2007-10-18,4.833943161423707e-08,4.7677392296086815e-08,4.7677420276922896e-08
2007-10-19,4.467266876555785e-08,4.155522873086737e-08,4.155542003962139e-08
2007-10-22,3.166909215047772e-08,2.8548669244897766e-08,2.854820240720516e-08
2007-10-23,9.498363096666828e-08,9.303434833710619e-08,9.303674032798307e-08
2007-10-24,4.107637907430023e-08,3.86320511275185e-08,3.8634483835959314e-08
2007-10-25,4.558742231227722e-08,4.222495035921395e-08,4.2224359088577895e-08
2007-10-26,1.2299629987218287e-08,1.0646692829150936e-08,1.0646802166624444e-08
2007-10-29,7.163937758561954e-07,7.365442371446132e-07,7.365404911398213e-07
2007-10-30,1.3275970690826644e-07,1.398919159136674e-07,1.3988729026245923e-07
2007-10-31,1.1993225543006292e-07,1.155902101861442e-07,1.155979260975657e-07
2007-11-01,1.8723948049477477e-08,2.2461514300211982e-08,2.2462118253368106e-08
2007-11-02,1.103183832113648e-07,9.876010707297358e-08,9.876068414262274e-08
2007-11-05,3.418312437370294e-08,2.993797291600518e-08,2.9936849609009695e-08
2007-11-06,1.812394909540408e-08,2.0834953070965664e-08,2.0834644555192857e-08
2007-11-07,1.8062144853427543e-08,1.9254501026019104e-08,1.925479585152111e-08
2007-11-08,1.991700428049385e-08,2.2333146473647512e-08,2.233269753940127e-08
2007-11-09,1.5964504319625962e-07,1.566554739551779e-07,1.5665720295921136e-07
2007-11-12,1.447580132262702e-07,1.3966662745546052e-07,1.3966134445918807e-07
2007-11-13,3.060144974766151e-07,2.8902604601809113e-07,2.890233130728862e-07
2007-11-14,2.1714484104062243e-08,2.7809728715203603e-08,2.781215876758242e-08
2007-11-15,9.873397063100033e-08,9.204969588609946e-08,9.204771294366869e-08
2007-11-16,4.370521791216479e-08,4.3592864180333654e-08,4.359494562034364e-08
2007-11-19,3.763537865241933e-08,4.1467476855403436e-08,4.146889609682345e-08
2007-11-20,3.033201579779606e-08,3.293934123620408e-08,3.29388672948166e-08
2007-11-21,2.6896950740378526e-08,2.1676377938330754e-08,2.167685841582111e-08
2007-11-22,2.3325081496731402e-08,2.4853764187370447e-08,2.4854047785607353e-08
2007-11-23,6.717213286063336e-08,6.904988123759076e-08,6.904916462837017e-08
2007-11-26,1.5192951981439953e-08,1.5487457878884802e-08,1.548746705488081e-08
2007-11-27,2.7809388277622237e-08,2.919833529481171e-08,2.9198359836528792e-08
2007-11-28,1.844518275422928e-08,2.0532617963938882e-08,2.0532712857905062e-08
2007-11-29,1.529507630929601e-08,1.4363683543356254e-08,1.436369881698395e-08
2007-11-30,5.450514469396639e-08,5.0571724213452854e-08,5.0571653717015596e-08
2007-12-03,4.2544788571107366e-08,4.125708091046156e-08,4.125834375477513e-08
2007-12-04,2.098392065343985e-08,2.2823859991891802e-08,2.2825161857357004e-08
2007-12-05,2.0739163307230987e-08,1.8595991859687527e-08,1.859585703978617e-08
2007-12-06,3.86384465656335e-08,3.368349202016593e-08,3.368262222556496e-08
2007-12-07,1.544056219274992e-08,1.1712996101531038e-08,1.1712799003113749e-08
2007-12-10,3.524478072058321e-08,3.25187310392855e-08,3.251828241358728e-08
2007-12-11,1.9831857932774297e-08,1.4663583366306465e-08,1.466313907601621e-08
2007-12-12,2.952579269933372e-08,2.406231325426158e-08,2.406189749634365e-08
2007-12-13,1.9367831772306497e-08,1.592467750326918e-08,1.5924269286442254e-08
2007-12-14,6.78133860726661e-08,7.234151220415445e-08,7.234152708995533e-08
2007-12-17,3.864327976762312e-08,3.328225404495675e-08,3.3281475507862944e-08
2007-12-18,4.94983684429234e-08,4.518622810077379e-08,4.518474420828814e-08
2007-12-19,2.37898656333055e-08,2.0700498901240836e-08,2.0699305727579183e-08
2007-12-20,3.893127833824208e-08,4.037926574282575e-08,4.037984397970269e-08
2007-12-21,1.8454312583161165e-08,1.7076740904741627e-08,1.7077678330575194e-08
2007-12-24,1.5326788218991793e-08,1.1722721457989458e-08,1.1722780394451335e-08
2007-12-25,4.9226496754797114e-08,5.379275161268807e-08,5.379361393132575e-08
2007-12-26,5.101390453936318e-08,4.995336583780385e-08,4.9952499176795344e-08
2007-12-27,1.4735636451981458e-08,9.64659301019185e-09,9.646957431125397e-09
2007-12-28,2.268128046921983e-08,1.7973332657461413e-08,1.7973191077738735e-08
2007-12-31,1.4897740770913473e-08,1.1013399239074047e-08,1.1012671951264461e-08
2008-01-01,2.1124890461856273e-07,2.2459478767128627e-07,2.2459531316760707e-07
2008-01-02,2.337463953767343e-08,1.9743497816283583e-08,1.9748856089246205e-08
2008-01-03,4.241991974262214e-08,3.866776981560235e-08,3.866800226738753e-08
2008-01-04,4.8125136470798554e-08,5.198999449303217e-08,5.198836606357984e-08
2008-01-07,4.328411523368689e-08,4.01542295134607e-08,4.01535280298884e-08
2008-01-08,1.9927316848974736e-08,1.5381832795466297e-08,1.538124640412437e-08
2008-01-09,1.9267730290716002e-08,1.3962997602402063e-08,1.3962692369410626e-08
2008-01-10,6.065850193546428e-08,5.569830538593821e-08,5.569816869218193e-08
2008-01-11,2.640207682400004e-08,2.410842878576735e-08,2.410915997481983e-08
2008-01-14,1.513063556831418e-08,1.0819207341045541e-08,1.0818349780223207e-08
2008-01-15,2.8513858336692428e-08,2.4483156294939796e-08,2.4483291796961893e-08
2008-01-16,3.704264552171037e-08,4.413756122131725e-08,4.41369177864323e-08
2008-01-17,1.446556340269887e-07,1.495840896631738e-07,1.4958390894635522e-07
2008-01-18,8.539436775619996e-08,9.320758295466384e-08,9.320167815693047e-08
2008-01-21,8.288854339038482e-08,8.723893529224889e-08,8.723784000939975e-08
2008-01-22,9.935508299043069e-08,1.0684716396905654e-07,1.0684605291820318e-07
2008-01-23,1.4147989600502406e-07,1.388573117229847e-07,1.3885807042707862e-07
2008-01-24,7.937208446377167e-08,7.473552779969477e-08,7.473487088529974e-08
2008-01-25,2.9434797185054034e-08,3.192263581868034e-08,3.1924057721476906e-08
2008-01-28,3.2502521923097604e-08,3.2252079413539754e-08,3.2251983067647004e-08
2008-01-29,4.585326614959152e-08,4.5830560914715857e-08,4.582937867235884e-08
2008-01-30,2.0534182701422325e-08,2.027154728358006e-08,2.026880880346058e-08
2008-01-31,2.4426262178129266e-08,2.0980893187641743e-08,2.0980140663225777e-08
2008-02-01,2.514550828689553e-08,2.6528293941119483e-08,2.6528252083932553e-08
2008-02-04,1.1152664221451951e-07,1.0923270231365069e-07,1.0923344802581719e-07
2008-02-05,6.400005731744885e-08,6.25775898315921e-08,6.257894393614894e-08
2008-02-06,1.1128534609703773e-07,1.1221794352265669e-07,1.1221837856699936e-07
2008-02-07,3.362753826357392e-08,3.268028509161552e-08,3.268182386550537e-08
2008-02-08,7.301670093832143e-08,7.235932934398607e-08,7.236052428547225e-08
2008-02-11,5.671058487421689e-08,5.037236371043267e-08,5.037322449893047e-08
2008-02-12,1.6095854122264945e-08,1.6069499790309636e-08,1.6069052099456474e-08
2008-02-13,6.775328144525818e-08,6.607661747252347e-08,6.607839041984128e-08
2008-02-14,2.8054269335038357e-07,2.8411482680774243e-07,2.841094051057225e-07
2008-02-15,1.0489973239137895e-06,1.023152357040304e-06,1.0231086964246462e-06
2008-02-18,2.2026054358181444e-07,1.8595828088757434e-07,1.8593033200686844e-07
2008-02-19,3.8354457241221514e-08,4.700295981418099e-08,4.700839437244657e-08
2008-02-20,4.81816053114031e-08,5.1427016374608175e-08,5.142734756293992e-08
2008-02-21,4.2473317915020706e-08,4.764109633147089e-08,4.7641488008859647e-08
2008-02-22,5.967893387818316e-08,6.653312926277857e-08,6.653110487682866e-08
2008-02-25,1.0897676500391246e-07,1.0525627729318452e-07,1.0526109774498763e-07
2008-02-26,4.251443284745614e-08,4.795707468183318e-08,4.796018177787978e-08
2008-02-27,5.2986823363936464e-08,5.6980380522197764e-08,5.697956789085833e-08
2008-02-28,2.2319574664614642e-07,2.069299046281062e-07,2.0693143380942198e-07
2008-02-29,2.7760938525806386e-08,3.3072840214643975e-08,3.307608156084846e-08
2008-03-03,2.1553409604638742e-08,2.6417969742278876e-08,2.6416402628586147e-08
2008-03-04,8.803906896217556e-08,8.055318070503146e-08,8.055473925252734e-08
2008-03-05,2.2802938268885374e-08,2.624215242815591e-08,2.6244534306162277e-08
2008-03-06,1.0668729825133507e-07,9.771505488972923e-08,9.771662096430464e-08
2008-03-07,3.14515952976697e-08,3.4494131798440947e-08,3.449711741741507e-08
2008-03-10,1.9561096100197112e-08,2.149437973369795e-08,2.1492615284730783e-08
2008-03-11,5.8588034576674165e-08,5.7940247997342045e-08,5.793921803391718e-08
2008-03-12,1.193577206214866e-07,1.2689832846450652e-07,1.2690063949237958e-07
2008-03-13,7.671256737044279e-08,7.562012887749163e-08,7.561813730943305e-08
2008-03-14,8.781083073056103e-08,8.825285063029855e-08,8.8252579653677e-08
2008-03-17,3.283894222592819e-08,3.31472303590432e-08,3.3148473014260695e-08
2008-03-18,6.105900274857565e-08,5.8186210425518585e-08,5.818631763503637e-08
2008-03-19,6.869309474511935e-08,7.014527555937433e-08,7.014688931577546e-08
2008-03-20,8.855402325133961e-08,8.823404182268658e-08,8.823433954044771e-08
2008-03-21,1.8460181286378408e-08,2.2309928028977016e-08,2.2310308391530463e-08
2008-03-24,1.4106003466819114e-08,1.262747879593994e-08,1.2627420059606937e-08
2008-03-25,2.4926291650515342e-08,2.2927062928711667e-08,2.2927131982358236e-08
2008-03-26,2.0576001385625995e-08,1.9027806088541692e-08,1.9027308748025828e-08
2008-03-27,1.38081398107157e-07,1.393785517727474e-07,1.393794017650114e-07
2008-03-28,2.5181438381344943e-08,2.3833263362563933e-08,2.3836470749148156e-08
2008-03-31,3.73775702912115e-08,3.772777132816862e-08,3.772695175524417e-08
2008-04-01,6.203892648474294e-08,6.103651734203679e-08,6.103702756776577e-08
2008-04-02,5.751603372699252e-08,5.758107771702389e-08,5.758071741241638e-08
2008-04-03,3.61177348339875e-08,3.355003471152788e-08,3.3549356596130233e-08
2008-04-04,9.424288498313748e-08,8.795346041202248e-08,8.795437621255859e-08
2008-04-07,4.134660379706635e-08,3.9268432350516114e-08,3.926918711961709e-08
2008-04-08,2.1880740487520856e-08,1.915767469183405e-08,1.915831044432169e-08
2008-04-09,4.666540458865437e-08,4.336624926429552e-08,4.336671823005282e-08
2008-04-10,2.892974225503303e-08,2.642857981142985e-08,2.642737886426826e-08
2008-04-11,4.7707410594543784e-08,4.323579841080555e-08,4.3235126496949185e-08
2008-04-14,2.675781672925445e-08,2.305585842143387e-08,2.305465167177398e-08
2008-04-15,6.371838817624361e-08,6.299822155089383e-08,6.299714920971606e-08
2008-04-16,3.429700762645436e-08,3.1508194629658196e-08,3.1508612363487814e-08
2008-04-17,8.175583141632171e-08,7.869114403360829e-08,7.869281472574774e-08
2008-04-18,2.9287254914875705e-08,2.6452539998013163e-08,2.6454012464428715e-08
2008-04-21,3.8010541914931483e-08,3.454658240704438e-08,3.4546154668151454e-08
2008-04-22,2.4870295559613246e-08,2.3770198506914018e-08,2.3770595776433424e-08
2008-04-23,5.6841133081870014e-08,6.372745759025113e-08,6.372821734813609e-08
2008-04-24,1.3817281496691377e-07,1.3711055855936529e-07,1.3710695157129383e-07
2008-04-25,3.195040008888345e-08,2.8871219352289233e-08,2.8870333631043195e-08
2008-04-28,1.929220501136343e-07,1.8429835844404355e-07,1.8429323112573787e-07
2008-04-29,7.447879758866358e-08,7.803838841828426e-08,7.804098238380961e-08
2008-04-30,2.1253630223916896e-08,1.9823335024110273e-08,1.9824160610014928e-08
2008-05-01,3.879726195449734e-08,3.7986212745775136e-08,3.798549983790461e-08
2008-05-02,4.9493118142638326e-08,4.3331508077148677e-08,4.333115420343659e-08
2008-05-05,3.271524295484292e-08,2.678523095591306e-08,2.6784673268477095e-08
2008-05-06,1.651970489113336e-08,1.4592596753873642e-08,1.4592688630399876e-08
2008-05-07,6.584381377205064e-08,6.479924258665624e-08,6.479838309561898e-08
2008-05-08,2.4934493032231425e-08,2.6188281393177447e-08,2.6183949161969337e-08
2008-05-09,1.895045521316409e-08,1.8826224829979776e-08,1.88265397929138e-08
2008-05-12,2.6544416371230036e-08,2.249618410687306e-08,2.2495659151216513e-08
2008-05-13,5.048322299286677e-08,5.044920030132074e-08,5.0450241857954464e-08
2008-05-14,3.915595871411665e-08,3.311991104691158e-08,3.3120173334954885e-08
2008-05-15,3.1834125844186085e-08,2.825733732057121e-08,2.825766114283438e-08
2008-05-16,2.3088327440219946e-08,1.9113329462511696e-08,1.911292982079281e-08
2008-05-19,1.791346766810791e-08,1.2627747268208414e-08,1.262757741348856e-08
2008-05-20,1.597495636056735e-08,1.1407369094535939e-08,1.1407113196572617e-08
2008-05-21,3.762950453459279e-08,3.156847590946687e-08,3.1567838902357695e-08
2008-05-22,2.5120652862951044e-08,1.9909401947286866e-08,1.990905967429094e-08
2008-05-23,4.374871169769403e-08,4.4906290544927316e-08,4.4906793902709214e-08
2008-05-26,4.12774778371028e-08,4.650378025243906e-08,4.6503270407730906e-08
2008-05-27,1.4008707815779773e-08,7.96243957127277e-09,7.963623763194711e-09
2008-05-28,2.5065294212863536e-08,2.5578489810963058e-08,2.5578689935896984e-08
2008-05-29,1.416090688529487e-08,1.2618175378385647e-08,1.261878871205219e-08
2008-05-30,1.8574175591043117e-08,1.2570861592812445e-08,1.2571098836873752e-08
2008-06-02,2.5668584140011995e-08,2.2860225543527724e-08,2.2860251841355155e-08
2008-06-03,1.8060936436743662e-08,1.143750989889614e-08,1.1437331464041792e-08
2008-06-04,5.752699650312257e-08,5.6569855928365984e-08,5.6569980861943655e-08
2008-06-05,1.5495269221373587e-08,9.068283942333377e-09,9.068008959544893e-09
2008-06-06,2.242305717926825e-08,1.9035387993725302e-08,1.903556395056325e-08
2008-06-09,6.037711277115716e-08,6.141894945388001e-08,6.141876440838342e-08
2008-06-10,2.087338631677525e-08,1.551407682266044e-08,1.5515389430636284e-08
2008-06-11,7.431337771051317e-08,7.903051405551703e-08,7.903164702066328e-08
2008-06-12,2.0800409962643848e-08,1.5358204362842845e-08,1.53609407751875e-08
2008-06-13,5.9237269217211216e-08,5.4816880345171976e-08,5.4816845609549586e-08
2008-06-16,7.405639664867449e-08,6.441881716656765e-08,6.441991366839435e-08
2008-06-17,3.6942503340971855e-08,3.802861582942298e-08,3.802996507403174e-08
2008-06-18,2.4396939124679862e-08,2.0860852799490248e-08,2.086178314750733e-08
2008-06-19,2.1940420847289168e-07,2.3454839652869975e-07,2.3455172848131492e-07
2008-06-20,5.911618763655499e-08,5.446483489762209e-08,5.446286563319345e-08
2008-06-23,6.41309326010633e-08,6.16473306507371e-08,6.164813164211098e-08
2008-06-24,4.018400688798292e-08,4.376407635094947e-08,4.376530266195985e-08
2008-06-25,1.5852692089591093e-08,1.3687804202975531e-08,1.3687318547574172e-08
2008-06-26,1.6441365642966777e-08,1.3732645918528888e-08,1.3732642497249517e-08
2008-06-27,1.5009251795041998e-08,1.2322428367616895e-08,1.2322547008759454e-08
2008-06-30,4.676370829189542e-07,4.7152194055708163e-07,4.7152419547087324e-07
2008-07-01,1.6837105671842305e-08,1.6252903028701776e-08,1.626102479879495e-08
2008-07-02,5.182589974156696e-08,5.004814483080181e-08,5.0047615020467564e-08
2008-07-03,1.5229338865885147e-08,1.2205826469608027e-08,1.220449365416617e-08
2008-07-04,4.2739883047133827e-08,4.226519806196952e-08,4.226522391309662e-08
2008-07-07,2.5569665904807204e-08,2.3150704333494293e-08,2.3150459697942115e-08
2008-07-08,8.650569310842955e-08,9.787532175933458e-08,9.787639825921685e-08
2008-07-09,4.83643281423459e-08,4.3155712334550856e-08,4.315790464563004e-08
2008-07-10,7.025609776480483e-08,7.865357507675e-08,7.86543999794167e-08
2008-07-11,4.1404747923159605e-08,4.343420220963478e-08,4.3435065767413586e-08
2008-07-14,2.945335687968507e-08,2.5266213155493896e-08,2.5266091886458515e-08
2008-07-15,1.2762147605598518e-08,9.84701283556969e-09,9.84633083146707e-09
2008-07-16,1.833232971019795e-08,1.6267793079857284e-08,1.6267904607765618e-08
2008-07-17,1.596255429067084e-08,1.2725820885519069e-08,1.2725938804607095e-08
2008-07-18,2.8738874473974395e-08,2.4826147637303878e-08,2.4825662259918973e-08
2008-07-21,1.4709841168595588e-08,1.0020478403103654e-08,1.0019747490170067e-08
2008-07-22,2.0017927862491597e-08,1.6920885222249907e-08,1.692101370926105e-08
2008-07-23,2.0974537101358536e-08,1.5549362304230612e-08,1.5549568644793248e-08
2008-07-24,1.886057780300089e-08,1.5206131657578848e-08,1.520617696535289e-08
2008-07-25,4.9937777183726884e-08,4.392450566643925e-08,4.392327716417003e-08
2008-07-28,1.4579487753784504e-08,8.738312712826712e-09,8.738109627838132e-09
2008-07-29,1.865292442802333e-08,1.919843072602496e-08,1.919853050178266e-08
2008-07-30,1.6641116147881064e-08,1.0151103107054382e-08,1.0151828329697581e-08
2008-07-31,1.6963286411300895e-08,1.0304893937695543e-08,1.0304253148564469e-08
2008-08-01,1.8135926356945488e-08,1.1523835059568005e-08,1.1523447946323094e-08
2008-08-04,1.5075230119903e-08,1.151786834007426e-08,1.1518045291179026e-08
2008-08-05,1.5928906506415585e-08,9.501359993174823e-09,9.50132477278721e-09
2008-08-06,1.9770974039359176e-08,2.1126065587180025e-08,2.112662925560691e-08
2008-08-07,1.7602830160562683e-08,1.3756115551683639e-08,1.3756497541536375e-08
2008-08-08,1.1510988093512532e-07,1.246709561764309e-07,1.246712164696751e-07
2008-08-11,1.7418068720847315e-08,1.765543577033252e-08,1.765574382439151e-08
2008-08-12,2.0393509494146626e-08,1.948300391874488e-08,1.948312066354476e-08
2008-08-13,1.6841844672840386e-08,1.1225624483405374e-08,1.1225793680385764e-08
2008-08-14,3.93353793379639e-08,3.501412441891018e-08,3.501461718085195e-08
2008-08-15,2.7580456501138192e-08,2.512749614261455e-08,2.5126036819307138e-08
2008-08-18,7.948918245442144e-08,7.981498466319907e-08,7.981553970296256e-08
2008-08-19,1.28287136779767e-07,1.3163404715619122e-07,1.316315148758799e-07
2008-08-20,2.2086201101872025e-08,1.7970270588363963e-08,1.7972440442330738e-08
2008-08-21,2.885585345284202e-08,2.3962582773136254e-08,2.396153002480372e-08
2008-08-22,4.373732745689876e-08,4.541245581160463e-08,4.541226498920683e-08
2008-08-25,2.5430030074051878e-08,2.166651867380984e-08,2.1666530628442163e-08
2008-08-26,2.3047784846932954e-08,1.9656886431842505e-08,1.9656480339036992e-08
2008-08-27,4.837561711855888e-08,4.9125342787725985e-08,4.91254738310311e-08
2008-08-28,3.6693537508395924e-08,3.1390855307653004e-08,3.1389395732775476e-08
2008-08-29,1.20326177189892e-08,1.2357717500203877e-08,1.2357591892104106e-08
2008-09-01,5.889464111023634e-08,6.226854518188106e-08,6.226875702451274e-08
2008-09-02,2.3597581809053518e-08,2.07782987509963e-08,2.077745331857343e-08
2008-09-03,3.173578380656101e-08,2.9093030489096806e-08,2.9092666300354942e-08
2008-09-04,2.437398543739136e-08,2.3823035725179276e-08,2.3822636335479076e-08
2008-09-05,1.822513766580797e-08,1.3526577688688916e-08,1.3526585504446064e-08
2008-09-08,3.5308682524646265e-08,3.0561976714121274e-08,3.056228031666074e-08
2008-09-09,2.6373064007886192e-08,2.1185611357132636e-08,2.1184634327031496e-08
2008-09-10,5.375068336551851e-07,5.519940557868179e-07,5.51999149446821e-07
2008-09-11,7.132776644804878e-08,7.600145013592994e-08,7.600318419095541e-08
2008-09-12,5.026697368984501e-07,4.84484707491899e-07,4.844910944166057e-07
2008-09-15,3.4393172381574854e-08,3.826388630170738e-08,3.8272907159822645e-08
2008-09-16,3.498971449596183e-08,3.712563534023617e-08,3.7124295199585004e-08
2008-09-17,3.132059506621749e-07,2.7880589799415864e-07,2.788091961041194e-07
2008-09-18,2.9545697943883075e-07,2.7674462560745277e-07,2.767389638346542e-07
2008-09-19,2.2690371309146703e-07,2.1048381074427024e-07,2.1047501400343827e-07
2008-09-22,4.9817796305502315e-08,6.04545948676863e-08,6.045807324949934e-08
2008-09-23,5.6697685616802085e-08,6.52698063501083e-08,6.526942949275112e-08
2008-09-24,2.2899420481778212e-08,3.035259384291027e-08,3.0352947796526523e-08
2008-09-25,1.3932853461286528e-07,1.2536859744602784e-07,1.2536868034899403e-07
2008-09-26,7.038218745868964e-08,6.862746823065092e-08,6.862677645713138e-08
2008-09-29,2.9251349187633945e-08,3.7344525185032354e-08,3.734281660935753e-08
2008-09-30,2.426808531669843e-07,2.1741349944739978e-07,2.174160212510967e-07
2008-10-01,2.523571812506696e-08,2.9082720358966362e-08,2.908530112567519e-08
2008-10-02,4.09135292254949e-08,4.196351329469702e-08,4.196282277747504e-08
2008-10-03,2.2017744590926243e-08,2.3719099149747137e-08,2.371836184555075e-08
2008-10-06,2.5998666847917445e-07,2.5688305186104627e-07,2.568838655150207e-07
2008-10-07,2.3561028785579104e-07,2.041068257161884e-07,2.041062211175183e-07
2008-10-08,2.770585871245003e-08,3.7014722652434336e-08,3.701544609527098e-08
2008-10-09,8.424085378232505e-08,8.208340882868951e-08,8.208261249509821e-08
2008-10-10,3.185255255466238e-08,3.416774218574049e-08,3.4166165339130524e-08
2008-10-13,1.7343057007318904e-08,2.2333379935691767e-08,2.233227001112297e-08
2008-10-14,3.3299965787737245e-08,3.4156199861483666e-08,3.4156313412568846e-08
2008-10-15,2.9462604185938204e-08,2.3754586052101053e-08,2.3754458337049464e-08
2008-10-16,2.9140837657585274e-08,2.9050198448053833e-08,2.9051367251936786e-08
2008-10-17,2.3617248910900613e-08,2.182807098921946e-08,2.182752076044045e-08
2008-10-20,5.110280271479904e-08,4.4641274436542276e-08,4.464078143592333e-08
2008-10-21,5.0242080485551095e-08,4.227348544825581e-08,4.227512617315008e-08
2008-10-22,1.7794852257712518e-08,1.5039193154300483e-08,1.504009765250721e-08
2008-10-23,3.342871981535034e-08,3.0124401647681094e-08,3.012435313918004e-08
2008-10-24,2.3606803475664306e-08,1.8654657555551593e-08,1.865524772493846e-08
2008-10-27,8.522579985053216e-08,8.689171335041724e-08,8.6890819455148e-08
2008-10-28,2.7125993020246836e-08,2.139758080075909e-08,2.1399416995719978e-08
2008-10-29,4.341985985939522e-08,3.77555448132464e-08,3.7755750967134295e-08
2008-10-30,1.5417701654486543e-08,1.6531058148834716e-08,1.65291188252563e-08
2008-10-31,6.321112233599173e-08,5.881138378310787e-08,5.881121128225418e-08
2008-11-03,1.7241780801501762e-08,1.4269457523098443e-08,1.4270311527925678e-08
2008-11-04,2.2080238203462634e-08,1.993822738675597e-08,1.9937903829137383e-08
2008-11-05,4.876699704695836e-08,4.047592386036282e-08,4.0475274755393854e-08
2008-11-06,2.0328965675192516e-08,1.6270355053463767e-08,1.6269228780252067e-08
2008-11-07,1.7884748487695297e-08,1.664600932669613e-08,1.664619432257498e-08
2008-11-10,2.8728274223895943e-08,2.9122189524035582e-08,2.9122550367931016e-08
2008-11-11,1.4599555467942181e-08,1.058058468649161e-08,1.0580195908130134e-08
2008-11-12,3.784459192207642e-08,3.680846699372413e-08,3.680845512754977e-08
2008-11-13,3.054238307873504e-08,2.6990039433284783e-08,2.698845749631756e-08
2008-11-14,5.5742842793519226e-08,5.93813526790813e-08,5.9381607747406116e-08
2008-11-17,4.026846986612473e-08,3.623420217925804e-08,3.623596487385753e-08
2008-11-18,6.253231771395878e-08,6.050757962161437e-08,6.050641627279898e-08
2008-11-19,3.331730073674953e-07,3.4284695599741713e-07,3.428521501315647e-07
2008-11-20,1.880426079671861e-08,1.7336399289386476e-08,1.7341028679842023e-08
2008-11-21,6.077459058058797e-08,5.7634122207597853e-08,5.763364051943147e-08
2008-11-24,3.0812002372927516e-08,3.069900782862152e-08,3.069841446611247e-08
2008-11-25,4.5601296553424376e-08,4.381342525013726e-08,4.381335581688718e-08
2008-11-26,1.5106173594481602e-08,1.4791279566915409e-08,1.4789800670500794e-08
2008-11-27,1.157628508900858e-08,8.601244420993552e-09,8.600847645164862e-09
2008-11-28,3.042984194501409e-08,2.535898953172002e-08,2.5358595853372184e-08
2008-12-01,9.693210994084417e-08,1.039664252647154e-07,1.0396952473716899e-07
2008-12-02,2.6573652983768445e-08,2.286444583631549e-08,2.2867043897563293e-08
2008-12-03,1.4442572421955901e-08,1.4658587125052951e-08,1.4658441960464587e-08
2008-12-04,2.1964572420547446e-08,1.7204953591018866e-08,1.7205116095350798e-08
2008-12-05,2.7987447879002556e-08,2.3484558225940003e-08,2.348387007920563e-08
2008-12-08,2.6382120685408085e-08,2.0988438820811057e-08,2.09880664924676e-08
2008-12-09,1.2271406230557819e-08,6.9682194149148005e-09,6.968103799861907e-09
2008-12-10,2.2510309638184395e-08,2.131881331939966e-08,2.1318842440242724e-08
2008-12-11,1.6128078026373753e-08,1.3559673734412554e-08,1.3559726589145927e-08
2008-12-12,1.3486732428440416e-08,7.563984166764334e-09,7.563568182517973e-09
2008-12-15,3.55689310599694e-08,2.924108844027507e-08,2.9241102363186188e-08
2008-12-16,6.368058276422245e-08,8.08286647805567e-08,8.083002295282738e-08
2008-12-17,4.362679810525649e-08,4.551895828303304e-08,4.5517167468815154e-08
2008-12-18,3.7244644037222306e-08,3.495810541414919e-08,3.4958380843907716e-08
2008-12-19,7.274200459238838e-08,7.912322064208733e-08,7.912399603278534e-08
2008-12-22,2.4787641138134608e-08,2.2200648947404765e-08,2.2201888074628116e-08
2008-12-23,3.113281184628432e-08,2.9341877731607638e-08,2.9341804734309524e-08
2008-12-24,4.6390724803125115e-08,4.168603746016532e-08,4.168626901601776e-08
2008-12-25,2.8401590773106546e-08,2.2495696900250423e-08,2.249430668644912e-08
2008-12-26,2.1981021631201068e-08,1.7516474038228117e-08,1.751580499074883e-08
2008-12-29,1.0216272901214127e-07,9.923861153537445e-08,9.923874047684642e-08
2008-12-30,1.6110818318916755e-08,1.2358241836776567e-08,1.235868489980169e-08
2008-12-31,4.456373138234248e-08,3.977928615927384e-08,3.977941071434508e-08
2009-01-01,2.3000696203733954e-08,1.9440449282640728e-08,1.9440608856739183e-08
2009-01-02,3.495018629418261e-08,2.99952828379299e-08,2.9994415916972346e-08
2009-01-05,2.0855772884696924e-08,1.654170596371633e-08,1.654093577108142e-08
2009-01-06,1.7062915368231594e-08,1.1065386925853291e-08,1.106468426340317e-08
2009-01-07,2.66611752674251e-08,2.1544793357232402e-08,2.154522952036459e-08
2009-01-08,2.0979333758370345e-08,1.5033792335452007e-08,1.5034488214024474e-08
2009-01-09,2.2977043931230876e-08,1.7261733611446152e-08,1.726164411365257e-08
2009-01-12,1.568390628414717e-08,9.875622438238605e-09,9.875147037301421e-09
2009-01-13,1.0237883857029841e-08,5.22484808391458e-09,5.22459604352343e-09
2009-01-14,1.5715642009014894e-08,8.877484106004194e-09,8.877488166806783e-09
2009-01-15,1.868823638837433e-08,1.1752051474794865e-08,1.1751366802571809e-08
2009-01-16,2.5109166121448782e-08,2.7118311615746463e-08,2.7118351966218355e-08
2009-01-19,1.613281249211622e-08,1.1140225685498088e-08,1.1140616698513155e-08
2009-01-20,2.926807373592063e-08,2.3125456235001162e-08,2.312519303223195e-08
2009-01-21,1.6482560478640595e-08,9.109053077721388e-09,9.108592127692402e-09
2009-01-22,1.942099290753855e-08,1.1806582818589237e-08,1.180616526176158e-08
2009-01-23,2.1166367676959045e-08,1.6753682911951485e-08,1.6753051058380966e-08
2009-01-26,5.132571304504526e-08,6.349824154660082e-08,6.349819526336385e-08
2009-01-27,2.4589862637577746e-08,1.8932816315045338e-08,1.8933531559233058e-08
2009-01-28,1.6329576639526808e-08,9.932643864108371e-09,9.932621842286843e-09
2009-01-29,1.5138240145506238e-08,1.9607704048660733e-08,1.9607750038595522e-08
2009-01-30,1.6246408678526393e-08,9.170051708978124e-09,9.170463719547773e-09
2009-02-02,6.313484466197019e-08,7.505564301388185e-08,7.505686593297145e-08
2009-02-03,1.8091352282273464e-08,1.1823569245271112e-08,1.1825615361948055e-08
2009-02-04,2.8114553082542997e-08,2.607455493538513e-08,2.60743081384322e-08
2009-02-05,2.957773217564766e-08,2.4608094956504628e-08,2.4608261326362928e-08
2009-02-06,2.2152798404936914e-08,1.7429121192138365e-08,1.742779199327887e-08
2009-02-09,2.5960435158298462e-08,2.6264265985417764e-08,2.626440800162699e-08
2009-02-10,2.4347279204871147e-08,1.9993885629551398e-08,1.999408749509693e-08
2009-02-11,2.996570666015817e-08,2.573341145039498e-08,2.573375676947606e-08
2009-02-12,8.507398951335382e-08,9.570154645128989e-08,9.570357392405129e-08
2009-02-13,1.2176677559953543e-08,7.914741577232456e-09,7.916992908815141e-09
2009-02-16,4.277442006488855e-08,3.874697345157634e-08,3.874682357642525e-08
2009-02-17,1.3199875390917946e-07,1.4731315554890334e-07,1.4731577916143602e-07
2009-02-18,4.0098042248997095e-07,4.0859451501863213e-07,4.0857012719260883e-07
2009-02-19,5.455058154896762e-08,4.834225667941516e-08,4.8340373198564135e-08
2009-02-20,3.062890357858831e-08,3.175280678242274e-08,3.1752836949108485e-08
2009-02-23,4.970834717767454e-08,4.880743009062018e-08,4.8806958533467373e-08
2009-02-24,1.3653495865233216e-07,1.3251341194606243e-07,1.3251372264109427e-07
2009-02-25,3.2799387774118084e-08,3.035183961838542e-08,3.034785772417221e-08
2009-02-26,3.4797533847818814e-08,3.435768365743101e-08,3.435709857832415e-08
2009-02-27,6.381488023275198e-08,6.571855482218609e-08,6.571698621977411e-08
2009-03-02,2.047321184223183e-08,2.0203161116409542e-08,2.0203595580886407e-08
2009-03-03,1.6744613781535586e-08,1.531820981175084e-08,1.531762762997411e-08
2009-03-04,1.792716030169153e-08,1.4268741743869275e-08,1.426823208765647e-08
2009-03-05,1.237432877030998e-07,1.323223715767973e-07,1.3232272645467506e-07
2009-03-06,2.5454226596250996e-08,2.271711335496844e-08,2.2718919146507365e-08
2009-03-09,3.973118703383331e-08,3.7455451429372596e-08,3.745471062967505e-08
2009-03-10,6.917221308153974e-08,7.547258037967833e-08,7.547502515406106e-08
2009-03-11,2.283434190675216e-08,2.1997962509972862e-08,2.2000603761128936e-08
2009-03-12,1.90784901947871e-08,1.6945318674649655e-08,1.694432936092912e-08
2009-03-13,2.9240595941856473e-07,2.903454086412741e-07,2.9034731895789983e-07
2009-03-16,2.290550727633079e-08,2.405023645343308e-08,2.405416393877692e-08
2009-03-17,4.374897086146027e-08,4.271295460475131e-08,4.271111260908624e-08
2009-03-18,2.0855870547174665e-08,1.872725493968824e-08,1.8726284754638282e-08
2009-03-19,1.913876822564385e-08,1.7380238432280327e-08,1.7379985445030402e-08
2009-03-20,4.0062585272594204e-08,4.118698635319319e-08,4.1187093880143495e-08
2009-03-23,5.961898102419925e-08,5.507458532060397e-08,5.507514037331251e-08
2009-03-24,6.931559306626667e-08,6.069021418002602e-08,6.069032728171762e-08
2009-03-25,6.398602695869427e-08,6.726646150158906e-08,6.726604787775238e-08
2009-03-26,6.923635540359057e-08,6.300997341840286e-08,6.30079285943368e-08
2009-03-27,5.815828024452913e-08,5.0886273339942625e-08,5.088711047674357e-08
2009-03-30,2.8485583137405447e-08,3.052588239960563e-08,3.0524933538404905e-08
2009-03-31,2.7126442241574785e-08,2.8081149901008202e-08,2.8080499601086056e-08
2009-04-01,5.321367930781172e-08,5.165609512924706e-08,5.1655056910461295e-08
2009-04-02,4.639680812176245e-08,4.589742629431685e-08,4.589696403937981e-08
2009-04-03,1.7542392191231285e-08,1.5785517980014107e-08,1.5784520779392907e-08
2009-04-06,2.2724844411283031e-07,2.2604607244790693e-07,2.2604827229201384e-07
2009-04-07,1.7980384677678552e-08,1.7566120968971574e-08,1.7571500609461748e-08
2009-04-08,3.4433072634910074e-08,3.119667572825101e-08,3.119593042534952e-08
2009-04-09,6.362212827320544e-07,6.213123060481865e-07,6.213197428407998e-07
2009-04-10,9.758775952484516e-08,9.460361866689929e-08,9.461067367095516e-08
2009-04-13,3.216904248505534e-08,3.6813859387771875e-08,3.68148477176546e-08
2009-04-14,2.1626462195929182e-08,2.5488449721701817e-08,2.5487909003886657e-08
2009-04-15,1.6100294426186943e-08,2.1281461271099345e-08,2.128081436889052e-08
2009-04-16,6.508592073399535e-08,5.9273508429110697e-08,5.927399745485168e-08
2009-04-17,2.3380504396918395e-08,2.4460908384523865e-08,2.44619243215431e-08
2009-04-20,1.743004223644143e-08,1.7853135641673837e-08,1.7852578490397106e-08
2009-04-21,2.1455016191027497e-08,2.0723123968211376e-08,2.072265021957641e-08
2009-04-22,6.696032867455953e-08,6.917857044593134e-08,6.917951147962439e-08
2009-04-23,1.540902949090676e-08,1.4573573233042348e-08,1.4575361553980593e-08
2009-04-24,1.735343625984432e-08,1.4538474245782103e-08,1.4538200878969138e-08
2009-04-27,1.670962541732561e-08,1.3481284635753279e-08,1.3480916223878482e-08
2009-04-28,4.5404168694105114e-08,4.0743803774024766e-08,4.074348216248151e-08
2009-04-29,2.9025116827889325e-08,2.3330261387122557e-08,2.3331479270489403e-08
2009-04-30,1.866761495270349e-07,1.8537523141784222e-07,1.8537337912679972e-07
2009-05-01,3.79043626585293e-08,3.501718123854755e-08,3.502099953391381e-08
2009-05-04,2.50441176030774e-08,2.2224752671862943e-08,2.2223449018319676e-08
2009-05-05,3.1831243624578574e-08,2.6861033650433346e-08,2.686068163591992e-08
2009-05-06,3.143968694474247e-08,3.3176967205198846e-08,3.317570461820535e-08
2009-05-07,1.1640592284931253e-06,1.1747654619757529e-06,1.1747762815434508e-06
2009-05-08,2.9432750409859916e-08,3.044601218646591e-08,3.046306174656654e-08
2009-05-11,3.4414777083876444e-08,2.740017462257306e-08,2.7400203213779604e-08
2009-05-12,2.2113957514331371e-07,1.9903454050989222e-07,1.990357663200243e-07
2009-05-13,3.118966832736623e-08,3.5361104225758495e-08,3.536462908490403e-08
2009-05-14,6.035608096893061e-08,6.337862830072756e-08,6.337881018631206e-08
2009-05-15,2.5108901297534946e-08,2.5541354308424063e-08,2.554074530640862e-08
2009-05-18,2.211975035014184e-08,2.435024509305488e-08,2.4349864191979805e-08
2009-05-19,2.9003596546497905e-08,2.68476874046911e-08,2.684816066360004e-08
2009-05-20,5.192868185188925e-08,5.017733611943545e-08,5.0178200822654226e-08
2009-05-21,6.860024071942999e-08,6.33102531519513e-08,6.330970008202308e-08
2009-05-22,2.2875135469581333e-08,2.7729406449745504e-08,2.7730914164430785e-08
2009-05-25,3.488145660362413e-08,3.3804458281191595e-08,3.3803201834843815e-08
2009-05-26,7.200368570706337e-08,6.638379659695843e-08,6.638324620699115e-08
2009-05-27,4.57792904120595e-08,4.22563068685509e-08,4.225743492211447e-08
2009-05-28,7.610190823995e-08,7.368119284953118e-08,7.36806770183464e-08
2009-05-29,2.5347722107342663e-08,2.4751318153822652e-08,2.4750213079760806e-08
2009-06-01,2.0009014151334326e-08,1.9265719764324688e-08,1.9265298178335164e-08
2009-06-02,1.9385593310420587e-07,2.0177978411373462e-07,2.0178251067096333e-07
2009-06-03,7.387042980832674e-08,7.304888172754223e-08,7.305508853116224e-08
2009-06-04,1.4272556236513804e-07,1.4248479007181468e-07,1.4248971248318138e-07
2009-06-05,5.721633943913632e-08,6.32384302013955e-08,6.323778173533711e-08
2009-06-08,8.759391629449072e-08,8.759738046984931e-08,8.759924605820247e-08
2009-06-09,2.3872566933929104e-07,2.3515645590776632e-07,2.3516270306658754e-07
2009-06-10,6.710845270715487e-08,6.574524342299362e-08,6.574948953182226e-08
2009-06-11,2.702443816183398e-08,3.182405662136478e-08,3.1823661327324046e-08
2009-06-12,4.347037866383414e-08,3.87349791631991e-08,3.873531962775724e-08
2009-06-15,7.029667765198399e-08,7.257781684045154e-08,7.257857052125725e-08
2009-06-16,2.2906969566546726e-08,2.6323434308005697e-08,2.632093926745085e-08
2009-06-17,3.9169275766987655e-08,3.688772257621004e-08,3.688734772817464e-08
2009-06-18,3.7404754659673446e-08,3.739669085509284e-08,3.739662068831368e-08
2009-06-19,4.7253332441550645e-08,4.6128284410691666e-08,4.612745582321812e-08
2009-06-22,1.4162162035037829e-08,1.3415986898513404e-08,1.3414060734063474e-08
2009-06-23,2.2029515530820708e-07,2.1817549072833071e-07,2.1817546493641265e-07
2009-06-24,7.611309778717903e-08,6.777307680932544e-08,6.77676456775732e-08
2009-06-25,5.8243470720374044e-08,5.636539218716522e-08,5.6363704489474154e-08
2009-06-26,1.0668133176236263e-06,1.054117031656837e-06,1.0541091453462885e-06
2009-06-29,2.195709332741139e-08,2.5691305382840307e-08,2.5695864257283412e-08
2009-06-30,6.930710544628937e-08,6.084048919931884e-08,6.084088414303034e-08
2009-07-01,2.9787408034215673e-08,3.987807752627317e-08,3.9877634845508987e-08
2009-07-02,1.102596508668011e-07,1.0328763241902309e-07,1.0328723211226132e-07
2009-07-03,2.258599414018471e-08,3.1153863502278323e-08,3.115248824064969e-08
2009-07-06,1.467594967015847e-07,1.3768323110067656e-07,1.3768465404467497e-07
2009-07-07,1.3780475452107954e-07,1.2333299668239308e-07,1.233385856833969e-07
2009-07-08,3.4450044060616035e-08,4.3950517441118575e-08,4.3951837836033946e-08
2009-07-09,3.571231032926283e-07,3.1712955607046304e-07,3.1713410351788144e-07
2009-07-10,6.420336922470869e-08,6.025520973497107e-08,6.025716295457201e-08
2009-07-13,4.6551861179699606e-08,5.55030417169781e-08,5.550245694225013e-08
2009-07-14,1.2889206523712868e-07,1.2161299254911657e-07,1.21612507822652e-07
2009-07-15,2.527674445537677e-08,3.5707689073004805e-08,3.570758161289542e-08
2009-07-16,4.686363728256577e-08,4.416911375970065e-08,4.416778356937474e-08
2009-07-17,1.9919399019285005e-07,1.788179994022231e-07,1.7882125496067118e-07
2009-07-20,3.7718815949478513e-07,3.2545457006789536e-07,3.254380805251803e-07
2009-07-21,1.6609733205479315e-07,1.2936609901654743e-07,1.2935471090269425e-07
2009-07-22,1.0228207301069116e-07,8.432562712038896e-08,8.432062320427204e-08
2009-07-23,4.725680127130488e-08,5.738100553418326e-08,5.7382363305843815e-08
2009-07-24,8.697249070263488e-07,7.465648304990769e-07,7.465721765188196e-07
2009-07-27,1.2284038584918195e-07,1.029951787196302e-07,1.0298273687171093e-07
2009-07-28,1.1364707405074372e-07,1.4590897066087436e-07,1.4591122388550368e-07
2009-07-29,3.4098061855622035e-08,5.914387299859913e-08,5.9136238869360945e-08
2009-07-30,3.4154214303672864e-08,3.4306798065393325e-08,3.430716947958504e-08
2009-07-31,5.801949734691606e-08,5.690684788745981e-08,5.6907041982098245e-08
2009-08-03,6.535052271299033e-08,8.315824067324272e-08,8.315880275586371e-08
2009-08-04,5.1695866880091676e-08,6.200525527743556e-08,6.200268008649189e-08
2009-08-05,5.350794001098029e-08,6.289259572597242e-08,6.289332653718844e-08
2009-08-06,1.625328622845447e-07,1.388749722269053e-07,1.388766976978555e-07
2009-08-07,3.550682912136e-08,3.7896066543988373e-08,3.7897947749422776e-08
2009-08-10,7.7361451754065e-08,8.314358060270499e-08,8.314228249943579e-08
2009-08-11,3.378658177839446e-08,3.907991272787989e-08,3.9078110533713e-08
2009-08-12,4.5000853934867197e-08,3.1550671327026894e-08,3.154992971940137e-08
2009-08-13,1.8274829112410882e-08,2.5856239183401165e-08,2.5857085168547435e-08
2009-08-14,3.016736293561078e-08,3.448771950987967e-08,3.448693216633221e-08
2009-08-17,2.4827392924010075e-07,2.1748705111445204e-07,2.1748613130018924e-07
2009-08-18,1.9623486743235534e-08,3.174409519467377e-08,3.1741106525110585e-08
2009-08-19,3.113876207010124e-07,2.8045040864048634e-07,2.804528049357662e-07
2009-08-20,3.569394608517343e-08,3.1695428264625247e-08,3.1699932098664916e-08
2009-08-21,1.7430957100637536e-07,1.3519112604213313e-07,1.3518941569064597e-07
2009-08-24,1.7793723439809005e-08,3.357885261473417e-08,3.358177931458877e-08
2009-08-25,1.1135399457767927e-08,2.0609079701580855e-08,2.060824849623149e-08
2009-08-26,1.1578111147546078e-07,1.1896744918762674e-07,1.1896805788767124e-07
2009-08-27,2.723670812363783e-07,2.3445760916379582e-07,2.3446014365432222e-07
2009-08-28,1.9212485285108214e-07,1.6898303173951374e-07,1.6898515914819217e-07
2009-08-31,2.6013170373771183e-07,2.069320239723218e-07,2.0693177745553488e-07
2009-09-01,4.0228808519166955e-08,5.2895947136171186e-08,5.289890628375525e-08
2009-09-02,8.717667819008601e-08,8.798813342812989e-08,8.798598307666332e-08
2009-09-03,4.6480028118579185e-08,6.022734193006554e-08,6.022321150836692e-08
2009-09-04,1.2008270256137586e-07,1.2034579799314803e-07,1.2034850741756392e-07
2009-09-07,7.662002142473677e-08,8.715714628493261e-08,8.715812421156231e-08
2009-09-08,5.4469646304631274e-08,5.080822202538913e-08,5.0804010593897144e-08
2009-09-09,9.05927855129702e-08,9.469832693284175e-08,9.469773343053935e-08
2009-09-10,2.2526080010934013e-08,3.304588650335376e-08,3.304242900698233e-08
2009-09-11,8.122565251536547e-08,8.644914411428725e-08,8.644855146314895e-08
2009-09-14,5.087566026695538e-07,4.5617558401646147e-07,4.5617723665824167e-07
2009-09-15,3.850138336642038e-07,3.2670064964038127e-07,3.2667687324052697e-07
2009-09-16,7.83167032143281e-08,8.689580764719851e-08,8.690745363142417e-08
2009-09-17,3.92514818220999e-08,4.0837411237189063e-08,4.083873469573592e-08
2009-09-18,2.058373814265114e-07,1.8890595609006142e-07,1.8889754672403622e-07
2009-09-21,3.966970773362945e-08,4.524711739881506e-08,4.525173762747689e-08
2009-09-22,5.296744271881901e-08,6.573211397172147e-08,6.573183668494367e-08
2009-09-23,7.375639575214992e-08,8.43158618269822e-08,8.431486961900354e-08
2009-09-24,3.321227348820234e-08,4.6161258623938374e-08,4.615670817938102e-08
2009-09-25,1.8108585284518887e-08,2.593757244254997e-08,2.5935937113289023e-08
2009-09-28,1.938349989431189e-08,2.585230061143999e-08,2.5851448348427954e-08
2009-09-29,2.002660301796964e-08,2.5333333418917898e-08,2.5332596267590658e-08
2009-09-30,5.641763767992019e-08,5.3535684418651476e-08,5.353516457060116e-08
2009-10-01,1.4026092615574369e-08,1.6468600686624953e-08,1.6468575003788878e-08
2009-10-02,3.706719178971942e-08,3.690306308257007e-08,3.6902670260843006e-08
2009-10-05,2.7229152571631663e-08,2.7301376685828745e-08,2.7299563327566076e-08
2009-10-06,1.679427235944352e-08,1.5551209469181024e-08,1.5549958290019e-08
2009-10-07,1.9323414362722907e-08,1.6943482679376748e-08,1.6943013221323802e-08
2009-10-08,2.2363279833652625e-08,2.036960454368517e-08,2.0369218999875614e-08
2009-10-09,1.8676903939045082e-08,1.4565966438327563e-08,1.4565544048014329e-08
2009-10-12,2.7405508052651524e-08,2.176533900406866e-08,2.1764568361974055e-08
2009-10-13,9.047970660839635e-08,8.081966423132392e-08,8.081959892140113e-08
2009-10-14,1.83709378302731e-08,1.4830751650639038e-08,1.4831105398943251e-08
2009-10-15,1.7461184711798852e-08,1.9459312049376872e-08,1.9459229381078584e-08
2009-10-16,1.1256645145242798e-08,7.37004775018172e-09,7.37006438687056e-09
2009-10-19,3.327344926382075e-08,2.970292584692707e-08,2.970292868652389e-08
2009-10-20,2.6922647728574293e-08,2.356422508564053e-08,2.356405310437698e-08
2009-10-21,1.7698276949879194e-08,1.1770360153629237e-08,1.17695032462099e-08
2009-10-22,3.8883313590656405e-08,4.1011488445672386e-08,4.1011814021542765e-08
2009-10-23,2.3823417026095386e-08,2.274061375504701e-08,2.2738113017700568e-08
2009-10-26,1.116047253299867e-07,1.1844700473133896e-07,1.1844687734171765e-07
2009-10-27,7.917400464426471e-08,8.154271251380559e-08,8.154221321088531e-08
2009-10-28,4.514834951085051e-08,3.983919574310481e-08,3.984125464984705e-08
2009-10-29,3.574626116088728e-08,3.339344173073781e-08,3.339318359060269e-08
2009-10-30,7.013688258940938e-08,7.55904228074668e-08,7.559245241717624e-08
2009-11-02,2.4838118360777565e-08,2.23575542688709e-08,2.2358956353233598e-08
2009-11-03,2.3509616271642426e-07,2.484260302255191e-07,2.4842722564459197e-07
2009-11-04,3.4378980128403776e-08,3.402261242853305e-08,3.4026376848924395e-08
2009-11-05,2.7944634458133644e-08,2.9481823511444187e-08,2.9480777845288926e-08
2009-11-06,2.061141134503768e-08,1.834095369158495e-08,1.834022576338814e-08
2009-11-09,3.8130973581082655e-08,3.5753593065045364e-08,3.575277096118344e-08
2009-11-10,3.047173163333664e-08,3.3979670610278e-08,3.397931423839943e-08
2009-11-11,3.462305622429435e-08,3.213138487296499e-08,3.213197251945076e-08
2009-11-12,4.9569150729640355e-08,4.944483181817836e-08,4.9446616659432324e-08
2009-11-13,8.889758075240248e-08,8.846443453515232e-08,8.846421273897959e-08
2009-11-16,1.2035202909687364e-07,1.193318510353072e-07,1.1933067585049767e-07
2009-11-17,5.548066624732654e-08,5.360288076855404e-08,5.360213556675892e-08
2009-11-18,5.304278366749098e-08,4.907240650652764e-08,4.907251482633586e-08
2009-11-19,2.8919691681046883e-08,2.8553229938685596e-08,2.855397633532794e-08
2009-11-20,2.15610295864281e-08,2.17243186621611e-08,2.172382178319982e-08
2009-11-23,8.401132993020354e-08,7.857708022634078e-08,7.857729640655308e-08
2009-11-24,3.429982386784928e-08,3.208491049052713e-08,3.2085843484773605e-08
2009-11-25,2.3993172443367932e-08,2.4602311821748528e-08,2.4600893965777277e-08
2009-11-26,1.6854275498912674e-08,1.6229186984399366e-08,1.622804521601308e-08
2009-11-27,2.8754188790040704e-08,2.4817587893852662e-08,2.4817246614320643e-08
2009-11-30,3.579575036661818e-08,3.451197478748165e-08,3.451218183591187e-08
2009-12-01,5.8807308916373404e-08,5.5366565270124894e-08,5.536665933724962e-08
2009-12-02,6.676713563361716e-08,6.888402206190667e-08,6.888274961300834e-08
2009-12-03,2.261473077524169e-08,2.0968472213078928e-08,2.0968607950992736e-08
2009-12-04,4.312711573930656e-08,4.228807413941124e-08,4.2287036228511144e-08
2009-12-07,1.841630101166799e-08,1.704339048023899e-08,1.7042626122800407e-08
2009-12-08,4.4769238382499305e-08,4.2003902143216925e-08,4.2003976552234025e-08
2009-12-09,1.7471533480658745e-08,1.4673318018279e-08,1.4673361129301466e-08
2009-12-10,2.172807910769186e-08,2.216298670819652e-08,2.2163014098818076e-08
2009-12-11,2.0909756932408344e-07,2.212007796810185e-07,2.212027546982442e-07
2009-12-14,1.4058957512367578e-08,1.260343147293777e-08,1.2607203889860258e-08
2009-12-15,1.7809172465969248e-08,1.522950041461648e-08,1.5229506805860965e-08
2009-12-16,1.5974260991403359e-07,1.6242561876290428e-07,1.6242466443284207e-07
2009-12-17,3.9836004808802275e-08,3.7547973695636165e-08,3.755146968762432e-08
2009-12-18,5.1556921043137516e-08,4.876265340268119e-08,4.8763770178720774e-08
2009-12-21,7.30122989419725e-08,7.340203332551168e-08,7.340276955316435e-08
2009-12-22,2.8009558957549414e-08,2.7220040356918072e-08,2.721982462494545e-08
2009-12-23,2.9163494260774836e-08,2.774034144890406e-08,2.7739158688501025e-08
2009-12-24,2.03106118870673e-08,1.8023455993032633e-08,1.8022364155422017e-08
2009-12-25,5.9042443146283224e-08,6.208090868111365e-08,6.208130295272004e-08
2009-12-28,5.291324067181059e-07,5.217601447127786e-07,5.217557587702202e-07
2009-12-29,1.86273925878735e-08,2.2848472552620738e-08,2.2857238486157902e-08
2009-12-30,4.91297521608761e-08,4.4914920829808694e-08,4.4914674666646836e-08
2009-12-31,3.250338905855638e-08,3.448706556424845e-08,3.4485962384776975e-08
2010-01-01,2.5801342436587122e-08,2.816962099711501e-08,2.8170246771544103e-08
2010-01-04,7.909292713815171e-08,8.003918233687826e-08,8.003873107826851e-08
2010-01-05,2.5142886325827147e-08,2.5635419888136967e-08,2.5634169890206833e-08
2010-01-06,6.097833515025418e-08,6.187141205883422e-08,6.18710643413445e-08
2010-01-07,8.718715763362558e-08,8.464845960913939e-08,8.464970718918077e-08
2010-01-08,1.9040183201898217e-08,1.913516801153938e-08,1.913613704473734e-08
2010-01-11,1.7073998185646068e-08,1.6438473992484737e-08,1.6437926747632795e-08
2010-01-12,1.57026145730302e-08,1.4075385492830355e-08,1.4075090815754164e-08
2010-01-13,4.7752750211922956e-08,4.56971665236349e-08,4.569698960601022e-08
2010-01-14,7.661607831885323e-08,7.548836511359272e-08,7.548709522026509e-08
2010-01-15,1.9343455587872887e-08,1.769975162872114e-08,1.7698315738159447e-08
2010-01-18,2.170856130800214e-08,2.215320220063174e-08,2.2153120580002583e-08
2010-01-19,1.3960408879985972e-08,1.2063072769507578e-08,1.2062877124918842e-08
2010-01-20,6.145254092332547e-08,5.7942746849475125e-08,5.794268480042112e-08
2010-01-21,3.968838601002944e-08,3.6799975889974315e-08,3.679986361465474e-08
2010-01-22,7.903511957435109e-08,7.553262923235859e-08,7.553061135391945e-08
2010-01-25,2.4698207081063575e-08,2.2492154478122745e-08,2.2489852541159418e-08
2010-01-26,1.5047695021991386e-08,1.245094014677232e-08,1.245020035586634e-08
2010-01-27,1.5124513905196505e-07,1.5137499221782536e-07,1.5137484247143392e-07
2010-01-28,1.4456415152361511e-08,1.227757036298884e-08,1.2277827831788267e-08
2010-01-29,2.0964331589569353e-08,1.9000668684643618e-08,1.9000361932275455e-08
2010-02-01,3.157915424022189e-08,2.904943996708512e-08,2.9048631978201808e-08
2010-02-02,3.3819037770219045e-08,3.592301065509258e-08,3.5923606751597684e-08
2010-02-03,7.414863130559933e-08,7.443401782052227e-08,7.443424478490463e-08
2010-02-04,1.7672453883903735e-08,1.640525243749147e-08,1.6407219406732254e-08
2010-02-05,3.8794163786066426e-08,3.677131675193424e-08,3.677128820454724e-08
2010-02-08,6.505488675650787e-08,6.386658455291022e-08,6.386714128576122e-08
2010-02-09,1.360561624125709e-08,1.2810146313022689e-08,1.2809234290355269e-08
2010-02-10,2.069696992823831e-08,1.81688402832778e-08,1.8168498829248016e-08
2010-02-11,2.3665066988329513e-08,2.3520115037291726e-08,2.351977710620806e-08
2010-02-12,2.0456580896349658e-08,1.7964324654237507e-08,1.796418520218815e-08
2010-02-15,4.925609646333628e-08,5.018894373255584e-08,5.01906600996333e-08
2010-02-16,1.9150046861705134e-08,1.7130364366261383e-08,1.713153488554498e-08
2010-02-17,1.1667553419078655e-08,9.11384534415681e-09,9.113621102595338e-09
2010-02-18,2.426109865201791e-08,2.0987564627764624e-08,2.098765857589487e-08
2010-02-19,1.273552566552599e-08,1.0672072313354438e-08,1.0671569739307222e-08
2010-02-22,1.0817782377459009e-08,8.71840664698047e-09,8.71840571213348e-09
2010-02-23,1.1421821451111069e-08,8.318311240385221e-09,8.318307553775987e-09
2010-02-24,4.637768450610458e-08,5.080726923678746e-08,5.080755163917345e-08
2010-02-25,1.4767230516493827e-08,1.2240844641102147e-08,1.2240789189112947e-08
2010-02-26,3.104196736243791e-08,3.315047046749283e-08,3.3150544743476026e-08
2010-03-01,1.592805852242304e-08,1.3544735513844719e-08,1.3544969599866884e-08
2010-03-02,9.171061415027492e-09,5.624803309265888e-09,5.624758669445807e-09
2010-03-03,1.8530931153626128e-08,1.5573222030201103e-08,1.5573218763652096e-08
2010-03-04,1.2426590920932477e-08,8.069220414847136e-09,8.06918258469635e-09
2010-03-05,2.3473104222996555e-08,2.074362080845692e-08,2.074339166826527e-08
2010-03-08,2.2843924179255788e-08,2.461861298345559e-08,2.461933522599536e-08
2010-03-09,1.4881087165115748e-07,1.5780092396656495e-07,1.5780274106995932e-07
2010-03-10,5.2655877463735526e-08,5.5116219430437675e-08,5.511515893335347e-08
2010-03-11,3.714760780733317e-08,3.651804917693765e-08,3.6519222184116596e-08
2010-03-12,1.978494045143767e-08,1.7315050048985513e-08,1.7314646327585436e-08
2010-03-15,1.9976263660638527e-08,1.7546455561536012e-08,1.7546343357948117e-08
2010-03-16,1.423120200189546e-08,1.2814987743342503e-08,1.2814680315150877e-08
2010-03-17,1.6048230581263843e-08,1.6651733870770308e-08,1.6651941126570125e-08
2010-03-18,1.2282136637289149e-08,1.0537764983157004e-08,1.0537744067061874e-08
2010-03-19,4.1997397811178155e-08,4.249594230885896e-08,4.249498249327787e-08
2010-03-22,2.465479112273733e-08,2.5587303379130088e-08,2.55865795989682e-08
2010-03-23,2.277980836959599e-08,2.457478423734355e-08,2.4573909618921657e-08
2010-03-24,1.2387662252213218e-08,9.828146495699702e-09,9.82900073226792e-09
2010-03-25,3.406731816984326e-08,3.2570560503773156e-08,3.257049000771145e-08
2010-03-26,3.974107598163494e-08,3.792995704719594e-08,3.792852736322816e-08
2010-03-29,1.606928914327235e-08,1.2906152617029252e-08,1.2905958233749677e-08
2010-03-30,1.6529526980012174e-08,1.3186569474923407e-08,1.3186241575170565e-08
2010-03-31,1.4094909038121688e-08,1.1275974655881908e-08,1.1275673275848427e-08
2010-04-01,1.3580222746273233e-08,1.1658165159801595e-08,1.1657892056372186e-08
2010-04-02,2.2516181366810234e-08,1.9913375663936768e-08,1.991334600947111e-08
2010-04-05,3.52044428858433e-08,4.106206179751399e-08,4.1061924353340194e-08
2010-04-06,6.066306451606294e-08,6.363630224267287e-08,6.363500097731047e-08
2010-04-07,1.2503399437033762e-08,1.0328300618212365e-08,1.0328346587890502e-08
2010-04-08,5.373106214399414e-08,5.3234862058000676e-08,5.323422920092231e-08
2010-04-09,3.7300076407230526e-08,3.6787535973773235e-08,3.678549479924062e-08
2010-04-12,1.7534777795544458e-08,1.5521009197376302e-08,1.5521238029464514e-08
2010-04-13,2.787985595663038e-08,2.5176856422025863e-08,2.5176673430635844e-08
2010-04-14,9.345650199626793e-09,8.369794719073333e-09,8.369329784290534e-09
2010-04-15,1.6659714526097646e-08,1.4119956070204027e-08,1.4119823540176824e-08
2010-04-16,1.3349960539730364e-08,9.98739145833872e-09,9.98745213535704e-09
2010-04-19,4.3948831193697384e-08,4.512898132837184e-08,4.5129382673951005e-08
2010-04-20,1.7616036153934542e-08,1.6418102382083312e-08,1.6418732040510648e-08
2010-04-21,3.86663255873753e-08,3.834865795148e-08,3.8347289066645494e-08
2010-04-22,1.9276763536458882e-08,1.6978179075359812e-08,1.697887286630462e-08
2010-04-23,2.532905300546408e-08,2.3657462405420895e-08,2.3657049715925155e-08
2010-04-26,2.014490738318735e-08,1.7605747296222094e-08,1.7606519264048107e-08
2010-04-27,1.8149519820172622e-08,1.931610448283463e-08,1.931683644430128e-08
2010-04-28,2.3587714737320648e-08,2.0465486224544895e-08,2.046784060103952e-08
2010-04-29,2.1732798865358828e-08,1.9008232458864914e-08,1.9007642670200684e-08
2010-04-30,1.693061105267587e-08,1.3575942031805649e-08,1.3575466436167082e-08
2010-05-03,1.1829948228637124e-08,7.956121582322096e-09,7.955679642888503e-09
2010-05-04,1.1541962727030139e-07,1.2729626193650024e-07,1.2729745914021834e-07
2010-05-05,1.2899925076386793e-07,1.2998737655451737e-07,1.2997822610256965e-07
2010-05-06,2.914340583583283e-07,2.9190019501369867e-07,2.918775246551958e-07
2010-05-07,3.775386689572187e-08,3.93043750849949e-08,3.930747561748762e-08
2010-05-10,2.0278954313084895e-08,2.1413178066092047e-08,2.1410809577809055e-08
2010-05-11,2.5818234303494924e-08,2.6700246847003433e-08,2.6699223892911416e-08
2010-05-12,4.8705952507476183e-08,4.8980359766740336e-08,4.8978968391268415e-08
2010-05-13,2.4439018261331238e-08,2.4740018828268267e-08,2.4739401185207277e-08
2010-05-14,3.794935417863394e-08,3.825474506256393e-08,3.8254524603565563e-08
2010-05-17,2.7342898148186e-08,2.5799898054693887e-08,2.5798001524495752e-08
2010-05-18,1.4467980131843975e-08,1.5041935680768667e-08,1.504045213183552e-08
2010-05-19,1.5194845592135417e-08,1.4285001203478085e-08,1.4284254407767652e-08
2010-05-20,2.028810261286329e-08,1.9239699101258685e-08,1.9238410028535086e-08
2010-05-21,3.357032479142336e-08,3.14703710242759e-08,3.1468851218923094e-08
2010-05-24,3.87568080423146e-08,3.645742800144494e-08,3.645931997386621e-08
2010-05-25,8.972309689571963e-09,7.2326596358199025e-09,7.232255363366286e-09
2010-05-26,3.613359008070396e-08,3.6213035233887524e-08,3.62132661744814e-08
2010-05-27,1.825580769478479e-08,1.921310757497852e-08,1.9212662133145502e-08
2010-05-28,2.545786184972053e-08,2.3545085347965675e-08,2.3545190751706183e-08
2010-05-31,1.3936480135966983e-08,1.2558366441341293e-08,1.2558810741260715e-08
2010-06-01,2.0817244255817945e-08,1.8694947731005407e-08,1.8695161095927177e-08
2010-06-02,4.430719956223981e-08,4.317324578670149e-08,4.3172950119753726e-08
2010-06-03,6.568188839675612e-08,6.305236493742871e-08,6.305115036471827e-08
2010-06-04,2.5074174673495364e-08,2.2868208829730734e-08,2.2870262541416396e-08
2010-06-07,2.910876449728338e-08,2.7839388083189908e-08,2.7839314730759794e-08
2010-06-08,1.3310062421809122e-07,1.335232551819212e-07,1.3352381466214044e-07
2010-06-09,2.1637575466263806e-08,2.0944917693146953e-08,2.0944790833096965e-08
2010-06-10,4.8095054471674915e-08,4.3134115155128236e-08,4.313322053583487e-08
2010-06-11,9.96867124695274e-09,9.903803700778676e-09,9.904317489357283e-09
2010-06-14,1.2334974122447398e-08,1.15608735443284e-08,1.1560606881443196e-08
2010-06-15,3.31305696625273e-08,3.349416938015868e-08,3.349431060846332e-08
2010-06-16,2.3852177883952716e-07,2.392775455922558e-07,2.392782209229758e-07
2010-06-17,1.113083982581996e-08,1.2729962524541627e-08,1.2732883511234908e-08
2010-06-18,4.4557349161860335e-08,4.4919315432828533e-08,4.4918464205196764e-08
2010-06-21,1.639142709739223e-07,1.6437881536779042e-07,1.6438484140865e-07
2010-06-22,7.3856601548835535e-09,9.54189523593828e-09,9.54311999780753e-09
2010-06-23,2.4424865019092806e-08,2.350027177879985e-08,2.3500352822669446e-08
2010-06-24,1.1746941583493065e-07,1.1813250868360385e-07,1.181288850859418e-07
2010-06-25,1.595534892823616e-08,1.7761046952857664e-08,1.776210092651842e-08
2010-06-28,3.560024605871651e-08,3.4210667281739375e-08,3.421149766258149e-08
2010-06-29,8.937463650031357e-08,8.772723805203178e-08,8.772530338906465e-08
2010-06-30,2.6735485188958595e-08,2.8032893891995427e-08,2.803498145368879e-08
2010-07-01,2.3536515013135296e-08,2.3753579146439827e-08,2.375324008146046e-08
2010-07-02,2.013117829720801e-08,2.02840784806034e-08,2.028384446983755e-08
2010-07-05,1.9644624672688114e-08,1.953928230417229e-08,1.9538665383444724e-08
2010-07-06,6.148232701482501e-08,5.943154947985855e-08,5.94299881241255e-08
2010-07-07,7.77958924071421e-08,7.751965647888873e-08,7.752162618767864e-08
2010-07-08,6.498825635139147e-08,6.6016779525329e-08,6.601879505417067e-08
2010-07-09,3.794538533369672e-08,3.9015328050503043e-08,3.901213503161642e-08
2010-07-12,6.807152107995971e-08,6.783358686323022e-08,6.782857933961181e-08
2010-07-13,1.6960562268768846e-08,1.7517093186571934e-08,1.7516850079587135e-08
2010-07-14,3.326387080077516e-08,3.083802396516471e-08,3.0839238580438756e-08
2010-07-15,2.4113691589049784e-08,2.483970488772763e-08,2.4840425038943623e-08
2010-07-16,5.317843364250537e-07,5.181847980518513e-07,5.181903353916591e-07
2010-07-19,6.046580602515578e-08,6.127836171782808e-08,6.128777510406566e-08
2010-07-20,3.511683817042563e-07,3.3037099067942493e-07,3.3037699874589577e-07
2010-07-21,9.221658177185591e-08,8.830198345363756e-08,8.830380031417517e-08
2010-07-22,1.1872000899321244e-08,1.9354149536600938e-08,1.935370150119002e-08
2010-07-23,1.7782913719561172e-08,2.1835128070198343e-08,2.1834846721108024e-08
2010-07-26,3.709040964200186e-07,3.4584157302948857e-07,3.4584420433503185e-07
2010-07-27,6.722840023519696e-08,7.230857970139463e-08,7.231399321718627e-08
2010-07-28,7.793432173348274e-08,8.116341197068624e-08,8.116103053445934e-08
2010-07-29,3.56216285096395e-08,3.807907364316769e-08,3.807836662655346e-08
2010-07-30,1.4292645834719815e-08,1.4869991496613398e-08,1.4869348153181348e-08
2010-08-02,5.928428597522261e-08,4.750157810760204e-08,4.75006068610856e-08
2010-08-03,4.822915039073697e-08,5.2997033315840774e-08,5.2998112349999094e-08
2010-08-04,7.510380792825361e-08,7.470889567300095e-08,7.470871614163604e-08
2010-08-05,1.8951273589136157e-07,1.6591185705994216e-07,1.6591704192278022e-07
2010-08-06,2.0902025687996257e-07,2.174066388205919e-07,2.1741153570935991e-07
2010-08-09,1.4906559282319063e-08,2.1501180196621e-08,2.1498329006531604e-08
2010-08-10,1.162839118634063e-08,1.4616527951501887e-08,1.4616172710355213e-08
2010-08-11,2.6656702915618654e-08,3.1326239483887945e-08,3.1325973872395384e-08
2010-08-12,1.8285977106410382e-08,1.819754852313792e-08,1.8197432997289458e-08
2010-08-13,4.105539331092785e-07,3.757647168524753e-07,3.757670560054222e-07
2010-08-16,1.3733593239540247e-07,1.2452677610963515e-07,1.2452923461492953e-07
2010-08-17,5.0413155087379677e-08,4.5069784198696377e-08,4.5066806705703925e-08
2010-08-18,2.8348595393182038e-08,2.7471739038223238e-08,2.747393103179237e-08
2010-08-19,3.939547159741756e-08,3.790667044199986e-08,3.790608398497135e-08
2010-08-20,1.7085725242746916e-06,1.6100426991430984e-06,1.6100522772586318e-06
2010-08-23,6.551764602061716e-08,8.422587441492222e-08,8.425221219017268e-08
2010-08-24,3.190258904075233e-08,4.4610630085274e-08,4.460828629981865e-08
2010-08-25,4.455485716406628e-08,5.5792541991470175e-08,5.5791241015936184e-08
2010-08-26,3.035898105994107e-07,2.893956194755993e-07,2.8939526313913544e-07
2010-08-27,8.108204988873469e-08,8.075708533295197e-08,8.075314424228013e-08
2010-08-30,7.015032413108685e-08,7.625863579924152e-08,7.625208151006924e-08
2010-08-31,3.9766209997290905e-08,4.399830695544682e-08,4.398755007740531e-08
2010-09-01,2.2630865130008768e-07,1.799519288123094e-07,1.7995285865817238e-07
2010-09-02,3.4910077330572654e-08,5.1090350915605845e-08,5.109197972506918e-08
2010-09-03,3.228249103287784e-08,4.219486253981431e-08,4.219000821206683e-08
2010-09-06,1.0193907073197034e-07,8.801711554478239e-08,8.802737620800401e-08
2010-09-07,1.0235851229081718e-07,9.146362544733269e-08,9.145911259542079e-08
2010-09-08,1.21108792188158e-07,8.822986221465648e-08,8.82402269646891e-08
2010-09-09,4.0948738206864855e-08,4.1086793718845535e-08,4.1094179331156886e-08
2010-09-10,7.282632449693232e-08,5.680406124862188e-08,5.6801642749007624e-08
2010-09-13,1.3686162523466345e-07,1.1393490323733891e-07,1.1393526185473285e-07
2010-09-14,1.2112940255136877e-07,1.0158757473646526e-07,1.0158980684313109e-07
2010-09-15,3.376827415707508e-08,4.88370890676823e-08,4.8839364020801126e-08
2010-09-16,1.4527479053339596e-07,1.4766132206616748e-07,1.4765968684622132e-07
2010-09-17,3.3072439251024505e-08,4.877122223734228e-08,4.8765017621820845e-08
2010-09-20,1.1825962943060678e-07,1.0643650411448638e-07,1.0643522849085405e-07
2010-09-21,5.5540669875839364e-08,5.133056670159687e-08,5.133158394575675e-08
2010-09-22,8.215514047560756e-08,7.938207625043056e-08,7.938131137159128e-08
2010-09-23,4.127576338197812e-08,4.791676123503632e-08,4.791675606477401e-08
2010-09-24,1.0289570636937147e-07,7.668858220827784e-08,7.668814030199058e-08
2010-09-27,2.2356456239794807e-08,3.301661837020881e-08,3.301613626655031e-08
2010-09-28,3.879765989316381e-08,5.020761043687841e-08,5.0207057155115194e-08
2010-09-29,2.2876195069591388e-07,2.0311302527690556e-07,2.031136497236033e-07
2010-09-30,2.6344378389477913e-07,2.263516552939537e-07,2.2636361431379998e-07
2010-10-01,7.266451191143957e-08,5.693460511373769e-08,5.693784632158096e-08
2010-10-04,1.2344426807230511e-08,2.7519060093412616e-08,2.75193562813133e-08
2010-10-05,3.975364322721724e-08,4.7790206621527564e-08,4.779004224876336e-08
2010-10-06,3.59961439048816e-08,4.374559684306798e-08,4.3743476823677836e-08
2010-10-07,4.450341607939524e-08,5.001539474822806e-08,5.0014509330440166e-08
2010-10-08,1.5665971396003504e-08,2.2264717058489683e-08,2.2264287711496064e-08
2010-10-11,1.931978820649281e-08,2.3783155384413388e-08,2.3782680594953394e-08
2010-10-12,1.5432120931386064e-08,1.8623108226058203e-08,1.8622368826297767e-08
2010-10-13,4.243237435442205e-08,4.293176120063295e-08,4.293248261513685e-08
2010-10-14,2.7571181541015885e-08,2.9066454680604098e-08,2.9067036782302233e-08
2010-10-15,1.938696813024859e-08,2.005683473798438e-08,2.0055044463760188e-08
2010-10-18,8.357373901793698e-08,8.219392504942119e-08,8.219061580565931e-08
2010-10-19,8.850963216974786e-08,8.732211429539693e-08,8.73129641452436e-08
2010-10-20,2.3892875016399498e-08,2.4077018083827738e-08,2.40730365372703e-08
2010-10-21,3.337765409128526e-08,3.194014860278699e-08,3.193843442128518e-08
2010-10-22,6.998454909178693e-08,6.688640390780808e-08,6.688704281043329e-08
2010-10-25,5.237922525518045e-08,4.612999677804464e-08,4.612706937337284e-08
2010-10-26,3.651020979344165e-08,3.21009874207157e-08,3.210049964629525e-08
2010-10-27,1.775188927955336e-08,1.9326517166778266e-08,1.9326935458650465e-08
2010-10-28,5.269054792803064e-08,5.495408580078614e-08,5.4955310179450836e-08
2010-10-29,2.1925075677485803e-08,2.204580427140794e-08,2.2046900077563492e-08
2010-11-01,2.8254585459250687e-08,2.840112031844433e-08,2.839986783258126e-08
2010-11-02,2.140970805413805e-08,2.1743474006131586e-08,2.174275034537859e-08
2010-11-03,1.0444818498970665e-08,9.42987240866303e-09,9.429442584740083e-09
2010-11-04,2.4174669736183546e-08,2.298397966481139e-08,2.2983848903139133e-08
2010-11-05,3.8178308417612454e-08,3.839456994436379e-08,3.839486153809034e-08
2010-11-08,7.293567679271265e-08,7.401458585910957e-08,7.401352473853933e-08
2010-11-09,2.4394187670069285e-08,2.1665985642868492e-08,2.166554537487952e-08
2010-11-10,8.999090233231085e-09,8.383708129839188e-09,8.383715957563795e-09
2010-11-11,7.083793121447825e-08,7.230063884300454e-08,7.230055825337947e-08
2010-11-12,2.7844116448437386e-08,2.6686009705954516e-08,2.6688027990281977e-08
2010-11-15,5.3206891775032536e-08,5.148808545234639e-08,5.148792204315744e-08
2010-11-16,8.346536092618635e-08,8.252095784153544e-08,8.252165699607688e-08
2010-11-17,1.3429035889399545e-08,1.3105805869227756e-08,1.3108242536879499e-08
2010-11-18,3.2150269169530365e-08,3.077281852271649e-08,3.0772759099793054e-08
2010-11-19,3.2582330641266634e-08,3.04676869626781e-08,3.0466748746749444e-08
2010-11-22,2.0403454268450417e-08,1.929343465659725e-08,1.9292991500584484e-08
2010-11-23,2.5519132056331632e-08,2.4968272804280196e-08,2.4968293332927018e-08
2010-11-24,2.8512486805178196e-07,2.958381938887639e-07,2.958410468183232e-07
2010-11-25,1.4505317507543212e-07,1.3957526712370714e-07,1.3956851889408218e-07
2010-11-26,1.4292199502307818e-08,1.5331720919646598e-08,1.533250414988575e-08
2010-11-29,3.604949417507755e-08,3.711951225487685e-08,3.711924327237696e-08
2010-11-30,6.142427039328637e-08,6.059226552103776e-08,6.059278293293174e-08
2010-12-01,2.955842374279877e-08,3.0352849357121725e-08,3.035242570217222e-08
2010-12-02,3.086193525570071e-08,2.8803206191711173e-08,2.8803360455587896e-08
2010-12-03,1.8158749271473168e-07,1.7957479780260268e-07,1.795727240204628e-07
2010-12-06,2.044033566843757e-08,2.084314340348838e-08,2.0844651945336342e-08
2010-12-07,6.093526288944461e-08,6.191459888502953e-08,6.191600207724843e-08
2010-12-08,1.0804591401504696e-08,1.2084860596619767e-08,1.2083107207474105e-08
2010-12-09,3.3464191010119535e-08,3.295337167887585e-08,3.2953614493103904e-08
2010-12-10,1.657334873874713e-08,1.6818752804658103e-08,1.681897720746447e-08
2010-12-13,5.072301773995834e-08,5.163323318380795e-08,5.163418722247132e-08
2010-12-14,7.707818581228851e-08,7.728162212599768e-08,7.727995641701413e-08
2010-12-15,1.8521418974972068e-08,1.95541287790816e-08,1.9555432948589317e-08
2010-12-16,1.3826977974693915e-08,1.3852497132309829e-08,1.3852198001085095e-08
2010-12-17,4.915242938706722e-08,4.6662139093136956e-08,4.666166900804129e-08
2010-12-20,2.0613388593948104e-08,1.9775405616780967e-08,1.9774303051350422e-08
2010-12-21,5.1622249482889606e-08,4.9758922251687844e-08,4.9758540634657006e-08
2010-12-22,2.5404829071340185e-08,2.428290939117351e-08,2.42830344488187e-08
2010-12-23,1.1128839106894653e-08,9.750208778555467e-09,9.750435259015887e-09
2010-12-24,1.8686902318722533e-08,1.6346126049566744e-08,1.6346005118934065e-08
2010-12-27,7.043930045404393e-08,6.475431779995451e-08,6.47550430544142e-08
2010-12-28,1.8171728285827713e-08,1.5642595348828668e-08,1.564210007516774e-08
2010-12-29,1.558471502035077e-08,1.3531968209856514e-08,1.3531591678370233e-08
2010-12-30,2.2865052205681447e-08,2.178726984849223e-08,2.178691492629561e-08
2010-12-31,8.81680456266063e-08,9.120132058326746e-08,9.120154096877047e-08
2011-01-03,8.517768000124616e-08,8.97780335778378e-08,8.977798838503612e-08
2011-01-04,2.216547696213419e-08,1.9758688834832015e-08,1.9760130737411956e-08
2011-01-05,8.568275682162962e-08,8.931405403158174e-08,8.931407773350019e-08
2011-01-06,3.23288869821077e-08,3.077717421875759e-08,3.077673191202027e-08
2011-01-07,2.7153419700078974e-08,2.5579353853687543e-08,2.5578968796807513e-08
2011-01-10,2.993625007588016e-08,2.9061938354936503e-08,2.9061634827937934e-08
2011-01-11,7.266269047040777e-08,6.969445086848822e-08,6.969538148638504e-08
2011-01-12,3.290974862272091e-08,2.767991249918401e-08,2.7680320722370248e-08
2011-01-13,1.4054950552749265e-08,1.2230562891903771e-08,1.2230545593504756e-08
2011-01-14,1.662938066713557e-08,1.3581233930711955e-08,1.3580894170937168e-08
2011-01-17,2.2766200574557143e-08,2.200809859781472e-08,2.200813529569078e-08
2011-01-18,2.795836457648721e-08,2.5511951132611824e-08,2.5512210416179135e-08
2011-01-19,5.2166729098132634e-08,4.783977792887121e-08,4.784034151131447e-08
2011-01-20,2.08004207838766e-08,1.8497247358656765e-08,1.8497890308487357e-08
2011-01-21,2.539382865662901e-08,2.3374013057033182e-08,2.337365329956327e-08
2011-01-24,5.765553958362289e-08,5.364692276924882e-08,5.3646811511945026e-08
2011-01-25,7.447769381160571e-08,7.313927504174505e-08,7.314073827339036e-08
2011-01-26,1.4726109386097212e-08,1.1718424273339627e-08,1.1718725148211558e-08
2011-01-27,3.957473685799006e-08,3.723985341877559e-08,3.7240320320730015e-08
2011-01-28,8.39704907363183e-08,8.378704135762485e-08,8.378496923257054e-08
2011-01-31,9.565622674047013e-08,9.608680363897906e-08,9.608258338742325e-08
2011-02-01,2.591981061857696e-08,2.581921988497857e-08,2.5820101878630735e-08
2011-02-02,1.8591593560206645e-08,1.910064883047726e-08,1.9099713480418625e-08
2011-02-03,2.5823696122228597e-08,2.4347033325510116e-08,2.43469224513727e-08
2011-02-04,2.0079347992286887e-08,1.8111202464450787e-08,1.810969634704845e-08
2011-02-07,1.980726537193386e-08,1.9676752104346027e-08,1.9675949794992173e-08
2011-02-08,1.8191633685657683e-08,1.5988600161985747e-08,1.598872621464424e-08
2011-02-09,1.8213222483298157e-08,1.738936750520117e-08,1.7390230017730543e-08
2011-02-10,1.093587464038527e-08,7.967525798909615e-09,7.967769679764667e-09
2011-02-11,1.4211834009497149e-08,1.172164944913367e-08,1.1721304137064965e-08
2011-02-14,4.0909920016112136e-08,3.82847704625548e-08,3.828561315697442e-08
2011-02-15,1.0768308618072233e-07,1.0698810312332176e-07,1.069855749714998e-07
2011-02-16,3.874897929577569e-08,4.498069931506004e-08,4.498073138590117e-08
2011-02-17,4.4975045647056285e-08,4.552612533505573e-08,4.5528212208841476e-08
2011-02-18,1.9338100036129436e-08,1.69619106271201e-08,1.6963396647902455e-08
2011-02-21,1.8610465197875243e-08,1.7459015762844773e-08,1.745801035441435e-08
2011-02-22,2.007331299706653e-08,1.8606662682262666e-08,1.8610124441145396e-08
2011-02-23,3.618618699178938e-08,3.477347638422609e-08,3.4770423370458044e-08
2011-02-24,3.670245493862903e-08,3.966264098892047e-08,3.967588193586634e-08
2011-02-25,3.739110199534861e-08,3.628006052420512e-08,3.6280450924494013e-08
2011-02-28,2.281483125426279e-08,2.4673920776959262e-08,2.467380715110659e-08
2011-03-01,1.5922638079658582e-08,1.493344758871064e-08,1.493277089348707e-08
2011-03-02,3.189528415972339e-08,3.062218369518051e-08,3.0622312843577974e-08
2011-03-03,1.8971620626150658e-08,1.7887136878734158e-08,1.788634599768288e-08
2011-03-04,1.649173495422356e-08,1.395206066455025e-08,1.3951644960598399e-08
2011-03-07,1.2276996353202561e-08,1.1098089036976771e-08,1.1097784704702529e-08
2011-03-08,2.6600097343443128e-08,2.3344096642468533e-08,2.3344063095729858e-08
2011-03-09,2.4433432451348606e-08,2.1955179484006754e-08,2.1954661696429836e-08
2011-03-10,1.5051277633170326e-08,1.1843471159623192e-08,1.184329895961197e-08
2011-03-11,1.8139432991730345e-08,1.5269547102165764e-08,1.5269420700193838e-08
2011-03-14,2.070321931038469e-08,1.709110784764707e-08,1.709072628705749e-08
2011-03-15,1.4891196975156332e-08,1.3469328782934422e-08,1.3469268786041226e-08
2011-03-16,1.965150746729135e-08,1.7244244780822695e-08,1.7244648103312867e-08
2011-03-17,1.226939913348228e-08,8.48801981843183e-09,8.4876636225769e-09
2011-03-18,9.18031007283855e-09,5.2729152943015765e-09,5.272693212425716e-09
2011-03-21,2.7984291411619166e-08,2.7461501273590647e-08,2.7461412151408118e-08
2011-03-22,9.554346491632941e-08,9.968048144619822e-08,9.968188522119025e-08
2011-03-23,2.653983491707201e-08,2.7539780421554844e-08,2.7540657855759284e-08
2011-03-24,3.1952483933506586e-08,3.0721759696543086e-08,3.0720617651638415e-08
2011-03-25,2.2369698488847672e-08,1.9700217961997256e-08,1.9700154818171888e-08
2011-03-28,3.053091349452068e-08,2.993331736836964e-08,2.9932131891275746e-08
2011-03-29,2.2258086899189902e-08,1.996999379713262e-08,1.9969332147529563e-08
2011-03-30,9.708720253649422e-09,6.405036772235828e-09,6.404624956077793e-09
2011-03-31,1.828954662997895e-08,1.5014374583795897e-08,1.501455727462303e-08
2011-04-01,1.075102184406525e-08,9.070007616479334e-09,9.070000812460688e-09
2011-04-04,1.513786546214649e-08,1.203159897540517e-08,1.2031898161294569e-08
2011-04-05,2.0830607921563006e-08,2.1162255707323015e-08,2.1162260133004794e-08
2011-04-06,3.181020586376723e-08,3.598280716605433e-08,3.5982575068860025e-08
2011-04-07,2.3207964824085564e-08,2.245013053154763e-08,2.2448830217079566e-08
2011-04-08,2.6748336988322573e-08,2.4813837664275505e-08,2.4813176629720353e-08
2011-04-11,8.687953081840074e-08,9.064844112453972e-08,9.065248696501312e-08
2011-04-12,1.6824510517674565e-08,1.4886002438510445e-08,1.4887535293395907e-08
2011-04-13,1.9605228904364355e-08,1.6400438411769482e-08,1.6398346936762668e-08
2011-04-14,1.68064307751325e-08,1.3501041781124893e-08,1.349935166657903e-08
2011-04-15,1.0605130140986981e-08,8.026571270723163e-09,8.026284191181988e-09
2011-04-18,2.446668831585277e-08,2.202761930928275e-08,2.2027978968618842e-08
2011-04-19,1.2493553990803614e-08,1.0843936072269947e-08,1.0846550478159524e-08
2011-04-20,2.326929247229604e-08,2.527721802613482e-08,2.5278670711573458e-08
2011-04-21,2.3000221644264315e-07,2.3967325388940696e-07,2.3967677706611097e-07
2011-04-22,1.2648490907777348e-08,1.1041278476446284e-08,1.105585870642524e-08
2011-04-25,1.519700186070271e-08,1.412427799776524e-08,1.412371277692811e-08
2011-04-26,4.061991583552021e-08,3.924815003638549e-08,3.9245435951887356e-08
2011-04-27,1.5492723988982682e-08,1.2959670274930778e-08,1.2955280815816991e-08
2011-04-28,1.2621077457460946e-08,1.1022133077044724e-08,1.10218290528112e-08
2011-04-29,1.1496051001685495e-07,1.1504690543313297e-07,1.1505843271358149e-07
2011-05-02,6.416533606701155e-08,6.758493663371923e-08,6.757695293782622e-08
2011-05-03,3.14531526342441e-08,3.0693644946501326e-08,3.069768545274531e-08
2011-05-04,9.889390516270656e-09,9.553007198154618e-09,9.552553748346584e-09
2011-05-05,2.751379858429276e-08,2.55117646991928e-08,2.551267241399096e-08
2011-05-06,5.121766526805009e-08,5.3087461572465294e-08,5.309149087052543e-08
2011-05-09,2.4559755964930514e-08,2.2068113882414072e-08,2.207141604185078e-08
2011-05-10,2.521024297770617e-08,2.6577994988197373e-08,2.658101129298605e-08
2011-05-11,2.3523163536798886e-08,2.236181575722911e-08,2.236800027138462e-08
2011-05-12,6.912322500499831e-08,6.703887779196262e-08,6.70472809464932e-08
2011-05-13,1.659155227512534e-08,1.5451552787700858e-08,1.5455229588404032e-08
2011-05-16,1.4577386858297915e-07,1.4447908111454758e-07,1.4448673518159998e-07
2011-05-17,6.755683362387663e-08,6.14920047197229e-08,6.147428475784854e-08
2011-05-18,2.6381337500717642e-08,2.620808531507789e-08,2.6214692241391242e-08
2011-05-19,1.7349307544885936e-08,1.7476441679782906e-08,1.7472728529331187e-08
2011-05-20,1.4287748667722469e-08,1.5089590891261272e-08,1.5086848611200882e-08
2011-05-23,2.4825718332505195e-08,2.3138199776612612e-08,2.3140243855965342e-08
2011-05-24,2.0832637653195865e-08,1.8702351510907054e-08,1.870403586251865e-08
2011-05-25,5.557828167930144e-08,5.234158981488358e-08,5.234250008354941e-08
2011-05-26,1.1855826631726218e-07,1.1842076125208997e-07,1.1843577538735433e-07
2011-05-27,1.4848275419040747e-08,1.5101755079609576e-08,1.51158288163997e-08
2011-05-30,2.1068138530331974e-07,2.018133390734587e-07,2.0181674586584207e-07
2011-05-31,4.042745733577358e-08,3.6074190587443174e-08,3.6078662111387314e-08
2011-06-01,1.9574048903375047e-08,2.2710684840025936e-08,2.271168285278961e-08
2011-06-02,4.495291733832316e-08,4.4775511488661926e-08,4.477666225687941e-08
2011-06-03,3.046192779224503e-08,3.1755391041145285e-08,3.174803888974539e-08
2011-06-06,1.6097219455042982e-08,1.75578752180037e-08,1.756024860330408e-08
2011-06-07,2.1626208767883566e-08,2.2451670496846755e-08,2.244791732220362e-08
2011-06-08,1.9101265512706093e-08,1.8728005931708113e-08,1.8724891585306995e-08
2011-06-09,3.600866408972948e-08,3.424347340951701e-08,3.4237984785916384e-08
2011-06-10,2.558632917977408e-08,2.4697774973312366e-08,2.4695068940392153e-08
2011-06-13,1.830062453589965e-08,1.667750963890464e-08,1.6675340838539183e-08
2011-06-14,4.856565317166245e-08,4.711983480300418e-08,4.711720684023193e-08
2011-06-15,1.46499721016196e-08,1.2431016700187063e-08,1.2426700895637317e-08
2011-06-16,4.085449722588672e-08,4.0175663003357874e-08,4.017914170936508e-08
2011-06-17,3.3162220683585645e-08,3.1348650024087995e-08,3.135202623585129e-08
2011-06-20,2.7367236646899502e-08,2.6354299413952196e-08,2.6349838234263395e-08
2011-06-21,1.1464776476263644e-08,8.725788172652076e-09,8.725480011822224e-09
2011-06-22,1.4591886402287875e-08,1.1464731617097116e-08,1.1462086261489031e-08
2011-06-23,4.3186355325291215e-08,4.054904865185991e-08,4.05455867890589e-08
2011-06-24,2.1351798729668257e-08,2.2953812848062977e-08,2.2963734421029887e-08
2011-06-27,7.731163769862942e-08,8.069170405834555e-08,8.066338624774795e-08
2011-06-28,3.2896469970308315e-08,3.07821296025523e-08,3.0798382264371065e-08
2011-06-29,5.1201629199386045e-08,4.9322026193514105e-08,4.9311702650729736e-08
2011-06-30,1.0163955800918614e-07,1.0503232348574183e-07,1.0506033289883967e-07
2011-07-01,3.246295674262567e-08,3.102920316385405e-08,3.1055774626961126e-08
2011-07-04,5.96897265102787e-08,6.069850533353194e-08,6.071373720746969e-08
2011-07-05,1.2962923410942798e-07,1.345600762497547e-07,1.3449232381224024e-07
2011-07-06,2.188497295506645e-08,2.207348980315933e-08,2.20989263420915e-08
2011-07-07,6.406310829866763e-08,6.02266865333642e-08,6.024155005086001e-08
2011-07-08,7.86580862983574e-08,7.369985988140352e-08,7.368317114297418e-08
2011-07-11,2.225552084913756e-08,2.3355302392847575e-08,2.3345579671595865e-08
2011-07-12,3.245256546686494e-08,3.302966352529359e-08,3.302233957639688e-08
2011-07-13,2.7152187200072554e-08,2.7357260236196773e-08,2.734740865457697e-08
2011-07-14,2.0099570332260946e-08,2.002974449465649e-08,2.002123089640426e-08
2011-07-15,1.9380131195468712e-08,2.0415692324692607e-08,2.0424487977253253e-08
2011-07-18,7.132034268106682e-08,7.21671997851642e-08,7.21516298807086e-08
2011-07-19,4.172634701347082e-08,3.9882945243281864e-08,3.989045969869729e-08
2011-07-20,3.1025055967434925e-08,3.319855798161715e-08,3.3200375790273504e-08
2011-07-21,1.3029886518535031e-08,1.3134415357686976e-08,1.3130574198210325e-08
2011-07-22,3.144628125945646e-08,3.08705061273294e-08,3.086648585748416e-08
2011-07-25,1.4220181685759653e-08,1.343053196505386e-08,1.3422647307197777e-08
2011-07-26,3.076979275615782e-08,2.9175963477565283e-08,2.9172645780145566e-08
2011-07-27,1.3130155364638915e-08,1.1529643875460713e-08,1.1524090737429093e-08
2011-07-28,7.298648117554273e-08,7.410585125204149e-08,7.41050857996685e-08
2011-07-29,2.1273124767187315e-08,1.8815898277386245e-08,1.881662942519545e-08
2011-08-01,7.484130791967664e-09,6.942355372734855e-09,6.944276840210981e-09
2011-08-02,1.73182531299257e-08,1.6507957175900885e-08,1.6511710230112517e-08
2011-08-03,7.55353791778947e-09,5.12946187878109e-09,5.129650781152769e-09
2011-08-04,2.7171723389831166e-08,2.5967282891088614e-08,2.596701323190603e-08
2011-08-05,2.0927864556998507e-08,2.0233654709579895e-08,2.02364448190341e-08
2011-08-08,1.3856688424505272e-08,1.1834938995110456e-08,1.1832117953704212e-08
2011-08-09,4.767962927522695e-08,4.5140560282052984e-08,4.5143996249454964e-08
2011-08-10,5.088740873259207e-07,5.212154895467548e-07,5.21180345035225e-07
2011-08-11,3.4818970352579515e-08,3.244198343510427e-08,3.250245948514049e-08
2011-08-12,3.309877340411134e-08,3.645868675415372e-08,3.645197176205731e-08
2011-08-15,5.1562412382797675e-08,4.407678072935106e-08,4.409379294783122e-08
2011-08-16,1.38187554500275e-08,1.4872657188757019e-08,1.487556597721518e-08
2011-08-17,1.2487396932193365e-08,1.3039749865674317e-08,1.304151223287329e-08
2011-08-18,1.3193009172355798e-08,1.4850739082052018e-08,1.4853068920993589e-08
2011-08-19,6.579133954280532e-08,6.374801213597317e-08,6.375313791311043e-08
2011-08-22,9.020506686222796e-09,1.1175858270129062e-08,1.1186750019997552e-08
2011-08-23,2.5376140269875037e-08,2.5470260550617148e-08,2.546819953322122e-08
2011-08-24,3.8108212675597814e-08,3.790991569720749e-08,3.791204050489886e-08
2011-08-25,7.281140519407206e-08,6.685192301168018e-08,6.686674125448323e-08
2011-08-26,6.720399455953796e-08,6.843414370038623e-08,6.842860282115005e-08
2011-08-29,4.032924932824212e-08,3.8437584621402345e-08,3.843525630769071e-08
2011-08-30,1.6576697252392852e-08,1.9469798247409847e-08,1.9471633914869513e-08
2011-08-31,1.7431762564834372e-08,1.792046385161685e-08,1.7920506626513452e-08
2011-09-01,1.4946755609397148e-07,1.4394270554204677e-07,1.439484315941895e-07
2011-09-02,4.63557628680176e-08,4.122689340700499e-08,4.12237865886464e-08
2011-09-05,2.016517038737283e-08,2.1866042271564942e-08,2.1866826059627613e-08
2011-09-06,1.2723752213686778e-08,1.347715425621347e-08,1.34763576465457e-08
2011-09-07,1.1936500471421283e-07,1.201197132048284e-07,1.201204532540576e-07
2011-09-08,2.172801606434737e-08,2.3292099759929515e-08,2.329415692701031e-08
2011-09-09,7.369106065987623e-08,6.95912001114386e-08,6.959161579053169e-08
2011-09-12,1.0412140290548726e-08,1.1951080076876257e-08,1.1950160098408366e-08
2011-09-13,2.2355115303852735e-08,2.3588182821878508e-08,2.358776253173667e-08
2011-09-14,6.893271651900635e-08,6.884870192832795e-08,6.884768561396862e-08
2011-09-15,2.6471239697902195e-08,2.638722716621825e-08,2.6383565163156224e-08
2011-09-16,4.723267146125263e-08,5.0076163989652424e-08,5.0075629731627496e-08
2011-09-19,3.4607925114583834e-07,3.4172315337285387e-07,3.417273719665425e-07
2011-09-20,3.4691818235823474e-08,3.493481809152851e-08,3.49344142052676e-08
2011-09-21,3.471306597391092e-08,3.573002326052493e-08,3.5730978137918143e-08
2011-09-22,1.7946678423518973e-08,1.824702553595226e-08,1.8245979353950243e-08
2011-09-23,4.774459325954735e-08,4.957788515056134e-08,4.9577932370407416e-08
2011-09-26,2.1959623826896178e-07,2.1928631742726124e-07,2.1929028107988628e-07
2011-09-27,4.555902556746064e-08,4.7949788204580375e-08,4.7954519929925964e-08
2011-09-28,1.7150660955473877e-08,1.5286910172754955e-08,1.5286881333384685e-08
2011-09-29,2.689023159613597e-08,2.838013061991536e-08,2.8380624950293345e-08
2011-09-30,2.4536014257282992e-08,2.605561262099075e-08,2.605449564190196e-08
2011-10-03,4.6438354142798805e-08,4.3747308066599104e-08,4.3748409171802214e-08
2011-10-04,6.72021438809548e-08,6.125417930523514e-08,6.125332293394453e-08
2011-10-05,2.1696570277045784e-08,1.872962440764482e-08,1.8728493134305755e-08
2011-10-06,1.837939502865086e-08,1.8231887821190053e-08,1.823306442909039e-08
2011-10-07,4.954988189296855e-08,5.014361672409199e-08,5.0142908635796316e-08
2011-10-10,2.712352395787165e-08,2.7460826095045594e-08,2.7459700565086152e-08
2011-10-11,1.756142318360128e-08,1.7203477367959836e-08,1.7202747229518566e-08
2011-10-12,5.536674266294541e-08,5.463966455975249e-08,5.4640474880950645e-08
2011-10-13,1.1465836651188768e-08,1.0615358763989195e-08,1.0616111617136533e-08
2011-10-14,4.644167787277174e-08,4.634830466015335e-08,4.6348384198153024e-08
2011-10-17,2.840021022182901e-08,2.528621283434455e-08,2.528719487772043e-08
2011-10-18,9.185875474010872e-08,9.4093800175207e-08,9.409359084181995e-08
2011-10-19,1.8143021461509459e-07,1.727626322677771e-07,1.7276007771922815e-07
2011-10-20,1.4480450479155696e-08,1.6144303361150764e-08,1.6146235043819268e-08
2011-10-21,4.7243475943399645e-08,4.564392484854855e-08,4.5643863394145376e-08
2011-10-24,2.724803148572819e-08,2.7526532370266783e-08,2.752634689693503e-08
2011-10-25,3.2573916088771816e-08,3.379749023557861e-08,3.379643956947644e-08
2011-10-26,2.4630965371144588e-08,2.520992939270893e-08,2.520903357297201e-08
2011-10-27,2.995424932133838e-08,2.8007046272144184e-08,2.8008426284440568e-08
2011-10-28,1.656485412690847e-08,1.5938718593042333e-08,1.5939775072735652e-08
2011-10-31,1.2414505028261256e-08,1.1622123062044946e-08,1.1621954712709088e-08
2011-11-01,4.6822706555767044e-08,4.518797364717189e-08,4.518829638803342e-08
2011-11-02,2.871079349561473e-08,2.7641180871521868e-08,2.764178721522344e-08
2011-11-03,2.8366740045522156e-08,2.6382592504467966e-08,2.638312804893209e-08
2011-11-04,6.335540043103395e-08,6.530370114325835e-08,6.530525887677172e-08
2011-11-07,4.214784982089867e-08,4.145100168968809e-08,4.145005462495611e-08
2011-11-08,7.324025314347105e-08,7.411239734332593e-08,7.411251014824341e-08
2011-11-09,1.4026215130543718e-07,1.3422586289240985e-07,1.3422010111958937e-07
2011-11-10,1.9888935730683885e-07,1.8819791321340884e-07,1.8819380121492158e-07
2011-11-11,2.845861070589404e-08,2.243645198190956e-08,2.2435527101653554e-08
2011-11-14,3.841913383707474e-08,3.6609138956538285e-08,3.660927018811496e-08
2011-11-15,3.4933336440068385e-08,3.542461466914427e-08,3.542433938002194e-08
2011-11-16,7.826843989326328e-08,7.12535547579759e-08,7.125256499377793e-08
2011-11-17,4.935035697925734e-08,4.559619150061335e-08,4.55958475810104e-08
2011-11-18,6.315974476233385e-08,6.516955035610682e-08,6.516994326482096e-08
2011-11-21,3.3266924280404564e-08,3.6025413037215375e-08,3.6021756881754725e-08
2011-11-22,2.2038354367907724e-08,2.2619112609559596e-08,2.2618236031105412e-08
2011-11-23,1.7706800512840777e-08,1.9091782614971777e-08,1.9091810431807876e-08
2011-11-24,4.772320081338971e-08,4.798782319330714e-08,4.798782938958571e-08
2011-11-25,4.652044135200046e-08,4.460496723326294e-08,4.4604377114073287e-08
2011-11-28,7.782098709828699e-08,7.994641502035794e-08,7.994814598158951e-08
2011-11-29,1.269928823933881e-07,1.216034307354663e-07,1.2160460946908398e-07
2011-11-30,6.44553345447997e-08,6.585583967706727e-08,6.585359901423425e-08
2011-12-01,2.126751985289018e-07,1.9873827072761307e-07,1.987380546210534e-07
2011-12-02,1.0453597460378602e-07,1.0150849311646989e-07,1.0150453136375762e-07
2011-12-05,1.284394120825821e-07,1.2989602728351808e-07,1.2989210950088508e-07
2011-12-06,3.9975838659187286e-08,4.246753893358906e-08,4.246298401526727e-08
2011-12-07,1.7581641778642018e-08,2.0010365162633753e-08,2.0009576432692596e-08
2011-12-08,8.540811182059412e-08,8.632264710531909e-08,8.632381855064045e-08
2011-12-09,5.051497033450779e-08,5.1527220496442814e-08,5.152671853564871e-08
2011-12-12,7.422187996234727e-08,6.913290513882063e-08,6.91353578226204e-08
2011-12-13,4.227629043913805e-07,3.937276248373441e-07,3.9372692830371017e-07
2011-12-14,5.1535489393553985e-08,5.5247134077883026e-08,5.525112271023007e-08
2011-12-15,5.681610743399366e-08,5.9313080353180746e-08,5.931326984709279e-08
2011-12-16,3.435916294987757e-08,3.2664687927793824e-08,3.266483593986501e-08
2011-12-19,4.650005696367651e-08,4.429016079733996e-08,4.429082189872108e-08
2011-12-20,4.267719031311031e-08,4.0381645493737225e-08,4.038164442093569e-08
2011-12-21,5.922448332851525e-08,6.228769651683889e-08,6.228792586357627e-08
2011-12-22,2.0731271321657993e-07,2.0406526836921183e-07,2.0406522236244892e-07
2011-12-23,1.616592871742703e-08,2.1396556058781688e-08,2.1398771840618064e-08
2011-12-26,3.017239040165143e-08,3.1785408038043414e-08,3.178545456763802e-08
2011-12-27,4.810628011836978e-08,4.974660688520345e-08,4.9747374451793274e-08
2011-12-28,7.312112547130006e-08,7.070363793748735e-08,7.070753136539526e-08
2011-12-29,4.80453976586467e-08,4.998027491295953e-08,4.998332137858572e-08
2011-12-30,1.9688167306979266e-08,2.304721505262216e-08,2.304782062721494e-08
2012-01-02,2.330596031449768e-08,2.5608740439552357e-08,2.5607304798460207e-08
2012-01-03,5.3899224439597576e-08,5.1057487686002195e-08,5.105609744134891e-08
2012-01-04,4.372204231454983e-08,4.4535313481637994e-08,4.45362764873164e-08
2012-01-05,2.816488747362997e-08,2.7894492572785165e-08,2.7894399195171978e-08
2012-01-06,6.951347290382305e-08,7.063747653445789e-08,7.063770475734728e-08
2012-01-09,1.5609819888814492e-08,1.6044694858665966e-08,1.6044321836243128e-08
2012-01-10,1.2558263604203742e-07,1.2405937474527916e-07,1.240598990882372e-07
2012-01-11,6.939326964554414e-08,6.337954524472555e-08,6.33730074005854e-08
2012-01-12,5.9544168830497317e-08,6.211341046464786e-08,6.211912451821178e-08
2012-01-13,4.4930913412474634e-08,4.182847402204127e-08,4.1829237914385516e-08
2012-01-16,2.2265505710710456e-08,2.480643011874446e-08,2.480960922712924e-08
2012-01-17,6.52779183932278e-08,5.667072056931935e-08,5.667242929800684e-08
2012-01-18,4.7747630699238827e-08,4.900027801753684e-08,4.900409583075297e-08
2012-01-19,9.278909373544565e-08,8.238616293602387e-08,8.23927760491939e-08
2012-01-20,5.084002350120095e-08,5.333909480506834e-08,5.3338992931332905e-08
2012-01-23,1.9471970093027565e-07,1.8160127035849355e-07,1.8162825757120286e-07
2012-01-24,4.150878814026843e-08,4.450196317745495e-08,4.453336499604039e-08
2012-01-25,2.504177698221252e-08,2.7734817221064275e-08,2.7727339517329402e-08
2012-01-26,2.647575893273186e-08,2.811666742277839e-08,2.8105120126048003e-08
2012-01-27,3.837957299476746e-08,3.4572046493580916e-08,3.457258433205294e-08
2012-01-30,4.594335206682782e-08,4.055192626226103e-08,4.0559683521945456e-08
2012-01-31,2.095538365506487e-08,2.2362581565972554e-08,2.2364635870453426e-08
2012-02-01,4.5448320444613855e-08,4.641063926508929e-08,4.640752109427532e-08
2012-02-02,1.926294294279617e-07,1.818171085238489e-07,1.8182055721279014e-07
2012-02-03,3.330848197151185e-08,3.658355643779487e-08,3.6583985913969425e-08
2012-02-06,1.883106048413209e-08,2.064077014348248e-08,2.0634574212012825e-08
2012-02-07,4.615537945464737e-08,4.102048015879201e-08,4.10165759206873e-08
2012-02-08,4.216973880908533e-08,3.716542443171909e-08,3.7154467982967855e-08
2012-02-09,3.175726540424044e-08,3.299384397335973e-08,3.299067389212518e-08
2012-02-10,1.3952138205897481e-08,1.2549630598225254e-08,1.2544288651129325e-08
2012-02-13,1.3629353423231183e-08,1.522926697969199e-08,1.522786375722905e-08
2012-02-14,7.62753076968327e-08,7.114818652239886e-08,7.115241063232226e-08
2012-02-15,1.643221483598987e-07,1.5047392103153322e-07,1.504757849378167e-07
2012-02-16,1.911837211541544e-08,2.0528392445675685e-08,2.05633779920177e-08
2012-02-17,3.3122687906234185e-08,2.8825820907692e-08,2.8825485734116898e-08
2012-02-20,4.418047409549944e-08,4.6179886974047666e-08,4.617677495321907e-08
2012-02-21,1.773944896043683e-08,1.7846889991880854e-08,1.783693769968673e-08
2012-02-22,2.1055740210528332e-08,2.1851616385989482e-08,2.1846536782593776e-08
2012-02-23,1.5605586139991608e-08,1.5448238705921987e-08,1.543781394024224e-08
2012-02-24,1.1557518700046569e-08,1.0736760678030702e-08,1.0732416016118605e-08
2012-02-27,6.11745324028441e-08,6.22249382897633e-08,6.222822098327543e-08
2012-02-28,2.7770239926797732e-08,2.2781529008350733e-08,2.277667824222797e-08
2012-02-29,3.674935495720682e-08,3.109023932499079e-08,3.1092121993196854e-08
2012-03-01,4.630581752842518e-08,4.815932839717035e-08,4.81569373137708e-08
2012-03-02,5.866438559064929e-08,5.484490620723698e-08,5.484813869557693e-08
2012-03-05,5.3787427774537446e-08,5.309696810373515e-08,5.3092859642470966e-08
2012-03-06,2.6570654292505318e-08,2.5774075447859036e-08,2.5768633188967948e-08
2012-03-07,1.268593844857112e-07,1.2221581805403892e-07,1.222001846252625e-07
2012-03-08,6.905591912843488e-08,6.45124224348071e-08,6.449943303459404e-08
2012-03-09,1.4411096004651758e-08,1.490462908802349e-08,1.4903533711836e-08
2012-03-12,1.2119493343744957e-07,1.1221083135430067e-07,1.1221816687250659e-07
2012-03-13,2.598453492178755e-08,3.03651416631383e-08,3.037592220334283e-08
2012-03-14,2.8304345553410052e-08,2.8406330191469176e-08,2.8403301037992217e-08
2012-03-15,3.719315271677816e-08,3.592520007594583e-08,3.592401329355324e-08
2012-03-16,9.574072785320095e-08,9.01320779762958e-08,9.016240636833969e-08
2012-03-19,5.7534462550165024e-08,5.4559139826598814e-08,5.453879871469895e-08
2012-03-20,1.0215793105538691e-07,9.146715992353126e-08,9.147383453327972e-08
2012-03-21,1.737771897652288e-08,2.0436528652655653e-08,2.0450003618917884e-08
2012-03-22,1.6489975968838235e-07,1.580799718429962e-07,1.580873582043947e-07
2012-03-23,1.7593815651543003e-08,1.7755314026396296e-08,1.773980059978073e-08
2012-03-26,2.2826644480571216e-08,2.5865242053197052e-08,2.5874908467366607e-08
2012-03-27,3.2144008947433205e-07,3.04205145080857e-07,3.0421538170152156e-07
2012-03-28,1.1662593932409461e-07,1.0734437634970172e-07,1.072464624677764e-07
2012-03-29,7.009211053578425e-08,6.906851907178473e-08,6.903729518629127e-08
2012-03-30,6.622000402991609e-08,6.16489044635549e-08,6.1658162307333e-08
2012-04-02,2.0336829537598968e-07,1.7531750692195705e-07,1.7532353450918368e-07
2012-04-03,2.5720121665021942e-08,3.464353993234835e-08,3.4698357256648206e-08
2012-04-04,1.054201835620116e-07,1.0067655630631877e-07,1.0067864894498081e-07
2012-04-05,4.5610977464439924e-08,4.839100125926225e-08,4.839741945380171e-08
2012-04-06,4.452731771269764e-08,4.5270995813887354e-08,4.5279976227069116e-08
2012-04-09,1.048261211338235e-06,9.856725916733992e-07,9.85630259982127e-07
2012-04-10,2.2280023567178382e-08,3.825548387334113e-08,3.84086313914372e-08
2012-04-11,4.510288443442805e-08,5.43441186159399e-08,5.432477116596975e-08
2012-04-12,5.03339596903349e-08,5.744095036718231e-08,5.742643878115147e-08
2012-04-13,1.366962434145708e-07,1.2845946015011946e-07,1.2846765100450816e-07
2012-04-16,3.559880447091716e-08,3.406736104808958e-08,3.409111330568561e-08
2012-04-17,9.185498673773156e-08,9.662475352799669e-08,9.664318790147816e-08
2012-04-18,3.926513904945018e-08,4.1582677912362404e-08,4.151424303398402e-08
2012-04-19,3.184853267732042e-08,2.8796130133325415e-08,2.878607745929811e-08
2012-04-20,1.5675879496383408e-07,1.3226583526386425e-07,1.322692644401526e-07
2012-04-23,2.5962678356960356e-08,3.170682827159589e-08,3.175566567567861e-08
2012-04-24,9.352046647679324e-09,1.2905881738458234e-08,1.2895088636826136e-08
2012-04-25,7.431057078557088e-08,7.621069775458971e-08,7.621375192836049e-08
2012-04-26,3.3169862002156765e-08,3.6610337544286034e-08,3.657148296314626e-08
2012-04-27,5.5637712846039754e-08,4.7749764992891774e-08,4.7755167659579735e-08
2012-04-30,5.286492886991926e-08,4.927450364013388e-08,4.925409414345759e-08
2012-05-01,1.899631270332824e-08,2.1068350618162153e-08,2.1075162800208636e-08
2012-05-02,3.646216862803526e-08,3.657141016441194e-08,3.6565782546541817e-08
2012-05-03,1.862967848210422e-08,2.0870658228011382e-08,2.0854410736996354e-08
2012-05-04,1.8401340724809987e-08,1.7182707589445362e-08,1.718542935373294e-08
2012-05-07,1.7798511670381443e-08,1.83093864218306e-08,1.831840848821828e-08
2012-05-08,1.5689625449961389e-07,1.548226814033745e-07,1.5484272908355128e-07
2012-05-09,9.556714928179196e-09,1.123314622781384e-08,1.127986592443506e-08
2012-05-10,1.1375230359898178e-08,1.1378585848324041e-08,1.1376616438333126e-08
2012-05-11,2.9105009454553214e-08,2.7419943033709296e-08,2.7418117952943858e-08
2012-05-14,6.64788762067827e-08,6.504601855944351e-08,6.500282770475166e-08
2012-05-15,7.497142170986238e-08,7.356683064291294e-08,7.358401631538698e-08
2012-05-16,9.674096499333038e-09,9.099703556171376e-09,9.074260561601375e-09
2012-05-17,3.672959994123046e-08,3.315532033314565e-08,3.3160771833322844e-08
2012-05-18,3.0946892166681126e-08,2.8106113702016437e-08,2.808472458691194e-08
2012-05-21,3.56899478543843e-08,3.3453210974996785e-08,3.344572362925098e-08
2012-05-22,6.955415875575111e-08,6.645130179344539e-08,6.64481329796454e-08
2012-05-23,4.702043427074693e-08,4.535888893743652e-08,4.53391656792368e-08
2012-05-24,2.404355167921043e-08,2.4024188011739937e-08,2.4027077895163764e-08
2012-05-25,1.5579052735049802e-08,1.440493700077479e-08,1.4408099482236698e-08
2012-05-28,3.978885536494204e-08,3.6570892971942476e-08,3.6581324941504516e-08
2012-05-29,8.615580146413798e-08,8.426528725071482e-08,8.42616623432691e-08
2012-05-30,6.610254147321213e-08,6.637842553963302e-08,6.639726446922003e-08
2012-05-31,6.474097081958763e-08,5.682630827206259e-08,5.685212519645663e-08
2012-06-01,2.4315098494710527e-08,2.3707243136184415e-08,2.3718657067218224e-08
2012-06-04,9.016788780461062e-09,7.69275011287472e-09,7.689974340279388e-09
2012-06-05,2.2037073474510445e-08,2.0806131474524487e-08,2.080619692047589e-08
2012-06-06,4.617790500231283e-08,4.0140619812434056e-08,4.013786800576926e-08
2012-06-07,2.3158796972812983e-08,2.4281786405257613e-08,2.4277589894957207e-08
2012-06-08,2.1424405911289638e-08,2.074939109374276e-08,2.0745478829199818e-08
2012-06-11,2.2460308604947033e-08,2.039770884998393e-08,2.03943894695458e-08
2012-06-12,4.906118562376021e-08,4.616788104285505e-08,4.6171060841401696e-08
2012-06-13,1.3733305483696579e-08,1.232646712172898e-08,1.2330349989112286e-08
2012-06-14,1.3937532046813478e-08,1.2348338726600121e-08,1.2348059099511321e-08
2012-06-15,2.3345298180522505e-08,1.918329767547791e-08,1.918154992373422e-08
2012-06-18,1.1944047256700392e-08,1.118010183163814e-08,1.1176896814693198e-08
2012-06-19,1.897253994790705e-07,2.0244367289375143e-07,2.0244163875900687e-07
2012-06-20,1.0315483035122431e-08,9.125329085375276e-09,9.139992514822139e-09
2012-06-21,2.2822693495812906e-08,2.034244285491973e-08,2.0341553561361342e-08
2012-06-22,3.3337325016182085e-08,3.132310364646684e-08,3.1324282373132234e-08
2012-06-25,1.4364508123911977e-08,1.2743540986161861e-08,1.2746035752298354e-08
2012-06-26,4.720317842280778e-07,4.781568024997791e-07,4.78168220477008e-07
2012-06-27,4.547456755737085e-08,4.5028831956389594e-08,4.4983736731400036e-08
2012-06-28,3.4136895741518555e-08,3.5367632833329004e-08,3.537661366876286e-08
2012-06-29,8.804666192002276e-08,8.917467907487789e-08,8.915569335046934e-08
2012-07-02,2.5309644555795007e-08,2.4493429970031297e-08,2.44642935085852e-08
2012-07-03,1.4270728888627139e-08,1.2206816714171107e-08,1.2199391531688086e-08
2012-07-04,2.027233160961234e-07,2.0401583738783157e-07,2.0402033022219003e-07
2012-07-05,1.216265646233295e-07,1.1301365163808998e-07,1.1293309188236921e-07
2012-07-06,3.8175445032193825e-08,4.13573858834885e-08,4.1370345223164184e-08
2012-07-09,2.9373626478518196e-08,3.1957557086673455e-08,3.19619604950081e-08
2012-07-10,2.8384533114596625e-08,2.9609908549720206e-08,2.9613782355667807e-08
2012-07-11,3.8219315658542657e-08,3.7074863396763274e-08,3.7078211061089195e-08
2012-07-12,1.3250046630657243e-07,1.264692773231617e-07,1.2649921825868987e-07
2012-07-13,1.5579699333926478e-07,1.4373291876058222e-07,1.4369222889889417e-07
2012-07-16,2.7755682620434348e-08,3.223503488841257e-08,3.229603050043617e-08
2012-07-17,3.522216970066031e-08,3.3578235230982646e-08,3.358355470376813e-08
2012-07-18,2.1383930592567348e-08,2.475194415173176e-08,2.4752875514848403e-08
2012-07-19,6.539854019089353e-08,6.349635135778352e-08,6.350184130570545e-08
2012-07-20,2.7715235186491293e-08,2.9670448548748102e-08,2.9661437007343038e-08
2012-07-23,2.637808295088635e-08,2.8353704233999038e-08,2.8345525416216186e-08
2012-07-24,2.7600792937016298e-08,2.7229964979422183e-08,2.7229010298958457e-08
2012-07-25,1.921250648599701e-08,1.8946317969652148e-08,1.8946685825432733e-08
2012-07-26,1.916366378004849e-08,1.8968693401787062e-08,1.896640198491209e-08
2012-07-27,5.142949802412427e-08,5.196330527262736e-08,5.196035009682575e-08
2012-07-30,1.9858962812616947e-08,1.9693436270973536e-08,1.9682718451850137e-08
2012-07-31,1.4638123111342308e-08,1.5253750035176923e-08,1.5254072323333386e-08
2012-08-01,1.955892601891159e-08,1.8160794643323406e-08,1.815931269535856e-08
2012-08-02,1.4187514601257745e-08,1.4237807311852279e-08,1.423286932475121e-08
2012-08-03,1.4446775184622279e-08,1.2597288343675344e-08,1.2596357504224835e-08
2012-08-06,2.3646248897295987e-08,2.2397018302338697e-08,2.2397160516967852e-08
2012-08-07,1.9595694676396136e-08,1.8310126064167167e-08,1.8320455879134567e-08
2012-08-08,1.6012659172349562e-08,1.4959344506940976e-08,1.49488536886231e-08
2012-08-09,1.1143484793366456e-08,1.0695635941932424e-08,1.070185287449252e-08
2012-08-10,3.986346689284373e-08,3.810198287042227e-08,3.810489375133145e-08
2012-08-13,9.487075017236867e-08,9.93575507993802e-08,9.936254215626746e-08
2012-08-14,4.464775866263756e-08,4.337323902633445e-08,4.3343049969827207e-08
2012-08-15,2.835279271827307e-08,2.6212666921506775e-08,2.6218492092874223e-08
2012-08-16,2.2086663277755748e-08,2.105957817836075e-08,2.1050466545026536e-08
2012-08-17,2.8485593511909186e-08,2.704475659751946e-08,2.7030769468518935e-08
2012-08-20,2.873831600899984e-08,2.7320254048483204e-08,2.730880656643789e-08
2012-08-21,1.258924043306861e-08,1.0842484968602083e-08,1.0826197674818793e-08
2012-08-22,1.0997104744701334e-08,1.054153500240624e-08,1.0541313028052691e-08
2012-08-23,1.6513800086336458e-08,1.599845398466282e-08,1.5999038877900656e-08
2012-08-24,3.978069423496523e-08,3.571212692983147e-08,3.571394509868774e-08
2012-08-27,2.1754674982058923e-08,1.9216156901578688e-08,1.9222953718766736e-08
2012-08-28,1.0837485473952047e-08,8.830172693665475e-09,8.826307023689196e-09
2012-08-29,2.3249392125795792e-08,2.0009966895365634e-08,2.0004675562034182e-08
2012-08-30,1.1997531434500063e-08,9.558700557363518e-09,9.549102447020382e-09
2012-08-31,1.557156105386249e-08,1.2418169513315606e-08,1.241235884075716e-08
2012-09-03,1.677514500412699e-08,1.5798636167225683e-08,1.5792283592382915e-08
2012-09-04,9.355241452109493e-09,7.675577731356633e-09,7.674863988621451e-09
2012-09-05,4.453889652132708e-08,4.728382243465913e-08,4.7286990735018956e-08
2012-09-06,5.359398971601497e-08,5.5538885872537213e-08,5.5543083441514124e-08
2012-09-07,1.6729511101291665e-08,1.559550632615507e-08,1.5600818248285775e-08
2012-09-10,2.5127235955493553e-08,2.28041510096092e-08,2.2795338578054086e-08
2012-09-11,1.0894007272818583e-08,8.289827963915324e-09,8.277157490290725e-09
2012-09-12,1.6477985100411344e-08,1.3844598193516128e-08,1.3841925210973037e-08
2012-09-13,2.087900328220511e-08,1.9659635140697346e-08,1.9653024310322513e-08
2012-09-14,4.7290465454973035e-08,4.630055063911954e-08,4.6317494957340614e-08
2012-09-17,1.046106400287518e-08,9.225173853576092e-09,9.232057876124383e-09
2012-09-18,1.931691376435952e-08,1.6851155797485242e-08,1.6851056495811888e-08
2012-09-19,1.7451568424626445e-08,1.633969271584658e-08,1.6337437625212508e-08
2012-09-20,3.484594298566167e-08,3.5904916485989577e-08,3.589726175076093e-08
2012-09-21,2.6748464741227333e-08,2.463434735849401e-08,2.4631347013944252e-08
2012-09-24,1.7813323358926336e-08,1.7195233624651456e-08,1.719848810743442e-08
2012-09-25,1.2009491644052446e-08,9.76345592550269e-09,9.768135763333678e-09
2012-09-26,8.384692737781117e-09,5.262685066990307e-09,5.260514760184232e-09
2012-09-27,2.6146750594055876e-08,2.6336891858828124e-08,2.6338860260947495e-08
2012-09-28,1.8930943308319038e-08,1.6004174767746502e-08,1.601357171334454e-08
2012-10-01,1.642141986357836e-08,1.3491692219686944e-08,1.3491540460601164e-08
2012-10-02,9.823581653114744e-09,7.125431634977231e-09,7.123310286686122e-09
2012-10-03,9.11581150176625e-08,9.49878866100631e-08,9.499127523050082e-08
2012-10-04,9.856618062965927e-09,7.246520461421677e-09,7.256014327002032e-09
2012-10-05,1.3945262633363706e-08,1.171508351529784e-08,1.1713890241297847e-08
2012-10-08,2.5356287146108294e-08,2.5195173211134685e-08,2.519729435792167e-08
2012-10-09,1.468625520673324e-08,1.178293888007019e-08,1.1775468199363857e-08
2012-10-10,1.451894441975375e-08,1.4394825298651293e-08,1.4393667805380164e-08
2012-10-11,1.299917095707e-07,1.3824319240454843e-07,1.3824111971723892e-07
2012-10-12,2.1603282233425775e-08,2.096171860139978e-08,2.0964784176851347e-08
2012-10-15,6.985949075856318e-08,7.515849287941957e-08,7.51506745322054e-08
2012-10-16,3.617400630694206e-08,3.5194114859464037e-08,3.517140517618604e-08
2012-10-17,1.8104891174683857e-08,1.7333531416301044e-08,1.7336520400422257e-08
2012-10-18,1.2399345915953141e-08,1.1924084904006767e-08,1.1915166547740543e-08
2012-10-19,2.3402844314571375e-08,2.3381409089805163e-08,2.3381843830524097e-08
2012-10-22,1.22744695751271e-08,1.110148627120086e-08,1.1099515316011169e-08
2012-10-23,1.9245041279639534e-08,1.7726047686515013e-08,1.7722110010869726e-08
2012-10-24,2.8581636872350266e-08,2.690707314804949e-08,2.6902945218539313e-08
2012-10-25,1.5828316340979233e-08,1.491464162189728e-08,1.4910580532308656e-08
2012-10-26,1.737550928563225e-08,1.613815426481907e-08,1.613931356662205e-08
2012-10-29,1.4491980812445499e-08,1.195804256087633e-08,1.195925294859701e-08
2012-10-30,1.930628695339826e-08,1.619932091054627e-08,1.6190242568786802e-08
2012-10-31,1.3649705954842993e-08,1.1566246938742594e-08,1.1559985960307025e-08
2012-11-01,3.3408657857606345e-08,3.157049217006189e-08,3.157027712401533e-08
2012-11-02,4.071974551131125e-08,4.4385443762372734e-08,4.4406358250668345e-08
2012-11-05,2.530163352015562e-08,2.270223256415403e-08,2.270056872946754e-08
2012-11-06,8.401418715124354e-09,5.4035956754632084e-09,5.4019288010870566e-09
2012-11-07,2.4536287346807067e-08,2.6028049388224994e-08,2.6028615116923598e-08
2012-11-08,2.788869286423181e-08,2.6230720170795765e-08,2.6239977680654856e-08
2012-11-09,5.281896945092907e-08,5.605481769480497e-08,5.608016094753529e-08
2012-11-12,1.7444411212119486e-08,1.6310698693591304e-08,1.6322610894721506e-08
2012-11-13,7.408396394225758e-09,6.1283988757727005e-09,6.125147301639212e-09
2012-11-14,2.3206409764056727e-08,2.0771455225351548e-08,2.077405598801486e-08
2012-11-15,2.409955870225691e-07,2.49951463845587e-07,2.499815707513497e-07
2012-11-16,1.4519482974248216e-08,1.3630197920698251e-08,1.3656267308039945e-08
2012-11-19,3.000667222141243e-08,3.095445155641707e-08,3.095487756839002e-08
2012-11-20,3.381749509428903e-08,3.37880156636844e-08,3.378608310864963e-08
2012-11-21,1.156410521914472e-08,1.0299894664026152e-08,1.0293557527944921e-08
2012-11-22,1.142746703525206e-08,9.335594919879165e-09,9.336412661449063e-09
2012-11-23,2.5309348548428472e-08,2.403755975603701e-08,2.403633674460798e-08
2012-11-26,1.1698954270893789e-08,9.64807587465816e-09,9.631439378777012e-09
2012-11-27,1.5250481514149494e-08,1.3854099849863312e-08,1.3851463480359374e-08
2012-11-28,1.4582138995492388e-08,1.1962717141216465e-08,1.1960629626558471e-08
2012-11-29,6.555435493835631e-08,7.084288383279367e-08,7.085067834828895e-08
2012-11-30,2.7672862449648305e-08,2.561461411787327e-08,2.5622238920740513e-08
2012-12-03,1.126564465554968e-08,9.279953641183567e-09,9.276542858086025e-09
2012-12-04,8.517779466125534e-09,7.733973100581312e-09,7.73372474049345e-09
2012-12-05,2.2316612660943458e-08,2.242152835371437e-08,2.2422218136899414e-08
2012-12-06,2.9000931349296225e-08,2.699631384275811e-08,2.7001718441167e-08
2012-12-07,3.75185250305328e-08,4.051164140858449e-08,4.0518700336957486e-08
2012-12-10,2.0209388314306544e-08,1.9354262351049963e-08,1.935781843607857e-08
2012-12-11,1.68949358109917e-08,1.5243454824617093e-08,1.524330325865565e-08
2012-12-12,3.095337203842357e-08,3.231452734434078e-08,3.231505100934556e-08
2012-12-13,5.6412040525522615e-08,5.894988963903481e-08,5.894103637940412e-08
2012-12-14,1.2510255200988927e-08,1.1971052498214265e-08,1.1979886740146952e-08
2012-12-17,2.8439614851351794e-08,2.7556425908277312e-08,2.7556285699323325e-08
2012-12-18,2.085880486257285e-08,1.9770531257176158e-08,1.9762640089321663e-08
2012-12-19,3.3212634318899206e-08,3.3732143936209585e-08,3.373016710740751e-08
2012-12-20,4.0535976314548086e-08,4.051476728404663e-08,4.0514991467910764e-08
2012-12-21,2.073055148913522e-08,1.9059683082845286e-08,1.9062757667013652e-08
2012-12-24,1.4102922917324237e-08,1.3893125588630198e-08,1.3892270984623458e-08
2012-12-25,3.623896698729892e-08,3.519934012360732e-08,3.5199065210008684e-08
2012-12-26,1.4863173388026011e-08,1.5466898249545197e-08,1.5465983330157494e-08
2012-12-27,2.257593078246876e-07,2.326574329554603e-07,2.3265436974843032e-07
2012-12-28,2.550080236014779e-07,2.4981015958627267e-07,2.4974147757762133e-07
2012-12-31,2.8856267770341482e-08,3.204374487055999e-08,3.2045868629546404e-08
2013-01-01,2.8372169117991126e-08,3.2879682754565496e-08,3.287924658022686e-08
2013-01-02,1.4869279071181398e-07,1.4839719091457912e-07,1.4840031220033814e-07
2013-01-03,2.9012795302484476e-08,2.9534024837695212e-08,2.9537518452548734e-08
2013-01-04,2.1663344241565628e-08,2.3969632883422536e-08,2.3973742355419727e-08
2013-01-07,2.528111270705302e-08,2.6080728052695058e-08,2.6077209722291586e-08
2013-01-08,4.7956081699704826e-08,4.683283460835943e-08,4.683621148227524e-08
2013-01-09,3.297560898324605e-08,3.342441831850909e-08,3.342586640673133e-08
2013-01-10,1.1594750575984816e-07,1.1325820119168094e-07,1.1326048600958181e-07
2013-01-11,1.5450000645139678e-07,1.4971512278269704e-07,1.4970882395759682e-07
2013-01-14,1.8670778348135856e-08,2.1940583069929542e-08,2.1943980247842725e-08
2013-01-15,1.4133898939564783e-08,1.6600098717943394e-08,1.6598780316846582e-08
2013-01-16,6.495778499387077e-08,6.770206996727506e-08,6.769992016292191e-08
2013-01-17,1.6261271194969086e-07,1.6104436205541585e-07,1.6105128539985064e-07
2013-01-18,4.091423027692836e-08,3.642909690621478e-08,3.6430539278127794e-08
2013-01-21,6.654126596658811e-08,6.142238821939899e-08,6.142975788129642e-08
2013-01-22,7.915103447705394e-08,7.188061532919537e-08,7.187495273087337e-08
2013-01-23,2.7605018578643703e-08,2.995625678146432e-08,2.9967357536876995e-08
2013-01-24,1.5775844346230747e-08,1.494396036693652e-08,1.4942717111373483e-08
2013-01-25,6.037556805590937e-08,5.7551509017200556e-08,5.754787850641781e-08
2013-01-28,2.787755851300202e-08,2.9487340814499597e-08,2.9484670341284556e-08
2013-01-29,1.988680985388513e-08,2.2652139666211048e-08,2.2649322434953523e-08
2013-01-30,4.635410314389369e-08,4.3732934460044985e-08,4.373144394137329e-08
2013-01-31,4.530264141141944e-08,4.8761520224235716e-08,4.8767479561398316e-08
2013-02-01,4.383595186488184e-08,4.6781704171351906e-08,4.677656994319149e-08
2013-02-04,1.2262313825571132e-08,1.4319251280780825e-08,1.4317827007338626e-08
2013-02-05,4.1084750595354716e-08,4.020943654795528e-08,4.0209905705111154e-08
2013-02-06,1.527265478266071e-07,1.4794510057647735e-07,1.4793445696913218e-07
2013-02-07,9.731573750738603e-08,9.008771227646883e-08,9.003567915579634e-08
2013-02-08,4.1554983336500986e-08,4.1060973557600864e-08,4.106768298334545e-08
2013-02-11,7.234014702616024e-08,7.003532303170224e-08,7.004075395673342e-08
2013-02-12,2.2336012005401383e-08,2.581322186113299e-08,2.582325159945252e-08
2013-02-13,7.74053481767425e-08,7.6260580465346e-08,7.623945505133289e-08
2013-02-14,3.786505015772338e-08,3.681069735709722e-08,3.679609641187622e-08
2013-02-15,1.4870893486395904e-08,1.7524919636251413e-08,1.7519810463252645e-08
2013-02-18,2.6179722294366883e-08,2.7695488429292084e-08,2.7689793175194295e-08
2013-02-19,3.073204733925e-08,3.1026915807532876e-08,3.1011070914861494e-08
2013-02-20,3.959581592343861e-08,3.575861086874915e-08,3.575767240606407e-08
2013-02-21,2.5015834267493892e-08,2.2080651408259983e-08,2.2087551710750876e-08
2013-02-22,2.23640215099688e-08,2.2906075493071366e-08,2.290661736502814e-08
2013-02-25,5.629597094431787e-08,5.166074085170775e-08,5.166861371242628e-08
2013-02-26,2.6850680016624018e-08,2.5625195351233877e-08,2.5614900438507252e-08
2013-02-27,2.333558417068572e-08,2.4767350807847223e-08,2.4762457109167714e-08
2013-02-28,1.9900795249381976e-08,2.003952912358581e-08,2.003183357119599e-08
2013-03-01,1.573268947864688e-08,1.5273593960742595e-08,1.5268338116858402e-08
2013-03-04,1.3183074354067223e-08,1.3117846836687842e-08,1.311229759033175e-08
2013-03-05,1.0265438549282864e-08,9.57662398608877e-09,9.573223220676695e-09
2013-03-06,1.0630765099836308e-08,8.928559852176305e-09,8.925215023325775e-09
2013-03-07,1.65163892641111e-08,1.9755752225468013e-08,1.976015047829897e-08
2013-03-08,3.7560722274400736e-08,4.027062045560017e-08,4.026053157008308e-08
2013-03-11,9.381603075277216e-08,9.001008393938482e-08,8.997786474633366e-08
2013-03-12,1.5031253689866817e-07,1.4828939770456266e-07,1.4829376859610123e-07
2013-03-13,5.405832607581248e-08,5.435655922910921e-08,5.438451599471472e-08
2013-03-14,2.785949471246804e-08,2.5120035446705467e-08,2.5134699005933356e-08
2013-03-15,1.2087741853599521e-08,1.1293209661757723e-08,1.1288705839523328e-08
2013-03-18,4.087675501540053e-08,3.802404130125683e-08,3.801625522133375e-08
2013-03-19,2.2706561239273158e-08,2.259500337066076e-08,2.2600113365710277e-08
2013-03-20,3.5547504649123166e-08,3.34869567870852e-08,3.349333455962837e-08
2013-03-21,4.993470298614331e-08,4.949943957327412e-08,4.950831460774714e-08
2013-03-22,1.3395109676168195e-07,1.2777057370605164e-07,1.2780448668845452e-07
2013-03-25,3.419725841622102e-08,3.4705617313147075e-08,3.471258942206833e-08
2013-03-26,1.8559504770162513e-08,2.0403958219411446e-08,2.0400721323853133e-08
2013-03-27,8.38608020529527e-08,8.339154061317724e-08,8.340199568188283e-08
2013-03-28,1.8570316275392025e-08,2.0272497103358534e-08,2.028875088608688e-08
2013-03-29,3.7711202286604163e-08,3.932914569660051e-08,3.933163521023124e-08
2013-04-01,2.1958560388477408e-08,2.3183907267432383e-08,2.31816021607553e-08
2013-04-02,7.860920164906915e-08,8.038847312267111e-08,8.037733715732088e-08
2013-04-03,3.3331612155035493e-07,3.3046897122804556e-07,3.304422588836959e-07
2013-04-04,1.852213974887744e-08,2.0428128565147053e-08,2.0446818664331758e-08
2013-04-05,3.588913749248013e-08,3.715552978223574e-08,3.7151165223824045e-08
2013-04-08,4.278315496582364e-08,4.383693651610523e-08,4.3836363092995704e-08
2013-04-09,5.642715113666445e-08,5.7569124454549105e-08,5.756693246788221e-08
2013-04-10,1.3471951961805016e-08,1.514827810104856e-08,1.5137782968911707e-08
2013-04-11,3.301060708176386e-08,3.380357854110771e-08,3.379797622474089e-08
2013-04-12,1.493367616408068e-08,1.4002584507396121e-08,1.3999377301926356e-08
2013-04-15,6.987997631884297e-08,6.911450583020296e-08,6.911695898913305e-08
2013-04-16,2.003693055855689e-08,2.104764722451033e-08,2.1050051610155045e-08
2013-04-17,6.974309287507718e-08,7.11656592833384e-08,7.116568124541197e-08
2013-04-18,2.354171425174308e-08,2.3528550185055454e-08,2.354418451628598e-08
2013-04-19,1.525237294390495e-08,1.652266267159816e-08,1.6519974035691497e-08
2013-04-22,2.9437823588136644e-08,2.8923115215804997e-08,2.892076608865148e-08
2013-04-23,8.106462639580379e-08,7.948409688837753e-08,7.948630117036204e-08
2013-04-24,3.482983058095673e-08,3.661022800898086e-08,3.661488699592362e-08
2013-04-25,5.4215292660008145e-08,5.158896045904926e-08,5.1593385380070206e-08
2013-04-26,1.9493924437166507e-08,2.016432486615369e-08,2.0169016405071632e-08
2013-04-29,1.513429913112634e-08,1.498191079203863e-08,1.497790715889788e-08
2013-04-30,1.227822489293139e-08,1.248327449007757e-08,1.2480878356556574e-08
2013-05-01,3.703954660008949e-08,3.442286276769507e-08,3.44271250713177e-08
2013-05-02,6.082024784549523e-08,5.864308789661142e-08,5.864518112723911e-08
2013-05-03,1.7083170584577306e-08,1.892189933194358e-08,1.8918851158790002e-08
2013-05-06,1.169846126640844e-08,1.1832607346855872e-08,1.1832916707731552e-08
2013-05-07,2.6111528871888872e-08,2.576982960044872e-08,2.5773157850887072e-08
2013-05-08,7.529802665263358e-08,7.408314007144422e-08,7.407534395111499e-08
2013-05-09,3.714231487040639e-07,3.694196333756385e-07,3.6938700659977523e-07
2013-05-10,2.1687758624498272e-08,2.1920774502160706e-08,2.1962941266658334e-08
2013-05-13,4.271467492492025e-08,4.103624726048673e-08,4.103667005258687e-08
2013-05-14,8.107379320303914e-08,7.641703196452364e-08,7.641424337093274e-08
2013-05-15,9.14835345590419e-08,8.866978624505758e-08,8.866029847985295e-08
2013-05-16,4.4947968762675946e-08,4.613681202051287e-08,4.614811090355313e-08
2013-05-17,1.6276565043254172e-08,1.716961473785856e-08,1.7167476826427283e-08
2013-05-20,6.535594967565843e-08,6.640772887664509e-08,6.640790500320987e-08
2013-05-21,1.9879714880413793e-08,2.1332880230911466e-08,2.1326674183463662e-08
2013-05-22,3.510602515924877e-08,3.3440041084021046e-08,3.343595428903498e-08
2013-05-23,1.5465625549312623e-07,1.5045640714317708e-07,1.5046631221639957e-07
2013-05-24,3.5609981394582003e-08,3.32877340779847e-08,3.329868314270049e-08
2013-05-27,2.805464010734977e-07,2.6115429246941214e-07,2.611639176020461e-07
2013-05-28,3.3802876954695323e-08,3.576665548223257e-08,3.574648654972318e-08
2013-05-29,6.404633919044745e-08,6.47874619243788e-08,6.478401344898987e-08
2013-05-30,4.0532340254534073e-08,4.44311051941016e-08,4.443150805189535e-08
2013-05-31,1.8244967212486945e-08,1.776112604031783e-08,1.7760396925883885e-08
2013-06-03,1.1920801986863795e-07,1.0433272002519392e-07,1.0432927879007805e-07
2013-06-04,6.722791293298512e-08,7.428825352131364e-08,7.429311147141304e-08
2013-06-05,4.177678522656548e-08,3.9048848653174024e-08,3.9049923835726474e-08
2013-06-06,2.443007784498454e-08,2.7658448984476562e-08,2.7661223772328023e-08
2013-06-07,2.6590296827112115e-07,2.551228455332597e-07,2.551345859045377e-07
2013-06-10,2.0295589745106464e-07,1.9879569564455261e-07,1.9877678928008657e-07
2013-06-11,1.4029170849823393e-07,1.2364757014176404e-07,1.2364590037308106e-07
2013-06-12,7.705023841160929e-08,7.70889905567246e-08,7.709246877975093e-08
2013-06-13,1.1097573931711825e-07,9.644652134310361e-08,9.645409682458008e-08
2013-06-14,1.6586536956151842e-07,1.673697025822817e-07,1.67371755575816e-07
2013-06-17,1.237588747754738e-07,1.3297560215743584e-07,1.329726595182123e-07
2013-06-18,9.55633748175645e-08,9.825923784326384e-08,9.826136048792333e-08
2013-06-19,7.12685821406109e-08,7.592122697007594e-08,7.592072685090002e-08
2013-06-20,4.626491215678967e-08,4.992035371402117e-08,4.9919130486037815e-08
2013-06-21,3.389682471979667e-08,4.067921383224844e-08,4.067952193074793e-08
2013-06-24,1.2119051469237177e-07,1.1447092480992669e-07,1.144717899869158e-07
2013-06-25,4.659198991237701e-08,5.106690128396548e-08,5.1064240220234056e-08
2013-06-26,1.1073199919531158e-07,1.0182587269282317e-07,1.0182542492819956e-07
2013-06-27,6.55486946042711e-08,6.415548378304678e-08,6.415375172526049e-08
2013-06-28,8.769859085382886e-08,7.839355221568737e-08,7.839436640740696e-08
2013-07-01,1.3047718740623811e-07,1.1817150829488433e-07,1.1816918649552226e-07
2013-07-02,6.395473258429202e-08,6.232460490252851e-08,6.232288613224425e-08
2013-07-03,2.7520998885891876e-08,3.195690449380508e-08,3.1956303046706984e-08
2013-07-04,1.4482086441548637e-07,1.439505530093954e-07,1.4394905197309192e-07
2013-07-05,1.3995003854581002e-07,1.292754172972057e-07,1.2926806126216705e-07
2013-07-08,2.9745518090648462e-08,3.687481501972498e-08,3.68787714842962e-08
2013-07-09,3.088588957178994e-08,3.38725729258758e-08,3.3871564144997383e-08
2013-07-10,4.1577072413357244e-07,3.7105848714443553e-07,3.7106276773535125e-07
2013-07-11,1.3200691986617076e-08,2.1825266699047167e-08,2.1830032559241067e-08
2013-07-12,3.2348304583053664e-08,3.046460170949398e-08,3.04640568750245e-08
2013-07-15,2.212430741470063e-08,3.0241768649686995e-08,3.0242410269918085e-08
2013-07-16,4.126718221739427e-08,4.856863018075577e-08,4.8567431166333384e-08
2013-07-17,7.655389875775595e-08,8.32068248233325e-08,8.32060153377071e-08
2013-07-18,6.715263462392352e-08,6.296033397337288e-08,6.296153819516532e-08
2013-07-19,5.8154920679407524e-08,5.73861653973907e-08,5.7387334070446404e-08
2013-07-22,1.5062178773145985e-08,2.1197823870398347e-08,2.1198566581627062e-08
2013-07-23,2.4609801092348157e-08,2.7176866413213902e-08,2.7176475536966542e-08
2013-07-24,2.6708585169361132e-08,3.05513622099863e-08,3.0550605438310926e-08
2013-07-25,5.5904483984814034e-08,5.5770638622800126e-08,5.577010864159183e-08
2013-07-26,8.757075709289419e-08,8.897653913026563e-08,8.897783990169536e-08
2013-07-29,1.3407466491463187e-08,1.609871871676898e-08,1.6098964167302344e-08
2013-07-30,5.916006491198858e-08,5.5254954545394654e-08,5.5255420975711316e-08
2013-07-31,2.2345336443655096e-08,2.427276859863417e-08,2.4275466138723625e-08
2013-08-01,4.833766786024903e-08,4.400210834532049e-08,4.4002123233142446e-08
2013-08-02,2.045996374846131e-08,2.2607313949224272e-08,2.260878503325253e-08
2013-08-05,1.8082644699470712e-08,1.7694914273278425e-08,1.769412079641757e-08
2013-08-06,7.433882159496456e-08,6.80437164832499e-08,6.804000225421545e-08
2013-08-07,3.125939628725443e-08,3.329528889183285e-08,3.329724885789001e-08
2013-08-08,1.2374852652032347e-08,1.3123631969908164e-08,1.3118852899116845e-08
2013-08-09,1.3823154732646885e-07,1.324609403651623e-07,1.3245599727047977e-07
2013-08-12,2.1449230765107338e-08,2.2336597832716814e-08,2.2341401543797187e-08
2013-08-13,5.2434093404813825e-08,5.365379109792828e-08,5.365327870104657e-08
2013-08-14,3.154284509343741e-08,3.199059240410866e-08,3.1990945269413266e-08
2013-08-15,1.8109293675083467e-08,1.9283343124040218e-08,1.9285547663513713e-08
2013-08-16,1.0616431872995401e-07,1.0299436509683944e-07,1.0299084338039314e-07
2013-08-19,3.997692796607204e-08,4.006787789041303e-08,4.004614622794311e-08
2013-08-20,1.298941986906848e-07,1.3085225935426068e-07,1.3083802565627235e-07
2013-08-21,8.90407376074763e-08,9.019010055745268e-08,9.018548908099489e-08
2013-08-22,1.7340505357796333e-08,1.8638571854102927e-08,1.862635230677113e-08
2013-08-23,3.528260532886578e-08,3.7785106754631246e-08,3.7787340723576594e-08
2013-08-26,3.752262842047794e-08,3.809649072195391e-08,3.809315451024086e-08
2013-08-27,4.7046986762954366e-08,4.74482732379928e-08,4.744380005950809e-08
2013-08-28,2.3212409465032235e-07,2.2856371114798493e-07,2.2854468455892393e-07
2013-08-29,2.987151810923441e-08,2.7631849070697056e-08,2.7640958703081067e-08
2013-08-30,9.754804429168914e-08,9.433799371162885e-08,9.433979173751128e-08
2013-09-02,6.849436180886271e-08,6.621988487602593e-08,6.621397389494629e-08
2013-09-03,1.7665204895489947e-08,2.114997957189465e-08,2.114463830074604e-08
2013-09-04,4.1588584105079466e-07,3.9740530649632073e-07,3.9742251748167984e-07
2013-09-05,2.740254738695648e-07,2.48404964068021e-07,2.481070451146077e-07
2013-09-06,1.2293994028350808e-07,1.294469958109673e-07,1.2948334225639906e-07
2013-09-09,6.893800973271661e-08,7.59555268782067e-08,7.594397287293615e-08
2013-09-10,9.304786407096096e-08,9.972677315055971e-08,9.971705812998796e-08
2013-09-11,4.0616870857982003e-08,4.629208093533518e-08,4.628158023817726e-08
2013-09-12,7.517814691918693e-08,6.39168397319375e-08,6.392773392330004e-08
2013-09-13,2.3053632327803985e-08,2.6475298183009726e-08,2.6486965048542207e-08
2013-09-16,1.0602709953153358e-07,1.025773425461741e-07,1.0257282652145034e-07
2013-09-17,1.0310869096276005e-08,1.3055629112677569e-08,1.3052521727903996e-08
2013-09-18,2.0905074807227436e-08,2.5996222389157775e-08,2.5997247823314533e-08
2013-09-19,1.1247622494994516e-07,1.0773973717768736e-07,1.0774054950848356e-07
2013-09-20,1.9212524648009153e-07,1.7699971155094942e-07,1.7699233103716565e-07
2013-09-23,1.8979131123792586e-07,1.7598462177684795e-07,1.7593256029984284e-07
2013-09-24,2.4855806701747813e-07,2.224977734880697e-07,2.2240722882013298e-07
2013-09-25,3.108151202018631e-08,4.091705711834371e-08,4.093368721227815e-08
2013-09-26,1.8816187409374648e-08,2.6081857632316053e-08,2.6073342308594542e-08
2013-09-27,5.9303369439032364e-08,6.460566849972447e-08,6.460262171830308e-08
2013-09-30,5.192434857533635e-08,5.0424235396072514e-08,5.042232177215179e-08
2013-10-01,1.2936025459263852e-07,1.219208509958377e-07,1.2191169431658144e-07
2013-10-02,2.5043056769256483e-07,2.271552845687497e-07,2.271397843156216e-07
2013-10-03,7.127212386261448e-08,7.852427370607747e-08,7.854522169929373e-08
2013-10-04,1.8761821944545098e-07,1.668480526997565e-07,1.668608099092137e-07
2013-10-07,1.1043645997680206e-07,1.0491463367554805e-07,1.0491758396892077e-07
2013-10-08,1.0521303884798105e-07,1.0469059436890826e-07,1.0468584811891962e-07
2013-10-09,8.126663444981648e-08,8.523204426869372e-08,8.524437198646328e-08
2013-10-10,7.284593830550901e-08,7.609901691773139e-08,7.61068546776238e-08
2013-10-11,1.5855775287663792e-07,1.4617696651750617e-07,1.4618144055137243e-07
2013-10-14,8.424642243087984e-08,8.731552117793768e-08,8.729495758534952e-08
2013-10-15,4.897748417802329e-08,5.531738627637733e-08,5.5310688164416955e-08
2013-10-16,1.3352115315510573e-08,2.1440589510030703e-08,2.1439002388446343e-08
2013-10-17,4.14564424959141e-08,4.193707367024341e-08,4.193562495028353e-08
2013-10-18,2.925909608554393e-08,3.4743668686891565e-08,3.474414863002983e-08
2013-10-21,3.5189122556444873e-07,3.3794817190586004e-07,3.3796991871519817e-07
2013-10-22,3.1287662295319645e-08,3.800847632180593e-08,3.8034537893236613e-08
2013-10-23,2.82435308694751e-08,3.515065591367641e-08,3.51439883187587e-08
2013-10-24,4.762856598474104e-08,4.724609967019727e-08,4.724172638046839e-08
2013-10-25,3.1529699853536226e-08,3.6551749071852764e-08,3.6548963667118845e-08
2013-10-28,4.684633983932102e-08,4.656306628306564e-08,4.656032812806968e-08
2013-10-29,1.9576298315501827e-07,1.8074893861592987e-07,1.807504596358258e-07
2013-10-30,1.6440238392425483e-07,1.605348252266736e-07,1.6053268488231977e-07
2013-10-31,3.532920531416808e-08,3.934934773292277e-08,3.935133065861451e-08
2013-11-01,5.978882827461607e-08,5.169487808497147e-08,5.1696844552207195e-08
2013-11-04,1.0532874935958084e-07,1.0900674631403033e-07,1.0900766242261581e-07
2013-11-05,3.981451750550171e-08,4.4955585450856e-08,4.495049627436519e-08
2013-11-06,2.913117468796934e-08,3.357610128677946e-08,3.357573202516644e-08
2013-11-07,1.8817423862504366e-08,2.2286342570708345e-08,2.2283896474630273e-08
2013-11-08,2.446921007182451e-08,2.664991821608938e-08,2.664902541684403e-08
2013-11-11,4.755916293425987e-08,4.92736481060059e-08,4.927355427273276e-08
2013-11-12,9.114433281512271e-08,8.73648544042184e-08,8.736750892010691e-08
2013-11-13,4.3499073832255026e-08,4.132165799438521e-08,4.132241586508749e-08
2013-11-14,6.96122637326454e-08,6.278561799587972e-08,6.278430849397014e-08
2013-11-15,2.5114733965927734e-08,2.4628090555113097e-08,2.462743536907379e-08
2013-11-18,6.360426318575986e-08,6.332141020639633e-08,6.332211641077297e-08
2013-11-19,6.305596830038183e-08,6.479410264647794e-08,6.479263349826511e-08
2013-11-20,5.360512728928036e-08,5.237709647274321e-08,5.237905212937183e-08
2013-11-21,5.39644368854104e-08,5.523632347672523e-08,5.523644043238974e-08
2013-11-22,3.6499028921371573e-08,3.766951183093455e-08,3.766904788722278e-08
2013-11-25,8.601317737934141e-07,8.284492026526632e-07,8.284549268987763e-07
2013-11-26,3.45502557236591e-08,3.903931578105034e-08,3.904457266232158e-08
2013-11-27,5.60821428818367e-08,5.0843685279682805e-08,5.0844366054309323e-08
2013-11-28,2.6102810025223216e-08,3.288653760213627e-08,3.288819640769481e-08
2013-11-29,2.638852107351362e-08,2.95508859380853e-08,2.954932626518837e-08
2013-12-02,6.541397215046978e-08,6.787998702953106e-08,6.787922131263219e-08
2013-12-03,1.653096401570949e-07,1.5171476793442164e-07,1.5171839472382196e-07
2013-12-04,1.8613534546719478e-08,2.3509746240315223e-08,2.351133950410889e-08
2013-12-05,1.1827699132624876e-07,1.2028035979691503e-07,1.2028000218514292e-07
2013-12-06,4.073994031928507e-08,3.6895298237514004e-08,3.6896506767472205e-08
2013-12-09,9.535377533706664e-08,9.186932603977203e-08,9.186827955415633e-08
2013-12-10,2.0465775406633177e-07,1.9883416163374073e-07,1.98838249760437e-07
2013-12-11,5.434653150785549e-08,5.428782499849524e-08,5.429054352338546e-08
2013-12-12,8.19635657747225e-07,7.744990288074938e-07,7.744981652775185e-07
2013-12-13,3.0290546082199264e-08,4.0813219755903336e-08,4.0828414203760307e-08
2013-12-16,1.3804978863717441e-07,1.4154635622669954e-07,1.4154592096634282e-07
2013-12-17,1.544031424167839e-07,1.4977860442229333e-07,1.497808117852663e-07
2013-12-18,4.827313118823757e-08,4.6242968636582095e-08,4.6246257302422495e-08
2013-12-19,1.1225904615613871e-07,1.1345322881037099e-07,1.1345389050061217e-07
2013-12-20,5.522880703837813e-07,5.079261988155987e-07,5.079333026511229e-07
2013-12-23,1.6284881055852606e-07,1.4839776751737808e-07,1.4840004354626801e-07
2013-12-24,9.78242801979887e-08,9.749491359689155e-08,9.749368617548057e-08
2013-12-25,5.749481249298282e-08,7.011404516258132e-08,7.011284590776436e-08
2013-12-26,1.9573386603552558e-07,1.6635387578978827e-07,1.6635808198803748e-07
2013-12-27,1.2456670241555207e-07,1.1646797789482373e-07,1.16462058407336e-07
2013-12-30,1.8925000843327216e-07,1.8448460160999174e-07,1.844761080752617e-07
2013-12-31,7.475666485195328e-08,8.144476321528438e-08,8.144344811792137e-08
2014-01-01,3.9323733110124924e-08,5.05961290876096e-08,5.059481253787954e-08
2014-01-02,2.7490572982820416e-08,3.3418855919593416e-08,3.341776338990297e-08
2014-01-03,2.52019109058411e-07,2.2497760278096136e-07,2.249819123507682e-07
2014-01-06,7.315202401465386e-07,6.63798829969085e-07,6.637733088548564e-07
2014-01-07,6.263370447936628e-08,7.309366245812675e-08,7.311012816440087e-08
2014-01-08,2.79870581028576e-08,4.156584895922805e-08,4.1562711467881436e-08
2014-01-09,5.805118381859821e-08,6.13708324664935e-08,6.137134227602277e-08
2014-01-10,1.6345589689695553e-07,1.5298656045558968e-07,1.5298639675016186e-07
2014-01-13,1.2601415205512766e-07,1.3081583227044393e-07,1.3081824397787077e-07
2014-01-14,1.2115372236966318e-07,1.1923951762530198e-07,1.1923909422793693e-07
2014-01-15,1.788856798315393e-07,1.605941648285721e-07,1.6059605918688034e-07
2014-01-16,3.5878761541387064e-08,4.74825714582414e-08,4.747968380504984e-08
2014-01-17,7.162888789456693e-08,6.611735652579283e-08,6.611796339083792e-08
2014-01-20,1.1769422684306192e-07,1.1091119239087766e-07,1.109104464491147e-07
2014-01-21,8.194769244021873e-08,8.475736127354044e-08,8.475496735902356e-08
2014-01-22,1.0631372577846217e-07,9.885735186587869e-08,9.88506758045223e-08
2014-01-23,1.7246058130809458e-08,2.695783945759116e-08,2.6959376354065924e-08
2014-01-24,3.5152303455400796e-08,4.339611700003976e-08,4.339554495461609e-08
2014-01-27,4.682970587495246e-08,5.187131633236399e-08,5.1870367139485e-08
2014-01-28,5.0898550509339003e-08,5.174357083507862e-08,5.1743949444391194e-08
2014-01-29,2.3270059020556111e-07,2.2916560020500906e-07,2.291674460203968e-07
2014-01-30,1.0241247044646094e-07,9.306886420945238e-08,9.306419726430451e-08
2014-01-31,3.3437782366461334e-07,3.183406918153524e-07,3.183395734467296e-07
2014-02-03,2.984154460646123e-08,3.882767189313067e-08,3.883141717764798e-08
2014-02-04,5.1055078605388603e-08,4.2905039127418685e-08,4.29054745997452e-08
2014-02-05,5.901177873164087e-08,6.583465941189534e-08,6.583345233792156e-08
2014-02-06,9.104659327131518e-08,9.506014526073911e-08,9.505803377821609e-08
2014-02-07,3.507336482233279e-08,4.048599662397615e-08,4.048296563627057e-08
2014-02-10,2.9501374775170173e-08,3.211924825531446e-08,3.21184848221052e-08
2014-02-11,3.0626660416660375e-08,3.497395755063217e-08,3.497337656738125e-08
2014-02-12,3.3023219524230436e-08,3.335436923311367e-08,3.335423448700672e-08
2014-02-13,4.967731605523692e-08,4.7878057178028275e-08,4.787739975755191e-08
2014-02-14,1.1887104209661279e-07,1.1876970846808222e-07,1.1877135556375036e-07
2014-02-17,1.0191518856714207e-07,1.0426346847848739e-07,1.0425748040964759e-07
2014-02-18,6.351060653456647e-08,6.394652989013169e-08,6.39593831896588e-08
2014-02-19,3.6153935186342196e-08,3.6097979710842503e-08,3.609634396798096e-08
2014-02-20,6.153555546125775e-08,5.7652145393916976e-08,5.7646973851857384e-08
2014-02-21,6.518086635436339e-08,6.415169500003348e-08,6.415727801892606e-08
2014-02-24,5.780349873444214e-07,5.514752084025131e-07,5.514911784762232e-07
2014-02-25,3.248601262713856e-08,3.9040670634897793e-08,3.9072892109468355e-08
2014-02-26,4.2357165783284556e-08,5.0199924476464604e-08,5.019323692888074e-08
2014-02-27,2.434724348771781e-07,2.2448047848832002e-07,2.2447392200999272e-07
2014-02-28,3.3722953387404936e-08,3.572384376023491e-08,3.571933119481337e-08
2014-03-03,6.243790967279955e-08,5.870404274279442e-08,5.870480873281801e-08
2014-03-04,8.22804028947494e-08,8.566323591282947e-08,8.56650455504384e-08
2014-03-05,4.191093651604946e-08,3.867704756105078e-08,3.86774530684324e-08
2014-03-06,1.5099764245875134e-07,1.369490870983098e-07,1.3694909138523218e-07
2014-03-07,1.5551339691292778e-08,2.3335631986786256e-08,2.333700743988098e-08
2014-03-10,4.537318115205283e-08,5.0577973992108243e-08,5.057754813026139e-08
2014-03-11,1.5682359905810568e-08,1.883511049232382e-08,1.8834191436285922e-08
2014-03-12,2.0321637793491894e-07,1.966123785170101e-07,1.9661412399827599e-07
2014-03-13,3.9422404225282233e-07,3.652204142377287e-07,3.6520040318447784e-07
2014-03-14,1.857264451763196e-07,1.7780132737983373e-07,1.7780433901336706e-07
2014-03-17,1.458929116325855e-07,1.4528119100651455e-07,1.4527845892069414e-07
2014-03-18,4.293452342228729e-08,4.9713974335435605e-08,4.9717362962612556e-08
2014-03-19,3.4763419533014874e-08,3.833368143521718e-08,3.833370734398037e-08
2014-03-20,1.2078248935818782e-07,1.1648054736180807e-07,1.1647602537492361e-07
2014-03-21,1.3314499514889346e-06,1.2363179497333172e-06,1.2363482971834812e-06
2014-03-24,4.171424393381262e-07,3.8216893869053715e-07,3.8209625222576665e-07
2014-03-25,8.080841061907756e-08,6.869338526730225e-08,6.870872013900258e-08
2014-03-26,4.294383639867578e-08,5.436501278951431e-08,5.4367454561962896e-08
2014-03-27,2.1663541827799698e-08,3.6671555319421855e-08,3.666899795272613e-08
2014-03-28,1.673051125430809e-08,3.059773997406237e-08,3.059462443659727e-08
2014-03-31,1.1935882162885668e-07,1.1201838911022764e-07,1.1201709990403063e-07
2014-04-01,5.4585887269292933e-08,6.286973851983599e-08,6.286601521091989e-08
2014-04-02,8.724115056734101e-08,8.442137894095315e-08,8.442811121069804e-08
2014-04-03,1.0215210014904513e-07,9.15442472533312e-08,9.154630120557418e-08
2014-04-04,4.837231735372685e-08,5.1670549330275085e-08,5.166841341564601e-08
2014-04-07,1.87986459376401e-07,1.7638925729814174e-07,1.763865575240881e-07
2014-04-08,1.3201027272657533e-06,1.2423822700016333e-06,1.2424343141443284e-06
2014-04-09,6.45425398962608e-08,5.3384605724712576e-08,5.335208461589293e-08
2014-04-10,5.303570525151445e-08,6.848764562681323e-08,6.849750833889425e-08
2014-04-11,1.807033617953971e-07,1.858223151601748e-07,1.8581786771399316e-07
2014-04-14,8.582640165583243e-08,1.0547614975269276e-07,1.054615381482388e-07
2014-04-15,2.5326760148431446e-07,2.0732107135057378e-07,2.0734676421853278e-07
2014-04-16,2.7075571979022908e-08,4.284689858577718e-08,4.286366121949529e-08
2014-04-17,2.4882081112693548e-08,3.883740394974371e-08,3.88342961453996e-08
2014-04-18,4.5533771503962395e-08,4.923931962093423e-08,4.92386111679268e-08
2014-04-21,4.8579070726315774e-08,5.673820137943511e-08,5.6738331525224674e-08
2014-04-22,2.2629623431993213e-07,2.296826858263456e-07,2.2967917742913948e-07
2014-04-23,4.1297296021754936e-07,3.8610223348039447e-07,3.861205050862996e-07
2014-04-24,2.590515403932234e-08,4.1585966209576824e-08,4.158981069037648e-08
2014-04-25,5.18616120104665e-08,6.050650387057717e-08,6.050560756224593e-08
2014-04-28,1.2243884001996809e-08,2.2677096011594918e-08,2.267475686431486e-08
2014-04-29,1.747279298889921e-08,2.2880288326148736e-08,2.2879995302302617e-08
2014-04-30,3.712069653060701e-08,4.1613254777371626e-08,4.1613112919755616e-08
2014-05-01,2.60572682949124e-07,2.3133996293832806e-07,2.3134317267602493e-07
2014-05-02,2.7888642999865078e-08,3.5879962026825794e-08,3.588332360105474e-08
2014-05-05,1.4956126611414754e-08,2.2167117147472698e-08,2.2165938989559897e-08
2014-05-06,1.6889690487172502e-07,1.5130389929737177e-07,1.513053245783487e-07
2014-05-07,2.4409025794205522e-08,2.285833037652965e-08,2.28567578132961e-08
2014-05-08,2.2461569155071286e-08,2.7636845274502892e-08,2.763730938128478e-08
2014-05-09,6.633341582716404e-08,6.430652311271205e-08,6.430651410686343e-08
2014-05-12,3.841430426293428e-08,4.2193723398244724e-08,4.2194148270664655e-08
2014-05-13,1.6645200012351033e-08,2.095665201539245e-08,2.095568057983518e-08
2014-05-14,4.740558478145692e-08,4.924669371393188e-08,4.924722340967018e-08
2014-05-15,1.5154512605262664e-07,1.5169405658053041e-07,1.5168782121476863e-07
2014-05-16,6.550452967356877e-08,6.188479424239504e-08,6.188424704636213e-08
2014-05-19,4.364376945500761e-08,4.466974166921782e-08,4.4669915975753214e-08
2014-05-20,6.581517559703102e-08,6.96240442217775e-08,6.962295665654137e-08
2014-05-21,2.3551302543623076e-08,2.655095957671804e-08,2.6550773105955892e-08
2014-05-22,3.0144341548375365e-08,3.263666913212472e-08,3.2636204796278515e-08
2014-05-23,2.5346864180923612e-08,2.7308464837430275e-08,2.730757766007015e-08
2014-05-26,5.304208589522572e-08,5.286885175913557e-08,5.286846899152176e-08
2014-05-27,2.4169095818268258e-08,2.5724734713948075e-08,2.57235965644503e-08
2014-05-28,2.786091458459887e-08,2.626288719068069e-08,2.626368429504537e-08
2014-05-29,7.433929457621064e-08,7.162530894863468e-08,7.162548880242821e-08
2014-05-30,8.860913195677857e-08,8.495955533324653e-08,8.495865082001977e-08
2014-06-02,2.5936245274639687e-07,2.4953983869302975e-07,2.4954297817827926e-07
2014-06-03,2.6540758399926783e-08,3.121805215480893e-08,3.122159500602174e-08
2014-06-04,3.422249136816025e-08,3.862890133566659e-08,3.8628471607396866e-08
2014-06-05,6.614242283201993e-08,6.594008917116663e-08,6.59394466368656e-08
2014-06-06,2.617523431523603e-07,2.410327566847292e-07,2.410321482998752e-07
2014-06-09,2.5485638358508016e-08,3.2041244302458075e-08,3.2046592752595674e-08
2014-06-10,5.780829402943602e-08,5.66362209415968e-08,5.663539811552056e-08
2014-06-11,1.0267842741755944e-06,9.859283345682956e-07,9.859391723169984e-07
2014-06-12,2.0393942543633123e-08,2.6823147726539293e-08,2.683162787138629e-08
2014-06-13,3.164673132288531e-08,3.756755795028683e-08,3.7567515870785416e-08
2014-06-16,1.5686466999578423e-07,1.397448804771226e-07,1.397460246725802e-07
2014-06-17,7.603774357825261e-08,7.76673873427989e-08,7.766925961442675e-08
2014-06-18,6.258362274035433e-08,7.14624559260398e-08,7.14629801993539e-08
2014-06-19,2.450581629049828e-08,2.6546832494032412e-08,2.6544644893996086e-08
2014-06-20,2.3642261876960085e-08,2.89651990904388e-08,2.8965648783805028e-08
2014-06-23,8.85058198276607e-08,9.091243748379276e-08,9.091283665502981e-08
2014-06-24,2.616733090519366e-08,2.9602092328434625e-08,2.9602270927477916e-08
2014-06-25,1.740314789016786e-08,1.8336046801581127e-08,1.8335795849709542e-08
2014-06-26,2.5279225414048412e-08,2.722060001623383e-08,2.722038019913473e-08
2014-06-27,1.4741805952036192e-08,1.4108954999477278e-08,1.4109134023270388e-08
2014-06-30,1.2926668638452329e-08,1.3861130576729265e-08,1.3861832327874481e-08
2014-07-01,2.7776783846213477e-08,2.7788271219712664e-08,2.7788420161970072e-08
2014-07-02,8.948782756354488e-08,8.765241477081323e-08,8.765443034100065e-08
2014-07-03,2.981041646165285e-08,3.038650510597036e-08,3.0386824469058076e-08
2014-07-04,9.496414672457573e-08,9.292351307032572e-08,9.292308798074675e-08
2014-07-07,1.8805423069460332e-08,2.0003666762977892e-08,2.000219653894227e-08
2014-07-08,1.0110408086487833e-07,9.693655884864428e-08,9.693731568095258e-08
2014-07-09,3.3708453345879963e-08,3.496277348731569e-08,3.49639938123054e-08
2014-07-10,5.4139368844263054e-08,5.4432825726008286e-08,5.443387599652386e-08
2014-07-11,4.721944814933402e-08,4.953397800059186e-08,4.953431661938524e-08
2014-07-14,6.220722600471717e-08,6.354916698361422e-08,6.354838791740842e-08
2014-07-15,4.470109983327347e-08,4.446601340797295e-08,4.4465723603903466e-08
2014-07-16,1.260733348552619e-07,1.233325801075676e-07,1.2333468720990876e-07
2014-07-17,5.551816763374167e-07,5.474330137181114e-07,5.474290249081515e-07
2014-07-18,2.0157809622394425e-07,1.7723576106192067e-07,1.7719497099681327e-07
2014-07-21,1.0584497696036668e-07,1.0194823149566782e-07,1.0194598502510777e-07
2014-07-22,2.5609488659305774e-08,3.4846722990665315e-08,3.484391362516653e-08
2014-07-23,1.3699026282499657e-07,1.361079769743054e-07,1.361055757002143e-07
2014-07-24,6.559136927571114e-08,6.922896952040525e-08,6.922147171413024e-08
2014-07-25,7.92796956526451e-08,8.683015671682346e-08,8.682796545261243e-08
2014-07-28,1.8749105452602483e-07,1.76926831560725e-07,1.7693334593776e-07
2014-07-29,3.882444770115694e-07,3.6122127447114484e-07,3.6121995217767e-07
2014-07-30,9.335743663810303e-08,7.736848838209241e-08,7.736157084399941e-08
2014-07-31,7.291858459518399e-07,6.462608348968414e-07,6.46248068748846e-07
2014-08-01,1.1380574342753751e-07,1.1918531017844448e-07,1.1919818786174318e-07
2014-08-04,7.593646796129953e-08,7.959240753319218e-08,7.959239647528035e-08
2014-08-05,1.03572935644775e-07,9.699680593885481e-08,9.699830700255957e-08
2014-08-06,1.272306772459299e-07,1.3853859223629773e-07,1.3853963419277204e-07
2014-08-07,4.1354416616494056e-07,3.652243717627946e-07,3.652313841878746e-07
2014-08-08,2.384118519564378e-07,2.0952996180512265e-07,2.0952651417057187e-07
2014-08-11,4.187155502416037e-08,5.7529629179830055e-08,5.753348778689801e-08
2014-08-12,7.796492873730604e-08,8.83934587244411e-08,8.839318529418794e-08
2014-08-13,7.734971632745713e-08,7.159770985509508e-08,7.15974452785231e-08
2014-08-14,1.5656587154687638e-07,1.5975797850043532e-07,1.597566543518751e-07
2014-08-15,1.8351430551074273e-08,2.55370498840459e-08,2.5537643017372363e-08
2014-08-18,5.041757427091149e-08,5.646958768433747e-08,5.6469879980524804e-08
2014-08-19,5.667644304953571e-08,5.616086156100704e-08,5.6158859868678356e-08
2014-08-20,7.353436867887862e-08,7.933318530476199e-08,7.933049378452661e-08
2014-08-21,2.3880871412054926e-08,3.215310439261656e-08,3.215019988813884e-08
2014-08-22,1.1802250163643873e-07,1.206477813921038e-07,1.2064814260904535e-07
2014-08-25,2.3973339618566735e-08,2.6953570197407708e-08,2.695256614883386e-08
2014-08-26,2.504551958154233e-08,2.9577176512044397e-08,2.95765043627647e-08
2014-08-27,7.90461832577443e-08,7.028117468437298e-08,7.028147854301235e-08
2014-08-28,5.852161128550354e-08,5.464831691838151e-08,5.4649052464003694e-08
2014-08-29,7.421050710425059e-08,7.511796593935048e-08,7.511764610877891e-08
2014-09-01,3.867425414094612e-08,4.3017000741490115e-08,4.301466101612555e-08
2014-09-02,3.649548443248823e-08,3.839837573158318e-08,3.83992303474293e-08
2014-09-03,7.958192525088629e-08,8.116086186196802e-08,8.116056699665499e-08
2014-09-04,2.1434238508927618e-07,2.0079989425510047e-07,2.008054931519549e-07
2014-09-05,2.9327944892390885e-08,2.8360403050738048e-08,2.8363113300990137e-08
2014-09-08,2.7320314138358665e-07,2.5181848903734866e-07,2.518158978972727e-07
2014-09-09,3.2200731119126544e-08,3.482063083509814e-08,3.482107269197861e-08
2014-09-10,2.165229869898055e-07,2.004383048845616e-07,2.0043749365529812e-07
2014-09-11,8.832240359804754e-07,8.444101053962604e-07,8.443726285409949e-07
2014-09-12,2.0984708810075254e-08,3.30295728832248e-08,3.304169129393195e-08
2014-09-15,5.853505506579144e-08,5.770151308823033e-08,5.770058650153365e-08
2014-09-16,4.2317600164872e-08,3.426988419259282e-08,3.4266565173637825e-08
2014-09-17,9.540054230247033e-08,7.561786040737133e-08,7.561463235689166e-08
2014-09-18,4.3499571328855775e-08,4.62766515733458e-08,4.6280305276717256e-08
2014-09-19,5.162117692702368e-08,4.936319316346894e-08,4.9361460114999614e-08
2014-09-22,3.274910325537539e-08,3.725946702577566e-08,3.725955288123592e-08
2014-09-23,2.5162680813012004e-08,3.078841951954544e-08,3.0787214165406534e-08
2014-09-24,2.8810246463145595e-07,2.670632604276325e-07,2.6706526538270484e-07
2014-09-25,3.052494137453177e-08,3.3234687599340505e-08,3.3239328418075494e-08
2014-09-26,5.021048898142811e-07,4.612333250320513e-07,4.6123375760990653e-07
2014-09-29,6.372564881268945e-08,5.991369914070223e-08,5.991138643366476e-08
2014-09-30,5.249595635616001e-08,5.525216970029039e-08,5.525363740356434e-08
2014-10-01,6.035895360647672e-08,5.731381335480744e-08,5.731222914848753e-08
2014-10-02,1.0880921499061696e-08,1.797532839022231e-08,1.7975296402671025e-08
2014-10-03,6.553710971605763e-08,6.463366639993659e-08,6.463276485097154e-08
2014-10-06,4.5475806514838584e-08,5.002506644790408e-08,5.002129868666929e-08
2014-10-07,3.812842359125152e-08,3.9500574345109394e-08,3.949843958572377e-08
2014-10-08,9.45505938431184e-08,9.659218029767565e-08,9.659275856066653e-08
2014-10-09,8.469437240478134e-08,7.43801838685995e-08,7.438126740078997e-08
2014-10-10,1.0766557009869604e-08,1.6406555337371036e-08,1.6406531742505507e-08
2014-10-13,6.424324288079551e-08,6.348474064705658e-08,6.34845443185862e-08
2014-10-14,1.3204919120677395e-08,1.5784052889455293e-08,1.5781167697376725e-08
2014-10-15,2.1969008798872004e-07,2.0074344539625396e-07,2.0074542536510735e-07
2014-10-16,5.3961209638584306e-08,4.620445642241476e-08,4.618818829460099e-08
2014-10-17,2.7989527201415473e-07,2.6897948887056444e-07,2.6894876478363835e-07
2014-10-20,1.901615897779026e-08,2.3516016262276088e-08,2.353182081502293e-08
2014-10-21,1.2004581805555145e-07,1.13554896070666e-07,1.1355486547680972e-07
2014-10-22,5.552355227648585e-08,6.132739712821879e-08,6.132774962614026e-08
2014-10-23,3.3315403924850166e-08,3.8131340804036524e-08,3.8129503118759e-08
2014-10-24,1.0687507568110175e-07,1.0506242254316448e-07,1.0505739322480591e-07
2014-10-27,2.5442885690061613e-08,3.124802295652543e-08,3.126038636780498e-08
2014-10-28,1.4486808769005246e-07,1.426930722967648e-07,1.426933973168273e-07
2014-10-29,4.762966957485987e-08,5.200969071485357e-08,5.201002660862107e-08
2014-10-30,4.277629118111848e-07,4.1000715916508785e-07,4.100370730556108e-07
2014-10-31,2.725066536822736e-07,2.505712561522829e-07,2.504868368997768e-07
2014-11-03,6.906280012680997e-08,7.742548566809993e-08,7.744170198288442e-08
2014-11-04,1.0291403548569305e-07,1.0471392065280486e-07,1.0471027385032924e-07
2014-11-05,3.1428117947231905e-08,3.985558577155484e-08,3.984096390379378e-08
2014-11-06,6.70017636484119e-08,6.12949515552342e-08,6.129548912775157e-08
2014-11-07,2.4014770812817815e-08,3.003585207992736e-08,3.004008172859917e-08
2014-11-10,4.521159186052622e-08,5.008226447577467e-08,5.007778809978267e-08
2014-11-11,5.196340528552767e-08,5.3344617341046195e-08,5.3338123902756764e-08
2014-11-12,1.698805340462611e-08,2.1305919498978185e-08,2.1304639386289583e-08
2014-11-13,2.0078558133453094e-08,2.2444254016273168e-08,2.2442576538904587e-08
2014-11-14,4.8358358805094325e-08,4.7354367183003126e-08,4.735604900557196e-08
2014-11-17,2.7333579948038e-08,2.8497287196232625e-08,2.8496662875285366e-08
2014-11-18,1.6258975331956714e-08,1.7909173478895373e-08,1.7905321055704272e-08
2014-11-19,1.9904808969652163e-07,1.902091800362025e-07,1.9021430857155329e-07
2014-11-20,6.023638938649542e-08,6.105677078419603e-08,6.10738819841539e-08
2014-11-21,4.8298085098756e-08,4.8480449030542e-08,4.848265706965357e-08
2014-11-24,3.5592872585000564e-08,3.760606203561873e-08,3.7606964309559204e-08
2014-11-25,4.4801719988504866e-08,4.602849184471595e-08,4.602843089166218e-08
2014-11-26,3.3975874330803846e-08,3.467252604759185e-08,3.467173309568309e-08
2014-11-27,1.6762048374800115e-08,1.7595998322874418e-08,1.7595789088215732e-08
2014-11-28,2.42231485168245e-08,2.417340135489889e-08,2.417362035526771e-08
2014-12-01,2.4486907942913113e-07,2.3273387357204305e-07,2.3273576034580258e-07
2014-12-02,4.940229490369303e-08,4.8653032270639166e-08,4.865637558134674e-08
2014-12-03,4.236516130092526e-08,3.683205920860425e-08,3.683041008705214e-08
2014-12-04,2.7066730838872218e-08,2.7402650790450585e-08,2.74026947748309e-08
2014-12-05,2.0601914828950568e-08,2.257142223106774e-08,2.2571774499899667e-08
2014-12-08,1.277597444216279e-07,1.2431456618609848e-07,1.243150827931464e-07
2014-12-09,9.944130280504003e-09,1.1705907330715527e-08,1.1703848552901095e-08
2014-12-10,3.92391877971545e-07,3.671898195328636e-07,3.671905912508305e-07
2014-12-11,1.5478373487980688e-07,1.5807792837401955e-07,1.5808557380604234e-07
2014-12-12,6.249968102140699e-08,6.52874023156725e-08,6.529096726582e-08
2014-12-15,6.400201872190636e-08,6.846765820033467e-08,6.846805326348622e-08
2014-12-16,1.3624987550796078e-07,1.136907908654509e-07,1.1369739131880359e-07
2014-12-17,1.34771359900926e-07,1.4379789745591413e-07,1.4380224760762756e-07
2014-12-18,1.1683657596350324e-07,1.1377823465357041e-07,1.1377804599856454e-07
2014-12-19,7.075917483834074e-08,7.014366763904809e-08,7.014305454262065e-08
2014-12-22,4.8042184171786587e-08,4.209921224718482e-08,4.2097207762640255e-08
2014-12-23,2.224456240391822e-07,2.038020430216385e-07,2.0379656101868687e-07
2014-12-24,2.367107459976712e-08,3.1006029025104606e-08,3.100662659651462e-08
2014-12-25,3.607028072516496e-08,4.1674179444734054e-08,4.167381114552806e-08
2014-12-26,2.4992908423427864e-08,2.7642545910471515e-08,2.7643302336137152e-08
2014-12-29,3.4111409523535224e-08,2.4648803008694186e-08,2.464853141258523e-08
2014-12-30,6.274308834247323e-07,5.995979509188505e-07,5.995902372977149e-07
2014-12-31,6.555982052993165e-08,5.861060286399948e-08,5.8602058354546746e-08
2015-01-01,7.962784619955382e-08,8.248959591806005e-08,8.249085973361378e-08
2015-01-02,5.5332057984993065e-08,6.100532028861121e-08,6.100185176367386e-08
2015-01-05,1.9795370671052548e-07,1.7241801620580093e-07,1.7241693997246616e-07
2015-01-06,2.693853938186643e-08,3.687713497405569e-08,3.6876501553456234e-08
2015-01-07,4.871997189828933e-08,4.9321869798806773e-08,4.932228201827835e-08
2015-01-08,2.397851444799122e-07,2.0820537239460576e-07,2.082031761900334e-07
2015-01-09,2.995151815452926e-08,3.5245324881669805e-08,3.524458911214312e-08
2015-01-12,3.179209948883511e-08,3.5313828614655426e-08,3.531454284903134e-08
2015-01-13,3.77753243513038e-08,4.3511838213167456e-08,4.351183573397522e-08
2015-01-14,2.897307264920445e-08,3.013548208396353e-08,3.013447492351913e-08
2015-01-15,4.2644027237226466e-08,4.650743859512634e-08,4.6506396300436975e-08
2015-01-16,5.95844102781816e-08,6.523292913721148e-08,6.523110559894206e-08
2015-01-19,4.391981817305397e-08,4.78545168094539e-08,4.7853613552734253e-08
2015-01-20,1.910691037067329e-08,2.2172571255134366e-08,2.217156302314419e-08
2015-01-21,6.425196740552247e-08,6.13959119488585e-08,6.139688578944096e-08
2015-01-22,1.5914652889675033e-08,1.73386641124882e-08,1.733934217487305e-08
2015-01-23,7.424953856271084e-08,7.03551072319841e-08,7.035501012499736e-08
2015-01-26,3.615694915305937e-08,3.7531736627490706e-08,3.753352333151773e-08
2015-01-27,1.4835824621933738e-07,1.3856637274161496e-07,1.3856682469757104e-07
2015-01-28,9.036586280899911e-08,8.905706144675621e-08,8.906111423842787e-08
2015-01-29,7.320522782425143e-08,7.162069781482158e-08,7.161881293886423e-08
2015-01-30,3.8375931554713486e-08,4.025714948542989e-08,4.025747867837342e-08
2015-02-02,5.2607658978257376e-08,4.656703949395008e-08,4.656766493328056e-08
2015-02-03,1.7108357919687752e-08,1.86087490551106e-08,1.860891809475642e-08
2015-02-04,3.0340875567456446e-07,3.007214369374981e-07,3.007250646246828e-07
2015-02-05,7.399215320445621e-08,7.339592917815162e-08,7.338817273865213e-08
2015-02-06,2.2988285570091014e-08,2.539380861252508e-08,2.5393954599612656e-08
2015-02-09,3.0235742274097503e-08,3.3119391258278453e-08,3.3119304553998476e-08
2015-02-10,2.619526664713039e-08,2.732884540729319e-08,2.7327204554084736e-08
2015-02-11,4.602976849113595e-08,4.435421867229962e-08,4.435417248865936e-08
2015-02-12,4.3457829144679785e-08,4.320280295169102e-08,4.320323874200049e-08
2015-02-13,1.6504050358564578e-07,1.6022020228236212e-07,1.6022302909211504e-07
2015-02-16,3.0581409562391085e-07,2.9728238956710863e-07,2.9727613315584583e-07
2015-02-17,1.3718324704732382e-07,1.2675511467253353e-07,1.267499299270392e-07
2015-02-18,9.489245205072868e-08,8.882360831668412e-08,8.882538139226733e-08
2015-02-19,3.054449963110594e-08,3.465361885510639e-08,3.465289673280496e-08
2015-02-20,8.521832318464908e-08,7.56655567119278e-08,7.566509919337791e-08
2015-02-23,3.864816419803162e-08,3.933538220476629e-08,3.933741603423031e-08
2015-02-24,2.010356937014821e-08,2.6570854210715715e-08,2.657000630521991e-08
2015-02-25,2.4276968576848005e-08,2.647873320360373e-08,2.6477765724206882e-08
2015-02-26,1.3130991789675968e-07,1.311126074615775e-07,1.3111320405731392e-07
2015-02-27,2.941509860134032e-08,3.289261818634644e-08,3.2893216770801946e-08
2015-03-02,1.9954219161168656e-08,2.2045601793357412e-08,2.204481235831532e-08
2015-03-03,4.039832091955602e-08,3.797756031974476e-08,3.797761574647265e-08
2015-03-04,2.718732591563488e-08,2.575410840660926e-08,2.5751941068595427e-08
2015-03-05,2.19224115047757e-08,2.2266121343718904e-08,2.2266382033835325e-08
2015-03-06,1.6457586238097628e-08,1.634705627146123e-08,1.6346511772820887e-08
2015-03-09,1.8160696885407545e-08,1.79509573588766e-08,1.7950259337553338e-08
2015-03-10,8.51474257094415e-08,8.406260491320422e-08,8.406261700426958e-08
2015-03-11,4.0212438927781654e-08,3.9881108580148125e-08,3.987988066890346e-08
2015-03-12,2.3893766260626367e-08,2.342950315513963e-08,2.3428573823365815e-08
2015-03-13,4.9288719271176796e-08,5.1393048279930894e-08,5.1394313165303854e-08
2015-03-16,1.0291078428893617e-08,9.024552461963791e-09,9.025293429434094e-09
2015-03-17,1.3570748630181386e-08,1.2196066840178742e-08,1.2196231585002473e-08
2015-03-18,8.120357624208616e-08,7.840216241643866e-08,7.840241079058859e-08
2015-03-19,4.762774898501833e-08,4.717638969900672e-08,4.717646573372866e-08
2015-03-20,2.9223571989281592e-08,2.719291979059182e-08,2.7192509298549706e-08
2015-03-23,4.480450066539062e-08,3.972437579108735e-08,3.9724276646547846e-08
2015-03-24,3.133677537385826e-08,2.990025864679268e-08,2.990092579308188e-08
2015-03-25,1.2063300022742193e-07,1.1512429722990725e-07,1.1512312808165047e-07
2015-03-26,2.788203066179894e-08,2.905994521904042e-08,2.906232962174512e-08
2015-03-27,1.5465588933907623e-08,1.4177636956880494e-08,1.417775971143206e-08
2015-03-30,1.7479527090514156e-08,1.6585648513335607e-08,1.6585307139441285e-08
2015-03-31,3.40385004641828e-08,3.344664889835512e-08,3.3446065930866867e-08
2015-04-01,1.1924176528843564e-08,1.0507223151875746e-08,1.0506732658486222e-08
2015-04-02,2.2516825950550028e-08,1.9374306466003987e-08,1.9374004845818193e-08
2015-04-03,4.4491924912140334e-08,4.3915534219776275e-08,4.3916420123336556e-08
2015-04-06,2.0304919460365172e-08,2.1177914385004988e-08,2.117815447774091e-08
2015-04-07,2.8529068399908635e-08,2.7450299287306664e-08,2.7449994162181652e-08
2015-04-08,2.3831411190771962e-08,2.2478637658519997e-08,2.247838585837491e-08
2015-04-09,1.5885453710795356e-08,1.3724075493040432e-08,1.3723266833688054e-08
2015-04-10,1.0332875288484172e-08,8.924365562434196e-09,8.924088938633715e-09
2015-04-13,2.2904408254931697e-08,2.5096691628880204e-08,2.5096740251827262e-08
2015-04-14,1.927120604171242e-08,2.1996880627710415e-08,2.199700550001459e-08
2015-04-15,2.0537477217709064e-08,1.746531979070692e-08,1.7465957152001206e-08
2015-04-16,3.33609921821891e-08,3.181485578177805e-08,3.181431548936573e-08
2015-04-17,1.1810829758220541e-08,8.361928390953826e-09,8.361282563850376e-09
2015-04-20,2.5388010564815822e-08,2.3205081948179224e-08,2.3204811144796925e-08
2015-04-21,4.365095565895955e-08,4.3208449073595873e-08,4.320789463543095e-08
2015-04-22,2.518615018493643e-08,2.2321060094696422e-08,2.2318945961137128e-08
2015-04-23,1.1525905997922514e-08,8.734908302846569e-09,8.73450499897116e-09
2015-04-24,1.7595359252403224e-08,1.4063627129158259e-08,1.406383564611621e-08
2015-04-27,2.5911476958815544e-08,2.6040797925154577e-08,2.6040435812900087e-08
2015-04-28,3.576538605103226e-08,3.686683439019878e-08,3.6865736490951416e-08
2015-04-29,1.8335709476356797e-08,1.634470047562782e-08,1.6345538860534717e-08
2015-04-30,2.296926813623734e-08,2.1118987008990273e-08,2.1119543739214335e-08
2015-05-01,1.4263283765471582e-08,1.251105156329129e-08,1.2511082051455887e-08
2015-05-04,2.486558137749029e-08,2.2057175363292186e-08,2.2057166117185367e-08
2015-05-05,5.2591790718829896e-08,5.52071934419487e-08,5.5207881244072205e-08
2015-05-06,2.081707026627024e-08,1.7577239556029212e-08,1.757751296355245e-08
2015-05-07,3.127767650311929e-08,2.989684962443966e-08,2.98966401128096e-08
2015-05-08,1.408238034532227e-08,1.1142457638328966e-08,1.114120762429966e-08
2015-05-11,2.3567491791864973e-08,2.1626532120751838e-08,2.1626276719268006e-08
2015-05-12,3.490636472047349e-08,3.147098227205491e-08,3.146973427861309e-08
2015-05-13,2.3660558327620943e-08,2.2427909026495017e-08,2.2428558423298882e-08
2015-05-14,1.0350679146220287e-08,6.667685196790464e-09,6.667771666220108e-09
2015-05-15,1.2906074510903045e-08,1.2710559282495415e-08,1.2710698060198314e-08
2015-05-18,3.279272882474169e-08,3.494868164703746e-08,3.4948439216543894e-08
2015-05-19,1.5347758493514964e-08,1.2193564941968387e-08,1.2193851044961733e-08
2015-05-20,2.0423448750072276e-08,1.9967073780443127e-08,1.9967302781256326e-08
2015-05-21,4.1249898694319196e-08,3.90596041165075e-08,3.905952428266945e-08
2015-05-22,1.3146439772208032e-08,1.0152370610774475e-08,1.0151942380607502e-08
2015-05-25,3.102108100874218e-08,3.074438773543608e-08,3.0743718784592256e-08
2015-05-26,1.2754687743916748e-08,9.130303004780338e-09,9.130783961536361e-09
2015-05-27,1.0973404283037967e-08,1.0402872113896678e-08,1.0402824169145752e-08
2015-05-28,2.657211760235878e-08,2.3021431106897556e-08,2.3021818074749954e-08
2015-05-29,1.7652972471350724e-08,1.4970568697377982e-08,1.497047057491587e-08
2015-06-01,2.0671865536413374e-08,2.2139148165672535e-08,2.213953771568258e-08
2015-06-02,1.0812365007673675e-08,8.450049714607297e-09,8.45047768458754e-09
2015-06-03,2.671194551464363e-08,2.7024561882135718e-08,2.702464826421175e-08
2015-06-04,3.719378343481056e-08,3.747184207017475e-08,3.7472092617560925e-08
2015-06-05,4.0446939481344414e-08,3.9423602728409346e-08,3.942539098885949e-08
2015-06-08,2.519841990299714e-08,2.2203049230667026e-08,2.220258421241203e-08
2015-06-09,1.4529322301159457e-08,1.1358055282859555e-08,1.135737866597498e-08
2015-06-10,2.9945202983929796e-08,3.403610852240989e-08,3.40360958126472e-08
2015-06-11,1.5635745524250677e-08,1.2650642414981136e-08,1.2651293563859484e-08
2015-06-12,2.77170612874955e-08,2.7689561553810576e-08,2.7690094468846337e-08
2015-06-15,4.248425202121483e-08,4.4588293423540124e-08,4.458779098285464e-08
2015-06-16,1.3409086523700312e-08,1.0997633021882961e-08,1.0998598066557014e-08
2015-06-17,2.5840820505454965e-08,2.381694525142255e-08,2.3815980773326684e-08
2015-06-18,1.33962246658701e-08,1.0943126716612442e-08,1.0943167310286187e-08
2015-06-19,1.4785110249808977e-08,1.0962102274466056e-08,1.096204066861932e-08
2015-06-22,1.5629248414895214e-08,1.2204704116587536e-08,1.2204215251898829e-08
2015-06-23,1.2735120377697847e-08,8.863680165372699e-09,8.862977132996426e-09
2015-06-24,1.2590767897953048e-08,8.651400154222666e-09,8.650938088829814e-09
2015-06-25,9.923306646178766e-09,5.431470012715431e-09,5.431187704761329e-09
2015-06-26,1.7657072686139026e-08,1.275852387861737e-08,1.2758303002985248e-08
2015-06-29,3.073899362777539e-08,2.766164454973117e-08,2.7661228293845568e-08
2015-06-30,2.0486500212743478e-08,2.4443802681734147e-08,2.4444218852347596e-08
2015-07-01,1.7584707843666608e-08,1.5874745020122564e-08,1.5874923191717163e-08
2015-07-02,2.983055536299886e-08,2.8033261542505426e-08,2.8031708381984336e-08
2015-07-03,1.1095292807803164e-08,7.628325201958343e-09,7.62841381668389e-09
2015-07-06,4.8105529828141584e-08,5.256988941577851e-08,5.257001243817002e-08
2015-07-07,7.186722717088574e-08,7.368039890189692e-08,7.367721850526024e-08
2015-07-08,3.1932692748275635e-08,3.0366136243829583e-08,3.036786523447682e-08
2015-07-09,1.1777245178151272e-08,9.83976953389409e-09,9.839353380980264e-09
2015-07-10,1.9927287045592074e-08,2.0609325113288252e-08,2.0608884316023495e-08
2015-07-13,1.747024609095878e-08,1.4862939068035135e-08,1.4862908112199464e-08
2015-07-14,4.818957670564982e-08,5.338902993072986e-08,5.339043511423189e-08
2015-07-15,3.1411661828363644e-08,2.954915727991189e-08,2.9551116054857783e-08
2015-07-16,4.163053895624904e-08,4.187910409179373e-08,4.187861829957017e-08
2015-07-17,5.7561685198871926e-08,5.6395797013401566e-08,5.639355591809052e-08
2015-07-20,6.511477369553346e-08,6.17238139794622e-08,6.172829445621303e-08
2015-07-21,1.1363321681449888e-08,1.184961035941617e-08,1.1849712958036851e-08
2015-07-22,2.104675525732192e-08,2.0370055944749627e-08,2.0369609087786568e-08
2015-07-23,4.1493973262607195e-08,4.191243014614462e-08,4.1913456572795435e-08
2015-07-24,1.2927281003687008e-08,1.0909884544146058e-08,1.090962112552229e-08
2015-07-27,2.8159947804172642e-08,2.7197495842827284e-08,2.7196065329477223e-08
2015-07-28,2.1868094159908744e-08,2.1034183125106383e-08,2.1035149769950888e-08
2015-07-29,3.820909368538563e-08,4.019958817275518e-08,4.0200760261567884e-08
2015-07-30,3.632789947534054e-08,3.9215925398700226e-08,3.921518925135223e-08
2015-07-31,2.543731119587022e-08,2.352156360999516e-08,2.3522542596314763e-08
2015-08-03,5.390486415758458e-08,5.449947263901075e-08,5.450021050933542e-08
2015-08-04,1.4805096678789008e-07,1.5233462874881762e-07,1.5233119241619707e-07
2015-08-05,6.525371073942604e-08,6.62448478955196e-08,6.623821469861767e-08
2015-08-06,8.763808661388326e-09,9.143566233227746e-09,9.14575000699079e-09
2015-08-07,2.116117603538512e-08,2.1089080726093636e-08,2.1089812841501324e-08
2015-08-10,2.5014441021471372e-08,2.7359854781219885e-08,2.7359452815163884e-08
2015-08-11,6.031730442872209e-08,5.730822901705662e-08,5.730921934825069e-08
2015-08-12,1.850886250086225e-08,1.818029656690888e-08,1.8179593712865943e-08
2015-08-13,2.075671651934463e-07,2.0384532772623393e-07,2.038474783487285e-07
2015-08-14,1.628099471903519e-08,1.7753069510661376e-08,1.7751732199198578e-08
2015-08-17,1.5611118928741416e-08,1.7658724238261832e-08,1.7660023243471198e-08
2015-08-18,1.679027618649325e-07,1.6444931095918371e-07,1.6444887641759875e-07
2015-08-19,5.517761011654842e-08,5.7120920351317966e-08,5.7124513259232194e-08
2015-08-20,3.075884003214722e-08,3.047292434776952e-08,3.047425680453985e-08
2015-08-21,6.469407231355936e-08,6.33913237712185e-08,6.3389579759296e-08
2015-08-24,3.365589743516109e-08,3.529278879900491e-08,3.529167901415738e-08
2015-08-25,4.1136024947001734e-08,4.07244191228274e-08,4.072256029047059e-08
2015-08-26,4.991305668963086e-08,4.86253416381579e-08,4.862123682135801e-08
2015-08-27,3.932465907692176e-08,4.027306442527234e-08,4.027266800145778e-08
2015-08-28,1.2649703588217539e-08,1.1974564309000471e-08,1.1973392417819519e-08
2015-08-31,9.401388011398976e-08,9.367521768736019e-08,9.367581411696303e-08
2015-09-01,2.1582328712010572e-07,2.1422811580417588e-07,2.1422945304853878e-07
2015-09-02,2.1695843261552003e-07,2.0664164734104516e-07,2.066429034897384e-07
2015-09-03,7.84070390595115e-08,7.807568105680692e-08,7.806965827593181e-08
2015-09-04,1.8994776826062162e-08,2.4295310680724007e-08,2.4291179472154588e-08
2015-09-07,6.438463735578737e-07,6.011346272397179e-07,6.011450959554378e-07
2015-09-08,2.2092759937133437e-08,3.051445931821556e-08,3.05218428420129e-08
2015-09-09,8.257604650115286e-07,7.641667345009385e-07,7.641585858158524e-07
2015-09-10,2.8698752730417532e-08,2.690558188780523e-08,2.68992102423148e-08
2015-09-11,5.250986042461383e-07,4.710684295570675e-07,4.710441613611141e-07
2015-09-14,1.5097117604716196e-07,1.4173607546736462e-07,1.417132206925215e-07
2015-09-15,5.4097150182092926e-08,6.761859951407105e-08,6.763885605699049e-08
2015-09-16,4.1052637868550725e-08,5.201484016874581e-08,5.200674220035917e-08
2015-09-17,4.314083389447955e-08,4.915267744128505e-08,4.915209033874959e-08
2015-09-18,1.9958145033568732e-08,2.7861930501423314e-08,2.7861029880667888e-08
2015-09-21,2.415958477927839e-08,3.498473332972482e-08,3.498408373112908e-08
2015-09-22,3.897474463427351e-08,4.098660797702276e-08,4.098565690521682e-08
2015-09-23,3.057748297800831e-08,3.167318438655008e-08,3.1674287184664126e-08
2015-09-24,3.7794349809959847e-07,3.474694999198872e-07,3.474811284935489e-07
2015-09-25,3.119596235700493e-07,2.740833194586568e-07,2.7404345904032775e-07
2015-09-28,7.925348845883944e-08,7.387369755740229e-08,7.387774653938877e-08
2015-09-29,3.1302521159865555e-07,2.590159689802907e-07,2.5892367451836143e-07
2015-09-30,9.800579918490424e-07,8.989038119459828e-07,8.988076227082268e-07
2015-10-01,1.0460121462681871e-07,1.0061774758931971e-07,1.0062347475143797e-07
2015-10-02,5.411579578533534e-08,5.0307262206952145e-08,5.031425481718104e-08
2015-10-05,8.10918968985207e-08,6.967658617346146e-08,6.967369416056879e-08
2015-10-06,8.781259441301123e-08,1.0299916680243506e-07,1.0300965806011506e-07
2015-10-07,5.2639480363453897e-08,3.992157564320238e-08,3.9923626227801816e-08
2015-10-08,9.262376701001653e-08,1.0215732638301338e-07,1.0216663395850649e-07
2015-10-09,1.5293969932614827e-07,1.4679018292693278e-07,1.4679468121449195e-07
2015-10-12,6.399118345214033e-08,7.686516191773415e-08,7.687142484085804e-08
2015-10-13,2.0787425876361138e-08,3.646067947069415e-08,3.644766530434178e-08
2015-10-14,1.5345407996258697e-07,1.3467230927996897e-07,1.34680994174201e-07
2015-10-15,1.273074884107233e-07,1.3640026338488847e-07,1.3638886631659242e-07
2015-10-16,6.756150784012603e-08,7.865045934480667e-08,7.863012315795434e-08
2015-10-19,7.016587628797297e-08,6.274275881342515e-08,6.274216720626041e-08
2015-10-20,2.703032682340202e-07,2.3670628948046757e-07,2.3669285928490827e-07
2015-10-21,8.204028477231212e-08,9.066492321839529e-08,9.071008512140637e-08
2015-10-22,9.10773099952446e-08,8.177247622152371e-08,8.17505874280046e-08
2015-10-23,7.358092342547774e-08,8.287060908972398e-08,8.287984186067923e-08
2015-10-26,8.797741372824021e-08,9.548276518684993e-08,9.546237951552732e-08
2015-10-27,4.449715855110959e-08,3.444988618272972e-08,3.4500032917731335e-08
2015-10-28,1.350396784142175e-08,2.5542170064070667e-08,2.5557058399322526e-08
2015-10-29,3.838579973598212e-08,4.6945932116878146e-08,4.6941336088794356e-08
2015-10-30,9.500189114143862e-07,9.099005589087214e-07,9.099544042089738e-07
2015-11-02,2.7099896646140424e-07,2.51882900355922e-07,2.517657185039187e-07
2015-11-03,3.2079047604167204e-08,4.60176532667403e-08,4.601981420590529e-08
2015-11-04,2.3042395098081715e-07,2.0227494978268126e-07,2.023105198369901e-07
2015-11-05,9.204634912182892e-08,9.83189264553569e-08,9.834207671719098e-08
2015-11-06,6.26327917002107e-08,6.961255788504581e-08,6.960349697342978e-08
2015-11-09,6.88008842637842e-08,7.24072100176962e-08,7.241133456482499e-08
2015-11-10,2.296128356520541e-08,3.644025137406962e-08,3.643173014785178e-08
2015-11-11,7.744040297312385e-08,7.135492843938081e-08,7.135297422890637e-08
2015-11-12,1.1170023268097315e-07,1.0152368246762291e-07,1.0152515432614887e-07
2015-11-13,5.010905762346469e-07,4.6269935376758053e-07,4.627472893881657e-07
2015-11-16,2.6248210928796455e-07,2.3236354501990688e-07,2.3218662590142107e-07
2015-11-17,6.077524616991908e-08,6.017505689773243e-08,6.013067902855517e-08
2015-11-18,1.5254526894307403e-07,1.6041544424974133e-07,1.6043946827063261e-07
2015-11-19,1.476413739533686e-07,1.1796420580954091e-07,1.1797839883703539e-07
2015-11-20,7.37892085978158e-08,8.320647907458453e-08,8.320969178326942e-08
2015-11-23,2.4095686791934727e-08,4.113844406354104e-08,4.1141028421291497e-08
2015-11-24,8.106990300991319e-08,7.703147705605686e-08,7.704425179923813e-08
2015-11-25,1.3335083212054357e-07,1.1773329811537823e-07,1.1769232282323126e-07
2015-11-26,1.740540685190114e-08,3.035111451780594e-08,3.035933635453577e-08
2015-11-27,3.797840604449322e-08,2.8974829213111175e-08,2.8977408642667743e-08
2015-11-30,3.672566879770652e-08,4.508173401178347e-08,4.5097373838044134e-08
2015-12-01,4.7153052900907434e-08,5.50306195059748e-08,5.501281512127524e-08
2015-12-02,2.2294058902187348e-08,2.9200517317025615e-08,2.9167172895900125e-08
2015-12-03,1.0449955704819411e-07,9.479835686441056e-08,9.479020485746244e-08
2015-12-04,1.852304504635064e-08,2.1477209301439658e-08,2.1464826111088528e-08
2015-12-07,6.233864354082896e-08,5.163081170383226e-08,5.1642425206322e-08
2015-12-08,1.1819296507377327e-07,1.0803029145973655e-07,1.0798458644874901e-07
2015-12-09,5.304248928610536e-08,4.5955810545252813e-08,4.5958034021654594e-08
2015-12-10,2.3536908583999414e-08,2.6638874593988615e-08,2.662640086734361e-08
2015-12-11,1.5960643129231484e-08,2.043106998085127e-08,2.0422558796468288e-08
2015-12-14,1.740677628516443e-08,1.874648390032033e-08,1.8734124852493442e-08
2015-12-15,1.1543603547508619e-07,1.1325420979150803e-07,1.1326362981765528e-07
2015-12-16,3.420524250795371e-08,3.3577326073108084e-08,3.357936337559099e-08
2015-12-17,5.2233563000097534e-08,5.2307483599343644e-08,5.2313618679085344e-08
2015-12-18,2.1362179477779406e-08,2.3386806992788637e-08,2.3368476235495704e-08
2015-12-21,3.466200901069385e-08,3.160607918999815e-08,3.160179625832996e-08
2015-12-22,1.834466549251605e-08,2.008238140145062e-08,2.008060346975156e-08
2015-12-23,9.409307307166774e-09,1.1535957767749351e-08,1.1533222735784505e-08
2015-12-24,1.507027507635243e-08,1.5256898188924647e-08,1.52527847926129e-08
2015-12-25,2.9510784126886994e-08,2.814968418430376e-08,2.8144985935804756e-08
2015-12-28,1.4660094609448167e-08,1.2244405485754064e-08,1.2237506523300803e-08
2015-12-29,3.904600501434629e-08,3.695950385906184e-08,3.6955644779962585e-08
2015-12-30,2.9575935219442138e-08,2.706786193394043e-08,2.7058924423679805e-08
2015-12-31,1.1360869818091772e-08,8.898781876555801e-09,8.899960176215977e-09
2016-01-01,2.3331493228431925e-08,2.0517533433250866e-08,2.0516873509307276e-08
2016-01-04,3.890596059815096e-08,3.8277382390973695e-08,3.828964100405727e-08
2016-01-05,4.848796607968089e-08,4.468310538519616e-08,4.468929305113199e-08
2016-01-06,1.3889739456973747e-07,1.3527956897530357e-07,1.352371706987709e-07
2016-01-07,4.5876351493783914e-08,4.282199983243813e-08,4.281483669378342e-08
2016-01-08,2.6372692168772107e-08,2.2309536734354428e-08,2.2303115701217362e-08
2016-01-11,2.8714026318166794e-08,2.8896200602714086e-08,2.8900130230958713e-08
2016-01-12,2.4549354037352405e-07,2.3623977591371118e-07,2.3622972190452275e-07
2016-01-13,1.0554298204582249e-07,8.769072991608183e-08,8.755753219822779e-08
2016-01-14,1.9770540212482934e-08,2.3679996076729452e-08,2.3733457912970917e-08
2016-01-15,1.6470808731943594e-08,1.9124292856516686e-08,1.9124496961942905e-08
2016-01-18,3.2013723046502624e-08,2.911243036748549e-08,2.9103692715982235e-08
2016-01-19,3.614584683135151e-08,3.661965565378866e-08,3.6619592160691066e-08
2016-01-20,5.2131122042181206e-08,5.208063285694913e-08,5.204522629103836e-08
2016-01-21,3.913165099259639e-08,4.1433582555119445e-08,4.140551650566031e-08
2016-01-22,1.844269807034815e-08,2.1243140392660905e-08,2.1245772877366455e-08
2016-01-25,8.662308808185026e-09,8.396435280306781e-09,8.383060015181195e-09
2016-01-26,1.123873720565699e-08,9.510334162695418e-09,9.506786121878689e-09
2016-01-27,2.7804011133633244e-08,2.568340893089222e-08,2.567888592541419e-08
2016-01-28,1.5269145471459477e-08,1.3974089478635872e-08,1.3970642082950492e-08
2016-01-29,5.193294817747346e-08,5.4105836399515354e-08,5.411934354566294e-08
2016-02-01,4.7686100837787927e-08,5.046302557569432e-08,5.0466978327526026e-08
2016-02-02,1.4324002808092247e-08,1.2093622302602612e-08,1.210272254438239e-08
2016-02-03,4.991508452119055e-08,4.9016667284609116e-08,4.9024861932695423e-08
2016-02-04,1.2823114028198906e-08,1.074873398342197e-08,1.0737349232949422e-08
2016-02-05,1.0955358100095532e-08,8.313978799014422e-09,8.307760833765439e-09
2016-02-08,1.6971795286062014e-08,1.3910927665498652e-08,1.3905698769735776e-08
2016-02-09,2.7485302636383273e-08,2.4781180915126065e-08,2.4768030758808696e-08
2016-02-10,2.245403827105016e-08,1.8401690045682517e-08,1.840188968660112e-08
2016-02-11,3.688051907414454e-08,3.449654234620022e-08,3.45025621413551e-08
2016-02-12,1.4817034201197219e-08,1.2475914869542018e-08,1.246659321341931e-08
2016-02-15,3.0130162417130975e-08,2.773056104257419e-08,2.773259344023441e-08
2016-02-16,1.473721238615551e-08,1.0449311131969215e-08,1.044849846556934e-08
2016-02-17,1.088589053923693e-08,8.143111060031749e-09,8.137178438114245e-09
2016-02-18,2.318877823275464e-08,2.0653724835766045e-08,2.065866547849585e-08
2016-02-19,7.580275442718017e-08,8.252205305615664e-08,8.250674464731797e-08
2016-02-22,1.441231060142408e-08,1.2195480163076549e-08,1.2215247745375777e-08
2016-02-23,3.572824882495019e-08,3.943073552237525e-08,3.9440243600974815e-08
2016-02-24,3.8301458296477804e-08,3.4443803726299115e-08,3.445891852605006e-08
2016-02-25,2.42402287912693e-08,2.3961970104466774e-08,2.3974912128163215e-08
2016-02-26,3.1863186816619295e-08,3.1165243210315544e-08,3.1170653866547614e-08
2016-02-29,2.1396868202315064e-08,1.7206993402392578e-08,1.7194305189227722e-08
2016-03-01,3.321803731853744e-08,2.8710403903301508e-08,2.871327255358377e-08
2016-03-02,8.411116481534963e-08,8.918915711447614e-08,8.91731956681075e-08
2016-03-03,3.571661349044901e-08,3.3603810897847e-08,3.3629987098431816e-08
2016-03-04,7.827872456696051e-08,7.571985463683446e-08,7.571910495386097e-08
2016-03-07,4.671159449440242e-08,4.560818836115994e-08,4.5665785616062846e-08
2016-03-08,2.313175411162732e-08,1.9630666085727875e-08,1.9622290743874854e-08
2016-03-09,2.4675709603205304e-08,2.162440191721776e-08,2.1636558239524763e-08
2016-03-10,2.0406486402740678e-08,1.7712929934949827e-08,1.7715084410925194e-08
2016-03-11,8.620771021675469e-08,8.318129975947311e-08,8.319120545531799e-08
2016-03-14,4.106740318660793e-08,3.9694066720514567e-08,3.969180792473108e-08
2016-03-15,3.2682421596015415e-08,3.1028229946735655e-08,3.103096710330889e-08
2016-03-16,6.700568355159889e-08,6.430927786763919e-08,6.430534697005958e-08
2016-03-17,2.0611683756349316e-08,1.8928928059658877e-08,1.8901139840089755e-08
2016-03-18,3.146395428638055e-08,2.9007303795915452e-08,2.899998882056177e-08
2016-03-21,1.719448516263401e-08,1.5622281995861026e-08,1.5620230347773885e-08
2016-03-22,1.4111299646727958e-08,1.1245714097689883e-08,1.1237080315320205e-08
2016-03-23,3.0427893919314744e-08,2.752886546932661e-08,2.751660372436157e-08
2016-03-24,4.4338969504315136e-08,4.2144792455709924e-08,4.215185938003597e-08
2016-03-25,2.1752502769434307e-08,1.7894050967671728e-08,1.7878237047967525e-08
2016-03-28,2.866714506669034e-08,3.109901629902875e-08,3.109994355408437e-08
2016-03-29,2.2797636718778077e-08,2.1428574608206233e-08,2.1425712817298633e-08
2016-03-30,1.9748533070417694e-08,1.882242453843572e-08,1.8829795612188822e-08
2016-03-31,6.289656952943773e-08,6.099012227893734e-08,6.097975736725801e-08
2016-04-01,2.0261090520548284e-08,1.7459269044747137e-08,1.7441310910828375e-08
2016-04-04,2.0764476255020007e-08,1.7662430020486955e-08,1.7642567633504907e-08
2016-04-05,7.269568415584936e-08,7.831629326870976e-08,7.83780107092174e-08
2016-04-06,1.1921878624296613e-08,9.284983826998986e-09,9.309707374168663e-09
2016-04-07,2.038080045022674e-08,1.7603788990400856e-08,1.7606027431205244e-08
2016-04-08,1.455126346956447e-08,1.0736348322459225e-08,1.073560678374719e-08
2016-04-11,1.0087321681863254e-07,1.0360203170931359e-07,1.0360788499878999e-07
2016-04-12,4.868614596539631e-08,5.0656683602811686e-08,5.059744897029101e-08
2016-04-13,3.492085837291582e-08,3.278173552645114e-08,3.280544682487832e-08
2016-04-14,1.648673924704745e-07,1.70476562049371e-07,1.704926627856063e-07
2016-04-15,3.4142595106800224e-08,3.39413253662313e-08,3.401454577460723e-08
2016-04-18,3.894980207561854e-08,3.674556876998404e-08,3.673641442141328e-08
2016-04-19,3.320322945972104e-08,3.044965081625993e-08,3.0452101260072046e-08
2016-04-20,2.2136609757635e-08,2.0051348788235332e-08,2.004051863583213e-08
2016-04-21,2.472025338276472e-08,2.118318571629903e-08,2.1177100107671738e-08
2016-04-22,3.922735697856573e-08,4.209146247469565e-08,4.2105402451712944e-08
2016-04-25,2.0580016187917103e-08,2.003274767084149e-08,2.004700258323456e-08
2016-04-26,2.4872063346903938e-08,2.277624779179654e-08,2.2779331601444696e-08
2016-04-27,1.6657108329305727e-08,1.409577336634972e-08,1.4088514854549748e-08
2016-04-28,1.9162433551003593e-08,1.701473080625158e-08,1.699635297850983e-08
2016-04-29,1.0669457095277773e-08,8.458175144453556e-09,8.450854714713441e-09
2016-05-02,1.5387142241466253e-08,1.1496547576336613e-08,1.1490499072196335e-08
2016-05-03,1.8847204308365675e-08,1.5710524747418807e-08,1.5705405957811758e-08
2016-05-04,4.013274462132569e-08,4.3472779479689416e-08,4.347250959406314e-08
2016-05-05,3.103406858381824e-08,3.315233718676632e-08,3.313426205784968e-08
2016-05-06,3.963067817567607e-08,4.066302782952562e-08,4.062918857668497e-08
2016-05-09,1.4477485161827471e-08,1.5178902446038744e-08,1.5183075355512994e-08
2016-05-10,2.1708629372435646e-08,1.786298341044205e-08,1.7876400092939343e-08
2016-05-11,5.295365842448998e-08,5.657087801632368e-08,5.6578736692441125e-08
2016-05-12,3.3264559942034815e-08,3.026717282922381e-08,3.026574077971503e-08
2016-05-13,3.524590777929113e-08,3.4026313457085296e-08,3.402395010715321e-08
2016-05-16,2.441591924867622e-08,2.139829130780366e-08,2.1407304346689194e-08
2016-05-17,2.9064365756819927e-08,2.5442999558064995e-08,2.543805968787649e-08
2016-05-18,8.262825624034615e-08,8.717390969900893e-08,8.71884136353915e-08
2016-05-19,3.85729523083479e-08,3.6085028136735626e-08,3.605136217284169e-08
2016-05-20,1.5064193323832826e-08,1.2944483483975298e-08,1.2934652186847995e-08
2016-05-23,3.72544766217593e-08,3.6196603887094104e-08,3.620864816455887e-08
2016-05-24,1.496180136148579e-08,1.2287934416804945e-08,1.2291383123683434e-08
2016-05-25,9.27265762637944e-08,9.696434770088418e-08,9.698465264865799e-08
2016-05-26,2.316025147493081e-08,2.0870488129672596e-08,2.089875612021362e-08
2016-05-27,5.18234037332711e-08,5.241183700553694e-08,5.2428321582283434e-08
2016-05-30,1.267995261015802e-07,1.3032584368416888e-07,1.3025974213326692e-07
2016-05-31,2.6368320244918033e-08,2.528801185554592e-08,2.518297939444378e-08
2016-06-01,2.3772063223065382e-08,2.1742494683761248e-08,2.173453764896145e-08
2016-06-02,2.6852966096949675e-08,2.732221151908378e-08,2.732694021808349e-08
2016-06-03,3.0573321993178495e-08,2.6366421166817254e-08,2.6379367058724475e-08
2016-06-06,5.545632311219472e-08,5.48092913350513e-08,5.4821216039835875e-08
2016-06-07,4.26614613105378e-08,3.859322832882308e-08,3.8587377123508545e-08
2016-06-08,1.4507029657704394e-08,1.2643207371365731e-08,1.2617804562552997e-08
2016-06-09,1.7552459671278608e-07,1.7387012520879691e-07,1.7393557333436818e-07
2016-06-10,1.3818285629770703e-08,1.2839116896786843e-08,1.2893025554543917e-08
2016-06-13,3.800546599107412e-07,3.934492293815719e-07,3.9345629536725997e-07
2016-06-14,2.2225517352245803e-08,2.1878818739272326e-08,2.2012399541196634e-08
2016-06-15,1.9678309628811265e-07,1.8976567656832054e-07,1.896301853289406e-07
2016-06-16,3.219530713980871e-08,3.514856786532195e-08,3.523352747834865e-08
2016-06-17,2.076185634116711e-08,2.1732146035929327e-08,2.1737954871425532e-08
2016-06-20,4.9375828227565165e-08,4.928415052583853e-08,4.929296730474966e-08
2016-06-21,3.298560260268704e-08,3.436428218508943e-08,3.4337901669606145e-08
2016-06-22,1.0944769046983689e-08,1.1343779988099122e-08,1.1318584529610844e-08
2016-06-23,2.132701186012238e-08,2.0056977251762205e-08,2.004330900619863e-08
2016-06-24,1.7785949615267462e-07,1.7988587323441204e-07,1.799574926716722e-07
2016-06-27,1.556925160105097e-08,1.5530789422196112e-08,1.5580975666484752e-08
2016-06-28,1.2720276386389128e-08,1.1754822538600714e-08,1.1754404861362927e-08
2016-06-29,3.271850768989956e-08,3.145545844086395e-08,3.143610847095592e-08
2016-06-30,1.3203866598281192e-08,1.126575195790389e-08,1.122361136142947e-08
2016-07-01,1.6072938962006944e-08,1.3588682910455254e-08,1.3579727352059446e-08
2016-07-04,4.668910938729781e-08,4.558976708112143e-08,4.559855552437395e-08
2016-07-05,5.7352378861750275e-08,5.50898681928004e-08,5.5024324576404975e-08
2016-07-06,4.0597820256974854e-08,3.850373463393963e-08,3.853656549271118e-08
2016-07-07,9.037730926698244e-08,8.738667177319426e-08,8.747318383164843e-08
2016-07-08,2.1769370423644935e-08,1.9115704789424955e-08,1.909885535261302e-08
2016-07-11,4.5340277501430435e-08,4.4618734775538204e-08,4.461664826770236e-08
2016-07-12,2.0408105495374642e-07,2.0352587549977074e-07,2.0337735316700246e-07
2016-07-13,1.1988402671036634e-08,1.2306630689182619e-08,1.2379000666331304e-08
2016-07-14,4.189141260581789e-07,4.0429117870970266e-07,4.0410662191252263e-07
2016-07-15,7.103302961567201e-08,7.158839028462118e-08,7.177301683619414e-08
2016-07-18,2.572467279504589e-08,2.713921232507953e-08,2.7128668934090895e-08
2016-07-19,8.625631969413757e-08,8.457154101241005e-08,8.456369618046684e-08
2016-07-20,5.7601390581928767e-08,5.941565729962806e-08,5.938112392783354e-08
2016-07-21,5.3972861615732894e-08,5.245333352641139e-08,5.2492033504247996e-08
2016-07-22,5.631680582743978e-08,5.094750261321323e-08,5.095806125733303e-08
2016-07-25,6.843508626821944e-08,6.159306790586453e-08,6.156566704475479e-08
2016-07-26,3.278914185063128e-08,3.50891240012174e-08,3.506388293932429e-08
2016-07-27,1.3374702609567206e-07,1.1914758661236528e-07,1.1921947963180057e-07
2016-07-28,3.508246391185863e-08,3.546918723599318e-08,3.546827346131272e-08
2016-07-29,4.496130973668196e-08,3.8889477326002204e-08,3.883800368030917e-08
2016-08-01,5.609275110663518e-08,5.482562699639827e-08,5.487453472563334e-08
2016-08-02,2.8926156812097047e-08,3.081669035026068e-08,3.080206720339909e-08
2016-08-03,6.067074961568053e-08,6.202202074594808e-08,6.197912855505656e-08
2016-08-04,2.9575216412855397e-08,3.165698298545214e-08,3.1657879690907506e-08
2016-08-05,3.469534778485895e-08,3.6634488937531846e-08,3.6619937231042645e-08
2016-08-08,2.2627039367140792e-07,2.1062390865876363e-07,2.1076921316333996e-07
2016-08-09,1.0985400157466974e-07,1.1134817339633027e-07,1.1132943829605704e-07
2016-08-10,6.033781505530065e-08,5.8262630225160526e-08,5.820138470207028e-08
2016-08-11,1.8279376403781203e-08,2.1784550121738594e-08,2.175769636605648e-08
2016-08-12,1.5949157356392553e-08,1.8511139625491474e-08,1.8474064133115944e-08
2016-08-15,1.0424470499364948e-07,9.359455131503711e-08,9.355555292542126e-08
2016-08-16,2.4883117540197495e-08,2.5093125854709364e-08,2.5135998411981662e-08
2016-08-17,4.977013267300819e-08,5.37672348707301e-08,5.37719820040101e-08
2016-08-18,2.6107530348094768e-08,2.773309818721158e-08,2.775793239724112e-08
2016-08-19,4.328224490365116e-08,4.261377718954478e-08,4.262394219275591e-08
2016-08-22,1.942362873646139e-08,2.0702290137486582e-08,2.067558147446569e-08
2016-08-23,8.276977072973032e-08,8.136396938439183e-08,8.132834468623464e-08
2016-08-24,2.64819393858635e-08,2.6606606670317315e-08,2.6529895808683983e-08
2016-08-25,4.0798123771561354e-08,4.098432172635493e-08,4.094382724393803e-08
2016-08-26,9.300561416892888e-08,8.844410325022617e-08,8.851385853471944e-08
2016-08-29,1.2363374747870352e-07,1.2380085917056157e-07,1.2390186865050335e-07
2016-08-30,5.406920588645685e-07,5.296934112052504e-07,5.300070750080294e-07
2016-08-31,4.1434056574584334e-08,4.416305457255244e-08,4.438672494914712e-08
2016-09-01,1.344688214850473e-07,1.3479632392833648e-07,1.3488299063538093e-07
2016-09-02,9.358618896079787e-07,8.666567381780328e-07,8.676181363359971e-07
2016-09-05,2.7917030264065037e-07,2.342863491986142e-07,2.339800062977634e-07
2016-09-06,2.6080598836922264e-08,3.76064127390392e-08,3.7848199820636896e-08
2016-09-07,1.1599161353966705e-07,1.0830523862546999e-07,1.082506131271068e-07
2016-09-08,4.338354429651452e-08,4.337129461425418e-08,4.3344494965143386e-08
2016-09-09,3.376112918580477e-08,4.88714908302163e-08,4.885355809798981e-08
2016-09-12,4.900734224520847e-08,5.826400118159024e-08,5.823742123344549e-08
2016-09-13,2.3105977284124954e-07,1.996904989609324e-07,1.9981328490006773e-07
2016-09-14,5.333437263887886e-08,4.457274326603038e-08,4.4539433966659267e-08
2016-09-15,3.324203170916456e-08,4.583624501323094e-08,4.590926391087237e-08
2016-09-16,7.139532889792238e-08,6.463099492722576e-08,6.461033387797894e-08
2016-09-19,8.275839040668104e-08,9.158869602566196e-08,9.158091795409396e-08
2016-09-20,1.1294407165116455e-07,1.0603360127780538e-07,1.0594089581645801e-07
2016-09-21,1.0542596258647376e-07,8.037547702313528e-08,8.054284185363865e-08
2016-09-22,2.7353648242617422e-08,2.999791081258381e-08,3.0008617003031466e-08
2016-09-23,1.776354420640255e-08,2.959351715408212e-08,2.956243272086665e-08
2016-09-26,5.48106799172477e-08,6.258782162679679e-08,6.255516774830192e-08
2016-09-27,1.0871331392781644e-07,1.080618451620729e-07,1.080495732382804e-07
2016-09-28,5.0295995715221225e-08,5.6493392166103255e-08,5.645616839393379e-08
2016-09-29,2.5919515102005403e-08,2.9149446150381824e-08,2.9171558332294502e-08
2016-09-30,3.240096570453176e-08,3.8305132185101554e-08,3.8287818736290013e-08
2016-10-03,1.6359111257123664e-08,2.1128854361069046e-08,2.1091993057397565e-08
2016-10-04,1.4747550832430537e-08,1.741429344467971e-08,1.7400122214531005e-08
2016-10-05,8.520791533414044e-08,7.793173558640776e-08,7.795054390585162e-08
2016-10-06,1.4805008265574565e-08,1.825722097990754e-08,1.8307961437599973e-08
2016-10-07,1.565739273494841e-08,1.6930376667380655e-08,1.69423097702994e-08
2016-10-10,2.6745915987019537e-08,2.605193331441439e-08,2.6051668542239676e-08
2016-10-11,1.2662788768154772e-08,1.3459810850127443e-08,1.3466825684942611e-08
2016-10-12,3.5300407282070845e-08,3.622502197914106e-08,3.621852438804808e-08
2016-10-13,3.799758331664228e-08,3.492654156273527e-08,3.489783969849534e-08
2016-10-14,1.749473151714155e-08,1.662753416054258e-08,1.6603695400907457e-08
2016-10-17,2.8869006977899326e-08,2.640411848959807e-08,2.6450245288969602e-08
2016-10-18,5.206569307413883e-08,5.139969226117824e-08,5.138964184802162e-08
2016-10-19,1.4854290950900503e-08,1.3262380066463076e-08,1.3247930384943175e-08
2016-10-20,8.300277751074429e-08,8.147660389578274e-08,8.143535226570601e-08
2016-10-21,1.9620507364607293e-08,1.874053998956748e-08,1.8701884433509127e-08
2016-10-24,5.371249145625977e-08,5.289942686547238e-08,5.2919882220351157e-08
2016-10-25,1.6332194335706814e-08,1.303821620834785e-08,1.3006915492217519e-08
2016-10-26,1.3104645677199319e-08,1.1022180181928324e-08,1.1040290216331796e-08
2016-10-27,2.7504433323009296e-08,2.9463062690088443e-08,2.947304067982109e-08
2016-10-28,6.647963643245127e-08,7.196728506980404e-08,7.192003484998494e-08
2016-10-31,2.164104676994692e-08,1.9241452765562015e-08,1.9299403840016996e-08
2016-11-01,2.8723770552338534e-08,2.5933117012644497e-08,2.5939935514400086e-08
2016-11-02,1.091038345816095e-07,1.1220385843370909e-07,1.123158246708472e-07
2016-11-03,2.1112145007855133e-08,1.9586808503181832e-08,1.965022775046118e-08
2016-11-04,1.802317145622957e-08,1.6743635563540328e-08,1.6747477774840502e-08
2016-11-07,1.7927376675963774e-08,1.679418367446926e-08,1.6776561010371575e-08
2016-11-08,1.1264930890371144e-07,1.144804990754234e-07,1.1452932209594886e-07
2016-11-09,1.3552801758727726e-08,1.1264557310113821e-08,1.123709739580056e-08
2016-11-10,3.3103978311569386e-08,3.233871481231606e-08,3.234162160430777e-08
2016-11-11,4.7419958428100454e-08,4.440292734611805e-08,4.437360488276899e-08
2016-11-14,2.638366720212482e-08,2.2431908963683363e-08,2.24329561211073e-08
2016-11-15,3.3389907029478576e-08,3.26589296361299e-08,3.264198294620665e-08
2016-11-16,1.2912964661206707e-08,1.0404047536195498e-08,1.040746368425918e-08
2016-11-17,1.9805217803027095e-08,1.7530870438325513e-08,1.753459506073252e-08
2016-11-18,2.4065508814063593e-08,2.3380236699474895e-08,2.337106085528889e-08
2016-11-21,2.0216035043595732e-08,1.638325222413563e-08,1.6373759420610946e-08
2016-11-22,1.6950809665238993e-08,1.4597856371046341e-08,1.4583085954333256e-08
2016-11-23,2.1092562097225352e-08,2.0626460238450038e-08,2.0643940414629808e-08
2016-11-24,6.050703944878342e-08,5.6693377716752095e-08,5.670375122597685e-08
2016-11-25,1.306271832262893e-08,1.1135304953352939e-08,1.1115194355606263e-08
2016-11-28,1.0472393581867078e-08,9.262746605583382e-09,9.253793376631732e-09
2016-11-29,2.6350960038035693e-08,2.398328340749972e-08,2.397839087901233e-08
2016-11-30,1.568122319504692e-08,1.1352703626361448e-08,1.1344693405034704e-08
2016-12-01,3.776147691240842e-08,3.618992835749909e-08,3.617223755540997e-08
2016-12-02,3.496144881635167e-08,3.7129263918080703e-08,3.71419681562565e-08
2016-12-05,2.6549973354474108e-08,3.11769564252056e-08,3.116457903490869e-08
2016-12-06,1.1438373448311157e-07,1.2469618466333953e-07,1.2461117672844374e-07
2016-12-07,8.028995236340368e-08,8.027626020473436e-08,8.018600102382402e-08
2016-12-08,1.5413111604503128e-08,1.4783727189531157e-08,1.4759194074378262e-08
2016-12-09,2.3307077809678387e-08,2.2561287047505775e-08,2.258624471494371e-08
2016-12-12,4.753221741148743e-08,4.6560183349404754e-08,4.655524066732664e-08
2016-12-13,1.9590287211612346e-08,2.0185658109016035e-08,2.0207382210672307e-08
2016-12-14,2.7993169253555017e-08,2.7165445937410196e-08,2.717954890866975e-08
2016-12-15,1.6740933906984625e-08,1.4157544142895979e-08,1.4146833641813044e-08
2016-12-16,1.2267139564323828e-07,1.2185727248134647e-07,1.2188456175605825e-07
2016-12-19,1.6290790484751003e-08,1.506683105115259e-08,1.5116730799808186e-08
2016-12-20,1.0376239196568408e-08,7.970285759401285e-09,7.970675247963178e-09
2016-12-21,1.3305277785632553e-08,1.034987330546412e-08,1.0347646651690875e-08
2016-12-22,2.0304575672408312e-07,2.1113006012826018e-07,2.1110175034189887e-07
2016-12-23,4.8049009185941806e-08,4.9874777032882256e-08,4.9948187342654276e-08
2016-12-26,1.1810755873224253e-07,1.1302907881273435e-07,1.1301487977077517e-07
2016-12-27,5.7181606603456866e-08,5.624674763283749e-08,5.6309263122709715e-08
2016-12-28,1.925758147640779e-08,2.0124385216686962e-08,2.0086453705584266e-08
2016-12-29,1.9446402270746068e-08,1.8335140474515368e-08,1.8317989475354217e-08
2016-12-30,1.4646356786556532e-08,1.28847440904835e-08,1.2865979344949124e-08
2017-01-02,1.4038450575157266e-08,1.2186095146497385e-08,1.2177194209221262e-08
2017-01-03,1.658412293611368e-07,1.690096432182751e-07,1.690370409659559e-07
2017-01-04,4.328796259471371e-08,4.188418722501468e-08,4.19751362279351e-08
2017-01-05,1.1551853506089829e-07,1.1460847749178054e-07,1.14596867949675e-07
2017-01-06,1.529180672183403e-08,1.652014197068109e-08,1.6587157635705985e-08
2017-01-09,9.72364563812627e-08,9.108058357763993e-08,9.109196870984541e-08
2017-01-10,3.740838022913893e-08,3.3989590419126345e-08,3.393294901152928e-08
2017-01-11,3.7526008497762965e-08,3.880111319652053e-08,3.87799040652455e-08
2017-01-12,2.476749197898401e-08,2.8195693166573272e-08,2.8212411252194518e-08
2017-01-13,3.893098043334329e-08,3.8542371497114655e-08,3.853652757160284e-08
2017-01-16,4.74587306137446e-08,4.532350307624307e-08,4.530558784323032e-08
2017-01-17,4.581892999318074e-08,4.385146116819283e-08,4.383801733946969e-08
2017-01-18,3.1391212592505986e-08,3.046571151915503e-08,3.047828661601507e-08
2017-01-19,3.23038421196275e-08,3.1582016336151957e-08,3.158168799427114e-08
2017-01-20,8.292693458447495e-08,8.037798296801458e-08,8.037326830273632e-08
2017-01-23,3.013309223638759e-08,3.001362423267601e-08,3.0033365463775905e-08
2017-01-24,1.5179980819588366e-08,1.497722168826458e-08,1.4961920959364732e-08
2017-01-25,1.1206177243092605e-07,1.1056448407318584e-07,1.1058810231336513e-07
2017-01-26,4.4102245359079986e-08,4.223662763151382e-08,4.210992175744676e-08
2017-01-27,1.711316819143678e-08,1.6361745576735575e-08,1.636484980024432e-08
2017-01-30,2.6917295991783437e-08,2.5915956000803577e-08,2.592004268490366e-08
2017-01-31,4.860455414833411e-08,4.5861256723468335e-08,4.5897364407182907e-08
2017-02-01,1.9673444165283772e-08,1.592738697993103e-08,1.5917309402808075e-08
2017-02-02,2.676187442769843e-08,2.4504161971503976e-08,2.4501957317682185e-08
2017-02-03,1.8887161199847168e-08,1.671594672688846e-08,1.669086188695314e-08
2017-02-06,1.1561728382063907e-07,1.188202222770249e-07,1.1886800129569806e-07
2017-02-07,1.657625417706221e-08,1.6390832160299613e-08,1.6426644579531728e-08
2017-02-08,2.4338008525279136e-08,2.3389347999333485e-08,2.3363226354751025e-08
2017-02-09,7.689328578271993e-08,7.41702922637863e-08,7.416955295532432e-08
2017-02-10,2.15328461523812e-08,2.0354519215502015e-08,2.0385878861758928e-08
2017-02-13,2.6662986625822598e-08,2.578261887477458e-08,2.5793547602394037e-08
2017-02-14,2.4840194664144963e-08,2.3435317290257144e-08,2.3432931291793993e-08
2017-02-15,2.6893259370141656e-08,2.510221687064811e-08,2.509265074617629e-08
2017-02-16,9.87095057581237e-08,9.84725540405875e-08,9.849878294539101e-08
2017-02-17,5.099674117850586e-08,4.969302465402895e-08,4.973212299035715e-08
2017-02-20,1.1579801380793212e-07,1.0804194337256927e-07,1.080223562903445e-07
2017-02-21,2.3432682763464543e-07,2.2413610104097176e-07,2.239470346501137e-07
2017-02-22,1.979441829805922e-08,2.2627727556842128e-08,2.2763248886206375e-08
2017-02-23,1.884160949351e-08,2.0144702593929418e-08,2.0171152486853933e-08
2017-02-24,1.7858698192412564e-08,1.7693349753655192e-08,1.7690442645912746e-08
2017-02-27,3.149165055910336e-08,3.0890013355802504e-08,3.088021622770862e-08
2017-02-28,2.2877166314796295e-08,2.1488996090146504e-08,2.1466509074071624e-08
2017-03-01,2.017589552447793e-08,2.028283007853333e-08,2.0265822753629976e-08
2017-03-02,8.031266174059792e-08,7.65132678524521e-08,7.649561132863771e-08
2017-03-03,1.6707538819615372e-08,1.406730186156109e-08,1.4053058223972252e-08
2017-03-06,2.432639260908951e-08,2.333053462528747e-08,2.3326326378914473e-08
2017-03-07,1.873968398854499e-08,1.6411850036780824e-08,1.6399459708223167e-08
2017-03-08,2.3519075526704715e-08,2.4257176350120592e-08,2.4270889642171713e-08
2017-03-09,2.2049332335427364e-08,2.045005034874466e-08,2.0450168273775715e-08
2017-03-10,2.6093007341002464e-08,2.3970564241696742e-08,2.3983851443759728e-08
2017-03-13,2.9075474170545855e-08,2.5090125544831757e-08,2.5105165522325982e-08
2017-03-14,6.28964247440053e-08,6.165026754084368e-08,6.166165647080065e-08
2017-03-15,2.323522798358087e-08,2.430863763294079e-08,2.430775838318728e-08
2017-03-16,1.2585480737233752e-07,1.1743300232476348e-07,1.1737787184923051e-07
2017-03-17,1.4116530124979224e-08,1.357862051712074e-08,1.3617292988065436e-08
2017-03-20,1.8739432825812193e-08,1.8134850075781826e-08,1.8138910261397735e-08
2017-03-21,2.2294326145490964e-08,1.9696861818240494e-08,1.9691114720502706e-08
2017-03-22,5.657585070847313e-08,5.245566969712004e-08,5.242274546346592e-08
2017-03-23,1.7171256075894765e-08,1.578756458435968e-08,1.578017227418318e-08
2017-03-24,3.018851516343187e-08,2.8756355496897287e-08,2.874486843513398e-08
2017-03-27,1.5796935207970204e-08,1.382891859218356e-08,1.3807390878209118e-08
2017-03-28,1.283406140212412e-08,9.400198927225227e-09,9.38346630877754e-09
2017-03-29,1.0812021575056851e-07,1.1260635783623868e-07,1.1266177390038922e-07
2017-03-30,3.9330107225554206e-08,3.593703279740093e-08,3.593972318840606e-08
2017-03-31,3.794541587039156e-08,3.2714698917232975e-08,3.272223770544518e-08
2017-04-03,2.051154378621253e-07,2.0720092184371232e-07,2.072312048095883e-07
2017-04-04,1.5098968665248855e-08,1.5013286306314118e-08,1.5076482523237196e-08
2017-04-05,1.9651188964152953e-08,2.044850119353065e-08,2.0485687013854976e-08
2017-04-06,1.7927073209863384e-07,1.7995296140895387e-07,1.8000092270584357e-07
2017-04-07,1.772409281373071e-08,2.0134681914595914e-08,2.0134945899427732e-08
2017-04-10,1.370440183431461e-07,1.3168259370559746e-07,1.3167737992612446e-07
2017-04-11,8.080730230084241e-08,8.164748711198597e-08,8.167763767330476e-08
2017-04-12,1.1305070193989344e-08,1.2058135498503076e-08,1.20171246193497e-08
2017-04-13,2.496505727489338e-08,2.2630086287792516e-08,2.2622627433909267e-08
2017-04-14,2.4115440286689057e-08,2.4075596697333844e-08,2.4072827752908162e-08
2017-04-17,4.674126448725868e-08,4.1605739430645925e-08,4.159191066384739e-08
2017-04-18,1.3925676851344682e-08,1.3306240018324931e-08,1.3291244228029541e-08
2017-04-19,1.5276158111273978e-07,1.467915118081226e-07,1.4681020565342226e-07
2017-04-20,3.175411550469415e-08,2.822016051403896e-08,2.8318288614237666e-08
2017-04-21,7.31146042844809e-08,6.356299611558937e-08,6.357338410357805e-08
2017-04-24,8.193355964247223e-08,8.471551556697004e-08,8.478632988803381e-08
2017-04-25,5.052864950325321e-08,4.7082689950660754e-08,4.7074957177099435e-08
2017-04-26,4.121988879394933e-08,3.696669118714583e-08,3.6976161824100346e-08
2017-04-27,8.980479256558862e-08,8.85074519218115e-08,8.850599647193106e-08
2017-04-28,1.7466405195732684e-08,2.0384281060805517e-08,2.0422336503170837e-08
2017-05-01,1.558858743320499e-08,1.8270709739074054e-08,1.8267928935952374e-08
2017-05-02,6.386004864910406e-08,6.317260412084027e-08,6.316096878572691e-08
2017-05-03,2.6043533585000206e-08,2.1999631912525594e-08,2.2024467043641006e-08
2017-05-04,1.2667535523474592e-08,1.3186796687503841e-08,1.318926415949455e-08
2017-05-05,1.9004185290683396e-08,1.8276176257398507e-08,1.826288925424955e-08
2017-05-08,1.6607720308408632e-08,1.5331682097673473e-08,1.532345277701913e-08
2017-05-09,2.064011255818885e-08,1.7679758318883535e-08,1.767193958470777e-08
2017-05-10,1.9124707878403752e-08,1.4241659193338734e-08,1.4241791173777548e-08
2017-05-11,2.702011341536149e-08,2.6269420540220064e-08,2.62835963368827e-08
2017-05-12,1.5130052561409683e-08,1.3345691961934934e-08,1.3334960634479602e-08
2017-05-15,3.11504682354918e-08,3.008176257734731e-08,3.010287615517892e-08
2017-05-16,5.2037265198719554e-08,5.382033400840146e-08,5.379199163193473e-08
2017-05-17,1.8656837135156412e-08,1.6592870512624078e-08,1.6630854784084653e-08
2017-05-18,2.239011159186903e-08,2.0445466794488574e-08,2.045518402326705e-08
2017-05-19,2.233563784371462e-08,2.12983154313933e-08,2.1282558337939674e-08
2017-05-22,3.557218841843561e-08,3.158363557502398e-08,3.1590734014918556e-08
2017-05-23,2.1064755838594836e-08,1.8405277583650005e-08,1.839229883423907e-08
2017-05-24,8.208978852758743e-09,5.161178599028225e-09,5.147456521841516e-09
2017-05-25,1.2241219431760039e-08,9.50511183678543e-09,9.499560965516716e-09
2017-05-26,2.4823518083362478e-08,2.1861313278523885e-08,2.1863821709243513e-08
2017-05-29,1.1226667398812428e-08,7.096203887275421e-09,7.083604158894694e-09
2017-05-30,1.4009526661107199e-08,9.147788772522295e-09,9.139323964005478e-09
2017-05-31,3.4308795931329326e-08,2.7870555785378315e-08,2.7871845311236453e-08
2017-06-01,1.5481775087228386e-08,1.054484949095326e-08,1.0536526961452533e-08
2017-06-02,3.158668192919137e-08,3.1351828700533715e-08,3.136282374725778e-08
2017-06-05,1.3561426795117275e-08,1.1253188971876611e-08,1.1248870990622391e-08
2017-06-06,1.4632082385825656e-08,9.815674995173774e-09,9.825627333064955e-09
2017-06-07,1.7872309987463825e-08,1.3511709379988222e-08,1.3512716078143066e-08
2017-06-08,1.3310705691478886e-08,9.157389625771754e-09,9.158159381452077e-09
2017-06-09,1.3863781727739403e-08,8.214006800718016e-09,8.208566813629726e-09
2017-06-12,1.512669803578233e-08,1.2301944718196371e-08,1.2303850784014554e-08
2017-06-13,1.1562920399019857e-08,6.895730900780179e-09,6.894772912773047e-09
2017-06-14,1.2246627453911275e-08,7.866835546036723e-09,7.861324704976953e-09
2017-06-15,8.94911713315217e-08,1.0358725022432329e-07,1.0359427106784188e-07
2017-06-16,1.3415839001692108e-08,1.1886258965688139e-08,1.1882095183291566e-08
2017-06-19,2.1735516482839566e-08,1.9668917829981875e-08,1.964315542306536e-08
2017-06-20,2.4526390223032278e-08,2.0284666646386723e-08,2.0298739889989007e-08
2017-06-21,8.067511334416944e-08,7.885377129744391e-08,7.884491445430475e-08
2017-06-22,4.524171838357855e-08,4.1623560712627044e-08,4.1648847953896714e-08
2017-06-23,2.926248269594797e-08,2.902573443945985e-08,2.8996072911489015e-08
2017-06-26,2.3761393102484194e-08,2.0166872247583363e-08,2.017241255085563e-08
2017-06-27,3.997168474065632e-08,4.1058427681716776e-08,4.10437105861082e-08
2017-06-28,1.5500168142154873e-08,1.2893031935911929e-08,1.2901021569060516e-08
2017-06-29,1.743662395812179e-08,1.8342348500785064e-08,1.834433692656625e-08
2017-06-30,2.372206676887007e-08,2.058083034168997e-08,2.0591375236361135e-08
2017-07-03,5.864738814821149e-08,5.8368849164029736e-08,5.838028799923372e-08
2017-07-04,2.0204409918946794e-08,2.0828269520864864e-08,2.0825694484952348e-08
2017-07-05,4.764866563997702e-08,5.324418578383585e-08,5.3249854684360564e-08
2017-07-06,6.08090240381534e-08,6.151045790078248e-08,6.151637015225544e-08
2017-07-07,4.253595831997448e-08,3.84264089029403e-08,3.84679084718324e-08
2017-07-10,1.2017399950634567e-08,1.0234896841629877e-08,1.0224973999175718e-08
2017-07-11,5.386667210367285e-08,5.137180319636692e-08,5.136020635889155e-08
2017-07-12,2.4277796394122335e-08,2.3665490121303262e-08,2.367571299959089e-08
2017-07-13,5.027794971868042e-08,5.0481057264134766e-08,5.049004322075146e-08
2017-07-14,2.9138849467552822e-08,2.5706832801599135e-08,2.569918836393772e-08
2017-07-17,3.0329331720114605e-08,2.8960092658470988e-08,2.8951701588694368e-08
2017-07-18,2.4512216997748495e-08,2.5019445152878677e-08,2.5020515596318627e-08
2017-07-19,1.7388405815230387e-08,1.4532005550364424e-08,1.450800041323496e-08
2017-07-20,5.977880251013122e-08,5.703016532470673e-08,5.701708165881513e-08
2017-07-21,3.9855824447649845e-08,3.913423145176234e-08,3.911479927331839e-08
2017-07-24,2.441572259525087e-08,2.3340768311844003e-08,2.333359208081806e-08
2017-07-25,2.7937317441037088e-08,2.5689721371182137e-08,2.5666203804497085e-08
2017-07-26,1.7506735989850657e-08,1.6714746124499165e-08,1.6713087914593036e-08
2017-07-27,5.014128479164958e-08,4.954285611875078e-08,4.954754335131608e-08
2017-07-28,9.378223115446505e-08,9.82649537343618e-08,9.831983231324559e-08
2017-07-31,4.8250571219114194e-08,4.8102846568377426e-08,4.8164815079696535e-08
2017-08-01,1.518301813266997e-08,1.422003703724192e-08,1.420096146646161e-08
2017-08-02,5.7359132897589704e-08,5.6307251097191154e-08,5.632628524144681e-08
2017-08-03,3.587756239056311e-08,3.640933110469677e-08,3.6419705807282584e-08
2017-08-04,4.4229264376892865e-08,4.083369372665222e-08,4.0847587203977485e-08
2017-08-07,1.2301600988007924e-08,1.0809141058876292e-08,1.080242779674585e-08
2017-08-08,2.029129265651894e-08,1.9287233202369155e-08,1.9291967099536828e-08
2017-08-09,8.580569445589343e-08,8.567070184789625e-08,8.566090843813363e-08
2017-08-10,1.2598129915706818e-08,1.2344400552353847e-08,1.2344738890152556e-08
2017-08-11,3.793162144825925e-08,3.621876401962585e-08,3.6212842424801804e-08
2017-08-14,9.16826672786061e-08,9.242036400580852e-08,9.242196320442225e-08
2017-08-15,1.5909389275998157e-08,1.3189492278290433e-08,1.3226035770631373e-08
2017-08-16,1.0974558712316212e-07,1.0712592398372184e-07,1.0705006671161237e-07
2017-08-17,1.135509003497073e-08,1.2446399718585127e-08,1.2498549893839773e-08
2017-08-18,2.6025486929613702e-08,2.5854440007826627e-08,2.5875101214894797e-08
2017-08-21,6.080154957521122e-08,5.941209094662593e-08,5.939927767500646e-08
2017-08-22,2.288038716471348e-08,2.4498681944091624e-08,2.449888463627271e-08
2017-08-23,4.110506969025061e-08,3.9188916884148813e-08,3.919824492665158e-08
2017-08-24,5.70380467405827e-08,5.206795781662549e-08,5.210181288029082e-08
2017-08-25,4.59494221293203e-08,4.773497805378367e-08,4.77555991757502e-08
2017-08-28,5.651320696300738e-08,5.054197066398166e-08,5.0524863647130826e-08
2017-08-29,3.689157907052067e-08,3.127133566499222e-08,3.128727535159381e-08
2017-08-30,2.908400803729067e-08,3.081896325395489e-08,3.0841095271524026e-08
2017-08-31,5.137696225471713e-08,5.131163118779606e-08,5.1276195428209593e-08
2017-09-01,5.984726200600432e-08,5.422326950628032e-08,5.424804919770383e-08
2017-09-04,1.4785055482201029e-07,1.3320742410728423e-07,1.3311696397013837e-07
2017-09-05,1.333899423017727e-07,1.1099010706056219e-07,1.1083745315123715e-07
2017-09-06,6.558829574720443e-08,5.190587892402952e-08,5.194566557818347e-08
2017-09-07,4.412129869998402e-08,4.763497702945132e-08,4.7635669819582126e-08
2017-09-08,4.5772468552440405e-08,5.2958830116914154e-08,5.295200958680994e-08
2017-09-11,2.7918758082642734e-08,3.1244116313796116e-08,3.1196550983679426e-08
2017-09-12,2.293153002713612e-08,2.7595204811563613e-08,2.757296827558851e-08
2017-09-13,2.156764147670712e-08,2.6264958583911126e-08,2.6241305040914935e-08
2017-09-14,2.2661953285374293e-08,2.402677851673968e-08,2.397620083514746e-08
2017-09-15,3.699139997732575e-08,3.5702491725741295e-08,3.565870853069485e-08
2017-09-18,1.1606222431902453e-07,1.1406721340344726e-07,1.1399120375272884e-07
2017-09-19,2.1330722202338994e-08,2.3623261165359065e-08,2.351985942354262e-08
2017-09-20,1.905675426420878e-08,1.8754856581618047e-08,1.8716003126573928e-08
2017-09-21,2.1069235720881962e-08,1.9997768003577315e-08,1.996120453474884e-08
2017-09-22,1.1789498778228723e-08,1.1279353951373784e-08,1.125517144216674e-08
2017-09-25,2.4863910258704053e-08,2.4732925912344865e-08,2.4737199438220935e-08
2017-09-26,2.5008955794719793e-08,2.243523730968907e-08,2.2438314172553733e-08
2017-09-27,3.603524771588323e-08,3.6012475370269926e-08,3.6024932863261786e-08
2017-09-28,3.6883167903737016e-08,3.53196187734555e-08,3.533748810773543e-08
2017-09-29,1.550711304870091e-08,1.3883826655041028e-08,1.3887716418383167e-08
2017-10-02,6.869048056034199e-08,7.200753762795319e-08,7.202850447437824e-08
2017-10-03,1.709486327150183e-07,1.7455173662626128e-07,1.7446829152081713e-07
2017-10-04,5.099503413058914e-08,5.154962808826146e-08,5.139749652248967e-08
2017-10-05,2.934009109365517e-08,2.824201594659441e-08,2.8259782266255512e-08
2017-10-06,1.2497584793908624e-08,1.2880560479553424e-08,1.293033916123672e-08
2017-10-09,1.1903253811132316e-08,1.1229375010763333e-08,1.12371583106128e-08
2017-10-10,1.7640495686228596e-08,1.6322744552982513e-08,1.632012407908399e-08
2017-10-11,1.3839545250126565e-08,1.100914364216888e-08,1.099092222707123e-08
2017-10-12,3.078770339134368e-08,2.8654372554045388e-08,2.8666360113043722e-08
2017-10-13,4.8048616222239104e-08,4.5047963211198625e-08,4.5056455803572924e-08
2017-10-16,3.192189706473686e-08,2.7054315113070547e-08,2.7081192389785045e-08
2017-10-17,1.4053973774934867e-08,1.3608588346405798e-08,1.3578600843957212e-08
2017-10-18,1.7255408631178528e-08,1.503156041250385e-08,1.5011003731225195e-08
2017-10-19,1.362591402771862e-07,1.3788856939306452e-07,1.379807038923957e-07
2017-10-20,1.356813655437423e-07,1.3560685311364877e-07,1.3553001035910513e-07
2017-10-23,1.8210961696655776e-07,1.8395378279418464e-07,1.8370691576229823e-07
2017-10-24,1.1847291473260887e-07,1.0535752947855434e-07,1.0492465748771819e-07
2017-10-25,5.967274140800257e-08,5.578916278807482e-08,5.586863388461455e-08
2017-10-26,1.6785883717392792e-08,1.92059345239568e-08,1.9244711596807326e-08
2017-10-27,3.191972909859683e-08,3.1915391147209364e-08,3.192511607692205e-08
2017-10-30,4.682787093740953e-08,4.924577681865909e-08,4.924174613144576e-08
2017-10-31,2.583018761078236e-08,2.60054502514267e-08,2.6013948021236863e-08
2017-11-01,2.458930063888339e-08,2.4852070754101203e-08,2.4837344074821732e-08
2017-11-02,3.503913299351457e-08,3.7757478339913626e-08,3.7792386417624184e-08
2017-11-03,1.9724759397503624e-08,1.9607928395164576e-08,1.9617893852692454e-08
2017-11-06,3.976280599977107e-08,4.0493577275394154e-08,4.050715951880437e-08
2017-11-07,1.9620829050718334e-08,1.8603412302261524e-08,1.8587052058597755e-08
2017-11-08,3.679071428331847e-08,3.759150090310589e-08,3.757761978392332e-08
2017-11-09,1.1932916285686238e-08,1.0140606712944928e-08,1.0119958289595501e-08
2017-11-10,4.881556893719509e-08,4.7273046563853505e-08,4.728219489513178e-08
2017-11-13,2.2428478602375538e-08,1.9957243197114747e-08,1.9920109418291767e-08
2017-11-14,2.3340354407468332e-08,2.2211863829242284e-08,2.2207905281046987e-08
2017-11-15,2.8953910167881298e-08,2.8345441395843912e-08,2.8360531107380383e-08
2017-11-16,2.7409398229609445e-08,2.3923270044485805e-08,2.3943663618467434e-08
2017-11-17,3.5565147298339e-08,3.3622054831468054e-08,3.361077933640763e-08
2017-11-20,1.6777801119992784e-08,1.434858888936149e-08,1.4341113878166661e-08
2017-11-21,1.498167989009045e-08,1.2725209968486583e-08,1.2728098073716736e-08
2017-11-22,8.075727676133109e-08,8.567653263556919e-08,8.5688648413727e-08
2017-11-23,2.0882884227016363e-07,2.1191897700236132e-07,2.1187844016888076e-07
2017-11-24,1.7654076132979913e-08,1.788171709080004e-08,1.7968105617720465e-08
2017-11-27,2.4215342277070263e-08,2.428246782846824e-08,2.4284824589184225e-08
2017-11-28,1.5854793160734093e-08,1.6237197982103248e-08,1.6253606743949677e-08
2017-11-29,4.306214601752474e-08,3.9156062440311744e-08,3.9136931957638995e-08
2017-11-30,2.254467759529768e-08,2.0620306099062284e-08,2.061985079509728e-08
2017-12-01,5.480615668822726e-08,5.3159357476541455e-08,5.3196856163500365e-08
2017-12-04,2.827255622587601e-08,2.5462840160747576e-08,2.5457049696679537e-08
2017-12-05,7.621617756647348e-09,7.270333079341756e-09,7.259780611575725e-09
2017-12-06,2.9910624505583056e-08,2.689124003944296e-08,2.6884866672818568e-08
2017-12-07,2.3366154809110635e-08,2.0408960598452972e-08,2.0390692852497072e-08
2017-12-08,2.502909739538703e-08,2.2402392008121895e-08,2.2378771088953118e-08
2017-12-11,1.3522067323601352e-07,1.3990818394968944e-07,1.3990735141778446e-07
2017-12-12,2.601323465385617e-08,2.3375446399742194e-08,2.3386240401706324e-08
2017-12-13,3.094703022172656e-08,2.9324419562954362e-08,2.926396838454372e-08
2017-12-14,8.862879182271115e-08,8.819817415477038e-08,8.820525683555432e-08
2017-12-15,2.510111358234911e-08,2.3449532213881856e-08,2.341018993452441e-08
2017-12-18,1.6793840166365192e-08,1.5007278405070004e-08,1.4976720319680166e-08
2017-12-19,1.7352147172924145e-08,1.7361797347749683e-08,1.73739566609682e-08
2017-12-20,1.336452547638565e-07,1.4354497614630752e-07,1.4354220612908876e-07
2017-12-21,1.9985149848232943e-08,1.8753846577856254e-08,1.8759254884763763e-08
2017-12-22,4.5467839128933356e-08,4.4869211889485405e-08,4.4878924609998165e-08
2017-12-25,3.1614328998156694e-08,3.001081408102328e-08,3.002143003307311e-08
2017-12-26,9.72227912394039e-07,9.840543761438625e-07,9.838914205812885e-07
2017-12-27,6.344536081492305e-08,5.8390960222824104e-08,5.834704243606332e-08
2017-12-28,3.7650675116900125e-08,3.5604947316091414e-08,3.5454427026802605e-08
2017-12-29,5.712408757345139e-08,5.319548026190317e-08,5.314224914086429e-08
2018-01-01,6.930363899968756e-08,7.470430616116662e-08,7.474328893075548e-08
2018-01-02,2.3178785503813258e-08,2.6771457765964184e-08,2.6784936069526354e-08
2018-01-03,2.974114417824167e-08,3.3114190009995415e-08,3.310895135120826e-08
2018-01-04,9.170486199522409e-08,9.083380335409376e-08,9.082351910942812e-08
2018-01-05,2.414526868697157e-08,2.6102416038261724e-08,2.6086626245757786e-08
2018-01-08,2.6001079470257324e-08,2.859923704338051e-08,2.8562785977466525e-08
2018-01-09,4.5377667873780614e-08,4.8303207814862294e-08,4.827450146296718e-08
2018-01-10,5.999650535092913e-08,6.028029427688331e-08,6.024964034883671e-08
2018-01-11,3.82429189160303e-08,3.9123801014886266e-08,3.907207484099931e-08
2018-01-12,2.369625562819683e-07,2.3696029196836724e-07,2.3706444672395476e-07
2018-01-15,4.2790126245529515e-08,4.2450387151968716e-08,4.254693581761715e-08
2018-01-16,6.925996617189018e-08,7.081926930466698e-08,7.083360508229421e-08
2018-01-17,5.463738143005449e-08,5.795487865901594e-08,5.7907802067641525e-08
2018-01-18,2.6529990420127197e-08,2.7162567985626825e-08,2.7136434712833697e-08
2018-01-19,4.099298956994039e-07,4.002364315665015e-07,4.004413456145788e-07
2018-01-22,7.882744613757469e-08,7.161334699722402e-08,7.145201559101908e-08
2018-01-23,7.351720745159372e-08,7.277905026264627e-08,7.278755790280358e-08
2018-01-24,1.2827734835063052e-08,1.8662670914430555e-08,1.8692599628944706e-08
2018-01-25,2.305266932870246e-08,2.7163059538114154e-08,2.7171805032477864e-08
2018-01-26,2.988858978992178e-08,3.235337565266532e-08,3.234867188269382e-08
2018-01-29,2.8308684524777414e-08,2.972649451768523e-08,2.9699256061217237e-08
2018-01-30,4.386335377053063e-08,4.2475213767666754e-08,4.24712613626541e-08
2018-01-31,3.0685372015222214e-08,3.1282478384821264e-08,3.1265192654852266e-08
2018-02-01,5.266897527465701e-08,5.3456471264094993e-08,5.343195799889962e-08
2018-02-02,3.3797529164570125e-08,3.402274197301164e-08,3.3994979370006693e-08
2018-02-05,2.231522543229238e-08,2.1175468851396887e-08,2.115047296294506e-08
2018-02-06,6.815386432943086e-08,6.48228115978178e-08,6.487376951596572e-08
2018-02-07,1.1099884735351394e-07,1.0826227210403363e-07,1.0826375870028758e-07
2018-02-08,1.3587752074068463e-08,1.426659752108733e-08,1.422242474628203e-08
2018-02-09,2.2460896352796748e-08,2.024713935554065e-08,2.0230171835473953e-08
2018-02-12,2.435204418242724e-08,2.2015839706068717e-08,2.1997300625593238e-08
2018-02-13,1.2162010723870886e-07,1.1452318392190079e-07,1.145401411733358e-07
2018-02-14,3.1184786376879474e-07,2.9256318834587907e-07,2.9232934766702694e-07
2018-02-15,5.791393381833145e-08,5.4777945949968495e-08,5.4868568601289295e-08
2018-02-16,9.909989047047853e-08,1.0858286634724508e-07,1.0858778948232836e-07
2018-02-19,2.0409374533894767e-08,2.485739639001048e-08,2.487103971552349e-08
2018-02-20,2.4823074375172972e-08,2.679231037366254e-08,2.679055124164546e-08
2018-02-21,1.906262039817607e-08,1.8506714540509e-08,1.849080652075717e-08
2018-02-22,1.3346740011885648e-08,1.3649745304505044e-08,1.3636584011015016e-08
2018-02-23,1.2691269408373414e-08,1.1058693466287915e-08,1.1046448724778646e-08
2018-02-26,3.0968993075552664e-08,2.828079637406339e-08,2.8275750640232925e-08
2018-02-27,2.9542689492963843e-08,2.8024176354075283e-08,2.8014298988300163e-08
2018-02-28,7.82776158008184e-08,8.747788572188375e-08,8.750447006583362e-08
2018-03-01,4.610049882009673e-08,4.4353873816078536e-08,4.440137425389343e-08
2018-03-02,2.1835055041048776e-08,2.2365691998671638e-08,2.24082427211476e-08
2018-03-05,6.792515286614244e-08,6.402522846898052e-08,6.402513370850534e-08
2018-03-06,1.4218561193326878e-08,1.3335499099401522e-08,1.3334095720406368e-08
2018-03-07,3.673721702488195e-08,3.4317730201879923e-08,3.429534913578461e-08
2018-03-08,1.7404638922536217e-08,1.4956036436859287e-08,1.495971735709916e-08
2018-03-09,3.056034479028113e-08,2.8414562837188184e-08,2.840270688107688e-08
2018-03-12,1.1798468879846577e-07,1.1263910528275088e-07,1.1263722562284021e-07
2018-03-13,3.2376482606255997e-08,3.330282368894819e-08,3.330866029891341e-08
2018-03-14,1.491199133601457e-08,1.3312699497247616e-08,1.3291985543567655e-08
2018-03-15,2.6764150506711334e-08,2.742088368917058e-08,2.7432770776839996e-08
2018-03-16,5.972957452049933e-08,5.409917361375934e-08,5.411342027291783e-08
2018-03-19,1.710315450129249e-07,1.625802043169483e-07,1.625873880494155e-07
2018-03-20,7.11447501345462e-08,6.513494953710803e-08,6.514082192225375e-08
2018-03-21,5.2054325133426594e-08,5.206924823190291e-08,5.204352511297012e-08
2018-03-22,1.5910113163405365e-08,1.5494227878291195e-08,1.5473130885247303e-08
2018-03-23,1.9733554997629284e-08,1.907023603398475e-08,1.904566692058998e-08
2018-03-26,3.191156292260964e-08,2.6646942862540967e-08,2.6641190215653203e-08
2018-03-27,2.2228045743754753e-08,1.788628882560343e-08,1.7882126643717083e-08
2018-03-28,2.012376441778372e-07,1.8571078704057223e-07,1.8571880361693975e-07
2018-03-29,1.138871069041485e-08,1.1557898322539316e-08,1.1548337809306103e-08
2018-03-30,4.12045591977777e-08,4.6753784805501625e-08,4.6761645757598055e-08
2018-04-02,5.7790366490290755e-08,4.909514175130571e-08,4.91239732957601e-08
2018-04-03,2.8788771890776462e-08,2.362339809733534e-08,2.3630900708172056e-08
2018-04-04,1.4772419903594027e-08,1.4593977284413404e-08,1.4595354407968298e-08
2018-04-05,5.646386376971629e-08,5.662195888348593e-08,5.6626625256732375e-08
2018-04-06,7.095659039916213e-08,6.759042608735457e-08,6.770306654284283e-08
2018-04-09,3.736900439214525e-08,3.521825156981657e-08,3.5233737899296616e-08
2018-04-10,3.876229606488413e-07,3.71597708155677e-07,3.714788751421686e-07
2018-04-11,3.778307991560717e-08,4.235289961925483e-08,4.24968206902522e-08
2018-04-12,3.86303660106933e-08,3.963737894547962e-08,3.970789357255663e-08
2018-04-13,2.1070196009006914e-08,2.2288089551028952e-08,2.2270983299462132e-08
2018-04-16,3.406939572729519e-08,3.0672113698119914e-08,3.0654697707124226e-08
2018-04-17,4.781538251974656e-08,4.333678293478526e-08,4.3254968165896395e-08
2018-04-18,1.657193720464661e-07,1.6115446558311485e-07,1.6105209247259282e-07
2018-04-19,6.194805665957128e-08,5.2161697678481365e-08,5.223122599481584e-08
2018-04-20,2.5716825028676464e-08,2.42630388626209e-08,2.4232870493628757e-08
2018-04-23,2.9493228112390583e-08,3.007453443233602e-08,3.003726056667287e-08
2018-04-24,2.201672311509607e-07,2.2096032212082763e-07,2.209255802611469e-07
2018-04-25,6.563060670415212e-07,6.781239738314189e-07,6.780270998601057e-07
2018-04-26,4.0523990061637505e-08,3.894608267148795e-08,3.9068041175175684e-08
2018-04-27,6.048464002837852e-08,5.255470334035194e-08,5.258840555829842e-08
2018-04-30,1.592602795607584e-07,1.501648992559894e-07,1.5026633864909698e-07
2018-05-01,1.4250006183584038e-07,1.4499852508302269e-07,1.449791140698425e-07
2018-05-02,3.629932865678359e-08,3.3343636856771563e-08,3.336806712307788e-08
2018-05-03,4.206718591822078e-08,4.573578116635049e-08,4.5749958873669357e-08
2018-05-04,5.134552214473921e-08,4.600308102848687e-08,4.5981561652955064e-08
2018-05-07,1.0224749268518106e-07,8.918857013588042e-08,8.919562342075637e-08
2018-05-08,6.19788868673877e-08,6.593883772472754e-08,6.600373653666551e-08
2018-05-09,5.028891228465781e-08,5.605374721390395e-08,5.6085789167787776e-08
2018-05-10,2.8704490682706942e-08,3.3515566756109454e-08,3.352545928070862e-08
2018-05-11,6.335596689079894e-08,6.051308829012047e-08,6.049721576131961e-08
2018-05-14,6.968228218851459e-08,7.108798909530473e-08,7.113989512095575e-08
2018-05-15,2.8346151115460654e-07,2.539577522715774e-07,2.539095800537606e-07
2018-05-16,8.939535118945438e-08,8.635069116692376e-08,8.626694705628905e-08
2018-05-17,4.8016144514127576e-08,5.643406416735162e-08,5.6429514389539335e-08
2018-05-18,6.582611028956614e-08,6.161795071301696e-08,6.165042949773556e-08
2018-05-21,8.645178716216562e-08,8.784683252045329e-08,8.787299206435066e-08
2018-05-22,1.7249397826107506e-08,2.2935046556104435e-08,2.2873174163314723e-08
2018-05-23,7.578670828611001e-08,6.667740542774851e-08,6.662267632715257e-08
2018-05-24,5.805990037518117e-08,5.70154269936364e-08,5.6985462316365574e-08
2018-05-25,2.3073042960874964e-08,2.490322140622459e-08,2.4845134624530046e-08
2018-05-28,1.5358059297195055e-08,1.6411736603167192e-08,1.6357829966644745e-08
2018-05-29,1.522160642417644e-07,1.6319869399774952e-07,1.6323656805895541e-07
2018-05-30,1.694189286158047e-07,1.6271383714810398e-07,1.6246680191410275e-07
2018-05-31,9.499781009348144e-08,9.0256810170602e-08,9.041831863909113e-08
2018-06-01,3.743054799421589e-08,4.250142285686873e-08,4.244961165763589e-08
2018-06-04,1.638156939662346e-08,1.8735923092287424e-08,1.870919594362183e-08
2018-06-05,2.0078891093345874e-07,1.8023071545397696e-07,1.8025835201029304e-07
2018-06-06,5.213419474804612e-08,5.0601077681723707e-08,5.0754198188642346e-08
2018-06-07,5.651682754022914e-08,5.650454189949966e-08,5.653620884989613e-08
2018-06-08,4.1678041667904174e-08,3.9864576884817125e-08,3.9854286632147974e-08
2018-06-11,2.3420144069143273e-08,2.610489647689489e-08,2.607183598763757e-08
2018-06-12,7.978385413959682e-08,7.71789482615308e-08,7.723008998583425e-08
2018-06-13,9.742074122291759e-08,9.601465079952962e-08,9.60617302696823e-08
2018-06-14,3.106613194666205e-08,2.524186063717916e-08,2.527487896890799e-08
2018-06-15,4.256628246334083e-08,4.5072536081043563e-08,4.5042211797717324e-08
2018-06-18,4.015828813090331e-08,4.3686385771217204e-08,4.367285356838651e-08
2018-06-19,8.775962668618219e-08,7.571101425754026e-08,7.573499732496219e-08
2018-06-20,8.901225034725132e-08,8.818272067005468e-08,8.809516004079568e-08
2018-06-21,3.1092485740925994e-08,3.582467193309375e-08,3.586331147550916e-08
2018-06-22,1.708720473805163e-08,1.7685777252975706e-08,1.7683305941924793e-08
2018-06-25,5.2690142160146676e-08,5.1316013658628694e-08,5.13208029795072e-08
2018-06-26,3.3749324281420374e-08,3.397900721464539e-08,3.393450584967537e-08
2018-06-27,3.735393477527197e-08,3.5381113996484424e-08,3.5403343985755864e-08
2018-06-28,2.31172873609844e-08,2.29747250317305e-08,2.2977489796876124e-08
2018-06-29,3.108156138480503e-08,2.656016094620058e-08,2.6557644518004002e-08
2018-07-02,3.122911704121663e-08,3.249610701055469e-08,3.250376230974682e-08
2018-07-03,5.769775249867054e-08,5.798216497473661e-08,5.8000974897062574e-08
2018-07-04,2.745943669716987e-08,2.6918571760740655e-08,2.6945064245646782e-08
2018-07-05,1.8167968473401924e-08,1.5439342879880528e-08,1.5440484867949463e-08
2018-07-06,1.7618055624320113e-08,1.5955839341320157e-08,1.5951640225562466e-08
2018-07-09,4.142844924026666e-08,3.7529858540746436e-08,3.753588081464635e-08
2018-07-10,3.411627334212318e-08,3.2430520697276656e-08,3.244875830353122e-08
2018-07-11,1.142063480987461e-07,1.1379375205757436e-07,1.1382377929060761e-07
2018-07-12,1.733222587037879e-08,1.5950138023919792e-08,1.600206456826049e-08
2018-07-13,1.3661296333989776e-07,1.2885418613536622e-07,1.2883247645635497e-07
2018-07-16,3.769190113548531e-08,3.2696481053620966e-08,3.271928586487884e-08
2018-07-17,1.4697329801937067e-08,1.658103624313955e-08,1.6608452677120806e-08
2018-07-18,6.102751229443125e-08,6.428074649967459e-08,6.429835433868209e-08
2018-07-19,3.825300727939699e-08,3.315287866143158e-08,3.3174397621903065e-08
2018-07-20,5.537497958029476e-08,5.3039132879479377e-08,5.307997474526011e-08
2018-07-23,2.5244113296132294e-08,2.293669379106615e-08,2.29233653706023e-08
2018-07-24,1.167793188519716e-08,1.1594969889999406e-08,1.1586973909861872e-08
2018-07-25,2.1645035847602138e-08,2.0743400828039214e-08,2.0744317693790855e-08
2018-07-26,5.5641794513459584e-08,6.13463096548104e-08,6.136471332224396e-08
2018-07-27,5.011616222143787e-08,5.5152060292114495e-08,5.51572846837782e-08
2018-07-30,3.078022517321146e-08,3.2481677194507966e-08,3.247127489159701e-08
2018-07-31,4.5248950472782055e-08,4.656383299945497e-08,4.651504375291504e-08
2018-08-01,6.821112750532227e-08,6.857426319309298e-08,6.863193180941929e-08
2018-08-02,2.48367985675412e-08,2.2536877889173732e-08,2.2508060966041518e-08
2018-08-03,5.7781386263376494e-08,5.721263103282583e-08,5.7234795987560207e-08
2018-08-06,2.4232224519900313e-08,2.5440101381402754e-08,2.5463740287255003e-08
2018-08-07,1.4177499241417288e-08,1.3456408603218652e-08,1.3451697649824853e-08
2018-08-08,4.3874451666752294e-07,4.3420707165108933e-07,4.342844362326061e-07
2018-08-09,2.681453723640725e-08,2.8278987918876552e-08,2.8415698191290957e-08
2018-08-10,1.3559640051166851e-08,1.4839286870597869e-08,1.4882724117671885e-08
2018-08-13,1.714568069565706e-08,1.7528223584441333e-08,1.754517623302366e-08
2018-08-14,3.358391268147636e-08,3.242697046777878e-08,3.2424547270335706e-08
2018-08-15,3.417318381336866e-08,3.604425607156115e-08,3.6071367527132076e-08
2018-08-16,2.921680320651669e-08,2.8979016903437943e-08,2.900171123118243e-08
2018-08-17,4.158294805929451e-08,3.937655111238977e-08,3.9373088593411536e-08
2018-08-20,2.424571359645445e-08,2.3253280382089558e-08,2.3231937070458426e-08
2018-08-21,1.1860236531524013e-07,1.1904503088780678e-07,1.1909115283408866e-07
2018-08-22,2.012012562870366e-08,1.9605865733028897e-08,1.9617646355897695e-08
2018-08-23,7.087209109062368e-08,7.09231293511043e-08,7.093994006032372e-08
2018-08-24,4.575094753190673e-08,4.6707485927105614e-08,4.67448042427065e-08
2018-08-27,3.7547005147950216e-08,3.680685645347047e-08,3.680662981282637e-08
2018-08-28,2.9642720552161167e-08,2.9667254551072606e-08,2.966392619381592e-08
2018-08-29,1.8985007690076696e-08,1.7598858493988353e-08,1.759736333799985e-08
2018-08-30,3.100730709897049e-08,2.9457840212346624e-08,2.9431840182207908e-08
2018-08-31,1.0687949813854465e-07,1.0747303727940618e-07,1.0745521122407194e-07
2018-09-03,2.713519354309172e-08,2.3891326762273308e-08,2.389208828113479e-08
2018-09-04,5.151252560026857e-08,5.3335743354919996e-08,5.333199489247156e-08
2018-09-05,4.4992074926802726e-08,4.5964436746428906e-08,4.598989245209997e-08
2018-09-06,7.788342673204802e-08,7.288761553346608e-08,7.293437252606536e-08
2018-09-07,3.958876276729578e-08,3.650917362813311e-08,3.643788502287938e-08
2018-09-10,5.359876833594343e-08,5.272602206604403e-08,5.2772068620323937e-08
2018-09-11,8.459580729446556e-08,8.59161991281501e-08,8.593992827255877e-08
2018-09-12,1.8155680353003393e-07,1.805763398595162e-07,1.8072950473764714e-07
2018-09-13,2.810096986429491e-08,2.5857123901498887e-08,2.5855184104330657e-08
2018-09-14,1.9798702770418587e-08,2.2452573151363446e-08,2.2451463830008967e-08
2018-09-17,4.186996838724983e-08,4.1131173736785056e-08,4.1119135358888124e-08
2018-09-18,4.1011569103332966e-08,4.04448690784407e-08,4.0427286626180614e-08
2018-09-19,1.6670386375029522e-08,1.737526037642071e-08,1.731135540166569e-08
2018-09-20,6.14837747848929e-08,6.055470191475498e-08,6.05593729141887e-08
2018-09-21,6.157320942426543e-08,5.983255706309694e-08,5.984895216037049e-08
2018-09-24,2.1277086774007618e-07,2.0555455599732387e-07,2.0567116020900354e-07
2018-09-25,3.8840304858430987e-08,3.981796208652317e-08,3.9868399993354377e-08
2018-09-26,1.8379838667587947e-07,1.72406507666237e-07,1.7236266955692507e-07
2018-09-27,2.2748461284283482e-08,2.541169736791736e-08,2.548034173054931e-08
2018-09-28,1.746194633537588e-08,1.9934677576206533e-08,1.99556921540027e-08
2018-10-01,2.413377990476041e-08,2.3450245860187488e-08,2.3439668183608947e-08
2018-10-02,8.919304274972692e-08,8.612070743526332e-08,8.612306072560468e-08
2018-10-03,4.573628976634887e-08,4.188146904919105e-08,4.19343380313077e-08
2018-10-04,1.1472944540814443e-08,1.2858691699767268e-08,1.2847705823340376e-08
2018-10-05,4.813702097579216e-08,4.5485766560507694e-08,4.549441132531125e-08
2018-10-08,1.5196019842670667e-08,1.357146727658421e-08,1.357737999937575e-08
2018-10-09,3.3159931927527615e-08,2.8943556348422164e-08,2.8925668070391456e-08
2018-10-10,2.0617728277493515e-08,2.03830272744349e-08,2.041329817216657e-08
2018-10-11,2.8716263785182037e-08,2.7800732154394538e-08,2.7806394396125894e-08
2018-10-12,1.1326197400496312e-07,1.186947386330254e-07,1.1874063673170522e-07
2018-10-15,1.8331028244866127e-08,1.7983003865995934e-08,1.800615159254016e-08
2018-10-16,5.008295794441488e-08,4.417841078409974e-08,4.418586975798174e-08
2018-10-17,7.364539835345785e-08,6.925436270815543e-08,6.921318389080221e-08
2018-10-18,5.75572725761975e-08,5.8973134249224315e-08,5.904569254512763e-08
2018-10-19,2.801069973794298e-08,2.709156390701907e-08,2.7098337164429676e-08
2018-10-22,4.1862670742792986e-08,3.649230244242987e-08,3.649434773618074e-08
2018-10-23,2.178936007100282e-08,2.2049749946186113e-08,2.2039932085292236e-08
2018-10-24,1.7630813838985212e-08,1.8504487510151355e-08,1.8477317722136006e-08
2018-10-25,1.6583516206427855e-08,1.602635759375484e-08,1.6002271617769402e-08
2018-10-26,6.051648376980681e-08,6.604218847168236e-08,6.604055572140695e-08
2018-10-29,1.4643753942717597e-08,1.4132325053363704e-08,1.4152152041804443e-08
2018-10-30,3.2159818839698396e-08,3.1267288245231805e-08,3.1259730221715695e-08
2018-10-31,2.4570372794054872e-08,2.268422780270079e-08,2.267665949061867e-08
2018-11-01,7.392891930616996e-08,7.683296221556387e-08,7.682890885954164e-08
2018-11-02,2.606331678765008e-08,2.4892105964990695e-08,2.4880794047402343e-08
2018-11-05,1.2462438533904898e-08,1.0598321080476334e-08,1.0580163767650719e-08
2018-11-06,2.4295743502193975e-08,2.888708800086239e-08,2.8915456785134097e-08
2018-11-07,2.9070009530366296e-08,2.835924615786528e-08,2.8354990280128167e-08
2018-11-08,1.261845779567021e-08,1.179018356407074e-08,1.179962862207608e-08
2018-11-09,1.4687842207032403e-08,1.2433002323690562e-08,1.2440249552645737e-08
2018-11-12,2.695379179590879e-08,2.594806904730709e-08,2.5942541673445673e-08
2018-11-13,2.7058310167101114e-08,2.4995604351782958e-08,2.498765663849834e-08
2018-11-14,1.841942386819479e-08,1.6610347818886273e-08,1.660392138088212e-08
2018-11-15,1.492769244319309e-08,1.2725688118188687e-08,1.2722726553225739e-08
2018-11-16,2.018754971905805e-08,1.6958694613968204e-08,1.694851666095673e-08
2018-11-19,1.6768024161609035e-08,1.3353336309936906e-08,1.3342528488558738e-08
2018-11-20,1.661194195344415e-08,1.314292847350307e-08,1.3131845000806683e-08
2018-11-21,1.091129172415223e-08,6.915140911695479e-09,6.900063044736113e-09
2018-11-22,2.5309014882400358e-08,2.1965884813839343e-08,2.1954168019681783e-08
2018-11-23,1.657650043418935e-08,1.2483479786010917e-08,1.2471577348439301e-08
2018-11-26,2.079157581960707e-08,1.9756959432462253e-08,1.976033975525717e-08
2018-11-27,2.8842652542150972e-08,2.6236410206525908e-08,2.623814066162843e-08
2018-11-28,1.625020619049148e-08,1.1593372136764988e-08,1.155573661201796e-08
2018-11-29,1.042324915634017e-08,7.070396592300221e-09,7.066159109554876e-09
2018-11-30,1.222384023892136e-08,1.0172420067741498e-08,1.0164623447291055e-08
2018-12-03,1.2167086454123794e-08,1.0903057224265456e-08,1.0902686414187783e-08
2018-12-04,1.3788205782274016e-08,9.28977805421436e-09,9.293608379556459e-09
2018-12-05,3.212799766498023e-08,3.612177167253264e-08,3.61364044446775e-08
2018-12-06,2.6645729192133726e-08,2.9533006861218237e-08,2.9511048823397582e-08
2018-12-07,2.215938597499761e-08,1.8806475344021812e-08,1.8827816931313168e-08
2018-12-10,1.6194362953338284e-08,1.4717869273066415e-08,1.4723117941243981e-08
2018-12-11,4.245514917593375e-08,4.903093701305126e-08,4.9030963780049286e-08
2018-12-12,2.2216656241481717e-08,2.1482002140690436e-08,2.1445080916505604e-08
2018-12-13,9.474083719778882e-08,1.0094482575080103e-07,1.0092924969195447e-07
2018-12-14,5.861291559909883e-08,6.247444300567414e-08,6.240651587309588e-08
2018-12-17,1.5873282342151104e-08,1.3603481588001648e-08,1.3613115742770187e-08
2018-12-18,8.830585038310211e-09,6.773353068119776e-09,6.780139370076514e-09
2018-12-19,2.035337485615869e-08,1.7651665675019012e-08,1.7668291366647677e-08
2018-12-20,6.020851862819201e-08,6.241794101575397e-08,6.24457648820498e-08
2018-12-21,2.1021895350637204e-08,2.0202140883829087e-08,2.020256350354038e-08
2018-12-24,3.8131314711419995e-08,3.6186275616966665e-08,3.6190936629039247e-08
2018-12-25,1.1521076028658973e-08,8.89181121181352e-09,8.871525485464446e-09
2018-12-26,4.352427604150769e-08,4.29722942645966e-08,4.2981011542253466e-08
2018-12-27,3.451880664139745e-08,3.241827937521544e-08,3.24044067747969e-08
2018-12-28,3.4150834332577974e-07,3.5292915464079787e-07,3.528167823627563e-07
2018-12-31,1.8057325460323948e-08,1.7688456944553034e-08,1.7785994791519883e-08
2019-01-01,7.17103848182291e-08,6.966216706768108e-08,6.951185337895503e-08
2019-01-02,4.813432805448691e-08,4.775922841913817e-08,4.7818534624384305e-08
2019-01-03,3.019250815957236e-08,2.9972844258286435e-08,2.997177080057871e-08
2019-01-04,2.1209850953151208e-08,2.0630853216408607e-08,2.0636836077878895e-08
2019-01-07,4.555832032756026e-08,4.413302647967845e-08,4.4120726575222557e-08
2019-01-08,2.327691552598095e-08,2.244610321433662e-08,2.2471372661215468e-08
2019-01-09,5.5252957807057665e-08,5.4127454524801416e-08,5.415444463737485e-08
2019-01-10,3.814696546718784e-08,3.7440901011033745e-08,3.7390021651318305e-08
2019-01-11,2.630587211763857e-07,2.6706868412527084e-07,2.671290131393081e-07
2019-01-14,1.596937498971532e-08,1.7158519740811314e-08,1.725051906963485e-08
2019-01-15,7.911142357336003e-07,7.83450395367537e-07,7.831997799480945e-07
2019-01-16,1.1404270904865394e-07,1.1602429556269447e-07,1.1616191336830608e-07
2019-01-17,4.2124160536674045e-08,4.0706741041590994e-08,4.064159643976233e-08
2019-01-18,7.625650847648914e-08,7.86605107307059e-08,7.868687407213263e-08
2019-01-21,1.9459056833889602e-07,1.816452420833398e-07,1.8158499315820566e-07
2019-01-22,8.755940557579988e-08,7.901512264344358e-08,7.895925521651444e-08
2019-01-23,2.713747592856086e-07,2.415983111961251e-07,2.4118641286602275e-07
2019-01-24,1.3490473472934602e-07,1.3225781787282461e-07,1.324498222494236e-07
2019-01-25,8.626160829053982e-08,9.687669907629913e-08,9.694238962798179e-08
2019-01-28,7.910467917534937e-08,8.221009177082557e-08,8.227860331131548e-08
2019-01-29,3.635085531257959e-08,3.788345948495097e-08,3.7898052550348636e-08
2019-01-30,6.99721002965543e-08,6.432588428200737e-08,6.435004212012012e-08
2019-01-31,3.933579574554598e-08,4.109894679531701e-08,4.109115191922536e-08
2019-02-01,1.0185327848980308e-07,9.029223363658904e-08,9.022149059959407e-08
2019-02-04,1.4177991557012258e-07,1.3639359826453545e-07,1.3644678451979541e-07
2019-02-05,8.127052285983617e-08,8.325679552191575e-08,8.325169110822695e-08
2019-02-06,4.5696202878911905e-08,4.8624327397859535e-08,4.866414081927835e-08
2019-02-07,6.036197051812408e-08,5.869922937087734e-08,5.8689816555529476e-08
2019-02-08,7.259476988506596e-08,7.611298852862824e-08,7.613371074485518e-08
2019-02-11,2.1355063422548452e-08,2.594184653300936e-08,2.591423679183456e-08
2019-02-12,5.805383591158396e-08,6.09389047521239e-08,6.08937109163684e-08
2019-02-13,2.0355796846409592e-08,2.084845721105454e-08,2.0813054966524835e-08
2019-02-14,5.224927181921279e-08,5.1501040602107394e-08,5.150631814670582e-08
2019-02-15,7.004215551839671e-07,6.877458252873609e-07,6.876944363461143e-07
2019-02-18,1.3982794230514674e-07,1.331734931935908e-07,1.3309904576481723e-07
2019-02-19,1.8310559602682975e-06,1.7245276297353147e-06,1.7237050417105961e-06
2019-02-20,1.2178903992645794e-07,1.380907798733823e-07,1.3865199723030496e-07
2019-02-21,3.39434147586955e-07,2.6435615496143665e-07,2.6427734749990857e-07
2019-02-22,3.191822224341229e-07,3.4203781058177675e-07,3.420879342102126e-07
2019-02-25,3.746631879062315e-08,6.706104698715667e-08,6.69793327933424e-08
2019-02-26,2.45201189397346e-07,2.1215128327747317e-07,2.123439114136288e-07
2019-02-27,3.3738724511906053e-07,2.903460443255178e-07,2.902450300170501e-07
2019-02-28,3.93734429602235e-08,6.227868966583624e-08,6.230821419120493e-08
2019-03-01,1.3726144506885617e-06,1.2098118136540719e-06,1.2094031819220458e-06
2019-03-04,1.3052697290148093e-07,1.6051109296776933e-07,1.609779906551307e-07
2019-03-05,4.975654768687152e-08,6.803593365963672e-08,6.809538762737252e-08
2019-03-06,5.567856100484991e-08,8.31350208776622e-08,8.320542006410225e-08
2019-03-07,7.213289703546228e-08,9.192006564637434e-08,9.188267343342167e-08
2019-03-08,1.939955129137701e-07,1.5485765761227781e-07,1.5505292653708536e-07
2019-03-11,4.9493426393154474e-08,6.9698960883318e-08,6.979837534128316e-08
2019-03-12,3.738192194212823e-08,5.4302402187010046e-08,5.4251502230337205e-08
2019-03-13,1.3128300648525262e-07,1.2460970957089915e-07,1.2462893148915108e-07
2019-03-14,5.1995245615499124e-08,4.3756869889107225e-08,4.3704438140060365e-08
2019-03-15,1.1657503005302833e-07,1.1301282203393005e-07,1.130679454048251e-07
2019-03-18,3.01929648755098e-08,4.268921350748885e-08,4.2680060443508974e-08
2019-03-19,8.938293482367795e-08,9.373761227531143e-08,9.370980135072917e-08
2019-03-20,3.207277504609354e-08,3.800626126996879e-08,3.793954833717261e-08
2019-03-21,1.3732758013575107e-07,1.2928926361573174e-07,1.2929269827764362e-07
2019-03-22,6.781925175022149e-08,6.266684363457052e-08,6.275504501906205e-08
2019-03-25,1.0481923564101804e-07,1.0329231056647543e-07,1.0324818187606628e-07
2019-03-26,3.3317706661008187e-08,4.00552382668169e-08,4.00602085375194e-08
2019-03-27,3.1044708728344883e-07,2.851698657984191e-07,2.853746196047374e-07
2019-03-28,3.170317096305374e-08,3.828543269076172e-08,3.8366719276921926e-08
2019-03-29,1.6680667049946204e-07,1.5976234427798062e-07,1.5970375904254547e-07
2019-04-01,3.600704982273873e-08,4.22217277743654e-08,4.2270984852792344e-08
2019-04-02,6.307669444586243e-08,6.697883906499213e-08,6.694856838642589e-08
2019-04-03,4.904389784527041e-08,5.371502892249779e-08,5.3697001524414044e-08
2019-04-04,6.316122423798134e-08,6.610977419555994e-08,6.60571038753634e-08
2019-04-05,3.08317575483067e-07,2.917258958354791e-07,2.917519546195181e-07
2019-04-08,2.8343411241883963e-08,3.6485898004514686e-08,3.660813136495186e-08
2019-04-09,4.580229450081885e-08,5.138801594342233e-08,5.141349076942851e-08
2019-04-10,6.255003846573497e-08,6.705572957737556e-08,6.70478531427229e-08
2019-04-11,4.65920251147219e-07,4.4323477445243485e-07,4.434356868273901e-07
2019-04-12,9.194254785071703e-08,8.888945179778795e-08,8.904408008592745e-08
2019-04-15,6.059784167076758e-08,6.136135019141807e-08,6.139884334512853e-08
2019-04-16,3.6861159728515716e-08,4.314929700268956e-08,4.3175480422061564e-08
2019-04-17,2.5641517446107673e-08,3.1852495494888246e-08,3.183826262132257e-08
2019-04-18,4.835463974164771e-08,5.190065092271049e-08,5.186761833888727e-08
2019-04-19,5.59077715097027e-07,5.386139961610593e-07,5.386957351975927e-07
2019-04-22,2.156976490702428e-08,2.8900662625038155e-08,2.9026874926260692e-08
2019-04-23,8.064906687716176e-08,7.247321794541275e-08,7.243723779390965e-08
2019-04-24,5.130940327398908e-08,5.6517980933411406e-08,5.6568999260526183e-08
2019-04-25,3.2650914735335457e-07,3.048392479467013e-07,3.0482689137495275e-07
2019-04-26,1.6236619320014075e-07,1.680536219643203e-07,1.6823768413158106e-07
2019-04-29,1.8641400366626816e-08,2.1538662283203676e-08,2.1576271041809802e-08
2019-04-30,4.578096170051266e-08,5.296278093307051e-08,5.296549581255505e-08
2019-05-01,4.93615671268195e-08,5.388756457703007e-08,5.3876622803624724e-08
2019-05-02,8.756731551355687e-08,8.948432253943813e-08,8.947732909090169e-08
2019-05-03,2.1131868024558262e-08,2.490269060140712e-08,2.4922273380626703e-08
2019-05-06,3.6495136641938176e-07,3.514062355631008e-07,3.514040446098885e-07
2019-05-07,5.618344021004084e-08,6.049079297491496e-08,6.052848639738993e-08
2019-05-08,6.579272275215175e-08,6.921488263352576e-08,6.917441735918637e-08
2019-05-09,5.25662002496578e-08,5.483330959683247e-08,5.483299303178748e-08
2019-05-10,4.2392436836441965e-08,4.1083566330184136e-08,4.109796361483822e-08
2019-05-13,6.783112481965856e-08,6.920478036677543e-08,6.921669869002113e-08
2019-05-14,4.195489504692973e-08,4.632263762051179e-08,4.632955749457607e-08
2019-05-15,2.8500891978267557e-08,3.0942207155277084e-08,3.0918327229551356e-08
2019-05-16,2.738060330741747e-08,2.7770803399388106e-08,2.7753933609019002e-08
2019-05-17,3.283000900606501e-08,3.342373029856558e-08,3.3419018616500644e-08
2019-05-20,3.4369887116638505e-08,3.429903897251041e-08,3.427522956687768e-08
2019-05-21,1.0367953447287006e-07,9.994317378183934e-08,9.998740739642705e-08
2019-05-22,2.1867967555858887e-08,2.151188416084208e-08,2.1531894809037805e-08
2019-05-23,5.994765457247623e-08,6.228394406460472e-08,6.228904847931017e-08
2019-05-24,2.2832262780564455e-08,2.412181815783489e-08,2.4160438386650853e-08
2019-05-27,1.676006853311237e-08,1.625444518256234e-08,1.625493360223238e-08
2019-05-28,3.0146863699235615e-08,2.9786731617774786e-08,2.97764603270311e-08
2019-05-29,1.9021635784333626e-08,1.8621091003920893e-08,1.860292704848353e-08
2019-05-30,2.141320038764569e-08,2.036387241737582e-08,2.037218882274846e-08
2019-05-31,5.264822340357533e-08,5.4842336893965696e-08,5.482802406330716e-08
2019-06-03,4.951973565050731e-08,4.789039574892121e-08,4.786302556943848e-08
2019-06-04,2.8011933764473025e-08,2.7662157157717813e-08,2.7675366186934916e-08
2019-06-05,6.709071480616981e-08,6.53668825030741e-08,6.538667143280887e-08
2019-06-06,4.37415780505535e-08,4.2623006284312795e-08,4.2639430484416e-08
2019-06-07,2.2060177017088444e-08,2.1738015349166285e-08,2.1746107708578116e-08
2019-06-10,1.0483737671344709e-08,9.405770990142072e-09,9.403690246352311e-09
2019-06-11,2.199693511300516e-08,1.9874655365667234e-08,1.9866401884808734e-08
2019-06-12,1.1953430509986501e-08,1.0298618331702724e-08,1.0284064587012158e-08
2019-06-13,1.9907287443947427e-08,1.7516714504429897e-08,1.7507652971222918e-08
2019-06-14,2.969837999081949e-08,2.6690218032277596e-08,2.668656627708974e-08
2019-06-17,2.378282917165217e-08,1.964213693892041e-08,1.964920758694421e-08
2019-06-18,1.29219730943047e-08,9.958632681890845e-09,9.953372828405752e-09
2019-06-19,2.0630405088631835e-07,2.2028538704248793e-07,2.2032697061738477e-07
2019-06-20,3.138909903999101e-08,3.0315319637467185e-08,3.03989575632154e-08
2019-06-21,1.0299345637526801e-07,1.0031814443223734e-07,1.0026742682294971e-07
2019-06-24,1.498477097332266e-08,1.3541919425639478e-08,1.3570065035590841e-08
2019-06-25,1.4645733887901827e-08,1.398630583042784e-08,1.3987613348999347e-08
2019-06-26,6.281659442366704e-08,6.162059719936714e-08,6.162429133395221e-08
2019-06-27,2.694548707134891e-08,2.620611166092896e-08,2.6200956489353168e-08
2019-06-28,2.7560140762400285e-08,2.6083998907357922e-08,2.606823550627588e-08
2019-07-01,3.337624002808027e-08,3.0531223248733e-08,3.05187767551293e-08
2019-07-02,2.1131244198165688e-08,2.055832927958068e-08,2.0536714823598532e-08
2019-07-03,3.954598424544956e-08,4.0754103626858815e-08,4.075794388762383e-08
2019-07-04,1.660246674956338e-08,1.3798198163049939e-08,1.3804926629119797e-08
2019-07-05,1.911434590566719e-08,2.070480691551993e-08,2.069296505530782e-08
2019-07-08,1.3518295141513097e-08,1.0969943757040957e-08,1.0975231699410515e-08
2019-07-09,3.424972551608137e-08,3.1024026269527335e-08,3.102165195646279e-08
2019-07-10,3.932663184264606e-08,3.839924831082936e-08,3.8404608260988506e-08
2019-07-11,2.3149035095634737e-08,1.9462106201491685e-08,1.945331296504176e-08
2019-07-12,3.012589789574933e-08,2.9621618702329706e-08,2.9640247389707477e-08
2019-07-15,1.0774889325861976e-08,7.777099552069532e-09,7.771474303443184e-09
2019-07-16,6.832938411421933e-08,7.289620343525168e-08,7.289579452256346e-08
2019-07-17,3.0964418902264855e-08,2.937859153324144e-08,2.939833733319182e-08
2019-07-18,3.905809048259983e-08,4.095375242879867e-08,4.0949373628254e-08
2019-07-19,5.6313823700960385e-08,5.511329008250837e-08,5.512205934512157e-08
2019-07-22,2.510828915113833e-08,2.3938918207988964e-08,2.3948711774660314e-08
2019-07-23,3.292178171196826e-08,2.9937752808530655e-08,2.9938518182545466e-08
2019-07-24,6.256864718079697e-08,6.936339528972144e-08,6.934024192261211e-08
2019-07-25,5.2654100506823774e-08,5.3758079475256217e-08,5.378244999574793e-08
2019-07-26,5.5303327730775595e-08,5.266533068524494e-08,5.268144060000109e-08
2019-07-29,6.052959802363158e-08,5.636321066521491e-08,5.639019758366987e-08
2019-07-30,2.1354844962113492e-08,2.058873858680568e-08,2.059099985879878e-08
2019-07-31,6.240961099289361e-08,5.764318397335843e-08,5.7627285444824155e-08
2019-08-01,2.098361772134003e-08,2.00206270457185e-08,2.0027051827061284e-08
2019-08-02,2.9661857812419292e-08,3.075179490533951e-08,3.0752756572844735e-08
2019-08-05,1.176826577368175e-08,1.029688154672502e-08,1.0295554693130426e-08
2019-08-06,1.8143186274281754e-08,1.5866531048675935e-08,1.5864435962753767e-08
2019-08-07,1.0840345630977835e-08,8.688336179139131e-09,8.686378143428892e-09
2019-08-08,6.249327221806195e-08,6.527672288072192e-08,6.527852584091914e-08
2019-08-09,4.469473771767009e-08,4.2368065828904513e-08,4.237493870136899e-08
2019-08-12,3.4117843197070713e-07,3.4318479769206823e-07,3.432112502863918e-07
2019-08-13,3.027055815398062e-08,2.8602502215098916e-08,2.860860744663774e-08
2019-08-14,4.4425272747106985e-08,4.470938901670961e-08,4.4709809502198e-08
2019-08-15,1.0968329973491708e-07,1.0211320645142829e-07,1.0209804678253794e-07
2019-08-16,4.7916583477719436e-08,4.7751136482392475e-08,4.775892296652271e-08
2019-08-19,3.240905824602342e-08,3.3198351761511875e-08,3.320236387661196e-08
2019-08-20,4.61875145185734e-08,4.66372173946223e-08,4.663691503992087e-08
2019-08-21,2.3114886644562154e-08,2.2896518063790778e-08,2.289636089099839e-08
2019-08-22,2.2754709281003264e-08,2.3005320008827863e-08,2.3004887732119793e-08
2019-08-23,3.341739399746659e-08,3.317208382516277e-08,3.3162746546263356e-08
2019-08-26,2.258148309700746e-08,2.0752055265721277e-08,2.074202038119643e-08
2019-08-27,1.564671108880678e-08,1.750518900537241e-08,1.750349488355476e-08
2019-08-28,3.357390538876323e-08,2.994853335121109e-08,2.994690445506187e-08
2019-08-29,1.4300961040356487e-08,1.2725961721601663e-08,1.2724588951877374e-08
2019-08-30,2.1025831393152802e-08,2.0002276683313666e-08,2.0002113134740266e-08
2019-09-02,6.654572554827401e-08,6.484199342631624e-08,6.484092721009317e-08
2019-09-03,4.1042023018923366e-08,3.9430898546486306e-08,3.942909878372393e-08
2019-09-04,3.023379675492732e-08,2.5334835060362743e-08,2.533176350517531e-08
2019-09-05,1.7482785498639144e-08,1.557328702001935e-08,1.557129373970717e-08
2019-09-06,4.6613461727647194e-08,4.384430207650991e-08,4.3850764991348096e-08
2019-09-09,3.9345969488497043e-08,4.2445282616995095e-08,4.2452700657601334e-08
2019-09-10,3.574719260905136e-08,3.58607747695991e-08,3.587239917509002e-08
2019-09-11,2.8733943291640607e-08,2.66669644593651e-08,2.6655677450667916e-08
2019-09-12,2.023326928055363e-08,1.820972014698018e-08,1.8199308127996242e-08
2019-09-13,2.044108768992456e-08,1.819077724741349e-08,1.8181373259272456e-08
2019-09-16,4.277122070082295e-08,3.994681387381887e-08,3.993724719141348e-08
2019-09-17,1.1208274141408228e-08,9.179902000296912e-09,9.165010025272973e-09
2019-09-18,2.498453824261947e-08,2.131207072932436e-08,2.1299003245627278e-08
2019-09-19,1.957989847452362e-08,1.6743859075487188e-08,1.67411632710603e-08
2019-09-20,1.3324790579082329e-08,9.643938812575196e-09,9.640021037519881e-09
2019-09-23,1.007771814620835e-08,8.46177986226562e-09,8.461102534299411e-09
2019-09-24,4.884373494678969e-08,4.385800949729279e-08,4.385942108213594e-08
2019-09-25,1.3206587502171233e-08,9.686948269495079e-09,9.687084917470883e-09
2019-09-26,3.300460536983013e-08,2.9136357452545254e-08,2.9134820295002995e-08
2019-09-27,1.7850444876912094e-08,1.8791842002277013e-08,1.879856524803074e-08
2019-09-30,3.121378828453126e-08,2.796699596052767e-08,2.7960116361007915e-08
2019-10-01,2.159369559968846e-07,2.2711310370508505e-07,2.2710112189100984e-07
2019-10-02,2.331108410875036e-08,2.149556880896661e-08,2.148889502996083e-08
2019-10-03,1.683023712711859e-08,1.6724091960320977e-08,1.6719898835284217e-08
2019-10-04,3.433006457438094e-08,3.4399149003755526e-08,3.439525962204061e-08
2019-10-07,1.0745567605580709e-07,1.1609399727474175e-07,1.1609807758409808e-07
2019-10-08,1.9959481068446815e-08,1.9853935624038457e-08,1.988609521409888e-08
2019-10-09,2.0298038754849365e-08,1.965545833076651e-08,1.9648252240513433e-08
2019-10-10,1.867644356343322e-08,1.7944726504943883e-08,1.7936867978120356e-08
2019-10-11,4.651043951240179e-08,4.8734436820121736e-08,4.873095295274198e-08
2019-10-14,1.2874064454164217e-08,1.1438092651950411e-08,1.1440728560034404e-08
2019-10-15,5.882088990548779e-08,5.889445729212058e-08,5.889599412615954e-08
2019-10-16,2.998169090632269e-08,2.8183407805158837e-08,2.8177900431921483e-08
2019-10-17,2.1413735768898533e-08,2.0076702261134023e-08,2.007020441896829e-08
2019-10-18,2.901160428749467e-08,2.910794544772966e-08,2.9119330269774094e-08
2019-10-21,7.344975275568772e-08,7.446900207921154e-08,7.44736161599215e-08
2019-10-22,2.187307060636442e-08,2.1413703277802306e-08,2.140662739308515e-08
2019-10-23,9.402687502956914e-09,8.074055705848077e-09,8.067881853651332e-09
2019-10-24,1.010717751480622e-08,8.626454505888328e-09,8.622498585113663e-09
2019-10-25,1.3251237541092497e-08,1.040411593456337e-08,1.0401043221007918e-08
2019-10-28,2.5234743087585928e-08,2.493574034100892e-08,2.493253714727388e-08
2019-10-29,6.95878995019822e-08,7.081170989393716e-08,7.083907285700591e-08
2019-10-30,1.2286227289616595e-08,1.0517780738159665e-08,1.0536837596750275e-08
2019-10-31,2.422190047986803e-08,2.280300509908971e-08,2.2803735660051683e-08
2019-11-01,1.2152980049675068e-08,9.867604585789627e-09,9.860154756899394e-09
2019-11-04,5.990644518542611e-08,6.058216849471612e-08,6.059141074833611e-08
2019-11-05,2.8633596548087042e-08,2.9300802469457097e-08,2.931014042139092e-08
2019-11-06,1.398120049231958e-08,1.2499995134564873e-08,1.2483390535108925e-08
2019-11-07,7.008326405800975e-08,6.939537722562681e-08,6.937409291156083e-08
2019-11-08,1.6436733728111005e-08,1.59772531310594e-08,1.59801150565679e-08
2019-11-11,1.8863468307843244e-08,1.9187982748218187e-08,1.9200598849039716e-08
2019-11-12,2.8616408443705058e-08,2.9677305181722253e-08,2.966449717085769e-08
2019-11-13,1.812230615130323e-08,1.9854786823398276e-08,1.985655459921508e-08
2019-11-14,1.6486989174015002e-08,1.6113513628258817e-08,1.611641980046465e-08
2019-11-15,2.1530004067855107e-08,1.944048660501647e-08,1.94401164931432e-08
2019-11-18,7.680662173476397e-08,8.055840309542221e-08,8.059813325311359e-08
2019-11-19,8.908727526376869e-09,7.926232579327685e-09,7.949485590703957e-09
2019-11-20,1.8405917917870167e-08,1.6028244283164727e-08,1.6032274999584927e-08
2019-11-21,3.3052071002624416e-08,3.147543592573345e-08,3.147862600958646e-08
2019-11-22,6.546811570582323e-08,6.548617135505242e-08,6.547549996268354e-08
2019-11-25,2.1595392187614276e-08,2.0731620710570786e-08,2.0727986849746137e-08
2019-11-26,1.9708696198463324e-08,1.8700575525904715e-08,1.8685343455853295e-08
2019-11-27,1.5652491318910612e-08,1.3496494340428306e-08,1.349356836468098e-08
2019-11-28,2.0336354442367074e-08,1.8648741711103503e-08,1.8650767805852708e-08
2019-11-29,3.940577760085434e-08,3.7322139621132155e-08,3.731991111164601e-08
2019-12-02,3.064833755717044e-08,2.8749608657896737e-08,2.87414284219579e-08
2019-12-03,6.220494647283212e-08,6.510679750650868e-08,6.512595205193016e-08
2019-12-04,2.768712842768368e-08,2.5702695832183388e-08,2.5713921940954547e-08
2019-12-05,3.436393605812887e-08,3.242008256275461e-08,3.240933937107857e-08
2019-12-06,1.4602190487049524e-07,1.507531128818705e-07,1.5081567434646792e-07
2019-12-09,2.2543999625277504e-07,2.288968954557837e-07,2.287571690473839e-07
2019-12-10,2.256697949290312e-08,2.306457467172059e-08,2.3090015707042907e-08
2019-12-11,3.196121557303494e-08,3.2362803614651255e-08,3.2374631639085355e-08
2019-12-12,1.1617382639221474e-08,1.1304334841540814e-08,1.1298422503397157e-08
2019-12-13,1.5428100599576315e-08,1.4828775070598748e-08,1.4824657629010766e-08
2019-12-16,7.816085877080113e-08,7.843657938189374e-08,7.845191004858447e-08
2019-12-17,3.513182299767141e-08,3.465493622668371e-08,3.464755517145315e-08
2019-12-18,6.681125820035811e-08,6.934725517735744e-08,6.937421573414673e-08
2019-12-19,2.293203770336126e-08,2.2155389355362105e-08,2.2139845253348288e-08
2019-12-20,4.878789835268015e-08,4.713200121804253e-08,4.714526688597364e-08
2019-12-23,2.046262874090431e-08,2.045850029349582e-08,2.0451562233535516e-08
2019-12-24,2.1601688601210857e-08,2.0314480071538828e-08,2.0303104379240175e-08
2019-12-25,3.926178261690428e-08,3.73427160323728e-08,3.7349048576975856e-08
2019-12-26,3.112832919966396e-08,2.9737927890188582e-08,2.974977318709981e-08
2019-12-27,1.1207223457194844e-07,1.0604112379866453e-07,1.0604710518663762e-07
2019-12-30,2.2118673766818662e-08,2.1732142754280842e-08,2.175998668468271e-08
2019-12-31,1.6705259097730343e-08,1.5561093694575655e-08,1.5557037204079423e-08
2020-01-01,2.0033344973467576e-07,2.0313236075544484e-07,2.031435994928194e-07
2020-01-02,2.4818892747463457e-07,2.3318359917781184e-07,2.33194289322135e-07
2020-01-03,3.6426504703049813e-08,3.5346782850853994e-08,3.5325797004101485e-08
2020-01-06,5.999217930835078e-08,5.605450121752562e-08,5.6057132789653155e-08
2020-01-07,2.29233056972271e-08,2.5604897200838444e-08,2.561607739654059e-08
2020-01-08,1.274272655178436e-08,1.5278073641141108e-08,1.5274168511922092e-08
2020-01-09,1.6580770152346662e-07,1.5656399263546076e-07,1.56574557580883e-07
2020-01-10,4.295667845771522e-08,4.352546817741595e-08,4.357427405911414e-08
2020-01-13,6.436420448509321e-08,6.568734809720536e-08,6.568024770818247e-08
2020-01-14,1.326190444011468e-07,1.2602850244247732e-07,1.2605749736192818e-07
2020-01-15,3.343443465252097e-08,3.173808575520258e-08,3.170045617444123e-08
2020-01-16,2.044296915748793e-08,2.2500900850246834e-08,2.250583921568018e-08
2020-01-17,5.015754821138784e-07,4.923152969891259e-07,4.923546679203888e-07
2020-01-20,2.5264887069672706e-07,2.469567960432228e-07,2.4694674589756685e-07
2020-01-21,2.367452871358534e-08,3.142078236919233e-08,3.1431572705941686e-08
2020-01-22,6.17100927034376e-08,5.887224883680849e-08,5.88764238987804e-08
2020-01-23,1.0602897567738034e-07,1.0477619093950118e-07,1.0480216912915122e-07
2020-01-24,3.89630889355452e-08,3.85218155913189e-08,3.851179181554383e-08
2020-01-27,5.437626921800287e-08,5.932195408449877e-08,5.932459476069402e-08
2020-01-28,1.2765615770946228e-07,1.1655411426129962e-07,1.1659444692767241e-07
2020-01-29,9.329449461181218e-08,9.624308844175872e-08,9.627595714858904e-08
2020-01-30,1.2559718471710346e-07,1.3003813841869692e-07,1.3003857742160262e-07
2020-01-31,1.659407251150119e-07,1.631858107335482e-07,1.6312799139091965e-07
2020-02-03,7.006443804858938e-08,5.83471518650484e-08,5.8325946689898765e-08
2020-02-04,5.2699079324000885e-08,5.878588441028362e-08,5.8810009937190024e-08
2020-02-05,1.3660821934274801e-08,2.0148314526262123e-08,2.0134733035195608e-08
2020-02-06,1.0135236931375353e-07,9.289734968065532e-08,9.290673529783316e-08
2020-02-07,6.079597312143218e-08,6.365857977458423e-08,6.368331503248393e-08
2020-02-10,5.3714725230825746e-08,5.623222516275818e-08,5.623055903013934e-08
2020-02-11,2.16211268825456e-08,2.419098940528432e-08,2.416432680595183e-08
2020-02-12,2.0342454139507412e-08,2.291711902672482e-08,2.290431728965743e-08
2020-02-13,2.072494189110388e-08,2.3266046613420482e-08,2.3260447501417807e-08
2020-02-14,1.908063898445098e-08,1.9966260867497602e-08,1.9955974641575463e-08
2020-02-17,7.397384788867058e-08,7.464848685819998e-08,7.463869607361884e-08
2020-02-18,1.9290869232362292e-08,2.0195237454998716e-08,2.0177469209958808e-08
2020-02-19,1.1995388570751659e-08,1.1457062081298518e-08,1.1452833154066315e-08
2020-02-20,1.739423066486853e-08,1.9765293965524703e-08,1.9767165781320413e-08
2020-02-21,4.7467956263509996e-08,4.6808606782789475e-08,4.6812360731936064e-08
2020-02-24,7.747361484926662e-08,7.410127460821803e-08,7.410748292180177e-08
2020-02-25,8.05257758307447e-07,7.967741114845374e-07,7.968787542862754e-07
2020-02-26,3.874923207902318e-08,4.263083383864702e-08,4.273520929401598e-08
2020-02-27,2.863354886328418e-08,3.218273543463081e-08,3.217565216346547e-08
2020-02-28,3.848379667691999e-08,4.25599426597809e-08,4.2547321898281706e-08
2020-03-02,3.896986334873241e-08,3.6601715779922796e-08,3.6600046055603496e-08
2020-03-03,3.2672329738301874e-08,3.249260452184814e-08,3.2498847952676014e-08
2020-03-04,1.5226042309676884e-08,1.7566789628804e-08,1.7562762701742223e-08
2020-03-05,1.0151201220045504e-07,9.161254573692717e-08,9.160937029946026e-08
2020-03-06,9.004362257089237e-08,9.321167148995829e-08,9.321710271306002e-08
2020-03-09,2.1220459214248555e-08,2.057548892468481e-08,2.0587998479606974e-08
2020-03-10,1.4345006819690412e-08,1.6099776051192977e-08,1.6100787397886393e-08
2020-03-11,2.66415487507085e-08,2.749517891088186e-08,2.7494152471461884e-08
2020-03-12,8.679026002234572e-09,9.474114569530534e-09,9.472489749796036e-09
2020-03-13,3.383434196270658e-08,3.3521265988492487e-08,3.3526179317920224e-08
2020-03-16,3.586300862280368e-08,3.27394022997512e-08,3.273964383179518e-08
2020-03-17,7.718796231954303e-08,7.497493223548686e-08,7.497734312555147e-08
2020-03-18,1.5900260226385176e-08,1.6483175821558655e-08,1.6487549383683482e-08
2020-03-19,1.195483097990708e-08,1.217708342948827e-08,1.2175024737450309e-08
2020-03-20,1.1368629475746211e-07,1.164565927021013e-07,1.1646346767708027e-07
2020-03-23,6.210198147581429e-08,6.42960599280942e-08,6.43098391572903e-08
2020-03-24,1.0350705986118e-07,1.051219745777455e-07,1.051386090005446e-07
2020-03-25,2.8346946295560826e-08,2.861765836817764e-08,2.861243970803859e-08
2020-03-26,2.469802298228927e-07,2.411517827800823e-07,2.411436448006447e-07
2020-03-27,1.90262920338588e-08,2.0320712990473803e-08,2.0321746169219316e-08
2020-03-30,8.421810600532332e-08,7.755398187691298e-08,7.755162768509296e-08
2020-03-31,1.2782599493906982e-08,1.5330749130917422e-08,1.534679656404752e-08
2020-04-01,1.7830250415813475e-08,2.0431150497565418e-08,2.0430581425159206e-08
2020-04-02,3.889413307746938e-08,4.007033886586724e-08,4.0064047011998763e-08
2020-04-03,2.8957569597304247e-08,3.0389979734386836e-08,3.0381133016530356e-08
2020-04-06,1.5494158557664318e-08,1.481508377713589e-08,1.4810895584837868e-08
2020-04-07,4.1560462542896885e-08,4.0993233756391634e-08,4.099220292117553e-08
2020-04-08,1.4586756638202367e-07,1.4581342676880114e-07,1.4581692516392685e-07
2020-04-09,3.0527897442918694e-08,2.9545363917834457e-08,2.9543452131581692e-08
2020-04-10,1.792301616896633e-08,1.8695766251133092e-08,1.8692963334647635e-08
2020-04-13,1.4690624973462432e-08,1.5419638542358927e-08,1.542192991965331e-08
2020-04-14,9.267935172949886e-08,8.803771995047413e-08,8.804153381672452e-08
2020-04-15,9.299958873081489e-08,9.049984733848732e-08,9.047867742961202e-08
2020-04-16,1.745924714121702e-08,2.012118618083511e-08,2.013942074642237e-08
2020-04-17,2.614630039574071e-08,2.834691010506842e-08,2.8341994344420416e-08
2020-04-20,9.854745069234371e-08,9.252515702096951e-08,9.253219477203805e-08
2020-04-21,1.8527228454706633e-08,2.0822854269569407e-08,2.081846554539702e-08
2020-04-22,9.301246080367708e-08,9.220651370880452e-08,9.222022655731017e-08
2020-04-23,1.6840287579830514e-08,1.7433287674178133e-08,1.7447862230551864e-08
2020-04-24,1.5767472006846605e-07,1.4841142358654762e-07,1.4839725883258223e-07
2020-04-27,5.509928380034621e-08,4.9458727057332744e-08,4.9453072508982445e-08
2020-04-28,1.2326967654659014e-08,1.49460255632637e-08,1.4952837303827478e-08
2020-04-29,4.6927891165919894e-08,4.7677781322497476e-08,4.768107122050956e-08
2020-04-30,2.2058021396415616e-08,2.4610990509385198e-08,2.4605652044806144e-08
2020-05-01,3.424165016544581e-08,3.7091595334483106e-08,3.7092310571971794e-08
2020-05-04,1.313859179132338e-08,1.4142521479031128e-08,1.4130842579643982e-08
2020-05-05,7.45521104742659e-08,7.04214320692085e-08,7.042056841874036e-08
2020-05-06,2.1322298695519518e-08,2.2310919118385048e-08,2.2301692796611516e-08
2020-05-07,6.971236259098824e-08,6.890109533035495e-08,6.889416788194279e-08
2020-05-08,1.641181416607054e-08,1.6777145520451148e-08,1.6762086718162545e-08
2020-05-11,4.837506014984593e-08,4.5052385714151384e-08,4.505111825169383e-08
2020-05-12,3.8518422931502325e-08,3.79741274377619e-08,3.7972033260988035e-08
2020-05-13,1.7654049555461396e-08,1.714283258075895e-08,1.7134271659809526e-08
2020-05-14,4.1637861945970324e-08,4.187970941787428e-08,4.186900565481245e-08
2020-05-15,1.9731998811190553e-08,1.8505435358175183e-08,1.8496483252282888e-08
2020-05-18,1.7036448619391858e-07,1.739444403925888e-07,1.7401722943029859e-07
2020-05-19,2.3262484188387554e-08,2.306617398053504e-08,2.310247290059971e-08
2020-05-20,7.31106265822579e-08,7.025737671167428e-08,7.025917379838472e-08
2020-05-21,2.3671431022939272e-07,2.3415270344634346e-07,2.3413430983510197e-07
2020-05-22,4.009650611094079e-08,4.276817129718299e-08,4.279298594841876e-08
2020-05-25,5.750722193036061e-08,5.912647832474854e-08,5.913549198552036e-08
2020-05-26,3.874076287510062e-08,4.152379566281657e-08,4.15230519253795e-08
2020-05-27,1.4793832592132854e-08,1.7203696566086967e-08,1.7199190056961035e-08
2020-05-28,4.6733341856326935e-08,4.7635048187129984e-08,4.7630210889358606e-08
2020-05-29,1.777470249234814e-08,1.9061359021687527e-08,1.9054973798511785e-08
2020-06-01,2.3489984703613724e-08,2.363902764937735e-08,2.3636087825149377e-08
2020-06-02,3.310961215569468e-08,3.222496651911724e-08,3.222531736442551e-08
2020-06-03,3.996999063378522e-08,3.974040605067632e-08,3.974114874972119e-08
2020-06-04,2.33632893599481e-08,2.3126420431730407e-08,2.3127542698554064e-08
2020-06-05,2.6392716397153588e-08,2.5558749761294913e-08,2.5556241434950745e-08
2020-06-08,1.4473477824969527e-08,1.3794150979251881e-08,1.379189863015388e-08
2020-06-09,4.0046251946501546e-08,4.4064257043154214e-08,4.406545380678707e-08
2020-06-10,6.972311005941686e-08,7.257702727548423e-08,7.257331301366954e-08
2020-06-11,3.9065598739571695e-08,3.764594716621908e-08,3.7645756596654316e-08
2020-06-12,1.6047323572782835e-07,1.6027605690115038e-07,1.60277215995397e-07
2020-06-15,2.508398307430669e-07,2.3766042688071734e-07,2.3764345078349084e-07
2020-06-16,1.2186186411981877e-08,1.1860142781841641e-08,1.18582276042824e-08
2020-06-17,1.1643604707991978e-07,1.0996446842822336e-07,1.0996276184693446e-07
2020-06-18,5.857888161164833e-07,5.601020775310217e-07,5.600967272174397e-07
2020-06-19,4.008334809277713e-08,4.2090473773858774e-08,4.207940308036973e-08
2020-06-22,3.23456313952679e-07,3.042289913070693e-07,3.0423098504624857e-07
2020-06-23,3.093917710827412e-07,2.731535316129014e-07,2.731323200895843e-07
2020-06-24,2.2827183031749734e-07,2.1334400686791446e-07,2.1332658351138067e-07
2020-06-25,3.1522399093184617e-08,4.817002572323814e-08,4.8169569017519797e-08
2020-06-26,2.663286556842406e-07,2.3623101674461298e-07,2.362329273471439e-07
2020-06-29,8.926032674106061e-08,7.632482579567888e-08,7.632796535610735e-08
2020-06-30,8.32097560803626e-07,7.364809323434109e-07,7.36454522274878e-07
2020-07-01,1.4333987723658386e-07,1.5610109575615936e-07,1.5615231536794437e-07
2020-07-02,2.2384460085729738e-08,4.578055471633045e-08,4.5760544816794515e-08
2020-07-03,6.93380039551835e-08,8.63765945184203e-08,8.637112529925283e-08
2020-07-06,1.6590407817481518e-07,1.7104955589478415e-07,1.7105634098442885e-07
2020-07-07,1.196138282067708e-07,1.218814293057918e-07,1.2187251525585221e-07
2020-07-08,7.101990257216252e-08,7.470287896640489e-08,7.470443894800054e-08
2020-07-09,3.0766927816244623e-07,2.8741167914256285e-07,2.874094257971302e-07
2020-07-10,1.990307076354058e-07,1.69569589745955e-07,1.695714150130539e-07
2020-07-13,2.3903950752794193e-08,4.255829507845519e-08,4.2563188009966225e-08
2020-07-14,1.1352581289243227e-06,1.0230472337633263e-06,1.0230719242835767e-06
2020-07-15,1.1437979302441847e-08,3.310024033404712e-08,3.312064941504854e-08
2020-07-16,6.543799324191082e-08,7.846273645671651e-08,7.84623134977358e-08
2020-07-17,3.04477840369722e-08,4.536153343072995e-08,4.5367344933270936e-08
2020-07-20,5.0728599963350984e-08,5.469531991309526e-08,5.4694057664758804e-08
2020-07-21,1.4047794170848887e-07,1.3148685719536492e-07,1.314873980621664e-07
2020-07-22,3.9824750653452594e-08,5.401990118687754e-08,5.4019365087855405e-08
2020-07-23,4.981791466421115e-08,4.175167598182326e-08,4.1747846436502364e-08
2020-07-24,2.490489563923097e-08,3.264030665447124e-08,3.264533708310891e-08
2020-07-27,6.35954670409389e-08,6.64149175769951e-08,6.6411441823615e-08
2020-07-28,3.535919559138878e-08,4.1682190859446516e-08,4.167279563562918e-08
2020-07-29,2.7070690506975174e-08,3.10802282588456e-08,3.1078021343483605e-08
2020-07-30,6.236093531128032e-08,7.356956684756239e-08,7.357031095252827e-08
2020-07-31,1.907799216321524e-07,1.855831562665123e-07,1.85583281921972e-07
2020-08-03,2.724109667594424e-08,3.461366775620764e-08,3.4612979253767356e-08
2020-08-04,1.9521220339162015e-08,2.503336867207755e-08,2.5030770100997873e-08
2020-08-05,1.297679344337424e-08,1.6946343723138115e-08,1.6944741940665502e-08
2020-08-06,1.2649853768988022e-08,1.6908918259280074e-08,1.690756960145059e-08
2020-08-07,3.414437911261301e-08,3.345619153374472e-08,3.3456000235156614e-08
2020-08-10,2.5450183530242905e-08,2.7836794004536034e-08,2.7836684898124312e-08
2020-08-11,3.85465199348137e-07,3.6974199928671e-07,3.6974292579267593e-07
2020-08-12,1.1353450785131419e-08,1.6528628522273053e-08,1.655371442222454e-08
2020-08-13,1.5714257607341392e-07,1.5390099171501346e-07,1.5390317863523176e-07
2020-08-14,3.336968352209394e-08,3.413634253052962e-08,3.4139164960198294e-08
2020-08-17,6.697007052790027e-08,6.729642057042297e-08,6.72963881435367e-08
2020-08-18,6.73015780882445e-08,6.725657714004876e-08,6.72525140591063e-08
2020-08-19,4.053266826414519e-08,4.1172187740054926e-08,4.1172523740172804e-08
2020-08-20,9.40200595915561e-08,9.313140894108066e-08,9.313232310822689e-08
2020-08-21,3.006339997327198e-08,2.8654833256510455e-08,2.8652782974718358e-08
2020-08-24,8.044873052193378e-08,7.401788561477376e-08,7.401945815432839e-08
2020-08-25,5.205707170269134e-08,4.880990857703855e-08,4.881317103256381e-08
2020-08-26,1.0137641055453923e-08,1.4043426406156372e-08,1.4043905435058162e-08
2020-08-27,4.9127833877694e-08,4.795440783658937e-08,4.7954686289757975e-08
2020-08-28,2.1270180576516024e-08,2.2912289373796156e-08,2.291213559542827e-08
2020-08-31,6.970266436986027e-08,6.392128191362123e-08,6.392123665003524e-08
2020-09-01,3.663006292315067e-08,3.478309562239881e-08,3.478113194476736e-08
2020-09-02,1.554468639384947e-08,1.6620793045944854e-08,1.662028712685133e-08
2020-09-03,2.088280544112319e-08,2.0477428155019764e-08,2.0477048575783048e-08
2020-09-04,2.3343905494750168e-08,2.443550285764891e-08,2.44332201816216e-08
2020-09-07,1.4087314296101961e-08,1.4433442798552804e-08,1.4433866129558114e-08
2020-09-08,5.172399795664993e-07,5.074863103642995e-07,5.074835280806675e-07
2020-09-09,3.717298241459933e-08,4.0419879203521713e-08,4.0451885649049634e-08
2020-09-10,3.288546015262739e-08,3.4509141009516e-08,3.450261748834622e-08
2020-09-11,2.8659320884550162e-08,3.0747703968681e-08,3.073962217739846e-08
2020-09-14,1.0592356701840284e-07,9.729292851560583e-08,9.730365337684363e-08
2020-09-15,2.4773659872625705e-08,2.3302678914277103e-08,2.3303230696203217e-08
2020-09-16,3.6113976380018725e-08,3.8000977373347136e-08,3.800150795953309e-08
2020-09-17,1.1392271082234121e-07,1.1355038417913129e-07,1.1354603284041709e-07
2020-09-18,5.85576600321815e-08,5.5884503587990755e-08,5.588275894027891e-08
2020-09-21,1.6419505352217404e-08,1.8935428271544063e-08,1.8930420004566007e-08
2020-09-22,3.099299696792671e-08,3.012257710627807e-08,3.012296875131503e-08
2020-09-23,2.1804116022926348e-08,2.267261087225173e-08,2.26733405575732e-08
2020-09-24,3.920500549618511e-08,3.791843303141142e-08,3.79192818998646e-08
2020-09-25,4.5315357923970416e-08,3.757680934995915e-08,3.7583757401431935e-08
2020-09-28,5.697244451111791e-08,5.574092283644311e-08,5.574102090654221e-08
2020-09-29,2.4211974810840838e-08,2.6225290843250516e-08,2.6224843615994895e-08
2020-09-30,2.059360497480093e-07,2.0188153297354105e-07,2.018844953603574e-07
2020-10-01,4.394732420680275e-08,4.078261033659062e-08,4.0779261614811696e-08
2020-10-02,1.364546693897516e-08,1.4579521261514848e-08,1.4582469020168051e-08
2020-10-05,3.4479464386393954e-08,3.4872669922485604e-08,3.487388541029339e-08
2020-10-06,4.167829897328311e-08,4.0839402585082875e-08,4.08381339823976e-08
2020-10-07,1.7914250968017897e-08,1.859869860386996e-08,1.860092517993786e-08
2020-10-08,2.1790388545434098e-07,2.04400152628008e-07,2.0440453398628446e-07
2020-10-09,8.637250602819714e-08,7.589323104485372e-08,7.587406382077281e-08
2020-10-12,1.8424432024278908e-08,2.2150316016535563e-08,2.2154914802123907e-08
2020-10-13,5.875544651024426e-08,6.002271529065592e-08,6.002648149263416e-08
2020-10-14,3.0876061182303554e-08,3.334118866878479e-08,3.3343193089639506e-08
2020-10-15,7.008706068725796e-08,6.350907366773643e-08,6.351134404207988e-08
2020-10-16,2.5757421771798742e-08,2.8007365131437035e-08,2.801042707932912e-08
2020-10-19,2.9155664625083877e-08,2.838104228268609e-08,2.8381393015381977e-08
2020-10-20,6.091732676707364e-08,5.791125498995466e-08,5.791388067534389e-08
2020-10-21,5.47034858113261e-08,5.2718435642369146e-08,5.271998199142339e-08
2020-10-22,4.324973690057596e-08,4.525996501481877e-08,4.525960704664887e-08
2020-10-23,2.9379485340519243e-08,2.9758097654445705e-08,2.975579425098358e-08
2020-10-26,2.021124012667217e-08,2.0616614445506446e-08,2.061368946832825e-08
2020-10-27,9.220816087119416e-08,9.058777924925499e-08,9.058887235133218e-08
2020-10-28,1.7769741624980295e-08,1.8648955102463325e-08,1.8649655647342105e-08
2020-10-29,7.199700773853097e-08,6.964705376735501e-08,6.96457822664988e-08
2020-10-30,1.8147346851481228e-08,1.6403794089051833e-08,1.6401233951825148e-08
2020-11-02,2.2689916639108295e-08,2.3033378670741065e-08,2.303376575723608e-08
2020-11-03,6.066278137024008e-08,5.842541564339497e-08,5.842836408590121e-08
2020-11-04,3.2513244136430306e-08,3.409272305716548e-08,3.4092420562149476e-08
2020-11-05,1.9346782327410303e-08,1.9611513660355674e-08,1.961489805837881e-08
2020-11-06,2.748032908398522e-08,2.768185159748371e-08,2.767953684013284e-08
2020-11-09,4.6605304880393496e-08,4.9390511394005735e-08,4.939303856554781e-08
2020-11-10,1.914174747615461e-08,1.707600348556247e-08,1.7072463605540023e-08
2020-11-11,1.512181226815634e-07,1.4425756727509582e-07,1.4425887672518148e-07
2020-11-12,1.8831979854908854e-08,1.9850436430519963e-08,1.98515814861777e-08
2020-11-13,1.4912136371930075e-08,1.603020268696089e-08,1.6029599909378248e-08
2020-11-16,1.9275584643356543e-08,1.870012190331216e-08,1.870010274470367e-08
2020-11-17,2.046324011451205e-08,1.8626433260465768e-08,1.8625913465478803e-08
2020-11-18,2.015288956544627e-08,2.2541755589492264e-08,2.254166633610723e-08
2020-11-19,7.221858340823466e-08,7.09397222518546e-08,7.094265510708314e-08
2020-11-20,5.3202568048279685e-08,5.4835471111288736e-08,5.483504808998032e-08
2020-11-23,4.3963938499453714e-08,3.9161859126329936e-08,3.915859395160497e-08
2020-11-24,2.7761972686870136e-08,2.803013014733209e-08,2.8031257689267126e-08
2020-11-25,4.620625196256918e-08,4.437522836862395e-08,4.4372409769924405e-08
2020-11-26,9.406909834916782e-08,8.940770392507853e-08,8.939715592958378e-08
2020-11-27,1.4923462813188332e-08,1.5916436387489593e-08,1.591044458595227e-08
2020-11-30,2.2595212805495642e-08,2.3121218992174073e-08,2.3117323898924986e-08
2020-12-01,1.621849355405644e-08,1.6111800522511588e-08,1.6107177669056198e-08
2020-12-02,1.1034578768947175e-07,1.0626603802730223e-07,1.0627619804098466e-07
2020-12-03,4.5585504689586816e-08,4.452402844102597e-08,4.45374699565415e-08
2020-12-04,1.7181809915689067e-08,1.7600130079878897e-08,1.7598918546508984e-08
2020-12-07,1.815933353656135e-08,1.7941311260877196e-08,1.794109137341967e-08
2020-12-08,2.066455136107753e-08,2.1363373283731937e-08,2.1365546099134438e-08
2020-12-09,1.2637870316559337e-08,1.1764810118964297e-08,1.176534242054092e-08
2020-12-10,5.310345584891355e-08,5.3795513789534314e-08,5.37964525598682e-08
2020-12-11,2.8274786736134313e-08,2.779838168539498e-08,2.780135110888531e-08
2020-12-14,4.728678670466857e-08,4.3649661603263726e-08,4.365006197500052e-08
2020-12-15,3.602895767999885e-08,3.615271971655672e-08,3.6151451549420085e-08
2020-12-16,2.868778721969093e-08,2.6667199056694632e-08,2.6668351403479076e-08
2020-12-17,1.3960683161124827e-08,1.301375835210568e-08,1.301316007344231e-08
2020-12-18,9.572629663403617e-09,8.105899750502997e-09,8.105351802401426e-09
2020-12-21,1.6502320281385087e-08,1.521359836562216e-08,1.521322885884128e-08
2020-12-22,3.395688809850791e-08,3.570285313302639e-08,3.570419716342121e-08
2020-12-23,1.403320907957757e-08,1.2198083365992978e-08,1.219849333250488e-08
2020-12-24,1.5291573289484874e-08,1.353024173015922e-08,1.3529843704509947e-08
2020-12-25,3.6526142541976914e-08,3.7259440962101014e-08,3.725914724693398e-08
2020-12-28,9.906279454271498e-09,7.774372206529643e-09,7.772673844003808e-09
2020-12-29,1.7869553940449233e-08,1.7207914133451063e-08,1.720776739836656e-08
2020-12-30,2.8761564160900572e-08,2.7961312212097703e-08,2.796033492530325e-08
2020-12-31,1.648675171323629e-08,1.4077887172487396e-08,1.4077872131742154e-08
2021-01-01,3.433526075467164e-08,3.3480778516610234e-08,3.3482831198225984e-08
2021-01-04,1.5988503193044525e-08,1.4628314165588959e-08,1.4628047088260043e-08
2021-01-05,1.5932964772465626e-08,1.5754544785343393e-08,1.575456339963665e-08
2021-01-06,1.2495003397048454e-08,1.0096508448160722e-08,1.0096823610339082e-08
2021-01-07,2.716063037113264e-08,2.7001223135072585e-08,2.700032427598953e-08
2021-01-08,1.4283908373364987e-08,1.1261402589792381e-08,1.126253526906444e-08
2021-01-11,1.7435901985561728e-08,1.4470504771468031e-08,1.4469130391060584e-08
2021-01-12,3.186885336625906e-08,2.9735050539122016e-08,2.9733331220493147e-08
2021-01-13,1.5130876598292417e-08,1.187942918364341e-08,1.1878222908070512e-08
2021-01-14,1.448847183058403e-07,1.5356884441945636e-07,1.5357510212537533e-07
2021-01-15,2.62867684175499e-07,2.7093423173313116e-07,2.7086434246787994e-07
2021-01-18,4.1068848194018925e-08,3.977744939150481e-08,3.97635133200811e-08
2021-01-19,8.511112918954898e-08,8.458018625715725e-08,8.458226101700418e-08
2021-01-20,2.1429312406279803e-08,2.203568056316099e-08,2.202874521519647e-08
2021-01-21,1.879252685579797e-08,1.882194720770905e-08,1.882145807486647e-08
2021-01-22,2.265183625078515e-08,2.3573281295002602e-08,2.3571149266388723e-08
2021-01-25,2.4672358173261022e-08,2.441787105017642e-08,2.4414662392310035e-08
2021-01-26,1.751181447027965e-08,1.7392638480421222e-08,1.739009519264384e-08
2021-01-27,4.1116586005631847e-08,4.1000855279119016e-08,4.100123348319331e-08
2021-01-28,1.7492993644500455e-08,1.6657188131018896e-08,1.666041973470386e-08
2021-01-29,3.1734644222123616e-08,3.204241038150861e-08,3.2044612882539307e-08
2021-02-01,1.5269936922360325e-08,1.450931788448599e-08,1.4513278319003963e-08
2021-02-02,1.5853190826516748e-08,1.4926535244039102e-08,1.4922486310417133e-08
2021-02-03,1.3527827497037026e-08,1.2639916027030744e-08,1.263862294067037e-08
2021-02-04,2.0303269220752085e-08,1.968858382882324e-08,1.968773808068915e-08
2021-02-05,1.180396333492339e-08,1.185016939987483e-08,1.1845690866076822e-08
2021-02-08,1.0587255563584338e-08,9.300446396524325e-09,9.30282202225945e-09
2021-02-09,4.2011116633673615e-08,4.12519757170464e-08,4.125333553230509e-08
2021-02-10,1.9097190408772025e-08,1.8325296228414255e-08,1.8326937568312887e-08
2021-02-11,2.181202153206783e-08,2.0033107590576195e-08,2.002703619190192e-08
2021-02-12,2.280099196930731e-08,2.2262313044216174e-08,2.2257698016561486e-08
2021-02-15,1.6891471685476914e-08,1.4969573072778994e-08,1.4968472845866514e-08
2021-02-16,1.285252513444577e-08,1.1001197228930045e-08,1.1002584571750332e-08
2021-02-17,1.0414967118046434e-08,7.195018053404498e-09,7.194747297009675e-09
2021-02-18,4.166978612675096e-08,4.2906097860465e-08,4.29081590062597e-08
2021-02-19,2.543907379274424e-08,2.806999007149381e-08,2.8062126941813976e-08
2021-02-22,1.76941649579049e-08,1.4943513388487176e-08,1.494969637859149e-08
2021-02-23,1.8221564838431423e-08,1.5480177185037527e-08,1.5476135641404912e-08
2021-02-24,3.6700253364614526e-08,3.861450914492973e-08,3.862187249419714e-08
2021-02-25,2.6977461141888953e-08,2.73007789292136e-08,2.7304749079806843e-08
2021-02-26,3.5381545935049996e-08,3.589385673921429e-08,3.5897556837871286e-08
2021-03-01,1.537553103007037e-08,1.2843171585990209e-08,1.2843123359493236e-08
2021-03-02,5.7793082738215193e-08,5.98189035373488e-08,5.981938571301977e-08
2021-03-03,1.1832796861387962e-08,9.285774272874356e-09,9.292707699289449e-09
2021-03-04,1.6238339811293363e-08,1.3511401784005902e-08,1.350838575456664e-08
2021-03-05,7.495163712264005e-08,7.225481133524149e-08,7.225210004111556e-08
2021-03-08,3.4738670854745253e-08,3.2443018191654036e-08,3.2434139666598544e-08
2021-03-09,1.659125088648314e-08,1.4076603841446881e-08,1.4072507219498103e-08
2021-03-10,6.421994170159682e-08,6.675110988238312e-08,6.676172799635786e-08
2021-03-11,7.284283672676545e-08,7.065949229690298e-08,7.065686280042224e-08
2021-03-12,4.182175463005434e-08,4.120693021683754e-08,4.1211941816972333e-08
2021-03-15,6.232994094083247e-08,6.061297665507083e-08,6.061811071237978e-08
2021-03-16,1.4996348064044964e-08,1.4369612581583756e-08,1.4369501189038565e-08
2021-03-17,2.2510329057796145e-08,2.1430802526898732e-08,2.1433251119935913e-08
2021-03-18,3.3029207301900066e-08,3.325522076130004e-08,3.324905246249547e-08
2021-03-19,2.055168587160809e-08,1.961441792033026e-08,1.9615860442254646e-08
2021-03-22,1.0983968408591343e-08,1.0077441576538585e-08,1.0079980534754637e-08
2021-03-23,4.293863434187645e-08,4.2265563783040924e-08,4.226922830258618e-08
2021-03-24,7.024572554030522e-08,6.96201919775121e-08,6.963163783598701e-08
2021-03-25,3.3981360769814096e-08,3.441994449575126e-08,3.442647427918928e-08
2021-03-26,1.1088787764515913e-08,1.02650401501617e-08,1.0268767486680752e-08
2021-03-29,1.6115875748517556e-08,1.4069027960406136e-08,1.4066808212400583e-08
2021-03-30,8.771403822736606e-07,8.823436748213351e-07,8.823577436781989e-07
2021-03-31,5.8679018469920364e-08,5.785264426382325e-08,5.786758329056385e-08
2021-04-01,2.180094479973757e-08,2.5712265948604537e-08,2.5711606591118915e-08
2021-04-02,4.50123775399289e-08,5.02822311677818e-08,5.028265655846476e-08
2021-04-05,7.039787761231037e-08,6.45095444647797e-08,6.451131213497337e-08
2021-04-06,1.2514437941303208e-07,1.2673307252424163e-07,1.2673570176174507e-07
2021-04-07,2.3167542913012803e-08,2.4803253594432693e-08,2.4798796538847527e-08
2021-04-08,4.0338055187160156e-08,3.9699579632891444e-08,3.96996197475669e-08
2021-04-09,2.3868358069083697e-08,2.3280890963747337e-08,2.3280362827454e-08
2021-04-12,9.878966618474057e-08,9.679501179882253e-08,9.67958739380946e-08
2021-04-13,7.574956432571356e-08,7.00437674842174e-08,7.004231252105602e-08
2021-04-14,9.884616132735012e-08,9.381528800703243e-08,9.381459918987879e-08
2021-04-15,1.1329559553507208e-08,1.4127929407211958e-08,1.412610722051917e-08
2021-04-16,1.0397961180870837e-08,1.0702418802728328e-08,1.0702046558127087e-08
2021-04-19,3.310590950087856e-08,3.298482721293745e-08,3.298473812878975e-08
2021-04-20,1.657973027238295e-08,1.665799396740547e-08,1.6657294747845286e-08
2021-04-21,2.1257792077632668e-08,2.028005689524503e-08,2.0280006717367247e-08
2021-04-22,2.108085284015707e-08,1.9841292509763495e-08,1.9841397411916764e-08
2021-04-23,4.045133687967683e-08,3.9790192531178844e-08,3.97890587465215e-08
2021-04-26,3.3078361086538616e-08,3.238695351149191e-08,3.238659998679514e-08
2021-04-27,9.162355936097077e-08,9.046935353128761e-08,9.047179334696602e-08
2021-04-28,1.8650770394987354e-08,1.888946361387307e-08,1.8890242915517407e-08
2021-04-29,2.1068240304611386e-08,1.9636732750590666e-08,1.9636193365792654e-08
2021-04-30,3.136768054310261e-08,3.289945561984881e-08,3.2899676489275995e-08
2021-05-03,1.726996576329104e-08,1.568007503786156e-08,1.5680615676148566e-08
2021-05-04,1.5744072984917075e-08,1.538507574652197e-08,1.5385260653830786e-08
2021-05-05,1.4404699556780062e-08,1.3801632851135039e-08,1.3801645444608601e-08
2021-05-06,2.1119649441897966e-08,2.091663539898739e-08,2.0916798916644037e-08
2021-05-07,4.3649323096926235e-08,4.140661196649341e-08,4.140725468950554e-08
2021-05-10,5.253462784565116e-08,5.347357720753289e-08,5.347217682974832e-08
2021-05-11,2.2788826763645165e-08,2.1434194378626478e-08,2.1434319249130705e-08
2021-05-12,3.0628587655920477e-08,2.8765881292521005e-08,2.8765967663291596e-08
2021-05-13,1.9947865968951307e-08,2.077048653148366e-08,2.0770891959747145e-08
2021-05-14,1.0997783894036333e-08,9.602958849784085e-09,9.603405831787334e-09
2021-05-17,5.010397386910903e-08,4.959564794359436e-08,4.9596137486109816e-08
2021-05-18,3.576627686452806e-08,3.4811490856982114e-08,3.481256282499333e-08
2021-05-19,2.6801659205543574e-08,2.694540163223539e-08,2.6944786474189868e-08
2021-05-20,1.839999202473897e-08,1.66552686871416e-08,1.665483059879528e-08
2021-05-21,1.7205050478143276e-08,1.4556662855795952e-08,1.4556245273941902e-08
2021-05-24,3.031348846036702e-08,2.9479992658673235e-08,2.9479835449287117e-08
2021-05-25,1.2615759827374192e-08,1.0921043743315974e-08,1.0920126721718823e-08
2021-05-26,4.084819976007225e-08,3.820284635717671e-08,3.820255429826016e-08
2021-05-27,2.2827975186765017e-08,2.1319894075384507e-08,2.1319304262158767e-08
2021-05-28,1.9119339130726558e-08,1.544404720757435e-08,1.544345912960513e-08
2021-05-31,1.2613119142934625e-08,9.5831697272302e-09,9.582719050087667e-09
2021-06-01,8.016064810703196e-09,6.762186714863534e-09,6.762065194381668e-09
2021-06-02,1.6257428081154943e-08,1.4127844160706895e-08,1.412787540366291e-08
2021-06-03,1.0845910627356717e-08,8.466878357159188e-09,8.466790727310948e-09
2021-06-04,1.3634279845239086e-08,1.2342133455297565e-08,1.2342058098391375e-08
2021-06-07,1.9666309562744058e-08,1.6409901522000294e-08,1.641049884064956e-08
2021-06-08,1.1979289385223011e-08,9.408097476261488e-09,9.407613580447483e-09
2021-06-09,2.0143806926250363e-08,1.8227002981720386e-08,1.822686920827238e-08
2021-06-10,1.24237723294329e-08,9.12049845371046e-09,9.120354857896802e-09
2021-06-11,1.3397784267775549e-08,1.0709137471574052e-08,1.0709300964716752e-08
2021-06-14,4.0643098285313824e-08,3.84456384705326e-08,3.844580667859601e-08
2021-06-15,1.0313708690436608e-07,1.09457590624409e-07,1.0945958961142382e-07
2021-06-16,2.7108713403875678e-08,2.4079690122083036e-08,2.4082052035055077e-08
2021-06-17,1.4630143634840383e-08,1.2713076332694182e-08,1.2712854357756114e-08
2021-06-18,1.64358787028614e-08,1.2873126878463704e-08,1.2873074874760165e-08
2021-06-21,2.2970187651121264e-08,2.0355860801448783e-08,2.0355825233158284e-08
2021-06-22,1.4236648220717283e-08,1.3191471558224072e-08,1.3191462860276176e-08
2021-06-23,1.5784210767103042e-07,1.673100838054359e-07,1.6730823657096282e-07
2021-06-24,1.4022953808627192e-08,1.1916243817041501e-08,1.1919696142106899e-08
2021-06-25,6.442983614858078e-07,6.650142519857265e-07,6.650190272667138e-07
2021-06-28,1.8534292754799095e-07,1.7926843597527774e-07,1.7923477527026167e-07
2021-06-29,2.40598346052604e-08,2.4089535159390924e-08,2.408969117023156e-08
2021-06-30,1.1474111818113392e-07,1.141356260714981e-07,1.1413569804871889e-07
2021-07-01,1.971350807454579e-08,2.086720458610716e-08,2.0864818851554684e-08
2021-07-02,2.8169584432258512e-08,3.024015294101036e-08,3.024066667258454e-08
2021-07-05,1.4583863748717113e-07,1.429290881842544e-07,1.429300062294543e-07
2021-07-06,3.8843780387587254e-07,3.7241198553233944e-07,3.7240201576402624e-07
2021-07-07,1.613910213712799e-08,1.9281446547754924e-08,1.928615880496989e-08
2021-07-08,6.280398559900576e-08,6.176367095300479e-08,6.176336648454856e-08
2021-07-09,7.272196297605229e-07,7.057039772739706e-07,7.057067809905343e-07
2021-07-12,2.0588430510601758e-08,2.904281963238733e-08,2.9052010868042578e-08
2021-07-13,6.379595244117453e-08,6.757985442987003e-08,6.757911774186925e-08
2021-07-14,3.4848184644110344e-08,3.896667084694667e-08,3.8964723014133254e-08
2021-07-15,2.7150711619352116e-08,3.163898674396637e-08,3.163750978403873e-08
2021-07-16,6.989941964755771e-08,7.135608934592722e-08,7.135542929258281e-08
2021-07-19,3.364542888306226e-08,3.5012802515035605e-08,3.501232820923023e-08
2021-07-20,5.0608342391896875e-08,5.266230405099512e-08,5.266167201901588e-08
2021-07-21,2.8238586886216244e-08,2.989780251710581e-08,2.989645765552879e-08
2021-07-22,3.2722116714949486e-08,3.4575537896451145e-08,3.457407581703547e-08
2021-07-23,4.562645032336471e-07,4.404303649738238e-07,4.404379044584912e-07
2021-07-26,5.967159337982074e-08,6.406318792324108e-08,6.407145173214281e-08
2021-07-27,5.432481242410926e-07,5.005610950615767e-07,5.005765432672899e-07
2021-07-28,6.87819600745703e-08,6.978704584178881e-08,6.979809391211028e-08
2021-07-29,2.052742591175775e-08,2.9582707910410808e-08,2.9581204817452963e-08
2021-07-30,1.8212167251364249e-06,1.7200506502140094e-06,1.7200617538631796e-06
2021-08-02,3.8637510148756655e-08,5.1857326938195104e-08,5.188016576743656e-08
2021-08-03,3.709738318453065e-08,4.945280677833442e-08,4.945206163027122e-08
2021-08-04,3.619152755954813e-08,4.345481464918124e-08,4.345442575704976e-08
2021-08-05,1.889800069170546e-08,2.3139041810266522e-08,2.3138466613998253e-08
2021-08-06,2.2321235331259618e-08,2.958368845591301e-08,2.9583535629927083e-08
2021-08-09,7.960055732301944e-07,7.401658045568124e-07,7.401721726735297e-07
2021-08-10,4.397619765859595e-08,5.268296579682084e-08,5.269623372554084e-08
2021-08-11,6.329719010797569e-07,5.753785201931679e-07,5.753763949435035e-07
2021-08-12,7.683319894404106e-08,8.239847713690255e-08,8.240717556635739e-08
2021-08-13,1.0834657748317062e-07,1.1434297572853654e-07,1.1434158999689075e-07
2021-08-16,2.409949663498962e-08,3.5942073909459387e-08,3.593971618392562e-08
2021-08-17,1.253968086537467e-07,1.2526836328566774e-07,1.2526799821205896e-07
2021-08-18,4.633482228042923e-08,4.536347880848311e-08,4.536504910552365e-08
2021-08-19,9.406602217645833e-08,8.922047969894592e-08,8.921995696451692e-08
2021-08-20,4.158778780610241e-07,4.064499314128324e-07,4.064497388947224e-07
2021-08-23,5.562301381766138e-07,4.820398620408536e-07,4.82045784949928e-07
2021-08-24,8.55148964614597e-08,9.968285787332937e-08,9.969684818224361e-08
2021-08-25,7.133020551586554e-08,7.712584333350764e-08,7.712403841847337e-08
2021-08-26,3.026864468452875e-07,2.685003447511962e-07,2.6850553963351773e-07
2021-08-27,2.8633264769857142e-08,4.13176434038559e-08,4.132105568616311e-08
2021-08-30,4.4298837330124256e-07,3.942499186432107e-07,3.9425345828199577e-07
2021-08-31,2.584896303910155e-08,3.8918997044659834e-08,3.8926309066843476e-08
2021-09-01,1.9472188683760888e-07,1.7436680500599003e-07,1.7436825822567512e-07
2021-09-02,1.2291888277249808e-06,1.094084730932892e-06,1.0940800465704126e-06
2021-09-03,6.553702705242065e-08,8.780834097736553e-08,8.783200415105659e-08
2021-09-06,1.0735339743705371e-07,1.066787949964194e-07,1.0667600080026356e-07
2021-09-07,4.716532277171564e-08,6.528378568594924e-08,6.528076913298388e-08
2021-09-08,1.351575120199966e-07,1.3223274568646625e-07,1.3223330387417602e-07
2021-09-09,6.649464286891443e-08,7.777395900131661e-08,7.777205878623013e-08
2021-09-10,1.4353332898909622e-07,1.4995721502264533e-07,1.4995408145967707e-07
2021-09-13,1.1722253263961291e-07,1.2641841378560744e-07,1.2641267124863695e-07
2021-09-14,2.312880511742763e-07,2.02379426856329e-07,2.0239008525176502e-07
2021-09-15,2.307022262612017e-07,2.3305474742548773e-07,2.3306379884232626e-07
2021-09-16,5.751638572392125e-08,6.586890830893137e-08,6.586340035499603e-08
2021-09-17,2.558850127328029e-07,2.5583339639241323e-07,2.5583566382289927e-07
2021-09-20,1.472542260243811e-07,1.515351978387518e-07,1.5153606115237829e-07
2021-09-21,2.079176553260796e-07,2.1355449043993394e-07,2.1355310438063708e-07
2021-09-22,5.791896148005594e-08,7.272645093330629e-08,7.272134296948167e-08
2021-09-23,7.7664289365455e-08,7.42286748664314e-08,7.422699222014373e-08
2021-09-24,4.468986503556949e-07,3.959083374686613e-07,3.959062098537186e-07
2021-09-27,2.72671312857287e-07,2.4224417116088366e-07,2.4222810271137264e-07
2021-09-28,3.630999431362865e-07,3.1327580425842074e-07,3.132690194134854e-07
2021-09-29,6.886036232321611e-08,7.646418857921706e-08,7.646794797871952e-08
2021-09-30,9.38010187838817e-08,1.0634705444280376e-07,1.0634840630694822e-07
2021-10-01,3.121338588659979e-08,4.9979171771772156e-08,4.9975056093994294e-08
2021-10-04,1.8574008247410607e-07,1.5991263402816756e-07,1.5991515027280536e-07
2021-10-05,4.03507077071177e-07,3.7104364470576585e-07,3.7103212566305706e-07
2021-10-06,7.114825396702986e-08,8.066201841857653e-08,8.066825528446126e-08
2021-10-07,5.691115171983806e-08,7.528235474782891e-08,7.528130319164987e-08
2021-10-08,4.3069456984853146e-07,3.8472178391586557e-07,3.8472695985881683e-07
2021-10-11,1.438060846674813e-07,1.3443091728731883e-07,1.3443395752229015e-07
2021-10-12,6.489039564080716e-08,7.322013744556279e-08,7.321871308525119e-08
2021-10-13,3.779201635370359e-08,3.5783410335422025e-08,3.578277688815948e-08
2021-10-14,8.926790572627084e-08,1.0290909148631185e-07,1.029103963848277e-07
2021-10-15,1.5933935373894873e-08,2.6529706849256206e-08,2.6527461649047517e-08
2021-10-18,4.052446914053488e-08,3.656292660510456e-08,3.656321286834274e-08
2021-10-19,5.442244105272587e-08,6.142269124014273e-08,6.142427095915284e-08
2021-10-20,1.223818167883941e-07,1.2425411059865446e-07,1.2425364816028983e-07
2021-10-21,2.7259712792079294e-08,3.385908106468207e-08,3.385519410584545e-08
2021-10-22,3.800852045437676e-08,3.977741998952601e-08,3.977754868155571e-08
2021-10-25,4.270783074696253e-08,4.363058993772518e-08,4.363072856852282e-08
2021-10-26,2.1073198663923955e-08,2.565169516087051e-08,2.5650459366488408e-08
2021-10-27,4.6113489472641246e-08,4.486939418636434e-08,4.486881674934445e-08
2021-10-28,2.603954340464011e-08,2.8227030803208496e-08,2.8226733405076407e-08
2021-10-29,4.471910124630958e-08,4.243027978397019e-08,4.2430148552171346e-08
2021-11-01,4.005014223502184e-08,3.952708855254126e-08,3.952693200778206e-08
2021-11-02,6.663818615616387e-08,6.019330909296303e-08,6.019305216321321e-08
2021-11-03,3.731250017693145e-08,3.9900937630761975e-08,3.990251699187892e-08
2021-11-04,5.885045638247785e-08,5.864203658396401e-08,5.863951018752312e-08
2021-11-05,2.2434761393423605e-08,2.239550749633271e-08,2.2395447815529284e-08
2021-11-08,4.207230569361015e-08,4.6815569452981665e-08,4.681583730004085e-08
2021-11-09,2.1483465155636233e-08,2.194894954195921e-08,2.1949215357959514e-08
2021-11-10,4.500433142201388e-08,4.487407127227724e-08,4.487400571796622e-08
2021-11-11,4.296457199326483e-08,4.3126312881133937e-08,4.312793157934196e-08
2021-11-12,1.2477997963052123e-07,1.1835088819953097e-07,1.1835337943378143e-07
2021-11-15,1.5553859684275558e-07,1.428194090193165e-07,1.4281023036960064e-07
2021-11-16,4.1219640282636464e-08,4.357764678451354e-08,4.3579186716844184e-08
2021-11-17,2.3839330661847426e-08,2.6304726183837614e-08,2.6303946587839897e-08
2021-11-18,7.706719209818277e-08,7.243758926418024e-08,7.243941809742157e-08
2021-11-19,7.175346827715107e-08,6.520068783193542e-08,6.520026876713526e-08
2021-11-22,2.35761866197553e-08,2.410757927515886e-08,2.410753324416877e-08
2021-11-23,3.112128586750833e-08,3.3769089890110986e-08,3.3768747721793744e-08
2021-11-24,2.691578701453285e-08,2.591198910909246e-08,2.5911655965607108e-08
2021-11-25,4.1891584303469924e-08,4.452180817979224e-08,4.452150438422635e-08
2021-11-26,6.857941634110162e-08,6.585440672677872e-08,6.585436557086273e-08
2021-11-29,1.4252191198193928e-07,1.392807596936625e-07,1.3928566491474417e-07
2021-11-30,3.752466853333289e-08,4.0280215434358204e-08,4.0283238921362445e-08
2021-12-01,1.752091295269308e-08,1.7866727604728644e-08,1.7865372467451293e-08
2021-12-02,2.6391361426006784e-08,2.832397267710205e-08,2.8323444462613464e-08
2021-12-03,1.4261721903663834e-08,1.2969507556755714e-08,1.296929594699651e-08
2021-12-06,2.438540490290119e-08,2.1993536670700026e-08,2.1993794959281163e-08
2021-12-07,2.2640898991524643e-08,2.2334071507862922e-08,2.2333696473682495e-08
2021-12-08,2.2879134490268046e-08,2.0059599408375393e-08,2.0059728527545293e-08
2021-12-09,6.26255292567593e-08,6.136121945338061e-08,6.136146051169581e-08
2021-12-10,8.127412218085073e-08,7.686861272874979e-08,7.686792083240191e-08
2021-12-13,1.3428535805591987e-08,1.3154669939572084e-08,1.3156078821248616e-08
2021-12-14,1.3082456587022335e-07,1.2954244510342421e-07,1.2954324066178277e-07
2021-12-15,3.029469449172911e-08,3.2667368635475823e-08,3.26690633444887e-08
2021-12-16,5.33258453041859e-08,5.3792428755463055e-08,5.379288650507703e-08
2021-12-17,1.222373983351807e-08,1.0406916500214863e-08,1.0406205181662736e-08
2021-12-20,3.233974558107336e-08,3.0183997930959774e-08,3.0184835063918495e-08
2021-12-21,1.336535447120421e-08,1.2394132627871746e-08,1.2393478560682849e-08
2021-12-22,1.261124728515897e-08,1.1445566523261051e-08,1.1445249807992056e-08
2021-12-23,9.802507972106376e-08,9.896939128039527e-08,9.896989062080829e-08
2021-12-24,3.0074210586795537e-08,2.9069180405675596e-08,2.9071844489066534e-08
2021-12-27,1.3956547436751435e-08,1.2834639539165842e-08,1.2833915159980177e-08
2021-12-28,1.0266172128035273e-07,1.0008333107824917e-07,1.0008390952723924e-07
2021-12-29,1.8462164085557282e-08,1.719556775739661e-08,1.7197124246448056e-08
2021-12-30,1.8825737341249707e-08,1.7974489775389057e-08,1.7974023862204998e-08
2021-12-31,6.486201089734182e-08,6.530627862108159e-08,6.530775293712363e-08
2022-01-03,3.183193315051376e-08,3.1658926349230945e-08,3.1659498604437284e-08
2022-01-04,1.9804894292600954e-08,1.9194938135836782e-08,1.9192736490554298e-08
2022-01-05,2.295677611635642e-08,2.2262881593900282e-08,2.2262736780009266e-08
2022-01-06,4.552694071229547e-08,4.4389442631675313e-08,4.4389950404281057e-08
2022-01-07,1.3437010861161806e-08,1.1582941554282101e-08,1.1582427143691206e-08
2022-01-10,1.132662724495846e-08,9.981523790912471e-09,9.981176010154549e-09
2022-01-11,2.815261823787291e-08,2.6764513453732083e-08,2.6764304479329203e-08
2022-01-12,6.773911939860099e-08,7.2294857433272e-08,7.229738448784286e-08
2022-01-13,2.93415700596048e-08,2.7251892620282638e-08,2.7249526127686425e-08
2022-01-14,8.966080487396133e-08,8.888701046345002e-08,8.888615922105358e-08
2022-01-17,2.9739231864909022e-08,2.7195322126388876e-08,2.7193368989276268e-08
2022-01-18,1.1547486038819739e-08,1.1037958108086227e-08,1.103834737067929e-08
2022-01-19,1.2438202950059601e-08,1.127001740665345e-08,1.126985780549004e-08
2022-01-20,1.369340012697335e-07,1.3905304243102115e-07,1.3905387142686874e-07
2022-01-21,1.6508685067026595e-08,1.6231978124269745e-08,1.623055518399775e-08
2022-01-24,2.5841388200803484e-08,2.42093822656463e-08,2.4209249721763314e-08
2022-01-25,3.4606113654418964e-08,3.073460740446032e-08,3.073347418933652e-08
2022-01-26,2.087073433446582e-08,2.0743272625925257e-08,2.0742762613815865e-08
2022-01-27,1.0624262592521812e-07,1.0465247693394963e-07,1.0465481688025543e-07
2022-01-28,2.62824735615099e-08,2.5927453228142948e-08,2.5931589252828947e-08
2022-01-31,8.076898052752358e-08,7.80160033011847e-08,7.801407119297028e-08
2022-02-01,9.891642873915953e-09,9.702658820772914e-09,9.70148660933212e-09
2022-02-02,1.7968286646007668e-08,1.8329410936873847e-08,1.8329573341239093e-08
2022-02-03,1.479485505667048e-08,1.2477748472226104e-08,1.2475864833723037e-08
2022-02-04,4.659616570804825e-08,4.457132632687954e-08,4.4571279713540696e-08
2022-02-07,3.1400612882792163e-08,2.875535826698253e-08,2.8753510868069126e-08
2022-02-08,5.4880615461037016e-08,5.824197381217278e-08,5.8244267902561943e-08
2022-02-09,2.9667890741017155e-08,2.755223583012028e-08,2.755403437985167e-08
2022-02-10,1.1674026866255148e-08,1.1129919888453428e-08,1.1129350631175287e-08
2022-02-11,9.609966780880073e-09,7.595510291852382e-09,7.595344776467794e-09
2022-02-14,1.9568951171522914e-08,1.6291432539750327e-08,1.6291424978686457e-08
2022-02-15,1.741831387849976e-08,1.4372302230861917e-08,1.4372447063352408e-08
2022-02-16,1.7714112233853033e-08,1.4938988118788968e-08,1.4938863219268062e-08
2022-02-17,2.2486934288799927e-08,1.908038908898465e-08,1.908029182145974e-08
2022-02-18,1.4115403968583306e-08,1.0137574531976759e-08,1.013730205193986e-08
2022-02-21,1.4663795368572053e-08,1.095938011943721e-08,1.0959293171794552e-08
2022-02-22,2.3316837094793324e-08,2.532901241044303e-08,2.5329465987635732e-08
2022-02-23,1.5707406339775375e-08,1.2077137263269494e-08,1.2078010400211842e-08
2022-02-24,2.2740400708716377e-08,2.6639572737308142e-08,2.6640369475556693e-08
2022-02-25,1.915743998931254e-08,1.5457712356167183e-08,1.5458455762976307e-08
2022-02-28,1.2521272089681058e-08,9.176438940839348e-09,9.176119444561949e-09
2022-03-01,6.732258242750684e-08,7.538577724244506e-08,7.538696557849209e-08
2022-03-02,8.293075159163488e-08,8.734378603875914e-08,8.733955787984566e-08
2022-03-03,2.026845770732435e-08,1.8632635271139506e-08,1.8634274194964404e-08
2022-03-04,2.790971621090061e-08,2.8099942585393157e-08,2.8100142773731833e-08
2022-03-07,9.493932191108738e-08,9.581919499531002e-08,9.581891799728481e-08
2022-03-08,1.7488660574383705e-08,1.6425099627969076e-08,1.6426765603893787e-08
2022-03-09,2.4624158702365454e-08,2.479751145942778e-08,2.4797904371553743e-08
2022-03-10,2.988086790953338e-08,2.8630533265631703e-08,2.8630012792366304e-08
2022-03-11,4.495053839906312e-08,4.692502990185077e-08,4.692522112962756e-08
2022-03-14,3.2235058357285666e-08,3.3312859268899146e-08,3.33133010026565e-08
2022-03-15,2.0782026427432236e-08,1.918945447282079e-08,1.9189034991214546e-08
2022-03-16,8.524276366500473e-09,6.7101582066452904e-09,6.710034784758823e-09
2022-03-17,2.1110055149675737e-08,1.8649713569232203e-08,1.8649436308836663e-08
2022-03-18,2.1386255245269635e-08,1.891155380675962e-08,1.8910849952009285e-08
2022-03-21,1.3685649318628187e-08,1.039579735974581e-08,1.0395298674248766e-08
2022-03-22,1.5969406924363508e-08,1.3303889696602998e-08,1.3303495868887683e-08
2022-03-23,2.8051115671177865e-07,3.0126339149544985e-07,3.012647570132813e-07
2022-03-24,1.636221235127072e-08,1.508094672838754e-08,1.5086712765654467e-08
2022-03-25,2.655619653059768e-08,2.6619088898460036e-08,2.6619010630191098e-08
2022-03-28,2.3991906643941694e-08,2.3030148377963627e-08,2.30307293839377e-08
2022-03-29,6.625237472413725e-08,6.472320135738364e-08,6.472376462038413e-08
2022-03-30,1.6774428055444903e-08,1.5721593173299575e-08,1.5721835277341017e-08
2022-03-31,1.2161342784853513e-08,1.0931324812517254e-08,1.0931401490549757e-08
2022-04-01,2.2811261513136515e-08,2.0210472004196458e-08,2.0210917900579215e-08
2022-04-04,4.162208603470442e-08,4.378506455023699e-08,4.378548425493136e-08
2022-04-05,3.270030692307448e-08,3.095733468685111e-08,3.095762181494769e-08
2022-04-06,2.939427725734871e-07,2.984577911418667e-07,2.9845824070456524e-07
2022-04-07,6.7501209920092e-08,6.190563157658927e-08,6.188876817239578e-08
2022-04-08,2.660550451368706e-08,2.802062966814765e-08,2.8022236868167535e-08
2022-04-11,3.033067359673838e-08,2.989162664582792e-08,2.9889887246917336e-08
2022-04-12,1.6008515381750328e-07,1.5424859690580103e-07,1.5426136488688707e-07
2022-04-13,1.1577579401856017e-07,1.15810157168856e-07,1.1580329901150175e-07
2022-04-14,2.277212481451206e-08,2.4025381540586794e-08,2.4024710686055e-08
2022-04-15,3.12560924583547e-08,2.917041373737246e-08,2.9171190284451995e-08
2022-04-18,4.746358895411004e-08,4.7524432975276966e-08,4.7526283517174765e-08
2022-04-19,1.520963717864871e-08,1.5875997021108142e-08,1.5871924221296563e-08
2022-04-20,2.0092957055318434e-08,1.991832521887034e-08,1.9918328223040748e-08
2022-04-21,5.074253823753776e-07,5.073792924801573e-07,5.073882551806723e-07
2022-04-22,2.979022717896778e-08,2.9124247213267516e-08,2.9120692580837366e-08
2022-04-25,5.1344770697476754e-08,4.438963922564483e-08,4.438953079188861e-08
2022-04-26,2.607412838670506e-08,2.9956380838147064e-08,2.9957046624282906e-08
2022-04-27,1.4909476655398795e-08,1.4634038959428117e-08,1.4633477758529111e-08
2022-04-28,5.873713086787766e-08,5.959702695625771e-08,5.9597165172504596e-08
2022-04-29,1.7051689888656508e-07,1.6211991305912624e-07,1.62115272371549e-07
2022-05-02,6.907569677215652e-08,7.116155090351514e-08,7.116525419375518e-08
2022-05-03,4.5698380384380804e-08,4.7668988772542505e-08,4.7664011460264134e-08
2022-05-04,5.223732302292687e-08,5.0518934135025273e-08,5.052306857517199e-08
2022-05-05,1.851708837092322e-08,2.0821671122607328e-08,2.0821618885133664e-08
2022-05-06,7.280402513286268e-08,7.050155383340854e-08,7.05081724709e-08
2022-05-09,1.2375803827639307e-07,1.198866788089158e-07,1.19888621396257e-07
2022-05-10,4.595828341258433e-08,4.294032353502696e-08,4.2915705969013765e-08
2022-05-11,5.376999188665407e-08,5.554385453148305e-08,5.55478727664498e-08
2022-05-12,5.158954401931215e-08,5.055434084628891e-08,5.055485730263265e-08
2022-05-13,1.794388695654362e-08,1.9034604542681285e-08,1.903433661776948e-08
2022-05-16,4.8127832289496094e-08,5.0560812931987e-08,5.0558200262949586e-08
2022-05-17,1.7917469354412053e-08,1.8510077125630434e-08,1.8508235569229968e-08
2022-05-18,3.107924957658077e-08,3.04281409554579e-08,3.042754821500562e-08
2022-05-19,2.5853491692429854e-08,2.5644012582900925e-08,2.5639087946097292e-08
2022-05-20,8.438638860644558e-08,8.883189456212556e-08,8.884168589108127e-08
2022-05-23,3.875630989274536e-08,4.105787675030439e-08,4.1068282107483324e-08
2022-05-24,1.8447607867148374e-07,1.8258410361210867e-07,1.826002570285478e-07
2022-05-25,3.1216309416927294e-08,3.4610930913268286e-08,3.46217417232296e-08
2022-05-26,2.7305430234680818e-08,3.143789849359019e-08,3.143599809990499e-08
2022-05-27,2.0929238274321835e-08,2.169010886011137e-08,2.168920551448905e-08
2022-05-30,3.07799048110261e-08,2.9857541408491166e-08,2.985796000537091e-08
2022-05-31,6.342566878803591e-08,6.161361484031513e-08,6.161284961955831e-08
2022-06-01,4.0626705234602086e-08,4.05271571632687e-08,4.052165283137262e-08
2022-06-02,3.516065009374337e-08,3.612555084842592e-08,3.6129602875519974e-08
2022-06-03,1.8599360564574418e-08,1.9573794186506985e-08,1.9571365489475572e-08
2022-06-06,6.096671697658151e-08,6.181897217169479e-08,6.182213302789534e-08
2022-06-07,1.18984729678473e-07,1.163386259281803e-07,1.1634037413291927e-07
2022-06-08,7.30913676954824e-08,6.977057647585238e-08,6.978546939816283e-08
2022-06-09,7.276430959921584e-08,7.325062639796273e-08,7.325095155958049e-08
2022-06-10,1.1588237750551754e-07,1.1039830383470898e-07,1.1040304879912966e-07
2022-06-13,2.0815320801624422e-08,2.406647232229434e-08,2.4067138015139454e-08
2022-06-14,1.1422687865684962e-07,1.1050124904603319e-07,1.1050404409343085e-07
2022-06-15,5.284079837141894e-08,4.9990501773806536e-08,4.99909260459217e-08
2022-06-16,2.4143340415335885e-08,2.4764505308800497e-08,2.47653034106546e-08
2022-06-17,1.2921416263338346e-07,1.2049331350336253e-07,1.2049492714504923e-07
2022-06-20,4.2360800414346654e-08,4.7157117703244655e-08,4.715825032241484e-08
2022-06-21,6.713964175877113e-08,6.974807916268544e-08,6.974795963967867e-08
2022-06-22,2.909509647193137e-08,3.080029378905567e-08,3.0798630644912474e-08
2022-06-23,7.247421907972715e-08,6.919941789226375e-08,6.919859097851994e-08
2022-06-24,5.273309024715298e-08,5.3063860594236844e-08,5.306449693278436e-08
2022-06-27,2.698651105054579e-08,2.9731939556275208e-08,2.972900400101198e-08
2022-06-28,2.0947924705752433e-07,2.0223509002314342e-07,2.0223788291414147e-07
2022-06-29,5.365511261157945e-08,5.623772538298836e-08,5.6242283223809745e-08
2022-06-30,2.60062552845741e-08,2.9044066680396397e-08,2.904189903066885e-08
2022-07-01,4.78739333992972e-08,4.864115627752557e-08,4.86402975633788e-08
2022-07-04,4.2674533810899174e-08,3.944083827958636e-08,3.943982166298371e-08
2022-07-05,1.842859407992796e-08,1.937256225490108e-08,1.9372271706707054e-08
2022-07-06,4.131332540409471e-08,4.128473061379068e-08,4.128399571002431e-08
2022-07-07,2.673736849974036e-08,2.7718936960977627e-08,2.771630988801115e-08
2022-07-08,2.2028930387619984e-08,2.0705984459276496e-08,2.070614590255513e-08
2022-07-11,2.377768550243931e-07,2.384599255486653e-07,2.384592170901129e-07
2022-07-12,4.877085578589718e-08,5.1493017313066175e-08,5.1500782617351535e-08
2022-07-13,2.4737867658619567e-08,2.6498396009699474e-08,2.6496288144956186e-08
2022-07-14,9.02556964839424e-08,9.243710496115762e-08,9.24370572708872e-08
2022-07-15,2.1353675776728107e-08,2.160154579056403e-08,2.1600063169606772e-08
2022-07-18,1.2526451674548057e-07,1.1993288959866149e-07,1.199345285088052e-07
2022-07-19,4.4701792856256175e-08,4.2864357377192146e-08,4.286183842537401e-08
2022-07-20,5.959447412911925e-08,5.8469644552545035e-08,5.8469555625415075e-08
2022-07-21,3.306090840715395e-08,3.3696757242266325e-08,3.369620869931405e-08
2022-07-22,6.478427647184818e-08,6.412442531905826e-08,6.412365148211807e-08
2022-07-25,2.213769137713239e-06,2.16422084605048e-06,2.1642580338616374e-06
2022-07-26,1.2622056577906713e-08,2.7255423710150733e-08,2.7285161711474765e-08
2022-07-27,1.4164239840065462e-06,1.3293182825177037e-06,1.329320905484667e-06
2022-07-28,3.0231837395425956e-08,4.995656134991352e-08,4.997722226321975e-08
2022-07-29,5.1363511607475416e-08,6.43267853591245e-08,6.432420591923755e-08
2022-08-01,1.2512785025507822e-07,1.2898288274522097e-07,1.2898162019174685e-07
2022-08-02,7.258731499808902e-08,6.756324439332265e-08,6.756512805523604e-08
2022-08-03,1.507037792293554e-08,2.8105106218856816e-08,2.81068745496727e-08
2022-08-04,4.543269349350589e-08,5.175642364725566e-08,5.175623111204172e-08
2022-08-05,1.255451498927091e-07,1.2955706358220086e-07,1.2955533477022563e-07
2022-08-08,7.855250247077029e-08,8.344042843473502e-08,8.344276450394483e-08
2022-08-09,4.539369131669321e-08,4.457695614406047e-08,4.4577621920251275e-08
2022-08-10,3.70688044845506e-08,4.387445388797598e-08,4.387569074005378e-08
2022-08-11,3.2742324629894324e-08,3.426965832805982e-08,3.426873958790366e-08
2022-08-12,4.91884183752566e-07,4.7159729970136256e-07,4.71598001267423e-07
2022-08-15,5.187102775239972e-08,5.030410629990653e-08,5.02999709884075e-08
2022-08-16,5.325397274902387e-08,6.089355681201365e-08,6.089392001730956e-08
2022-08-17,7.966033823104239e-08,6.500380649962588e-08,6.500601479660316e-08
2022-08-18,6.424669373214046e-08,6.965147008441856e-08,6.965478308784085e-08
2022-08-19,2.7430885161576414e-08,3.4984175138956e-08,3.498113350062043e-08
2022-08-22,3.175325278514191e-08,3.86782778193144e-08,3.867747073830958e-08
2022-08-23,6.893557847034494e-08,7.409286392447651e-08,7.409197304749588e-08
2022-08-24,2.442682460427265e-08,2.7850775045454978e-08,2.78483142143256e-08
2022-08-25,1.2042388255267567e-07,1.1138806636627832e-07,1.1138998208093664e-07
2022-08-26,7.659636336296549e-07,7.291032759576796e-07,7.290848692014488e-07
2022-08-29,5.3861168696773963e-08,6.247783325390715e-08,6.248805850220198e-08
2022-08-30,3.006277260981596e-08,3.051770209578433e-08,3.0517519627403536e-08
2022-08-31,6.114958729892416e-08,5.7451956194973104e-08,5.7451223540203234e-08
2022-09-01,9.804338920268168e-08,9.19675605514907e-08,9.196844263248883e-08
2022-09-02,2.3712124741143496e-08,3.204258675358115e-08,3.2044509383498997e-08
2022-09-05,1.429220008415818e-07,1.2618260047331636e-07,1.2618398453439376e-07
2022-09-06,1.2555948966392586e-07,1.1848214403083848e-07,1.1848092565228412e-07
2022-09-07,7.65016648043896e-08,8.005449634076397e-08,8.00558303682113e-08
2022-09-08,3.931169622553228e-07,3.623078605139281e-07,3.6230998753911887e-07
2022-09-09,1.244742991637656e-07,1.3163767141306557e-07,1.316415234636474e-07
2022-09-12,6.330558087013066e-08,6.340744888040793e-08,6.340822108844101e-08
2022-09-13,3.4755696018241194e-07,3.1341489437239e-07,3.1342068599036337e-07
2022-09-14,2.8376174391797698e-08,4.202603373911095e-08,4.203120951207867e-08
2022-09-15,1.1534429680900798e-07,1.156092557742677e-07,1.1560945161722646e-07
2022-09-16,3.45471211989751e-08,4.036379780614074e-08,4.03655943357212e-08
2022-09-19,7.178756489736529e-08,8.081035415000271e-08,8.080927896252403e-08
2022-09-20,1.4693012499543313e-07,1.383825557247796e-07,1.3838189683605505e-07
2022-09-21,5.3995585994410234e-08,5.783041385445568e-08,5.783299868912975e-08
2022-09-22,7.82368473633661e-08,8.06708702581581e-08,8.067035936812752e-08
2022-09-23,3.155318527624654e-08,3.7605222362967656e-08,3.7605121793065746e-08
2022-09-26,2.0228969175474527e-08,2.607317071536595e-08,2.6071903218236218e-08
2022-09-27,2.3385210817889885e-07,2.3427632433224254e-07,2.3427700267228323e-07
2022-09-28,5.4660755542520626e-08,6.03955130547986e-08,6.039114788832756e-08
2022-09-29,3.1470598756556734e-08,3.622817601962698e-08,3.622703676829678e-08
2022-09-30,7.29686232078296e-08,7.254116710957566e-08,7.254055310344532e-08
2022-10-03,9.431063782233402e-08,9.541523419062766e-08,9.54142998042153e-08
2022-10-04,7.547898635074827e-08,7.430959559649644e-08,7.430938068987302e-08
2022-10-05,2.034997477524132e-07,1.8884480554128929e-07,1.8884712365895105e-07
2022-10-06,3.370917759154106e-08,3.798732435631646e-08,3.798910545078713e-08
2022-10-07,2.4879401638412997e-08,2.9998849538928304e-08,2.999816132391695e-08
2022-10-10,2.7619816644484423e-08,3.245898977450348e-08,3.245829397956532e-08
2022-10-11,3.036862636133201e-08,2.9318947474019495e-08,2.9319336206168654e-08
2022-10-12,2.8388379799522953e-08,3.230212608170132e-08,3.230251567147287e-08
2022-10-13,5.192858341710705e-08,5.02042289356526e-08,5.020535086615183e-08
2022-10-14,6.997725688160897e-08,6.980878031536131e-08,6.980815090993925e-08
2022-10-17,6.560344702546728e-08,6.689457525638386e-08,6.689662174453514e-08
2022-10-18,3.5445901658953904e-08,3.6486080459731525e-08,3.6484900872825425e-08
2022-10-19,3.4294425220365874e-08,3.606629975720576e-08,3.606552255545949e-08
2022-10-20,1.3698535606221594e-06,1.3581204402663031e-06,1.358134413944366e-06
2022-10-21,2.9916133376854344e-07,2.6829548860950747e-07,2.682309745709726e-07
2022-10-24,1.6139537991860092e-08,2.8238672783820384e-08,2.8245225572080638e-08
2022-10-25,7.214126048520669e-08,8.145127736389927e-08,8.145010077321208e-08
2022-10-26,9.519183038528706e-08,9.914805962335178e-08,9.914568690719494e-08
2022-10-27,2.769142766121367e-08,3.56952928008931e-08,3.5693687760984734e-08
2022-10-28,4.588022746734397e-08,4.898439790044591e-08,4.89826007941928e-08
2022-10-31,2.802560864832981e-07,2.591228359383204e-07,2.5911904572005105e-07
2022-11-01,4.956909376215881e-08,4.995642667829094e-08,4.9958940408147046e-08
2022-11-02,1.416737413204115e-08,2.1900978731017023e-08,2.1901320091433714e-08
2022-11-03,2.4940500672926715e-08,2.8404948433557647e-08,2.8404584908221898e-08
2022-11-04,5.909448103339532e-08,5.806844224158896e-08,5.806921381043382e-08
2022-11-07,4.4720108391965185e-08,4.6206762532494345e-08,4.620690811951082e-08
2022-11-08,1.6683545547920495e-07,1.565921641161976e-07,1.5659274162407216e-07
2022-11-09,2.6919543219929718e-08,3.139048213654125e-08,3.139363485062436e-08
2022-11-10,5.217430617903598e-08,5.3864198166577846e-08,5.386295101787615e-08
2022-11-11,9.949152023196639e-08,9.198269970181118e-08,9.198379955726614e-08
2022-11-14,8.13570227070455e-08,8.170183037176369e-08,8.170204616385297e-08
2022-11-15,1.022570073951892e-07,1.0512480106771806e-07,1.0512497488537111e-07
2022-11-16,7.113060356160733e-08,7.697670292647985e-08,7.697363427563071e-08
2022-11-17,3.720335214137499e-08,4.06481774279918e-08,4.064567926375413e-08
2022-11-18,4.70619884989736e-08,4.6293814465083376e-08,4.629278075868403e-08
2022-11-21,3.434601220811148e-08,3.616799269673239e-08,3.616713303260871e-08
2022-11-22,5.631196054848455e-08,5.478187683043989e-08,5.47809327082407e-08
2022-11-23,1.4865300919175778e-08,1.919234404427835e-08,1.919209752413729e-08
2022-11-24,1.1815258718010945e-08,1.3906366229954675e-08,1.390634818138203e-08
2022-11-25,4.5478415510681447e-08,4.6577135058635685e-08,4.6576864717002673e-08
2022-11-28,1.1900565624076134e-07,1.1878345816666317e-07,1.1878651948426706e-07
2022-11-29,3.2359397653913654e-08,3.059891876314121e-08,3.059867955457289e-08
2022-11-30,2.2412684223259623e-08,2.4597506469991015e-08,2.4598182628049048e-08
2022-12-01,6.215161832684936e-08,6.18196116453792e-08,6.181942472513118e-08
2022-12-02,9.271191366195835e-07,9.187739392161128e-07,9.187826877633338e-07
2022-12-05,2.4909201506446058e-08,3.1227752057288816e-08,3.1244108442989615e-08
2022-12-06,8.072287327946448e-08,8.670830822809389e-08,8.670731842384738e-08
2022-12-07,3.817501994822549e-08,4.20353512373475e-08,4.203407907467452e-08
2022-12-08,9.103916248225923e-08,8.445749338624212e-08,8.445941459523057e-08
2022-12-09,2.6278895661017682e-08,2.6292810916043148e-08,2.6292256609441218e-08
2022-12-12,3.0031566187291466e-08,3.348415131133167e-08,3.348405207468874e-08
2022-12-13,1.3790527977802493e-07,1.3667176839807774e-07,1.3667049799968895e-07
2022-12-14,2.2507711124615739e-07,2.2557340185134562e-07,2.255744160454179e-07
2022-12-15,2.0291275662338494e-07,1.915559729339073e-07,1.9155795035331187e-07
2022-12-16,5.731275724663647e-08,5.426503001466223e-08,5.4261677106824115e-08
2022-12-19,2.41698845629515e-08,3.172689146990155e-08,3.1728154676804055e-08
2022-12-20,9.050006534832616e-08,9.115949792321029e-08,9.115997415685399e-08
2022-12-21,3.477265389915837e-08,3.8746075612700934e-08,3.874559096967712e-08
2022-12-22,8.531125363319585e-08,8.242575101006443e-08,8.242497365173299e-08
2022-12-23,5.2298311153403284e-08,5.32500770753609e-08,5.324978808655504e-08
2022-12-26,3.741349594511154e-08,3.9512282044158866e-08,3.9512089017887624e-08
2022-12-27,1.3708940523581546e-07,1.316973853891842e-07,1.3169788126276496e-07
2022-12-28,2.7279501394524726e-08,2.9355198731854142e-08,2.9355569760539577e-08
2022-12-29,1.0033659121513753e-07,1.0065419553497578e-07,1.0065518954691904e-07
2022-12-30,4.598986632560793e-08,4.6571250415207075e-08,4.657328706343372e-08
