Model,Covariance Type,Ann. Return,Ann. Std,Ann. Std (fcst),Real / Fcst Std,Ann. Sharpe,Ann. Sortino,Max Drawdown,Calmar Ratio,CVaR (95%),Skewness,Excess Kurtosis
ERC,GARCH,0.07914830806225237,0.14192374669767593,0.1416052785872623,1.0022489847383578,0.5576819235955843,0.7987472923217082,-0.1992043800733838,0.39732212732016914,-0.020399580959948774,0.017813014812936786,5.636409826327509
ERC,Historical,0.07882042505899634,0.14313376870659217,0.1665055959616783,0.8596333827695184,0.5506766556295264,0.7889898466169059,-0.207164495037096,0.3804726531198424,-0.0205880408265737,0.03125808657072287,5.49664923446377
MVP,GARCH,0.07073579500430882,0.12136763317502482,0.10496677538793402,1.1562480863728246,0.5828225627692715,0.8307551870756581,-0.17096583480062255,0.41374228416338094,-0.017087859819924146,-0.2585441688388059,6.38584016514669
MVP,Historical,0.03928371063084013,0.11615042917850396,0.13009940802696313,0.8927821497422322,0.3382140807286005,0.4763762920700744,-0.19676492775168053,0.19964793055201685,-0.01650049472883194,-0.2113272322980501,5.7910446160840925
Naive,N/A,0.08621816016984729,0.15771963116827556,0.18289805025154932,0.8623363176991523,0.5466545891034876,0.7866462385091012,-0.20982839182288204,0.41089844620562493,-0.022436929114932412,0.11279707474275644,5.376689180430154
