Date,Historical,GARCH,DCC
2000-12-21,3.2519558622830374e-08,3.454904401087584e-08,3.482829556237965e-08
2000-12-22,5.428632356400563e-08,5.074572527650085e-08,4.993499536967824e-08
2000-12-25,2.0098352969180573e-08,2.115282271510947e-08,2.089724471892372e-08
2000-12-26,8.763329167473898e-08,9.047456274436412e-08,8.955272307589284e-08
2000-12-27,1.0296198982456749e-08,8.818475238340494e-09,9.108312154699832e-09
2000-12-28,5.313193245730478e-08,5.820337541966566e-08,5.8390412332334046e-08
2000-12-29,3.6829263068904416e-08,3.527784784809331e-08,3.511204429253791e-08
2001-01-01,1.360921932744769e-08,1.0957676999126877e-08,1.0811484885411546e-08
2001-01-02,3.931758245966845e-08,3.8943494863717695e-08,3.871471873939509e-08
2001-01-03,2.44875537098716e-08,2.2003814580404234e-08,2.1903909054323468e-08
2001-01-04,1.2347829188333844e-08,9.221030008383246e-09,9.232020314413246e-09
2001-01-05,1.1555325163717271e-07,1.1496632883905966e-07,1.142662220232264e-07
2001-01-08,7.603801546209718e-09,6.42128349623317e-09,6.329430589503452e-09
2001-01-09,2.2614737216672348e-08,1.9579320087869136e-08,1.972612795655243e-08
2001-01-10,1.8553752737346312e-08,1.9887935102810462e-08,1.9957624723889615e-08
2001-01-11,2.998725788974767e-08,2.751507786874195e-08,2.7701917236337517e-08
2001-01-12,7.38548606643923e-08,8.386733096581199e-08,8.441254066418508e-08
2001-01-15,9.20154463516008e-08,9.074134552684131e-08,9.012715364061226e-08
2001-01-16,1.7449769643242344e-07,1.6915060964177517e-07,1.6668607991477873e-07
2001-01-17,8.841664761774597e-08,7.707155049569215e-08,7.736316946353487e-08
2001-01-18,3.9297174824201684e-08,4.3095824281049874e-08,4.2925380292230983e-08
2001-01-19,3.589365625504644e-07,3.44941093819165e-07,3.411263428280002e-07
2001-01-22,2.6808766132287313e-07,2.3788124421808853e-07,2.3568674508734364e-07
2001-01-23,4.586309488111441e-08,5.639017573087277e-08,5.861788635670604e-08
2001-01-24,1.3818546969737163e-08,2.588764045618338e-08,2.7159061767030746e-08
2001-01-25,3.260648622780243e-07,3.151939051014191e-07,3.093906804988601e-07
2001-01-26,1.851172335055935e-07,1.5807872916992399e-07,1.5274744418578408e-07
2001-01-29,2.1711651294052498e-08,3.62713863251444e-08,3.915547844536959e-08
2001-01-30,1.965639736461403e-08,2.935204770631327e-08,3.1333700361352075e-08
2001-01-31,1.8835205858319626e-07,1.672663002209825e-07,1.6478414562599128e-07
2001-02-01,1.540857055881678e-08,1.8585700590984385e-08,1.9804058127715626e-08
2001-02-02,6.30865775095144e-08,6.123346019411008e-08,5.985797578532815e-08
2001-02-05,1.5557385904225385e-07,1.4177661351959694e-07,1.3825305857130023e-07
2001-02-06,1.650634117254493e-07,1.6663004270356624e-07,1.680150972213449e-07
2001-02-07,9.016941585813248e-08,9.370719932582184e-08,9.241134755356185e-08
2001-02-08,5.922203733229242e-07,5.478184802059211e-07,5.417222950375761e-07
2001-02-09,7.026231069523137e-08,7.402080127368037e-08,7.624513801984768e-08
2001-02-12,7.606208365837217e-08,8.851733136576555e-08,9.223289074954582e-08
2001-02-13,2.686123034103427e-08,4.020356337284697e-08,4.105070932037863e-08
2001-02-14,2.063945499914142e-08,2.8061819665538227e-08,2.9582963474464912e-08
2001-02-15,2.8702959619775965e-08,3.266648524667834e-08,3.28679094951114e-08
2001-02-16,9.488844970108847e-08,9.389894760258247e-08,9.476491056237742e-08
2001-02-19,3.554312073679595e-08,4.0140061335244567e-08,4.033008352668393e-08
2001-02-20,5.257728718039701e-08,5.1673353271622845e-08,5.1306461184470615e-08
2001-02-21,2.507104949279216e-08,2.539365924611301e-08,2.5201546070664627e-08
2001-02-22,1.0051432790638163e-08,1.3917424111830669e-08,1.4140959411980758e-08
2001-02-23,2.353181524322174e-08,2.4777002005827085e-08,2.512651474091511e-08
2001-02-26,1.877463751563848e-08,1.8629184194671974e-08,1.863149703334292e-08
2001-02-27,2.0191337396998827e-08,2.1309525842808755e-08,2.1293508278222858e-08
2001-02-28,3.6972407646363354e-08,3.705797571640013e-08,3.681546347150449e-08
2001-03-01,1.8123694217752463e-08,1.573834725879076e-08,1.5401756146106807e-08
2001-03-02,3.0458760317743755e-08,2.7355062677250443e-08,2.7012280516951792e-08
2001-03-05,1.8180618150513622e-08,1.4408700801173826e-08,1.3874413628868195e-08
2001-03-06,2.5066726772666714e-08,2.039472877352698e-08,2.007049898924781e-08
2001-03-07,3.3767346649601126e-08,3.1295185342106866e-08,3.090491247490952e-08
2001-03-08,2.2382002618371446e-08,2.375144215509984e-08,2.4348778320890674e-08
2001-03-09,2.078077350931744e-08,1.699644461161347e-08,1.6299985870326455e-08
2001-03-12,1.589411886897441e-08,1.2635666658419585e-08,1.2242978087017335e-08
2001-03-13,1.2161611442273722e-07,1.2770926002914552e-07,1.2703528380939032e-07
2001-03-14,4.8035621169179805e-08,4.589043355917529e-08,4.512350073085287e-08
2001-03-15,1.5939188806931365e-08,1.3385039380662613e-08,1.3097003000235345e-08
2001-03-16,1.6130580471053844e-07,1.659971716618626e-07,1.674367288099964e-07
2001-03-19,1.9094554652190753e-08,1.9480456168323674e-08,1.952116963997925e-08
2001-03-20,1.1271459896142731e-07,1.1728869552677587e-07,1.1761467571371504e-07
2001-03-21,3.581060414986467e-08,3.290149821344025e-08,3.10174372164198e-08
2001-03-22,1.8422967298551028e-08,1.6118959573142e-08,1.5160076569819094e-08
2001-03-23,4.010479292868996e-08,3.96533566068417e-08,3.897021462960671e-08
2001-03-26,8.246707187977481e-08,7.763622643268352e-08,7.593272990506045e-08
2001-03-27,1.3593245768810705e-08,1.658699338542945e-08,1.7219466769034087e-08
2001-03-28,2.7163158618734397e-08,2.897879384101237e-08,2.9581207082051557e-08
2001-03-29,2.516770544679949e-07,2.49087454717433e-07,2.4454083350694397e-07
2001-03-30,2.803736103049131e-08,3.14235044700085e-08,3.315425251119833e-08
2001-04-02,1.2125194089223926e-08,1.4582330034255512e-08,1.573347090670902e-08
2001-04-03,1.8078192909918602e-08,1.9531101312634352e-08,1.9790672045067182e-08
2001-04-04,2.4569409858347393e-08,2.4496072986564046e-08,2.538581861468215e-08
2001-04-05,3.1342500170201885e-08,3.045045475204749e-08,3.07428783348079e-08
2001-04-06,2.6577858790002238e-08,2.458423116848156e-08,2.4102628209738743e-08
2001-04-09,6.787813905147628e-08,6.753880253999682e-08,6.814673959812584e-08
2001-04-10,1.7484141969687485e-08,1.553486414635486e-08,1.5731022165284107e-08
2001-04-11,2.8917558963689745e-08,2.7333559562081803e-08,2.7278016324921425e-08
2001-04-12,1.2644939367865792e-08,1.076007016662411e-08,1.0739979751136695e-08
2001-04-13,2.8871659770857364e-08,2.7217379094647117e-08,2.7074156795483563e-08
2001-04-16,3.23721307534454e-08,2.9043166539518325e-08,2.8726494789168914e-08
2001-04-17,1.87721189271453e-08,1.5817572325504348e-08,1.5487064054656855e-08
2001-04-18,2.6305066477937597e-08,2.248015803838903e-08,2.2095413919522688e-08
2001-04-19,1.3071031013354647e-08,9.671215475313807e-09,9.405872346436665e-09
2001-04-20,1.5704336398963994e-08,1.4899047132909429e-08,1.451999237524959e-08
2001-04-23,6.665422587638651e-08,6.296277508370869e-08,6.128685088251366e-08
2001-04-24,6.640217052129766e-08,6.186866104310008e-08,5.911030211814054e-08
2001-04-25,8.696093777074106e-08,8.454058147228002e-08,8.73183039142406e-08
2001-04-26,1.9593729615237774e-07,1.843468606140904e-07,1.878899190974245e-07
2001-04-27,4.315548878885264e-08,4.5105519997375984e-08,4.532665553333393e-08
2001-04-30,2.747700178184296e-08,2.506098933497351e-08,2.4932050169213387e-08
2001-05-01,2.500602412208189e-08,2.52607862651545e-08,2.5072059531140976e-08
2001-05-02,1.2275247754836023e-08,1.1551373538569687e-08,1.1135993635471165e-08
2001-05-03,1.372532008028567e-08,1.044183634836151e-08,1.0271567917443125e-08
2001-05-04,1.2659252186853012e-08,9.743819354303704e-09,9.57823459618143e-09
2001-05-07,1.3664895841761742e-08,1.0152670470951901e-08,9.590600038400344e-09
2001-05-08,2.4225421533834993e-08,2.0200435700716713e-08,1.971061479275656e-08
2001-05-09,1.8891054410311505e-08,1.567519720809632e-08,1.54228802066652e-08
2001-05-10,2.5488761699793012e-08,2.1128744765980518e-08,2.0796181780755893e-08
2001-05-11,1.2888056931712284e-07,1.2820801548451333e-07,1.284097081003663e-07
2001-05-14,3.56763748317258e-08,3.042668428124426e-08,3.031477039598459e-08
2001-05-15,3.1848739950883146e-08,2.6738028995679113e-08,2.561834878261509e-08
2001-05-16,2.5969243428878825e-08,2.0647378631429278e-08,2.086655201829331e-08
2001-05-17,1.2983992023249456e-08,1.4767033750751278e-08,1.4694992795735035e-08
2001-05-18,1.1954603637066997e-08,1.1121826634625957e-08,1.094446551561004e-08
2001-05-21,1.6184060285474218e-08,1.3326416248771318e-08,1.273315816421067e-08
2001-05-22,1.1956407306101619e-08,8.307300002690887e-09,7.83194536060492e-09
2001-05-23,2.1663430393719898e-08,1.9985527360407668e-08,1.9861892686310273e-08
2001-05-24,1.009396164572189e-07,9.371841420605678e-08,9.309316182379711e-08
2001-05-25,1.529706673384995e-08,1.5256738277104888e-08,1.4291871837781071e-08
2001-05-28,1.5637879049088516e-08,1.3223155501663495e-08,1.2335108713362723e-08
2001-05-29,1.2982776535547236e-08,8.785646681065659e-09,8.07628180354302e-09
2001-05-30,1.1634055358257983e-08,7.018624402052792e-09,6.382469965913064e-09
2001-05-31,1.3981952440700358e-07,1.4216904342093112e-07,1.4314019356738876e-07
2001-06-01,1.3894410549491765e-08,1.4164170465047485e-08,1.3826055036528531e-08
2001-06-04,2.0447542970018245e-08,2.2205127354268275e-08,2.2218797953427293e-08
2001-06-05,3.5746485525259325e-08,4.1173338619292723e-08,4.1979036399603714e-08
2001-06-06,2.78796650568608e-08,2.324259869996996e-08,2.295461082734294e-08
2001-06-07,1.3666292382681199e-08,1.1364088654826259e-08,1.0979017597696139e-08
2001-06-08,2.1214511211430122e-08,1.9894434475387893e-08,1.9635511629810343e-08
2001-06-11,1.331819366006765e-08,9.101253710040105e-09,8.761696026381632e-09
2001-06-12,1.3379458439577632e-08,9.104106111024953e-09,8.629595765651266e-09
2001-06-13,3.4842460485421026e-08,3.033148648219064e-08,3.004516422191119e-08
2001-06-14,1.3225511487908133e-08,1.0024781642915884e-08,9.477408110742921e-09
2001-06-15,1.3553441542200962e-08,1.106720483880939e-08,1.0721424199665938e-08
2001-06-18,3.167325625021519e-08,2.6444202979442858e-08,2.5806881082645735e-08
2001-06-19,2.3327215741944478e-08,1.9670077503229528e-08,1.915606215034088e-08
2001-06-20,2.0710979538213628e-08,1.669890899141483e-08,1.6492349008883392e-08
2001-06-21,1.7798413189104398e-08,1.4032464724734545e-08,1.325053165619173e-08
2001-06-22,1.1604605636653796e-08,7.687177661267865e-09,6.997285507087731e-09
2001-06-25,2.9193312488511064e-08,2.713053261255439e-08,2.7058776821663975e-08
2001-06-26,1.818594772857155e-08,1.7789867700045884e-08,1.7775530256392538e-08
2001-06-27,4.818427615305087e-08,4.426726535881297e-08,4.3466991184660854e-08
2001-06-28,5.702928199654517e-08,5.593641231890796e-08,5.602376913246145e-08
2001-06-29,1.5646315174901694e-08,1.3051912203015894e-08,1.2412404685233017e-08
2001-07-02,1.2272753836364561e-08,8.225726274453897e-09,7.483523372024948e-09
2001-07-03,1.6789151926768203e-08,1.1265443216631192e-08,1.0854690138864883e-08
2001-07-04,1.3477507609464328e-08,8.426989317032246e-09,7.778219050132532e-09
2001-07-05,1.2975876700775164e-08,8.498509643103751e-09,8.049559214898154e-09
2001-07-06,3.0006878170058884e-08,3.0966308778109234e-08,3.057019527592363e-08
2001-07-09,1.4547631841938056e-08,1.0426745744221097e-08,1.004107993070083e-08
2001-07-10,1.552229285950626e-08,1.0263853877599775e-08,9.561610940360862e-09
2001-07-11,1.6451877365259603e-08,1.1010995782509169e-08,1.0495734095183208e-08
2001-07-12,1.0035797547314668e-08,4.4155507485791894e-09,3.976197661290991e-09
2001-07-13,2.6714801972331667e-08,2.2106491273277615e-08,2.1460908725248406e-08
2001-07-16,9.293743772434894e-09,4.53989863253853e-09,4.338641035706351e-09
2001-07-17,2.3266293568642757e-08,1.7684441221409856e-08,1.69043194121481e-08
2001-07-18,6.772986960786508e-08,7.533909633521731e-08,7.700726988106852e-08
2001-07-19,1.085970315307336e-08,7.31346621267195e-09,6.973514775620722e-09
2001-07-20,8.619862387458588e-09,5.240368384999377e-09,5.0532348583772405e-09
2001-07-23,6.6850553291745645e-09,2.7683262523985414e-09,2.5395205922022715e-09
2001-07-24,1.100324757561742e-08,6.954338498276312e-09,6.723609960430236e-09
2001-07-25,2.258038134365651e-08,2.3040019858103393e-08,2.3147923582159152e-08
2001-07-26,1.8655446322629222e-08,1.461696476728701e-08,1.4318248033372447e-08
2001-07-27,2.609820077713972e-08,2.1903476138163922e-08,2.132151586052187e-08
2001-07-30,2.108830647806703e-08,1.764896800517288e-08,1.761517328393729e-08
2001-07-31,1.1832859917184236e-08,8.759702478193876e-09,8.360564151289067e-09
2001-08-01,1.9080381128410974e-08,1.4467102060534584e-08,1.419579221655931e-08
2001-08-02,1.9027724950831248e-08,1.493716524493368e-08,1.4323722314341622e-08
2001-08-03,1.0053646906546513e-08,8.558357050843996e-09,8.805706268126797e-09
2001-08-06,1.657555222579888e-08,1.9337873604360228e-08,1.991850856410905e-08
2001-08-07,1.9447314074065133e-08,2.1279259446463094e-08,2.124844878158244e-08
2001-08-08,1.1074552899462087e-08,7.213598058924608e-09,6.97019014984773e-09
2001-08-09,9.492550253290502e-09,1.0823935547633992e-08,1.0819418134812856e-08
2001-08-10,2.4114475413412068e-08,2.4721577045354517e-08,2.47274752018853e-08
2001-08-13,1.3125470464424561e-08,1.1073652017756378e-08,1.088124956803604e-08
2001-08-14,3.4210104301485926e-08,3.106126196334505e-08,3.118450608366276e-08
2001-08-15,7.985670775628118e-09,4.873084119477783e-09,4.70886201296154e-09
2001-08-16,1.147430304176537e-08,6.920786866685814e-09,6.847175574057104e-09
2001-08-17,1.7443027566297854e-08,1.3147433999712766e-08,1.2973069628905298e-08
2001-08-20,2.6526898734862942e-08,2.5090517496472934e-08,2.504913401780493e-08
2001-08-21,1.4570125609955054e-08,1.4106184753574903e-08,1.4172921747071388e-08
2001-08-22,3.8389499326172057e-08,4.778418307132059e-08,4.860682299002141e-08
2001-08-23,8.348497135682663e-09,5.286511015319462e-09,5.20221673842818e-09
2001-08-24,6.397113651165299e-08,7.36198719373078e-08,7.298128120408772e-08
2001-08-27,1.0524218596169178e-08,6.036549635615615e-09,6.090401585212643e-09
2001-08-28,5.1326964128785856e-08,4.7133689174543216e-08,4.5979159152388366e-08
2001-08-29,1.1568842027276996e-08,1.2675660293790846e-08,1.3077144577151098e-08
2001-08-30,9.839918747257822e-09,6.104486293607479e-09,6.1151285902862585e-09
2001-08-31,2.183830008650243e-08,1.8483434843236963e-08,1.8319146576621613e-08
2001-09-03,8.142935670769568e-09,7.183829829210355e-09,7.124040170612991e-09
2001-09-04,1.3790163323379481e-08,1.0228232467511294e-08,9.719201317357625e-09
2001-09-05,1.4407845767833634e-08,1.0397634793882286e-08,1.0184389640666296e-08
2001-09-06,1.0819630382227707e-08,6.791334985552802e-09,6.590408228200293e-09
2001-09-07,1.5493247838766436e-08,1.1237007571321823e-08,1.0875742425473143e-08
2001-09-10,1.3610936660449902e-08,9.464394287115077e-09,9.363219994543824e-09
2001-09-11,4.071408909502461e-08,4.223233008020423e-08,4.1837861342591746e-08
2001-09-12,3.336356666684841e-08,3.137418988744329e-08,3.0814963184313436e-08
2001-09-13,1.5679946340503567e-08,1.5384354182332333e-08,1.5331831651243294e-08
2001-09-14,7.517563724023566e-09,4.7875245205685335e-09,4.596938309441031e-09
2001-09-17,1.0340151866748137e-08,6.770355780620443e-09,6.503665292659511e-09
2001-09-18,6.963139320337933e-09,5.078890291238287e-09,5.130485397980017e-09
2001-09-19,2.1237811965888876e-08,2.1131431326300247e-08,2.1264834685031367e-08
2001-09-20,2.521782952647708e-08,2.902779112444504e-08,2.9416119406675895e-08
2001-09-21,1.5469705798111422e-08,1.3438010147717681e-08,1.3286759073610293e-08
2001-09-24,1.1108009639599279e-08,8.06870262411751e-09,7.828972999956522e-09
2001-09-25,8.29325149258668e-09,5.25688012114758e-09,4.988460643764424e-09
2001-09-26,9.311484956003663e-08,1.0062312751743993e-07,1.008917466020158e-07
2001-09-27,1.2249753451725094e-08,9.992284793574455e-09,9.648806867450043e-09
2001-09-28,6.557319967649815e-09,4.140948296249573e-09,4.083991849842498e-09
2001-10-01,2.6413221600596044e-08,2.591514563151389e-08,2.592562983166853e-08
2001-10-02,1.1094790919161977e-08,8.545655378331637e-09,8.436553403685367e-09
2001-10-03,2.0313718755659912e-08,1.8202290124445968e-08,1.801977227559427e-08
2001-10-04,1.5657986068046904e-08,1.3030660744131358e-08,1.2586927267923076e-08
2001-10-05,6.7316911521479195e-09,3.722210150001623e-09,3.5204143246703007e-09
2001-10-08,1.6909669356038584e-08,1.696817368065235e-08,1.6984425755445824e-08
2001-10-09,8.488519280972146e-09,5.820199196891464e-09,5.651655894313154e-09
2001-10-10,4.691544335621555e-08,4.872581482154452e-08,4.8746418701011163e-08
2001-10-11,2.662478244197207e-08,2.5364484738616883e-08,2.496180653663597e-08
2001-10-12,1.5737832773774812e-08,1.3409112626283739e-08,1.3065126114275495e-08
2001-10-15,2.4700503701916246e-08,2.2510171033238303e-08,2.203230247105013e-08
2001-10-16,2.4543272911420667e-08,2.0911540765793353e-08,2.0078830665741334e-08
2001-10-17,2.799663479590834e-08,2.779745949023685e-08,2.7712344248802525e-08
2001-10-18,4.093597800511129e-08,4.100274468681128e-08,4.146999578158327e-08
2001-10-19,1.2495198050879761e-08,1.1201190107898762e-08,1.1070348555045886e-08
2001-10-22,1.269981694564123e-08,1.0672052172526982e-08,1.0278426179500107e-08
2001-10-23,1.09855092212615e-08,8.16689306837602e-09,7.84008709898132e-09
2001-10-24,3.3039805192091036e-08,3.190482089072429e-08,3.13147555586799e-08
2001-10-25,1.0793728419451227e-08,8.882231646546273e-09,8.437441869600264e-09
2001-10-26,9.43870652234021e-08,9.628578816826466e-08,9.740990794469806e-08
2001-10-29,2.991284960655779e-08,2.781656729238927e-08,2.6862569421064464e-08
2001-10-30,7.937619915983291e-09,7.389086972313217e-09,7.391878808456162e-09
2001-10-31,8.473181996993828e-09,7.2689511552898496e-09,7.0132492029270734e-09
2001-11-01,5.491790837096927e-08,5.2877858262471866e-08,5.170643446586976e-08
2001-11-02,1.3175838842650441e-08,1.3329170580899557e-08,1.3515709398611677e-08
2001-11-05,3.307336418781417e-08,3.112011534240087e-08,3.100658679287479e-08
2001-11-06,3.246569916627288e-08,3.0404560061521974e-08,2.99697831099792e-08
2001-11-07,2.2002171002804567e-07,2.1434341543322728e-07,2.1268432489951446e-07
2001-11-08,2.9377109010031385e-08,2.3895396269226663e-08,2.2066503095513813e-08
2001-11-09,1.039557111224793e-08,8.160015143855761e-09,7.840653763397454e-09
2001-11-12,2.6542240081640993e-07,2.584250829208325e-07,2.539873791219798e-07
2001-11-13,1.4530589414060453e-07,1.2676483070924062e-07,1.19523948578928e-07
2001-11-14,1.0055674976165762e-08,1.3827666432623604e-08,1.5359447644454422e-08
2001-11-15,1.2266435571193472e-08,1.4314604978558824e-08,1.5610629149557637e-08
2001-11-16,9.993812774071087e-09,1.1586165153712148e-08,1.3012602014769392e-08
2001-11-19,8.659887773194308e-08,8.004370095340083e-08,7.588945649745898e-08
2001-11-20,8.534671510539875e-08,7.504392781846752e-08,7.021313610780498e-08
2001-11-21,1.0927693597127773e-07,1.0810237225269437e-07,1.0873951592628244e-07
2001-11-22,3.045027036183993e-08,2.506660627931309e-08,2.400880819180909e-08
2001-11-23,5.431969995026782e-08,5.152755719996603e-08,5.077644510196217e-08
2001-11-26,8.999169381595065e-08,7.644839429310764e-08,7.173552361473785e-08
2001-11-27,1.4695938873721787e-07,1.2638210305974632e-07,1.2468571133272195e-07
2001-11-28,7.050659757581957e-08,8.142432877596084e-08,8.357740117131763e-08
2001-11-29,2.480515927997442e-07,2.1997874436446214e-07,2.1370455628027772e-07
2001-11-30,1.3186825227874077e-07,1.138343817289786e-07,1.1046613008455485e-07
2001-12-03,1.2824517368238867e-08,2.3945440917480785e-08,2.679558356812091e-08
2001-12-04,8.552737293609859e-08,8.117442950285477e-08,7.926866165301013e-08
2001-12-05,3.625023974307043e-08,3.319266323080172e-08,3.1970491728604105e-08
2001-12-06,4.803772313203586e-08,5.122473375117204e-08,5.343017234533472e-08
2001-12-07,9.053727161880576e-08,8.883234838387491e-08,8.875492959080425e-08
2001-12-10,2.7726350567489917e-07,2.4496730058675254e-07,2.411515903999878e-07
2001-12-11,7.814792113319177e-09,1.5761020970856198e-08,1.7053854455316372e-08
2001-12-12,1.5162464479059076e-07,1.3684348228524873e-07,1.3636884697524363e-07
2001-12-13,4.3693281808056455e-08,3.8388722397874945e-08,3.885979117526898e-08
2001-12-14,3.71713907986403e-08,4.0520714682405355e-08,3.9599661588222975e-08
2001-12-17,7.701686870800196e-09,1.1460646617544404e-08,1.2198900750972119e-08
2001-12-18,3.515402141268957e-08,3.855843333573771e-08,3.9447498040871446e-08
2001-12-19,3.357173540147142e-07,3.0894255683965346e-07,3.0466949118089674e-07
2001-12-20,3.1956954832631e-07,2.9993650035039374e-07,2.936665176209743e-07
2001-12-21,1.952982741517697e-08,3.4341293952572115e-08,3.874628457018963e-08
2001-12-24,7.039069101942386e-08,7.703357955418966e-08,7.889193277342648e-08
2001-12-25,5.4828916104980225e-08,5.8844272213404314e-08,6.026335694550587e-08
2001-12-26,7.357543806906815e-08,6.765136831650691e-08,6.45421601638702e-08
2001-12-27,5.500022897909788e-08,4.922485615446195e-08,4.961590315791328e-08
2001-12-28,1.5245313600794854e-08,2.210279831739483e-08,2.3549972992308233e-08
2001-12-31,5.831725158694992e-07,5.33358954496709e-07,5.247488388404773e-07
2002-01-01,1.5826538424379817e-07,1.321304818970232e-07,1.372868675808609e-07
2002-01-02,4.2060043018304916e-08,4.7471611965525916e-08,4.6035817373946465e-08
2002-01-03,1.2985414037497544e-08,3.1450430775811616e-08,3.393955465260579e-08
2002-01-04,1.0045003908595313e-07,1.01171152382161e-07,9.987102637262602e-08
2002-01-07,3.1598302499822436e-08,2.5835430591360874e-08,2.5090800507757274e-08
2002-01-08,3.313191810597041e-08,3.5860998312182415e-08,3.693105002385128e-08
2002-01-09,1.5983526966217415e-08,1.9991018879092115e-08,2.0230814794138007e-08
2002-01-10,2.922590097704415e-08,3.158009683346011e-08,3.1106050742900494e-08
2002-01-11,1.1574323628311245e-08,1.6256076409193508e-08,1.6370218762295682e-08
2002-01-14,1.1969836990587714e-08,1.3902574049510729e-08,1.4792520873778732e-08
2002-01-15,1.7178598752019812e-07,1.600150775103485e-07,1.5876413226057723e-07
2002-01-16,3.143257624490331e-08,2.7762214967487388e-08,2.5183411759434186e-08
2002-01-17,2.0588992287159638e-08,2.2359608548533266e-08,2.2045981169903985e-08
2002-01-18,2.1738596367761983e-08,1.956847558617507e-08,2.0183132050720563e-08
2002-01-21,3.323071880054216e-08,4.0175316632452664e-08,4.022303600160677e-08
2002-01-22,1.8645169555429027e-07,1.7691663305320731e-07,1.7435945908749898e-07
2002-01-23,9.935727833934638e-09,1.5133810479304185e-08,1.6471104988352608e-08
2002-01-24,2.2449727657182117e-08,2.5550098956015765e-08,2.6605596186506815e-08
2002-01-25,6.149589691936598e-08,6.220254581209662e-08,6.260821380925403e-08
2002-01-28,5.38887585727363e-08,5.571792608896407e-08,5.560019305653492e-08
2002-01-29,5.804081202086047e-08,5.6267240093754895e-08,5.485653274447202e-08
2002-01-30,6.116611440555983e-08,6.193101765594524e-08,6.180514954344674e-08
2002-01-31,6.854445057144902e-08,6.763423990418152e-08,6.769028555306128e-08
2002-02-01,3.858823025051819e-08,4.073523635724223e-08,3.987506087312143e-08
2002-02-04,2.148150985788661e-07,2.119376733222569e-07,2.07016488591134e-07
2002-02-05,1.1102894317310314e-08,1.0623653866365043e-08,1.1297752622753542e-08
2002-02-06,5.565899673339105e-08,5.539360069903599e-08,5.415721534306491e-08
2002-02-07,4.236154268712513e-08,4.57799935744235e-08,4.576483483199361e-08
2002-02-08,1.4295416066182743e-08,1.4093647417740598e-08,1.3712201538484075e-08
2002-02-11,5.313831251697067e-08,5.273317904621493e-08,5.285473768336959e-08
2002-02-12,2.4581486633391494e-08,2.3303384398082665e-08,2.2982473147305242e-08
2002-02-13,1.7867624567921553e-08,1.9534178208427933e-08,1.9212207900593785e-08
2002-02-14,1.1572167243696333e-08,1.211269776541148e-08,1.1629859612743841e-08
2002-02-15,1.373624509945553e-08,1.3780930312990837e-08,1.4237433583169225e-08
2002-02-18,2.194684289172435e-08,1.959699333757375e-08,1.9134823086441997e-08
2002-02-19,3.525863750651052e-08,3.458724401022186e-08,3.442249093475003e-08
2002-02-20,5.783586610462688e-08,5.7603773864595475e-08,5.540311645583294e-08
2002-02-21,1.515972210926012e-08,1.4855383399702003e-08,1.3466883184798271e-08
2002-02-22,3.010462789855511e-08,2.6705237480996003e-08,2.7223211236927288e-08
2002-02-25,4.560028328900034e-08,4.6629462218149215e-08,4.726651549191056e-08
2002-02-26,1.452982669555392e-07,1.483098705906823e-07,1.484380958852907e-07
2002-02-27,3.7401474840406196e-08,3.737188767872036e-08,3.6055556118982526e-08
2002-02-28,9.328636396297843e-08,9.262742216135562e-08,9.13228613245434e-08
2002-03-01,6.359350814506041e-08,6.18674429552035e-08,6.134766106678312e-08
2002-03-04,5.84257661944629e-08,6.129533261167383e-08,6.10094681980931e-08
2002-03-05,4.607049574507453e-08,4.538662491803013e-08,4.2878319694207135e-08
2002-03-06,2.6806264332957935e-08,2.726836555636099e-08,2.6085826589349213e-08
2002-03-07,7.758908680992696e-08,7.68675319250683e-08,7.456644431352287e-08
2002-03-08,5.8651846976645616e-08,5.6626132329187314e-08,5.3096266262713e-08
2002-03-11,1.4070290428719217e-08,1.6879547332283403e-08,1.606665390837798e-08
2002-03-12,6.105752574320931e-08,6.124953209585347e-08,6.323632384851935e-08
2002-03-13,1.4173834682306164e-08,1.4716656609345521e-08,1.4594984783995957e-08
2002-03-14,4.607975429396072e-08,4.7750867746157037e-08,4.7577816295727464e-08
2002-03-15,1.2441732637501935e-07,1.2316015533439318e-07,1.1708485809505935e-07
2002-03-18,2.434554811306098e-07,2.412005612528698e-07,2.3686915751158007e-07
2002-03-19,2.0802694666696992e-08,2.3079886154012112e-08,2.0168821768543926e-08
2002-03-20,2.445041192236431e-07,2.2943789233450676e-07,2.1546013541399141e-07
2002-03-21,9.214728119009838e-08,8.137174417875239e-08,8.075313428872961e-08
2002-03-22,1.8515511561758142e-07,1.5772944268884521e-07,1.621340705548939e-07
2002-03-25,1.4798278002793429e-08,2.1402719690690256e-08,2.524212917704676e-08
2002-03-26,4.666325628004216e-08,5.0962088758831186e-08,5.320606398782295e-08
2002-03-27,6.95256910197281e-08,6.18062774026491e-08,6.069257704714053e-08
2002-03-28,4.953423616362964e-08,4.9041076003727395e-08,5.1519497999109483e-08
2002-03-29,3.416413009205996e-07,3.2000062660683283e-07,3.0434406664320174e-07
2002-04-01,4.5409906212321604e-07,4.2447501833782155e-07,4.010194502871277e-07
2002-04-02,1.3037005419021837e-08,2.9162564246740242e-08,3.3982019560436665e-08
2002-04-03,3.680343374813348e-08,4.408753543734048e-08,4.411501501038354e-08
2002-04-04,4.256200548489162e-08,4.989682996431492e-08,5.076890704106461e-08
2002-04-05,5.19328828128443e-08,5.089347153750156e-08,4.457737015242356e-08
2002-04-08,1.9011506948573933e-08,2.14201495435836e-08,2.3080354683081626e-08
2002-04-09,2.8333240157325752e-08,3.2673858882663e-08,3.2823277706239145e-08
2002-04-10,1.6837307885241535e-07,1.6290103386819651e-07,1.559318585308974e-07
2002-04-11,4.9717710394953175e-08,5.1825416776887836e-08,5.03508137780617e-08
2002-04-12,9.250217116964545e-08,8.947712336129449e-08,8.284891205750212e-08
2002-04-15,6.354726553872141e-08,7.309501800648157e-08,7.503828591126049e-08
2002-04-16,3.8640846577888644e-08,4.1484885838598203e-08,3.947226095086945e-08
2002-04-17,3.41449327179244e-08,3.5752032003634584e-08,3.3082687604415264e-08
2002-04-18,1.2957716391048585e-08,1.7048107696233606e-08,1.8057600696608687e-08
2002-04-19,1.017501907094577e-07,9.334922799577874e-08,9.431785793711768e-08
2002-04-22,3.8479809652498913e-08,3.929836946527978e-08,3.618545397990577e-08
2002-04-23,3.985546943622944e-08,4.773075097520724e-08,4.9201572127448166e-08
2002-04-24,1.6915076439160838e-06,1.6221385067991136e-06,1.608051176214489e-06
2002-04-25,2.8785725639048936e-08,3.18568578817553e-08,3.384209371840668e-08
2002-04-26,9.529853976271747e-09,2.288857245190252e-08,2.9432553174371122e-08
2002-04-29,4.415745305392404e-08,5.36746353506028e-08,5.595003724706688e-08
2002-04-30,5.369898725633299e-08,6.054157717954765e-08,6.363989229818527e-08
2002-05-01,1.521098821113943e-07,1.2441660097311158e-07,1.182320553477839e-07
2002-05-02,2.5983324550778362e-08,3.472055226636392e-08,3.822954771339231e-08
2002-05-03,1.901448375317903e-07,1.7029900962955585e-07,1.6695003523894828e-07
2002-05-06,1.6146340049919348e-08,3.0080492402827634e-08,3.205300622119695e-08
2002-05-07,1.4453403737434785e-08,2.8381214888518897e-08,3.11042574736476e-08
2002-05-08,9.8786270043348e-07,9.021251703609437e-07,8.800877338327971e-07
2002-05-09,3.741153319316188e-06,3.407194828192614e-06,3.3160847489480544e-06
2002-05-10,3.904384255382672e-08,8.357171156000207e-08,1.0608495320741535e-07
2002-05-13,5.334197932673807e-07,3.234476473932247e-07,2.931535520747336e-07
2002-05-14,9.178363056443322e-08,8.916077516601981e-08,8.994839570916982e-08
2002-05-15,9.773310428383512e-07,7.218663636059248e-07,6.722751106846868e-07
2002-05-16,2.311377147824329e-08,1.356796115561671e-07,1.6665641023202994e-07
2002-05-17,7.028025101274232e-08,1.2052450252566147e-07,1.45978350512374e-07
2002-05-20,5.653266956458785e-08,9.413705788176193e-08,1.0569259428930788e-07
2002-05-21,1.3778927569477368e-07,1.0688256663121217e-07,1.0317025481529367e-07
2002-05-22,2.4545208233120384e-08,7.244961286045232e-08,8.524714883093906e-08
2002-05-23,4.652459519744434e-07,3.6840579402394005e-07,3.475590268352962e-07
2002-05-24,9.653622506025945e-08,5.313015631098343e-08,5.2961578523288596e-08
2002-05-27,2.0272266972805888e-08,7.274497676656603e-08,8.570372879335225e-08
2002-05-28,7.209009595621914e-08,5.710286998123474e-08,5.38007498457221e-08
2002-05-29,5.804462754816078e-07,4.444313068285349e-07,4.215265731028619e-07
2002-05-30,1.6229242297974316e-07,1.0908358649859211e-07,1.1131530632329325e-07
2002-05-31,2.8784689792490497e-08,5.5663372439347215e-08,6.38364959379364e-08
2002-06-03,1.728318042216471e-07,1.2143777536458409e-07,1.1882610313540417e-07
2002-06-04,6.170480029856606e-08,9.003676265802866e-08,9.261183367591498e-08
2002-06-05,2.695860457555251e-08,7.217449893265206e-08,8.050756963481651e-08
2002-06-06,2.0837057047928716e-08,4.9335905318420416e-08,5.405049482216487e-08
2002-06-07,9.851064369155647e-08,9.270347769839951e-08,9.252536517334978e-08
2002-06-10,3.0558923770229116e-08,4.898213160721668e-08,5.1261915345410714e-08
2002-06-11,2.6937979791725368e-08,3.9206983334023134e-08,4.0080841219394555e-08
2002-06-12,1.9951628068374332e-07,1.8966313970947204e-07,1.8782470044858857e-07
2002-06-13,1.7761581507723337e-08,3.4425652756547185e-08,3.735648423726206e-08
2002-06-14,4.03479215638689e-07,3.577800473352877e-07,3.4785856787602946e-07
2002-06-17,4.6728351747098137e-08,6.607651006252571e-08,6.992484162510934e-08
2002-06-18,3.3426593350623457e-08,4.584632903521726e-08,4.911352663054073e-08
2002-06-19,1.559971532015459e-08,3.478816101277872e-08,3.689248680879933e-08
2002-06-20,1.999733816514225e-08,3.2337449850201096e-08,3.332451024587633e-08
2002-06-21,8.52460741198959e-07,7.945651151150833e-07,7.865982387197102e-07
2002-06-24,4.625244400386257e-08,7.758049956998608e-08,8.27213713810788e-08
2002-06-25,2.6548664397557012e-08,3.3359701552731584e-08,3.406387872874927e-08
2002-06-26,2.2395706281251525e-07,1.8701202136527073e-07,1.8276921828721612e-07
2002-06-27,3.106884752751076e-08,5.6420121929413274e-08,6.143113356153668e-08
2002-06-28,2.3015462927355262e-07,1.885388228543775e-07,1.8244203710480004e-07
2002-07-01,4.9774573397566964e-08,6.87641739276536e-08,7.305490553482768e-08
2002-07-02,2.5841862621071586e-08,3.400301724734374e-08,3.565687003344876e-08
2002-07-03,8.591950254269477e-07,7.633976200693585e-07,7.467493151952327e-07
2002-07-04,1.955106515750712e-07,1.561207799025699e-07,1.5041910149032836e-07
2002-07-05,8.306934340378313e-07,7.004834961896297e-07,6.763651570658839e-07
2002-07-08,2.318971881760862e-06,1.9953020476599095e-06,1.9243200150961092e-06
2002-07-09,3.2244448264836635e-08,1.2142415416683975e-07,1.4672709543632527e-07
2002-07-10,1.2440747039319814e-07,1.1127303690165792e-07,1.1029926499675312e-07
2002-07-11,7.060728448991307e-08,1.2586982721487813e-07,1.4012062989995225e-07
2002-07-12,5.663886564361788e-08,9.755067304455478e-08,1.1231903017787005e-07
2002-07-15,6.359644186711706e-08,8.170696589257851e-08,8.920224636910267e-08
2002-07-16,6.137281493620368e-08,4.7720022336166234e-08,4.506111655791698e-08
2002-07-17,5.569772772999827e-07,4.593152337920809e-07,4.3618086725096125e-07
2002-07-18,1.0221072608774805e-07,1.1337620797579811e-07,1.1788968866592186e-07
2002-07-19,3.21925470795467e-07,2.3671787475631054e-07,2.1930284251529196e-07
2002-07-22,9.135164025408806e-08,8.202262640688889e-08,8.167584401178458e-08
2002-07-23,1.3531235939200168e-07,1.7706452959537085e-07,1.8793773286106543e-07
2002-07-24,3.9111308031256215e-08,4.943773910292272e-08,5.1677639127233417e-08
2002-07-25,1.7612377468018623e-06,1.5621415693299782e-06,1.5178462669745296e-06
2002-07-26,5.186138012145781e-08,1.2069595201144762e-07,1.4105696258886756e-07
2002-07-29,1.6241365633465842e-08,5.614586028496186e-08,6.507000793448529e-08
2002-07-30,2.500247320151192e-08,7.260407483474677e-08,8.380740054931339e-08
2002-07-31,1.2411284752350846e-06,1.0277255446152312e-06,9.87423569719394e-07
2002-08-01,3.764332046494308e-08,6.98103814926635e-08,8.405772318115798e-08
2002-08-02,2.3630596493948655e-08,9.165608927706012e-08,1.0542240991565762e-07
2002-08-05,4.326109024920345e-08,6.45376240803943e-08,7.168486484714235e-08
2002-08-06,1.9626743201309975e-08,5.606283164900526e-08,6.362152391991581e-08
2002-08-07,3.74753885984084e-08,7.443954096500506e-08,8.265300090122587e-08
2002-08-08,3.84939933842153e-08,3.5414586240112476e-08,3.388700358154959e-08
2002-08-09,2.5638113059426525e-08,5.177770266134996e-08,5.822910022423881e-08
2002-08-12,2.2811833606612397e-06,2.122715871882426e-06,2.079226949540577e-06
2002-08-13,2.3764789880017042e-08,8.170094531744803e-08,9.553194103857832e-08
2002-08-14,5.5575693887499396e-08,7.969626773336502e-08,8.952278817927198e-08
2002-08-15,3.137327716178843e-08,6.674897844302171e-08,7.590302849279174e-08
2002-08-16,5.263651163662029e-08,7.568414073041518e-08,8.536069546065193e-08
2002-08-19,5.844217322892575e-07,5.318351479997613e-07,5.13406378234849e-07
2002-08-20,3.8085333793045115e-08,7.424649905519097e-08,8.388707403890211e-08
2002-08-21,2.9222600758891332e-08,5.184483286201617e-08,5.822672868112798e-08
2002-08-22,6.57597611624103e-08,7.572185637542962e-08,8.163924650091616e-08
2002-08-23,3.157793971214145e-08,4.866750050961609e-08,5.312475274332808e-08
2002-08-26,1.7512992567447794e-07,1.708209893583324e-07,1.6452543478169548e-07
2002-08-27,3.356960086266029e-08,4.8631652408035196e-08,5.295540178178111e-08
2002-08-28,2.580909937020882e-08,3.5451414013529846e-08,3.900172548196052e-08
2002-08-29,2.99265536629414e-08,3.4385444366859005e-08,3.723131143027269e-08
2002-08-30,4.9442709033182176e-08,5.12395391491078e-08,5.218884695105441e-08
2002-09-02,6.593785076861545e-08,6.172841778990529e-08,5.960270560683921e-08
2002-09-03,3.386539455705628e-08,3.4199512872346896e-08,3.43079648519558e-08
2002-09-04,4.595036072678588e-08,4.359867286230776e-08,4.4518702974371276e-08
2002-09-05,3.220845084852644e-08,3.411261936459463e-08,3.4699702018089465e-08
2002-09-06,2.5460174403292454e-08,2.4845474679365737e-08,2.562882776444121e-08
2002-09-09,5.216960663695059e-08,4.632713641881427e-08,4.756158112190882e-08
2002-09-10,6.381210693542604e-08,6.457910039980334e-08,6.418464555758041e-08
2002-09-11,2.7652830100824345e-08,2.406773637404701e-08,2.4603094784161032e-08
2002-09-12,5.4669039358345296e-08,4.54769991729849e-08,4.5357606493262134e-08
2002-09-13,3.3779074384719974e-08,2.4674608834948734e-08,2.4650343037470967e-08
2002-09-16,2.2151419072331914e-08,2.0767730822141945e-08,2.0617065802468194e-08
2002-09-17,3.6023422528209e-08,2.5154262507597734e-08,2.469578848400593e-08
2002-09-18,2.504556455540067e-07,2.7302885976406395e-07,2.7395861254049685e-07
2002-09-19,2.4328207716265878e-08,2.2738638043028863e-08,2.2666625361034595e-08
2002-09-20,3.240201204899901e-08,2.4699234865192215e-08,2.519601829909068e-08
2002-09-23,2.8815595712669886e-08,2.4369587494859584e-08,2.4681466290910108e-08
2002-09-24,4.340532523408934e-08,3.356188256330158e-08,3.3187259723254326e-08
2002-09-25,5.418175079136352e-08,5.505084298695242e-08,5.4596042732035845e-08
2002-09-26,4.069155896654231e-08,3.6007726470553364e-08,3.5586089251268926e-08
2002-09-27,3.313429569260545e-08,2.5771033858878164e-08,2.5187438932038977e-08
2002-09-30,3.157573010160328e-08,2.4247168018900927e-08,2.3733334786379984e-08
2002-10-01,2.618063757381851e-08,2.1489412269735535e-08,2.224431402889777e-08
2002-10-02,2.220404135846541e-08,1.3015691295785786e-08,1.222685084687769e-08
2002-10-03,2.146684044781452e-08,1.4529349024020631e-08,1.4163973144542094e-08
2002-10-04,4.889814366600018e-08,4.198067661824878e-08,4.159116316387039e-08
2002-10-07,5.5440916740180727e-08,4.406079104671723e-08,4.278052096892644e-08
2002-10-08,2.8294924438182715e-08,1.513762453986543e-08,1.4133442987603786e-08
2002-10-09,3.2417950184310746e-08,1.7494992861164984e-08,1.6090698292062328e-08
2002-10-10,2.8309142270041123e-08,1.6516773080906177e-08,1.6043656617284304e-08
2002-10-11,6.323790968783078e-08,4.7340720152303555e-08,4.5374523665041365e-08
2002-10-14,7.408358247109606e-08,6.819421356231675e-08,6.831532710632898e-08
2002-10-15,3.1667237804097345e-08,1.65002541546859e-08,1.528832454371185e-08
2002-10-16,2.408969876654871e-08,1.3955698665458934e-08,1.401589354749059e-08
2002-10-17,2.9260586881888353e-08,1.3878223517244418e-08,1.2750714630483089e-08
2002-10-18,2.2455579329468047e-07,2.1290731596328604e-07,2.0914330549570314e-07
2002-10-21,1.6627574064682078e-07,1.7341430078839772e-07,1.7335704950844842e-07
2002-10-22,9.777068637857637e-08,8.814170155944452e-08,8.311032000749861e-08
2002-10-23,3.589440513278525e-08,2.377399215297484e-08,2.221430048796008e-08
2002-10-24,3.0867951380623e-08,1.8244897726838604e-08,1.73795755449258e-08
2002-10-25,2.864574106122893e-08,1.3557422011698824e-08,1.3003139497244781e-08
2002-10-28,1.0784492023354857e-07,9.295779619061352e-08,8.955152425350193e-08
2002-10-29,3.072573116324292e-08,1.5360207979634972e-08,1.5176123906692435e-08
2002-10-30,2.9015392526759074e-08,1.760462046744149e-08,1.8369570280863086e-08
2002-10-31,6.251426503067337e-08,4.382729301460411e-08,4.1134378597713866e-08
2002-11-01,3.602929385117631e-08,2.048084126698745e-08,2.0842788085936388e-08
2002-11-04,2.931963534773353e-08,1.2680604663978494e-08,1.2166605978307868e-08
2002-11-05,2.821876277295416e-08,1.2744221115846207e-08,1.171747954964313e-08
2002-11-06,2.89632120287056e-08,2.900828245263244e-08,3.005453636309396e-08
2002-11-07,2.6631363384458493e-08,1.0265867304967026e-08,9.948249124470166e-09
2002-11-08,5.144856910689267e-08,3.534034654801157e-08,3.436652434353676e-08
2002-11-11,3.0949821742150093e-08,1.5107794675637418e-08,1.4329238262001012e-08
2002-11-12,3.305970533820894e-08,1.4053269403540628e-08,1.3434270878169915e-08
2002-11-13,3.910815150947676e-08,1.8774900238818285e-08,1.7947644455066673e-08
2002-11-14,2.789945137666651e-08,8.689214302002323e-09,7.685707878443625e-09
2002-11-15,5.370459462327313e-08,3.4561159943036094e-08,3.318832395011625e-08
2002-11-18,2.1730671692193028e-07,2.3474380689286551e-07,2.3792529117445258e-07
2002-11-19,4.0694302529774815e-08,2.6498423823476375e-08,2.6231891866486e-08
2002-11-20,4.151712602157391e-08,3.1281997145203514e-08,3.0417799903905406e-08
2002-11-21,2.4183088746204025e-08,8.757545829073075e-09,8.352238429064663e-09
2002-11-22,3.446732582117579e-08,2.1566351804469772e-08,2.0946296068139284e-08
2002-11-25,2.7327640821971412e-08,1.2828760135997507e-08,1.2230407576977499e-08
2002-11-26,2.2814155952055942e-08,2.4756314390794305e-08,2.5481184127810728e-08
2002-11-27,6.099261083131744e-08,5.139523887337143e-08,5.224919645158279e-08
2002-11-28,2.654101415439069e-08,9.86839958318084e-09,9.066330834120442e-09
2002-11-29,2.940276434121905e-08,1.2209919071791646e-08,1.152767751700485e-08
2002-12-02,3.3246830710840715e-08,1.9232774191247627e-08,1.864324313820025e-08
2002-12-03,3.11473616956778e-08,2.6579993555737137e-08,2.6770923905203488e-08
2002-12-04,2.04345386118756e-08,9.944709971324015e-09,9.849165864684678e-09
2002-12-05,5.6359205061858754e-08,3.976822814323674e-08,3.8795038624682606e-08
2002-12-06,3.574478635023025e-08,1.8140782515565195e-08,1.7034033111893598e-08
2002-12-09,4.430108102831753e-08,6.034680375337967e-08,6.253935713796426e-08
2002-12-10,2.6235943194386484e-08,1.0220633601319745e-08,9.691843975454553e-09
2002-12-11,4.218104433623123e-08,3.678854630670165e-08,3.768658098476073e-08
2002-12-12,2.592583770027734e-08,1.056626046269689e-08,1.0143040606359942e-08
2002-12-13,2.7089048665449922e-08,1.2181809953189015e-08,1.1661470614451807e-08
2002-12-16,3.259990534703011e-08,1.5357288201176567e-08,1.5135480854483823e-08
2002-12-17,2.6708433556678708e-08,1.5064669518393292e-08,1.5188391275647423e-08
2002-12-18,3.034412911954594e-08,1.3486687583551197e-08,1.3248227091214212e-08
2002-12-19,3.1340422728677414e-08,1.7929662444691454e-08,1.7417373028134043e-08
2002-12-20,6.5837844592653e-08,7.325157933640403e-08,7.394751873228459e-08
2002-12-23,2.981584995650418e-08,1.5572584297117267e-08,1.4999982259768292e-08
2002-12-24,5.955176063968235e-08,4.784122931954193e-08,4.607505423935238e-08
2002-12-25,4.502177123720148e-08,5.1880136424440324e-08,5.1134628117558976e-08
2002-12-26,2.5057780391153857e-08,1.0155504292420229e-08,9.865276544405452e-09
2002-12-27,8.029335018907795e-08,6.631485836051629e-08,6.663998983849562e-08
2002-12-30,5.595744138650332e-08,4.4231719957926046e-08,4.185602646919078e-08
2002-12-31,1.8547019762281716e-08,1.3424301851780749e-08,1.4307840028870754e-08
2003-01-01,3.082084784627342e-08,1.931577958293488e-08,1.868795732268074e-08
2003-01-02,2.2765640422415765e-08,1.8709283797142637e-08,1.786737457455732e-08
2003-01-03,2.7627405952923057e-08,1.2332863128473285e-08,1.150773203740685e-08
2003-01-06,6.434050045493138e-08,7.682530525071509e-08,7.85606925753491e-08
2003-01-07,3.3886072045782044e-08,2.186509955624087e-08,2.070224035067553e-08
2003-01-08,2.2334467227944676e-08,1.060305321544803e-08,1.041253475167134e-08
2003-01-09,2.3336134572799775e-08,2.041411575621675e-08,2.0828071732518092e-08
2003-01-10,1.8739930967024828e-08,1.0863140742251563e-08,1.0176264678538941e-08
2003-01-13,6.651963537195684e-08,5.242659479478061e-08,5.142414440497033e-08
2003-01-14,2.5444535539334986e-08,1.3516961461953016e-08,1.231303479189597e-08
2003-01-15,1.6305887137242043e-08,6.597209724652115e-09,5.875838718406035e-09
2003-01-16,3.3480388843489634e-08,3.160322442688471e-08,3.094127554441068e-08
2003-01-17,3.594078401894637e-08,2.3842547355537724e-08,2.2454356906843143e-08
2003-01-20,5.9365694116490594e-08,5.001887296838712e-08,4.9591505572583475e-08
2003-01-21,2.4809378369005578e-08,1.0422455113434748e-08,9.569930886541181e-09
2003-01-22,3.4873501128599045e-08,4.1014934544022785e-08,4.14542478798356e-08
2003-01-23,2.652283198831022e-08,1.6307860185568294e-08,1.5157501320283273e-08
2003-01-24,2.4389253633629242e-08,1.7596827959459815e-08,1.65576932955587e-08
2003-01-27,1.2451224991737583e-07,1.2824969798530614e-07,1.2663100914842802e-07
2003-01-28,6.216757547820841e-08,5.268388597555495e-08,5.0832353611792275e-08
2003-01-29,4.8446914542588967e-08,4.6393275290928966e-08,4.649465232414327e-08
2003-01-30,2.8642830756949146e-08,2.0813919272148663e-08,1.8484902789248265e-08
2003-01-31,4.73352559456907e-08,4.251343805424944e-08,3.8747919586390984e-08
2003-02-03,2.6835682308520085e-08,1.901820193203217e-08,1.7360495574318243e-08
2003-02-04,7.965568463638157e-08,8.758359655770824e-08,8.915924689423616e-08
2003-02-05,1.1021881824885585e-07,1.1295036191354678e-07,1.1281111952998425e-07
2003-02-06,3.726772730553468e-08,3.186015900777052e-08,3.1942797168827776e-08
2003-02-07,3.069429422718444e-08,2.2428095666201943e-08,2.1282412766422123e-08
2003-02-10,2.666229604658772e-08,1.8999724856092778e-08,1.7639123061219772e-08
2003-02-11,3.182964465881085e-08,2.1325819800063167e-08,1.9463536386214836e-08
2003-02-12,2.7795531848772203e-08,1.593877859732337e-08,1.4645969979994129e-08
2003-02-13,2.8994052992154577e-08,1.511868618766369e-08,1.3922807517794367e-08
2003-02-14,2.9626940260184333e-08,2.7925503425306127e-08,2.8431455264628906e-08
2003-02-17,2.921045408919286e-08,2.0369800860372067e-08,2.0157402694802256e-08
2003-02-18,1.5251972295433618e-07,1.7432396790773692e-07,1.745502848970948e-07
2003-02-19,3.535408419618533e-08,2.6211740772651636e-08,2.5131942179302374e-08
2003-02-20,4.0069066069145736e-08,2.9151297729186087e-08,2.719204641158614e-08
2003-02-21,5.525023180454005e-08,4.3602391556236324e-08,4.19305663516372e-08
2003-02-24,7.887903165800806e-08,7.91670256257159e-08,7.895367423630058e-08
2003-02-25,5.7096117444749986e-08,4.6954691132623724e-08,4.3007785214711885e-08
2003-02-26,4.24969187974962e-08,3.2229271190282055e-08,2.9419802231927168e-08
2003-02-27,2.6341696746323153e-08,1.5703223383785728e-08,1.3575304698421626e-08
2003-02-28,4.344820238125394e-08,3.453836953201773e-08,3.4135608845566604e-08
2003-03-03,1.0406015427083355e-07,1.0208739297143924e-07,9.777357381047113e-08
2003-03-04,4.2763886943819764e-08,3.41301232248672e-08,3.292655797479344e-08
2003-03-05,4.089806132295806e-08,3.052900450273145e-08,2.8161619160616418e-08
2003-03-06,2.3466638509860453e-08,1.1713594790359155e-08,9.743150126972178e-09
2003-03-07,2.182741666971096e-08,1.03057865804549e-08,9.321787796759177e-09
2003-03-10,5.4350886544619525e-08,4.703211806759923e-08,4.465032158895966e-08
2003-03-11,3.431284292520418e-08,2.3029051863711546e-08,2.219508172887734e-08
2003-03-12,3.2780016077316147e-08,2.056357199451118e-08,1.8810581644134987e-08
2003-03-13,3.452340107552343e-08,2.064702645313215e-08,1.930754183103921e-08
2003-03-14,2.4690996533669315e-08,1.7194174426342802e-08,1.7007999221749853e-08
2003-03-17,3.497330870410573e-08,2.1103211377110534e-08,1.9830564759904317e-08
2003-03-18,5.823556013868006e-08,4.3316957890055974e-08,4.203818606761076e-08
2003-03-19,1.4207776968236198e-07,1.3642775150052334e-07,1.3277302771090598e-07
2003-03-20,7.518202526100235e-08,5.7367489779456745e-08,5.460439355938748e-08
2003-03-21,3.029508143115834e-08,2.1049005383923735e-08,1.8817312692780762e-08
2003-03-24,2.096173895480674e-08,1.0112370362736766e-08,8.343234405259285e-09
2003-03-25,2.9760777692887767e-08,1.5444347495073884e-08,1.3891572196233075e-08
2003-03-26,6.677913331067666e-08,5.640159289067882e-08,5.687741302076426e-08
2003-03-27,3.87275233228759e-08,3.1571940599887944e-08,3.045737774951569e-08
2003-03-28,2.760653723249359e-08,1.713419907759056e-08,1.7526994248983757e-08
2003-03-31,4.54251263107136e-08,3.253497624430152e-08,3.033132616877613e-08
2003-04-01,3.009069297714091e-08,3.617874026940891e-08,3.806784012887325e-08
2003-04-02,2.657132746389854e-08,1.3581580083776946e-08,1.2297084366081095e-08
2003-04-03,1.2404329279137774e-07,1.2756895479599338e-07,1.2925364796639732e-07
2003-04-04,3.2264465068188835e-08,1.890008996518364e-08,1.820541678103354e-08
2003-04-07,5.066195976246714e-08,4.1375137908646546e-08,4.154039315126739e-08
2003-04-08,2.5131579196410603e-08,2.4766067061443422e-08,2.601927948195185e-08
2003-04-09,3.3440589072216394e-08,1.921123099464962e-08,1.893347210505485e-08
2003-04-10,2.2980183880968667e-08,2.7074421872191295e-08,2.86544886810884e-08
2003-04-11,7.399338096817771e-08,6.711992178634089e-08,6.666224886334563e-08
2003-04-14,3.730802087061129e-08,3.089699240951052e-08,3.088377042571207e-08
2003-04-15,3.636116155025272e-08,2.531323779980322e-08,2.5298795337212013e-08
2003-04-16,5.3846832738767696e-08,7.127451770830977e-08,7.274052869068527e-08
2003-04-17,2.3574635666277117e-07,2.3678033548030477e-07,2.3521074296183843e-07
2003-04-18,2.2230611385301623e-08,1.0916627324177963e-08,1.0260191824882915e-08
2003-04-21,2.4579682081660233e-08,1.2682336509446702e-08,1.2459948282302344e-08
2003-04-22,2.795456874432339e-08,1.5249719704363685e-08,1.415143902637368e-08
2003-04-23,9.268617366910598e-08,9.096276653393434e-08,8.840395671175559e-08
2003-04-24,5.7151685568518313e-08,4.839188217970571e-08,4.5149113488176304e-08
2003-04-25,4.6421326004955314e-07,4.861749516632866e-07,4.831218500622644e-07
2003-04-28,6.396056369133694e-08,6.067910329925382e-08,6.058898294480076e-08
2003-04-29,3.353739220590564e-08,3.3375152697470574e-08,3.592251770330374e-08
2003-04-30,7.092494322060494e-08,6.594555684246275e-08,6.280443256988749e-08
2003-05-01,3.748527921047789e-07,3.687698883379938e-07,3.7368959975422925e-07
2003-05-02,2.2238673239287105e-08,2.6826377860764234e-08,2.6648461242562135e-08
2003-05-05,1.963374544575199e-08,1.706519263474911e-08,1.7391822195921977e-08
2003-05-06,4.2352775383365166e-08,3.567612746597919e-08,3.59193612269021e-08
2003-05-07,4.545007652243659e-08,4.366352238656306e-08,4.180623554199491e-08
2003-05-08,6.64954131598982e-08,5.8960553689357083e-08,5.8925962514527565e-08
2003-05-09,1.6552521268993364e-08,1.2265227821156116e-08,1.2860410907963227e-08
2003-05-12,7.574658639873329e-08,7.309044045824573e-08,7.235307184637482e-08
2003-05-13,2.946303720401044e-08,2.6310767298149412e-08,2.7014271241765524e-08
2003-05-14,2.7195556818619086e-08,1.9192414311189102e-08,1.8446779354076463e-08
2003-05-15,1.9875303306686796e-08,1.53704563317559e-08,1.508747278120676e-08
2003-05-16,2.013406422977564e-08,1.4634119409050242e-08,1.481324969531519e-08
2003-05-19,4.823203421839341e-08,4.6047235802389514e-08,4.5290922529767353e-08
2003-05-20,7.657782341601608e-07,7.616478158178811e-07,7.526242814532786e-07
2003-05-21,1.9690383175364082e-08,2.0628945585695845e-08,2.1920238682064526e-08
2003-05-22,2.9452571914651182e-08,3.1189483839287076e-08,3.3860208908976804e-08
2003-05-23,2.0723151529007394e-08,1.9643500011002283e-08,2.1028223102998055e-08
2003-05-26,1.7412785644129076e-08,1.761791443140709e-08,1.946180277546618e-08
2003-05-27,4.247039564031635e-08,3.4384584866235865e-08,3.2602536110816244e-08
2003-05-28,3.30448243415883e-08,3.3074640523368074e-08,3.304851677299493e-08
2003-05-29,2.6961922118434286e-08,2.85752979532228e-08,2.813911742905783e-08
2003-05-30,3.3815787055159624e-08,2.9291005168584943e-08,2.910545114251965e-08
2003-06-02,4.055516009811357e-08,3.348994809954297e-08,3.28949785900499e-08
2003-06-03,2.569284246584263e-08,2.4558326221577405e-08,2.6091688266821823e-08
2003-06-04,3.432507662566795e-08,2.7786612127531307e-08,2.806979704360099e-08
2003-06-05,7.546575759216803e-08,7.042529411191111e-08,6.888556066813245e-08
2003-06-06,1.2133627068348012e-07,1.1848331746085967e-07,1.1768760288539724e-07
2003-06-09,1.1337906786372129e-08,1.1682284836738682e-08,1.2775602630714576e-08
2003-06-10,1.7445450770529917e-08,1.3742677796335199e-08,1.4522833517951055e-08
2003-06-11,6.703748734457824e-08,6.106148678016456e-08,6.165729070246659e-08
2003-06-12,1.5393955913385095e-08,1.2033456638398928e-08,1.219778696888599e-08
2003-06-13,1.437487944476893e-07,1.3913768672037228e-07,1.379103823354619e-07
2003-06-16,2.5369507762281954e-08,2.1921371974265512e-08,2.235448794338651e-08
2003-06-17,2.0980130989670902e-08,1.7685881446428912e-08,1.7482992631814077e-08
2003-06-18,1.3653289389959434e-07,1.3605114182510754e-07,1.370742382432157e-07
2003-06-19,2.8726048974555045e-08,2.471761858042628e-08,2.4284857997597788e-08
2003-06-20,2.4666154556615895e-07,2.556519225309514e-07,2.559994354022095e-07
2003-06-23,4.402993246661907e-08,3.973530110657623e-08,3.867708411717797e-08
2003-06-24,1.3735232189838652e-08,1.3383366143061897e-08,1.440122535854076e-08
2003-06-25,1.3310367666585604e-08,1.1374772188524859e-08,1.191506623948731e-08
2003-06-26,4.6369698951220025e-08,4.09385455990907e-08,3.989507640403616e-08
2003-06-27,3.1320817765386314e-08,3.204155067371121e-08,3.224536377903714e-08
2003-06-30,3.4065915204565086e-08,3.1798076981975357e-08,3.1759426020695685e-08
2003-07-01,2.173639193238604e-08,2.0554490330494863e-08,2.0696056515383136e-08
2003-07-02,1.2781259523230365e-08,1.0636778890010927e-08,1.098435912629008e-08
2003-07-03,4.4716117217261015e-08,4.042638451021849e-08,3.96285019357154e-08
2003-07-04,6.088783935563403e-08,6.677012129330894e-08,6.65733255527048e-08
2003-07-07,8.236801395233788e-08,8.447785304216741e-08,8.261563551381997e-08
2003-07-08,2.793124565744407e-08,2.7397867171116698e-08,2.7327331225110477e-08
2003-07-09,1.881782496093497e-08,1.807759212880175e-08,1.784056147637815e-08
2003-07-10,1.7140679183759756e-07,1.770743962355417e-07,1.7754963515759183e-07
2003-07-11,2.049750144576372e-08,2.0567035102832982e-08,2.0173495405790238e-08
2003-07-14,5.782891333294992e-08,5.686216385043114e-08,5.609801947691216e-08
2003-07-15,3.1988613978769594e-08,3.2910332632292296e-08,3.386165160820641e-08
2003-07-16,1.7423090791155827e-08,1.8112861607943323e-08,1.853658513588683e-08
2003-07-17,4.801943092231361e-08,4.7736208592804497e-08,4.797827278148567e-08
2003-07-18,7.682729908207235e-08,7.822929625844146e-08,7.72157322637031e-08
2003-07-21,5.09017097708343e-07,4.967573267675054e-07,4.940745174308262e-07
2003-07-22,7.111833506161772e-08,6.633470471613497e-08,6.444090093119946e-08
2003-07-23,1.0638260064437571e-07,9.613894469004565e-08,9.171381008379612e-08
2003-07-24,2.4370144705940395e-08,3.005402521414501e-08,3.159915116576246e-08
2003-07-25,1.818978850288857e-08,2.3135067447310122e-08,2.4440713599107054e-08
2003-07-28,3.0972876592901936e-08,3.38356088565191e-08,3.393155062308816e-08
2003-07-29,4.0539824346668815e-08,4.314707187692122e-08,4.376571008706825e-08
2003-07-30,6.361933215925977e-08,5.8793494770053926e-08,5.5797455584463735e-08
2003-07-31,1.4862935308203163e-08,1.7724520344016447e-08,1.7333016680438592e-08
2003-08-01,3.326927503610404e-08,3.5859424667450236e-08,3.6400346111343235e-08
2003-08-04,9.792120294302953e-08,9.400793615829549e-08,9.315495887909507e-08
2003-08-05,1.1117492308156927e-08,1.3928169265722264e-08,1.4335499368410895e-08
2003-08-06,9.519466329056158e-08,9.463114948179967e-08,9.247845121087896e-08
2003-08-07,2.677864162293148e-08,2.9737106627062383e-08,3.023303749142687e-08
2003-08-08,3.8315043460404044e-08,3.618137731347852e-08,3.6331710637367574e-08
2003-08-11,1.2901302067451053e-07,1.222676389844626e-07,1.2146263413254925e-07
2003-08-12,1.484051620925066e-08,1.9717267246291753e-08,1.9702931768277666e-08
2003-08-13,5.333582824483329e-08,4.7651677363739805e-08,4.695071713052351e-08
2003-08-14,2.2762661528472474e-07,2.1098035277759346e-07,2.0646212010618407e-07
2003-08-15,7.199283277852076e-09,1.1317208337514014e-08,1.1450432734094526e-08
2003-08-18,3.604842848135671e-07,3.3777734097917574e-07,3.3208887974511494e-07
2003-08-19,5.917267259208973e-08,6.704357875662696e-08,6.887946819721564e-08
2003-08-20,1.893125082687159e-08,2.261165937196849e-08,2.248907779087409e-08
2003-08-21,1.7462566379571557e-08,2.1081011442319886e-08,2.223643931325011e-08
2003-08-22,2.528305992751249e-07,2.3712045053747768e-07,2.3304571618144577e-07
2003-08-25,3.540630697450166e-08,4.104134307654079e-08,4.2488552179432674e-08
2003-08-26,2.0010198708937502e-08,2.3246421431051047e-08,2.3804779974070392e-08
2003-08-27,1.1543875879379707e-08,1.7658758953122717e-08,1.829935175462819e-08
2003-08-28,1.563596093921255e-07,1.4246681902674404e-07,1.3877552643337128e-07
2003-08-29,5.955807150968531e-08,5.5061713971818355e-08,5.120800600534051e-08
2003-09-01,6.240074328944217e-08,6.626364233882628e-08,6.642862070321511e-08
2003-09-02,1.5358172784512095e-08,2.0362899283316407e-08,2.1991938112890966e-08
2003-09-03,1.645295399693988e-08,1.9748224558343917e-08,2.0580901768778646e-08
2003-09-04,1.020345533684853e-08,1.3484761066802358e-08,1.3886178793479822e-08
2003-09-05,2.1557251612800712e-08,2.224172632889624e-08,2.209478875040137e-08
2003-09-08,1.8417672999188514e-08,1.841028402616181e-08,1.8127507703112838e-08
2003-09-09,3.304049613504232e-08,3.550292944363674e-08,3.614241907401477e-08
2003-09-10,2.819415483839923e-08,2.860404068080982e-08,2.8005165694621585e-08
2003-09-11,2.5495362433588914e-08,2.4990393338646205e-08,2.4717415601686303e-08
2003-09-12,2.9581861214578855e-08,2.999654329251745e-08,2.983123682578503e-08
2003-09-15,7.101213772512673e-08,7.151425041118793e-08,7.05300047303538e-08
2003-09-16,9.568525882112827e-09,1.105930199767089e-08,1.0903461277248528e-08
2003-09-17,5.2237751357016365e-08,5.261817987040051e-08,5.281925882127124e-08
2003-09-18,1.5619951114614114e-08,1.6175409951114227e-08,1.652159314098969e-08
2003-09-19,1.632585928215131e-08,1.725822380690221e-08,1.706093560961688e-08
2003-09-22,1.3828223208118605e-08,1.4279147412561144e-08,1.419401903413118e-08
2003-09-23,3.391240682190765e-08,3.392024101640865e-08,3.270274600068328e-08
2003-09-24,1.5704023663725135e-08,1.5586343226538407e-08,1.4701574169286645e-08
2003-09-25,1.594200040172703e-08,1.5439845414870403e-08,1.5227286405312835e-08
2003-09-26,9.787715613354025e-09,9.144384414344823e-09,8.693919688397286e-09
2003-09-29,1.0567700956486363e-07,1.070153573284587e-07,1.0678022658735021e-07
2003-09-30,1.4350694602839629e-08,1.3681389158507072e-08,1.3064808658580536e-08
2003-10-01,4.235870002479705e-08,4.451601995670368e-08,4.50415931766864e-08
2003-10-02,7.228143866247151e-09,7.235769681942184e-09,6.896278825416768e-09
2003-10-03,3.046061053900117e-08,2.9573283797423482e-08,2.862553550750088e-08
2003-10-06,1.0817644661258674e-08,1.01427142588302e-08,9.790535446770662e-09
2003-10-07,3.0266972783921654e-08,3.197414576345011e-08,3.157406690730788e-08
2003-10-08,1.5578832086689037e-08,1.4309075902475079e-08,1.3970476235976694e-08
2003-10-09,1.4949216391271792e-08,1.4488606084860406e-08,1.4310537348661081e-08
2003-10-10,2.1917247859517114e-08,2.0735820354731393e-08,2.0282487614372057e-08
2003-10-13,1.1091769274128525e-08,9.549856906026408e-09,9.080343569732437e-09
2003-10-14,1.6440729184688842e-08,1.4975318992364924e-08,1.437574402693831e-08
2003-10-15,3.617058997937561e-08,3.849878675269297e-08,3.796072828475868e-08
2003-10-16,2.5882242117383653e-08,2.627112983918613e-08,2.6961611233487397e-08
2003-10-17,3.998412883394711e-08,4.0329343106656824e-08,4.031997162954136e-08
2003-10-20,6.046649215740745e-08,5.8357595897408834e-08,5.640522637620426e-08
2003-10-21,1.0382799906234671e-07,1.0332443415039375e-07,1.0372253470845833e-07
2003-10-22,1.702482143543236e-08,1.717710394784929e-08,1.6979952875797864e-08
2003-10-23,3.062129445926238e-08,2.97427515501121e-08,2.9213451684241973e-08
2003-10-24,2.6929606979229317e-08,2.6278729161908372e-08,2.612807080291364e-08
2003-10-27,3.080970550186427e-07,3.1635034638759585e-07,3.148207623342282e-07
2003-10-28,4.73018164414982e-08,4.8092907911611685e-08,4.815208729473144e-08
2003-10-29,6.370482265878353e-08,6.321999647616482e-08,6.026488747615927e-08
2003-10-30,1.671339723534162e-08,1.888901208990446e-08,1.946816593774522e-08
2003-10-31,1.4890391375257561e-07,1.4304962791974704e-07,1.394068971328202e-07
2003-11-03,1.188950074918135e-08,1.55100815527647e-08,1.6590947635891343e-08
2003-11-04,9.329699052641543e-08,8.847777959098074e-08,8.369337390310699e-08
2003-11-05,6.727797150515495e-08,6.212581425612225e-08,6.081805748837543e-08
2003-11-06,1.1863073906006606e-08,1.2299663406222222e-08,1.125765756385036e-08
2003-11-07,1.7463871550831804e-08,1.9703864860671877e-08,2.0484151605032582e-08
2003-11-10,2.1671184920416806e-08,2.4710526255394787e-08,2.559242115533311e-08
2003-11-11,1.6435122422643617e-08,1.8231092608978145e-08,1.9158007364287838e-08
2003-11-12,3.542947473676611e-07,3.4337797363252503e-07,3.33880881456527e-07
2003-11-13,2.7728255921094875e-08,3.191077335056002e-08,3.445263905863388e-08
2003-11-14,3.405037646745456e-08,3.6745857204686797e-08,3.76982700700318e-08
2003-11-17,6.535827062432457e-08,6.228370502283915e-08,6.012075820462816e-08
2003-11-18,1.7751413241533735e-08,1.9125265328276873e-08,1.9597764861213293e-08
2003-11-19,7.053958741339843e-09,8.11757580573548e-09,9.025258900943204e-09
2003-11-20,1.1391769062309263e-08,1.1746491110798453e-08,1.3001647779139196e-08
2003-11-21,1.1758508273346719e-08,1.1887289717239627e-08,1.3016962577819656e-08
2003-11-24,4.169966701604054e-08,4.100855404335457e-08,4.177932465560681e-08
2003-11-25,2.3691764285943777e-08,2.2566405488419505e-08,2.13705860474948e-08
2003-11-26,2.3977606448155472e-08,2.366229002024787e-08,2.4070254073727853e-08
2003-11-27,8.154798136005577e-09,7.980163519250303e-09,8.54897487357107e-09
2003-11-28,2.4819535929699952e-08,2.3942725925691126e-08,2.425925377060296e-08
2003-12-01,1.2242668307460187e-08,1.1078809434965245e-08,1.1257316770607915e-08
2003-12-02,5.491491691056653e-08,5.4352858729040574e-08,5.4672171714239846e-08
2003-12-03,2.6459663694477528e-08,2.5059902323601615e-08,2.4084209506145685e-08
2003-12-04,1.4101058432196158e-08,1.2393091383982567e-08,1.2454258938221688e-08
2003-12-05,6.297202107345732e-08,6.433181988976678e-08,6.425582769990369e-08
2003-12-08,6.147910287510859e-08,5.790729812729441e-08,5.7406683398965105e-08
2003-12-09,3.3420338370073915e-08,3.3364294814105304e-08,3.2929033559988606e-08
2003-12-10,4.230419747700284e-08,4.234622071998401e-08,4.165202983797744e-08
2003-12-11,1.263841240071658e-08,1.0730415794552486e-08,1.0761440217404321e-08
2003-12-12,2.2457911390195385e-08,2.1514395153964573e-08,2.1561371219766635e-08
2003-12-15,2.3801723645861416e-08,2.195978911008162e-08,2.182885602767108e-08
2003-12-16,1.840496373554602e-08,1.692533847060144e-08,1.678254182271542e-08
2003-12-17,2.5309753267604704e-08,2.36201991862661e-08,2.3152254085237104e-08
2003-12-18,4.311991389249304e-08,4.0996449253588965e-08,4.0345909774307886e-08
2003-12-19,3.8211633534634104e-08,3.696404671088785e-08,3.746493885622638e-08
2003-12-22,8.431016548037918e-08,8.12980315265095e-08,8.218964556922911e-08
2003-12-23,3.353291737059355e-08,3.276839387412195e-08,3.2677636107801314e-08
2003-12-24,1.259575045123288e-08,1.058138485022605e-08,1.0641483010867874e-08
2003-12-25,1.6066196971801734e-08,1.4574490200533035e-08,1.489353616434782e-08
2003-12-26,2.1801438059659894e-08,1.9980491224357394e-08,1.987495483620426e-08
2003-12-29,1.4670356129446028e-08,1.3889578584288348e-08,1.3939660697548945e-08
2003-12-30,3.370071367273755e-08,3.408253722563349e-08,3.3394324175471714e-08
2003-12-31,8.839853254056783e-08,8.695161605140403e-08,8.664764764432866e-08
2004-01-01,3.349735983509569e-07,3.346205170208021e-07,3.338548625520305e-07
2004-01-02,2.8165453160639782e-08,2.659786809921052e-08,2.6694955270388025e-08
2004-01-05,1.286312020410929e-08,1.4149042573274802e-08,1.5449242961365666e-08
2004-01-06,1.2239224043018332e-08,1.29127228658785e-08,1.4123122451611889e-08
2004-01-07,3.685871956718876e-08,3.42369310809529e-08,3.375162625187985e-08
2004-01-08,1.595257518654288e-08,1.6094174325836665e-08,1.6599566607617613e-08
2004-01-09,7.60154005998591e-08,7.584375768408913e-08,7.502983672166871e-08
2004-01-12,4.193844431783009e-08,4.1028081151605694e-08,4.1460692858805565e-08
2004-01-13,1.3668687634860623e-08,1.4481555032829232e-08,1.5063059788795428e-08
2004-01-14,8.224520914316058e-08,7.944954752632203e-08,7.80324274891308e-08
2004-01-15,1.636004981009555e-08,1.6934313540967808e-08,1.6515635282481484e-08
2004-01-16,1.755138575721943e-07,1.6956883810963025e-07,1.704110314740221e-07
2004-01-19,1.9540818800483392e-08,1.9961167881229983e-08,2.011678474331989e-08
2004-01-20,2.1778889091449343e-08,2.1577143738900534e-08,2.2174302800022716e-08
2004-01-21,4.274643358495829e-08,4.171817674699119e-08,4.062506005837937e-08
2004-01-22,9.738735957237986e-09,9.108639704229776e-09,9.375475775174712e-09
2004-01-23,2.41456490195974e-08,2.0832932904304342e-08,2.0625300653001192e-08
2004-01-26,5.591646616921889e-08,5.540077112992995e-08,5.5150977151955346e-08
2004-01-27,1.6555858799600982e-08,1.6580089014552164e-08,1.7200557977274372e-08
2004-01-28,1.877806554449991e-08,1.6586882145847672e-08,1.6452386783511248e-08
2004-01-29,9.326317419955192e-09,8.164183076775442e-09,8.27923904097741e-09
2004-01-30,1.884652571897243e-08,1.6378321913375426e-08,1.623740004745993e-08
2004-02-02,2.311790295988055e-08,2.5008830224284294e-08,2.4277248367548397e-08
2004-02-03,8.166002838616529e-08,7.954216511827579e-08,7.900566333169456e-08
2004-02-04,4.10517198737665e-08,3.8180220494509063e-08,3.645615563043087e-08
2004-02-05,1.884889861080352e-08,1.7848129856790244e-08,1.740185885955455e-08
2004-02-06,3.33254354638431e-08,3.2638100606979194e-08,3.2870639109081344e-08
2004-02-09,1.3541069746010351e-08,1.3309513116061038e-08,1.3499030427708486e-08
2004-02-10,1.14289352166909e-06,1.1392855156232442e-06,1.1325654369997335e-06
2004-02-11,2.889001690223774e-08,3.0991272970210315e-08,3.279680467125392e-08
2004-02-12,1.8690096415334312e-08,1.894042438329925e-08,1.996890226613419e-08
2004-02-13,5.783068638090861e-08,5.61351179363643e-08,5.5744529383804425e-08
2004-02-16,2.3402584117048014e-07,2.2737589028826896e-07,2.2194552051822124e-07
2004-02-17,2.475358008643729e-08,3.053445213933847e-08,3.3880067540892166e-08
2004-02-18,1.517518791223617e-07,1.3702963100859788e-07,1.2893735682582079e-07
2004-02-19,1.5271902503856797e-07,1.3487677273210187e-07,1.3052767904788006e-07
2004-02-20,5.968026476497548e-07,5.517166290533097e-07,5.325270572456719e-07
2004-02-23,1.4566621521155727e-08,3.1071200654112814e-08,3.756499026494877e-08
2004-02-24,5.546887550745707e-08,6.767620638562805e-08,7.211039946001218e-08
2004-02-25,2.5359076824395456e-07,2.229236037355883e-07,2.1382992693295512e-07
2004-02-26,2.1564822669576303e-07,2.1459506930206903e-07,2.117776096925256e-07
2004-02-27,5.667638044907188e-06,5.368833538014071e-06,5.286487231339644e-06
2004-03-01,4.845606444760012e-08,1.093590474756962e-07,1.3716129447612307e-07
2004-03-02,8.197928791469783e-08,1.1683342364996634e-07,1.2953500762265503e-07
2004-03-03,3.6482102885371676e-07,2.91972148613097e-07,2.8155149602060736e-07
2004-03-04,1.542690061197744e-07,1.946940630760861e-07,2.0894622456565296e-07
2004-03-05,9.193340313578028e-08,1.0393030703066382e-07,1.042118474424388e-07
2004-03-08,1.70712056130049e-07,1.530400289283237e-07,1.5298036974386404e-07
2004-03-09,5.600336453873574e-08,8.0219160645984e-08,8.753575459456537e-08
2004-03-10,6.385133847918204e-07,6.240207342804365e-07,6.254138578783097e-07
2004-03-11,4.0060374923858284e-07,3.66102715312818e-07,3.531233684530791e-07
2004-03-12,2.0500208720359086e-08,4.288809607876677e-08,4.654496126029728e-08
2004-03-15,1.010344541950594e-07,1.3464177294321866e-07,1.4166928021542822e-07
2004-03-16,4.4105046394828565e-08,7.291324495819079e-08,7.650860680564456e-08
2004-03-17,7.635177332656395e-08,1.0297639248389476e-07,1.0598432304028167e-07
2004-03-18,1.3318120289288644e-07,1.5309992056574094e-07,1.486900292278037e-07
2004-03-19,5.5011588904298255e-08,7.046420409642524e-08,7.190170075370842e-08
2004-03-22,9.34078694692432e-08,1.0929337820440008e-07,1.0430928719519122e-07
2004-03-23,1.7341612506366818e-07,1.4803269403966252e-07,1.4495480875624966e-07
2004-03-24,2.2254604856968623e-06,2.0829943450201343e-06,2.071687183179313e-06
2004-03-25,1.5593894116682189e-06,1.3695513388314281e-06,1.333030181990817e-06
2004-03-26,3.2209634804614947e-06,2.6927848894217343e-06,2.6170443367930604e-06
2004-03-29,3.197844233677402e-07,2.112595832101486e-07,1.9454387038984075e-07
2004-03-30,7.854290095127625e-07,5.822031725806865e-07,5.4245427763236e-07
2004-03-31,5.004190573052301e-07,2.9326108797971065e-07,2.5311448187369937e-07
2004-04-01,2.4265128026038567e-08,1.347902733952535e-07,1.659995416810869e-07
2004-04-02,6.127892969579505e-08,1.5832846511766768e-07,1.885383434007355e-07
2004-04-05,2.2162588655561154e-07,3.1102550399295326e-07,3.215795031349004e-07
2004-04-06,3.4357994482240543e-07,3.625468246674573e-07,3.616142771271912e-07
2004-04-07,4.3946454180220706e-08,1.186910328814959e-07,1.3403577338842696e-07
2004-04-08,2.2129038119832985e-08,8.114500772599869e-08,9.290021937925475e-08
2004-04-09,2.519326379322189e-07,1.6799526876484323e-07,1.5368296833662733e-07
2004-04-12,1.7464099501672185e-07,2.2868821975543686e-07,2.2873624825227044e-07
2004-04-13,3.298042029405607e-08,7.201306905371045e-08,7.534552841945646e-08
2004-04-14,1.5012569789353142e-07,1.4798159509519167e-07,1.3887466531506394e-07
2004-04-15,2.9721039682068678e-06,2.6571416940622508e-06,2.6215228879971652e-06
2004-04-16,2.9435727565260564e-08,8.643626666129291e-08,1.00820066431687e-07
2004-04-19,2.9119727831217784e-07,2.9466154132786575e-07,2.955796896759273e-07
2004-04-20,9.123864518930545e-06,8.169544858997041e-06,8.049404978774572e-06
2004-04-21,5.5002211240300285e-08,1.604857548083593e-07,1.8895873431801204e-07
2004-04-22,8.095458562705279e-08,1.9483305773488354e-07,2.3572589381307747e-07
2004-04-23,7.83936205244262e-08,1.8810625034119454e-07,2.1962996064092482e-07
2004-04-26,5.6828642457138e-08,9.777374299279435e-08,1.1088922670109969e-07
2004-04-27,6.363752613828583e-07,7.170532380208543e-07,7.269478858762383e-07
2004-04-28,2.4311401744017377e-07,1.539067713633874e-07,1.4518794388430702e-07
2004-04-29,1.5829839625498338e-06,1.2850007739694012e-06,1.2497685732798289e-06
2004-04-30,9.041010599676183e-08,1.6408641995491648e-07,1.8604260923564709e-07
2004-05-03,5.169201587738954e-08,1.4092093201604443e-07,1.6289063659861306e-07
2004-05-04,7.597724663290331e-08,1.5702258045570047e-07,1.723860801666636e-07
2004-05-05,2.5970911959666488e-08,5.116598894600539e-08,5.712083317537169e-08
2004-05-06,1.44752216476344e-07,1.1581454818710464e-07,1.103431530910627e-07
2004-05-07,1.2288095760547453e-07,1.6550176071420304e-07,1.7909018867622962e-07
2004-05-10,5.113867952167218e-07,4.1423276186222155e-07,3.9646742167355464e-07
2004-05-11,5.347163193443571e-08,1.1180219076924067e-07,1.237539351101233e-07
2004-05-12,4.1923907620525543e-07,3.1826911468155497e-07,3.027374586523843e-07
2004-05-13,4.6099078788812376e-08,4.7668607813003146e-08,5.2581930209468003e-08
2004-05-14,2.153986492833404e-07,2.2913825854184984e-07,2.3212443522987107e-07
2004-05-17,5.4066035693156836e-08,9.092023124921557e-08,9.548105332029958e-08
2004-05-18,1.961958826840578e-07,1.4555110242810083e-07,1.389336494532374e-07
2004-05-19,2.3144079840735056e-08,5.968007650093608e-08,6.555389409793762e-08
2004-05-20,6.099029289709792e-08,9.931456412927046e-08,1.0495213786598952e-07
2004-05-21,2.1107940331421993e-07,1.9984342219739115e-07,1.9991069666324777e-07
2004-05-24,1.7553371525103965e-08,4.2032861837655904e-08,4.542220889914624e-08
2004-05-25,1.5721800887029668e-07,1.260093181671642e-07,1.2349132849004665e-07
2004-05-26,6.787660003333392e-07,5.596375158670879e-07,5.4321275919607e-07
2004-05-27,5.451015274093159e-08,7.750956764683024e-08,8.166128637658713e-08
2004-05-28,1.219790626789378e-07,1.086222621454107e-07,1.0982436291308075e-07
2004-05-31,4.8300013949770834e-08,7.983735964909083e-08,8.46584109036641e-08
2004-06-01,1.991091029211679e-07,1.6113984770676651e-07,1.5675134954534138e-07
2004-06-02,5.918327991902862e-08,8.319982509583714e-08,8.72720735026367e-08
2004-06-03,2.4886609469089804e-07,2.2194773123079898e-07,2.1675382496148667e-07
2004-06-04,7.437813946735716e-08,9.473771612359303e-08,9.603176404294855e-08
2004-06-07,1.7872702170186246e-07,1.3948181530163399e-07,1.3443699625081208e-07
2004-06-08,3.7305180039808906e-07,2.9250571015618924e-07,2.8085265387662613e-07
2004-06-09,6.798295320068869e-08,9.475176583914352e-08,9.764381244828645e-08
2004-06-10,5.8568227525951286e-08,7.462326732820366e-08,7.745089101362431e-08
2004-06-11,3.404906288946816e-08,4.448901506678587e-08,4.7256184379612945e-08
2004-06-14,4.291626555759992e-08,6.465093574423759e-08,6.79111278142962e-08
2004-06-15,7.131760953931603e-08,8.770679239507446e-08,8.953117521572667e-08
2004-06-16,2.719475351089677e-08,4.059537466583678e-08,4.134064633692406e-08
2004-06-17,4.2700917111433044e-08,5.5426779086941834e-08,5.548227075554664e-08
2004-06-18,1.6128804887198923e-07,1.638729749547385e-07,1.594206209359061e-07
2004-06-21,4.152500807642995e-08,4.906750729998035e-08,4.914312137012276e-08
2004-06-22,2.6391100411166244e-08,2.6111774605664956e-08,2.7458134162638164e-08
2004-06-23,4.800419166627258e-08,5.3336370511187726e-08,5.0687121935099424e-08
2004-06-24,6.06579982304755e-08,6.099705101421646e-08,5.763295884853111e-08
2004-06-25,3.793806530822249e-08,4.085956078711225e-08,3.955340952711734e-08
2004-06-28,4.1104295287233346e-08,4.1468211666352166e-08,4.0679591446017225e-08
2004-06-29,8.765662914863428e-08,8.704881894333426e-08,8.435583793150923e-08
2004-06-30,8.278116714273044e-08,8.6526246488614e-08,8.83709945384493e-08
2004-07-01,1.292862048984212e-07,1.3425483315652746e-07,1.3596164713782917e-07
2004-07-02,2.1430753376748026e-07,2.2265470503060536e-07,2.1967123347686749e-07
2004-07-05,1.1915943995237275e-07,1.213869372877651e-07,1.1274556139347909e-07
2004-07-06,5.342139196384239e-08,5.6901666142500795e-08,5.505318748313571e-08
2004-07-07,3.010717879838221e-08,3.205840193657108e-08,2.9139180500478895e-08
2004-07-08,3.254516751882954e-08,3.055463028640531e-08,2.9923952720615624e-08
2004-07-09,3.658476101327619e-08,3.464929108160242e-08,3.529697889585673e-08
2004-07-12,7.785687150549901e-08,7.355513492156299e-08,6.880577939509473e-08
2004-07-13,6.463998871907912e-08,5.981188996310124e-08,5.384411667296002e-08
2004-07-14,3.643860846720509e-08,3.206144112958996e-08,2.9741030866080645e-08
2004-07-15,2.7278505679416198e-08,2.199673000844626e-08,2.026475959765929e-08
2004-07-16,3.159678993407237e-08,2.486389616584949e-08,2.1879887671313483e-08
2004-07-19,3.280174722382964e-08,2.307597377499858e-08,2.0345062247399955e-08
2004-07-20,1.3197935281017354e-07,1.463830984959762e-07,1.4410593128256796e-07
2004-07-21,5.442409902763653e-08,4.7403940948343964e-08,4.485910117525004e-08
2004-07-22,3.485203415417236e-08,2.6365851125052693e-08,2.3946024520272404e-08
2004-07-23,7.286995046999102e-08,7.760300350902574e-08,7.856726893912553e-08
2004-07-26,1.6326438114417573e-07,1.6401871686554357e-07,1.6815252267830242e-07
2004-07-27,4.3762446491381384e-08,4.0012707140426255e-08,3.965585762323973e-08
2004-07-28,4.045510736775556e-08,3.473625410834395e-08,3.596703488458112e-08
2004-07-29,4.761573309782653e-08,4.204697886611741e-08,4.210406742077706e-08
2004-07-30,1.0220205801103515e-07,9.716202019127887e-08,9.55912832131905e-08
2004-08-02,3.840249617732011e-08,2.943984426719747e-08,2.864893643778237e-08
2004-08-03,4.578032592183678e-08,3.651275076141738e-08,3.679685086577718e-08
2004-08-04,5.961026255817548e-08,5.106440411525213e-08,4.992793171411045e-08
2004-08-05,1.9314437836460845e-07,1.839567022025907e-07,1.7891291235732461e-07
2004-08-06,2.918052713707896e-08,1.9507346962432208e-08,1.8507762820933946e-08
2004-08-09,2.276980079277455e-07,2.1330837191470142e-07,2.142816128733189e-07
2004-08-10,1.619402291651494e-07,1.408444533671444e-07,1.3957237767055225e-07
2004-08-11,8.907733616737567e-08,8.907923662850608e-08,8.90428625643556e-08
2004-08-12,1.2382109488443237e-07,1.0883100714491008e-07,1.0749942636212064e-07
2004-08-13,2.756020521754271e-08,2.4396325375481017e-08,2.3491953777019107e-08
2004-08-16,6.68701795622955e-08,7.601973042215449e-08,7.67721156083685e-08
2004-08-17,4.048825736835984e-08,3.3715240525986236e-08,3.258162563490457e-08
2004-08-18,7.434524689748531e-08,7.192774117138791e-08,7.045226107795988e-08
2004-08-19,2.9120031038073e-08,2.017389755622444e-08,1.918033689302054e-08
2004-08-20,8.884410944491132e-08,7.643015347777485e-08,7.672491133437007e-08
2004-08-23,6.092990020514153e-08,5.029652577269867e-08,4.845536705523853e-08
2004-08-24,4.124903756052111e-08,3.183020255455676e-08,3.1112183357977594e-08
2004-08-25,1.197093274854523e-07,1.1462667809969339e-07,1.163220375531919e-07
2004-08-26,3.0893680109886096e-08,2.061895476209378e-08,1.9628951577561374e-08
2004-08-27,3.146244220284161e-08,2.258683046390152e-08,2.234927153618673e-08
2004-08-30,2.0449271036358625e-08,9.949366242174303e-09,9.830325832090628e-09
2004-08-31,2.557904217391757e-08,1.0952481406929428e-08,1.0953303535562256e-08
2004-09-01,5.359822000203605e-08,3.7777318389592576e-08,3.758761838615002e-08
2004-09-02,4.271313420997264e-08,3.561577636612262e-08,3.566841767669163e-08
2004-09-03,1.349259643736287e-07,1.408442069614144e-07,1.3968917966303575e-07
2004-09-06,1.0640979210426341e-07,9.700695120341994e-08,9.62389957898221e-08
2004-09-07,3.013148990330611e-08,1.4536597083071918e-08,1.409451288278743e-08
2004-09-08,2.8133092952161036e-08,1.2781063292004885e-08,1.2745718517759568e-08
2004-09-09,8.642312004996113e-08,8.525599423746943e-08,8.442960632710121e-08
2004-09-10,2.8488608125864793e-08,1.342380567978634e-08,1.3346843245752222e-08
2004-09-13,5.6560202628358425e-08,4.056260151790406e-08,3.917893381607776e-08
2004-09-14,4.728306517836312e-08,3.298972281918961e-08,3.183471485436481e-08
2004-09-15,2.286852302217146e-08,1.1921755657701113e-08,1.1891646047281888e-08
2004-09-16,3.478446311093302e-08,1.9700004102265374e-08,1.8879282786377544e-08
2004-09-17,4.851316345028937e-08,3.779970452775119e-08,3.69266349657671e-08
2004-09-20,5.768396808875162e-08,4.931472376111967e-08,4.740976496175942e-08
2004-09-21,3.241552182477133e-08,1.523057154853899e-08,1.4097372288857328e-08
2004-09-22,3.414546725544298e-08,1.7032617842326192e-08,1.628629635961382e-08
2004-09-23,5.9010973559404864e-08,5.1204013891460964e-08,5.079429390672497e-08
2004-09-24,3.654359788569796e-08,2.3143726066047696e-08,2.2982436452574287e-08
2004-09-27,3.8526425531662375e-08,2.9442154425261884e-08,2.8567560068634792e-08
2004-09-28,2.799357677553831e-08,2.0152393710613977e-08,2.0918123244411445e-08
2004-09-29,5.250448057954479e-08,4.6098724463608687e-08,4.5140174989985826e-08
2004-09-30,3.4284904639452795e-08,1.691305492687463e-08,1.643479698451609e-08
2004-10-01,4.112001160561667e-08,2.4375926773470835e-08,2.4226684983833004e-08
2004-10-04,8.773102522121231e-08,7.36846536241077e-08,7.248732125992173e-08
2004-10-05,4.365009874570819e-08,2.506986198628815e-08,2.389240126724701e-08
2004-10-06,9.271930286862131e-08,9.339891691220591e-08,9.183800050164857e-08
2004-10-07,5.294724275700223e-08,3.5254430698257265e-08,3.357764547440694e-08
2004-10-08,2.541045071964591e-07,2.65035451408982e-07,2.6898440359891095e-07
2004-10-11,8.684442129543888e-08,7.349961806124466e-08,7.177161682584086e-08
2004-10-12,4.001856143612541e-08,3.036096453294133e-08,3.0069569978371774e-08
2004-10-13,1.4760519070037401e-07,1.4349188534689192e-07,1.3942389474377225e-07
2004-10-14,3.722316627016432e-08,2.9478460203632182e-08,2.9207082414123415e-08
2004-10-15,4.288898384677515e-08,3.477501665045495e-08,3.518391531485651e-08
2004-10-18,3.215272116422545e-08,2.0991920123542284e-08,2.1497668114835107e-08
2004-10-19,3.786510124663172e-08,2.6964745953518073e-08,2.664884146443035e-08
2004-10-20,2.984551258346524e-08,1.6817744843608598e-08,1.7253080737727797e-08
2004-10-21,3.5989942452241056e-08,2.1216432702014615e-08,2.1394552690767935e-08
2004-10-22,3.886755983145153e-08,2.4338854845930038e-08,2.3863476923870558e-08
2004-10-25,3.341197862738955e-08,1.8600612105320322e-08,1.849750532581944e-08
2004-10-26,3.769263101795234e-08,2.1515285155977282e-08,2.109607011551086e-08
2004-10-27,3.5012341906977815e-08,2.6865836344313604e-08,2.692926632509394e-08
2004-10-28,2.4777532827108964e-08,1.30442397648354e-08,1.2637256164380977e-08
2004-10-29,1.107744469228305e-07,1.0137228099240332e-07,9.882591333494276e-08
2004-11-01,8.640317438896863e-08,7.636867663293077e-08,7.571586361409883e-08
2004-11-02,3.020837221395977e-08,1.5502816641572378e-08,1.4910736259159195e-08
2004-11-03,9.210636095779672e-08,8.497576014350387e-08,8.555401291823256e-08
2004-11-04,3.9751526835646136e-08,2.8317109293302145e-08,2.855753336982704e-08
2004-11-05,1.289626263420505e-07,1.1439379133260645e-07,1.1301764862003603e-07
2004-11-08,2.8754360792065607e-08,1.515282930612738e-08,1.556896960076365e-08
2004-11-09,3.492192689244355e-08,2.183848529243713e-08,2.157372418589243e-08
2004-11-10,2.6508356631523767e-08,1.016103467156202e-08,9.754719151606624e-09
2004-11-11,4.543236290194311e-08,3.018727468216056e-08,2.9448496234663284e-08
2004-11-12,7.89424525466274e-07,7.98744807284931e-07,8.023050266252879e-07
2004-11-15,5.00428851126702e-07,4.8868014001613e-07,4.80116270571746e-07
2004-11-16,6.011136689961272e-08,4.464042317884379e-08,4.408498067126014e-08
2004-11-17,5.1645330898448366e-08,4.845445635083443e-08,5.0838404195098804e-08
2004-11-18,3.901437202277745e-07,3.6456148277279364e-07,3.5186968104560753e-07
2004-11-19,8.501167479805465e-08,7.55118386453826e-08,7.822132867248031e-08
2004-11-22,5.871463956605707e-08,4.981721842032753e-08,5.009995593114475e-08
2004-11-23,6.628657713147754e-08,6.125612118065597e-08,6.450921145523297e-08
2004-11-24,2.254791496837436e-07,2.18195110664895e-07,2.1638353684114353e-07
2004-11-25,7.200519446046472e-08,5.951477139407386e-08,5.5151662442118814e-08
2004-11-26,6.867648758497536e-08,6.574578101833007e-08,6.735075914115274e-08
2004-11-29,9.121895516227534e-08,7.713090598966141e-08,7.265682619366957e-08
2004-11-30,4.900086551616553e-08,4.38661740024733e-08,4.351570091798847e-08
2004-12-01,5.464234395324207e-08,4.5171258495160443e-08,4.680383378236089e-08
2004-12-02,9.470786341594934e-08,8.356114357023947e-08,7.98315754293389e-08
2004-12-03,3.482979352029775e-07,3.136123797563744e-07,3.0357646582264714e-07
2004-12-06,5.598337173350643e-08,5.134158117103063e-08,5.2310247516839936e-08
2004-12-07,4.1503493022854775e-08,3.627408746263182e-08,3.5974241611591076e-08
2004-12-08,6.168600135878858e-08,5.962988276160917e-08,6.09588323669183e-08
2004-12-09,4.570321751262237e-08,3.576614394708537e-08,3.521383972872727e-08
2004-12-10,7.510406253887546e-08,6.37629646077523e-08,6.278959263595765e-08
2004-12-13,2.1430842789380232e-07,2.002518778776718e-07,1.933174711005049e-07
2004-12-14,2.1877828005274405e-08,1.9083924733082197e-08,1.8973246884174905e-08
2004-12-15,2.780687726326793e-08,1.7483050882855514e-08,1.669140105534926e-08
2004-12-16,1.8563881193732016e-07,1.867925819698228e-07,1.885758878832834e-07
2004-12-17,3.383352048956293e-08,2.126159942144938e-08,2.041548351786562e-08
2004-12-20,5.3350801056288766e-08,3.980511515354169e-08,3.95406710411555e-08
2004-12-21,3.210663841026284e-08,1.871441790311959e-08,1.8404582093465213e-08
2004-12-22,4.215655415559452e-08,2.6551162951620224e-08,2.5500595094236185e-08
2004-12-23,1.4415465749622306e-07,1.2738730391719866e-07,1.2855463019533563e-07
2004-12-24,2.6108242811494137e-08,1.4908251858914537e-08,1.4597784491318761e-08
2004-12-27,5.375999244520724e-08,4.781310000725138e-08,4.723688149582076e-08
2004-12-28,8.92231703136063e-08,6.761313148103362e-08,6.462269957174773e-08
2004-12-29,6.874536546888663e-08,5.963349452763111e-08,6.097872943360357e-08
2004-12-30,4.302946489887369e-08,3.4046298086329295e-08,3.2923887704452644e-08
2004-12-31,3.4403313963111836e-08,2.0627240201408997e-08,2.0848021903536046e-08
2005-01-03,4.0586609197766785e-07,4.122112044020083e-07,4.066091561847324e-07
2005-01-04,4.4097639102790674e-08,4.076663303590003e-08,4.08014199141764e-08
2005-01-05,8.648834283551012e-08,7.853266999799702e-08,7.919591659479133e-08
2005-01-06,7.570996611812932e-08,6.559868589418828e-08,6.596892086798079e-08
2005-01-07,2.221792362781185e-07,2.2489460322329715e-07,2.2463088002825626e-07
2005-01-10,4.39156974537868e-08,3.558851777464949e-08,3.556900483745191e-08
2005-01-11,1.0168526558016253e-07,8.005211910437944e-08,7.895958524362914e-08
2005-01-12,1.903318296485293e-07,1.7307255450876166e-07,1.703993448459757e-07
2005-01-13,4.216397995239475e-08,3.431386558859076e-08,3.582517890893738e-08
2005-01-14,1.347127585664316e-07,1.0822354371886557e-07,1.0438227136626481e-07
2005-01-17,1.1087262118707156e-07,9.403965112638198e-08,9.213015904524524e-08
2005-01-18,3.386857505531874e-08,2.5822237360989e-08,2.7856338999753993e-08
2005-01-19,4.8064245175160585e-08,3.764625853937547e-08,3.864011299753033e-08
2005-01-20,8.32505850962226e-08,6.058169060299028e-08,6.0488524876594e-08
2005-01-21,4.770533077262591e-08,3.3129645465421777e-08,3.410923937583739e-08
2005-01-24,6.166212968917717e-08,5.1396051768740433e-08,5.145043209629264e-08
2005-01-25,9.616108613268086e-08,8.055682663280343e-08,7.935047997552805e-08
2005-01-26,4.2796717711974975e-08,2.8730769143201534e-08,2.9398308159078854e-08
2005-01-27,8.271057412102046e-08,6.645593863007849e-08,6.469973174768193e-08
2005-01-28,3.066845433708079e-08,1.6387874465541365e-08,1.645252643681925e-08
2005-01-31,5.8187311192560923e-08,4.189135545622897e-08,4.170699881227606e-08
2005-02-01,7.9529084894761e-08,6.880723205108519e-08,6.820524736690158e-08
2005-02-02,5.946794350054173e-08,4.5593922166277914e-08,4.690848526462473e-08
2005-02-03,3.695756355359797e-08,2.0568771996576412e-08,1.992624403993591e-08
2005-02-04,4.802768558405554e-08,3.270145472552357e-08,3.31192212656922e-08
2005-02-07,7.40018357059611e-08,5.5504204291120086e-08,5.3923365626632896e-08
2005-02-08,1.6856358114326839e-07,1.5889021390430087e-07,1.579913741607842e-07
2005-02-09,3.333822443829544e-08,4.522067947993998e-08,4.664378337530088e-08
2005-02-10,5.9582334803034275e-08,4.777633365417745e-08,4.661574144130313e-08
2005-02-11,2.7009985497097855e-07,2.7225071453188705e-07,2.7333535418063715e-07
2005-02-14,2.855828345755096e-08,2.2642004653337757e-08,2.369708527061595e-08
2005-02-15,6.434135239607635e-08,4.5416737700819153e-08,4.462599539193047e-08
2005-02-16,4.511046898835717e-08,3.5080571644641625e-08,3.532168180977484e-08
2005-02-17,2.9718615844049018e-08,2.070309249837002e-08,2.1266713617079926e-08
2005-02-18,8.726989698670469e-08,7.55354484956742e-08,7.367434837888238e-08
2005-02-21,2.1692811727198938e-08,1.12608432233415e-08,1.1244586128914875e-08
2005-02-22,3.234433649470532e-08,3.014778022890455e-08,3.0476241499388777e-08
2005-02-23,2.8105496282294936e-07,2.5401998522886454e-07,2.5401155750419956e-07
2005-02-24,2.607725944633673e-08,1.5783732163529493e-08,1.6036892222084034e-08
2005-02-25,4.797399518900954e-08,4.5256693059927254e-08,4.528882705841563e-08
2005-02-28,2.2898148940858572e-07,2.2788971100771972e-07,2.2658990464310224e-07
2005-03-01,3.226074877403172e-08,2.5955762621276122e-08,2.6224120275308772e-08
2005-03-02,3.8603460819976835e-08,2.794213073591963e-08,2.8369931429819636e-08
2005-03-03,2.0987813363478135e-08,1.0793490591385167e-08,1.0916412973369477e-08
2005-03-04,2.4515862393070415e-08,1.2608640569928527e-08,1.2260990717504105e-08
2005-03-07,1.3913461829067754e-07,1.4513646521557473e-07,1.4434185871184784e-07
2005-03-08,1.9305834479270366e-07,1.802599413363545e-07,1.7489880449139053e-07
2005-03-09,4.1305827145406514e-08,3.211042903117285e-08,3.403252489899559e-08
2005-03-10,4.802449332080287e-08,4.3689477554116095e-08,4.3555732125822215e-08
2005-03-11,2.5468497273366778e-08,1.661103594221565e-08,1.7295790291741246e-08
2005-03-14,3.447440375427186e-08,3.4848228499886865e-08,3.567330729147566e-08
2005-03-15,3.741965093558487e-08,2.6483142540609367e-08,2.6952568746614092e-08
2005-03-16,5.38062793810803e-08,4.37959311228675e-08,4.2412046818030543e-08
2005-03-17,2.585117003733333e-08,1.893283735025669e-08,1.8969567212428817e-08
2005-03-18,2.508202157244962e-08,2.000052432282133e-08,1.9885641038790372e-08
2005-03-21,2.9488161435370125e-08,2.163838852475627e-08,2.1595064591609642e-08
2005-03-22,8.681547803575517e-08,7.59315213952279e-08,7.626335055838879e-08
2005-03-23,1.8696708614074354e-08,1.2067373915236938e-08,1.208903396026972e-08
2005-03-24,2.4160897286255285e-08,1.759392591475061e-08,1.6918050603842875e-08
2005-03-25,3.351350531767106e-08,2.529157590057389e-08,2.504783268040254e-08
2005-03-28,3.875209326306375e-08,3.2561413806761294e-08,3.229957235143959e-08
2005-03-29,1.182346251940873e-07,1.1929897719213114e-07,1.188136558378805e-07
2005-03-30,2.1350768873377008e-08,1.2712474518858432e-08,1.2713767681502983e-08
2005-03-31,3.901298850536313e-08,3.289709646883781e-08,3.240803208686387e-08
2005-04-01,1.8571813492730516e-08,1.4261341753748584e-08,1.3954059797099732e-08
2005-04-04,2.8637397554040377e-08,2.169545286857838e-08,2.066096178417008e-08
2005-04-05,2.663388598030476e-08,1.919590523608214e-08,1.8330888366357626e-08
2005-04-06,2.7895623124223304e-08,2.007855603566109e-08,1.9797111030181052e-08
2005-04-07,2.6955494224949303e-08,2.2949449109433705e-08,2.2043310894734415e-08
2005-04-08,2.8376746481535294e-08,3.128280665846438e-08,3.153676685109455e-08
2005-04-11,1.242699441688848e-08,8.690124812075344e-09,8.296875055641926e-09
2005-04-12,1.996278750294715e-08,1.4739821580247224e-08,1.4339958430162878e-08
2005-04-13,2.852362858440539e-08,2.4538356696632714e-08,2.405686745275296e-08
2005-04-14,1.2701381208664755e-08,1.0148948086030144e-08,9.707741529160271e-09
2005-04-15,3.4748960175074804e-08,2.978922970981861e-08,2.9090526321700357e-08
2005-04-18,3.075242804676185e-08,2.5938422941732477e-08,2.5369121344074206e-08
2005-04-19,2.122278331204741e-08,1.7012920342223233e-08,1.6619498174184416e-08
2005-04-20,2.662273944079884e-08,2.5174400701798934e-08,2.552888691768039e-08
2005-04-21,2.942888685210642e-08,2.6132317847346065e-08,2.5606267055442102e-08
2005-04-22,1.390350786362902e-08,1.2552279575130456e-08,1.2606768781345207e-08
2005-04-25,6.140797065828089e-08,6.475652031601368e-08,6.590306135080244e-08
2005-04-26,1.9266806300281234e-08,1.569025243558383e-08,1.5662767837565575e-08
2005-04-27,1.559722476060993e-08,1.3132288414904325e-08,1.298656064731976e-08
2005-04-28,2.259631871916608e-08,1.9388912416461458e-08,1.9137623652122862e-08
2005-04-29,7.746828514629496e-08,8.217185684047549e-08,8.150998495326086e-08
2005-05-02,2.7381843998168364e-08,2.6011264341533655e-08,2.5914098026782402e-08
2005-05-03,1.8180650110386826e-08,1.4879631230626661e-08,1.4687729867055584e-08
2005-05-04,3.435010297747829e-08,3.025834896800227e-08,3.0416552738759144e-08
2005-05-05,1.5816386322461127e-08,1.2256103431761847e-08,1.2358140360362407e-08
2005-05-06,3.523317776741848e-08,3.337694718381849e-08,3.3074016067843263e-08
2005-05-09,2.6935941187313744e-08,2.36595557661271e-08,2.3237267602296297e-08
2005-05-10,2.29980093857571e-08,2.279563167718208e-08,2.240912852108164e-08
2005-05-11,3.542977395193386e-08,3.302083586649261e-08,3.271053962210185e-08
2005-05-12,1.1334494384598616e-08,8.713354685802289e-09,8.88309266361892e-09
2005-05-13,1.895183723420463e-08,1.5470158626990688e-08,1.5287292484655352e-08
2005-05-16,1.2386223305907477e-08,1.297612086628298e-08,1.2819175091378627e-08
2005-05-17,1.6053413308914895e-08,1.2726355765338186e-08,1.2488009523861486e-08
2005-05-18,1.6987306308933486e-08,1.5267066133204356e-08,1.4998325724065406e-08
2005-05-19,1.2505179859722258e-08,1.0406617823550501e-08,1.0214692544213908e-08
2005-05-20,2.6789719586668483e-08,2.4410151450889902e-08,2.4221389283625496e-08
2005-05-23,5.78174999031451e-08,5.8098481897793084e-08,5.7388974833196224e-08
2005-05-24,2.085390996827706e-08,1.8650063190587487e-08,1.8089757291311833e-08
2005-05-25,4.917503147917463e-08,4.744377605711169e-08,4.718723246027916e-08
2005-05-26,4.964044814835962e-08,5.14839872676617e-08,5.196908686501812e-08
2005-05-27,1.0458401514881413e-08,9.204792108599567e-09,9.101483753911295e-09
2005-05-30,2.3618403361664916e-08,2.291599241169384e-08,2.2241133634995216e-08
2005-05-31,1.863253491460201e-08,1.568076525897783e-08,1.5019510483429117e-08
2005-06-01,2.6517433526158954e-08,2.497481348559673e-08,2.517030118353001e-08
2005-06-02,4.651874626878788e-08,4.7933499859395585e-08,4.6979913338364215e-08
2005-06-03,1.3446412255653862e-08,1.1229200261359919e-08,1.1121227159179643e-08
2005-06-06,1.2137501670946897e-08,1.117365413771007e-08,1.035010123511703e-08
2005-06-07,1.617040735787843e-08,1.360845330341607e-08,1.2391921279150108e-08
2005-06-08,1.0914164307707676e-07,1.1437810214570025e-07,1.1710017003277974e-07
2005-06-09,7.965364609058485e-08,8.022657138485522e-08,7.911060442784942e-08
2005-06-10,8.096115248563112e-08,7.953142935521027e-08,7.94449631580866e-08
2005-06-13,9.838205163234316e-09,1.0721446129591419e-08,1.06860165719918e-08
2005-06-14,1.2092278690181807e-08,1.1190636685031235e-08,1.1437304088349926e-08
2005-06-15,1.1370985398632467e-07,1.164328764782986e-07,1.1414242851381659e-07
2005-06-16,3.3803763926818e-08,3.623528289824705e-08,3.673872413731072e-08
2005-06-17,1.2053194243840569e-08,1.0947401114992562e-08,1.140961850304328e-08
2005-06-20,4.5071999142058126e-07,4.5440970608471245e-07,4.498861633827146e-07
2005-06-21,3.1087916604949164e-08,3.1643606210580896e-08,3.27894807249234e-08
2005-06-22,1.0493746410293765e-08,1.2235058023786158e-08,1.3979352639128702e-08
2005-06-23,1.3578185351504797e-08,1.3512836920618614e-08,1.482677254720542e-08
2005-06-24,3.11188612446955e-08,2.9089245996998028e-08,2.7323485227822218e-08
2005-06-27,3.214661831995481e-08,3.101070993467997e-08,3.2051680775168566e-08
2005-06-28,2.4309854679851878e-08,2.3235512769348118e-08,2.4080820505468603e-08
2005-06-29,1.5000726197871944e-08,1.4696597147543589e-08,1.4861700901851839e-08
2005-06-30,1.2312381319195628e-08,1.0008741835858896e-08,1.0147764868294227e-08
2005-07-01,1.6039042366589747e-08,1.3465725475175729e-08,1.3750257910968197e-08
2005-07-04,4.2441660530303844e-08,3.91427451498797e-08,3.906739246447553e-08
2005-07-05,1.4726225560588207e-08,1.1952192201224168e-08,1.2188166223615895e-08
2005-07-06,8.770330982243818e-09,5.9750645967013514e-09,6.000085577577309e-09
2005-07-07,1.5360309874448856e-07,1.6471161648294315e-07,1.6329731566982745e-07
2005-07-08,5.339800700401032e-08,4.8299193042904316e-08,4.682544009730082e-08
2005-07-11,3.2804969797411906e-08,3.1487872639236055e-08,3.1546346564139535e-08
2005-07-12,1.8776987405335844e-08,2.0170216956460942e-08,2.0140259049249335e-08
2005-07-13,2.134974427047381e-08,1.8580531678786874e-08,1.853601924828197e-08
2005-07-14,1.566410286486954e-08,1.4242396726690579e-08,1.4881355703510798e-08
2005-07-15,1.2692879732604243e-08,9.672351143645462e-09,9.846680320650808e-09
2005-07-18,4.383220651914687e-08,4.4724779696260643e-08,4.406323143422193e-08
2005-07-19,2.577947166168835e-08,2.430665590740057e-08,2.4251896972218776e-08
2005-07-20,3.160645937377339e-08,2.8327256177783644e-08,2.763753752294807e-08
2005-07-21,1.141041902629738e-08,8.454328911488495e-09,8.32387513707853e-09
2005-07-22,1.8409129840421558e-08,1.4928067551365603e-08,1.433960737584797e-08
2005-07-25,2.8919321980558534e-07,2.897262665121668e-07,2.8727839781480204e-07
2005-07-26,3.718831244120484e-08,3.1643746225953206e-08,3.14184915597348e-08
2005-07-27,9.956317649707437e-09,1.0182536589716524e-08,1.0358223413037195e-08
2005-07-28,1.610234989989567e-08,1.3035729601030384e-08,1.2969829652486736e-08
2005-07-29,1.0674865516749709e-07,1.0265240083873804e-07,1.0212143723380849e-07
2005-08-01,2.0196157676479288e-08,1.9491028150492358e-08,1.940734143406994e-08
2005-08-02,1.0452382934937644e-08,8.525327708035863e-09,8.773932778725065e-09
2005-08-03,3.137832987670635e-08,2.9765195658516366e-08,2.8454647601449984e-08
2005-08-04,2.6412837048327194e-08,2.6928925383586293e-08,2.687411716003372e-08
2005-08-05,2.810250391472593e-08,2.6904496982040784e-08,2.5992633148271855e-08
2005-08-08,5.9434651986380297e-08,5.867676308923583e-08,5.6345936272289825e-08
2005-08-09,2.074366636964474e-08,1.9283256600781018e-08,1.8709276678022403e-08
2005-08-10,5.2441576688611447e-08,5.278449504787087e-08,5.252403023498248e-08
2005-08-11,1.1609467336098839e-08,1.0520617225341891e-08,1.0396408478169523e-08
2005-08-12,4.7081354797175017e-08,4.7723939770458755e-08,4.891505065023942e-08
2005-08-15,1.7280679976174454e-08,1.52994485242415e-08,1.4579723555898614e-08
2005-08-16,2.8637055299936055e-08,2.6947663257457338e-08,2.556406043060981e-08
2005-08-17,1.4523553262833471e-08,1.217076574887116e-08,1.1486655893350518e-08
2005-08-18,2.0816074150150026e-08,1.8825445389493438e-08,1.807320408772333e-08
2005-08-19,1.7184236581557498e-08,1.5665660907059224e-08,1.5746221294116655e-08
2005-08-22,1.0557893256136884e-08,7.822851087065754e-09,7.579481927155024e-09
2005-08-23,2.2014957655517893e-08,1.8770987716559214e-08,1.8297244895673153e-08
2005-08-24,1.5555277146517878e-08,1.2438046576515345e-08,1.1796250110126911e-08
2005-08-25,4.7639865221976606e-08,4.773566408625711e-08,4.7811484545501526e-08
2005-08-26,6.268889022477717e-08,5.948168174978956e-08,5.6903662043447135e-08
2005-08-29,1.7720419053233225e-08,1.7781757050423728e-08,1.8261501608767286e-08
2005-08-30,2.600930893671632e-08,2.37315552012183e-08,2.321778333883833e-08
2005-08-31,3.575788284052303e-08,3.435013890816932e-08,3.4047798586047184e-08
2005-09-01,1.0190544959181379e-08,7.500677893849003e-09,7.568294115354823e-09
2005-09-02,1.5439760142627596e-07,1.6347536141905355e-07,1.6414347170301099e-07
2005-09-05,5.976939515296606e-08,5.7281880756291014e-08,5.517277340487083e-08
2005-09-06,1.7203366552018918e-07,1.697439824167378e-07,1.6361784564714164e-07
2005-09-07,9.660683796972525e-08,9.166469419747967e-08,9.540097637324553e-08
2005-09-08,1.7679033066243988e-08,1.8442069002474583e-08,1.832618795805261e-08
2005-09-09,1.3928620455194889e-08,1.4131218481094404e-08,1.421623214986392e-08
2005-09-12,3.9201803554142823e-07,3.947591396871687e-07,3.8645568096951e-07
2005-09-13,9.901915435011775e-09,1.2682905369631511e-08,1.3722001355742508e-08
2005-09-14,1.4509336231811483e-08,1.4710100841505514e-08,1.4821981802228818e-08
2005-09-15,1.4643244187169348e-08,1.4349106991572412e-08,1.4739417360565289e-08
2005-09-16,6.189644809825235e-08,5.937382708492318e-08,5.7074468768338414e-08
2005-09-19,5.674178614514645e-08,5.355457689714699e-08,5.28678085196261e-08
2005-09-20,2.6264791182723982e-08,2.4090663019328603e-08,2.4259748527400653e-08
2005-09-21,2.1386587902737866e-08,2.101665229054968e-08,2.1106491033786515e-08
2005-09-22,5.357872271712064e-08,5.4447898736027254e-08,5.3970279158189265e-08
2005-09-23,1.839798391233313e-08,1.7611490201497477e-08,1.7635301900428474e-08
2005-09-26,1.1924442412391661e-07,1.2015612681409654e-07,1.1662091697510687e-07
2005-09-27,1.4052664251463148e-08,1.3440966185910919e-08,1.3933848438049998e-08
2005-09-28,2.2818739082522784e-08,2.2061313527398006e-08,2.2547703312354023e-08
2005-09-29,1.2254261209977544e-08,1.221332259928599e-08,1.252039488254563e-08
2005-09-30,9.314244987660555e-09,8.661304722923412e-09,8.514736683650157e-09
2005-10-03,2.2479617099572168e-08,2.0475186810901363e-08,1.9690948767304804e-08
2005-10-04,1.9355001391841915e-08,1.7016792589483947e-08,1.6724958219445943e-08
2005-10-05,1.516405121123628e-08,1.2777027001194084e-08,1.2414429167344594e-08
2005-10-06,1.4343275215346616e-08,1.167120333547869e-08,1.136729976063945e-08
2005-10-07,1.7267920004942186e-08,1.4950090921488762e-08,1.492093923790175e-08
2005-10-10,2.962213266023772e-08,2.701620954987081e-08,2.6624400903448014e-08
2005-10-11,3.401017092343442e-08,3.150903446187904e-08,3.023107538475645e-08
2005-10-12,1.1071536623717587e-08,8.53083528197166e-09,8.136135543162423e-09
2005-10-13,3.397855000944632e-08,3.094826481673231e-08,3.111964628689128e-08
2005-10-14,2.0716996909518655e-08,1.8603942791594635e-08,1.8157881467937986e-08
2005-10-17,1.429164529874447e-08,1.0414508845316079e-08,9.829716556319259e-09
2005-10-18,1.7732720221274444e-08,1.419589101082582e-08,1.3298397912262493e-08
2005-10-19,1.8967565243449096e-08,1.6628530920813668e-08,1.6022146146659533e-08
2005-10-20,2.8316105324521044e-08,2.620738688413132e-08,2.6087600756391535e-08
2005-10-21,1.316151586472738e-08,9.924237748752455e-09,9.174161233327595e-09
2005-10-24,3.416673580243911e-08,3.6556868241693776e-08,3.704797286843207e-08
2005-10-25,5.7034896894488703e-08,5.514335843729483e-08,5.414102638142549e-08
2005-10-26,3.7795757262998617e-08,3.6365515135798893e-08,3.541137787339728e-08
2005-10-27,2.4967489265340424e-08,2.2637732468150658e-08,2.1346418032164196e-08
2005-10-28,1.621758853369658e-08,1.3941158854780779e-08,1.2803356171653668e-08
2005-10-31,1.1309007731576958e-08,7.567548887379228e-09,6.877701451899466e-09
2005-11-01,4.361388327181662e-08,4.063334364064506e-08,4.011150707376293e-08
2005-11-02,3.4127417880326167e-07,3.405553216256033e-07,3.4054363683695147e-07
2005-11-03,2.9998076114482855e-08,3.116817970482399e-08,3.103056227558011e-08
2005-11-04,1.668101952756449e-08,1.6171590083214392e-08,1.564319841452334e-08
2005-11-07,6.511966009381839e-08,5.631901042746196e-08,5.2191586321297976e-08
2005-11-08,1.2088171540975937e-07,1.018810364993485e-07,9.65566955921573e-08
2005-11-09,8.384784639658016e-08,6.641203672447129e-08,6.292524710959574e-08
2005-11-10,6.207082942756799e-08,5.249334556189089e-08,4.624551931400075e-08
2005-11-11,1.4594284250825138e-08,2.181067921029144e-08,2.3604969747961865e-08
2005-11-14,3.5731811043106884e-08,3.793142762318823e-08,3.803950391521601e-08
2005-11-15,3.7110093435263185e-08,2.885784035689999e-08,2.664497705489976e-08
2005-11-16,1.4734729608111067e-08,1.7045516713496417e-08,1.6912103461071432e-08
2005-11-17,1.4516364665415878e-08,1.569952310449677e-08,1.609549205510388e-08
2005-11-18,5.39135867027912e-08,5.338766651795911e-08,5.2507131580859236e-08
2005-11-21,1.8813585600718197e-08,1.5312638880881644e-08,1.380166658975902e-08
2005-11-22,2.8216508828465332e-08,2.7879692546278064e-08,2.7626234383950596e-08
2005-11-23,2.2814974621487943e-08,1.892369482447122e-08,1.9159197325375057e-08
2005-11-24,1.4164326746081415e-08,1.5725711203741446e-08,1.5880334932262194e-08
2005-11-25,1.2952859810543092e-08,1.137547716249086e-08,1.0797795200343112e-08
2005-11-28,1.4211076001404788e-07,1.3575963921136877e-07,1.32631618713733e-07
2005-11-29,5.028197878590399e-08,4.599511238575531e-08,4.8981063505862585e-08
2005-11-30,1.2434896285465075e-08,9.295741645322736e-09,9.457001122959781e-09
2005-12-01,1.6137770628222428e-08,1.372763531508633e-08,1.47702971552696e-08
2005-12-02,1.5262109923718367e-07,1.3167746001365396e-07,1.2709182341127113e-07
2005-12-05,2.8165343298048595e-08,3.2938508208517174e-08,3.288295384484738e-08
2005-12-06,2.6955284885955537e-08,2.85801908281612e-08,2.7626280419610903e-08
2005-12-07,8.036343903698229e-08,6.505836066224315e-08,6.232522595787788e-08
2005-12-08,2.9354279179925924e-08,2.6029339432990312e-08,2.3938781831533852e-08
2005-12-09,8.526419721474184e-09,1.205055487660297e-08,1.2815876512580111e-08
2005-12-12,2.493972223690108e-08,2.3470363556725667e-08,2.2637628821389648e-08
2005-12-13,1.0822571428807989e-08,1.2284078988078484e-08,1.2337529168541006e-08
2005-12-14,3.884137032541859e-08,3.833164570345842e-08,3.821027568585833e-08
2005-12-15,1.157872130083693e-08,1.18692422945787e-08,1.1849209147543347e-08
2005-12-16,1.0989201734447882e-07,1.0945991413668397e-07,1.0876935240584721e-07
2005-12-19,2.4568693257978255e-08,2.4376315496836956e-08,2.4229631430036458e-08
2005-12-20,3.0740668864778344e-08,2.7553019176919148e-08,2.6327149773960983e-08
2005-12-21,3.173928968390917e-08,2.8203883302388044e-08,2.5815025899730356e-08
2005-12-22,3.317411477957405e-08,2.8324310261237507e-08,2.672624897857552e-08
2005-12-23,1.3055115261456203e-08,1.3048813515731294e-08,1.3220525770713547e-08
2005-12-26,3.1394312377204196e-08,3.066098519530747e-08,3.0250976111879615e-08
2005-12-27,1.2178553580444699e-08,1.1542747874219117e-08,1.1870426283896177e-08
2005-12-28,7.870700839847807e-08,7.189309949741771e-08,6.932880792308805e-08
2005-12-29,9.478249821739775e-09,1.0324100406868561e-08,1.0236309127035294e-08
2005-12-30,6.909364338545673e-08,6.643519449287736e-08,6.721795018543825e-08
2006-01-02,6.163506680240141e-08,5.7919836487352495e-08,5.768600540025627e-08
2006-01-03,1.0971479012675104e-08,1.1162674716929303e-08,1.1644841347360054e-08
2006-01-04,2.0297838794588726e-08,1.979754314779097e-08,1.9366957088895423e-08
2006-01-05,3.1629787960518786e-08,3.0640721508978005e-08,2.952787237467386e-08
2006-01-06,1.7708443308267336e-07,1.6770610403852082e-07,1.6429526451956546e-07
2006-01-09,6.6017695940014114e-09,9.059786121115244e-09,9.63113685854762e-09
2006-01-10,8.17337792830208e-09,7.847672456177348e-09,8.032866262205405e-09
2006-01-11,1.0939302785558542e-08,1.1497793030807804e-08,1.1603436159021772e-08
2006-01-12,3.6085460565622843e-08,3.801238456656842e-08,3.880019885958671e-08
2006-01-13,9.44773077550625e-09,9.912734389008506e-09,9.93967364009338e-09
2006-01-16,3.039996087188965e-08,2.7079414145666066e-08,2.7530813441357635e-08
2006-01-17,2.2713535003826592e-08,2.1989151335950132e-08,2.1932241882956556e-08
2006-01-18,1.6422941538081242e-08,1.6910891933155783e-08,1.7028026079716663e-08
2006-01-19,4.007326237267778e-08,3.864643848971434e-08,3.7647582845822054e-08
2006-01-20,1.0406102743562162e-08,9.710243129249292e-09,9.282673753730512e-09
2006-01-23,3.348879298516576e-08,3.198684659457992e-08,3.039351421512777e-08
2006-01-24,2.868334668459264e-08,2.8666848569123418e-08,2.762409548086181e-08
2006-01-25,2.439308865297273e-08,2.738847491220224e-08,2.845325891324218e-08
2006-01-26,5.792157285530888e-08,5.8472629379559534e-08,5.868146220581895e-08
2006-01-27,3.0564041331894016e-08,3.043976819510505e-08,3.0690630047113615e-08
2006-01-30,7.291420358790792e-08,7.012948997302861e-08,6.893171116880945e-08
2006-01-31,1.0927553001192838e-07,1.0514247572786214e-07,1.0549858745160448e-07
2006-02-01,2.958993536653031e-08,3.066004234210585e-08,3.160778251496452e-08
2006-02-02,8.359202524073317e-08,7.580020952783498e-08,7.391029757382493e-08
2006-02-03,1.472994828709121e-08,1.7103651567860176e-08,1.7386273293563036e-08
2006-02-06,6.62796153927364e-08,6.278778204985679e-08,6.164158938736009e-08
2006-02-07,1.9136680214608409e-07,1.9201381017046907e-07,1.9280987926152674e-07
2006-02-08,3.163820477721913e-08,3.2746547469288274e-08,3.2430317704726117e-08
2006-02-09,1.6199542901696654e-08,1.733868093167651e-08,1.7333046833868165e-08
2006-02-10,2.2780474588820206e-08,2.413592104733861e-08,2.3888535239120267e-08
2006-02-13,7.105625012153013e-08,6.810630705114307e-08,6.736838792913607e-08
2006-02-14,1.2456574608082228e-08,1.3331323275658954e-08,1.3485168506590021e-08
2006-02-15,1.3335334493454744e-08,1.374401617446143e-08,1.398735794331857e-08
2006-02-16,3.2892615606095685e-08,3.276173939263861e-08,3.246970254761126e-08
2006-02-17,9.658408975573424e-09,1.0295810202160595e-08,1.0596804030744774e-08
2006-02-20,5.710957872558772e-09,6.05286907027147e-09,6.2604557618293114e-09
2006-02-21,1.4253519404105433e-08,1.3286378330753026e-08,1.3461123034260795e-08
2006-02-22,1.7446174749912367e-08,1.6223376374755017e-08,1.6127309187516437e-08
2006-02-23,1.3727161357027772e-08,1.486516430481685e-08,1.4823984912974822e-08
2006-02-24,4.486810458898226e-08,4.58769466671479e-08,4.547047226222323e-08
2006-02-27,1.8216929873653066e-08,1.7907212046244076e-08,1.7361179219282824e-08
2006-02-28,4.2055307167644454e-08,4.150407074691964e-08,4.042046057625828e-08
2006-03-01,7.033830109241151e-09,6.733893649034702e-09,6.7089787093801724e-09
2006-03-02,1.913188474965958e-08,2.0502613118281286e-08,2.088798335183976e-08
2006-03-03,1.6459993229531078e-07,1.6531326050429299e-07,1.646188442248712e-07
2006-03-06,2.231113935364688e-08,2.0683153969977473e-08,2.1463968673371565e-08
2006-03-07,6.806324276130827e-08,6.628825275930228e-08,6.528096761841105e-08
2006-03-08,3.080516362877035e-08,2.8445156659220316e-08,2.787627962312039e-08
2006-03-09,4.191115883002985e-08,4.21029742290821e-08,4.1850799422028165e-08
2006-03-10,3.860222289478511e-08,3.5614499782862433e-08,3.527015412254242e-08
2006-03-13,2.469765125446824e-08,2.5064754735855093e-08,2.458140971318502e-08
2006-03-14,1.3980031725077803e-07,1.4120430399037396e-07,1.4268810230419993e-07
2006-03-15,7.929544358414914e-08,7.582862102763445e-08,7.411992181480666e-08
2006-03-16,3.658346913737412e-08,3.426577257571981e-08,3.357898476148943e-08
2006-03-17,3.029201801032365e-08,2.987929007561182e-08,2.974475975614888e-08
2006-03-20,7.943794227140981e-09,8.181941447116113e-09,8.49111275860585e-09
2006-03-21,2.746485359043626e-08,2.7294700828268988e-08,2.7479242255854863e-08
2006-03-22,5.226296982995174e-08,5.1419975756488045e-08,5.14554135059712e-08
2006-03-23,1.4055871016612739e-08,1.4906058822139476e-08,1.4910029001039467e-08
2006-03-24,5.291111717016898e-08,5.147442574745838e-08,5.2127125095221456e-08
2006-03-27,1.3019590681741878e-08,1.4296874489582135e-08,1.4055460314568029e-08
2006-03-28,7.353519506793242e-08,6.868895249688329e-08,6.847133526215928e-08
2006-03-29,7.870334786616239e-09,7.104010850608519e-09,7.3866143403108535e-09
2006-03-30,2.387426974290784e-07,2.2571353485052914e-07,2.2216663845566454e-07
2006-03-31,3.7059416869534726e-07,3.4973298725144684e-07,3.4491055280355027e-07
2006-04-03,8.67909952887258e-08,6.52233617514863e-08,6.022893163137115e-08
2006-04-04,6.117710333493871e-08,6.078919002805814e-08,6.053107721872245e-08
2006-04-05,1.1135482370016642e-07,8.73439222461558e-08,8.318644207940662e-08
2006-04-06,9.878314514009322e-08,8.758770425030969e-08,8.853502860039405e-08
2006-04-07,3.4929762462487605e-08,2.421310214825413e-08,2.442900052508186e-08
2006-04-10,2.023372819374631e-08,2.4569700266510775e-08,2.653949112697661e-08
2006-04-11,2.7137424975950203e-07,2.375185417796425e-07,2.2991894709514007e-07
2006-04-12,5.911612416963899e-08,5.466579218795401e-08,5.400713813445177e-08
2006-04-13,1.7329556500872973e-08,2.9596917150011008e-08,3.191509942560598e-08
2006-04-14,1.828371443027483e-07,1.656832033248207e-07,1.6088231139268708e-07
2006-04-17,9.803949875488711e-08,1.0480220114917312e-07,1.0436096809434686e-07
2006-04-18,1.619396529511156e-08,2.6025977950422533e-08,2.836562337518128e-08
2006-04-19,4.193433012760441e-08,4.4670999685592226e-08,4.631286774826886e-08
2006-04-20,2.753306178967542e-08,3.213374876362943e-08,3.233787066725246e-08
2006-04-21,5.583914970409537e-08,5.380500529830742e-08,5.265343450082333e-08
2006-04-24,1.2493020043143082e-08,1.6176411684385483e-08,1.6853609269021007e-08
2006-04-25,4.555086984786689e-08,3.989133163717244e-08,3.798583619140957e-08
2006-04-26,4.1887093396817125e-08,4.426322316900516e-08,4.5326610636361474e-08
2006-04-27,1.3184975545552682e-08,1.5658188303708647e-08,1.60922613605012e-08
2006-04-28,6.482972947365364e-08,6.100380683150344e-08,5.99425917911517e-08
2006-05-01,1.3555881397173043e-08,1.7264834034903507e-08,1.821576175281844e-08
2006-05-02,1.5726592657126713e-08,1.5838370624913507e-08,1.642343841473859e-08
2006-05-03,2.743322801600685e-08,2.6531426187003594e-08,2.6064443665435754e-08
2006-05-04,1.808348257755869e-08,1.8169162285477394e-08,1.834066370000247e-08
2006-05-05,2.2587874791837987e-08,2.0770155204473823e-08,2.0334656919099423e-08
2006-05-08,2.3443457778740814e-08,2.4452297702388626e-08,2.4430726621521768e-08
2006-05-09,1.046894650456722e-08,9.61495339351967e-09,9.168251734281517e-09
2006-05-10,1.7898125153111505e-08,1.6821665998743046e-08,1.7339254485549073e-08
2006-05-11,4.394147460655897e-08,4.5349732661745754e-08,4.529145002828483e-08
2006-05-12,1.3328205041815103e-07,1.275850969022174e-07,1.273704803794829e-07
2006-05-15,1.0227033049918264e-08,1.1263431795700864e-08,1.133321485199711e-08
2006-05-16,7.337502654218252e-08,7.359534630123396e-08,7.351265301590085e-08
2006-05-17,2.0662260480084774e-07,2.024398435305571e-07,2.0094569561183435e-07
2006-05-18,9.797206273145771e-09,1.1671612828642728e-08,1.2011723127969762e-08
2006-05-19,3.6863431758679163e-07,3.5563939376796046e-07,3.4854453805209747e-07
2006-05-22,3.134259336567391e-07,2.8599029748127057e-07,2.732620940324868e-07
2006-05-23,3.3584648955374906e-08,3.404870786892826e-08,3.551737338428818e-08
2006-05-24,3.4766878152838896e-07,3.141587552753832e-07,2.9857081623535827e-07
2006-05-25,1.714510889345305e-08,2.6967662220331145e-08,3.2528467285050865e-08
2006-05-26,2.4489464728895427e-08,2.7957345551590774e-08,3.0466353558229056e-08
2006-05-29,5.989190582089693e-07,5.343353642669496e-07,5.113189541673529e-07
2006-05-30,9.276325580769731e-08,9.069769588922473e-08,9.189759007764906e-08
2006-05-31,2.6011669809845203e-07,2.1274364865775288e-07,2.0295335150933976e-07
2006-06-01,2.4837484929732154e-08,3.332499749305455e-08,3.7950240144635736e-08
2006-06-02,3.4577028125835867e-07,2.8131379750841494e-07,2.6562286884853664e-07
2006-06-05,2.796190768839855e-07,2.114122169887492e-07,1.9377630391351803e-07
2006-06-06,9.75062451725646e-09,3.5178153102599676e-08,4.477245552128096e-08
2006-06-07,4.5069195404441044e-08,6.007668963060907e-08,6.545212503032408e-08
2006-06-08,1.4072909898758692e-08,2.8601990161670092e-08,3.421737500336961e-08
2006-06-09,5.3509209420408376e-08,4.5457694455238636e-08,4.2142834402446075e-08
2006-06-12,8.661847436246137e-07,7.789865102750704e-07,7.525480099679156e-07
2006-06-13,6.368036992567188e-07,5.20748702602099e-07,4.877402147969273e-07
2006-06-14,1.888473340632692e-08,4.0077374398731696e-08,4.8858111605329434e-08
2006-06-15,1.2196344814633584e-08,4.0530145142314455e-08,5.137404803006433e-08
2006-06-16,1.2200063029863184e-08,2.9560677371462433e-08,3.674678427761715e-08
2006-06-19,1.294101765022995e-07,1.3153520342142186e-07,1.3622464993032147e-07
2006-06-20,1.0775155590407206e-07,9.48987775765627e-08,9.292748694049284e-08
2006-06-21,9.236972280328298e-08,7.361841108342692e-08,7.119323647729992e-08
2006-06-22,3.6852711025828956e-08,4.3467660330130793e-08,4.818330507551004e-08
2006-06-23,1.415589173257924e-08,1.7271882151320513e-08,1.9513724589441827e-08
2006-06-26,1.3565651106426334e-07,1.1405142017189865e-07,1.0786684345685983e-07
2006-06-27,5.713535010807488e-08,6.817537288167879e-08,7.300584304356764e-08
2006-06-28,1.516282162480761e-08,2.4372390420889563e-08,2.7624218368835087e-08
2006-06-29,9.124609040710117e-09,1.5939121223528547e-08,1.853845508666094e-08
2006-06-30,7.910277438949773e-09,1.1604759319238505e-08,1.3268578754237802e-08
2006-07-03,1.6850840201082043e-08,1.8229579503136836e-08,1.9271843787414654e-08
2006-07-04,1.371838891726478e-08,1.4846350349875638e-08,1.5958388766615223e-08
2006-07-05,3.078101733851611e-07,3.0847001037316486e-07,3.024779144782564e-07
2006-07-06,2.7381319383933987e-08,2.708356242271532e-08,2.829260592338282e-08
2006-07-07,2.473236056985083e-08,2.8495857514813437e-08,3.070221216277368e-08
2006-07-10,5.87094682818974e-08,5.799732248153832e-08,5.71590847046637e-08
2006-07-11,2.5299801513301712e-08,2.3795101476493317e-08,2.318148157106851e-08
2006-07-12,2.144949979472879e-08,2.222185422160313e-08,2.363247926447782e-08
2006-07-13,3.90951979674285e-08,3.525610844332761e-08,3.38003504290753e-08
2006-07-14,1.213798883635161e-08,1.0772801019320462e-08,1.055103072782948e-08
2006-07-17,1.3399767485000194e-08,1.6076569565861784e-08,1.779232244323787e-08
2006-07-18,1.5937558271679655e-08,1.6119388790007147e-08,1.7430953190148998e-08
2006-07-19,5.246876288353878e-08,5.5242524941641354e-08,5.4222719637506624e-08
2006-07-20,1.7446559353862846e-08,1.7126717503337236e-08,1.8439911420098643e-08
2006-07-21,2.1256504952222952e-08,2.0248391073895954e-08,2.01594892275133e-08
2006-07-24,2.0996217028122627e-08,2.0113584362197152e-08,2.0756289751917954e-08
2006-07-25,1.2008532388909912e-08,1.2322001369952788e-08,1.2393882043792907e-08
2006-07-26,1.3533989637499134e-08,1.3492985990359947e-08,1.3625378940181783e-08
2006-07-27,3.7339464809009575e-08,3.7718613489898897e-08,3.7221940936158305e-08
2006-07-28,6.185503579617103e-08,6.202869631041141e-08,6.214475158915287e-08
2006-07-31,1.1912724385942987e-08,1.1110219333200314e-08,1.18534204084302e-08
2006-08-01,2.149619764561636e-08,1.967662403635612e-08,1.993962357360733e-08
2006-08-02,3.2887376198304974e-08,3.1839997208312714e-08,3.118195321651904e-08
2006-08-03,9.380373877791609e-08,9.523466073104265e-08,9.587720459593418e-08
2006-08-04,2.0889362049331678e-08,1.994025898916097e-08,1.9976679723937574e-08
2006-08-07,3.861009756954516e-08,4.094295220477832e-08,4.1322828857022176e-08
2006-08-08,1.686698826819144e-08,1.8083194283823085e-08,1.80341269702452e-08
2006-08-09,1.2629200114063421e-08,1.3225889604472982e-08,1.308316665847149e-08
2006-08-10,1.0857601306035861e-08,1.0065551360797704e-08,1.0055593753735372e-08
2006-08-11,2.4121403439540875e-08,2.3261286818422547e-08,2.2517866816939624e-08
2006-08-14,2.1898293336251665e-08,2.1575315092178788e-08,2.1571781688007818e-08
2006-08-15,2.7694671726779493e-08,2.5988528272577013e-08,2.5582046619804215e-08
2006-08-16,3.2440494226052795e-08,3.1755604320755174e-08,3.1354112628312655e-08
2006-08-17,1.8879417429767624e-08,1.6819758940344678e-08,1.6713707085211514e-08
2006-08-18,3.628438870404303e-08,3.496205150391664e-08,3.41898020833489e-08
2006-08-21,3.527989304639145e-08,3.115810718546897e-08,3.1065385940648876e-08
2006-08-22,3.8252894974621213e-08,3.54163305445936e-08,3.446823819966616e-08
2006-08-23,1.5266832099261898e-08,1.1736896785638313e-08,1.198630910623561e-08
2006-08-24,4.652369528680198e-08,4.7425935839736724e-08,4.707156011453116e-08
2006-08-25,6.211147013953121e-08,6.441812573171487e-08,6.413566116137512e-08
2006-08-28,2.1012358399464048e-08,1.997153774329318e-08,2.0289793638939744e-08
2006-08-29,1.4122858605744911e-08,1.1740845697749913e-08,1.1146768481602494e-08
2006-08-30,2.2698069943445034e-08,1.939024325365818e-08,1.8716014073401124e-08
2006-08-31,2.908495430442928e-08,3.215189213778519e-08,3.216355313637142e-08
2006-09-01,1.1790439385687758e-08,8.922896715125949e-09,8.34770762902585e-09
2006-09-04,1.6289533274986985e-08,1.5643124797497736e-08,1.5305177435432305e-08
2006-09-05,1.7631944803063765e-08,1.4855059181718118e-08,1.5081082240359268e-08
2006-09-06,2.174706622284066e-08,2.1744551507731477e-08,2.114108712337048e-08
2006-09-07,2.3103188003517432e-08,2.347699784617905e-08,2.2738762797939364e-08
2006-09-08,2.1016786431848954e-07,2.2161871765106976e-07,2.2274039960697308e-07
2006-09-11,1.3932473167501237e-08,1.3749412518704777e-08,1.3934308348305157e-08
2006-09-12,2.6161050624218768e-08,2.7181087586162372e-08,2.6075156546916714e-08
2006-09-13,1.6126716527979027e-08,1.4948139152830254e-08,1.4721685075566322e-08
2006-09-14,1.9926362378713796e-08,1.8802143332648524e-08,1.9842151673419018e-08
2006-09-15,1.8275930875203955e-08,1.768580081192887e-08,1.7499041602231783e-08
2006-09-18,9.22516220685925e-09,6.6780160557903425e-09,6.735248985068337e-09
2006-09-19,1.3187876344556577e-07,1.397674601976109e-07,1.3846819784647546e-07
2006-09-20,1.3022258861089484e-08,1.1774905492423134e-08,1.2525224159348071e-08
2006-09-21,5.826300037387912e-08,6.153075269992218e-08,6.126597904119278e-08
2006-09-22,5.532997638855261e-08,5.864236522454647e-08,5.696962763068524e-08
2006-09-25,4.808206343096396e-08,4.652239220504334e-08,4.646200574765755e-08
2006-09-26,5.4066310445328375e-08,5.5508985376671015e-08,5.356828664567677e-08
2006-09-27,4.189544765931985e-08,3.933433481541266e-08,3.894464913266102e-08
2006-09-28,5.4104391145276396e-08,5.3458577179683e-08,5.28790340090449e-08
2006-09-29,1.1104341266651363e-08,1.1858057994085423e-08,1.2971996041347529e-08
2006-10-02,3.939121280432221e-08,4.034590900968602e-08,4.0713611077546066e-08
2006-10-03,3.250381373836871e-08,3.2447194418392e-08,3.2769578937438997e-08
2006-10-04,2.7967414213691908e-08,2.6728272960727315e-08,2.644513425047997e-08
2006-10-05,8.629312205780866e-08,8.765945866567451e-08,8.613426974615658e-08
2006-10-06,2.6176477223298543e-08,2.4651846769753167e-08,2.3818173035179344e-08
2006-10-09,6.726078164338022e-08,6.790856608928399e-08,6.785693349593462e-08
2006-10-10,1.1422946693628923e-08,1.1207253448475117e-08,1.2099473800320953e-08
2006-10-11,3.798356595501579e-08,3.785603454210082e-08,3.672783557967144e-08
2006-10-12,1.5840183166006563e-08,1.561814686812932e-08,1.6014818115471108e-08
2006-10-13,2.4880928338572886e-08,2.3499677024847988e-08,2.3690919680054752e-08
2006-10-16,1.179419785846663e-07,1.1900958099961994e-07,1.1775452591700475e-07
2006-10-17,1.0423284537655436e-07,1.015231019566255e-07,9.858417914698432e-08
2006-10-18,4.124895717524913e-08,4.2212521302895526e-08,4.2960420273668355e-08
2006-10-19,1.0954493587686689e-08,1.0909468500788617e-08,1.1885600200687306e-08
2006-10-20,2.4946191563579342e-08,2.382777588013939e-08,2.468922110056466e-08
2006-10-23,5.1018118161548994e-08,5.0073319476855336e-08,4.999293446844612e-08
2006-10-24,5.702160376865734e-08,6.016501997103786e-08,5.835384989896303e-08
2006-10-25,2.4679765522319285e-08,2.4576707697963154e-08,2.3400529799027283e-08
2006-10-26,2.566358007260617e-08,2.436455475025135e-08,2.4369294020166825e-08
2006-10-27,2.2874021464399135e-08,2.274647831734716e-08,2.227900242480917e-08
2006-10-30,1.4783158021669844e-08,1.2682275113171537e-08,1.2999155016471399e-08
2006-10-31,1.4455804772047914e-08,1.2111995976458264e-08,1.239579944103651e-08
2006-11-01,1.7266242064491634e-08,1.4399547432811545e-08,1.4361860477470669e-08
2006-11-02,1.929071071218164e-08,1.6323885698850268e-08,1.6640656017215405e-08
2006-11-03,2.4653056862356958e-08,2.1573051128310133e-08,2.0921533476053027e-08
2006-11-06,3.670898454110742e-08,3.411465211914752e-08,3.3766464906798945e-08
2006-11-07,1.0774568400708093e-08,9.358331263376984e-09,9.288999982581174e-09
2006-11-08,1.6922362802320156e-08,1.6208933923672867e-08,1.5939525357563762e-08
2006-11-09,2.1875079721237438e-08,1.8984170032168886e-08,1.8932922969685657e-08
2006-11-10,3.5263377857647085e-08,3.293669467228974e-08,3.210127285119218e-08
2006-11-13,1.7488352099700455e-07,1.7607468021171138e-07,1.739085940818904e-07
2006-11-14,8.642889406961831e-08,8.650806348039037e-08,8.506762628727395e-08
2006-11-15,1.4792357656756001e-08,1.3662006811943241e-08,1.3414595465161043e-08
2006-11-16,2.3193899780233107e-08,2.3493328338436335e-08,2.3975311480579916e-08
2006-11-17,6.875644640677393e-08,6.734372130429719e-08,6.707479745848217e-08
2006-11-20,2.4483439456798836e-08,2.2477112956546108e-08,2.1374492912974473e-08
2006-11-21,2.682647099568501e-08,2.6846975679077197e-08,2.6186494092105683e-08
2006-11-22,3.5369833901615367e-07,3.6208165715496605e-07,3.639167821840079e-07
2006-11-23,3.2358584223386985e-08,2.817365225317233e-08,2.628803560904614e-08
2006-11-24,7.671145466566176e-08,7.811670593480609e-08,7.773578994271275e-08
2006-11-27,2.5097372835399376e-07,2.4154729094717025e-07,2.3858119419847295e-07
2006-11-28,9.066598428329116e-08,8.611434199609533e-08,8.185979817442006e-08
2006-11-29,3.000434593628232e-08,3.284617200835569e-08,3.3415216857467104e-08
2006-11-30,3.0038543491313836e-08,3.503303189080843e-08,3.517845128967224e-08
2006-12-01,2.7619154534833898e-08,3.032210199813303e-08,3.118685177690516e-08
2006-12-04,3.1097976827244e-08,3.088353339918224e-08,3.0383196349933535e-08
2006-12-05,1.6873443485272038e-08,1.7717073465647395e-08,1.7299485814997153e-08
2006-12-06,2.471676042888114e-07,2.4261756514453997e-07,2.3822587865657368e-07
2006-12-07,3.204148937390342e-08,3.7638364910968734e-08,3.6802968284063357e-08
2006-12-08,1.4481004786154757e-08,1.8205811403362513e-08,1.7718989889532853e-08
2006-12-11,8.983253498740473e-07,8.711727021442293e-07,8.671243207057377e-07
2006-12-12,2.0444934442021382e-07,1.7368749252846838e-07,1.6243999091974565e-07
2006-12-13,2.3884574013690816e-07,1.9754426643906763e-07,1.8221834605860108e-07
2006-12-14,4.532147925581258e-08,7.015637150945667e-08,7.621365877926506e-08
2006-12-15,3.0278162479606407e-08,4.493413605722242e-08,4.6665822265041174e-08
2006-12-18,2.879105878810896e-07,2.4508058351492855e-07,2.472811660410389e-07
2006-12-19,5.754776577512324e-08,6.727016050517313e-08,6.988098620456931e-08
2006-12-20,7.893808551346213e-08,9.158812380910364e-08,9.098775969986918e-08
2006-12-21,1.82877284981e-08,3.1878155324248946e-08,3.21595222250755e-08
2006-12-22,2.6728802057283505e-08,3.555599134585464e-08,3.576664508157451e-08
2006-12-25,3.2995922988071505e-08,3.358042569245407e-08,3.400829208244084e-08
2006-12-26,1.9842271840554642e-07,1.8477888819098121e-07,1.830806930327814e-07
2006-12-27,2.3386088770350042e-08,3.159388724228825e-08,3.26432284911962e-08
2006-12-28,5.181100445011131e-08,5.2422465891299184e-08,5.130522293246267e-08
2006-12-29,3.0284551494748446e-08,3.581828717007465e-08,3.6447204731548264e-08
2007-01-01,2.1306581578195667e-08,1.768337450605602e-08,1.6886121128551956e-08
2007-01-02,5.8855804531604957e-08,6.057522887941316e-08,6.186953572586648e-08
2007-01-03,2.2257675297992784e-08,2.6173781770730555e-08,2.6443848554527374e-08
2007-01-04,5.672407463760634e-08,5.3020503724432696e-08,5.2438666162722557e-08
2007-01-05,3.827771919591278e-08,3.832217148323431e-08,3.7525624447310695e-08
2007-01-08,3.459869821999412e-08,3.086792374127718e-08,2.9919761935204557e-08
2007-01-09,2.0945996162020932e-08,1.859956513291512e-08,1.7807527310982334e-08
2007-01-10,3.3405295305194e-08,3.158133173837491e-08,3.146629038965362e-08
2007-01-11,2.538616045544131e-08,2.5239865231290982e-08,2.4843157966161838e-08
2007-01-12,1.4277718800551694e-07,1.3938828385938684e-07,1.3743494576071454e-07
2007-01-15,2.709995112225677e-08,2.6587124299130084e-08,2.625479448714831e-08
2007-01-16,3.983549564130209e-08,4.1305157969330475e-08,4.1402512552586335e-08
2007-01-17,1.8061484295677127e-07,1.8213993141004616e-07,1.7988287909250736e-07
2007-01-18,3.0469998749797026e-08,3.2893624834185286e-08,3.1290717066315207e-08
2007-01-19,2.7127966324275148e-08,2.7787655237925205e-08,2.9020135113192117e-08
2007-01-22,1.100414602077539e-08,1.1731715753870914e-08,1.1130275820865657e-08
2007-01-23,6.543309941154447e-08,6.494506456662004e-08,6.257744693546067e-08
2007-01-24,2.6147284336128518e-08,2.721023660556709e-08,2.793963702242044e-08
2007-01-25,3.108272633115566e-08,2.64085803611473e-08,2.639217762105068e-08
2007-01-26,6.340386356072149e-08,5.6677147021476496e-08,5.672986005797022e-08
2007-01-29,1.381163178206541e-08,1.4583477748363613e-08,1.3922984642185204e-08
2007-01-30,5.903303440216851e-08,5.87068449922884e-08,5.703202682835169e-08
2007-01-31,2.7512634004286416e-08,2.7863522243385273e-08,2.7799871190009047e-08
2007-02-01,3.8978045060644036e-08,3.5474928523371304e-08,3.527504454709136e-08
2007-02-02,3.3247814322767855e-08,3.325729492399499e-08,3.3200233149388545e-08
2007-02-05,1.923022841013843e-08,1.8340041333763344e-08,1.7590913716838342e-08
2007-02-06,2.4482164728875464e-08,1.9403510833773995e-08,1.8895225538927347e-08
2007-02-07,3.665130835081329e-08,3.345003700876042e-08,3.380702124355161e-08
2007-02-08,4.2688978564718076e-08,4.23786358951305e-08,4.2290622819798916e-08
2007-02-09,7.560853113531335e-08,6.781343364490863e-08,6.69143455487252e-08
2007-02-12,1.1465742514920148e-07,1.1037482394588606e-07,1.1073060015179645e-07
2007-02-13,7.14636626604366e-08,7.70906557926701e-08,7.643785003337552e-08
2007-02-14,5.4319766445394307e-08,5.333401867402849e-08,5.1559098210927096e-08
2007-02-15,1.4126985002088818e-07,1.43955841314458e-07,1.4450162014125694e-07
2007-02-16,1.3846727261476942e-07,1.3279705124708194e-07,1.3457696974583222e-07
2007-02-19,1.442773552956069e-07,1.476592077931521e-07,1.4508160620538019e-07
2007-02-20,2.0534878033393158e-08,2.6424060233521946e-08,2.594985067458416e-08
2007-02-21,6.609055628925598e-08,6.696058666568006e-08,6.486370420335959e-08
2007-02-22,3.857108791579949e-08,4.342793089001094e-08,4.279518931569704e-08
2007-02-23,4.891224821073267e-08,4.766671325506562e-08,4.658435685461013e-08
2007-02-26,1.5246350264444684e-08,1.2485412068988443e-08,1.172178657864426e-08
2007-02-27,2.878042386561801e-08,3.002765490242128e-08,2.863376222456737e-08
2007-02-28,1.944728421569134e-07,1.8779155227432185e-07,1.8811828664128372e-07
2007-03-01,8.495452979273168e-08,7.62041224504615e-08,7.451065923644532e-08
2007-03-02,2.633984998608643e-08,3.372057036522216e-08,3.434326529343386e-08
2007-03-05,6.800450304929196e-08,7.028717617985807e-08,7.006929545144185e-08
2007-03-06,1.2727739450895187e-08,1.3637801423595336e-08,1.3773366805097313e-08
2007-03-07,1.1241334749770169e-07,1.1346765208785049e-07,1.1201037703666272e-07
2007-03-08,2.0390239560477072e-07,2.0731879359489672e-07,2.0823429898433895e-07
2007-03-09,2.557349934436013e-08,2.6735439912421163e-08,2.5553502972954104e-08
2007-03-12,2.108350719997425e-08,2.1735439178692684e-08,2.1036187533952282e-08
2007-03-13,3.075886715466325e-08,3.045751355832429e-08,2.9342153360200104e-08
2007-03-14,6.794515050403428e-08,6.350702374526049e-08,6.222419249238647e-08
2007-03-15,2.74061670274769e-08,2.9945093279508803e-08,2.999457673916127e-08
2007-03-16,2.1929795668073027e-08,2.179579750587954e-08,2.161992213227283e-08
2007-03-19,1.385645552759463e-08,1.3479655923942369e-08,1.3292406171267032e-08
2007-03-20,5.332444710570344e-08,5.49998215986674e-08,5.506822441488322e-08
2007-03-21,3.67437632572446e-08,3.4616364225804605e-08,3.393747538928959e-08
2007-03-22,3.822876960377429e-07,3.910681347506265e-07,3.898062360960032e-07
2007-03-23,2.8536473833411523e-08,3.257214559726688e-08,3.336195987387005e-08
2007-03-26,1.7698771801187314e-08,1.8467578797534534e-08,1.9142142514515323e-08
2007-03-27,6.135083613604963e-08,6.431716118492342e-08,6.324638768061968e-08
2007-03-28,2.2815816204726707e-08,2.42033134677707e-08,2.4300320055541636e-08
2007-03-29,2.6617629354246078e-08,2.7064604842504792e-08,2.7572561724041825e-08
2007-03-30,2.346747748372347e-08,2.2952340413453337e-08,2.2975790354768735e-08
2007-04-02,2.2423999123725837e-08,2.101902363381715e-08,2.0878998340158946e-08
2007-04-03,7.602664297220915e-08,7.549010893729412e-08,7.59513707950982e-08
2007-04-04,3.4155018569531616e-08,3.0789081059138134e-08,2.9828070233677e-08
2007-04-05,3.786187257914042e-08,3.6902941072260137e-08,3.6447341565212766e-08
2007-04-06,3.004561365795474e-08,2.8357969925818723e-08,2.782892908705841e-08
2007-04-09,4.066417235349462e-08,4.112036017342593e-08,3.993918887616153e-08
2007-04-10,2.0643307870505633e-08,1.9238282159500196e-08,1.931494460786254e-08
2007-04-11,3.736118057917283e-08,3.516677024875178e-08,3.457520880857297e-08
2007-04-12,1.9216659877731446e-08,1.8635754728600738e-08,1.8281587678952264e-08
2007-04-13,1.6442156848305766e-08,1.5360052311450008e-08,1.4885624456072346e-08
2007-04-16,1.015880396446307e-08,7.481802243172442e-09,7.169641676272882e-09
2007-04-17,2.4057611370266372e-08,2.009990899228479e-08,1.9497111271304264e-08
2007-04-18,4.189278817098492e-08,3.873531848009737e-08,3.780958948636072e-08
2007-04-19,3.749248596218173e-08,3.547882602437553e-08,3.5119822526482946e-08
2007-04-20,2.6820525686812185e-08,2.755999056982278e-08,2.8433790777784855e-08
2007-04-23,8.265602996739662e-08,8.218047542859035e-08,8.102776305681732e-08
2007-04-24,2.1394351948147508e-08,2.1956174237780903e-08,2.111028808936574e-08
2007-04-25,1.7323709214032305e-08,1.672705766605071e-08,1.725887846337445e-08
2007-04-26,2.1014787250286882e-08,1.7543081389485303e-08,1.7350880571430402e-08
2007-04-27,1.882710512873065e-08,1.414817543174755e-08,1.3716676373139999e-08
2007-04-30,1.2827601879872469e-08,8.024284044954015e-09,7.79592399851524e-09
2007-05-01,2.9966810189552995e-08,2.658842449493059e-08,2.6186273100099615e-08
2007-05-02,1.9464478126922095e-08,1.587801813216641e-08,1.525029589960628e-08
2007-05-03,2.7639457922752876e-08,3.146425944550249e-08,3.150927106072313e-08
2007-05-04,8.021199583123055e-08,8.10657484975778e-08,7.953529914215516e-08
2007-05-07,1.6552038317675922e-08,1.4865137974362232e-08,1.5201474678388767e-08
2007-05-08,1.6867198892591466e-08,1.3808439400507632e-08,1.3571346243881242e-08
2007-05-09,5.7728710059225e-08,6.546231647443266e-08,6.60020925208511e-08
2007-05-10,1.7856913922790103e-08,1.6406846975470068e-08,1.5880878960302424e-08
2007-05-11,1.1183509222806375e-08,8.470939808838277e-09,8.188537432945056e-09
2007-05-14,1.4680920699028022e-08,1.2049778634188466e-08,1.1322626439077632e-08
2007-05-15,4.8706349824112476e-08,4.715893921407458e-08,4.6637648499793396e-08
2007-05-16,8.214809227467058e-08,8.198878875980664e-08,8.008926746227126e-08
2007-05-17,3.407412458260296e-08,3.378359044377632e-08,3.1695901039226406e-08
2007-05-18,2.6280154290730557e-08,2.4796585930957442e-08,2.388167915033942e-08
2007-05-21,5.559602794556116e-08,5.411764187978376e-08,5.153214678648252e-08
2007-05-22,4.9411661793009716e-08,4.945002509834947e-08,4.803259691401208e-08
2007-05-23,4.1498118910173056e-08,4.1820616608210424e-08,3.9727176951382535e-08
2007-05-24,5.0844631017729195e-08,5.097192015416268e-08,4.9830229597099015e-08
2007-05-25,3.2041230421544544e-08,3.0172567092319933e-08,2.9955291210428054e-08
2007-05-28,4.501129042928987e-08,4.522130724063821e-08,4.390201929341744e-08
2007-05-29,1.664001894926531e-08,1.5386418207614076e-08,1.4780095333882653e-08
2007-05-30,1.4437013731312667e-08,1.2770359591914387e-08,1.2047930026806214e-08
2007-05-31,5.266075705072753e-08,5.326428905224442e-08,5.2579705180814694e-08
2007-06-01,1.4511706477826979e-08,1.4088507733768341e-08,1.415041499285742e-08
2007-06-04,1.6410289003478412e-08,1.4859632196231887e-08,1.4675866770569867e-08
2007-06-05,1.5549114790607774e-07,1.6049048609152942e-07,1.6248330525980812e-07
2007-06-06,4.657947264124699e-08,4.7231380408755273e-08,4.7866957531545346e-08
2007-06-07,3.360246144617038e-08,3.328755460059564e-08,3.30377458103056e-08
2007-06-08,1.129618834200599e-07,1.1352008715596046e-07,1.1165328999760625e-07
2007-06-11,1.680346103965798e-08,1.6760775202060717e-08,1.6143895959403854e-08
2007-06-12,2.606666601384707e-08,2.615536389070591e-08,2.7367104917294264e-08
2007-06-13,1.3101397980829966e-08,1.3157602451260576e-08,1.3172288542023066e-08
2007-06-14,4.378462448971086e-07,4.3656065156606107e-07,4.3389071871184065e-07
2007-06-15,1.3335327091175613e-07,1.2896268073004493e-07,1.2579264549453926e-07
2007-06-18,3.249950645817672e-07,3.1357239412276226e-07,3.0498985845694526e-07
2007-06-19,1.2005954521198222e-07,1.1881118745860208e-07,1.1839651525966124e-07
2007-06-20,4.590074854979431e-08,4.207477591495295e-08,4.199504262620068e-08
2007-06-21,2.2513040690650387e-08,2.7630872411715687e-08,2.98837456119216e-08
2007-06-22,1.9538098607401018e-08,2.331260440867938e-08,2.5043845191697283e-08
2007-06-25,4.357236941044374e-08,4.655608037162394e-08,4.7340851823985044e-08
2007-06-26,3.7605754588707883e-08,3.8886603647891285e-08,3.926965838174093e-08
2007-06-27,2.8413332527567954e-08,3.0775327467740095e-08,3.15292211090564e-08
2007-06-28,1.0656634737376257e-07,1.0423017212557216e-07,1.0031914304037845e-07
2007-06-29,1.946338420549229e-08,2.1584778714810846e-08,2.1969848959660323e-08
2007-07-02,5.18281762245352e-08,5.127318586900304e-08,5.1008192883090145e-08
2007-07-03,6.232626137958979e-08,6.117225816098681e-08,5.932450896634949e-08
2007-07-04,2.793274844635457e-08,2.9516529071808936e-08,3.0045891312130905e-08
2007-07-05,1.3241408081020952e-08,1.4268047735501337e-08,1.4892408774592914e-08
2007-07-06,1.209128855697781e-07,1.1693033983803105e-07,1.13983087494915e-07
2007-07-09,3.023522945592371e-08,3.1007889466058396e-08,2.988536538384118e-08
2007-07-10,2.4049423322471983e-08,2.4156347705250196e-08,2.3922708840907458e-08
2007-07-11,2.2361755982043388e-08,2.2494288013687326e-08,2.3342065996494024e-08
2007-07-12,1.7393800197341326e-07,1.6727301285048618e-07,1.6510241636431013e-07
2007-07-13,4.134585269331347e-08,4.2812612977936254e-08,4.3615547506934326e-08
2007-07-16,1.3322264540135035e-08,1.497426976071015e-08,1.5306881411975035e-08
2007-07-17,2.9746118945870113e-08,2.988536621848152e-08,2.976042338068795e-08
2007-07-18,1.3771121938671478e-08,1.3984115352716856e-08,1.4136557648208682e-08
2007-07-19,7.840561437369817e-08,7.794182145635709e-08,7.692207738232253e-08
2007-07-20,7.256333859345542e-08,7.0065635024812e-08,6.89588770389664e-08
2007-07-23,1.2362631127243668e-08,1.271625490233252e-08,1.2263584119114964e-08
2007-07-24,1.294161149914309e-07,1.3271132719375942e-07,1.3241332880587303e-07
2007-07-25,4.8417664677574056e-08,4.9159034667600956e-08,4.6750504315423026e-08
2007-07-26,2.247403991298014e-08,2.354696604033583e-08,2.2984515179388047e-08
2007-07-27,1.706951396940694e-08,1.676298307862443e-08,1.7458820963575985e-08
2007-07-30,4.214546973783387e-08,4.261694254667105e-08,4.228365330343965e-08
2007-07-31,6.929325331397543e-08,7.008745008131202e-08,6.91163944163219e-08
2007-08-01,6.58379164486901e-08,6.384580345212992e-08,6.35016082985187e-08
2007-08-02,5.944648430045918e-08,5.904776699354987e-08,5.679125760544815e-08
2007-08-03,2.9923750973599214e-08,3.0059035715339586e-08,2.9195467690674478e-08
2007-08-06,8.795579095189491e-08,8.732490212040574e-08,8.516529430091031e-08
2007-08-07,3.921280693485897e-08,3.83189806174967e-08,3.771881188252494e-08
2007-08-08,2.6583881091665474e-07,2.612837657155871e-07,2.6033654954478813e-07
2007-08-09,2.1200820335916344e-08,2.330064464262052e-08,2.202238079799131e-08
2007-08-10,2.8144082116557176e-08,2.9244882760895626e-08,2.7773898268297942e-08
2007-08-13,7.532884461474e-08,7.276619657935819e-08,6.881547750602138e-08
2007-08-14,5.349603773712591e-08,5.1457462045362304e-08,5.197596334702318e-08
2007-08-15,8.835518432287438e-08,8.119666194962139e-08,7.925099731708522e-08
2007-08-16,1.2482643973507285e-08,1.4483626852141965e-08,1.441432496388513e-08
2007-08-17,1.0641792860334761e-07,9.833757809486545e-08,9.679726834615148e-08
2007-08-20,6.994171291871792e-08,7.022863660010366e-08,7.012395458549299e-08
2007-08-21,3.114375755154579e-07,2.966551999019704e-07,2.879761512670058e-07
2007-08-22,3.648869695941202e-08,3.972543501628481e-08,4.077307999157339e-08
2007-08-23,8.166243291031418e-08,7.934342177463307e-08,7.840107934244323e-08
2007-08-24,2.711177007976535e-07,2.589827169726155e-07,2.5296837781233436e-07
2007-08-27,5.315148163225599e-08,5.084628219626255e-08,4.8479876652048055e-08
2007-08-28,2.398792475131119e-08,3.021457537995941e-08,3.222797156500126e-08
2007-08-29,1.1201977027467091e-06,1.0812496797904867e-06,1.0602005579674578e-06
2007-08-30,3.920436631006475e-08,3.8670057284928155e-08,3.507275329779049e-08
2007-08-31,2.49477170106764e-08,3.282442716502283e-08,3.658991275570931e-08
2007-09-03,1.0271184273290146e-07,1.0196246523261099e-07,1.0377483194176102e-07
2007-09-04,5.8846706585410426e-08,5.1783748937413376e-08,4.917402068232992e-08
2007-09-05,4.797395451197349e-08,4.375839119288053e-08,4.0781918799865317e-08
2007-09-06,2.3057953793169684e-08,2.4666842710796344e-08,2.5255484190264434e-08
2007-09-07,1.1173108947391431e-07,1.1286753133331511e-07,1.1363535850600597e-07
2007-09-10,1.4867495294476888e-08,1.9329082631875607e-08,2.1000232092930996e-08
2007-09-11,8.547841419256872e-08,8.055316982484484e-08,7.600266920905722e-08
2007-09-12,1.2135728150354815e-07,1.2099328977193556e-07,1.2090978430080612e-07
2007-09-13,2.726021515202366e-08,2.6726529684493555e-08,2.6327919042872596e-08
2007-09-14,2.1301403070803864e-08,2.3743145969955976e-08,2.4887296221058852e-08
2007-09-17,3.2235165921337986e-08,3.1700474443148743e-08,3.111096946371135e-08
2007-09-18,4.255500568675356e-08,4.056722931059432e-08,4.0301460699356034e-08
2007-09-19,3.7105474667507285e-08,3.8881040206104936e-08,4.006485728207639e-08
2007-09-20,4.092460899255845e-08,3.5672489074021485e-08,3.499103032972816e-08
2007-09-21,1.5164916645568034e-08,1.4516568026862303e-08,1.4463037084293298e-08
2007-09-24,2.537378978248824e-08,2.4406576614234096e-08,2.4803491658356525e-08
2007-09-25,6.19589828872285e-08,6.171786720807788e-08,6.099792293460857e-08
2007-09-26,1.9035176053645827e-07,1.8133247155452562e-07,1.7706807890353934e-07
2007-09-27,1.0516472186608425e-07,1.0046618475132941e-07,9.315172342582416e-08
2007-09-28,3.3846356497796206e-08,3.850112076736864e-08,4.101653309484785e-08
2007-10-01,7.287529411755088e-08,6.894755454203876e-08,6.701872661730377e-08
2007-10-02,4.499875532304429e-08,4.054227935505654e-08,3.836941667392586e-08
2007-10-03,4.239646290315503e-08,4.049291597428073e-08,3.7109260785171175e-08
2007-10-04,3.304428886195433e-08,3.520698095497679e-08,3.7842470138355076e-08
2007-10-05,1.3048907514542806e-08,1.522406357697574e-08,1.6533383186612746e-08
2007-10-08,2.234656757719205e-08,2.262298112238512e-08,2.2190091413882835e-08
2007-10-09,5.8806874917604494e-08,5.363043270792241e-08,5.262523632195987e-08
2007-10-10,1.8735543702324978e-08,1.8572280598490292e-08,1.9505771866578377e-08
2007-10-11,2.343245201260143e-08,2.1833425544470596e-08,2.0967528445088975e-08
2007-10-12,1.2869682868446658e-08,1.2754882586943933e-08,1.3487577878779389e-08
2007-10-15,1.1699192026934039e-07,1.228804432566638e-07,1.201835731424137e-07
2007-10-16,3.144309082246963e-08,2.9014604918462867e-08,2.933714224256877e-08
2007-10-17,3.750252822035266e-08,3.790431182605953e-08,3.729602529912978e-08
2007-10-18,1.9444267160568553e-08,1.9679958596928567e-08,2.017646481659413e-08
2007-10-19,6.878402367920875e-08,6.804147946117888e-08,6.635726764784507e-08
2007-10-22,2.6113453126511963e-08,2.4716637235800323e-08,2.4229300519728677e-08
2007-10-23,9.070259346126199e-08,8.962097974748393e-08,8.907452038675333e-08
2007-10-24,2.0484322823099095e-08,2.1574742658615713e-08,2.179808590859503e-08
2007-10-25,2.93101647121258e-08,2.8882531779915162e-08,2.8001820605815775e-08
2007-10-26,1.9627833773143793e-08,1.7669184419385302e-08,1.695829926298341e-08
2007-10-29,8.686050666305794e-08,8.09615716841826e-08,7.788284608009086e-08
2007-10-30,1.444143276668482e-07,1.4494458985181725e-07,1.4357607219992859e-07
2007-10-31,3.5775599068551997e-07,3.495530248318128e-07,3.4526204463319685e-07
2007-11-01,1.0831275867735175e-07,1.0381881284841863e-07,1.0282846430777828e-07
2007-11-02,3.436851309090126e-08,3.036069726204848e-08,2.7080881874394932e-08
2007-11-05,2.6389728425849976e-07,2.5289785672537276e-07,2.4488438609464316e-07
2007-11-06,1.565736883301373e-08,2.08071159820823e-08,2.294695503610104e-08
2007-11-07,3.493312813400471e-08,3.400661394792185e-08,3.312550096155261e-08
2007-11-08,1.264861571319896e-08,1.5450435069540646e-08,1.675163180011931e-08
2007-11-09,4.1868016694745224e-08,3.9105174242296475e-08,3.936481712909676e-08
2007-11-12,6.376613518629605e-08,6.281194620851779e-08,6.34147891254167e-08
2007-11-13,1.2520708884132586e-08,1.4526365820424388e-08,1.506747894516707e-08
2007-11-14,5.005704778981095e-08,4.854832572069263e-08,4.7832602941514385e-08
2007-11-15,3.952836233982344e-08,3.9692367843811916e-08,4.086156161287081e-08
2007-11-16,3.760997192438193e-08,3.7353317792371935e-08,3.7663674199147214e-08
2007-11-19,2.1495758189799283e-08,2.1833417410761794e-08,2.1850636205197025e-08
2007-11-20,5.4075249567501556e-08,5.5519805663737344e-08,5.467681337091974e-08
2007-11-21,1.5510573610187903e-08,1.5882469502194578e-08,1.5378529513531575e-08
2007-11-22,5.445484336161669e-08,5.374227558858151e-08,5.3995200460276664e-08
2007-11-23,3.903772239108819e-08,3.670298273972879e-08,3.62192327579952e-08
2007-11-26,2.7553518240648054e-08,2.7191933905253047e-08,2.659871456104836e-08
2007-11-27,1.77802800696388e-08,1.5536302204267135e-08,1.495317743010343e-08
2007-11-28,8.370885793058263e-08,8.399261154843744e-08,8.391431710877868e-08
2007-11-29,1.2348344481219018e-08,1.0364185883083289e-08,1.0138722341045847e-08
2007-11-30,4.061933015784818e-08,3.5590288157421016e-08,3.395577919812526e-08
2007-12-03,1.8468024572701844e-08,1.6639710520051636e-08,1.6393090607676692e-08
2007-12-04,2.1893360090226894e-08,2.0466069162639105e-08,1.9701779260398706e-08
2007-12-05,5.762111104668146e-08,5.3760767816097864e-08,5.155202572660273e-08
2007-12-06,2.6337517298895986e-08,2.3774437781786458e-08,2.3071667641600428e-08
2007-12-07,2.1389186151873388e-08,1.8575452784310238e-08,1.6477151480217515e-08
2007-12-10,1.113420755282899e-07,1.0894202887925769e-07,1.0716984817582337e-07
2007-12-11,4.602772751303592e-08,4.6621703051886314e-08,4.551421231704668e-08
2007-12-12,2.7797441648880497e-08,2.6344401870783106e-08,2.6868844084266233e-08
2007-12-13,6.40860173237729e-08,6.493148168568098e-08,6.536311723781815e-08
2007-12-14,1.64216686905375e-08,1.6814024576350773e-08,1.700661226792975e-08
2007-12-17,1.6139419640678487e-08,1.4651633954692967e-08,1.481274200366929e-08
2007-12-18,3.4676970062121724e-08,3.244100625712797e-08,3.2240958306314626e-08
2007-12-19,1.5901720181370568e-08,1.266258873296978e-08,1.141315218798661e-08
2007-12-20,2.0387099940087323e-08,1.8389092171896906e-08,1.8769674927842584e-08
2007-12-21,2.7774548503009878e-08,2.6403747178872214e-08,2.5793938960989133e-08
2007-12-24,1.140951219418475e-08,9.775609122473723e-09,9.892393098439217e-09
2007-12-25,1.71039411702893e-08,1.4515543383470454e-08,1.4524638641981653e-08
2007-12-26,1.3754161267567676e-08,1.2859386994127652e-08,1.2661062589219658e-08
2007-12-27,1.702140053171773e-08,1.4001240689992957e-08,1.3877864461428328e-08
2007-12-28,4.062994999732686e-08,3.948767468462437e-08,3.936453922879295e-08
2007-12-31,7.083792081175678e-08,7.842803895486207e-08,7.84085992507075e-08
2008-01-01,1.971607958559602e-07,2.062826927598648e-07,2.0651023525283769e-07
2008-01-02,3.76637457499381e-08,3.4440541360566044e-08,3.4108685120452704e-08
2008-01-03,1.1083746122911079e-08,9.769572746201584e-09,1.036334993540816e-08
2008-01-04,1.300377832329564e-07,1.2927003513596977e-07,1.269734797363786e-07
2008-01-07,1.9029307715060456e-08,2.015946536120393e-08,2.0474012411333333e-08
2008-01-08,7.016239246837913e-08,7.094228155746691e-08,6.989567775083503e-08
2008-01-09,4.433781686291281e-08,4.3586398238055875e-08,4.316951344421263e-08
2008-01-10,2.0363600972029468e-08,1.9882378118380293e-08,2.024636963528589e-08
2008-01-11,4.74451306215467e-08,4.6406906154099364e-08,4.554766510673712e-08
2008-01-14,5.773830167704256e-08,5.520957587014943e-08,5.4201393787414526e-08
2008-01-15,1.593759914299844e-08,1.4701648903877542e-08,1.4483096847366593e-08
2008-01-16,2.333304175329703e-08,2.1087639840068878e-08,2.0399482326816738e-08
2008-01-17,1.3273284823813257e-07,1.299539251885094e-07,1.2657881099936032e-07
2008-01-18,1.7516429948040717e-07,1.6873796796503705e-07,1.6378687466865414e-07
2008-01-21,3.7306936489244355e-08,3.651911999484219e-08,3.625971177275553e-08
2008-01-22,2.721388849353565e-08,2.489068148293526e-08,2.3443961620812604e-08
2008-01-23,4.2778176018586455e-08,4.242508829295962e-08,4.342954448468772e-08
2008-01-24,6.610350632425959e-08,6.602769972974879e-08,6.603406027813154e-08
2008-01-25,1.6461277623815067e-07,1.5284478235077084e-07,1.4985340693869745e-07
2008-01-28,1.2958830226289078e-08,1.4913412946249253e-08,1.603066293928046e-08
2008-01-29,2.8832071563357506e-08,2.9644070552718373e-08,3.0084116857382714e-08
2008-01-30,1.667006356997891e-08,1.6684837201111143e-08,1.6625909862614135e-08
2008-01-31,1.2727135551595434e-08,1.1501199745276575e-08,1.1352584942764507e-08
2008-02-01,1.8999298727482673e-08,1.801572775569997e-08,1.8107521263871583e-08
2008-02-04,4.401552246634808e-07,4.4737039030878147e-07,4.4582001052976663e-07
2008-02-05,2.7584480496789377e-07,2.628470193260553e-07,2.563493436042711e-07
2008-02-06,2.1433522531978981e-07,1.937067920889083e-07,1.8148179675593552e-07
2008-02-07,3.6629729117334504e-07,3.24241196727557e-07,3.0624975512349824e-07
2008-02-08,5.073311007707336e-08,6.175868375734163e-08,6.676225152763917e-08
2008-02-11,2.764826830242396e-08,3.027286381680543e-08,2.9911269255414274e-08
2008-02-12,7.921418645249158e-08,7.06397283094307e-08,6.832518204706115e-08
2008-02-13,6.486199756525476e-08,6.131171626427738e-08,5.770389506610882e-08
2008-02-14,8.381855739534027e-07,7.755993595689597e-07,7.516138714930776e-07
2008-02-15,6.219210133118097e-07,5.390067688793813e-07,5.024853741511208e-07
2008-02-18,2.1611724929671596e-08,4.5960384084945175e-08,5.764998311681959e-08
2008-02-19,2.253688547498241e-07,1.8202134969779472e-07,1.6645122325480517e-07
2008-02-20,6.085898473259483e-07,5.153706834056111e-07,4.768824908617937e-07
2008-02-21,1.224492703576032e-07,9.623876931627575e-08,8.419538496175941e-08
2008-02-22,1.754602176670164e-08,3.824699923962846e-08,4.939620864046194e-08
2008-02-25,2.857550052240744e-07,2.48909708613419e-07,2.3411884412794475e-07
2008-02-26,3.617604476337634e-08,5.56034820176068e-08,6.689174337703315e-08
2008-02-27,4.5845708098557835e-07,3.789038475842596e-07,3.516746907241009e-07
2008-02-28,3.668225422715529e-07,2.9413506352884825e-07,2.700922617621189e-07
2008-02-29,3.261222109787558e-07,2.3681927531276312e-07,2.0930817964637775e-07
2008-03-03,2.1847385880297222e-08,6.149006690724637e-08,7.891706468451956e-08
2008-03-04,4.0426143952039976e-08,5.9499303646532066e-08,6.760454903293295e-08
2008-03-05,4.8191126378834697e-08,6.576470153646271e-08,7.414168659903316e-08
2008-03-06,2.4079209225733242e-08,4.2303975152579964e-08,5.0311441814657956e-08
2008-03-07,1.6509986650685978e-08,2.8369640207378884e-08,3.51425812599885e-08
2008-03-10,2.953254841363476e-08,3.924157843544421e-08,4.2998343016820995e-08
2008-03-11,4.64044243214444e-08,5.3802433593149006e-08,5.670751061951752e-08
2008-03-12,5.743171447590069e-08,6.329920295024932e-08,6.643174405656794e-08
2008-03-13,3.2140244144969246e-08,3.4915860328903524e-08,3.6314389916526487e-08
2008-03-14,2.3444988636919637e-08,2.5831651604257536e-08,2.722640845213426e-08
2008-03-17,2.3439163833832807e-08,2.300001885647539e-08,2.4106398307505152e-08
2008-03-18,3.265685153046589e-08,3.1645800403172264e-08,3.1710946800074626e-08
2008-03-19,1.7238686125261885e-08,1.7015748222897846e-08,1.71595704701316e-08
2008-03-20,3.1326847946652175e-08,2.8590867505407415e-08,2.9347961173988538e-08
2008-03-21,2.5219997410628688e-08,2.678809379638057e-08,2.6492851003804197e-08
2008-03-24,1.7466987858589666e-08,1.5480113692856473e-08,1.5819672277120246e-08
2008-03-25,4.7565481711119014e-08,4.6935561147241795e-08,4.646777535640681e-08
2008-03-26,1.4758909404968643e-08,1.4064556255197969e-08,1.3913022706466705e-08
2008-03-27,5.43150536844517e-08,5.094961048311533e-08,4.9844639948163e-08
2008-03-28,3.5633126212356724e-08,3.539158002887017e-08,3.5215484387790977e-08
2008-03-31,7.626393518797123e-08,8.152781363414491e-08,8.08877089900628e-08
2008-04-01,1.265733836246667e-07,1.2474282140991366e-07,1.226689899142607e-07
2008-04-02,3.4215319995193347e-07,3.3013286791010093e-07,3.218285244354486e-07
2008-04-03,1.7599385119806088e-08,2.257862309017384e-08,2.48153781424788e-08
2008-04-04,5.584704790021733e-08,5.537073010199135e-08,5.606889191848064e-08
2008-04-07,1.7056514609047817e-08,1.7317631333280222e-08,1.8151510207382314e-08
2008-04-08,4.208949463481097e-08,4.0484633739185146e-08,3.951790746514227e-08
2008-04-09,8.472394294996521e-08,8.319018152927306e-08,8.327051949467768e-08
2008-04-10,3.2010909923803105e-08,3.1861770988723445e-08,3.320622483330854e-08
2008-04-11,7.153924488202303e-08,6.848696329304976e-08,6.817805956680015e-08
2008-04-14,1.374599801922273e-08,1.2615619699557005e-08,1.3171090384629545e-08
2008-04-15,2.103061390932992e-08,1.970614507252427e-08,1.9851147452264597e-08
2008-04-16,1.5704681301162285e-08,1.232147453499766e-08,1.2700069344797961e-08
2008-04-17,8.625352740781537e-08,8.10625365146208e-08,8.07168135175159e-08
2008-04-18,1.936368795901643e-08,1.6455149515275694e-08,1.6787390845237805e-08
2008-04-21,2.541271698165836e-08,2.0690096245387962e-08,2.0811104200412115e-08
2008-04-22,5.5703383737631355e-08,5.351324175219912e-08,5.3998405747559606e-08
2008-04-23,2.012355774395499e-08,1.7246628157723837e-08,1.7383925290749086e-08
2008-04-24,4.770560995530957e-08,4.2809754384663514e-08,4.164654674961544e-08
2008-04-25,1.7719880171859763e-08,1.3274917398059533e-08,1.2913746173492118e-08
2008-04-28,3.267772406217571e-08,2.6982384063123125e-08,2.619645239949532e-08
2008-04-29,1.9294680054657573e-08,1.6000338988804957e-08,1.5336412395247343e-08
2008-04-30,1.1098396719159877e-07,1.1705603744337179e-07,1.175509986374878e-07
2008-05-01,1.692740091370189e-08,1.3537125608692778e-08,1.3679841728928595e-08
2008-05-02,1.9162077288625128e-08,1.450907261808506e-08,1.4293812202484262e-08
2008-05-05,5.966090572202755e-08,5.763270848858842e-08,5.689358839885209e-08
2008-05-06,3.9747036186562167e-08,3.9068203598135854e-08,3.915941212232026e-08
2008-05-07,4.1043236864386536e-08,3.7963928056483266e-08,3.7271903443138895e-08
2008-05-08,1.9216039218012232e-08,1.3844583771174239e-08,1.3548252050746895e-08
2008-05-09,1.1956636626305939e-08,1.0337913034884268e-08,1.0534482509788086e-08
2008-05-12,3.429864906455346e-08,2.9401587118364316e-08,2.990103215310534e-08
2008-05-13,3.34151419926936e-08,2.8387911955614842e-08,2.786603478680639e-08
2008-05-14,3.1940238659388365e-08,3.187285903025532e-08,3.1505572653699285e-08
2008-05-15,9.181131739899836e-08,9.252992575374478e-08,9.35207291536204e-08
2008-05-16,3.9329431185959356e-08,3.440224434014298e-08,3.338459855216744e-08
2008-05-19,1.9926530938397917e-08,1.75385669299238e-08,1.7626543619161513e-08
2008-05-20,8.187353727128582e-08,8.945980167013257e-08,8.95479141907486e-08
2008-05-21,4.578169978945757e-08,4.0174875474012664e-08,3.981523974370393e-08
2008-05-22,3.345886560623535e-08,2.980674657813895e-08,2.971588165627441e-08
2008-05-23,7.917276102503002e-08,7.513454778818447e-08,7.339178970400712e-08
2008-05-26,4.685964962632936e-08,4.467177306825528e-08,4.4558351975860045e-08
2008-05-27,2.965541545417117e-08,2.580430865799435e-08,2.500555767391458e-08
2008-05-28,1.9407911454509656e-08,1.6578314439758184e-08,1.5746780062299225e-08
2008-05-29,2.0294753840898035e-08,1.6211431852309156e-08,1.498671874607296e-08
2008-05-30,1.9644864828690056e-08,1.4850552483803515e-08,1.4187227144493525e-08
2008-06-02,3.1388607416837177e-08,2.572275517860753e-08,2.4243961258837863e-08
2008-06-03,1.8090220167309937e-08,1.2051895068140785e-08,1.1104184963707215e-08
2008-06-04,2.639332427558479e-08,2.4686534156488118e-08,2.4204719087786326e-08
2008-06-05,1.6746141825571766e-07,1.7411300767053094e-07,1.769742870522715e-07
2008-06-06,1.5013271417398383e-07,1.5915456536984024e-07,1.6152258675385788e-07
2008-06-09,1.2530001221622224e-07,1.2753806311632857e-07,1.2563787817297086e-07
2008-06-10,6.87535453281358e-08,6.148296023147873e-08,6.016429240200423e-08
2008-06-11,1.0774688378028635e-07,1.0250363242645372e-07,1.00590834216465e-07
2008-06-12,4.2878125785249185e-08,3.912734428457656e-08,3.785530905761968e-08
2008-06-13,1.853245716077724e-08,2.1383109276779065e-08,2.1427964503276203e-08
2008-06-16,1.0155777695692889e-07,9.59031880238145e-08,9.617047658088815e-08
2008-06-17,2.9442559794213325e-08,3.132183872932602e-08,3.063575239386714e-08
2008-06-18,1.9560407039870064e-08,1.906487568736121e-08,1.8819211908748475e-08
2008-06-19,2.3119593064988987e-08,2.307016105983821e-08,2.2328195935642056e-08
2008-06-20,1.9353504791208202e-08,1.7785402798188514e-08,1.7837244868401323e-08
2008-06-23,2.0138314838282454e-08,1.8259747285558988e-08,1.816858627453165e-08
2008-06-24,3.651926659102665e-08,3.274578353748093e-08,3.238951221826911e-08
2008-06-25,5.7088325558525196e-08,5.5094918692444145e-08,5.4384519915352305e-08
2008-06-26,8.887803797333943e-08,9.534038074105125e-08,9.389872108632538e-08
2008-06-27,4.9458062505283434e-08,5.0454451350604934e-08,4.989497024256962e-08
2008-06-30,5.866353781237922e-08,5.893393304867459e-08,5.759963903003142e-08
2008-07-01,1.7320731578188886e-07,1.7857060029795133e-07,1.785026614363451e-07
2008-07-02,1.775449558216472e-08,1.7781761981393284e-08,1.781139401927776e-08
2008-07-03,2.1159485822954186e-08,2.0075452452400553e-08,2.0428518984323077e-08
2008-07-04,6.454752247599676e-08,5.723942419641074e-08,5.6689688506226653e-08
2008-07-07,1.7467534998433838e-08,1.5925481019533625e-08,1.5742255207206978e-08
2008-07-08,4.089825339592109e-07,4.2447607618272423e-07,4.20937852790244e-07
2008-07-09,5.6784030683608995e-08,5.799714326243679e-08,5.8547996159117966e-08
2008-07-10,1.0400342248876668e-07,9.69727604146255e-08,9.61979343609423e-08
2008-07-11,1.5899148973753953e-08,1.9031919998440112e-08,1.904798338566406e-08
2008-07-14,3.013097812838312e-08,2.78823799205615e-08,2.8087275249572855e-08
2008-07-15,1.8996068723695946e-08,1.9150451427095807e-08,2.0278814888170237e-08
2008-07-16,7.74722100836085e-08,7.526050721237539e-08,7.409486389703162e-08
2008-07-17,2.331330099880541e-08,2.0112416975689425e-08,1.957127221833149e-08
2008-07-18,1.682316566383696e-08,1.7203408053875997e-08,1.69590692733547e-08
2008-07-21,1.2039401075420687e-07,1.1856657167857187e-07,1.1740901120533304e-07
2008-07-22,3.4363537126060946e-08,3.1952849235068176e-08,3.2217673361364666e-08
2008-07-23,7.399564823821821e-08,6.866650858460106e-08,6.69058623501847e-08
2008-07-24,1.8529893402355698e-08,1.7088394678396407e-08,1.75377355407467e-08
2008-07-25,2.0949797990101518e-08,1.5729040786772546e-08,1.5176548767865875e-08
2008-07-28,2.2809815023275202e-08,2.040256407655754e-08,1.9707897808646956e-08
2008-07-29,2.554628990100504e-08,2.303831875395817e-08,2.2804010481309763e-08
2008-07-30,5.3872250259294336e-08,5.343666412878544e-08,5.142171353453393e-08
2008-07-31,2.813663672198218e-07,2.932362145406513e-07,2.890778074660592e-07
2008-08-01,4.282020798685608e-08,4.3004658324262566e-08,4.3895241303033605e-08
2008-08-04,2.402273229569904e-08,2.4499217142627053e-08,2.5010795530460467e-08
2008-08-05,1.813223988095474e-08,1.5772293554159095e-08,1.6304119753256616e-08
2008-08-06,2.492563149921048e-08,2.592572228241634e-08,2.6130850394758953e-08
2008-08-07,5.6028482728396446e-08,5.656482463360839e-08,5.6055077543428e-08
2008-08-08,2.536180710422368e-08,2.3688851147853942e-08,2.338069869977185e-08
2008-08-11,4.877966146556048e-08,4.5580322341579554e-08,4.473208778356011e-08
2008-08-12,4.5864444129939336e-08,5.040061837912327e-08,4.982557614567126e-08
2008-08-13,1.1768121112795704e-08,1.2472287110533658e-08,1.188805118722893e-08
2008-08-14,2.0639320639035596e-08,1.7975730264953234e-08,1.7941153094330265e-08
2008-08-15,1.7490688741688235e-08,1.543496084524312e-08,1.528664125606811e-08
2008-08-18,1.9171896720241182e-08,1.7730257540278976e-08,1.797937505554772e-08
2008-08-19,1.416080015004208e-07,1.4214968459994463e-07,1.3827354889923332e-07
2008-08-20,6.770150121006745e-08,6.519065894870715e-08,6.342526131050541e-08
2008-08-21,1.217681362516019e-08,1.1757307689809856e-08,1.2379512085843547e-08
2008-08-22,2.1686679613770027e-08,1.8284031847633418e-08,1.846181525674746e-08
2008-08-25,4.664725725489228e-08,4.69517362896624e-08,4.619533565477374e-08
2008-08-26,2.929408598577154e-08,3.014503194110542e-08,3.028198053430505e-08
2008-08-27,2.626834208871367e-08,2.34080659490409e-08,2.351490390359622e-08
2008-08-28,4.3857631188939056e-08,4.071080384813587e-08,3.945264819874646e-08
2008-08-29,2.0960415977512348e-08,2.269064595312138e-08,2.1678256106912832e-08
2008-09-01,1.636109587829985e-08,1.4683833341822486e-08,1.474544186810354e-08
2008-09-02,2.9592084011755403e-08,3.440987565363372e-08,3.481924683049307e-08
2008-09-03,2.6236022983119714e-08,2.2162965191640864e-08,2.260232944100554e-08
2008-09-04,7.496382598274848e-08,6.915025683683681e-08,6.725611879407646e-08
2008-09-05,1.6310277627636777e-08,1.4619069126912534e-08,1.4658133007122932e-08
2008-09-08,3.42402284930636e-08,3.9343543960023974e-08,3.881360563311559e-08
2008-09-09,4.744069851720867e-08,5.4317520337734194e-08,5.3444949623596065e-08
2008-09-10,3.8781741669784596e-08,3.831910788498162e-08,3.81922401847926e-08
2008-09-11,1.569787799965509e-08,1.5399039759924397e-08,1.580349549778467e-08
2008-09-12,1.4369153562963263e-08,1.3118706494872511e-08,1.329299087326039e-08
2008-09-15,2.1525815727853563e-08,2.0573351021555262e-08,2.063199022901914e-08
2008-09-16,1.8865181118635562e-08,1.589970331801238e-08,1.6540373769012426e-08
2008-09-17,3.823577812854198e-08,3.423365666748926e-08,3.414339732441653e-08
2008-09-18,8.50389200129593e-09,7.204514543483599e-09,7.288863847493469e-09
2008-09-19,1.4320466224030872e-08,1.0309400627452965e-08,1.0576463715349659e-08
2008-09-22,1.3431956595426278e-07,1.435466525282351e-07,1.424675725683698e-07
2008-09-23,1.876725923385468e-08,1.445385922602459e-08,1.4861360118765923e-08
2008-09-24,5.4938454135141014e-08,5.2769886766414375e-08,5.225361486505115e-08
2008-09-25,7.66517690205162e-08,7.359193459765615e-08,7.331885012392414e-08
2008-09-26,5.5747544329448784e-08,5.872216280676574e-08,5.857026519377577e-08
2008-09-29,1.3675741949962179e-08,1.3153853529489534e-08,1.307469945138259e-08
2008-09-30,8.425414087757795e-08,7.800385956780875e-08,7.68240928497029e-08
2008-10-01,2.7365108931972354e-07,2.746343218950134e-07,2.751570783097796e-07
2008-10-02,2.5388853301309306e-08,3.048076156219069e-08,3.1230201982152454e-08
2008-10-03,4.20020800434466e-08,4.486488696472134e-08,4.454987678120347e-08
2008-10-06,1.4454408526163458e-08,1.4179492263671444e-08,1.4459872309980597e-08
2008-10-07,2.597915347845055e-08,2.327645178693597e-08,2.2682366826408494e-08
2008-10-08,1.811376415279821e-08,1.677595456163859e-08,1.6855060377832672e-08
2008-10-09,3.335468052304466e-08,2.8516095481230343e-08,2.8031742937922752e-08
2008-10-10,2.5146821873885575e-08,2.378491113402031e-08,2.3495003077615046e-08
2008-10-13,5.348043286619725e-08,5.186083018788439e-08,5.1306459235935985e-08
2008-10-14,3.936981998634686e-08,4.0542926213912974e-08,3.94604986793819e-08
2008-10-15,1.5129575972556422e-07,1.5088474484853997e-07,1.5139456564372815e-07
2008-10-16,7.607518109272882e-08,7.779490189704204e-08,7.68331825737122e-08
2008-10-17,4.564813433809581e-08,4.0689678476019426e-08,4.0529072576460873e-08
2008-10-20,6.335418249770908e-08,5.922566211361677e-08,5.7786004653735734e-08
2008-10-21,2.760823746006824e-08,3.0718197636410956e-08,2.9527581215607916e-08
2008-10-22,4.5468488856397263e-07,4.4633750064144873e-07,4.4585437884529154e-07
2008-10-23,1.6266103789606325e-08,2.4649727115380043e-08,2.6045118351235483e-08
2008-10-24,2.605529341239971e-08,2.9130493209900173e-08,3.016538217478246e-08
2008-10-27,4.656837921589007e-08,4.576431704682471e-08,4.5013059543075574e-08
2008-10-28,2.270412788858494e-08,1.8508583144597954e-08,1.8562900046718132e-08
2008-10-29,1.967356658990644e-08,1.739418634147941e-08,1.6748470872223713e-08
2008-10-30,2.687395703470389e-08,2.6350584182167454e-08,2.6344352542630264e-08
2008-10-31,1.1434521325608753e-07,1.0323010956467895e-07,1.022738363730826e-07
2008-11-03,1.7668519684836504e-08,1.7703326895595994e-08,1.773358554435351e-08
2008-11-04,9.152062251423413e-08,9.260510574694024e-08,9.084604642019182e-08
2008-11-05,2.418466048707615e-08,2.3515954886122127e-08,2.2195064715887523e-08
2008-11-06,1.5473530089287284e-08,1.3534482829426825e-08,1.3475908241376125e-08
2008-11-07,3.844035000217088e-08,3.911960972035317e-08,3.8267070754658985e-08
2008-11-10,5.122892776119506e-08,4.3871879983778147e-08,4.259463347334543e-08
2008-11-11,1.1892744019954988e-08,1.1651544886266343e-08,1.0983777488948951e-08
2008-11-12,1.7433332235849605e-08,1.5582600633403664e-08,1.461283321404146e-08
2008-11-13,4.909185786983928e-08,4.511559949147625e-08,4.452644686493721e-08
2008-11-14,3.4305701234211264e-08,3.059905581324052e-08,2.986425633499558e-08
2008-11-17,4.959129235304808e-08,4.791207641974988e-08,4.6669948295142195e-08
2008-11-18,6.039174390282879e-08,5.778566148228227e-08,5.7122303361796446e-08
2008-11-19,4.8391278260063026e-08,4.8893273968748304e-08,4.718218377838155e-08
2008-11-20,2.700060536672217e-07,2.7170964362848703e-07,2.7704222307705153e-07
2008-11-21,3.6732993515154126e-08,3.4849198894214985e-08,3.5809656037012664e-08
2008-11-24,2.798627906389687e-08,2.9853612930868264e-08,2.85884764221944e-08
2008-11-25,6.427106907808108e-08,6.749490602580657e-08,6.762383858821846e-08
2008-11-26,4.445416552178339e-08,4.046836651611034e-08,4.0552740268997166e-08
2008-11-27,8.529837824087686e-08,8.457084208499402e-08,8.618892244770117e-08
2008-11-28,2.2377022986593195e-08,2.479715293830663e-08,2.346017655941895e-08
2008-12-01,2.6067993045416497e-08,2.521482502440123e-08,2.4780134143819412e-08
2008-12-02,5.693484162514389e-08,5.859744766828232e-08,5.943300069353713e-08
2008-12-03,1.186860537287247e-07,1.1032633324919606e-07,1.107938627565562e-07
2008-12-04,4.577518939696662e-07,4.353895295899221e-07,4.312539883397888e-07
2008-12-05,3.1049651043471094e-07,2.7537012070732097e-07,2.756827523674563e-07
2008-12-08,7.70960361678229e-08,7.170912915039083e-08,7.078747516252202e-08
2008-12-09,9.935522983694125e-08,1.0547395821728116e-07,1.0598574343093355e-07
2008-12-10,2.46745280748384e-08,3.352989683383827e-08,3.392577915015004e-08
2008-12-11,3.993116983220687e-08,3.8985072158641996e-08,3.9133673281094795e-08
2008-12-12,6.265229654991638e-07,6.084840064562398e-07,6.085042384950769e-07
2008-12-15,2.3877314155120447e-06,2.189032268965654e-06,2.1643703700051456e-06
2008-12-16,8.545680019003134e-08,8.500458143912806e-08,8.931807951030318e-08
2008-12-17,4.865422528416049e-07,3.9964408036442743e-07,3.796103351970084e-07
2008-12-18,3.054325493249742e-07,2.4763037397973234e-07,2.412049349987359e-07
2008-12-19,2.8468032367356013e-08,7.03655829542734e-08,8.076001377317857e-08
2008-12-22,4.1895982135744753e-08,4.7033186915482297e-08,5.023354770636785e-08
2008-12-23,5.2126913302910956e-08,6.99971913162155e-08,7.485063815565094e-08
2008-12-24,2.4657289872494246e-07,2.060119238006895e-07,1.9874934831087297e-07
2008-12-25,2.0898926879556472e-07,1.6036855268997484e-07,1.5595176124196542e-07
2008-12-26,5.831701216262281e-08,7.836781423478409e-08,8.153882607297847e-08
2008-12-29,5.426966911433059e-08,7.333106634641314e-08,7.777225939708918e-08
2008-12-30,1.2573280356147737e-07,1.2675350278209788e-07,1.25556025082714e-07
2008-12-31,4.028172242417832e-08,4.407468960861525e-08,4.5234591715632534e-08
2009-01-01,3.318426905885952e-07,3.0614041541532734e-07,3.0267068320254166e-07
2009-01-02,1.8334767170017404e-07,1.8253893851404948e-07,1.841631434123423e-07
2009-01-05,2.6850388166320677e-08,4.489626244013705e-08,4.627800143514277e-08
2009-01-06,4.1506780992879016e-08,4.50977801914983e-08,4.6188142750268296e-08
2009-01-07,8.676203571407552e-08,8.875806305638413e-08,8.718407384186746e-08
2009-01-08,1.719158591736769e-06,1.6276484675596065e-06,1.6165503321118752e-06
2009-01-09,6.828182624418278e-07,5.612270449696496e-07,5.468754503193565e-07
2009-01-12,1.7805977878041726e-07,1.3834897084453787e-07,1.3371617204533463e-07
2009-01-13,4.6474458024202845e-07,3.309145271579108e-07,3.131375679804298e-07
2009-01-14,1.0848369444308211e-07,1.1313564765493136e-07,1.1412095232461143e-07
2009-01-15,6.614367033815378e-08,9.187040078996804e-08,9.941626433093782e-08
2009-01-16,2.5135046243632993e-07,1.9268838635162453e-07,1.9113810042352475e-07
2009-01-19,7.607853733307403e-08,1.0576586855876543e-07,1.0873765817895414e-07
2009-01-20,9.384543766791543e-08,1.244708976162017e-07,1.3057794451725576e-07
2009-01-21,1.3514171065245806e-07,1.5082570144046555e-07,1.5270803690791388e-07
2009-01-22,1.1028318765179291e-07,1.0078850219848749e-07,1.0334627454874276e-07
2009-01-23,3.5660619566951754e-08,5.520993330344298e-08,5.6869083016008646e-08
2009-01-26,2.5710895788643274e-08,3.122170464587505e-08,3.2022283715563456e-08
2009-01-27,4.629427984427401e-08,5.795100173458882e-08,5.698823798393228e-08
2009-01-28,6.846139699827022e-08,8.029255312282999e-08,8.095058624361634e-08
2009-01-29,2.0313266688114638e-07,1.8220626773466405e-07,1.7969909924071182e-07
2009-01-30,1.0798606576913036e-07,1.0505799245263348e-07,1.0414092353577485e-07
2009-02-02,3.896640232499301e-08,5.183982850953909e-08,5.287962205775579e-08
2009-02-03,9.028074913332648e-08,8.243895582015864e-08,8.17975667439163e-08
2009-02-04,4.2990165705754574e-08,5.0274919526176254e-08,5.089899597758195e-08
2009-02-05,4.445297945275197e-07,4.193546208917806e-07,4.141818662493477e-07
2009-02-06,3.565061716262469e-08,4.187611865467797e-08,4.1947520306526135e-08
2009-02-09,4.1320658061001394e-08,5.793450673106816e-08,5.936719298047056e-08
2009-02-10,3.659483011258918e-08,4.9819537404803345e-08,5.086316560950239e-08
2009-02-11,1.3679330582289467e-07,1.3564810832475105e-07,1.3613808981838555e-07
2009-02-12,2.164193892747633e-07,1.981213702118502e-07,1.9226542694053008e-07
2009-02-13,2.1038632604911087e-07,2.0134432054145004e-07,1.9885810249777685e-07
2009-02-16,9.436512596966107e-08,9.119796646235135e-08,9.098400237729622e-08
2009-02-17,1.8698988353145678e-07,1.590717858735879e-07,1.5362480369042442e-07
2009-02-18,3.565108077328713e-08,3.020257356774358e-08,2.9280874358311625e-08
2009-02-19,3.124801782665111e-08,4.0989615561586574e-08,4.4607230812551034e-08
2009-02-20,5.993371600388876e-08,5.895436066410773e-08,5.881688925750564e-08
2009-02-23,1.575002836904696e-07,1.535037003142564e-07,1.4869550440244647e-07
2009-02-24,2.206291217997923e-08,3.1131548545340946e-08,3.341646497426979e-08
2009-02-25,2.722065021107097e-07,2.6117194552942753e-07,2.5275686730919933e-07
2009-02-26,1.0865568888491559e-07,1.1324331855264958e-07,1.1086930760570406e-07
2009-02-27,2.296315198684364e-07,2.2293860906051811e-07,2.2190987017211745e-07
2009-03-02,1.1724469947836479e-07,1.0739915590985651e-07,1.0258569216538236e-07
2009-03-03,3.917580678605736e-08,4.2965743788562e-08,4.435595176446166e-08
2009-03-04,4.069089567429375e-08,5.3381743461675356e-08,5.541953099027803e-08
2009-03-05,7.014423659599292e-07,6.431804935020974e-07,6.315476339885493e-07
2009-03-06,6.080556638537488e-08,6.634581273551677e-08,6.812749520997818e-08
2009-03-09,2.1454269909156578e-07,2.1829778189023447e-07,2.186464494943089e-07
2009-03-10,3.015587020061036e-08,4.853223638205076e-08,5.251202952085787e-08
2009-03-11,4.378885079665457e-07,3.8225363726075394e-07,3.728082018399298e-07
2009-03-12,1.948324903627619e-08,3.833135419430842e-08,4.3583283084718185e-08
2009-03-13,7.807081476326965e-08,7.441812176332666e-08,7.454051711222025e-08
2009-03-16,1.210059830494176e-06,1.140070636147464e-06,1.1135921434071664e-06
2009-03-17,1.8646039381848169e-06,1.687845695631151e-06,1.634111134168057e-06
2009-03-18,4.6338883048452276e-07,3.167741330874674e-07,2.869234437138214e-07
2009-03-19,6.025905110665215e-08,7.631971251243177e-08,8.664131301521234e-08
2009-03-20,4.2383758945403985e-08,6.518520665917786e-08,7.267641431604284e-08
2009-03-23,4.3480214906786144e-08,4.514266903654831e-08,4.783415696487991e-08
2009-03-24,8.503574092063286e-08,1.1915937277027224e-07,1.2908441891077996e-07
2009-03-25,6.362516409992059e-07,5.150441510418066e-07,4.912558894699665e-07
2009-03-26,1.6529558050888653e-07,1.6575291286148178e-07,1.7398967891882959e-07
2009-03-27,8.468181325374645e-08,1.1121802073219314e-07,1.186307025914126e-07
2009-03-30,2.4846335243669853e-08,6.231440607773605e-08,6.993870763849292e-08
2009-03-31,4.990777159346774e-08,7.851912337289338e-08,8.430517598269426e-08
2009-04-01,3.017399507258404e-08,5.477636120010845e-08,5.87883145150999e-08
2009-04-02,1.8910227337429002e-07,2.0138561466070818e-07,2.0107437686218095e-07
2009-04-03,2.7915387456573575e-08,3.417731865331005e-08,3.6472086855565936e-08
2009-04-06,4.378579612012968e-08,4.240863926578157e-08,4.421858568461408e-08
2009-04-07,2.3996406796450498e-08,3.275034654172623e-08,3.3587544370723586e-08
2009-04-08,3.957293289513415e-08,4.534135153725199e-08,4.6479324171391756e-08
2009-04-09,4.07234888551424e-08,4.460991089946905e-08,4.4899608962060894e-08
2009-04-10,2.961033843346995e-08,2.5238444247042162e-08,2.4815725269470013e-08
2009-04-13,1.7737265496410677e-08,1.9232001523151517e-08,1.982154373506041e-08
2009-04-14,2.0983635542452457e-08,2.0561235576694908e-08,2.0627317699249804e-08
2009-04-15,6.298438448541075e-08,5.897327763116835e-08,5.8883555259610794e-08
2009-04-16,2.412604803775314e-08,2.082423871112887e-08,2.015270229757476e-08
2009-04-17,2.8455337868265546e-08,2.0997436738184577e-08,2.0252362743732635e-08
2009-04-20,3.856381942946275e-08,3.0194952730034494e-08,2.882986421618095e-08
2009-04-21,2.8545449411114405e-08,3.0046734365997165e-08,3.1001562475729465e-08
2009-04-22,4.1441539542468775e-08,3.541830880455267e-08,3.430114780804691e-08
2009-04-23,2.4907714979109106e-08,1.968962493979134e-08,1.889688717462779e-08
2009-04-24,1.9836010184290612e-08,1.7890209679570527e-08,1.8213592223203246e-08
2009-04-27,4.5886622189395645e-08,3.7546783960978816e-08,3.693403500474896e-08
2009-04-28,2.897402743550479e-08,1.8336205892533352e-08,1.7803787808471974e-08
2009-04-29,3.044088832073012e-08,1.9603315891793912e-08,1.8646131859158597e-08
2009-04-30,3.2940197051628824e-08,3.6412529151671693e-08,3.678112528075427e-08
2009-05-01,2.2462779481079258e-08,1.627913444637648e-08,1.578980030761325e-08
2009-05-04,4.783936400450061e-08,4.180905729792879e-08,4.168407054778019e-08
2009-05-05,2.1102358167045625e-08,1.470100549933064e-08,1.437675794531482e-08
2009-05-06,5.06802557084449e-08,5.037281828269827e-08,5.052824314912153e-08
2009-05-07,2.3559697903097962e-08,1.4185595881376105e-08,1.3118673391558506e-08
2009-05-08,4.662731769677627e-08,3.718202964695373e-08,3.553245205606387e-08
2009-05-11,1.6920302850318925e-08,1.6131661957813064e-08,1.640962942141055e-08
2009-05-12,2.2974147190302755e-08,1.3370767781815496e-08,1.2750305351082517e-08
2009-05-13,2.598501938538411e-08,1.442553886716743e-08,1.344075898476185e-08
2009-05-14,3.2310481386453575e-08,3.8072691196079925e-08,3.918292740672527e-08
2009-05-15,3.6244343272127873e-08,3.036559525898836e-08,3.072463572132563e-08
2009-05-18,2.6059734940556347e-08,1.911924611754461e-08,1.9048780186515428e-08
2009-05-19,4.820194788744609e-08,3.844942616031851e-08,3.759181051436635e-08
2009-05-20,2.15826448225718e-08,1.0832608143535653e-08,1.0484185503129068e-08
2009-05-21,6.4291567619071e-08,5.1953152329443536e-08,5.215405026473479e-08
2009-05-22,6.538713736857114e-08,7.602466869832823e-08,7.652605328837556e-08
2009-05-25,3.280054685471786e-08,2.4454112245198907e-08,2.3974775844924145e-08
2009-05-26,2.830011654993415e-08,1.8017715496607838e-08,1.729752902023662e-08
2009-05-27,1.8571924846079266e-08,1.3317662150874275e-08,1.2867253529001662e-08
2009-05-28,3.79089625562446e-08,3.26396753583969e-08,3.219201187708501e-08
2009-05-29,4.5783414980297825e-08,3.569060616110785e-08,3.5746979214738204e-08
2009-06-01,1.1564068338431897e-08,1.0000748738773147e-08,9.647650573304184e-09
2009-06-02,2.279622347185098e-08,1.23491879777104e-08,1.1666851166607928e-08
2009-06-03,1.7799250106250003e-08,1.105679881203231e-08,1.0409049518155417e-08
2009-06-04,8.785006519681413e-08,7.744124958221363e-08,7.604840081174241e-08
2009-06-05,1.4205647556699901e-08,1.3887356168865757e-08,1.3688172619148844e-08
2009-06-08,2.258694155572273e-07,2.6213013477207745e-07,2.6581630270596873e-07
2009-06-09,3.065573028976978e-08,2.6613179541394028e-08,2.6420882845089663e-08
2009-06-10,2.8304188544511064e-08,2.1159430313373116e-08,2.010917793519743e-08
2009-06-11,7.322183059507806e-08,7.119099977230458e-08,7.134959240786625e-08
2009-06-12,2.3282428090097783e-08,2.0378086605985714e-08,1.9964331186282506e-08
2009-06-15,3.2726688372769855e-08,2.312958354850789e-08,2.2746342407974415e-08
2009-06-16,2.397745416757577e-08,1.4141684360370227e-08,1.3733932764105264e-08
2009-06-17,2.7304399876773828e-08,1.6970906928797564e-08,1.6399272860481373e-08
2009-06-18,2.8531190199661405e-08,1.824457194209477e-08,1.7353943538311053e-08
2009-06-19,3.617249318849718e-08,2.529477389437822e-08,2.4146545568872517e-08
2009-06-22,3.5264659870311006e-08,2.9114736373120506e-08,2.899179552972899e-08
2009-06-23,1.2518829364350139e-07,1.1710429246736573e-07,1.1489791316753648e-07
2009-06-24,2.585637837801025e-08,1.7169003847175405e-08,1.6518309538071498e-08
2009-06-25,2.0254161992028582e-08,2.1617073388185784e-08,2.1406687434800915e-08
2009-06-26,3.810597075098474e-08,3.9534938598866193e-08,3.842554937463648e-08
2009-06-29,4.019475654962374e-08,3.288200911214356e-08,3.106684819459734e-08
2009-06-30,1.1385567040262366e-08,9.333298857753578e-09,9.766646516738864e-09
2009-07-01,5.850731646779886e-08,4.980957058446247e-08,4.907652577830785e-08
2009-07-02,2.3321684326679297e-08,2.1196799497747195e-08,2.0836649078603196e-08
2009-07-03,3.196772084416729e-08,2.4806336399133067e-08,2.4173418930564053e-08
2009-07-06,2.651675873426017e-08,1.832434499532919e-08,1.7611056038284224e-08
2009-07-07,2.3659096743866016e-08,1.2873797791401893e-08,1.223319291733397e-08
2009-07-08,2.3940446700058753e-08,1.523176745808092e-08,1.4925286153834066e-08
2009-07-09,3.186672012367638e-08,2.0541699769740006e-08,1.8887507698769354e-08
2009-07-10,8.47058261010199e-08,8.707654106498796e-08,8.863971195766755e-08
2009-07-13,3.3318821986063785e-08,2.333510842010752e-08,2.1840857706635156e-08
2009-07-14,1.22828377211122e-07,1.231450931338925e-07,1.2403503700816094e-07
2009-07-15,2.1180906903336275e-08,1.7920919649528746e-08,1.7273363569861954e-08
2009-07-16,6.793529190316626e-08,5.677478619952378e-08,5.641582878216904e-08
2009-07-17,4.394209807861099e-08,3.148990630245319e-08,3.020628465171095e-08
2009-07-20,3.438841976060308e-08,3.970995932440549e-08,4.053800194710681e-08
2009-07-21,3.06193822685856e-08,2.1491496022397956e-08,2.0508523053030736e-08
2009-07-22,1.451884062345781e-07,1.620283747394345e-07,1.6519273984898752e-07
2009-07-23,3.814366874513223e-08,3.967698116527954e-08,4.053196867498144e-08
2009-07-24,3.51739127670435e-08,3.2653388300529354e-08,3.178128439577871e-08
2009-07-27,2.1966162617287117e-08,1.7122704062933955e-08,1.6626611321976512e-08
2009-07-28,1.9904198749523763e-07,2.025386198112351e-07,2.0063420810159936e-07
2009-07-29,9.319488408856067e-08,9.211619696301801e-08,9.109592114579647e-08
2009-07-30,2.820760272793938e-07,2.672944572865566e-07,2.6201723953239764e-07
2009-07-31,6.672163167193385e-08,5.081517969860777e-08,4.812600551970988e-08
2009-08-03,2.1191525975475104e-08,2.7435349619580453e-08,2.7051098591338218e-08
2009-08-04,2.2485722749817068e-08,2.3868360113159093e-08,2.402868690855139e-08
2009-08-05,1.3573349113396747e-07,1.222690358926665e-07,1.152944654660322e-07
2009-08-06,5.093261489283149e-08,4.748215140365757e-08,4.688625350235911e-08
2009-08-07,2.2075921419609835e-08,2.7097473750134737e-08,2.748667517642854e-08
2009-08-10,1.872197166012567e-07,1.9446760548264878e-07,1.9601817969608873e-07
2009-08-11,5.2334777016737236e-08,4.7899456153695965e-08,4.512328466693169e-08
2009-08-12,2.5774981785621197e-08,2.0272652786061706e-08,1.9830617973467723e-08
2009-08-13,4.300247373953825e-08,3.4984724500860564e-08,3.337599256261064e-08
2009-08-14,1.1070555129895346e-07,1.0120661794644624e-07,9.709017605231476e-08
2009-08-17,4.288290715008686e-08,3.874082298286468e-08,3.841383649653362e-08
2009-08-18,2.626485345443774e-08,1.9164527594147295e-08,1.852497938180579e-08
2009-08-19,2.758467329933602e-08,1.8826771090657414e-08,1.7639059700245402e-08
2009-08-20,2.5850053309100276e-08,1.7535032054057108e-08,1.7015497154984295e-08
2009-08-21,2.8052063632967676e-08,1.733273357020908e-08,1.615760074093842e-08
2009-08-24,1.1908428167579201e-07,1.1754307457659233e-07,1.119196353659026e-07
2009-08-25,4.188220258787995e-08,3.2889194322019275e-08,2.8503620930924043e-08
2009-08-26,2.7195506274207073e-08,1.97783380806304e-08,1.952387107370345e-08
2009-08-27,2.4420146606242454e-08,1.3824921529893543e-08,1.1628728518982391e-08
2009-08-28,2.731083016253485e-08,1.689746695853587e-08,1.640912911700024e-08
2009-08-31,3.993086313207572e-08,3.832687640873444e-08,3.879844654301652e-08
2009-09-01,2.700116873092388e-08,1.530721766191964e-08,1.4342717257501067e-08
2009-09-02,2.49934040467093e-08,2.2706453960882153e-08,2.334061977833791e-08
2009-09-03,6.099449322335679e-08,6.024440303644165e-08,6.08773766450135e-08
2009-09-04,4.331142346202963e-08,4.2222842253309884e-08,4.114466308858951e-08
2009-09-07,3.65175150611114e-08,3.689562904983422e-08,3.8547373281408304e-08
2009-09-08,4.424202428862965e-08,3.3602386986489434e-08,3.256519647740911e-08
2009-09-09,2.5049870471692337e-08,1.5764437482316507e-08,1.4599256562942409e-08
2009-09-10,2.3763088575992798e-08,1.5697804416746526e-08,1.5196655235302622e-08
2009-09-11,2.1127656276914776e-08,1.6814998657946763e-08,1.7856289063367505e-08
2009-09-14,2.3474645854251282e-08,1.3110981060304684e-08,1.2238470178996858e-08
2009-09-15,2.6624054215082935e-08,2.683634046078942e-08,2.6942943190516927e-08
2009-09-16,4.870175521336475e-08,4.1266043353893467e-08,4.024676881920536e-08
2009-09-17,7.922281937269777e-08,7.452298618213969e-08,7.315469465167569e-08
2009-09-18,2.1682037288342718e-08,2.484252410817109e-08,2.5233772173179863e-08
2009-09-21,7.20365864093094e-08,6.377781212302891e-08,6.171878919095451e-08
2009-09-22,3.745254801982661e-08,3.183270781059859e-08,3.090665182194772e-08
2009-09-23,6.189881940608964e-08,5.449630458084613e-08,5.258337963640322e-08
2009-09-24,3.0980877484995655e-08,2.170964257219038e-08,2.001969500049356e-08
2009-09-25,3.795603141330161e-08,2.7444659965765317e-08,2.6667899862462872e-08
2009-09-28,2.739755286589595e-08,1.660230727123148e-08,1.522224298952219e-08
2009-09-29,2.5346764652527024e-08,1.4381089561291822e-08,1.3396258163868538e-08
2009-09-30,5.1114431028489376e-08,4.264661829270682e-08,4.019412030392441e-08
2009-10-01,2.930595961050099e-08,2.0279763152938963e-08,1.958639443711686e-08
2009-10-02,2.154624866132569e-08,1.2079178003954288e-08,1.1265168193898795e-08
2009-10-05,3.003946733344e-08,1.8716356782994157e-08,1.7614369065993184e-08
2009-10-06,2.2352117513670804e-08,1.4279905377485796e-08,1.4497810737472406e-08
2009-10-07,4.277822133682487e-08,3.670197113694893e-08,3.565241842534057e-08
2009-10-08,1.979822742609804e-08,8.510057896949504e-09,7.2477515573450735e-09
2009-10-09,2.4305365810723013e-08,1.8603038812404563e-08,1.878702911127623e-08
2009-10-12,2.9831666353657244e-08,1.951208926445312e-08,1.8475616444570288e-08
2009-10-13,1.1983907108671122e-07,1.1751525082822173e-07,1.1450901115015472e-07
2009-10-14,3.7249988047702065e-08,3.6683887429887213e-08,3.571047662923847e-08
2009-10-15,3.4235164177724646e-08,2.6592345609843395e-08,2.405264894500924e-08
2009-10-16,5.941810525586315e-08,5.378448582719104e-08,5.1598722574817636e-08
2009-10-19,4.7481352844303145e-08,3.829478817925068e-08,3.497694120829489e-08
2009-10-20,9.718747863467224e-08,9.020930669875067e-08,8.464777234032108e-08
2009-10-21,5.1937018232557134e-08,4.86163481552978e-08,4.612649114012372e-08
2009-10-22,6.169209451865686e-08,5.966239615345618e-08,6.145529600649114e-08
2009-10-23,4.1351287326066365e-08,3.4952412878533295e-08,3.26860803815189e-08
2009-10-26,1.0966397971731467e-07,1.2335250434189403e-07,1.3164211700021592e-07
2009-10-27,5.3081185853716236e-08,4.9114892843639924e-08,4.877384590013035e-08
2009-10-28,4.518144009947068e-08,3.5561483080446076e-08,3.3298471512666075e-08
2009-10-29,6.272772069517374e-08,5.9310108230676997e-08,5.805205329031858e-08
2009-10-30,2.8925689857063423e-08,2.0891402829206286e-08,2.2017292726561183e-08
2009-11-02,2.9148906917687206e-08,2.432543666513167e-08,2.4692817873725456e-08
2009-11-03,3.6372769217836956e-08,2.8639586441904335e-08,2.668433419860416e-08
2009-11-04,2.977470695513297e-08,2.156012662697429e-08,1.9283441609002544e-08
2009-11-05,2.2835309936953457e-08,1.6168484455726964e-08,1.5335884700204218e-08
2009-11-06,1.966204394039632e-08,1.1194816610044689e-08,1.0192288931170765e-08
2009-11-09,2.900867065428678e-08,2.0499168526228818e-08,2.0079768390322772e-08
2009-11-10,2.8839346441658687e-08,3.2589896611506836e-08,3.265833555405141e-08
2009-11-11,3.8737772445441054e-08,2.9086766264668367e-08,2.9023450643246603e-08
2009-11-12,1.9050349845473332e-08,9.505075679730413e-09,8.737818781235206e-09
2009-11-13,3.529508611343202e-08,2.54569081218584e-08,2.4272541567784784e-08
2009-11-16,2.4118774192968495e-08,1.2712837163750268e-08,1.1878711819414183e-08
2009-11-17,3.127479008004605e-08,2.4584359629029936e-08,2.4748579991761824e-08
2009-11-18,1.5681392645187612e-08,1.0768555599658256e-08,1.1381862596282475e-08
2009-11-19,7.517372816734755e-08,6.453144540834475e-08,6.393288940746682e-08
2009-11-20,2.184410404735524e-08,1.2453928407976634e-08,1.1375591253169963e-08
2009-11-23,2.958728271945655e-08,1.839537090826817e-08,1.698781074688279e-08
2009-11-24,3.294503685377539e-08,2.1203665945777257e-08,2.059746876923926e-08
2009-11-25,1.193784274055465e-07,1.3168042574769364e-07,1.3481464302057216e-07
2009-11-26,2.5342964267081822e-08,2.9256403591553676e-08,2.8985398709266836e-08
2009-11-27,1.2989926706962357e-08,8.2539257544529e-09,7.97354837827068e-09
2009-11-30,6.193999768305784e-08,6.25965022846304e-08,6.277086523788662e-08
2009-12-01,2.0786201005871612e-08,1.4512644953091226e-08,1.4019141029561819e-08
2009-12-02,1.0043600171372654e-08,6.902230542797913e-09,7.167264481217516e-09
2009-12-03,2.14700925356885e-07,2.2765759987466143e-07,2.2653886198274582e-07
2009-12-04,1.6623799470386237e-08,1.248700429938655e-08,1.2550758542521234e-08
2009-12-07,3.405869582586028e-08,3.6818789861808884e-08,3.62629486157797e-08
2009-12-08,1.0974404431091241e-07,1.1958565488444474e-07,1.1750728042046634e-07
2009-12-09,3.523713180620827e-08,3.4925687633807776e-08,3.626200539391859e-08
2009-12-10,3.038036501306767e-08,2.8050166118260348e-08,2.742141423229432e-08
2009-12-11,2.1991018828908792e-08,1.973374959917456e-08,1.9923680295830658e-08
2009-12-14,4.255056820580795e-08,3.8965123331745445e-08,3.8581663699220843e-08
2009-12-15,4.1066405312635664e-08,3.598863617123563e-08,3.60273029414839e-08
2009-12-16,6.36413416900743e-08,6.109298076380698e-08,6.07156793763642e-08
2009-12-17,7.612659020213459e-08,7.815146270786879e-08,7.75134695691046e-08
2009-12-18,1.4880560881329442e-08,1.292912066251069e-08,1.3210931827079954e-08
2009-12-21,1.3839958633448289e-08,9.959216022686516e-09,9.867769028268714e-09
2009-12-22,2.997175720719685e-08,2.5912211780840332e-08,2.632507096586266e-08
2009-12-23,2.620535954616171e-08,2.033578435587287e-08,1.9652689112074834e-08
2009-12-24,3.971531441696131e-08,3.444424357523622e-08,3.4498296574635685e-08
2009-12-25,1.5022107897099132e-07,1.5210254639947597e-07,1.5159176514093736e-07
2009-12-28,4.990655669620119e-08,5.092393462408838e-08,4.985587278235827e-08
2009-12-29,5.5016678961486334e-08,5.030789998920411e-08,5.0002538380759236e-08
2009-12-30,1.3188312353075686e-08,1.052931903955755e-08,1.079444539541285e-08
2009-12-31,1.5174266381052117e-07,1.6297180324809977e-07,1.617522313262046e-07
2010-01-01,1.6563264297962487e-07,1.6547581410209916e-07,1.6212904704433595e-07
2010-01-04,9.73866829428918e-08,9.413777487643107e-08,9.028496361312843e-08
2010-01-05,5.239894138625676e-08,5.068286670338639e-08,5.084891795821904e-08
2010-01-06,1.5986730316306287e-07,1.4367664818025284e-07,1.3760871075602543e-07
2010-01-07,2.9166459346199788e-08,3.3256976497553384e-08,3.534872332057955e-08
2010-01-08,1.7543704611127958e-08,1.9969646503683618e-08,2.1798990411082757e-08
2010-01-11,7.971456913352573e-08,8.048510954053951e-08,8.08707877523208e-08
2010-01-12,2.3370136370935743e-08,2.593973157098485e-08,2.7654137377562797e-08
2010-01-13,1.1197577716790219e-07,1.104833490569959e-07,1.0758621684199821e-07
2010-01-14,2.0758230143772673e-08,2.33933670857334e-08,2.5040617931363805e-08
2010-01-15,4.24067773961185e-08,3.832512358098256e-08,3.639119216112841e-08
2010-01-18,8.605461869785024e-09,8.898432237608086e-09,9.656400892673581e-09
2010-01-19,2.5084850362666352e-08,2.4757900860238446e-08,2.451658398315999e-08
2010-01-20,4.723994379059178e-08,4.8261375473076135e-08,4.820540977323732e-08
2010-01-21,1.5789225111226433e-08,1.719588234254002e-08,1.831200717941089e-08
2010-01-22,2.405321546496392e-08,2.3922690670028203e-08,2.3935700583720858e-08
2010-01-25,5.457814269033084e-08,5.7441073354450543e-08,5.5946710144735516e-08
2010-01-26,1.9563243685587673e-08,1.910255784465421e-08,1.9880213094140372e-08
2010-01-27,7.390375729247889e-08,7.648399992212779e-08,7.611584502331302e-08
2010-01-28,1.383219839121375e-08,1.2409821309910093e-08,1.3152935366089626e-08
2010-01-29,1.3301628827002245e-08,1.043754692387754e-08,1.1057054899755699e-08
2010-02-01,3.790344828330627e-08,3.3928833106591184e-08,3.3517396248269786e-08
2010-02-02,2.7425556284952194e-08,2.4299294047436183e-08,2.4416302800936126e-08
2010-02-03,2.657418887663491e-08,2.532046637216672e-08,2.5015092652600844e-08
2010-02-04,1.662218908850284e-08,1.571828413265583e-08,1.574988021613613e-08
2010-02-05,1.38809608029615e-08,1.0938180874045516e-08,1.0940608513180272e-08
2010-02-08,1.937601421106412e-08,1.5952903131327644e-08,1.6138933446271565e-08
2010-02-09,1.641676522702846e-08,1.3080731623640202e-08,1.275797089777052e-08
2010-02-10,8.472262082952971e-09,5.350645989613847e-09,5.350388617072103e-09
2010-02-11,1.6998845451878855e-08,1.2481672564180633e-08,1.205073789093076e-08
2010-02-12,2.0155036665748487e-08,1.59089995376413e-08,1.549069318852839e-08
2010-02-15,9.725943566678957e-09,5.263614722814814e-09,4.9624694677680885e-09
2010-02-16,1.142157532940872e-08,7.196540468600686e-09,6.8739520257606844e-09
2010-02-17,1.1388463792998187e-08,8.123291719361768e-09,7.812478599827727e-09
2010-02-18,1.3013430815919321e-08,1.0031415297083297e-08,9.62214722346782e-09
2010-02-19,4.129502045460938e-08,4.539569905106734e-08,4.588901384743011e-08
2010-02-22,1.8929353750451554e-08,1.7102090528398924e-08,1.7136729580921023e-08
2010-02-23,7.412570178235027e-08,8.085746376256229e-08,8.035580424126141e-08
2010-02-24,1.4866485851551486e-08,1.6042403824538725e-08,1.633586313129909e-08
2010-02-25,1.005708659166505e-07,1.0161843420649967e-07,1.012088648736554e-07
2010-02-26,1.968936207704827e-08,1.7835055403659826e-08,1.8352940766013475e-08
2010-03-01,3.049707991005925e-08,2.6721208565371998e-08,2.6806013204934254e-08
2010-03-02,2.528848541289225e-08,2.567525010002521e-08,2.5534217331146388e-08
2010-03-03,3.818146604271331e-08,3.732545751230926e-08,3.699487065110531e-08
2010-03-04,2.5524071893627158e-08,2.6519257863771433e-08,2.6245370729721862e-08
2010-03-05,9.282140280943817e-09,8.921431652277564e-09,8.848970692762599e-09
2010-03-08,2.671334121135739e-07,2.6759438348041246e-07,2.654244011606458e-07
2010-03-09,2.2279015569899118e-08,2.5335027185280854e-08,2.5685670360515367e-08
2010-03-10,1.5234059264298234e-07,1.5068765391214576e-07,1.477655633128551e-07
2010-03-11,9.580970538115618e-09,1.086735715826285e-08,1.1286179126938392e-08
2010-03-12,3.998839532683355e-08,4.050204397144139e-08,4.0555671228600594e-08
2010-03-15,8.89425284953365e-09,9.623059590801064e-09,1.0031414115233727e-08
2010-03-16,3.090110711658716e-08,2.9470454313386793e-08,2.961327495166057e-08
2010-03-17,1.2056019025621468e-08,1.2091526630287104e-08,1.2177526920086891e-08
2010-03-18,1.4410873647679882e-08,1.4779701172625227e-08,1.502630586236866e-08
2010-03-19,4.861412230787625e-08,4.7643556364200335e-08,4.728401072642855e-08
2010-03-22,1.9841148601571885e-08,1.9837458276485363e-08,1.9374250809893893e-08
2010-03-23,1.0637774973172238e-08,1.099005101074437e-08,1.0853546087471435e-08
2010-03-24,2.9111964902670033e-08,2.746371105301234e-08,2.754902432377932e-08
2010-03-25,6.453247476065945e-08,6.227124139336548e-08,6.128255458440804e-08
2010-03-26,1.247968104185304e-07,1.2086005826686346e-07,1.198450407408833e-07
2010-03-29,9.042311513492288e-09,9.910314085741926e-09,1.0501527700427274e-08
2010-03-30,3.130611848365845e-08,2.8426278963775457e-08,2.6868511345130467e-08
2010-03-31,1.2049048882951002e-07,1.1616280527508392e-07,1.1263627934740104e-07
2010-04-01,5.684607829638994e-08,5.2275967511409956e-08,5.005366518321114e-08
2010-04-02,1.7538666833998002e-08,1.9200408211827254e-08,1.976502802106983e-08
2010-04-05,2.192505672441552e-08,2.3403404969617072e-08,2.465972291588699e-08
2010-04-06,7.294267196280506e-08,7.27281087876806e-08,7.25459752852209e-08
2010-04-07,4.7495171218503643e-07,4.6068983742438857e-07,4.545415491344421e-07
2010-04-08,6.036027676842878e-07,5.645151551839891e-07,5.465260541460818e-07
2010-04-09,1.3560895252896053e-07,1.3257961612612063e-07,1.3195842347486774e-07
2010-04-12,3.5374665424314154e-07,3.394931936602621e-07,3.361151924842822e-07
2010-04-13,2.4263808260510296e-08,3.5572949816016577e-08,3.8968317034850304e-08
2010-04-14,1.0705668088738453e-07,8.948289868833902e-08,8.388229921332461e-08
2010-04-15,5.264395483621162e-08,6.420679030198107e-08,6.653186446165249e-08
2010-04-16,1.3707795113921284e-07,1.2301255397020944e-07,1.2150314300700164e-07
2010-04-19,9.523522557703543e-08,1.0052957771909212e-07,1.0027441614673673e-07
2010-04-20,8.866764077259737e-08,9.516923426498184e-08,9.570723767139753e-08
2010-04-21,4.2483320347106426e-08,3.516643765240477e-08,3.4842502191381704e-08
2010-04-22,2.1308214327643504e-07,1.934441754262726e-07,1.9133632655787417e-07
2010-04-23,3.561493100239997e-08,3.404111426598937e-08,3.1271074100805305e-08
2010-04-26,9.634057797892747e-08,1.0810791992597663e-07,1.0783913152109089e-07
2010-04-27,1.1990405520877935e-08,2.6357137354796095e-08,2.7229785919908175e-08
2010-04-28,1.1479945604981224e-07,9.712577386712285e-08,9.535292936526901e-08
2010-04-29,5.834437702852873e-08,5.9539766036259496e-08,5.971252708302017e-08
2010-04-30,4.069108229556149e-08,4.959186913237273e-08,4.8978322871438e-08
2010-05-03,7.48229796550872e-08,7.884368953848333e-08,7.665709801294648e-08
2010-05-04,9.368600727415553e-09,1.5183503579929382e-08,1.4696448999218613e-08
2010-05-05,9.424244631927798e-09,1.5392841220400643e-08,1.5435024473819358e-08
2010-05-06,6.127218999218332e-08,6.501557830895827e-08,6.516053171514441e-08
2010-05-07,5.8094095834667614e-08,5.035780598428542e-08,5.10287769670453e-08
2010-05-10,2.982637457735524e-08,3.342417029115125e-08,3.290284124808663e-08
2010-05-11,3.3759393543084645e-08,3.745482345517995e-08,3.757619825942154e-08
2010-05-12,1.3486927666663664e-08,1.2540658604207059e-08,1.2521089722719447e-08
2010-05-13,2.6938238973278036e-08,2.6077498838750556e-08,2.5541321539283563e-08
2010-05-14,1.0801347755606347e-08,1.1436043616737754e-08,1.1129082507748072e-08
2010-05-17,5.5458919245707706e-08,5.4885180442914523e-08,5.302658258078084e-08
2010-05-18,1.3389478962579073e-08,1.4455342241191842e-08,1.3890452743762959e-08
2010-05-19,9.134809727270689e-08,8.969384676248729e-08,9.021381307085845e-08
2010-05-20,3.2485314552528886e-08,3.3041189957324196e-08,3.219687112951684e-08
2010-05-21,2.3799853351865878e-08,2.2258007370055363e-08,2.1715713142596877e-08
2010-05-24,1.859280417835957e-08,1.9065807419298675e-08,1.8638563713409167e-08
2010-05-25,1.6202154811036702e-08,1.7176293966959904e-08,1.6522096488088546e-08
2010-05-26,1.1142509715379452e-07,1.0522719289931262e-07,1.0722588808015797e-07
2010-05-27,1.4579715771969647e-08,1.7597065473297943e-08,1.7368021963824683e-08
2010-05-28,6.017046629875747e-08,5.9123748387597095e-08,5.759898139133587e-08
2010-05-31,3.099284699330132e-08,2.9372658971420627e-08,2.925638049485915e-08
2010-06-01,9.565923821936006e-09,1.1938682767456318e-08,1.2271125855231266e-08
2010-06-02,1.5359109110751203e-08,1.6815748058994388e-08,1.666475963302705e-08
2010-06-03,2.6238854111432426e-08,2.74513206254111e-08,2.6686811797274505e-08
2010-06-04,4.443080555360887e-08,4.594843090545757e-08,4.671736142887536e-08
2010-06-07,2.0221073151257674e-08,2.0462746055072766e-08,2.0039854048378657e-08
2010-06-08,1.95156377760553e-07,1.9445342035903304e-07,1.9195257602299885e-07
2010-06-09,4.3588015432812244e-08,4.5654277634215805e-08,4.5167958022859736e-08
2010-06-10,4.539229972130071e-08,4.37100782825e-08,4.3394144563321847e-08
2010-06-11,3.817265529005606e-08,3.914033894719121e-08,3.9457298164657557e-08
2010-06-14,1.913402264463044e-08,1.8931889079463292e-08,1.8087711996299323e-08
2010-06-15,3.037093620101477e-07,3.0937882655138606e-07,3.0899851012123267e-07
2010-06-16,9.49662298826297e-09,1.248581178268157e-08,1.272335249616994e-08
2010-06-17,3.3135377714468555e-08,3.5025421753084946e-08,3.4743207073219174e-08
2010-06-18,2.1195200183938488e-08,2.1954972153255294e-08,2.2032573944011598e-08
2010-06-21,1.344501480922279e-07,1.3487706054090108e-07,1.3334960146436034e-07
2010-06-22,4.846365687315527e-08,4.684403810575029e-08,4.5915095392350365e-08
2010-06-23,4.6591974869796795e-08,4.625359874566324e-08,4.585888067619744e-08
2010-06-24,7.39480948381539e-08,7.333647878493935e-08,6.979361448142334e-08
2010-06-25,3.2997788728142935e-07,3.2485100457331975e-07,3.172207442549573e-07
2010-06-28,6.481563878910173e-08,6.767636156326344e-08,6.70300671483323e-08
2010-06-29,6.620908687743173e-08,6.30316559557837e-08,6.655379188530925e-08
2010-06-30,4.4831316728282904e-07,4.341880376649821e-07,4.2206166127662465e-07
2010-07-01,5.9600727100364465e-08,5.170774520840385e-08,5.1988502566178504e-08
2010-07-02,6.218933960452272e-08,6.334802060586956e-08,6.506571291063706e-08
2010-07-05,1.9624516046958685e-07,1.837665266902658e-07,1.708817351882772e-07
2010-07-06,3.2080575124187545e-08,3.6728533928658274e-08,3.71667452170619e-08
2010-07-07,3.652926142785532e-08,3.6324412794482647e-08,3.8180456161081e-08
2010-07-08,8.143725872720763e-08,7.692070950772075e-08,7.284460471720892e-08
2010-07-09,8.183252350941883e-08,8.00481100732513e-08,7.890962885155683e-08
2010-07-12,4.51665638922054e-08,4.638154741279591e-08,4.379444167728859e-08
2010-07-13,1.6288433859815865e-08,1.9808773295355293e-08,2.1227677776044455e-08
2010-07-14,1.0604489769369752e-07,1.0216466634216208e-07,1.0429455513254682e-07
2010-07-15,1.5857153419712852e-07,1.4826222717434348e-07,1.4762478636649974e-07
2010-07-16,2.022276782256787e-07,1.8559793850752674e-07,1.8271413040404072e-07
2010-07-19,4.6482404703454274e-08,4.569299318021975e-08,4.4679851135497805e-08
2010-07-20,1.4904258636654342e-07,1.4458177001236486e-07,1.415811370025261e-07
2010-07-21,5.957642458967592e-07,5.786470112370987e-07,5.744820337418572e-07
2010-07-22,8.165952399698056e-08,8.132771712391973e-08,8.041595671631059e-08
2010-07-23,7.767299619145594e-08,6.454264108701953e-08,6.094547621466119e-08
2010-07-26,2.3457342526021227e-08,2.454337048355323e-08,2.5329259374369873e-08
2010-07-27,1.4727831919653235e-08,2.3689191293271965e-08,2.72800182769375e-08
2010-07-28,2.7986703728542344e-08,3.1176183286117747e-08,3.2318646253733834e-08
2010-07-29,3.969196614397599e-07,3.6866911274922514e-07,3.5491777041554935e-07
2010-07-30,2.8391190203684842e-08,3.271976947580318e-08,3.525113151140782e-08
2010-08-02,2.0508502349797373e-07,1.8241941039348028e-07,1.7071481207197632e-07
2010-08-03,1.5375154803344315e-07,1.3809897029039174e-07,1.294885694610009e-07
2010-08-04,4.9963862497144474e-08,5.611912923364295e-08,6.196035751015821e-08
2010-08-05,1.0378926002059208e-07,1.0505886427247328e-07,1.070984281885815e-07
2010-08-06,3.999594744049984e-08,4.087834339119719e-08,4.249972618543377e-08
2010-08-09,5.1041615213024585e-08,4.363707939310913e-08,4.357976457321813e-08
2010-08-10,8.610155737817408e-08,8.010128402766756e-08,7.665246843571554e-08
2010-08-11,1.6242868191126658e-08,2.5931419427013052e-08,2.9365622125766607e-08
2010-08-12,3.363751145395414e-07,3.0783340157744123e-07,2.9500019306522534e-07
2010-08-13,1.2213930324675467e-07,1.2108877479081003e-07,1.239664806046776e-07
2010-08-16,3.320417326775685e-08,3.3613177975722555e-08,3.285497509039162e-08
2010-08-17,6.358244444505631e-08,6.219831698639548e-08,6.205842820040112e-08
2010-08-18,1.6586276272595444e-08,2.798660196126825e-08,3.133834439969456e-08
2010-08-19,5.1493789793356575e-08,4.3707255058918216e-08,4.077968627463429e-08
2010-08-20,7.274962451175912e-08,7.231773453501719e-08,7.20382124630252e-08
2010-08-23,2.8295762278190036e-08,3.7619937526535504e-08,4.035579137487481e-08
2010-08-24,3.896147303800052e-08,4.3529323780302665e-08,4.574042319618432e-08
2010-08-25,2.29818159752573e-08,2.7080022597656656e-08,2.776935903630057e-08
2010-08-26,2.6470758423764692e-08,3.2395605215852395e-08,3.360307918588504e-08
2010-08-27,1.5871794033953096e-08,2.1747009190459592e-08,2.2677831240371965e-08
2010-08-30,2.7033630718376557e-08,3.0889770476242415e-08,3.1444812225344964e-08
2010-08-31,1.4630481201676878e-07,1.4316317568160736e-07,1.3929652136680125e-07
2010-09-01,6.612558330816636e-07,6.476180324167389e-07,6.387931119214675e-07
2010-09-02,5.41108301744559e-08,5.174097855860608e-08,5.4036564094279045e-08
2010-09-03,5.049473995206997e-08,5.661222968032313e-08,5.768137215565546e-08
2010-09-06,4.081395252737656e-08,5.106786516449004e-08,5.3704637943409173e-08
2010-09-07,1.8471096250241132e-08,2.4451442954354884e-08,2.5649683199986348e-08
2010-09-08,5.2611811677987205e-08,4.92825890587048e-08,4.783368010475416e-08
2010-09-09,2.4381957773129696e-08,3.1898048085445124e-08,3.3317788893366284e-08
2010-09-10,3.016594194341506e-08,3.229647252533871e-08,3.279703877200068e-08
2010-09-13,2.9777760075652423e-08,3.3726038268234906e-08,3.3823951665943894e-08
2010-09-14,2.327593209779331e-08,2.4445699550303495e-08,2.4088966512959243e-08
2010-09-15,4.9647975918119814e-08,5.182684775014921e-08,5.262851747411301e-08
2010-09-16,2.079546350475818e-08,2.1914206228257168e-08,2.2733432270638814e-08
2010-09-17,2.5801648138560848e-08,2.542801995100193e-08,2.5565412551229527e-08
2010-09-20,1.872429294837402e-08,2.0597543449720828e-08,2.1087395549955754e-08
2010-09-21,6.010483644045306e-08,5.9086900390484696e-08,5.761103393739144e-08
2010-09-22,3.5243337974454865e-08,3.6445242154608266e-08,3.721058045033625e-08
2010-09-23,6.037378366503257e-08,6.021190494034054e-08,5.96735525561893e-08
2010-09-24,5.836470715951813e-08,5.4989405790550484e-08,5.331214606658367e-08
2010-09-27,1.905211781989423e-08,2.040693922829516e-08,2.102630819976474e-08
2010-09-28,1.8901875807250856e-08,1.925807323635799e-08,1.9247875508642806e-08
2010-09-29,1.2058514998090705e-08,1.122731460141431e-08,1.0910189895012919e-08
2010-09-30,2.08831874701997e-08,1.7423380056350384e-08,1.6934965070201715e-08
2010-10-01,7.239557161260231e-08,6.855581091827425e-08,6.809577776449313e-08
2010-10-04,2.5488275158428223e-08,2.3144310504895013e-08,2.216591661470338e-08
2010-10-05,1.474631719582737e-08,1.379930253674591e-08,1.3483199021786026e-08
2010-10-06,1.854505554489284e-08,1.6299626242044436e-08,1.5979085389233663e-08
2010-10-07,4.111973412278682e-08,3.9596053001688394e-08,3.954630117304345e-08
2010-10-08,6.089038142490327e-08,6.4936933532938e-08,6.646499375818738e-08
2010-10-11,1.0384168677675295e-07,1.032140694458793e-07,1.0129501193343069e-07
2010-10-12,5.239819661814677e-07,5.02117704491826e-07,4.962424492569967e-07
2010-10-13,3.509497067462854e-08,4.700051665773728e-08,4.948323803852332e-08
2010-10-14,1.0985250535460416e-07,1.0314871416119549e-07,9.878010540132402e-08
2010-10-15,3.9827694415437744e-08,3.985827815929756e-08,4.1048274156285843e-08
2010-10-18,5.3309332187172144e-08,5.185395041126478e-08,5.1630329677265166e-08
2010-10-19,2.1940314166591176e-07,2.0135586553286483e-07,1.9709603313820118e-07
2010-10-20,1.3449918570074192e-08,2.2780802026498288e-08,2.3691647352921573e-08
2010-10-21,2.690734629386462e-08,2.7419361701423343e-08,2.7578671976935326e-08
2010-10-22,3.7639907175954444e-08,3.5491596287847367e-08,3.485302665860387e-08
2010-10-25,1.8315922706711793e-08,2.281352001799404e-08,2.2656561469773093e-08
2010-10-26,3.773155420752847e-08,4.013852721340761e-08,3.9269822482797844e-08
2010-10-27,7.80865996560882e-08,6.70305400841664e-08,6.538685689583022e-08
2010-10-28,2.4464375884796515e-08,2.7347819826897478e-08,2.663522031868838e-08
2010-10-29,2.625074326294077e-08,2.732088527360559e-08,2.6414511300756132e-08
2010-11-01,9.083503963108463e-08,9.04452680360365e-08,8.752992177287388e-08
2010-11-02,7.847580835070313e-08,7.670120389536734e-08,7.363039324973034e-08
2010-11-03,1.944639729949266e-08,1.7364080214956042e-08,1.6355522885369725e-08
2010-11-04,2.1653316379217326e-08,1.9721444465138777e-08,2.094473304148356e-08
2010-11-05,2.0088194020212115e-08,2.0854409967044662e-08,2.026640850881547e-08
2010-11-08,2.652617496111121e-08,2.6113967659943788e-08,2.5362618951926918e-08
2010-11-09,1.3712537361840017e-08,1.2341536996295846e-08,1.1463573822607171e-08
2010-11-10,3.111235262241297e-08,2.765649572272868e-08,2.5821828197896482e-08
2010-11-11,1.817749777483198e-08,1.5996558654754998e-08,1.6191972761052434e-08
2010-11-12,5.8977726564924375e-08,5.6348157465007175e-08,5.508728823631444e-08
2010-11-15,2.7046490399424173e-08,2.40545257225265e-08,2.2092377978142945e-08
2010-11-16,4.705201275378204e-08,4.636339789766969e-08,4.533440367531624e-08
2010-11-17,3.434669109186446e-08,2.989847119593513e-08,2.5543966534367698e-08
2010-11-18,4.4651183964502556e-08,4.1627763197704783e-08,3.899662380684944e-08
2010-11-19,1.470831548102865e-08,1.5908799273305344e-08,1.526409138797472e-08
2010-11-22,2.7703467840740823e-08,2.868814934599256e-08,2.895571095548418e-08
2010-11-23,5.9071735505882705e-08,5.5256962033540855e-08,5.307933619029197e-08
2010-11-24,2.6532850228452216e-08,2.5600012989054463e-08,2.4721279243291364e-08
2010-11-25,4.1784303332112334e-08,3.8967167877115724e-08,3.644240978396129e-08
2010-11-26,2.1030762480866965e-08,1.742182579451512e-08,1.6918861887181084e-08
2010-11-29,1.0545425329804432e-08,8.00770421278846e-09,7.512803974197988e-09
2010-11-30,2.564059367862446e-08,2.5681547365283216e-08,2.6085973504706826e-08
2010-12-01,2.058938766908116e-08,2.2250236900464024e-08,2.253915171603042e-08
2010-12-02,1.6229520843703902e-08,1.4153243152717535e-08,1.3532869764507206e-08
2010-12-03,1.768045742578277e-08,1.3890383134359184e-08,1.3097958597138762e-08
2010-12-06,2.5910047131306297e-08,2.3961333543792894e-08,2.3531448641649703e-08
2010-12-07,1.4898427315635e-07,1.4973588944532117e-07,1.4741549475452199e-07
2010-12-08,2.1091917048750655e-08,1.810178268535587e-08,1.720695212179013e-08
2010-12-09,3.922146471181963e-08,3.548318196503137e-08,3.395743932320217e-08
2010-12-10,5.6486578451225336e-08,5.2965758040929706e-08,5.1752393409942184e-08
2010-12-13,1.0228649999632424e-07,1.0438114828094518e-07,1.0321792515924395e-07
2010-12-14,1.5239352249841927e-07,1.5799070307966346e-07,1.604187129011474e-07
2010-12-15,2.231484778446416e-08,2.001339244670137e-08,1.813699609272994e-08
2010-12-16,2.6324025960180597e-08,2.5478084589802046e-08,2.5054195083922327e-08
2010-12-17,1.6866764633112532e-07,1.6788688923219356e-07,1.7081495974443936e-07
2010-12-20,4.8428219326220653e-08,4.606265911544043e-08,4.4204020211017814e-08
2010-12-21,1.5532606595132186e-08,1.5700202006024237e-08,1.5536651526999958e-08
2010-12-22,3.290310242975115e-08,3.193281475867526e-08,3.24128904464359e-08
2010-12-23,1.2778732238033108e-08,1.0558451050726112e-08,1.0537111927934455e-08
2010-12-24,1.550022069939786e-08,1.4238247044639717e-08,1.3918603943750223e-08
2010-12-27,8.694334661868255e-08,8.125458376850993e-08,8.101391044037786e-08
2010-12-28,8.532931053590496e-08,8.125025475653657e-08,7.855669424413973e-08
2010-12-29,1.0942836081993957e-07,1.0987115545916905e-07,1.0470933772969132e-07
2010-12-30,6.059323193644783e-08,5.8701001511730734e-08,5.567870951399983e-08
2010-12-31,1.6316894160132602e-07,1.5841163403370937e-07,1.5247840136913063e-07
2011-01-03,8.508445057294183e-08,8.028043294169264e-08,7.981181228018685e-08
2011-01-04,3.654062339008212e-08,3.786336976458702e-08,3.6757312344048355e-08
2011-01-05,1.0765721608003081e-07,1.0454616890913063e-07,1.0038710301117582e-07
2011-01-06,2.8003867088407043e-08,2.889888505173526e-08,2.7803425468513684e-08
2011-01-07,2.6094077630379184e-08,2.5148842610688264e-08,2.548527980706625e-08
2011-01-10,5.111184863908124e-08,5.191865875687606e-08,5.065611092013055e-08
2011-01-11,4.698437797087398e-08,4.80465264462025e-08,4.567685988642176e-08
2011-01-12,3.712792584490718e-08,3.73879837189091e-08,4.006001734854481e-08
2011-01-13,8.2244046813555e-08,7.447759175075272e-08,7.471629699719891e-08
2011-01-14,1.491604976329051e-08,1.6161121886025716e-08,1.4991628809870525e-08
2011-01-17,1.4653160339822656e-08,1.4637270786001446e-08,1.42316781553796e-08
2011-01-18,5.2782836646662014e-08,4.851560887392778e-08,4.773078017346164e-08
2011-01-19,3.738939396485758e-08,3.640523052140822e-08,3.6788279585327194e-08
2011-01-20,2.6035918696566682e-08,2.4894583977682057e-08,2.35774365979345e-08
2011-01-21,3.5501535964326616e-07,3.5140119906581413e-07,3.453703939859039e-07
2011-01-24,2.8419917424374603e-08,3.0628394093292514e-08,2.9723091034239858e-08
2011-01-25,3.93948890834447e-08,3.876622862974845e-08,3.472104714094252e-08
2011-01-26,9.793401699918788e-08,9.40443370162957e-08,9.764707012191678e-08
2011-01-27,4.002649196121366e-08,4.2025384491933116e-08,4.068612101723505e-08
2011-01-28,2.8625705934270444e-07,2.8561821323998165e-07,2.770771045052764e-07
2011-01-31,4.39213497310529e-08,4.813574848934079e-08,4.5735781349995516e-08
2011-02-01,2.457806764274187e-08,2.5441160260711742e-08,2.5335179398228886e-08
2011-02-02,3.5895253184746266e-08,3.797046802023478e-08,3.7868193978686845e-08
2011-02-03,2.5708776622392233e-08,2.7923980852522805e-08,2.6497156694061092e-08
2011-02-04,1.0791922531486197e-07,1.0968973272660312e-07,1.0728669299908937e-07
2011-02-07,1.051552676012234e-07,9.559412826395649e-08,9.028019522435341e-08
2011-02-08,3.651967810353239e-08,4.1081793870145135e-08,3.9583965292463276e-08
2011-02-09,1.4122905224906832e-07,1.4355024747396264e-07,1.4258746987787618e-07
2011-02-10,3.412964377929849e-08,3.6334508227401734e-08,3.349556587535649e-08
2011-02-11,2.1387481186019178e-08,2.0752647995899223e-08,1.9644231003949196e-08
2011-02-14,7.809948713721454e-08,7.644460514427988e-08,7.30396328346187e-08
2011-02-15,1.2095785074572032e-07,1.1234590715090055e-07,1.1229044038508229e-07
2011-02-16,2.740222422337038e-07,2.509922027614881e-07,2.3973505032585754e-07
2011-02-17,1.0768396085073447e-07,1.0288552671652386e-07,1.0730520365414748e-07
2011-02-18,3.5800856694754824e-08,3.5705456307829304e-08,3.611444558618253e-08
2011-02-21,6.10656668307035e-08,6.163642454127692e-08,5.7426092120242266e-08
2011-02-22,6.301037671330937e-08,6.314741985508684e-08,5.9456206802220384e-08
2011-02-23,5.730714602977369e-08,5.118481138285711e-08,4.526674309136345e-08
2011-02-24,1.2644895434342547e-07,1.2071241468948434e-07,1.1509231286686944e-07
2011-02-25,3.368132450793606e-08,3.365532005207442e-08,3.106144778873211e-08
2011-02-28,1.355937235001142e-07,1.389443704376667e-07,1.3558625196157358e-07
2011-03-01,4.514998473799715e-08,3.3907476155153705e-08,3.039827679592123e-08
2011-03-02,5.004852426158541e-08,4.211372716988375e-08,4.5688934701044925e-08
2011-03-03,5.992864089534774e-08,6.523564681480724e-08,7.162787706013847e-08
2011-03-04,1.1068356850568821e-07,1.1568036432022795e-07,1.2011312402007668e-07
2011-03-07,1.8536726381827435e-08,1.7989368382574873e-08,1.8147380398011126e-08
2011-03-08,4.1265889720333185e-08,4.410929375316232e-08,4.349481398348998e-08
2011-03-09,8.269418862014875e-07,8.380281665406212e-07,8.458076239969378e-07
2011-03-10,2.6023258313568448e-08,2.9545471384533442e-08,3.0301149618045755e-08
2011-03-11,1.2215055450509984e-08,1.410842276531972e-08,1.4281263246109772e-08
2011-03-14,2.6203221491050627e-07,2.5538139490556946e-07,2.484617513799841e-07
2011-03-15,1.7215788399877186e-07,1.6647889740512544e-07,1.5484636525368066e-07
2011-03-16,2.2888695868715467e-07,2.2047906854516568e-07,2.1653085600422558e-07
2011-03-17,3.68598004093573e-07,3.621484566134693e-07,3.586571195530653e-07
2011-03-18,5.595857284328784e-08,5.339259207212342e-08,5.4147195249286456e-08
2011-03-21,1.4778133464130904e-08,2.7795542270023978e-08,2.677748688746305e-08
2011-03-22,5.0277149027442185e-08,5.353254908612025e-08,4.8685029933987776e-08
2011-03-23,6.562380288204949e-08,5.547079334455077e-08,5.8923302573120294e-08
2011-03-24,8.92913799437429e-08,9.072842339502245e-08,9.249972737908116e-08
2011-03-25,2.330185697663526e-08,2.8380871368922563e-08,2.6782415880685686e-08
2011-03-28,6.776884837198073e-08,7.114462174604658e-08,7.064902406137709e-08
2011-03-29,2.5954311454148707e-08,2.8309324091122997e-08,2.7896090779657028e-08
2011-03-30,8.726008054941408e-08,8.863297925905458e-08,8.872315622048629e-08
2011-03-31,1.9322510358920135e-07,1.820297909181225e-07,1.8607741632375866e-07
2011-04-01,5.772620221965058e-07,5.495529974927294e-07,5.519728913579307e-07
2011-04-04,5.428404881100447e-08,4.201194596219193e-08,4.258875834716585e-08
2011-04-05,1.8068409550416145e-08,3.034012690781289e-08,3.221327438066314e-08
2011-04-06,4.674848164910604e-08,4.404555175133627e-08,4.4555116484481314e-08
2011-04-07,1.0948882040761248e-07,1.0463848535241727e-07,1.0519191849820127e-07
2011-04-08,2.2912769196353855e-08,3.1360458872080973e-08,3.236713387803247e-08
2011-04-11,7.323084501301063e-08,7.667449283953608e-08,7.768642517134912e-08
2011-04-12,4.411772818449675e-07,4.0620778080990223e-07,4.04473506232106e-07
2011-04-13,1.2930709981496346e-08,2.4745745802431326e-08,2.5819170917972148e-08
2011-04-14,5.017823901402924e-08,5.681902105933984e-08,5.685372497635153e-08
2011-04-15,2.4606489882885833e-08,2.6998642019666005e-08,2.650604610366318e-08
2011-04-18,4.2943623548686377e-08,4.524249141426986e-08,4.558111541894165e-08
2011-04-19,3.342220849342773e-08,3.8816350246163465e-08,3.78523213909863e-08
2011-04-20,7.90023617230627e-08,7.468171245912858e-08,7.20612537289773e-08
2011-04-21,2.3347405017969877e-08,2.445466821964061e-08,2.3686292661059606e-08
2011-04-22,3.0929514076110725e-08,3.4542014338241005e-08,3.319920604750816e-08
2011-04-25,2.1430956650775345e-08,2.366215232061977e-08,2.2581743540208104e-08
2011-04-26,2.0216200291533301e-07,1.853229708477814e-07,1.8624856957544693e-07
2011-04-27,1.7071354659372227e-08,2.206105601521089e-08,2.1837172261466905e-08
2011-04-28,3.214703853552109e-08,3.212983266338049e-08,3.294286905821952e-08
2011-04-29,2.5730911498006787e-07,2.559293793706722e-07,2.5712959878662076e-07
2011-05-02,1.8699877064743456e-08,1.9168652421332782e-08,1.865575744142669e-08
2011-05-03,2.432293048351935e-08,2.5111744412996276e-08,2.5216633010679933e-08
2011-05-04,4.005766478858955e-08,4.045599145287648e-08,4.058017554673551e-08
2011-05-05,1.604534892383943e-07,1.4906382650316838e-07,1.459562017009028e-07
2011-05-06,3.9705283929146324e-08,3.970485425956901e-08,3.869464855979698e-08
2011-05-09,1.6995330583559412e-08,1.8202511402563106e-08,1.8289511621782293e-08
2011-05-10,5.370913505468434e-08,5.1532042171395484e-08,4.9233277552004146e-08
2011-05-11,8.632162956097941e-08,7.837756935960352e-08,7.780462286014255e-08
2011-05-12,5.535190064566647e-08,5.553434670676393e-08,5.499094235802165e-08
2011-05-13,1.9385049074464748e-08,2.088294029178791e-08,2.067521745478753e-08
2011-05-16,3.217248743291997e-08,2.9245238097219856e-08,2.7974833007974e-08
2011-05-17,6.727252363884792e-08,6.439841110930302e-08,6.392808466324034e-08
2011-05-18,1.5399547445051737e-07,1.5674544031009696e-07,1.6030936032285377e-07
2011-05-19,2.951341331302959e-07,2.836144128204195e-07,2.813412585687053e-07
2011-05-20,4.383999202673793e-08,4.643634359731261e-08,4.575221138435206e-08
2011-05-23,2.116266934186113e-08,2.4749205734625946e-08,2.409317311588901e-08
2011-05-24,2.589870300442929e-08,2.7517413733178782e-08,2.5955101215434028e-08
2011-05-25,5.4140129670263165e-08,5.646336618126023e-08,5.580559635404558e-08
2011-05-26,8.022199447232923e-09,8.663429766270279e-09,8.310565474255636e-09
2011-05-27,3.946510963732504e-08,3.919398009933656e-08,3.67428500789071e-08
2011-05-30,1.950667007846109e-08,2.170414409830934e-08,2.189720744926124e-08
2011-05-31,2.161400959741933e-08,2.1554343267828558e-08,2.1896532291330478e-08
2011-06-01,2.1767806920573497e-08,2.170726892139425e-08,2.126657917622263e-08
2011-06-02,3.055172267324539e-08,2.992974845539672e-08,2.986634958472129e-08
2011-06-03,8.180598597749091e-08,8.329909746955151e-08,8.06269204093047e-08
2011-06-06,4.7189449555654064e-08,4.678705824101202e-08,4.528883007202491e-08
2011-06-07,1.4016031510426524e-08,1.3537299012639186e-08,1.3735409396624208e-08
2011-06-08,1.0491360122014171e-07,1.0384767758536358e-07,1.003110739499236e-07
2011-06-09,2.0397836149149435e-08,1.864995682559908e-08,1.9752827392039372e-08
2011-06-10,3.342733805335337e-08,3.071698523916097e-08,3.0728375026771614e-08
2011-06-13,1.0486284059977083e-08,8.067452630252305e-09,7.199982565027938e-09
2011-06-14,1.3918136348473904e-07,1.3775112324153719e-07,1.3832982367201759e-07
2011-06-15,4.5600109990968334e-07,4.5949538623774896e-07,4.5230389654886575e-07
2011-06-16,4.1541977611639776e-08,4.1013503201126256e-08,4.0925053499986705e-08
2011-06-17,1.5892530436853243e-08,1.675762396796869e-08,1.7626367863120842e-08
2011-06-20,2.7805815765981527e-08,2.6665436696059688e-08,2.7923176754588418e-08
2011-06-21,1.7745352560319145e-07,1.7851868045895312e-07,1.7212926975481042e-07
2011-06-22,8.302812016507615e-08,8.099849120399805e-08,7.478208408387597e-08
2011-06-23,4.302742868792897e-08,4.298765273939009e-08,4.516070676087049e-08
2011-06-24,2.108954605655225e-08,2.0810841641070354e-08,2.2548860132890887e-08
2011-06-27,8.77342643901818e-08,8.547799999986238e-08,8.113816975785938e-08
2011-06-28,2.5995593687947126e-08,2.7524441644724015e-08,2.5472027892994378e-08
2011-06-29,5.227368423384281e-08,5.0469445977170096e-08,5.13625594972863e-08
2011-06-30,2.4030657770050965e-08,2.4480064233287844e-08,2.6541848020343443e-08
2011-07-01,3.536914901333272e-08,3.343921238067057e-08,3.360987658526297e-08
2011-07-04,6.964240273997187e-08,6.825622538961568e-08,6.728951715484806e-08
2011-07-05,2.0905870191022526e-08,1.9895533030520326e-08,2.074268976877419e-08
2011-07-06,2.368480912039027e-08,2.2879777606884067e-08,2.2436429992616018e-08
2011-07-07,1.0540239459046949e-07,1.0189162429585807e-07,1.0227624654201548e-07
2011-07-08,4.758172185327579e-08,4.8026730386008396e-08,4.649832409053574e-08
2011-07-11,3.974278386471582e-08,3.7233390021257984e-08,3.725249339985149e-08
2011-07-12,9.15119721811237e-08,8.862519886249646e-08,8.747499022918849e-08
2011-07-13,1.640561444874872e-08,1.4382483727977981e-08,1.4142916911747855e-08
2011-07-14,7.529848469539052e-08,7.760807056182866e-08,7.692412500013712e-08
2011-07-15,2.556212751171421e-08,2.589218808161155e-08,2.6275403790905392e-08
2011-07-18,3.642070961844793e-07,3.640561050656286e-07,3.601614780884132e-07
2011-07-19,2.7613779466063492e-08,2.9789791627169492e-08,3.225223839582495e-08
2011-07-20,7.142919896677826e-08,6.519393256071454e-08,6.487128348501753e-08
2011-07-21,3.0706475390435125e-08,3.446542023564579e-08,3.3672707906555e-08
2011-07-22,3.854406454260535e-08,3.976960644495869e-08,3.9181583235705025e-08
2011-07-25,3.2855527714967684e-08,3.4666332972139734e-08,3.5265290403935347e-08
2011-07-26,3.380042839998996e-08,3.3467297913137936e-08,3.4005794853455284e-08
2011-07-27,2.407681689744623e-08,2.4034788182317617e-08,2.433016212896074e-08
2011-07-28,4.21710156695338e-08,4.322513393589928e-08,4.21919757974594e-08
2011-07-29,3.874885782075765e-08,3.924084615246562e-08,3.801139947829517e-08
2011-08-01,1.8546571586580338e-08,1.808728279810908e-08,1.7829432581945677e-08
2011-08-02,2.868705057032344e-08,2.8086002330103025e-08,2.8453093824089882e-08
2011-08-03,5.3819316081486444e-08,5.0895366560741156e-08,4.977807950584105e-08
2011-08-04,3.7822827673162383e-08,3.874306009953116e-08,3.700582677819155e-08
2011-08-05,2.7598496020971767e-08,2.7533271851493862e-08,2.8038606621354323e-08
2011-08-08,1.7740189834900258e-07,1.761519489619469e-07,1.71899111770469e-07
2011-08-09,4.829651924823634e-08,5.1310449896412415e-08,5.094473475162496e-08
2011-08-10,1.2573478377951416e-08,1.3065478247841695e-08,1.3095097757080689e-08
2011-08-11,3.0665701316845855e-08,2.955705912840949e-08,2.788818295795698e-08
2011-08-12,2.8549457084068222e-08,2.884379064049305e-08,2.989817406170318e-08
2011-08-15,4.3507459697080585e-08,4.322247864925389e-08,4.3291730609722335e-08
2011-08-16,1.417323719079496e-07,1.3806561615913303e-07,1.369187259442058e-07
2011-08-17,4.401621151990122e-08,4.668083125736175e-08,4.662709095526641e-08
2011-08-18,2.5045572286984405e-08,2.597083842173943e-08,2.6256806274893273e-08
2011-08-19,2.114640049824563e-08,2.1507521669943e-08,2.1559755549562362e-08
2011-08-22,1.758268733136836e-08,1.840661607019482e-08,1.8909911476572222e-08
2011-08-23,1.5071965812973193e-07,1.490884110750635e-07,1.4808611235141468e-07
2011-08-24,4.256894682076387e-07,4.191236919118215e-07,4.111753875157551e-07
2011-08-25,2.789285475797847e-08,3.270368263065434e-08,3.481168885381962e-08
2011-08-26,2.1259037328022678e-08,2.3846904658684118e-08,2.508731757989881e-08
2011-08-29,7.859830375472027e-08,7.97438292698787e-08,7.98760214921659e-08
2011-08-30,4.906851838810468e-08,4.92881579471539e-08,4.8101541816614325e-08
2011-08-31,1.2501112131333802e-07,1.2495676738522995e-07,1.2638041627187394e-07
2011-09-01,1.8050737225395864e-08,2.1710599923278608e-08,2.174446000176403e-08
2011-09-02,1.7805274197772427e-08,1.8660145879293954e-08,1.8575780521492037e-08
2011-09-05,8.36468403918394e-08,8.380651455658446e-08,8.250151267000801e-08
2011-09-06,4.814965179009078e-08,4.9858318300047595e-08,4.837704663004988e-08
2011-09-07,6.768233943548174e-07,6.609693895204933e-07,6.563457250187048e-07
2011-09-08,2.6274456438235515e-08,3.238912190887587e-08,3.490734820082875e-08
2011-09-09,2.383058492680945e-07,2.284312837776662e-07,2.195498747768945e-07
2011-09-12,3.1726654655858616e-08,3.651154595355614e-08,3.8694554639578445e-08
2011-09-13,1.4330177994108636e-07,1.3503809206181648e-07,1.3002456800768044e-07
2011-09-14,1.285070380871058e-07,1.1505380268055424e-07,1.0937368929079224e-07
2011-09-15,3.424424685893546e-07,3.1100110255857386e-07,2.9485519138908406e-07
2011-09-16,9.529318722841643e-08,1.0238882523338923e-07,1.0474022628911296e-07
2011-09-19,4.168024682574549e-08,3.902609551426311e-08,3.707308864225902e-08
2011-09-20,7.040709432547011e-08,6.845490897977688e-08,7.000753941158564e-08
2011-09-21,2.4249670600806646e-08,2.4310159236540996e-08,2.3028447327772647e-08
2011-09-22,1.878224118234721e-07,1.7183696412455456e-07,1.605942789074943e-07
2011-09-23,5.611872137596585e-08,6.173017380215088e-08,6.570685659533953e-08
2011-09-26,3.115931480069991e-08,3.319597233175087e-08,3.224913830017551e-08
2011-09-27,3.0009061943132485e-08,3.506151503093328e-08,3.706161419535339e-08
2011-09-28,3.881445854086692e-08,3.9646786319281574e-08,3.9935782625110604e-08
2011-09-29,2.1178148311824592e-08,2.116418154977832e-08,2.05482512244256e-08
2011-09-30,2.457243074443825e-08,2.891537308336313e-08,2.970955677953028e-08
2011-10-03,1.5635983748003863e-08,1.8330331307145925e-08,1.9756801862181528e-08
2011-10-04,6.049795320735878e-07,5.944071503414556e-07,5.789702821698701e-07
2011-10-05,1.2381548268048762e-08,1.9793466447652446e-08,2.3509656812267763e-08
2011-10-06,4.1156969648238393e-08,4.523051028613779e-08,4.537720889764492e-08
2011-10-07,6.026511301123862e-08,5.26710521054792e-08,4.881857503398051e-08
2011-10-10,1.5938621617746795e-07,1.606965258365208e-07,1.5821462582511076e-07
2011-10-11,7.743561940141757e-08,7.725685219453892e-08,7.744455485350669e-08
2011-10-12,7.231183883690992e-08,7.261491188927085e-08,7.605657162351627e-08
2011-10-13,1.8645281995860962e-07,1.7514538529094493e-07,1.6511105188571488e-07
2011-10-14,3.2871926042942785e-08,3.8443145036878913e-08,4.0519601675961346e-08
2011-10-17,6.241262428865875e-08,6.593334768484619e-08,6.768159414565827e-08
2011-10-18,6.791415647107631e-08,6.311372112392755e-08,6.13118752536049e-08
2011-10-19,5.878180056479927e-07,5.622383954743362e-07,5.447390353755061e-07
2011-10-20,3.512012813402826e-08,3.336168158021991e-08,3.1984666054249784e-08
2011-10-21,2.59403685103501e-08,2.9591821027643083e-08,3.0972410375729005e-08
2011-10-24,8.250157432342319e-07,7.94111014900765e-07,7.709844127112279e-07
2011-10-25,2.3429958253385167e-08,3.274699111797857e-08,3.793065791806757e-08
2011-10-26,6.233631890757972e-08,5.905313682845717e-08,5.911923166880208e-08
2011-10-27,5.867931020619299e-08,5.464777759391968e-08,5.140141075186924e-08
2011-10-28,1.1173068016654219e-07,9.908303839365191e-08,9.000705543280919e-08
2011-10-31,3.5468867786532625e-08,4.21657867969244e-08,4.489211966096292e-08
2011-11-01,3.088080812011077e-08,3.094882410305726e-08,3.230577853724723e-08
2011-11-02,2.8246776593064233e-08,3.063014160723439e-08,3.252661472688404e-08
2011-11-03,2.922483737869877e-08,2.7547899852429246e-08,2.8619427821294617e-08
2011-11-04,2.0793505282169748e-08,2.460596223878541e-08,2.6181522581942696e-08
2011-11-07,1.8242896195744523e-08,2.0972915558651714e-08,2.3827426170379962e-08
2011-11-08,2.4072241126450134e-08,2.4143757793557064e-08,2.5498398039729937e-08
2011-11-09,2.286458532337752e-08,2.1030068056260354e-08,2.047845524745978e-08
2011-11-10,4.263348453443828e-08,4.3724879129503596e-08,4.523146648969444e-08
2011-11-11,1.6418764893303767e-08,1.6732043664818685e-08,1.773329075733392e-08
2011-11-14,1.3802097613727414e-08,1.5624805744862566e-08,1.6206044404351344e-08
2011-11-15,3.816545878055199e-08,3.962134828407227e-08,3.751062375590495e-08
2011-11-16,1.8245576950304896e-08,1.81286909614953e-08,1.91053894092007e-08
2011-11-17,2.8339163716156555e-08,2.6486069284529135e-08,2.738929022104566e-08
2011-11-18,1.4423279263873927e-08,1.3097043845039093e-08,1.383921824373528e-08
2011-11-21,1.5944333132533578e-08,1.3828633249870201e-08,1.4449582812159915e-08
2011-11-22,1.337961165812429e-08,1.0915313440425717e-08,1.1057944568519385e-08
2011-11-23,4.4515549399580763e-08,4.120933291165542e-08,4.1327647344684124e-08
2011-11-24,2.168428944036859e-08,1.978204587724234e-08,2.03999694409098e-08
2011-11-25,8.14100803452892e-08,8.447078543708726e-08,8.380365119167442e-08
2011-11-28,4.62631315198532e-08,4.6087735668079906e-08,4.5443945125585034e-08
2011-11-29,2.0979965985839524e-08,2.1057825540690422e-08,2.0286144861198296e-08
2011-11-30,2.6697476762813927e-08,2.8985483252965023e-08,2.8781496135770472e-08
2011-12-01,5.0464805903878833e-08,5.000898524675176e-08,4.9884968647613244e-08
2011-12-02,4.4061010578264135e-08,4.599185732994287e-08,4.6619575775318615e-08
2011-12-05,4.9919981593747885e-08,4.9303316064008536e-08,4.958112465929602e-08
2011-12-06,2.7219160057358552e-08,2.6627935452110117e-08,2.66616163123892e-08
2011-12-07,2.83543256287921e-08,2.839259961047628e-08,2.7938674581880005e-08
2011-12-08,1.5467102546075883e-08,1.3249114779603645e-08,1.374423822250364e-08
2011-12-09,3.401395165022625e-08,3.285464227680419e-08,3.288609701911089e-08
2011-12-12,1.5951132297336272e-08,1.2791089202343592e-08,1.2993797075764493e-08
2011-12-13,1.8951898697354113e-08,1.5535385048817298e-08,1.545946123124034e-08
2011-12-14,3.5712186678448683e-08,3.5147559549613534e-08,3.477796853563952e-08
2011-12-15,3.611429755015634e-08,3.3278170590410555e-08,3.2737386592237365e-08
2011-12-16,3.774727893216669e-08,3.884303154288904e-08,3.859101974284729e-08
2011-12-19,4.252448433478718e-08,4.0336131715672236e-08,3.9119312477814854e-08
2011-12-20,6.58373140106588e-07,6.769786212879721e-07,6.778424221851799e-07
2011-12-21,8.015243558789808e-08,7.651828084531945e-08,7.480761040125083e-08
2011-12-22,2.3862537026711457e-08,2.5088508197822235e-08,2.6778212221147638e-08
2011-12-23,2.739147927817315e-08,2.742058673888844e-08,2.8339576314595354e-08
2011-12-26,4.9073399854127255e-08,5.042896657092632e-08,5.1405050889883536e-08
2011-12-27,2.1153448956525344e-08,2.0566170859203148e-08,2.1529643498622627e-08
2011-12-28,3.8900054648195776e-08,3.719696619862e-08,3.7500933843997493e-08
2011-12-29,2.404173351550626e-08,2.362744582988239e-08,2.351909203864168e-08
2011-12-30,1.705964420929006e-08,1.577939614696321e-08,1.6030862844349307e-08
2012-01-02,1.7838637907846838e-08,1.5334750863358453e-08,1.5566271695268382e-08
2012-01-03,9.19902130656164e-09,8.185750985323246e-09,8.165181271235e-09
2012-01-04,7.909514529413327e-08,8.270335933892418e-08,8.16099077916266e-08
2012-01-05,1.7650532197320703e-08,1.7189593165169558e-08,1.7327051554577425e-08
2012-01-06,4.4157527349927206e-08,4.236852915317577e-08,4.220735479856693e-08
2012-01-09,6.046944780885686e-08,5.9278620465687566e-08,5.9528003439721484e-08
2012-01-10,1.1480026498321001e-07,1.192435259323295e-07,1.1802353438466358e-07
2012-01-11,1.7439735078783283e-07,1.761165375932945e-07,1.752993756095202e-07
2012-01-12,4.3755352017576914e-07,4.3978558424209596e-07,4.385280345656231e-07
2012-01-13,3.842479037933326e-08,3.979791780485755e-08,4.109143463305978e-08
2012-01-16,2.0572564123846694e-08,2.3866007512454472e-08,2.5688837130894943e-08
2012-01-17,2.429043918075625e-08,2.5675812443115056e-08,2.6326069277935914e-08
2012-01-18,3.956216854962502e-08,4.1487028977524813e-08,4.033868769019656e-08
2012-01-19,2.2816951259880693e-08,2.3565655116013636e-08,2.4330306209423604e-08
2012-01-20,3.529606178196521e-08,3.547325924437754e-08,3.487318688004159e-08
2012-01-23,3.651308590160893e-08,3.4652848020298784e-08,3.5058797407250014e-08
2012-01-24,6.686288108439483e-08,6.463708256912124e-08,6.45928543509602e-08
2012-01-25,1.7957732364060027e-08,1.6933998997707754e-08,1.7029703304687987e-08
2012-01-26,3.1665737969542233e-08,3.180338428459032e-08,3.101423247498034e-08
2012-01-27,1.98447028756803e-08,1.782750182084508e-08,1.8079217227332455e-08
2012-01-30,1.0551035389652582e-07,1.0541799695720577e-07,1.0598389298230065e-07
2012-01-31,1.4784565218158995e-08,1.3739083548052879e-08,1.355362215854876e-08
2012-02-01,4.80975430354014e-08,4.53887625277931e-08,4.495705577392037e-08
2012-02-02,7.6289941768923e-08,8.363312098018035e-08,8.327168197590929e-08
2012-02-03,4.600779362755945e-08,4.806932196905034e-08,4.691042838493139e-08
2012-02-06,1.295016530219779e-06,1.3041541355536712e-06,1.2971002710759882e-06
2012-02-07,7.528762289373832e-08,7.25522952801021e-08,6.997042286500397e-08
2012-02-08,1.750211517317659e-07,1.6772424027460008e-07,1.629207341000131e-07
2012-02-09,3.3501801111090163e-07,3.3210228520151045e-07,3.2237378330352796e-07
2012-02-10,2.4757055369608525e-07,2.322834007782673e-07,2.222694342361904e-07
2012-02-13,1.92718658210702e-07,1.7237439962416942e-07,1.6058615508569648e-07
2012-02-14,7.853475217817111e-08,8.645090453169118e-08,9.320617937831274e-08
2012-02-15,3.8472637401283814e-08,4.728423828672729e-08,5.181200341589169e-08
2012-02-16,1.2321097912045484e-07,1.2587676512513086e-07,1.309583159429055e-07
2012-02-17,8.174859077473842e-08,7.99054362740094e-08,7.936855733349645e-08
2012-02-20,2.3048052978737166e-08,2.5905251618159073e-08,2.857178598577036e-08
2012-02-21,3.39613101520835e-08,3.6630855508066544e-08,3.692691630987608e-08
2012-02-22,1.6989823305679217e-08,1.6935723321850273e-08,1.814762447920388e-08
2012-02-23,2.2339791495395785e-08,2.236671352576579e-08,2.2779161957323476e-08
2012-02-24,1.7696053513667377e-08,1.5587971664908497e-08,1.5883459520313948e-08
2012-02-27,1.865218505071309e-08,1.785963564249172e-08,1.9095298321555702e-08
2012-02-28,3.151820806901075e-08,3.041328369596612e-08,3.119119167476936e-08
2012-02-29,6.345531751694177e-08,6.186206829813137e-08,6.226721418445824e-08
2012-03-01,4.35914259502865e-08,4.2426221985404005e-08,4.1775815954181537e-08
2012-03-02,7.778799569919329e-08,7.60072042557089e-08,7.555395927529828e-08
2012-03-05,3.6149414996620965e-08,3.1851051124348524e-08,3.1874256443095455e-08
2012-03-06,2.264141351188308e-08,2.1943284744823226e-08,2.254458936957678e-08
2012-03-07,9.507881081439372e-08,9.595452981873703e-08,9.571110694551321e-08
2012-03-08,1.3626252054863802e-07,1.419126457213178e-07,1.3961466367864644e-07
2012-03-09,2.8587718591560608e-08,2.9171984051072083e-08,2.9809341524476076e-08
2012-03-12,4.8493187299157233e-08,4.803838264421725e-08,4.8146635159589875e-08
2012-03-13,1.326489032813542e-07,1.258183565854416e-07,1.2517517013626567e-07
2012-03-14,1.4606420813735387e-07,1.4758638701487912e-07,1.4469075295622201e-07
2012-03-15,3.7505132140521575e-08,3.239623466397394e-08,3.214853724974829e-08
2012-03-16,6.120193081635847e-08,5.96877587536655e-08,5.9140426237589296e-08
2012-03-19,2.2805721656530145e-08,2.27645926794088e-08,2.3517911771619626e-08
2012-03-20,8.455742063540502e-08,8.699294801383741e-08,8.456767790731925e-08
2012-03-21,3.269810726525473e-08,3.322972215364537e-08,3.4164178525385246e-08
2012-03-22,2.6023010490500677e-08,2.9218984160274922e-08,2.992628741699047e-08
2012-03-23,2.0580254476765383e-08,2.0579342856559287e-08,2.1251249077038996e-08
2012-03-26,6.970934270091654e-08,6.61355996823643e-08,6.657980615242181e-08
2012-03-27,2.1576774494050134e-08,1.993588829181834e-08,1.9723398666182296e-08
2012-03-28,3.444022343723139e-07,3.496131338358599e-07,3.456551947352202e-07
2012-03-29,3.629987874658034e-08,3.531343025256236e-08,3.6552515742807843e-08
2012-03-30,5.004359149957261e-07,4.90041705466459e-07,4.829297074236451e-07
2012-04-02,2.5880517686336125e-07,2.3508300552272135e-07,2.2604013189654496e-07
2012-04-03,8.882912027979634e-08,8.45356952783841e-08,8.58247627945696e-08
2012-04-04,2.8273112680676514e-08,3.6820512097913885e-08,3.980074929603433e-08
2012-04-05,2.7394061982015644e-08,2.9243568769206893e-08,3.14253399126002e-08
2012-04-06,1.4096333790063128e-07,1.3509598004789089e-07,1.3173707510013763e-07
2012-04-09,3.4595350248810534e-08,3.7018905318016146e-08,3.848943000166028e-08
2012-04-10,4.084399477576107e-08,4.186410507833338e-08,4.3662416253697304e-08
2012-04-11,2.8556741779424745e-08,2.7765857707336296e-08,2.8250382868128145e-08
2012-04-12,6.554955692525204e-08,6.787785257812091e-08,6.765862653275151e-08
2012-04-13,2.4985079606599817e-08,2.5607400683529133e-08,2.597110928777904e-08
2012-04-16,1.1350540129241125e-07,1.1300217772927885e-07,1.0958202534429436e-07
2012-04-17,3.6617305686901856e-08,3.678442345974843e-08,3.527045536489897e-08
2012-04-18,1.8009395330066806e-08,1.825817263093496e-08,1.7183590206176755e-08
2012-04-19,8.174477897839705e-08,8.386296870608366e-08,8.638883397692891e-08
2012-04-20,1.8519979055765096e-06,1.8322171492621102e-06,1.8286966123366504e-06
2012-04-23,9.994108497011687e-08,8.829803473272621e-08,9.145633938903607e-08
2012-04-24,7.39194615143547e-07,6.852589985857729e-07,6.729635829567118e-07
2012-04-25,3.182804419687145e-08,5.2524042088243364e-08,5.7097702108033603e-08
2012-04-26,3.7965155493055684e-08,4.6210743879359136e-08,4.8991968029179785e-08
2012-04-27,8.936778084216766e-08,8.989858209038658e-08,8.554621885663142e-08
2012-04-30,8.655334064301568e-08,8.687532752318806e-08,8.337329007095105e-08
2012-05-01,1.3181060255229224e-07,1.2671934204349952e-07,1.2336967174598705e-07
2012-05-02,6.693744941641054e-08,7.291086500447328e-08,7.581754942864723e-08
2012-05-03,7.96484181339658e-08,8.337183402186847e-08,8.444578242190469e-08
2012-05-04,5.1362492642420246e-08,5.026694570556709e-08,4.9911431513872255e-08
2012-05-07,3.4169834255229874e-08,3.587610531171478e-08,3.435024340440672e-08
2012-05-08,8.004169437059381e-08,7.971998089532492e-08,7.789516432066184e-08
2012-05-09,6.154894073309938e-08,6.874639556459816e-08,7.021264029227561e-08
2012-05-10,5.531262505857732e-08,5.330801830895119e-08,5.429749079301544e-08
2012-05-11,2.623866633933666e-08,2.717687407919301e-08,2.6656324853640828e-08
2012-05-14,3.127947890649254e-08,3.239129394303698e-08,3.196610112563416e-08
2012-05-15,1.0319733995423121e-07,1.0042417920514111e-07,9.785337931708434e-08
2012-05-16,1.2109299377949966e-07,1.2803631350655164e-07,1.2573564869462078e-07
2012-05-17,6.200367100921673e-08,6.447554510299064e-08,6.224676932469295e-08
2012-05-18,6.222833686839716e-08,6.54840454472914e-08,6.226824786636606e-08
2012-05-21,1.4571889525233373e-07,1.4563002261951917e-07,1.4585638754707987e-07
2012-05-22,3.938903993678484e-08,3.731934234346105e-08,3.8760078430214786e-08
2012-05-23,1.177029727917714e-07,1.1176387966906631e-07,1.1191511100032653e-07
2012-05-24,2.7933057580085474e-07,2.590196452347774e-07,2.515843175430793e-07
2012-05-25,1.1431866730623619e-07,7.763474855229214e-08,7.876838654742509e-08
2012-05-28,2.942228965262172e-08,5.0850699692287985e-08,5.010910054027508e-08
2012-05-29,6.590882699680768e-08,7.641925144098114e-08,7.188049085871574e-08
2012-05-30,1.5463450817840332e-07,1.548957605782691e-07,1.460118481227013e-07
2012-05-31,8.906934905069157e-08,8.526784678181354e-08,8.692551544458861e-08
2012-06-01,1.4811686260415594e-07,1.489689834244502e-07,1.4186406591819338e-07
2012-06-04,2.9634257574748606e-08,3.550140692212867e-08,3.290017017519055e-08
2012-06-05,1.3119451719671602e-07,1.330748703448747e-07,1.2929191400758811e-07
2012-06-06,4.331695027894471e-08,4.4497020530320953e-08,4.13335945125338e-08
2012-06-07,6.313681690762774e-08,6.478059230784667e-08,6.069306447912026e-08
2012-06-08,1.9960777131459134e-08,2.6654978739733794e-08,2.4972696748281373e-08
2012-06-11,3.143081534602244e-08,3.21408983298372e-08,3.036502290851256e-08
2012-06-12,2.3831265845578812e-08,2.2309401063720476e-08,2.3438636749583294e-08
2012-06-13,3.0278738957493626e-08,3.078741941698484e-08,2.971356322989895e-08
2012-06-14,1.3902200303037436e-07,1.4142179723398558e-07,1.4158533875639612e-07
2012-06-15,3.939231199320301e-07,3.697915779491293e-07,3.715638162228205e-07
2012-06-18,5.0201502147105326e-08,6.244832573806423e-08,6.128275014120113e-08
2012-06-19,2.458562592640657e-08,3.1272947239197205e-08,3.0435133042805525e-08
2012-06-20,7.506750405245534e-07,7.236358364958527e-07,7.280386701575011e-07
2012-06-21,4.7460299678779867e-08,6.619097765478275e-08,6.698704953319106e-08
2012-06-22,5.2213354922162956e-08,5.360935208616377e-08,5.278403246791753e-08
2012-06-25,9.733772391124055e-08,7.87748942006655e-08,7.852085005524091e-08
2012-06-26,1.184850583843904e-07,1.1476922648512294e-07,1.1381267316894086e-07
2012-06-27,1.3156287838866437e-08,2.4865689834538443e-08,2.5599638506388e-08
2012-06-28,3.282842578370308e-08,4.008513008317526e-08,3.9597131889561346e-08
2012-06-29,2.6269293341376125e-08,3.01300088625346e-08,3.0291075913668523e-08
2012-07-02,1.5669719985386522e-08,1.948246713271354e-08,1.978602838492822e-08
2012-07-03,3.480590242495851e-08,3.3700421276772756e-08,3.333290582930882e-08
2012-07-04,3.5639449187700436e-08,3.193466202533867e-08,3.185705829582017e-08
2012-07-05,4.809714650421373e-08,4.551535550491007e-08,4.452399216464439e-08
2012-07-06,6.802937658715889e-08,6.434900220285363e-08,6.270772693711139e-08
2012-07-09,2.3013482518644938e-08,2.1573829994928788e-08,2.008048629434039e-08
2012-07-10,2.3025622785358522e-08,2.00895263990274e-08,1.9048072481699474e-08
2012-07-11,5.714637204531822e-08,5.5227442208058864e-08,5.4431260513867026e-08
2012-07-12,1.9565613360567642e-08,1.4877322677933055e-08,1.39267084123264e-08
2012-07-13,3.7437218176147625e-08,3.0912365127963014e-08,2.989786326332285e-08
2012-07-16,2.512510858732655e-08,1.8353563368988926e-08,1.743815009608823e-08
2012-07-17,5.050062061052444e-08,5.8806314849325235e-08,5.968151565512901e-08
2012-07-18,2.454247164547937e-08,2.2867418047846042e-08,2.1433900573208887e-08
2012-07-19,6.564648610026385e-08,6.666357413855914e-08,6.561071728792187e-08
2012-07-20,1.7058082516346212e-07,1.6253952822736308e-07,1.589790205311539e-07
2012-07-23,3.529041554634293e-08,3.074567909968681e-08,3.0358933682508863e-08
2012-07-24,2.293988215141633e-08,2.4488371802598198e-08,2.258478922778079e-08
2012-07-25,4.1036159269812365e-08,3.4381341076904465e-08,3.578065109822262e-08
2012-07-26,2.0529598681623903e-08,1.7271435410838375e-08,1.6178655497838484e-08
2012-07-27,1.8588493250391763e-08,1.4030449230258002e-08,1.308772379926685e-08
2012-07-30,3.7195901207328396e-08,4.11032457657191e-08,4.1250233396471036e-08
2012-07-31,2.6259691302294084e-08,3.25330845902023e-08,3.299470955931717e-08
2012-08-01,4.515938178082051e-08,4.1732634508293794e-08,4.032073904996595e-08
2012-08-02,6.01554195820601e-08,5.435163170785925e-08,5.2746007963749204e-08
2012-08-03,2.2834270685513662e-08,1.6515088128685938e-08,1.5604042040813904e-08
2012-08-06,1.0948146223855833e-07,1.1728802948762577e-07,1.1749805104437019e-07
2012-08-07,2.041011395161519e-08,1.4407011084719645e-08,1.38223755721801e-08
2012-08-08,2.2780220368283143e-08,1.4255599952516579e-08,1.3701806282641675e-08
2012-08-09,3.5343829583070896e-08,2.955324975906212e-08,2.917574443228232e-08
2012-08-10,2.048892916776398e-08,1.1008141488653354e-08,1.0433073503835953e-08
2012-08-13,2.2318160809993493e-08,1.5431221933280805e-08,1.5418166630893756e-08
2012-08-14,2.4918286370150735e-08,1.4936122218610503e-08,1.4369340939229703e-08
2012-08-15,3.2571724319781374e-08,3.4501269798832996e-08,3.5375841855804844e-08
2012-08-16,7.011939673158061e-08,7.238873723367934e-08,7.158382901854253e-08
2012-08-17,1.888768808232421e-08,1.1521019367070251e-08,1.1049391275639638e-08
2012-08-20,2.477504963445482e-08,1.709082175430325e-08,1.6138212082914682e-08
2012-08-21,1.6732094059162552e-08,1.032597163161276e-08,9.887461469555797e-09
2012-08-22,3.414344778227241e-08,2.578754375159146e-08,2.42993923792052e-08
2012-08-23,3.0688119629639656e-08,3.032292370490862e-08,3.056121719940549e-08
2012-08-24,2.4039883408177492e-08,1.5125429221117662e-08,1.4323229085186339e-08
2012-08-27,1.6141772287329874e-08,8.109026137742513e-09,7.69366635845109e-09
2012-08-28,1.9900838898361352e-08,1.0456654564375953e-08,9.712256305795661e-09
2012-08-29,1.9160232106720545e-08,9.776688211060583e-09,9.198685414657238e-09
2012-08-30,2.6639854138135753e-08,1.73399862396144e-08,1.6963277573105126e-08
2012-08-31,2.7619367197468813e-08,2.5071375922613995e-08,2.5401380437288954e-08
2012-09-03,2.1409078408931706e-08,1.3633033468991096e-08,1.3058298026981999e-08
2012-09-04,2.7272089158092823e-08,1.847416798211714e-08,1.7725611147717144e-08
2012-09-05,3.3643417985604205e-08,2.7065236613603247e-08,2.6100310911140188e-08
2012-09-06,3.2518931465045806e-07,3.4638915130852827e-07,3.458843453901775e-07
2012-09-07,3.8242795839475333e-08,3.273261149567035e-08,3.2171081484382706e-08
2012-09-10,6.157779272590125e-08,6.101459093233467e-08,6.092236934370875e-08
2012-09-11,2.8945800690068186e-08,2.349183402273097e-08,2.2561061972021915e-08
2012-09-12,3.774325577430425e-08,3.341869059875471e-08,3.3473574477511954e-08
2012-09-13,1.8364544293441518e-08,1.577319091470574e-08,1.5861117564205685e-08
2012-09-14,9.772812679310676e-08,9.554976743427699e-08,9.298225890279814e-08
2012-09-17,1.840654164411282e-08,1.417982870972183e-08,1.3555948145028994e-08
2012-09-18,2.992658372602614e-08,2.5134092031129637e-08,2.4432163765339553e-08
2012-09-19,2.7299753214239865e-08,2.2379125016827065e-08,2.062591566642555e-08
2012-09-20,1.9463890739866662e-08,1.3828990018283106e-08,1.3065490815815438e-08
2012-09-21,4.382467799429722e-08,3.636054615338134e-08,3.545543943407725e-08
2012-09-24,8.665974233417996e-08,8.893930934713564e-08,8.89737742989361e-08
2012-09-25,1.1105687032114328e-07,1.2313748190257517e-07,1.2433588280059456e-07
2012-09-26,1.573407418171163e-08,1.3579515970519411e-08,1.362459443969012e-08
2012-09-27,1.8661224211614313e-08,1.7708101960945403e-08,1.7772236846269765e-08
2012-09-28,2.4723100586300382e-08,2.129816518925228e-08,2.1193097641024682e-08
2012-10-01,2.789972603779121e-08,2.3188699872701255e-08,2.32346628892648e-08
2012-10-02,8.449883740438513e-08,8.796694079072564e-08,8.932555243543639e-08
2012-10-03,2.1225925434905858e-08,1.6877992297281772e-08,1.663539571047219e-08
2012-10-04,4.601279042053911e-08,4.3060459646665756e-08,4.253088457735062e-08
2012-10-05,3.735000080802027e-08,3.4148789453363135e-08,3.437450740312634e-08
2012-10-08,2.9260799480189968e-08,2.6274379010920054e-08,2.60397239977218e-08
2012-10-09,1.8557247904811415e-08,1.4393449596642096e-08,1.4302493697911298e-08
2012-10-10,3.608293615826603e-08,3.3953136825156737e-08,3.364142044078096e-08
2012-10-11,3.792745897694893e-08,3.387074403855343e-08,3.3587781368305174e-08
2012-10-12,3.898902627278922e-08,3.778816921808565e-08,3.79191761129148e-08
2012-10-15,3.326779565061736e-08,3.448371481726534e-08,3.4424241405184806e-08
2012-10-16,7.188350206658828e-08,6.825021838031893e-08,6.71571673830258e-08
2012-10-17,1.6063160539075224e-07,1.5502721387373067e-07,1.5476620302934603e-07
2012-10-18,1.1904990153300822e-07,1.2930795459673977e-07,1.2868073369806852e-07
2012-10-19,1.806857485064279e-08,2.1582115021237678e-08,2.206119158193377e-08
2012-10-22,3.0994358493646614e-08,3.1684027175713596e-08,3.0113021609426147e-08
2012-10-23,2.1056060819653682e-08,1.8969973356820138e-08,1.832290201271822e-08
2012-10-24,2.2934771536306057e-08,2.0734703868189357e-08,1.934694380685081e-08
2012-10-25,3.3219196605771703e-08,2.8516217309482226e-08,2.7083801528284674e-08
2012-10-26,9.308796047983263e-08,1.0190265858835361e-07,1.0295795355993535e-07
2012-10-29,1.3206431150896722e-07,1.366803094918994e-07,1.339816694423486e-07
2012-10-30,8.374224414239048e-08,8.14002813732039e-08,8.200229817115742e-08
2012-10-31,1.806013413570449e-07,1.6765042941625996e-07,1.6045251240464796e-07
2012-11-01,5.056386278970825e-08,3.846702607326742e-08,3.7317348249360816e-08
2012-11-02,4.66029330527972e-08,5.278207290639883e-08,5.273421928428682e-08
2012-11-05,6.909591406848876e-08,7.090045799793389e-08,7.053858480525432e-08
2012-11-06,8.549884873766808e-08,8.888945337615511e-08,8.36856317406378e-08
2012-11-07,1.6836351799145747e-07,1.6102330597333323e-07,1.5167364955799032e-07
2012-11-08,6.102851057173499e-08,7.018803806680056e-08,7.362882559396492e-08
2012-11-09,2.1662470641165967e-08,2.9015330203551187e-08,2.8745380147788852e-08
2012-11-12,8.452586998040228e-08,8.539081474147811e-08,7.885268186295603e-08
2012-11-13,5.607978945861959e-08,5.58095341070139e-08,5.939023498231732e-08
2012-11-14,3.52304660483236e-08,3.649605892651673e-08,3.6159649187300026e-08
2012-11-15,2.1147807234244755e-08,2.522265873196945e-08,2.5818990265784018e-08
2012-11-16,1.1678407034853287e-06,1.1662053396217005e-06,1.1731496574660886e-06
2012-11-19,5.2251113638113e-08,7.145785532338571e-08,7.102420360488328e-08
2012-11-20,4.619500230152371e-08,4.7264250553687014e-08,4.881905829627868e-08
2012-11-21,2.138856760557118e-08,2.9733170244313667e-08,2.992543308383213e-08
2012-11-22,4.025889300482489e-08,4.3847823970643936e-08,4.548898899378822e-08
2012-11-23,1.965024658437829e-08,2.0138668516397864e-08,2.058405955275242e-08
2012-11-26,2.2673896211345837e-07,2.3074742384368496e-07,2.2900510069536807e-07
2012-11-27,1.954131980370444e-08,2.2562471603993054e-08,2.4787124653715635e-08
2012-11-28,2.0333916951734387e-07,1.9963907732994455e-07,1.9688115969353482e-07
2012-11-29,1.8847279395401673e-08,2.509405873974711e-08,2.6344879583931848e-08
2012-11-30,2.702801592322727e-07,2.563432291119324e-07,2.503857342490561e-07
2012-12-03,1.8521750402935587e-07,1.5744229575567181e-07,1.5110088966173895e-07
2012-12-04,2.500379533023445e-08,2.700864833942364e-08,2.509511728197012e-08
2012-12-05,1.2519800225618074e-07,9.488881972343708e-08,9.23196958040676e-08
2012-12-06,4.823405456623648e-08,6.063540476001372e-08,6.342994485507087e-08
2012-12-07,4.174397290993903e-08,3.045515624086573e-08,2.858499633607022e-08
2012-12-10,2.1387932272097414e-08,2.773953968664178e-08,2.966831790972077e-08
2012-12-11,7.183433784563673e-08,6.881286359807588e-08,6.874067968168892e-08
2012-12-12,1.6000727317590452e-08,1.979356657414458e-08,2.0741198631534065e-08
2012-12-13,5.176218792623725e-08,4.615820627587892e-08,4.4172332567983396e-08
2012-12-14,2.2582228778863954e-08,2.2904973107548895e-08,2.3028013605855146e-08
2012-12-17,2.2605781868647908e-08,2.1064217263948664e-08,2.1685596785571605e-08
2012-12-18,1.3562459875513066e-07,1.2522613522398047e-07,1.221462572757473e-07
2012-12-19,5.6866652340424974e-08,3.949518012803396e-08,3.77130357468068e-08
2012-12-20,3.72493504387905e-08,3.523697043736012e-08,3.3499928964859114e-08
2012-12-21,9.052291874759537e-08,9.374913124766215e-08,9.445821174174831e-08
2012-12-24,1.355940942942566e-07,1.2855679430308842e-07,1.282619971892364e-07
2012-12-25,2.3436238516364667e-08,2.577671997880826e-08,2.6001050543013448e-08
2012-12-26,5.596334629236358e-07,5.463744466951792e-07,5.409816751547074e-07
2012-12-27,1.5859958651391631e-07,1.4428343962390475e-07,1.3659764350768107e-07
2012-12-28,1.9190519410483563e-08,2.820858717402585e-08,3.068547984318096e-08
2012-12-31,7.049766254456264e-08,6.358660462742077e-08,6.074005471254591e-08
2013-01-01,1.7067136034773385e-07,1.5784273858759038e-07,1.4995926121457223e-07
2013-01-02,1.9884738427590892e-08,2.8364231953723016e-08,3.166339289792256e-08
2013-01-03,3.602164183742229e-08,3.455546823253436e-08,3.3488144281987374e-08
2013-01-04,3.728426257929429e-08,4.021157232774017e-08,4.246420476706198e-08
2013-01-07,2.408598988478191e-08,2.4708652451314227e-08,2.6204241837356038e-08
2013-01-08,2.0376399403083737e-08,2.0317011900608532e-08,2.1591130882482467e-08
2013-01-09,1.7532590542554213e-08,1.4193572217964259e-08,1.4055914305827576e-08
2013-01-10,2.0909436493511988e-07,2.1326027091144336e-07,2.1225507720176415e-07
2013-01-11,1.8334081344443006e-08,1.773252905513909e-08,1.8476641742761225e-08
2013-01-14,7.000419929328412e-08,7.219448880973199e-08,7.20364296164201e-08
2013-01-15,5.64493379633877e-08,5.908405217424299e-08,5.842500340908323e-08
2013-01-16,3.2387209387265887e-08,3.063268156228943e-08,2.986965165450673e-08
2013-01-17,5.0397149804865466e-08,4.604627390589401e-08,4.505528303103533e-08
2013-01-18,1.672119352188373e-08,1.2721611038919625e-08,1.2592706859218004e-08
2013-01-21,1.629329763706761e-07,1.6729240268895165e-07,1.6333405198793248e-07
2013-01-22,5.2437987884033056e-08,5.022511509410624e-08,4.825909678711676e-08
2013-01-23,5.5595885310094127e-08,5.3730988755084724e-08,5.102949330320131e-08
2013-01-24,9.656741137761981e-08,9.183717603939567e-08,9.216922086483599e-08
2013-01-25,2.892067698313502e-08,2.8785269682342987e-08,2.6298573382416975e-08
2013-01-28,1.786771861566808e-08,1.5149309079682283e-08,1.4338702459857383e-08
2013-01-29,1.6215700602014322e-08,1.3051151529504691e-08,1.2307520005983157e-08
2013-01-30,4.0845157576975206e-08,3.733949883250888e-08,3.61674255106921e-08
2013-01-31,1.3011665298510692e-07,1.299640891522781e-07,1.2341383515930022e-07
2013-02-01,1.7787634073838389e-07,1.789452591265782e-07,1.7069891191488535e-07
2013-02-04,1.459697949518283e-07,1.433221458317181e-07,1.3850938336633042e-07
2013-02-05,2.0929874782799e-08,2.3581315997791368e-08,2.3175045668169862e-08
2013-02-06,7.012788972366011e-08,6.715462106273799e-08,6.400970078087926e-08
2013-02-07,7.578225401340029e-08,7.68769950048359e-08,7.605580866336436e-08
2013-02-08,7.718008106411568e-08,7.562588343492761e-08,7.461696224693117e-08
2013-02-11,1.9149509434130903e-08,1.85541106033895e-08,1.5609015635556034e-08
2013-02-12,6.206311421698657e-08,6.504123888302275e-08,6.785568557199078e-08
2013-02-13,4.5235671023622055e-08,4.2609208255817616e-08,4.001661133280175e-08
2013-02-14,4.329373358678472e-08,4.280559949416036e-08,4.327691884620275e-08
2013-02-15,9.533966407987133e-08,9.658869575111664e-08,9.479565545346533e-08
2013-02-18,7.456923083302733e-08,7.072118769049246e-08,6.814315676494499e-08
2013-02-19,3.098688177983778e-07,3.0769629504498734e-07,3.0837711010052027e-07
2013-02-20,7.600616278401408e-08,7.84678623888615e-08,7.765316017102944e-08
2013-02-21,7.619736732525317e-08,7.142032819690461e-08,6.644306606465971e-08
2013-02-22,1.3599649409912415e-07,1.326242856280343e-07,1.3040337792045898e-07
2013-02-25,9.881828383132217e-08,9.857507999012115e-08,1.01892530748977e-07
2013-02-26,3.993899152828762e-08,3.995311697176259e-08,4.102710074723686e-08
2013-02-27,4.7779756299406185e-08,4.3160734761422414e-08,4.1962384117660346e-08
2013-02-28,1.501673372731517e-08,1.54461920936573e-08,1.6424608967502288e-08
2013-03-01,3.8888489395411514e-08,3.4818858108154365e-08,3.3196023283950655e-08
2013-03-04,1.3534499685231706e-06,1.336071122711784e-06,1.3186014842882557e-06
2013-03-05,2.2126563237093402e-08,3.139229668788598e-08,3.5771774703818865e-08
2013-03-06,1.578874434546351e-07,1.3758940182816547e-07,1.234933208328005e-07
2013-03-07,2.3377943193509995e-08,3.2637737245009226e-08,3.667614658109508e-08
2013-03-08,8.789856404901758e-08,8.095674599958292e-08,7.780532110478933e-08
2013-03-11,2.5574860827924517e-08,3.1456289002224054e-08,3.5548811693599585e-08
2013-03-12,1.7626344681658108e-08,1.6673860105503498e-08,1.5272031593576105e-08
2013-03-13,1.7212003409028865e-08,1.895904432922023e-08,2.1958250895286635e-08
2013-03-14,2.5206378856542542e-08,2.3902117529014807e-08,2.62278716196833e-08
2013-03-15,3.8233243551428855e-08,3.453393044120801e-08,3.489086504998868e-08
2013-03-18,2.1166624971627887e-07,2.0923706092467145e-07,2.037054472036063e-07
2013-03-19,2.4869275799492132e-08,2.871086098566494e-08,3.072848246128491e-08
2013-03-20,4.395804216506902e-08,4.445337870763536e-08,4.578353687880647e-08
2013-03-21,1.7553652193454723e-07,1.695369375433879e-07,1.63149821881971e-07
2013-03-22,6.798180237711614e-08,6.637289024136591e-08,6.25809706564212e-08
2013-03-25,1.480473116451917e-08,1.667807626404326e-08,1.7650071736130816e-08
2013-03-26,1.7633766927865853e-08,1.887940051927498e-08,2.0763050641208274e-08
2013-03-27,1.7745981598810047e-08,1.741846312600212e-08,1.8057962547625577e-08
2013-03-28,1.1802179585777648e-07,1.1110367230070019e-07,1.0743197802643899e-07
2013-03-29,2.0868458994143845e-08,1.8987804331599586e-08,1.9761940370385044e-08
2013-04-01,2.769161481153373e-08,2.4899202188913472e-08,2.4854108243613012e-08
2013-04-02,1.4867062444435292e-08,1.2752085058641702e-08,1.3892441698976554e-08
2013-04-03,8.766737574977533e-07,8.749892160455389e-07,8.648723133267852e-07
2013-04-04,2.1153123667477567e-08,2.7348028265423098e-08,2.9347097176475985e-08
2013-04-05,2.8571257895293375e-08,2.99519459111215e-08,3.3091096835099774e-08
2013-04-08,4.3986350669237595e-08,4.166501377642307e-08,4.1477599333941506e-08
2013-04-09,1.588947717326955e-07,1.5095013586026723e-07,1.4466453131998652e-07
2013-04-10,3.1918170648247047e-07,3.00108346088093e-07,2.8392351446116143e-07
2013-04-11,8.009241659534273e-08,6.812633259903152e-08,6.622211356007704e-08
2013-04-12,9.220185977904352e-08,8.88712243369823e-08,8.509338506083414e-08
2013-04-15,2.9091746888067327e-07,2.541790451167172e-07,2.469249714679339e-07
2013-04-16,2.3692383642438225e-08,3.729467574777508e-08,4.403815401355439e-08
2013-04-17,2.784983389897008e-08,3.458248644664372e-08,3.967863142019111e-08
2013-04-18,2.28259483624467e-08,2.8306027244778192e-08,3.176779802879745e-08
2013-04-19,3.5641698005552545e-08,3.915754982401553e-08,4.013312955422316e-08
2013-04-22,2.9459628962146142e-08,3.336720058075884e-08,3.412945893184312e-08
2013-04-23,5.409689048288811e-08,5.567902197017979e-08,5.735676051185857e-08
2013-04-24,1.6090367083880943e-08,1.679084533624733e-08,1.7787682667350728e-08
2013-04-25,2.4235637837753605e-08,2.2843727581169298e-08,2.3664434578583555e-08
2013-04-26,2.7919784940434928e-08,2.595047196008217e-08,2.579024830777502e-08
2013-04-29,2.5316571151302895e-08,2.2499466965720893e-08,2.2581779125878842e-08
2013-04-30,9.587733468128451e-08,1.0056109959978002e-07,1.0050319428442546e-07
2013-05-01,1.2208782225862171e-08,9.878208377626688e-09,9.608707697704509e-09
2013-05-02,1.8929955478322116e-08,1.5347795818301676e-08,1.553747476461684e-08
2013-05-03,5.968314474193597e-08,6.435383739091423e-08,6.44591851239183e-08
2013-05-06,2.335267346599705e-08,2.1033803178720023e-08,2.0975131215930966e-08
2013-05-07,3.039987553642612e-08,2.8035832813173066e-08,2.7193932189003213e-08
2013-05-08,6.00320439726976e-08,6.019131241223236e-08,5.980648580249816e-08
2013-05-09,1.8019888560075287e-08,1.457612926731025e-08,1.3859460672685163e-08
2013-05-10,5.518183819047746e-08,5.8123356950533344e-08,5.6500624319368615e-08
2013-05-13,1.5086549183240384e-08,1.2182912459427862e-08,1.1995677705825484e-08
2013-05-14,7.432948417438645e-08,7.858012889550138e-08,7.875889482305839e-08
2013-05-15,5.7519592415001024e-08,5.4547065527198e-08,5.220134517573965e-08
2013-05-16,5.102974911453228e-07,5.149022982347835e-07,5.161131339527762e-07
2013-05-17,9.354954764086096e-08,1.0266789135353168e-07,1.0239410336037219e-07
2013-05-20,1.6150236357447747e-07,1.6165507504842861e-07,1.580190633415156e-07
2013-05-21,2.502725620515564e-08,2.6968137860521958e-08,2.86584884260622e-08
2013-05-22,2.8939013093934603e-08,3.008024260859599e-08,2.983877451160394e-08
2013-05-23,2.3029971769864777e-08,2.2308462626021397e-08,2.1949357279839587e-08
2013-05-24,4.1854766258663465e-08,4.514196079643063e-08,4.690541124813307e-08
2013-05-27,6.644555517572647e-08,6.393032546959564e-08,6.025471734000957e-08
2013-05-28,3.9899532953346113e-08,3.998402491207442e-08,4.1365453882539446e-08
2013-05-29,2.0414634086016646e-08,2.110395837217267e-08,2.2381607466140368e-08
2013-05-30,1.5357944840353966e-08,1.4970403896925597e-08,1.54900518003571e-08
2013-05-31,1.6335735866871817e-07,1.612046618764445e-07,1.6265163606521097e-07
2013-06-03,1.590424084893761e-08,1.5637843431089845e-08,1.6389086876866255e-08
2013-06-04,7.462225454793872e-08,7.461754216387372e-08,7.416002512229809e-08
2013-06-05,3.041065337389034e-08,3.036665585758726e-08,2.973936878734126e-08
2013-06-06,8.637046248818823e-08,8.671860347477826e-08,8.752730939998357e-08
2013-06-07,1.8423596985488815e-07,1.7727571461346269e-07,1.7568143592028344e-07
2013-06-10,1.8854451492455753e-08,1.9886235861672074e-08,2.090993474162453e-08
2013-06-11,2.4298771595212833e-08,2.5842884490730716e-08,2.6479601280184908e-08
2013-06-12,3.245927075233553e-08,3.120831077841961e-08,3.158960650604631e-08
2013-06-13,6.963457106828295e-07,6.956602416660565e-07,6.911678427207234e-07
2013-06-14,1.866662276666619e-08,2.2656380522451834e-08,2.513460188805988e-08
2013-06-17,1.1527322205475019e-07,1.1837639326204354e-07,1.2008898555861464e-07
2013-06-18,3.143589324261405e-08,3.5141117440973404e-08,3.554913203244967e-08
2013-06-19,2.7105977814759156e-07,2.667185596780113e-07,2.601917169363569e-07
2013-06-20,3.9669135772363515e-08,4.0806567762178226e-08,3.8290374721672945e-08
2013-06-21,1.0106603841852323e-07,9.905027035426128e-08,9.582280128457429e-08
2013-06-24,1.9821712614982324e-08,2.128540014735735e-08,2.1527904977482564e-08
2013-06-25,4.792996901910271e-08,4.963324872649014e-08,4.9976003536752286e-08
2013-06-26,7.308466899110719e-08,7.528125978224073e-08,7.451659064964754e-08
2013-06-27,1.974004953864308e-08,2.0842764335129735e-08,1.967982535839427e-08
2013-06-28,3.165339459803926e-08,2.6936856402805633e-08,2.8316687523783285e-08
2013-07-01,4.2608265420526436e-08,4.246141679876398e-08,4.017625636132323e-08
2013-07-02,2.1481182404655936e-08,1.9952702728922267e-08,2.0950525150886556e-08
2013-07-03,2.152595862373236e-08,2.3911088621288022e-08,2.3419666090249574e-08
2013-07-04,2.9984490013795324e-08,2.994146394195231e-08,2.893269605267013e-08
2013-07-05,2.611910534596972e-08,2.5888975775744398e-08,2.698437990811427e-08
2013-07-08,4.280012021788259e-08,4.160921328615897e-08,3.924924012085895e-08
2013-07-09,2.511296508990818e-08,2.4699056769535074e-08,2.3336729597084055e-08
2013-07-10,2.8264878240110596e-08,2.838206637675561e-08,2.738500377320603e-08
2013-07-11,7.370104865319513e-08,7.279714690105662e-08,7.059634331815122e-08
2013-07-12,4.034795495190198e-08,4.0607118601410974e-08,3.868654057736435e-08
2013-07-15,4.210039979322239e-08,4.208388080780034e-08,3.957995317558813e-08
2013-07-16,1.6871953111638485e-08,1.696800859401269e-08,1.7613354007999264e-08
2013-07-17,1.950648858720503e-08,1.9564415840138995e-08,2.039198701306682e-08
2013-07-18,2.013260203066951e-08,1.776416054454889e-08,1.6787004604673675e-08
2013-07-19,2.571774151749866e-08,2.3283300645051374e-08,2.2224390230463325e-08
2013-07-22,1.578763625408911e-08,1.2776871079323098e-08,1.236757979817441e-08
2013-07-23,2.426911644898353e-08,2.0895264369165428e-08,2.0755594271355214e-08
2013-07-24,2.886039621197074e-08,2.5094140783386638e-08,2.3838116784275977e-08
2013-07-25,2.3942786204257577e-08,2.051216093084764e-08,1.9366856418688413e-08
2013-07-26,1.7584927634450294e-08,1.9285665995629417e-08,1.9355152806428152e-08
2013-07-29,2.20028252591529e-08,1.9175746480711094e-08,1.8939076042783948e-08
2013-07-30,2.5703167356502147e-08,2.1648228303909472e-08,2.0914679082700455e-08
2013-07-31,3.209035791022385e-08,2.7767481935085534e-08,2.7349629912904378e-08
2013-08-01,2.579210306107264e-08,2.1762216703946348e-08,2.0646392149760637e-08
2013-08-02,3.7044214634615195e-08,3.1068965921499416e-08,3.0602536733430275e-08
2013-08-05,3.8589985157976226e-08,3.8509420460893906e-08,3.735971711375687e-08
2013-08-06,1.4331052377863177e-08,8.44951057099474e-09,8.06447599085422e-09
2013-08-07,4.513880640811852e-08,4.487163270664858e-08,4.5661703852654146e-08
2013-08-08,3.593504188255514e-08,3.24131061360685e-08,3.245905454960597e-08
2013-08-09,3.2861823562214644e-08,3.106776562971797e-08,3.139863502372408e-08
2013-08-12,1.9354596863109686e-08,1.4881721175618576e-08,1.4463088957861734e-08
2013-08-13,2.080216117999232e-08,1.4527137107445367e-08,1.3725752109766e-08
2013-08-14,1.4852304277504419e-08,8.544642952522773e-09,8.059696176096702e-09
2013-08-15,1.790279031841086e-08,1.1169536171465291e-08,1.0708733867999236e-08
2013-08-16,5.504626825176208e-08,4.8285446169612976e-08,4.722488737012084e-08
2013-08-19,3.0354554456740097e-08,3.130656885031497e-08,3.132387180414288e-08
2013-08-20,3.896121472300563e-08,3.163310451786971e-08,3.0209878627532e-08
2013-08-21,1.892086293072297e-08,1.78657498941698e-08,1.7866530834107386e-08
2013-08-22,4.47493078437702e-08,4.725103108934803e-08,4.715338240297133e-08
2013-08-23,2.395843206173373e-08,1.837319542533442e-08,1.702724979075925e-08
2013-08-26,4.008237592134998e-08,3.4763236967110185e-08,3.4109307701491134e-08
2013-08-27,5.355397670888776e-08,5.177151051996087e-08,5.17510159132942e-08
2013-08-28,2.3079503587512957e-08,1.893034793638559e-08,1.7576115182743462e-08
2013-08-29,5.326920507200831e-08,4.971895320327906e-08,4.908779119913495e-08
2013-08-30,4.228323597470919e-08,3.939308836563742e-08,3.783347540116934e-08
2013-09-02,2.4794316840428448e-08,1.9650174928095893e-08,1.7800276717787355e-08
2013-09-03,2.8442798733510277e-08,2.4146790587867924e-08,2.2711127063930574e-08
2013-09-04,5.083040329368708e-08,4.975021072983131e-08,4.932033941499835e-08
2013-09-05,1.5383663019619984e-07,1.5073729004806203e-07,1.501287743999539e-07
2013-09-06,2.0404291700512595e-08,1.6605210891609978e-08,1.5482128885387317e-08
2013-09-09,2.9184879073048125e-08,2.5570811440422845e-08,2.5680508561821068e-08
2013-09-10,8.049489743151308e-08,8.048407113409659e-08,8.196299033630212e-08
2013-09-11,4.09477884124384e-08,3.563059281978117e-08,3.40609767130199e-08
2013-09-12,1.9670219314865563e-07,2.0538474728641034e-07,2.0602830233279698e-07
2013-09-13,4.5827610110609727e-07,4.509473444060921e-07,4.4137709798323934e-07
2013-09-16,6.554288249828293e-07,5.846661045575704e-07,5.586585413436425e-07
2013-09-17,1.81200312886187e-08,3.7642497177851194e-08,4.272578827231476e-08
2013-09-18,7.99649855282249e-08,8.151989769988222e-08,8.51647795070964e-08
2013-09-19,2.7444690057732825e-08,3.461451075126624e-08,3.5862903249086986e-08
2013-09-20,2.351192754625684e-08,3.034739646519426e-08,3.101020129362885e-08
2013-09-23,1.1517450869497163e-07,1.0070732407619664e-07,9.549053158479783e-08
2013-09-24,9.141195947097043e-08,8.566708009045357e-08,7.927571667549562e-08
2013-09-25,3.729378006722913e-08,4.653507852877443e-08,4.8812053788124943e-08
2013-09-26,3.991096522791401e-08,4.558536114318233e-08,4.591590496900477e-08
2013-09-27,2.8146653823291235e-08,2.418067960640404e-08,2.243688085962473e-08
2013-09-30,2.9096308135313768e-08,2.8228791837520857e-08,2.664544800270745e-08
2013-10-01,2.936115800333707e-07,2.946334391528443e-07,2.996460701628286e-07
2013-10-02,1.1711777944336012e-07,1.0281005669903526e-07,9.73343674512713e-08
2013-10-03,8.548303375890148e-08,8.976035642090364e-08,8.42583521039947e-08
2013-10-04,2.9895589526853265e-08,3.771291621036229e-08,3.7623027439224016e-08
2013-10-07,7.788697744502421e-07,7.326829284494979e-07,7.25971082462124e-07
2013-10-08,2.2851292746085004e-08,4.619407581378468e-08,4.91576670801631e-08
2013-10-09,4.412010777613901e-08,4.3608087502496645e-08,4.340897404674344e-08
2013-10-10,3.506318919278766e-08,4.549387772852904e-08,4.794150249111895e-08
2013-10-11,1.4299188059716138e-07,1.2256906054182649e-07,1.1718220673576158e-07
2013-10-14,4.466978849882755e-08,5.248206636208198e-08,5.444080391050493e-08
2013-10-15,8.453483644528603e-07,7.858180408889069e-07,7.690061122093747e-07
2013-10-16,1.2010587152077752e-07,1.0209764150045323e-07,1.0220010264758544e-07
2013-10-17,5.261971323708601e-08,3.788223230624863e-08,3.390653820102011e-08
2013-10-18,6.270606615720353e-08,4.755190338713369e-08,4.67830622569375e-08
2013-10-21,6.778293022048174e-08,7.884054828361789e-08,8.196650871400068e-08
2013-10-22,2.6407010549826542e-08,3.898742948518828e-08,4.18587297327475e-08
2013-10-23,1.691561018073282e-07,1.6541246786195388e-07,1.6395085025918014e-07
2013-10-24,1.7463490707154102e-07,1.7370891093687485e-07,1.793107182380009e-07
2013-10-25,6.991609468196635e-07,6.601372933599684e-07,6.54397395627748e-07
2013-10-28,3.6625446309825655e-08,4.690628916517784e-08,4.673216840955524e-08
2013-10-29,4.3249549900824925e-08,5.993755956716627e-08,6.28648975180141e-08
2013-10-30,3.675952251354311e-08,5.022762201456485e-08,5.1842836705755935e-08
2013-10-31,1.7829267447044335e-08,2.8007221460792304e-08,2.911494499919713e-08
2013-11-01,1.4726475450591096e-07,1.3595043157024545e-07,1.3308710039609505e-07
2013-11-04,5.571685439743398e-08,6.004357980011285e-08,6.08629624072884e-08
2013-11-05,1.3047971002890041e-08,2.1087150112194825e-08,2.1747820756532582e-08
2013-11-06,5.5173178007755054e-08,5.8469723161571026e-08,5.7564586386637486e-08
2013-11-07,1.773293850925138e-08,2.265752353884215e-08,2.249425571835446e-08
2013-11-08,7.450780505913637e-08,7.692406332861916e-08,7.5664583195176e-08
2013-11-11,5.940984696782109e-08,6.161399646959077e-08,6.13194758032409e-08
2013-11-12,4.643854985288915e-08,5.225985301161062e-08,5.2903298621298054e-08
2013-11-13,2.3343114563651367e-08,2.3232223753964574e-08,2.2657032534705598e-08
2013-11-14,4.1207392229253576e-08,4.249892400305048e-08,4.296581539628e-08
2013-11-15,2.391459933080935e-08,2.401222158469187e-08,2.3522617237815553e-08
2013-11-18,1.258076042665902e-07,1.2976329289827208e-07,1.280810243821911e-07
2013-11-19,2.7773104967749926e-08,2.7509806262634325e-08,2.6968019424286856e-08
2013-11-20,3.0788500268124784e-08,3.200747135250414e-08,3.14555659841978e-08
2013-11-21,2.5913309553804e-08,2.6612659387562236e-08,2.567655471238852e-08
2013-11-22,1.303942826454603e-07,1.2856252096116012e-07,1.2870113790878234e-07
2013-11-25,1.680476271357168e-08,1.630073321433313e-08,1.623142468799869e-08
2013-11-26,4.6875839624759293e-08,4.3411691322905036e-08,4.2092589075444884e-08
2013-11-27,4.394657844187692e-08,4.5812648639201954e-08,4.5985144239103985e-08
2013-11-28,1.9661964484716513e-08,2.0032811877037098e-08,1.9323567207265285e-08
2013-11-29,6.419628344169227e-08,6.325900324961727e-08,6.053372863159653e-08
2013-12-02,4.301150146773149e-08,3.926222039183227e-08,3.882240752820475e-08
2013-12-03,1.7526087039284434e-08,1.6288442972146988e-08,1.6515630691428854e-08
2013-12-04,1.593907893775662e-07,1.6083203232447644e-07,1.5773761500617568e-07
2013-12-05,6.969840871670527e-08,7.086970468048468e-08,6.9727586605652e-08
2013-12-06,4.497655595530671e-08,4.603054155854929e-08,4.745063718804133e-08
2013-12-09,8.592977386603862e-08,8.490141418054937e-08,8.486121228423597e-08
2013-12-10,2.7476835246979626e-07,2.732148351633384e-07,2.7664790708882343e-07
2013-12-11,2.156041766864984e-07,2.059292653217899e-07,2.010784030288521e-07
2013-12-12,7.43138678945939e-08,8.25411988660313e-08,8.377091190770667e-08
2013-12-13,1.818093657833584e-07,1.6558654880345433e-07,1.5954122809273787e-07
2013-12-16,4.0352189919271034e-08,4.102892849666027e-08,4.0067701663801965e-08
2013-12-17,3.024547168518187e-08,4.0079338184422306e-08,4.049535859568051e-08
2013-12-18,4.157595483031584e-07,3.809525499010105e-07,3.751738488026656e-07
2013-12-19,1.0137341888621936e-06,9.150506553192396e-07,9.012125546265702e-07
2013-12-20,6.153227513994753e-07,5.138442820124648e-07,4.933601554532091e-07
2013-12-23,9.080101488772574e-08,7.461767793752716e-08,7.089983135809524e-08
2013-12-24,2.529351234313119e-06,2.2110420739138733e-06,2.1350328947805984e-06
2013-12-25,1.2658727867739914e-07,8.101920099973178e-08,8.237005241923203e-08
2013-12-26,9.2679685684931e-08,1.7672940324374548e-07,2.0595412163193402e-07
2013-12-27,8.423168337298194e-08,1.064844703494666e-07,1.100728083337547e-07
2013-12-30,9.66647476026851e-08,1.1151325446532396e-07,1.216511024437836e-07
2013-12-31,3.4273172936847835e-08,7.84792406501589e-08,9.294242120379527e-08
2014-01-01,1.8022209334758757e-07,2.089429645599969e-07,2.1879486328743335e-07
2014-01-02,2.5781773980014065e-08,5.3545301465723306e-08,5.977858149003319e-08
2014-01-03,3.9180294838179764e-08,4.1917275183159806e-08,4.287536679345951e-08
2014-01-06,4.3472417916077175e-08,4.863201206631957e-08,4.975541982037477e-08
2014-01-07,5.356004597885493e-07,4.877471671098379e-07,4.786498723568181e-07
2014-01-08,1.1028242240892235e-07,1.1325854671291708e-07,1.110883060076321e-07
2014-01-09,1.1492454593192703e-07,9.117731170210627e-08,8.292903172792347e-08
2014-01-10,4.6502443482372896e-08,6.044248535734162e-08,6.418464023157783e-08
2014-01-13,1.8817325761880686e-07,1.860169427818621e-07,1.831812317064018e-07
2014-01-14,6.203046736471199e-08,6.504213500321599e-08,6.440812033456016e-08
2014-01-15,6.083680025404404e-07,5.396914298802217e-07,5.182529630376087e-07
2014-01-16,1.7088024703114104e-07,1.470647019509013e-07,1.442232879079032e-07
2014-01-17,5.869236650587428e-08,7.299045118566826e-08,7.958113196356413e-08
2014-01-20,1.0039101871786478e-07,6.525053653301922e-08,6.014672227775032e-08
2014-01-21,3.6937273593733947e-07,3.220128653866401e-07,3.114462398708031e-07
2014-01-22,3.861914955846994e-07,3.2442236955833834e-07,3.055376967811524e-07
2014-01-23,6.29116636016031e-08,6.149268714518516e-08,6.236715113346379e-08
2014-01-24,3.597346683232488e-08,5.919577306461571e-08,6.852090018277314e-08
2014-01-27,8.16888391460351e-08,8.122291711917248e-08,8.571917450228466e-08
2014-01-28,4.23029404524538e-07,3.545069432971967e-07,3.364423147117562e-07
2014-01-29,5.1761300203281494e-08,7.434127892975585e-08,8.46329990402062e-08
2014-01-30,1.1591187909265908e-06,1.0209181136222725e-06,9.948552939409993e-07
2014-01-31,6.985990489900905e-08,8.635904838660385e-08,9.490097037412497e-08
2014-02-03,1.6969905312256738e-06,1.4081290570065795e-06,1.3494708963095897e-06
2014-02-04,3.2837230470104964e-07,3.033520697906769e-07,3.080336673476613e-07
2014-02-05,3.630033714229258e-07,2.756800923992672e-07,2.599334677133626e-07
2014-02-06,8.131792071573695e-07,6.660594777245451e-07,6.571443028475126e-07
2014-02-07,9.472558248684388e-08,1.1204773862259885e-07,1.188655984982739e-07
2014-02-10,8.422573824570575e-08,1.665557390652541e-07,1.8406147537959768e-07
2014-02-11,2.4089838576701376e-07,2.876132128061774e-07,2.9642270884752024e-07
2014-02-12,2.440667001787631e-07,1.9357853408012264e-07,1.8791176216953092e-07
2014-02-13,1.5741747060748893e-07,1.786787025879121e-07,1.81759172168274e-07
2014-02-14,1.3508261096740486e-07,1.4848113424337546e-07,1.5658980149767166e-07
2014-02-17,6.579879930858496e-08,1.1055856007202391e-07,1.1758575487254868e-07
2014-02-18,1.0796894581218545e-07,9.518250867041586e-08,9.540794648890386e-08
2014-02-19,3.8483418306196874e-08,4.7557629307684016e-08,5.087782821452732e-08
2014-02-20,7.837881466913205e-08,1.0718528337602179e-07,1.127104825698609e-07
2014-02-21,1.8503659809337147e-08,3.827000283608899e-08,4.018018702459865e-08
2014-02-24,3.363990269864695e-08,4.6432696823443965e-08,4.771078657980588e-08
2014-02-25,1.9535304444849785e-07,1.6783439007652242e-07,1.6507890731159515e-07
2014-02-26,6.145569852830273e-08,7.182561675506745e-08,7.45555076873342e-08
2014-02-27,5.358223184064666e-08,6.505789441854889e-08,6.659679835707257e-08
2014-02-28,3.0286701085109744e-08,3.4234245208280646e-08,3.4626759651728255e-08
2014-03-03,2.5177930217116954e-08,2.195504671489177e-08,2.163372013846976e-08
2014-03-04,3.9930679474192353e-07,4.01061202395516e-07,4.01027925207822e-07
2014-03-05,3.5583127424125926e-08,4.138803265254869e-08,4.210010252801369e-08
2014-03-06,5.697304575765902e-07,4.968959226191354e-07,4.862568888516284e-07
2014-03-07,2.6522325984695262e-08,5.767158429093418e-08,6.219215812963585e-08
2014-03-10,4.1283312397370995e-08,5.508817495956299e-08,5.733782174854592e-08
2014-03-11,2.9431029807666952e-08,2.3423394502130052e-08,2.3453051995591414e-08
2014-03-12,5.545775623006296e-08,4.876691843803732e-08,4.624825388839311e-08
2014-03-13,5.892205331799778e-08,7.160895672243862e-08,7.287450904608507e-08
2014-03-14,7.97605202870352e-08,8.336441379192004e-08,8.27827004140286e-08
2014-03-17,3.461732216484534e-08,2.986196609758249e-08,3.045159510920134e-08
2014-03-18,3.1363911614112423e-07,2.984296191398439e-07,2.9648197167022675e-07
2014-03-19,4.549390242950953e-08,4.0090976435404565e-08,3.810618739300941e-08
2014-03-20,1.8626276343390898e-06,1.7601788157132206e-06,1.7417290070313513e-06
2014-03-21,6.902139290648686e-07,5.018480186373232e-07,4.892827574378441e-07
2014-03-24,4.7433238370633e-07,3.1746931891785693e-07,2.9416834068135013e-07
2014-03-25,1.8117495082911072e-07,9.974754551249778e-08,9.225801133498286e-08
2014-03-26,7.702709206813907e-08,1.2994164563448723e-07,1.3741197361822886e-07
2014-03-27,3.2176295905434964e-08,1.213508804144281e-07,1.350243090321795e-07
2014-03-28,5.174497134304427e-08,1.0862950792557148e-07,1.2070858734978896e-07
2014-03-31,7.857848988611967e-08,1.1123310763873311e-07,1.1512976835202405e-07
2014-04-01,3.580024638436632e-08,5.3740916597389465e-08,5.6164146337950905e-08
2014-04-02,3.5583102613007354e-08,3.9515759832744184e-08,4.4015417841972036e-08
2014-04-03,2.7492001132972542e-08,3.6421435734837314e-08,3.748652482135001e-08
2014-04-04,7.630030190857985e-07,6.952565492323216e-07,6.781758304578507e-07
2014-04-07,3.760612987630056e-08,6.774597173804498e-08,6.978720112140852e-08
2014-04-08,4.564634488556483e-08,5.036105827320335e-08,4.721342077512325e-08
2014-04-09,4.194852666043398e-08,6.110725819499258e-08,6.654157450029143e-08
2014-04-10,3.2315219290207817e-08,4.3599432903443235e-08,4.615463840974424e-08
2014-04-11,5.471201552568696e-08,6.09146972494762e-08,6.001851312387376e-08
2014-04-14,6.524399292288828e-08,6.929946257830695e-08,7.247478951024903e-08
2014-04-15,1.7129322472653331e-07,1.6754661830224894e-07,1.6571186362039375e-07
2014-04-16,6.714967412873527e-07,6.263667334049431e-07,6.120172308580674e-07
2014-04-17,3.8304350431966675e-08,4.514315286885429e-08,4.8579926989999594e-08
2014-04-18,4.1476898717786025e-08,6.118774336865105e-08,6.327079071794591e-08
2014-04-21,4.36157116769294e-08,5.408394438125589e-08,5.592849190656601e-08
2014-04-22,1.0316535128831158e-07,1.0722264292312167e-07,1.0564322725118929e-07
2014-04-23,2.6977353866035768e-08,2.6907362117301328e-08,2.6363008066755267e-08
2014-04-24,5.2938052016928804e-08,5.296084953230741e-08,5.4020858359233435e-08
2014-04-25,5.061262864047205e-08,4.4170710351322094e-08,4.34537568439146e-08
2014-04-28,9.566229640739234e-08,1.0015150251532897e-07,1.0356477528370803e-07
2014-04-29,4.2239170568710765e-08,3.8558704822221234e-08,3.805706448224392e-08
2014-04-30,1.572078050838629e-07,1.628109653903902e-07,1.6215348369644398e-07
2014-05-01,3.972640911095246e-08,3.850958547286589e-08,3.805149314761749e-08
2014-05-02,4.306611474097064e-08,4.236418238439397e-08,4.481131608976968e-08
2014-05-05,5.7973486376367816e-08,5.09397872076747e-08,4.9665519204958506e-08
2014-05-06,7.544629967058468e-08,6.786872899188096e-08,6.929526878556271e-08
2014-05-07,5.6691661718949625e-08,5.9319951345769555e-08,5.7438937455954076e-08
2014-05-08,3.2382078710052713e-07,3.3130683682550844e-07,3.338179570308594e-07
2014-05-09,4.241049822938875e-08,4.598449730036585e-08,4.516457100304858e-08
2014-05-12,3.9819004344555905e-08,3.5011035922149877e-08,3.286445189648655e-08
2014-05-13,2.02666805597678e-07,2.0097615480773227e-07,1.9581382870700026e-07
2014-05-14,6.312463200152898e-08,6.381666095803964e-08,6.347967893132096e-08
2014-05-15,4.265558630649759e-08,4.1527106353198994e-08,4.289876828207825e-08
2014-05-16,5.793582098454482e-08,5.567553892323147e-08,5.705872590396367e-08
2014-05-19,1.0090948136189122e-07,9.168833231486148e-08,8.886047717548154e-08
2014-05-20,3.232234234398454e-08,2.9304559172427174e-08,3.006963208371299e-08
2014-05-21,7.852670497888572e-07,7.823196013966807e-07,7.685023040538984e-07
2014-05-22,4.030281258648605e-07,3.7648145838119573e-07,3.617348471950097e-07
2014-05-23,3.637776987556623e-08,4.4254684688492513e-08,4.554926971459518e-08
2014-05-26,1.6069510385672134e-07,1.495588531540484e-07,1.4242169953158578e-07
2014-05-27,4.675158380497476e-08,5.969714986290434e-08,6.55853837937095e-08
2014-05-28,2.000463436571751e-07,1.7823940613103388e-07,1.687647139664272e-07
2014-05-29,9.433909937362295e-08,1.1445997744873326e-07,1.1964333757227773e-07
2014-05-30,9.476576887363559e-08,1.0296338500219466e-07,1.0597551363002607e-07
2014-06-02,5.673701318704828e-08,6.948568806685966e-08,7.366531748228325e-08
2014-06-03,6.056740637130266e-08,6.342079173117395e-08,6.596939798956722e-08
2014-06-04,5.8814482842944665e-08,5.386839357381645e-08,5.4433698199760676e-08
2014-06-05,3.22260454039537e-08,3.019056239102709e-08,3.183961375317745e-08
2014-06-06,4.140597306321177e-08,3.516994708400162e-08,3.584902981964924e-08
2014-06-09,5.489820070219849e-08,4.523637674131968e-08,4.497472882623447e-08
2014-06-10,5.987131573808793e-08,5.411018616428979e-08,5.206580100643318e-08
2014-06-11,2.8371860639452945e-08,3.49090700434517e-08,3.5396219731256866e-08
2014-06-12,2.3097772278013708e-07,2.514705839356951e-07,2.5111525169250726e-07
2014-06-13,3.552677550127351e-08,3.129406474274158e-08,3.1824940887688043e-08
2014-06-16,2.834594080345949e-08,3.341902714232245e-08,3.365749294684067e-08
2014-06-17,4.079164495543715e-08,4.102964222235351e-08,4.1482957114904676e-08
2014-06-18,3.5697479318906074e-08,3.081173652965082e-08,3.0675826848283155e-08
2014-06-19,3.965110814432137e-08,3.090679237114048e-08,3.088384878021412e-08
2014-06-20,4.87043916023681e-07,5.254727272217818e-07,5.267409874856748e-07
2014-06-23,3.558544734048074e-07,3.342233776873725e-07,3.2621426317165214e-07
2014-06-24,3.225261872196186e-08,5.011140629095975e-08,5.2688006940998875e-08
2014-06-25,5.637982254745783e-08,6.4441925076059e-08,6.507650579092428e-08
2014-06-26,3.512768955459099e-08,3.7333753028021834e-08,3.966128281874209e-08
2014-06-27,1.248281725928592e-07,1.201221941547857e-07,1.1725135554979049e-07
2014-06-30,5.495241760807069e-08,5.671724221335435e-08,5.9209749527952104e-08
2014-07-01,1.1638272141702883e-07,1.1765952022777293e-07,1.1470859069763181e-07
2014-07-02,4.104800526004711e-08,4.164704641221368e-08,4.080079704047661e-08
2014-07-03,7.535175864062521e-08,7.7450982183359e-08,7.953826362945211e-08
2014-07-04,6.532451789312936e-08,6.077210864639382e-08,6.175757016948476e-08
2014-07-07,5.2030331853367867e-08,5.813709179501609e-08,5.785719935621738e-08
2014-07-08,6.755037292227421e-08,6.751802123772717e-08,6.73530699452906e-08
2014-07-09,5.684006137053895e-08,6.10898911243646e-08,6.131329061159181e-08
2014-07-10,8.350010603469622e-08,8.155006171334449e-08,8.159545509744718e-08
2014-07-11,3.836244270017011e-08,3.475661438637678e-08,3.416784275770648e-08
2014-07-14,3.7507478690725716e-08,3.289643791781528e-08,3.278406959851488e-08
2014-07-15,3.672359289592164e-08,2.8604714029188668e-08,2.783081903679708e-08
2014-07-16,7.566495305016935e-08,8.39524606898512e-08,8.284972634935788e-08
2014-07-17,3.8021743027640315e-08,2.7307178932071338e-08,2.7923781863089825e-08
2014-07-18,4.538325292027357e-08,3.381216276350417e-08,3.325156795974999e-08
2014-07-21,4.799750257628511e-08,3.725970197055798e-08,3.7152687904294424e-08
2014-07-22,8.361033877277705e-07,8.925410911962158e-07,8.914914985319419e-07
2014-07-23,4.057305802824758e-08,4.681948652236616e-08,4.892361444082035e-08
2014-07-24,4.3855045597542327e-08,4.686157822760616e-08,4.6118244762668765e-08
2014-07-25,5.359947402519269e-08,4.891545619424145e-08,5.032397271954427e-08
2014-07-28,4.1946540489080547e-08,3.599798462565012e-08,3.689843537401796e-08
2014-07-29,5.3316944051313834e-08,4.792962202340556e-08,4.8640330756552296e-08
2014-07-30,6.892999428585995e-08,6.01588368380815e-08,5.995510332837939e-08
2014-07-31,3.8866542367574017e-08,2.7363434187180892e-08,2.7053265357278927e-08
2014-08-01,8.155432689752157e-08,6.721422961367422e-08,6.64075794108461e-08
2014-08-04,3.758509995171477e-08,2.2309098000240583e-08,2.144928007756579e-08
2014-08-05,8.810459565749692e-08,9.709081598780785e-08,9.667906826102765e-08
2014-08-06,4.103629276648465e-07,4.362372366489339e-07,4.3499720431172627e-07
2014-08-07,3.914093142039258e-08,3.466605552324377e-08,3.309547992495476e-08
2014-08-08,5.7984039525765355e-08,5.367377466394775e-08,5.297987493424346e-08
2014-08-11,6.249930369510693e-08,5.323405382864555e-08,5.154623553317435e-08
2014-08-12,2.137274118179851e-07,2.1490087295235304e-07,2.1306530865288248e-07
2014-08-13,3.221541756931642e-08,2.3677288092495945e-08,2.171171714955304e-08
2014-08-14,2.430469901857363e-07,2.4222898250940554e-07,2.412997450277152e-07
2014-08-15,4.15185688894481e-08,3.499904103798249e-08,3.396415987782059e-08
2014-08-18,1.75884574918959e-07,1.5385389844522894e-07,1.4854476910949184e-07
2014-08-19,4.503601308287082e-08,4.379816172184922e-08,4.211116734931615e-08
2014-08-20,1.4588152234502664e-06,1.4422600679766525e-06,1.4399531795166974e-06
2014-08-21,1.1527773380478385e-07,7.776081063056094e-08,7.001306891759766e-08
2014-08-22,1.0494183910460565e-06,9.075247910259409e-07,8.895035248113781e-07
2014-08-25,1.094774413442779e-06,8.187625633016202e-07,7.917395828036723e-07
2014-08-26,9.109017353246805e-08,1.2696944203261346e-07,1.3109547942008984e-07
2014-08-27,3.430018816414974e-07,1.757952741018268e-07,1.7228607948066706e-07
2014-08-28,4.7584476934212845e-08,1.8269262522792695e-07,1.919189225002128e-07
2014-08-29,6.612314305643995e-08,1.5969150053566119e-07,1.654520438139278e-07
2014-09-01,9.691484260920838e-08,1.3268313430864817e-07,1.3076926667594998e-07
2014-09-02,8.030270498889896e-08,9.539540102535228e-08,1.0015081792350217e-07
2014-09-03,3.097941661500033e-08,6.222771313485189e-08,6.319732280223771e-08
2014-09-04,1.1238833660254422e-07,9.183583274862236e-08,8.920362558344128e-08
2014-09-05,8.27057382597318e-08,9.2562472803885e-08,8.913421796320647e-08
2014-09-08,1.0180962523994726e-06,8.945965688187278e-07,8.895951108014973e-07
2014-09-09,4.5861361812647653e-08,1.074232055028497e-07,1.0995422125770791e-07
2014-09-10,3.87420007742131e-07,3.2902176179709654e-07,3.1474626915734966e-07
2014-09-11,7.984775373618619e-07,6.872596123985611e-07,6.594402988334871e-07
2014-09-12,3.758174737255639e-08,8.98529162196802e-08,9.469154191271384e-08
2014-09-15,1.2347298548428252e-06,1.0101762208615782e-06,9.929741344636813e-07
2014-09-16,9.104102492318278e-08,8.123180165848937e-08,7.479018731116876e-08
2014-09-17,2.3270646296656364e-07,1.965486280741044e-07,1.8645225762542378e-07
2014-09-18,8.685591641016526e-08,1.6116913141877127e-07,1.7419126105941253e-07
2014-09-19,1.2054522792634281e-07,1.3588877672185756e-07,1.3633141383822417e-07
2014-09-22,5.661128290142933e-08,9.846915079922033e-08,9.800796210741138e-08
2014-09-23,7.846926908561863e-08,1.0448440756131071e-07,1.0727921321791983e-07
2014-09-24,2.9205924033376783e-08,5.576177520134985e-08,5.8818163101189434e-08
2014-09-25,3.7893330890261017e-07,3.5135635073141924e-07,3.5502179032675947e-07
2014-09-26,8.18918601714205e-08,1.082074221472013e-07,1.1161750733327377e-07
2014-09-29,4.2083409887589965e-08,5.7785043697560274e-08,6.022494578239546e-08
2014-09-30,7.629894804737378e-08,8.042465237688523e-08,8.17451729158674e-08
2014-10-01,1.0386951483755302e-07,1.0827904351034614e-07,1.0944628552543325e-07
2014-10-02,2.3621194054188952e-08,2.7510454347423823e-08,2.761043601163179e-08
2014-10-03,4.82251699759557e-08,4.2423952639418417e-08,4.254653124219749e-08
2014-10-06,6.76368614162282e-08,5.7259588596700955e-08,5.6965666419403356e-08
2014-10-07,6.129052060557267e-08,5.707767601290391e-08,5.718113258358121e-08
2014-10-08,2.837495743183202e-08,2.694587193905768e-08,2.712473910741413e-08
2014-10-09,5.336991963908152e-08,4.3635716117556556e-08,4.310416943920317e-08
2014-10-10,1.553017614897336e-07,1.589042246305387e-07,1.590650356118096e-07
2014-10-13,1.0509718240617816e-07,9.798880079112493e-08,9.775272564417685e-08
2014-10-14,3.5527037807758855e-08,2.8149034718317947e-08,2.804899847380422e-08
2014-10-15,1.7064169148014078e-07,1.5399556972683659e-07,1.4873221849426512e-07
2014-10-16,3.927821778079067e-08,3.3814023030723816e-08,3.286416736292143e-08
2014-10-17,5.327442109491657e-08,6.308284001477904e-08,6.401759105871623e-08
2014-10-20,6.518469798983044e-08,5.5682099720972756e-08,5.345648735232589e-08
2014-10-21,5.342266389251382e-08,3.7758759128748035e-08,3.5596539194744276e-08
2014-10-22,9.799876246118818e-08,7.989881497879155e-08,7.657673428624438e-08
2014-10-23,4.4041837398360405e-08,2.7670300639811858e-08,2.6612027220153954e-08
2014-10-24,6.930695747871118e-08,5.510645105352637e-08,5.410973073530588e-08
2014-10-27,1.2071841147436764e-07,1.1927219049254435e-07,1.186416459204657e-07
2014-10-28,4.386760104246637e-08,3.104324246417959e-08,3.044015968168275e-08
2014-10-29,2.3215561959821895e-07,2.617855747560726e-07,2.5794845475079784e-07
2014-10-30,8.506377808290527e-08,7.729465458231094e-08,7.514194897066432e-08
2014-10-31,4.871516139239492e-08,3.9135736073449756e-08,3.7395114291557504e-08
2014-11-03,1.1833822320446188e-07,1.1952578975359741e-07,1.1413225448269914e-07
2014-11-04,5.638016857911427e-08,4.837300363064824e-08,4.805413818171625e-08
2014-11-05,1.8581459435576856e-07,1.7521428142664616e-07,1.6947152510060202e-07
2014-11-06,5.726577138286544e-08,4.9473383663838285e-08,4.82552421578257e-08
2014-11-07,3.542065116319242e-08,2.923274380004185e-08,3.029371072233212e-08
2014-11-10,7.503577585499835e-08,6.220745955719596e-08,6.050445821956143e-08
2014-11-11,4.036155743445464e-08,2.433163833358002e-08,2.4396045509087716e-08
2014-11-12,6.887109783824873e-08,6.371920319140787e-08,6.332090442049156e-08
2014-11-13,6.835010408956976e-08,5.1327244169000595e-08,4.994703644063525e-08
2014-11-14,1.2422990975574316e-07,1.4839581426723642e-07,1.5200496740076843e-07
2014-11-17,5.133354564987142e-08,4.3153228885998695e-08,4.079023028317842e-08
2014-11-18,1.6690487952965347e-07,1.7291201673984269e-07,1.7022101819271195e-07
2014-11-19,1.8427855451949748e-07,1.7226863364569344e-07,1.6569913551172224e-07
2014-11-20,6.398696515470454e-08,5.5048276819969635e-08,5.47245768633482e-08
2014-11-21,5.432467735019213e-08,4.5340608709887205e-08,4.489215955711332e-08
2014-11-24,4.312902761909637e-08,2.8697101447571516e-08,2.6937727056038752e-08
2014-11-25,7.348918195561849e-08,5.593789489142297e-08,5.4822621382750276e-08
2014-11-26,4.552739801558285e-08,2.4824396543943623e-08,2.3689107963592243e-08
2014-11-27,4.8327272036902215e-08,2.9200936366584846e-08,2.7733913778717342e-08
2014-11-28,5.350552940547685e-08,3.596102863679024e-08,3.5641556955970146e-08
2014-12-01,6.63517646896081e-08,5.2228831014325365e-08,5.1343581268048905e-08
2014-12-02,4.1099545423804916e-08,2.6786617052539678e-08,2.5923316130243417e-08
2014-12-03,4.423703649576382e-08,2.779097615717539e-08,2.667908235627531e-08
2014-12-04,3.824595908215698e-08,3.4445590986383795e-08,3.435150216199868e-08
2014-12-05,6.920209237397543e-08,6.240418366618226e-08,6.160009365335844e-08
2014-12-08,5.118526891849383e-08,3.046189487409437e-08,2.9263677861632264e-08
2014-12-09,5.1483245623546845e-08,3.1329057930135115e-08,3.0227930149001945e-08
2014-12-10,6.29257959012172e-08,4.252064351425583e-08,4.113203922089201e-08
2014-12-11,4.4329748523467546e-08,2.4065586621186543e-08,2.282155173740155e-08
2014-12-12,3.5721873511909334e-08,1.5512226074353405e-08,1.4330353403653668e-08
2014-12-15,6.28421604300157e-08,4.1621324948103384e-08,3.9661535602463826e-08
2014-12-16,1.0593259348942274e-07,8.07350161281169e-08,7.794683153362946e-08
2014-12-17,4.198835441166375e-08,2.3127468479941394e-08,2.233355473132953e-08
2014-12-18,4.529203587277152e-08,4.088396041655831e-08,4.128510931488263e-08
2014-12-19,4.9897933665805096e-08,4.640148657228845e-08,4.591918627814656e-08
2014-12-22,4.529343894244624e-08,2.968693442986725e-08,2.7962104048794722e-08
2014-12-23,3.821992546446322e-08,1.7558539350710435e-08,1.6242244767331874e-08
2014-12-24,4.141656348691261e-08,1.965348122260113e-08,1.8559616687315007e-08
2014-12-25,4.771204648916424e-08,2.524002293574687e-08,2.4122149147029806e-08
2014-12-26,2.984730844153116e-08,2.1330913028682742e-08,2.156070450615699e-08
2014-12-29,4.27557784445161e-08,3.5244370580695196e-08,3.566272042327191e-08
2014-12-30,4.019839167354925e-08,1.8259698228654538e-08,1.767488277405953e-08
2014-12-31,9.156818914439093e-08,8.455261006485819e-08,8.337191857194282e-08
2015-01-01,3.22833861616353e-08,1.2810683556172482e-08,1.2269159215144221e-08
2015-01-02,4.7076337339054705e-08,3.495258252464138e-08,3.409313944449955e-08
2015-01-05,3.512164210353103e-08,2.1897776204799855e-08,2.220490958995927e-08
2015-01-06,3.578296920941179e-08,1.7091156598952956e-08,1.636698061230248e-08
2015-01-07,6.886393370818493e-08,4.994103502749433e-08,4.82148435977251e-08
2015-01-08,8.740696422101932e-08,1.0990706801056334e-07,1.1026071219138344e-07
2015-01-09,2.653404729629027e-07,2.5238555525934325e-07,2.474437351883718e-07
2015-01-12,3.646303761882636e-08,2.0899285994152666e-08,2.1033514506727947e-08
2015-01-13,7.510425896027979e-08,5.9601416930164777e-08,5.7503578437269504e-08
2015-01-14,3.02548795604653e-08,1.3284054336615035e-08,1.271948339460637e-08
2015-01-15,7.946420662591659e-08,6.770946099221686e-08,6.724121325328578e-08
2015-01-16,4.041327150864775e-08,2.2561857899178428e-08,2.2459305497726394e-08
2015-01-19,6.175889694522155e-08,6.22942709177438e-08,6.088501399051703e-08
2015-01-20,3.6410987975490106e-08,1.8546374646301276e-08,1.7710173314116024e-08
2015-01-21,4.678464754518531e-08,5.0340462013948754e-08,5.092440705705408e-08
2015-01-22,1.1496834306774342e-07,9.955650125773765e-08,9.557109805503303e-08
2015-01-23,2.9100654719739485e-08,1.9126257687914557e-08,1.9146868136219313e-08
2015-01-26,3.600117716296841e-08,1.9996831683146994e-08,1.9584730292925992e-08
2015-01-27,1.1434818982135441e-07,1.0320899275307171e-07,9.891209986622806e-08
2015-01-28,3.4033097994234765e-08,1.924679871669001e-08,1.910516408653071e-08
2015-01-29,3.448706881806322e-08,1.743255544999752e-08,1.6615499289396298e-08
2015-01-30,6.087858193064616e-08,4.256825477930386e-08,4.103000125213097e-08
2015-02-02,2.9036924030946305e-08,1.4550340351245365e-08,1.3886692726034057e-08
2015-02-03,4.717504324734478e-08,3.191357200405856e-08,3.202306770425011e-08
2015-02-04,8.333855759514041e-08,1.011599342851548e-07,1.03014304598469e-07
2015-02-05,9.955930098928398e-07,9.927221146950505e-07,9.77724524763006e-07
2015-02-06,2.9765296793712604e-08,2.3802042288290645e-08,2.718636982976046e-08
2015-02-09,2.810089637446758e-07,2.7713272202304244e-07,2.7114223424666826e-07
2015-02-10,1.1469761145037536e-07,1.0475226289616275e-07,1.0408632816079582e-07
2015-02-11,3.26694955428917e-08,3.109948369425015e-08,3.526813868062216e-08
2015-02-12,2.958352557451444e-08,2.2134573516643162e-08,2.4394336099639322e-08
2015-02-13,9.734923418879412e-08,9.566463674317511e-08,9.128588416424488e-08
2015-02-16,3.248850291731652e-07,3.392515545791144e-07,3.301972948600979e-07
2015-02-17,1.7465955171122846e-07,1.5396075387661585e-07,1.4322024073255965e-07
2015-02-18,5.441493313154629e-08,4.8595893215177824e-08,5.13370675191568e-08
2015-02-19,3.056374190435706e-08,3.178118305508724e-08,3.609800720043109e-08
2015-02-20,1.7481630930684526e-07,1.7265317982416154e-07,1.6803946059502412e-07
2015-02-23,5.086474629458115e-08,5.323804919003066e-08,5.4314330639084345e-08
2015-02-24,3.4036519567427316e-08,3.474831027851307e-08,3.7969598939377286e-08
2015-02-25,3.295410117580291e-08,3.0526129750911565e-08,3.3176809236348743e-08
2015-02-26,3.5896149639394795e-08,3.0769035660747516e-08,3.2789117573807764e-08
2015-02-27,6.032183071530815e-08,6.229564150919396e-08,6.474895212008449e-08
2015-03-02,7.843240337238482e-08,7.514553598523381e-08,7.750109709184522e-08
2015-03-03,6.891048590353196e-08,5.473287630444732e-08,5.487022692293521e-08
2015-03-04,3.5849150014356494e-08,2.6167813401596882e-08,2.699910827438062e-08
2015-03-05,5.5389629470028236e-08,4.4700463586987065e-08,4.41950513962211e-08
2015-03-06,5.110482269420928e-08,4.033084677434854e-08,3.916107446801181e-08
2015-03-09,2.851670829313544e-08,1.6290195797035516e-08,1.6254040100218077e-08
2015-03-10,9.86565035359825e-08,8.329514066740441e-08,8.12961692790066e-08
2015-03-11,1.1750800755920884e-07,1.0719998036744633e-07,1.0500881316531205e-07
2015-03-12,3.529319228033524e-08,2.956130963553349e-08,3.0541238149531496e-08
2015-03-13,3.671388756917036e-08,2.6299480731125498e-08,2.6528040375588855e-08
2015-03-16,2.5459973191591523e-08,1.7982451562224696e-08,1.823910794608192e-08
2015-03-17,2.578238736755021e-08,1.6016675631271447e-08,1.616259468612563e-08
2015-03-18,1.562876109925216e-07,1.7729605738116586e-07,1.755893098467518e-07
2015-03-19,4.014966110435523e-08,3.3051145806510923e-08,3.3637133359633445e-08
2015-03-20,3.905185125390829e-08,3.0520355136931434e-08,3.052691337018745e-08
2015-03-23,4.0637791270691936e-08,4.176284793834153e-08,4.07994960454784e-08
2015-03-24,3.852768656092837e-08,2.7551380460737446e-08,2.7460681587008643e-08
2015-03-25,2.8951978565141623e-08,2.0947168518298236e-08,2.118865915820672e-08
2015-03-26,5.1550814133459355e-08,3.8525877417464305e-08,3.843624732734144e-08
2015-03-27,2.306591878013961e-08,1.7890285848871656e-08,1.7654259036781533e-08
2015-03-30,2.979078381731033e-08,3.177973114850207e-08,3.238491200060465e-08
2015-03-31,2.458052982515952e-08,1.8510105767093034e-08,1.8988119388164262e-08
2015-04-01,2.8349009862476026e-08,2.548308025266858e-08,2.551045942014224e-08
2015-04-02,2.856151505037449e-08,1.7985058162099207e-08,1.7821000520079746e-08
2015-04-03,2.18016071382652e-08,1.826218103822923e-08,1.834992122790344e-08
2015-04-06,2.0474004581565175e-08,9.225613557047457e-09,9.354357594189283e-09
2015-04-07,2.9240099070576143e-08,2.1595540901306417e-08,2.142574277361413e-08
2015-04-08,2.618133198613395e-08,1.51916031056715e-08,1.511419751325179e-08
2015-04-09,1.4518249456298389e-08,8.143676239509974e-09,8.113957960186663e-09
2015-04-10,2.482287175614896e-08,1.2341838201524182e-08,1.2168592035255497e-08
2015-04-13,2.018906539852765e-08,1.359064974699194e-08,1.3666083603055823e-08
2015-04-14,2.5369114663233472e-08,1.5148275342267326e-08,1.5107050236783303e-08
2015-04-15,2.339527419537905e-08,9.203598887445973e-09,9.012274243686288e-09
2015-04-16,4.106183417051274e-08,4.2523680285269336e-08,4.283259002673348e-08
2015-04-17,2.5520940808668418e-08,1.4196823398122616e-08,1.409440079910921e-08
2015-04-20,2.189999791886343e-08,8.50583205875654e-09,8.38106172641561e-09
2015-04-21,7.55976414923905e-08,9.893900775134924e-08,9.932347830505657e-08
2015-04-22,4.1614852652412826e-08,3.819554265128613e-08,3.781019260530683e-08
2015-04-23,3.3466855635932724e-08,2.7805907457775913e-08,2.7856058412431708e-08
2015-04-24,1.8811304437659348e-07,2.091275739181757e-07,2.072681715321222e-07
2015-04-27,2.6284850504910168e-08,2.0129409054747954e-08,2.1093856372680975e-08
2015-04-28,5.372469892341517e-08,5.1283179706918455e-08,5.1111466974404286e-08
2015-04-29,3.145672224780972e-08,2.3891021354401942e-08,2.447024309211514e-08
2015-04-30,3.654996541109798e-08,3.0104700841441485e-08,3.060024126020784e-08
2015-05-01,4.3869159286699756e-08,3.698148670014512e-08,3.625821084604156e-08
2015-05-04,7.050525501450739e-08,7.34947615687423e-08,7.259473482312601e-08
2015-05-05,3.170770536756259e-08,2.349350870373504e-08,2.4410739270117952e-08
2015-05-06,4.832202951364802e-08,5.0897962011008376e-08,5.019250918876096e-08
2015-05-07,4.721909528565999e-08,3.6509270369278757e-08,3.6455959891323614e-08
2015-05-08,5.972370679126311e-08,5.719195989078091e-08,5.657803661840642e-08
2015-05-11,7.699229563264498e-08,6.755051752073468e-08,6.732739562692669e-08
2015-05-12,3.53228229087637e-08,2.8445186206716343e-08,2.8724003516263055e-08
2015-05-13,1.5579326718456696e-08,1.0975874511771169e-08,1.106769737939141e-08
2015-05-14,2.2423074515925646e-08,1.5849755376861794e-08,1.5605856955932785e-08
2015-05-15,2.0419276505239603e-08,1.3299868036723783e-08,1.3376525524762097e-08
2015-05-18,1.8674243242240104e-08,8.54131577036768e-09,8.737727607221313e-09
2015-05-19,6.591825519462654e-08,5.737359832816184e-08,5.704201012151399e-08
2015-05-20,2.6760662932468997e-08,1.6955327822795576e-08,1.6803201590939546e-08
2015-05-21,2.796873680875124e-08,2.0102573036310613e-08,1.9897201600513812e-08
2015-05-22,4.149785319554258e-08,3.2231883961778905e-08,3.1029841203758076e-08
2015-05-25,2.714439505015439e-08,1.5781581218298073e-08,1.5159909084162106e-08
2015-05-26,2.1765074678538914e-08,1.1105403600063463e-08,1.0726396401745578e-08
2015-05-27,2.917620254737453e-08,1.764716991425909e-08,1.7137920704596134e-08
2015-05-28,1.026161905188414e-07,1.3049756410845324e-07,1.312933668939508e-07
2015-05-29,3.146009526662775e-08,2.6031771368957924e-08,2.6683531073066556e-08
2015-06-01,2.004189438720804e-08,1.0897220542671352e-08,1.0732948147937508e-08
2015-06-02,2.0423167690164795e-08,1.0669328466952677e-08,1.0381243259225179e-08
2015-06-03,2.2115813152683003e-08,1.2463337970959878e-08,1.1855393662530425e-08
2015-06-04,3.7078116434208895e-08,3.828179468623116e-08,3.824600129062443e-08
2015-06-05,2.1517192877265682e-08,1.7543998768777698e-08,1.770286232883018e-08
2015-06-08,3.291156387844011e-08,2.4513361897371707e-08,2.405480767079956e-08
2015-06-09,3.437990128383687e-08,3.20393558575692e-08,3.144777172658704e-08
2015-06-10,2.331565220259332e-08,1.6053561184247287e-08,1.638201524438999e-08
2015-06-11,3.755087899636917e-08,3.12670715519399e-08,3.1168423570957346e-08
2015-06-12,3.146849189730242e-08,2.6054917223435523e-08,2.6021175178887642e-08
2015-06-15,1.655494236832687e-08,1.1504746643598317e-08,1.1237971485622337e-08
2015-06-16,2.6010180833759663e-08,1.9907236791086223e-08,1.982885436086708e-08
2015-06-17,5.4236891138468936e-08,5.597232742131843e-08,5.5111337389853784e-08
2015-06-18,9.760649609372722e-08,1.1036244552942849e-07,1.0877238929931996e-07
2015-06-19,1.7549469502658876e-06,1.7556720846698804e-06,1.7456795616811809e-06
2015-06-22,5.093655668712412e-08,4.445269841163661e-08,4.866532203959343e-08
2015-06-23,3.1201537452263546e-08,1.8355873124269317e-08,1.7054130270437103e-08
2015-06-24,6.715487650362896e-08,8.345098547113506e-08,8.665992043809882e-08
2015-06-25,5.557729663367576e-08,4.670401713520749e-08,4.7242414572888504e-08
2015-06-26,5.989350723805955e-08,4.7227304596514973e-08,4.4847785926754524e-08
2015-06-29,2.2811411577063864e-08,2.9590345014297238e-08,3.190435580583234e-08
2015-06-30,2.462113170148499e-08,2.7257749190342383e-08,2.884430481115026e-08
2015-07-01,1.6693561954184465e-07,1.3502595091208877e-07,1.3192839183898992e-07
2015-07-02,2.857003311403118e-08,3.126081741692023e-08,3.182752947600328e-08
2015-07-03,2.955179866969827e-08,2.9166146102956214e-08,3.0662316267482756e-08
2015-07-06,4.1980482952832154e-07,3.9292587105262723e-07,3.8722217279483723e-07
2015-07-07,1.1433713924722933e-07,1.192671479857911e-07,1.1774494150079599e-07
2015-07-08,4.181383724676606e-07,3.5600532487381655e-07,3.4453625451871e-07
2015-07-09,3.976525661123904e-07,3.1030128857851994e-07,2.9425212248218605e-07
2015-07-10,1.9380003529397097e-06,1.6726203338460072e-06,1.6196694128084476e-06
2015-07-13,1.8868471491483733e-08,9.338417535199693e-08,1.0833626494234769e-07
2015-07-14,1.0826743829657093e-07,1.1372180676482695e-07,1.3100330174005155e-07
2015-07-15,1.8461376406488643e-08,6.293378424544053e-08,7.113876069986897e-08
2015-07-16,4.235485311954053e-08,6.826991496478627e-08,7.420845256248775e-08
2015-07-17,9.065594895266374e-08,5.972526822365522e-08,5.728125945978568e-08
2015-07-20,1.6590113782809717e-07,1.387382258439793e-07,1.297910597621331e-07
2015-07-21,8.436406162503125e-07,6.621613877909118e-07,6.397214623610992e-07
2015-07-22,4.049134822216186e-07,2.498391878150297e-07,2.4300826655509003e-07
2015-07-23,3.264908510468359e-06,2.666342046601895e-06,2.59666443198149e-06
2015-07-24,3.260296717123512e-08,1.7172525279970464e-07,1.9123114916886307e-07
2015-07-27,1.4786674843623123e-07,8.758999589490583e-08,7.55205860827288e-08
2015-07-28,5.867640382306493e-08,1.6122352571789463e-07,1.7807094092589023e-07
2015-07-29,9.768379942758769e-08,9.706694474587032e-08,1.106186766604817e-07
2015-07-30,5.860288521481146e-08,7.638642033807453e-08,8.062102849639556e-08
2015-07-31,8.248024399447e-08,1.4675837179365165e-07,1.5181931880728903e-07
2015-08-03,7.938907510029058e-08,5.708243753992887e-08,5.936238246707308e-08
2015-08-04,5.651247305220271e-08,8.2598788087856e-08,8.479281518786955e-08
2015-08-05,1.1535429648311125e-07,7.518986745507648e-08,7.08700006895344e-08
2015-08-06,3.116496552255285e-07,1.82554783803532e-07,1.7700358854436746e-07
2015-08-07,3.3783477238358905e-08,6.70172596899355e-08,6.93796210754769e-08
2015-08-10,7.145481578767109e-07,5.827284902109649e-07,5.651849137592507e-07
2015-08-11,3.7217356287374226e-07,2.352052822990152e-07,2.1569752511350083e-07
2015-08-12,2.5331913055566774e-08,9.776576083497602e-08,1.0626114556326748e-07
2015-08-13,8.701459898607555e-08,1.290724980620045e-07,1.363594990632896e-07
2015-08-14,4.889838956003814e-07,3.547808206173511e-07,3.3764788822872825e-07
2015-08-17,1.8401287374187448e-07,1.0253791841347349e-07,9.84183443915315e-08
2015-08-18,2.8063824724432154e-08,7.6263704183897e-08,7.867582722670468e-08
2015-08-19,2.8018237800815524e-08,5.2695508144669534e-08,5.622705832905594e-08
2015-08-20,5.416052629295833e-07,4.2824053687208544e-07,4.073211547715125e-07
2015-08-21,1.0258715277413081e-06,7.883317799095493e-07,7.615067763457518e-07
2015-08-24,1.7891894135356596e-07,1.01847535685361e-07,1.0099361004432728e-07
2015-08-25,5.363928566696138e-07,3.2509761051191424e-07,3.157726037445865e-07
2015-08-26,3.3536863974670555e-06,2.5652092595605743e-06,2.484956853193292e-06
2015-08-27,1.3144610677298044e-07,8.94751803400734e-08,9.232849329378477e-08
2015-08-28,3.830457712098491e-08,1.6813929608436063e-07,1.9058874718873238e-07
2015-08-31,2.5748736209878464e-06,1.743680147360596e-06,1.6638192292791105e-06
2015-09-01,5.938847441518863e-06,4.521804280265869e-06,4.336099948580215e-06
2015-09-02,2.4865915751671187e-07,3.1317125010772943e-07,3.7774929894603993e-07
2015-09-03,1.6290597546319557e-06,8.010170505316815e-07,6.907740950760981e-07
2015-09-04,1.09393662725283e-05,7.74744300960334e-06,7.5469758400484515e-06
2015-09-07,5.638974001312577e-07,2.9565143685310755e-07,2.76119582071202e-07
2015-09-08,1.600919259210311e-06,4.782285168689032e-07,3.711957784673573e-07
2015-09-09,1.9284558355045312e-07,1.0510838907905356e-06,1.1360608830517494e-06
2015-09-10,4.1987206519008404e-08,7.38740701561151e-07,8.050179117963241e-07
2015-09-11,3.489300725756643e-08,5.592573968158754e-07,6.05441263043949e-07
2015-09-14,2.3619038587984078e-07,1.9360708083942097e-07,1.7198673131061727e-07
2015-09-15,5.5445956373972985e-08,3.856625691137182e-07,4.191589262025505e-07
2015-09-16,4.896821139444115e-06,3.716410936009849e-06,3.5606376985027645e-06
2015-09-17,9.00060199530605e-07,4.541230631133324e-07,3.7628160202846117e-07
2015-09-18,2.952793822373679e-07,1.4648490278720846e-07,1.5054736094509868e-07
2015-09-21,2.2894962784412005e-07,4.111339187317853e-07,4.81391565635826e-07
2015-09-22,9.400389247193896e-07,8.735194235907571e-07,8.244798347813516e-07
2015-09-23,3.3814561035947623e-07,1.6965017914650142e-07,1.508423210469432e-07
2015-09-24,3.934724759921518e-06,3.237158545179594e-06,3.081836974839512e-06
2015-09-25,2.6414085976579563e-07,4.593568778748326e-07,5.543867187291301e-07
2015-09-28,4.950695917672624e-07,2.3712227615148636e-07,2.437040717014129e-07
2015-09-29,1.1413893192618176e-07,4.061888936677944e-07,4.408910272891632e-07
2015-09-30,4.296136526308422e-07,3.0714617529318604e-07,2.7241718204305934e-07
2015-10-01,3.409549627949083e-07,4.028790023236999e-07,4.5285097430948294e-07
2015-10-02,1.2347371764178394e-07,2.2196798218304285e-07,2.5375708172028724e-07
2015-10-05,4.795850170991986e-08,1.5161401005293647e-07,1.5829198207481962e-07
2015-10-06,5.4091208750009014e-08,1.6575330547801196e-07,1.7872256063079618e-07
2015-10-07,2.9002123784849094e-07,2.0343680935668663e-07,1.916178469277607e-07
2015-10-08,1.0578456464305345e-07,1.7377182439081407e-07,1.8856010326266036e-07
2015-10-09,5.92241415898798e-08,1.1284249084147861e-07,1.1650288198452463e-07
2015-10-12,1.160557022903076e-06,9.977458097457528e-07,9.712636314523982e-07
2015-10-13,3.865029533628847e-08,9.818600641246216e-08,1.0863973139165276e-07
2015-10-14,8.030366579629969e-08,1.168604592012732e-07,1.2386809484578313e-07
2015-10-15,5.220172108039753e-07,4.277747465508088e-07,4.0795841256647056e-07
2015-10-16,6.119511300869176e-08,1.1471648117761105e-07,1.282274952700173e-07
2015-10-19,5.83996767136385e-08,8.796272816356293e-08,9.356921869362412e-08
2015-10-20,9.59519277579683e-08,1.2041052108336034e-07,1.2647386452062047e-07
2015-10-21,4.071462871399087e-08,5.35433397616004e-08,5.690721965874815e-08
2015-10-22,4.3404470713741174e-07,4.1756299200006246e-07,4.0663720930936876e-07
2015-10-23,6.334473386970748e-08,8.5025669801584e-08,9.00639606949381e-08
2015-10-26,5.283638523713814e-08,7.555715187766882e-08,7.845347515934164e-08
2015-10-27,1.1413053688403123e-07,1.1410077330072358e-07,1.119162094702482e-07
2015-10-28,1.2652614816498617e-07,1.1386337785623651e-07,1.1202702348408455e-07
2015-10-29,2.8774482657552648e-08,4.8483643524671366e-08,5.147727705760854e-08
2015-10-30,1.7799316399677197e-07,1.7304964062351694e-07,1.7332865862154177e-07
2015-11-02,7.292357592476167e-08,9.265112569294002e-08,9.51250079346324e-08
2015-11-03,1.0230009056936721e-07,1.0854113415436788e-07,1.1015014888313092e-07
2015-11-04,7.674513303435316e-07,7.769573750134631e-07,7.731028779780482e-07
2015-11-05,6.108151830852586e-08,7.268419324855653e-08,7.012847169628314e-08
2015-11-06,4.3613467811627924e-08,6.490067743502623e-08,6.647924762012754e-08
2015-11-09,1.3758732914675873e-07,1.460623375973751e-07,1.475137695189823e-07
2015-11-10,8.085490898287247e-08,7.97535776041443e-08,7.658309294866913e-08
2015-11-11,1.3301571792819322e-07,1.4069200468757255e-07,1.3905632431405598e-07
2015-11-12,5.369202206623778e-08,5.71264941174137e-08,5.718195284231031e-08
2015-11-13,3.3382640113674896e-07,3.4610678202787585e-07,3.463220366828971e-07
2015-11-16,5.976778130079214e-08,6.315588605288192e-08,6.501480865641227e-08
2015-11-17,6.111539776612568e-08,5.756722013617203e-08,5.7516815795731936e-08
2015-11-18,5.6682094453977804e-08,5.181317086361269e-08,5.2775890042817536e-08
2015-11-19,8.052990315425562e-08,7.596973873648578e-08,7.579988707240834e-08
2015-11-20,5.286581167080815e-08,3.990087278044472e-08,3.996982252278177e-08
2015-11-23,6.132379931217766e-08,5.778793671098659e-08,5.5865317864269515e-08
2015-11-24,2.577280650473046e-07,2.968085032219276e-07,2.9665895460816354e-07
2015-11-25,3.030791557205586e-08,3.653266566918629e-08,3.608798076407891e-08
2015-11-26,6.073908872286099e-08,5.754864672736401e-08,5.894721188493645e-08
2015-11-27,5.371795877496443e-08,4.232818228007343e-08,4.207743278933033e-08
2015-11-30,6.644104462106943e-08,5.215994013276504e-08,5.2944595609114854e-08
2015-12-01,5.842348281290179e-07,6.33780369300966e-07,6.291137085613113e-07
2015-12-02,5.833433900541669e-08,6.572273493054031e-08,6.579986944746384e-08
2015-12-03,6.495571861007592e-08,6.387818350260896e-08,6.58571609607148e-08
2015-12-04,1.6222328180823653e-07,1.5377877749643437e-07,1.5423457415048842e-07
2015-12-07,7.668286369781328e-08,8.077491366287117e-08,8.064038065165509e-08
2015-12-08,4.892274962842801e-08,4.509924108307613e-08,4.5594206191572976e-08
2015-12-09,5.832560316288675e-08,4.501406966781788e-08,4.484316569424142e-08
2015-12-10,5.4858741114594156e-08,4.331338575879378e-08,4.184713442119756e-08
2015-12-11,1.3382362490257867e-07,1.1289931650407741e-07,1.1052748910384086e-07
2015-12-14,2.5310252710189464e-07,2.7519922064850934e-07,2.745193776750064e-07
2015-12-15,3.0064536293491854e-07,3.1107948090629087e-07,3.061627794541432e-07
2015-12-16,6.72225129513956e-08,6.275921632695886e-08,6.169503282127846e-08
2015-12-17,1.1814966800446067e-07,1.1846495517251738e-07,1.166999211615149e-07
2015-12-18,6.461619239842635e-08,5.900803267503485e-08,5.98348391256936e-08
2015-12-21,7.807834671421871e-08,7.935292498615938e-08,7.677040628902892e-08
2015-12-22,5.441253696571691e-08,4.26522726461942e-08,4.24151703335334e-08
2015-12-23,1.4092454619549088e-07,1.4377151882067685e-07,1.4540198780244908e-07
2015-12-24,4.388743997940164e-08,3.151548040308557e-08,3.250520639409901e-08
2015-12-25,3.6753404136249644e-07,3.698455512230255e-07,3.7214782647989515e-07
2015-12-28,1.2523497266649203e-07,1.059787959476587e-07,1.0484178255073567e-07
2015-12-29,1.726027467681874e-07,1.9320135374138602e-07,1.947250781839906e-07
2015-12-30,4.2259647449180724e-08,3.300022750760166e-08,3.287330637118454e-08
2015-12-31,4.934248675167818e-08,4.395837378210727e-08,4.466399415243212e-08
2016-01-01,5.345739699198915e-08,4.681850018280232e-08,4.595337362048396e-08
2016-01-04,5.8612033377306296e-08,4.1789493728856955e-08,4.3108169150514124e-08
2016-01-05,2.823991173003541e-07,2.852210355370304e-07,2.8167013515626855e-07
2016-01-06,6.443935879991027e-08,5.899201849626488e-08,5.804105141174217e-08
2016-01-07,8.485275863190138e-08,6.663052314143612e-08,6.853886796101555e-08
2016-01-08,9.087855365283739e-08,8.630941310142866e-08,8.568325819260763e-08
2016-01-11,3.1451466303270675e-07,3.263244447381728e-07,3.220054540858055e-07
2016-01-12,6.405519197148464e-08,4.4683182268763206e-08,4.582716901707815e-08
2016-01-13,5.90050890274518e-08,3.5783099637479873e-08,3.74710392538217e-08
2016-01-14,5.8900181837462606e-08,3.643166145581341e-08,3.7529682691189424e-08
2016-01-15,5.081819999599797e-08,2.3854972783115343e-08,2.478965503852489e-08
2016-01-18,6.771610475225021e-07,7.502192825650227e-07,7.46061247163536e-07
2016-01-19,7.711137166117563e-08,5.4597483162143203e-08,5.806255807435412e-08
2016-01-20,7.957725984389686e-08,7.358952791604901e-08,6.863024445265607e-08
2016-01-21,2.7087323676853483e-07,2.489577394029063e-07,2.5237201263394786e-07
2016-01-22,7.390608925078579e-08,5.47797166058426e-08,5.557550167428895e-08
2016-01-25,5.846420454096777e-07,6.510470756544921e-07,6.469964638465989e-07
2016-01-26,7.008810012950832e-08,6.151869488124866e-08,6.524308156430723e-08
2016-01-27,6.414997951306407e-08,5.265188989951521e-08,5.573801696577277e-08
2016-01-28,5.660370944706355e-08,3.767195890601332e-08,3.9535272702961256e-08
2016-01-29,5.337069281253529e-08,2.758789852567906e-08,2.8167782559545916e-08
2016-02-01,2.016779025052148e-07,2.0859490084997126e-07,2.0650827239449188e-07
2016-02-02,7.313080533216306e-08,4.8176214172328446e-08,4.9663865771851865e-08
2016-02-03,5.8233164959989544e-08,4.261586159927785e-08,4.3265344844473804e-08
2016-02-04,5.793443117773731e-08,3.574710878877027e-08,3.691512824211145e-08
2016-02-05,8.395556090877632e-08,5.22681600720407e-08,5.27534579665233e-08
2016-02-08,5.2729096208555055e-08,3.311925189222874e-08,3.333606621495282e-08
2016-02-09,1.6662243315671523e-07,1.9975685452548935e-07,2.014636075674624e-07
2016-02-10,3.063409553051621e-08,3.1811922998796465e-08,3.181337240774969e-08
2016-02-11,5.9579347941973835e-08,4.082295393627741e-08,4.117697327882049e-08
2016-02-12,1.2757526458311938e-07,1.0962323612010325e-07,1.0898956993367453e-07
2016-02-15,1.2937830106978645e-07,9.928779355361782e-08,9.954292206456077e-08
2016-02-16,9.532880383276161e-08,6.8878429474929e-08,6.79816098655371e-08
2016-02-17,4.6210439258004945e-08,3.958504869769615e-08,3.9353182777867685e-08
2016-02-18,6.799654078503611e-08,4.3984309234838126e-08,4.3313898023784666e-08
2016-02-19,6.11733810926803e-08,3.815546533012889e-08,3.955596583062277e-08
2016-02-22,6.394575542388924e-08,3.116427634907368e-08,3.064591124011686e-08
2016-02-23,5.9029308756334966e-08,2.59785290125597e-08,2.5372384978398182e-08
2016-02-24,5.833346898707883e-08,2.1329039094915036e-08,2.0845934041387733e-08
2016-02-25,6.89357070555934e-08,2.673180479116716e-08,2.626093819469816e-08
2016-02-26,1.2636226201690834e-07,8.161635028550927e-08,8.109089653516874e-08
2016-02-29,4.456657635449529e-08,1.1459989038072903e-08,1.120821082172361e-08
2016-03-01,5.175729785384837e-08,5.0785770099477245e-08,5.0818120967762966e-08
2016-03-02,1.26231347502442e-07,1.2210813540413248e-07,1.2294197101052895e-07
2016-03-03,5.926952729109145e-08,3.525140505232562e-08,3.4921046343403085e-08
2016-03-04,9.38104571620156e-08,5.778539590307699e-08,5.604756224583489e-08
2016-03-07,2.0667709904276509e-07,1.6982521759246704e-07,1.677515750789744e-07
2016-03-08,1.940621467631257e-07,1.8311755965002635e-07,1.8719205901226057e-07
2016-03-09,1.1119868189657388e-07,8.665439539474044e-08,8.655761532251111e-08
2016-03-10,6.026358392376912e-08,3.53305073613286e-08,3.403557075890183e-08
2016-03-11,6.937863313125094e-08,4.6166640766406796e-08,4.681364244775665e-08
2016-03-14,8.707246997656788e-08,4.78047837650342e-08,4.565630034051744e-08
2016-03-15,8.555004419175126e-08,5.604980181385411e-08,5.520792428196318e-08
2016-03-16,5.924972866346665e-08,2.8954739948045054e-08,2.8004339261901723e-08
2016-03-17,7.351505636244072e-08,3.984100108169433e-08,3.869657265537738e-08
2016-03-18,5.020442969898457e-08,2.9146764773968455e-08,2.8276275425054996e-08
2016-03-21,1.9560532399670776e-07,1.6577554629550214e-07,1.6269599828691352e-07
2016-03-22,6.788139615100202e-08,2.743822446546775e-08,2.5276244929882695e-08
2016-03-23,1.1405232039890632e-07,7.763450908910768e-08,7.40768102155381e-08
2016-03-24,2.167226748609123e-07,2.0573144533466804e-07,2.118311592004684e-07
2016-03-25,1.009831281365143e-07,9.368285364190546e-08,9.004083705493297e-08
2016-03-28,1.0043068719681047e-07,1.0053580794016942e-07,1.0283319286055304e-07
2016-03-29,6.201610763079522e-07,5.94245417317305e-07,5.810803638807088e-07
2016-03-30,6.537303026687752e-08,3.918252726910063e-08,3.761020054239726e-08
2016-03-31,6.53389084703447e-08,3.4239455341157775e-08,3.279823195251039e-08
2016-04-01,8.69159999612291e-08,7.107584058737419e-08,7.239659195690767e-08
2016-04-04,5.171430422574068e-08,2.2054733769436536e-08,2.3769626557571372e-08
2016-04-05,6.683680701196108e-08,4.435487786113419e-08,4.623666098179882e-08
2016-04-06,6.130090451528341e-08,2.448246318460513e-08,2.381583841611842e-08
2016-04-07,6.466643569839723e-08,2.8580123302678242e-08,2.68877390392511e-08
2016-04-08,2.2369944518387454e-06,2.3424159640703754e-06,2.3539940739441853e-06
2016-04-11,5.811146416712323e-08,3.8182871978982655e-08,4.020505903777667e-08
2016-04-12,1.0110674670646899e-07,7.018146842010661e-08,7.106401470517995e-08
2016-04-13,7.300349989544953e-08,4.338167933841475e-08,4.4990206320271165e-08
2016-04-14,2.2662431904801406e-07,1.915224727630774e-07,1.8876283863425642e-07
2016-04-15,6.847437269028036e-08,3.096479022027809e-08,3.065866789287683e-08
2016-04-18,6.948768303771334e-08,3.907053834558976e-08,4.007992530117157e-08
2016-04-19,7.73962295545146e-08,3.943808436561347e-08,3.917595388069493e-08
2016-04-20,3.641364916983744e-07,3.84711532775022e-07,3.87143870347648e-07
2016-04-21,9.368037563850719e-08,6.187204917789682e-08,6.207330141695608e-08
2016-04-22,1.2253609563229988e-07,8.390860026906555e-08,8.357291281147963e-08
2016-04-25,1.3115293697231552e-07,9.393441984902784e-08,9.35395439146488e-08
2016-04-26,5.7459926288026045e-08,3.059831723523488e-08,2.9951204479255285e-08
2016-04-27,6.114012884236248e-08,2.2841134734367777e-08,2.2478508514211912e-08
2016-04-28,6.71423692354831e-08,2.7275274588226172e-08,2.6736739123550862e-08
2016-04-29,6.578925565414525e-08,2.4989802353579584e-08,2.4588953603327438e-08
2016-05-02,5.510787459912063e-08,2.4747044302956793e-08,2.4614634811771966e-08
2016-05-03,6.772849777991424e-08,2.2573794680071293e-08,2.2033805212736763e-08
2016-05-04,6.84500642392897e-08,2.3129641691543844e-08,2.252451167885885e-08
2016-05-05,8.832925096016204e-08,4.0343712808105247e-08,3.968894441911056e-08
2016-05-06,6.986537227321092e-08,3.8529535972405135e-08,3.782067061015502e-08
2016-05-09,5.4078920313722255e-08,1.4029777454466044e-08,1.3367035473210184e-08
2016-05-10,7.16996797043946e-08,2.2779097221242937e-08,2.2120094135742488e-08
2016-05-11,5.99012223715219e-08,3.697691571105444e-08,3.6006654517873444e-08
2016-05-12,8.185656736123837e-08,3.7928565776344645e-08,3.71115349126175e-08
2016-05-13,7.989484845604562e-08,3.796117975163264e-08,3.716489900779903e-08
2016-05-16,5.5534118758942617e-08,1.9790658160243352e-08,1.9005016497342643e-08
2016-05-17,4.20676222333242e-08,1.025215947039932e-08,1.0650747709109338e-08
2016-05-18,6.966249790474266e-08,2.099705433529015e-08,2.0159871892706977e-08
2016-05-19,6.5726736191803e-08,1.9684103874300333e-08,1.8712947957363356e-08
2016-05-20,1.253972983669069e-07,1.5485556410462914e-07,1.575090454554109e-07
2016-05-23,2.1272475953042166e-07,2.2411484494471274e-07,2.2430876145450732e-07
2016-05-24,7.661122041124098e-08,4.277460575688575e-08,4.317437437215886e-08
2016-05-25,1.7125277717828626e-07,1.6414556538022798e-07,1.6298604009246067e-07
2016-05-26,6.948360346588665e-08,2.6754763594440676e-08,2.5974415280545896e-08
2016-05-27,7.406729042522247e-08,3.3879075272518414e-08,3.3804682238102505e-08
2016-05-30,6.144644608983262e-08,1.8130486741257055e-08,1.7914748751243144e-08
2016-05-31,6.91323221988044e-08,3.600564446351901e-08,3.649255452017487e-08
2016-06-01,1.6342387053942425e-07,1.270684797342114e-07,1.2482564559056023e-07
2016-06-02,6.580515473777909e-08,3.6941354462620405e-08,3.701253964841925e-08
2016-06-03,6.699049044780106e-08,2.3741502422081794e-08,2.3386070887229112e-08
2016-06-06,5.5377672441828534e-08,1.890184826190759e-08,1.902082711558207e-08
2016-06-07,6.249008639510755e-08,3.320383614401393e-08,3.355879841199439e-08
2016-06-08,9.624541646415658e-08,8.406958896205741e-08,8.52089833004951e-08
2016-06-09,6.689946004637828e-08,2.495901758570299e-08,2.466408877887236e-08
2016-06-10,7.06833439535515e-08,2.9440264265907828e-08,2.8618531371142543e-08
2016-06-13,7.076553592898853e-08,2.812341748638631e-08,2.699552437422304e-08
2016-06-14,5.639903052947703e-08,3.24871775338904e-08,3.3001958656262155e-08
2016-06-15,8.431932278625537e-08,5.173035172753286e-08,5.1374671628314124e-08
2016-06-16,1.6068238192321174e-07,1.5754896767850718e-07,1.5776437430787264e-07
2016-06-17,6.207685124215686e-08,2.1124327709088238e-08,2.102444573642608e-08
2016-06-20,7.332643168650424e-08,3.11684475707031e-08,3.062311159286609e-08
2016-06-21,6.954460389416598e-08,4.331665243636707e-08,4.2664913210119507e-08
2016-06-22,7.48612826732437e-08,3.116346675523408e-08,3.092011873065216e-08
2016-06-23,5.8510711442007664e-08,1.7435637294178468e-08,1.6812692213302256e-08
2016-06-24,5.938524554390275e-08,1.9168732596903144e-08,1.856426836023968e-08
2016-06-27,8.099366959007719e-08,4.011210806031748e-08,3.9023882653649636e-08
2016-06-28,5.827776958573613e-08,1.605244126276599e-08,1.512974779637132e-08
2016-06-29,7.606979769270344e-08,4.892028081317348e-08,4.832774042566227e-08
2016-06-30,8.127627846267497e-08,4.607113929255526e-08,4.535265909180296e-08
2016-07-01,3.945788713785328e-08,1.374922696964792e-08,1.356444787415375e-08
2016-07-04,5.971896498981546e-08,1.7432162262897115e-08,1.6699497062050572e-08
2016-07-05,5.517522270527904e-08,1.3880495930695263e-08,1.3108542051535241e-08
2016-07-06,6.116047946276194e-08,1.9315762519771378e-08,1.8416603891757367e-08
2016-07-07,5.56695821290434e-08,1.3945644927258194e-08,1.3016812579246755e-08
2016-07-08,5.2066757886007154e-08,1.2855993839460854e-08,1.2159569046325748e-08
2016-07-11,4.537897660807766e-08,9.010083327810981e-09,8.315873975353112e-09
2016-07-12,6.159022085208398e-08,3.395153352511974e-08,3.491986306962304e-08
2016-07-13,5.2136607929531014e-08,1.4340665057094413e-08,1.3887515296550256e-08
2016-07-14,5.440455582951502e-08,1.581763678734635e-08,1.5074051780862822e-08
2016-07-15,3.7439987116768305e-08,1.1690258910626535e-08,1.1928563581088873e-08
2016-07-18,5.895677112848801e-08,4.410476752036297e-08,4.3618159362894056e-08
2016-07-19,6.424879791147635e-08,2.690571852463725e-08,2.5715171958919237e-08
2016-07-20,9.283282438658424e-08,5.616295758569489e-08,5.581914234677327e-08
2016-07-21,5.368327607492502e-08,2.661860943739369e-08,2.6136657833402944e-08
2016-07-22,4.141308722399001e-08,1.2729133208302144e-08,1.233941096247124e-08
2016-07-25,5.312016204687179e-08,1.7221098630753325e-08,1.670250303573778e-08
2016-07-26,4.409727113300955e-08,1.0324242272067745e-08,1.0000246667321415e-08
2016-07-27,6.814897584486436e-08,3.0401488647602996e-08,2.900042892241718e-08
2016-07-28,4.8947799821670896e-08,2.331628889162863e-08,2.2603347479118183e-08
2016-07-29,5.2358996962124136e-08,1.8750682941939354e-08,1.8544885373373776e-08
2016-08-01,1.0757116224933857e-07,1.1131078375168089e-07,1.1177350976425632e-07
2016-08-02,6.46865814705744e-08,3.777718698298113e-08,3.683437715974692e-08
2016-08-03,3.419717837409536e-08,1.477625360159104e-08,1.4747876757543206e-08
2016-08-04,6.1546973650615e-08,3.1622110068346346e-08,3.1340302108254634e-08
2016-08-05,8.972658916309687e-08,6.977265381433002e-08,6.732023688961657e-08
2016-08-08,4.9866507337942804e-08,1.9606271481188708e-08,2.0078398400085068e-08
2016-08-09,3.758203444848142e-07,4.4367709347064375e-07,4.4676570971565943e-07
2016-08-10,5.0299185922550946e-08,2.242410731205471e-08,2.2819209797224096e-08
2016-08-11,4.144706953345168e-08,1.2565903480254933e-08,1.302242983144011e-08
2016-08-12,3.919916331626783e-08,9.515910478468358e-09,9.554700950477392e-09
2016-08-15,3.9964394658488065e-08,1.2852234347401744e-08,1.3009026267197752e-08
2016-08-16,4.6029572694880166e-08,1.9938219911145467e-08,2.0282541139262976e-08
2016-08-17,1.1333016102810861e-07,8.640722975170495e-08,8.578194912283256e-08
2016-08-18,4.08676012537021e-08,1.993497513327181e-08,1.9134680838163655e-08
2016-08-19,2.4425818873439147e-07,2.489569508433385e-07,2.480254679027949e-07
2016-08-22,3.7883101249659604e-08,2.1781564428789263e-08,2.1671091283871557e-08
2016-08-23,5.7128224050594316e-08,3.6074592776354115e-08,3.621870676111228e-08
2016-08-24,2.3077701314111594e-08,8.24532024985532e-09,8.709808752140973e-09
2016-08-25,1.0821396927787907e-07,9.11267154228478e-08,9.048751816560239e-08
2016-08-26,2.4035130834889736e-08,1.4640788643488366e-08,1.4664556105476908e-08
2016-08-29,2.8195333827917305e-08,1.5028707007140035e-08,1.5184334431379884e-08
2016-08-30,3.116256562826481e-08,1.634438255649682e-08,1.599712192253406e-08
2016-08-31,2.3901651752635426e-08,8.998827072530099e-09,8.890411410980971e-09
2016-09-01,6.446104170412674e-08,4.801610116368883e-08,4.761152549191734e-08
2016-09-02,6.572887236895248e-08,5.764501214694318e-08,5.790228695566574e-08
2016-09-05,7.791988082748408e-07,8.16279400044085e-07,8.174857817358124e-07
2016-09-06,6.404081126825144e-08,6.496609241330931e-08,6.185199571737335e-08
2016-09-07,4.7806903215578466e-08,3.5760052127700005e-08,3.6265516504400794e-08
2016-09-08,2.791280793218938e-07,2.852986163079377e-07,2.7711016082493224e-07
2016-09-09,1.7411036451509028e-07,1.6369291744013536e-07,1.5297659618984457e-07
2016-09-12,1.5496606451239123e-07,1.5570146797857258e-07,1.6021343215404632e-07
2016-09-13,2.204835863596051e-08,2.1524016093036987e-08,2.4375955140669883e-08
2016-09-14,8.139890553907533e-08,6.009158341009266e-08,5.674272890568337e-08
2016-09-15,2.362538601547217e-08,1.9164424836427524e-08,1.843553366818425e-08
2016-09-16,6.809511510939592e-08,6.029321363856758e-08,6.115907988178747e-08
2016-09-19,3.154687469182804e-08,3.112299353578867e-08,3.172797184192137e-08
2016-09-20,7.518184162258523e-08,7.325957966526476e-08,7.255180418545452e-08
2016-09-21,3.849975496832192e-08,3.8715107692694615e-08,4.023425286901207e-08
2016-09-22,3.4453751007945634e-08,3.218324174708851e-08,3.321342769991667e-08
2016-09-23,2.7812382762757262e-08,2.4664364787940926e-08,2.5066105966671902e-08
2016-09-26,1.1147037223003629e-07,1.0439887432966938e-07,1.0148980949945408e-07
2016-09-27,1.0533278864940958e-07,9.777871187840371e-08,9.349331917254242e-08
2016-09-28,7.607875347479642e-08,8.353341662754859e-08,8.448214366302379e-08
2016-09-29,7.628829199311012e-08,6.454154121008809e-08,6.006588908584319e-08
2016-09-30,5.848881558367362e-08,5.729887077671097e-08,5.990276381923209e-08
2016-10-03,3.443311865645377e-08,3.494797226114044e-08,3.598469894043172e-08
2016-10-04,4.307745331046878e-08,3.990839833369734e-08,3.9982116847897904e-08
2016-10-05,3.2947872070801006e-08,2.8362717113483558e-08,2.7729089989142432e-08
2016-10-06,6.601466473961397e-08,6.173937532556305e-08,6.14469372650491e-08
2016-10-07,1.9355629644996457e-08,1.949740434962383e-08,1.965681913161516e-08
2016-10-10,7.623611324487387e-08,8.241972198221844e-08,8.173365154567284e-08
2016-10-11,1.7005673696482865e-08,1.5752722345211086e-08,1.548113270130955e-08
2016-10-12,1.6300785298707455e-08,1.3176390299863152e-08,1.2957683060285688e-08
2016-10-13,5.353783405318085e-08,4.8465335833147505e-08,4.708872473957469e-08
2016-10-14,8.915112985289739e-08,8.843458033155921e-08,8.973154865763557e-08
2016-10-17,1.7846106779887743e-08,1.5692076643032355e-08,1.5877544992596666e-08
2016-10-18,1.5853794084411334e-07,1.6008330767412006e-07,1.5842813493371632e-07
2016-10-19,2.341551598792923e-08,2.10828612824702e-08,2.148076079534155e-08
2016-10-20,3.349327773750591e-07,3.46937335551842e-07,3.428835022275029e-07
2016-10-21,3.9802771621510325e-08,3.643296335243294e-08,3.7552168433287136e-08
2016-10-24,1.1391334069161152e-07,1.0710492392033412e-07,1.0755962437886069e-07
2016-10-25,1.2967148454523522e-07,1.27125751832064e-07,1.2485464449700203e-07
2016-10-26,4.8767855024224474e-08,4.299323471236013e-08,4.442337594611253e-08
2016-10-27,2.3228761328338256e-08,2.793070876978043e-08,2.702740474755642e-08
2016-10-28,2.3568322413162187e-08,2.3503934111339915e-08,2.3710553705881626e-08
2016-10-31,2.202420721596842e-08,2.1829505369231424e-08,2.194945868535478e-08
2016-11-01,1.9181560176633704e-08,1.6479679834373212e-08,1.550463868811174e-08
2016-11-02,2.422707294308804e-07,2.49790595557678e-07,2.4967521643893084e-07
2016-11-03,1.9092307127537154e-08,2.0659359977337033e-08,2.148778991567065e-08
2016-11-04,4.939491324868488e-08,4.878935935120213e-08,4.726284367038243e-08
2016-11-07,1.2567674490028226e-08,1.4521357753464915e-08,1.5755171318067356e-08
2016-11-08,3.3090835195038096e-07,3.331756217725149e-07,3.2919194256149597e-07
2016-11-09,4.259185015189976e-08,4.690052624603604e-08,4.741608534443735e-08
2016-11-10,2.994252017125732e-08,3.23404364670446e-08,3.3818052829204276e-08
2016-11-11,5.208333069275958e-07,5.113219678473203e-07,5.024755809689018e-07
2016-11-14,3.555195415419578e-08,3.0194966783701123e-08,2.9524592604479637e-08
2016-11-15,1.85745385848233e-08,2.2898421934695837e-08,2.593797817139438e-08
2016-11-16,1.8867224383967104e-08,2.1109891216058398e-08,2.3627028530005525e-08
2016-11-17,1.891470830923767e-08,1.8847906356863568e-08,2.0842803729270777e-08
2016-11-18,1.214656681721373e-07,1.2367394492194593e-07,1.2081170097301735e-07
2016-11-21,2.024652045333559e-08,2.0645719974238074e-08,1.9872710551933146e-08
2016-11-22,1.2638204882125038e-08,1.1229768702274976e-08,1.2568088344507256e-08
2016-11-23,3.665574928502755e-08,3.493656181213675e-08,3.57059632646618e-08
2016-11-24,2.5564710469223488e-08,2.2670704066170078e-08,2.3537976270393644e-08
2016-11-25,3.5341336430511735e-08,3.513348088736404e-08,3.512169118621645e-08
2016-11-28,2.923934764984544e-08,2.7359282132585218e-08,2.744697117801964e-08
2016-11-29,2.3956281064333492e-08,2.0807831793932765e-08,2.1485519232967227e-08
2016-11-30,4.8521883585659764e-08,4.871954366095018e-08,4.826757432562684e-08
2016-12-01,2.5033086043027766e-08,2.611232339088761e-08,2.530384668950551e-08
2016-12-02,1.958556393858231e-07,2.0180721258975688e-07,1.9853588732300446e-07
2016-12-05,7.78300936549415e-08,7.216091146933769e-08,7.011917270755317e-08
2016-12-06,2.986039478382355e-08,2.989972677625101e-08,3.1313955198083235e-08
2016-12-07,4.5106046897388945e-08,4.118026379683167e-08,3.888270637189632e-08
2016-12-08,1.3768527429939162e-07,1.3540156512374158e-07,1.3509763536965284e-07
2016-12-09,1.3971379912371238e-07,1.390707002236276e-07,1.3814547001057116e-07
2016-12-12,7.228744005705714e-08,7.154375505327086e-08,7.066931803647224e-08
2016-12-13,1.2074597183375445e-07,1.1692239333891034e-07,1.1226146723154854e-07
2016-12-14,7.428658980139146e-08,7.684842527039475e-08,7.930387442034419e-08
2016-12-15,6.470798171499001e-08,6.908580995181996e-08,7.05933177605507e-08
2016-12-16,3.138896499811482e-08,3.494656590638532e-08,3.561059261091923e-08
2016-12-19,3.31214898616156e-08,3.3493704913672735e-08,3.336731517028442e-08
2016-12-20,2.859110931159225e-07,2.773387653587836e-07,2.7613200156428825e-07
2016-12-21,2.737034753199921e-08,3.235114851695792e-08,3.3206462576451304e-08
2016-12-22,6.176469527808469e-08,5.925668246652561e-08,5.987815554526753e-08
2016-12-23,2.099738738660019e-08,2.4291121259508655e-08,2.4585948512078334e-08
2016-12-26,3.2991788750015945e-08,3.5754959967480174e-08,3.586595995135683e-08
2016-12-27,2.6352685525491885e-08,2.670525095509765e-08,2.6387274065490802e-08
2016-12-28,6.263663629843735e-08,6.16434143269324e-08,6.137075463585696e-08
2016-12-29,4.0140797033336127e-08,3.7846472094041156e-08,3.681048339338596e-08
2016-12-30,2.6686063469494406e-08,2.717064423111413e-08,2.6086163383149353e-08
2017-01-02,6.204455609848123e-08,6.154193088997132e-08,6.040526689476942e-08
2017-01-03,3.036074096079998e-08,3.0127798682312943e-08,2.8843312262668645e-08
2017-01-04,1.946709989413863e-08,1.7980486100075767e-08,1.7679791886852902e-08
2017-01-05,1.2195110560856664e-07,1.2043263154196404e-07,1.200807878669966e-07
2017-01-06,3.931231548352434e-08,3.718131579297126e-08,3.6074599724849125e-08
2017-01-09,1.3795442886397706e-08,1.4708406472021068e-08,1.4281311546647065e-08
2017-01-10,7.829891499303934e-08,7.574228829985496e-08,7.391509757325318e-08
2017-01-11,1.4289760832910659e-08,1.5408012442118977e-08,1.4739044109528062e-08
2017-01-12,7.902063987414559e-08,7.748319651940736e-08,7.854442208626225e-08
2017-01-13,3.674182899122109e-08,3.7564025791411506e-08,3.647040084579608e-08
2017-01-16,8.914753976239122e-08,8.560712118378944e-08,8.679220087112325e-08
2017-01-17,6.641659955524691e-08,6.495133062879058e-08,6.463956707326768e-08
2017-01-18,3.424370154882131e-08,3.563052170260973e-08,3.475353908966702e-08
2017-01-19,2.963944819389872e-08,2.992225050742983e-08,2.9537001050611786e-08
2017-01-20,3.504495963532651e-08,3.3516221762432827e-08,3.2900620200322375e-08
2017-01-23,6.735987316948052e-08,6.790870854334243e-08,6.754982769981803e-08
2017-01-24,4.277812968669424e-08,4.384987860536986e-08,4.2899003036350436e-08
2017-01-25,2.6649945274450857e-08,2.4186895750489634e-08,2.3151689967914092e-08
2017-01-26,5.850804209550597e-08,5.805777652047531e-08,5.8172903969658906e-08
2017-01-27,3.6516104907482103e-07,3.602341098426683e-07,3.590130303713863e-07
2017-01-30,2.816346324948057e-07,2.6017888002898965e-07,2.5176916087454236e-07
2017-01-31,8.020416977342904e-08,7.855069509159373e-08,8.120675562891063e-08
2017-02-01,1.3838892530435567e-07,1.2306735357480623e-07,1.1808571578754735e-07
2017-02-02,1.3566776112854529e-08,2.287136624594322e-08,2.5323458574613094e-08
2017-02-03,2.0092400166777106e-07,1.9258951318776003e-07,1.920156081091616e-07
2017-02-06,2.0301277458469442e-07,1.7960980685563313e-07,1.7329474412947535e-07
2017-02-07,9.64340693106899e-08,8.744123718626581e-08,8.916706378135175e-08
2017-02-08,3.048199363878084e-08,4.1039658769392537e-08,4.4056418422596525e-08
2017-02-09,2.1301910955908553e-07,1.9721822286527046e-07,1.891255734399792e-07
2017-02-10,2.360300389034999e-07,2.1722113430689205e-07,2.0862300227457116e-07
2017-02-13,7.205235198525494e-08,6.665581242169337e-08,6.461275546327995e-08
2017-02-14,7.638185778752753e-08,7.061044355226152e-08,6.853946756107501e-08
2017-02-15,1.3954724538277084e-07,1.2905476816912582e-07,1.2832887718783298e-07
2017-02-16,9.165382352873855e-08,1.0151502781098869e-07,1.0399739326841223e-07
2017-02-17,2.179262972287567e-08,3.319435098644839e-08,3.462952567527756e-08
2017-02-20,4.1948522336344674e-07,3.906422394327225e-07,3.814832707934568e-07
2017-02-21,2.413002478812293e-08,4.052400546146494e-08,4.449195132205e-08
2017-02-22,6.265798550916303e-08,5.0746550456486106e-08,4.665842636884115e-08
2017-02-23,2.986705828651074e-07,2.589564420290312e-07,2.535483252574369e-07
2017-02-24,3.9565260540544333e-07,3.5182689140593667e-07,3.407567508365139e-07
2017-02-27,1.8745312977181658e-08,4.0615647216141296e-08,4.604710291736523e-08
2017-02-28,1.098900672544251e-06,9.938585851804283e-07,9.70119808085381e-07
2017-03-01,5.226048465340453e-08,7.878884833413951e-08,8.569564026629142e-08
2017-03-02,2.557718359891457e-08,4.938731046184583e-08,5.651266373671919e-08
2017-03-03,4.027297959150223e-08,5.812136820364518e-08,6.382075367029889e-08
2017-03-06,8.196444370695788e-08,7.227543617998711e-08,7.168341323333531e-08
2017-03-07,3.008515482512915e-08,4.649488810928802e-08,4.990842642349258e-08
2017-03-08,1.7946025242455193e-08,2.937292635563987e-08,3.172521968080541e-08
2017-03-09,2.561762782442468e-08,3.3720986349843444e-08,3.500127363623095e-08
2017-03-10,2.4151504607088717e-07,2.2433004548291352e-07,2.187664374284322e-07
2017-03-13,5.425800718985157e-08,6.451114087746584e-08,6.744792117766809e-08
2017-03-14,5.4141339527801324e-08,4.914643227559441e-08,4.900412207603596e-08
2017-03-15,1.73301881252377e-07,1.6292727358920795e-07,1.584606350189993e-07
2017-03-16,6.04587351946667e-08,6.414326294403126e-08,6.396799569952188e-08
2017-03-17,9.584872365369776e-08,8.916009785274761e-08,8.652975525739967e-08
2017-03-20,4.760491658206579e-08,5.585405613020801e-08,5.792510356688991e-08
2017-03-21,1.6172115705856577e-08,2.221739413729359e-08,2.3457535345576983e-08
2017-03-22,5.72457965748822e-08,6.017106495588124e-08,6.04342924580386e-08
2017-03-23,6.171200700833916e-08,6.347296758822288e-08,6.346667407503198e-08
2017-03-24,6.923055889300138e-08,6.67431158541799e-08,6.531713339110809e-08
2017-03-27,9.680917648678684e-08,8.926654315595062e-08,8.555280971648915e-08
2017-03-28,4.613474225296807e-07,4.4437704043113773e-07,4.3754185248956935e-07
2017-03-29,1.6569453114272378e-08,3.1677039957919204e-08,3.5204241739703096e-08
2017-03-30,5.3778981966601195e-08,5.5488285656529714e-08,5.704205810414573e-08
2017-03-31,4.186463534038322e-08,4.643891932296054e-08,4.922480011336404e-08
2017-04-03,3.9917863649705776e-08,4.508887206907919e-08,4.656191383311713e-08
2017-04-04,6.561400869540801e-08,7.13029673837175e-08,7.063887607159423e-08
2017-04-05,3.306979355699682e-08,3.7211239945686386e-08,3.7880938295688694e-08
2017-04-06,1.5324200970332078e-07,1.5394981833151276e-07,1.5082785251148423e-07
2017-04-07,2.715720951714796e-08,3.077739486584757e-08,3.171903122520344e-08
2017-04-10,2.481595972644516e-08,2.8284195626313786e-08,2.7929535614928006e-08
2017-04-11,8.988240883704592e-08,8.813721514441399e-08,8.589138220359684e-08
2017-04-12,1.4034649303285923e-07,1.43215536873398e-07,1.4161283954934643e-07
2017-04-13,7.01070554944236e-08,7.142046021364171e-08,6.93456068186726e-08
2017-04-14,8.104208527104371e-08,8.051216955698433e-08,7.783113348323793e-08
2017-04-17,2.2537249306746734e-08,2.653106330791365e-08,2.5857396323164866e-08
2017-04-18,5.1554219643194164e-08,5.331454820407035e-08,5.421881992493975e-08
2017-04-19,5.884216047234746e-08,5.9464389888295096e-08,5.7548973101960283e-08
2017-04-20,2.8492024786051047e-08,3.0291625869629735e-08,2.883188404427917e-08
2017-04-21,7.407411207920194e-08,7.436982033744496e-08,7.229230979352443e-08
2017-04-24,8.008807034020318e-08,7.862697222995095e-08,7.614318326486512e-08
2017-04-25,4.956943847014483e-08,4.716814832952112e-08,4.7359952501813195e-08
2017-04-26,5.3131855590472635e-08,5.477896596859978e-08,5.367669798790883e-08
2017-04-27,4.080070761696313e-08,3.9208666473547186e-08,4.039897202686413e-08
2017-04-28,2.3440280131599512e-08,2.335785477002821e-08,2.2331701627020144e-08
2017-05-01,6.951033042425802e-08,7.216616971995378e-08,7.503343080884157e-08
2017-05-02,2.6493980096332222e-08,2.7803640813126867e-08,2.7295138940298357e-08
2017-05-03,2.8078509336361288e-08,2.8313970838481182e-08,2.7282499092254732e-08
2017-05-04,2.8512023626005664e-08,2.7931124509893317e-08,2.641202081584118e-08
2017-05-05,3.4419338158714354e-08,3.4571581806214505e-08,3.5616548485227875e-08
2017-05-08,7.946852997329083e-08,7.822843922397118e-08,7.686727456934726e-08
2017-05-09,1.8592928055191393e-08,1.8426335632030627e-08,1.7509982252529572e-08
2017-05-10,3.880748847024219e-08,3.840368833274935e-08,3.803716911599373e-08
2017-05-11,2.1127706286210945e-08,1.948940444542009e-08,1.895111678712039e-08
2017-05-12,5.5341401334567523e-08,5.5632929362529803e-08,5.634970837915794e-08
2017-05-15,4.139943246260399e-08,4.254283798907937e-08,4.1355404556649034e-08
2017-05-16,4.218562519867776e-08,4.1070653880425126e-08,4.02752168903769e-08
2017-05-17,4.36085027466949e-08,4.137419621101208e-08,4.127951701842445e-08
2017-05-18,4.102102789120647e-08,3.7379615287102473e-08,3.599554841460425e-08
2017-05-19,3.626173704735316e-08,3.204492544560987e-08,3.026270458197071e-08
2017-05-22,2.0056722000231845e-08,1.7907275502030007e-08,1.6862754069360333e-08
2017-05-23,2.3935573818646315e-08,2.0560365836268777e-08,1.9533699483543662e-08
2017-05-24,2.0209465484803134e-08,1.8527755802243768e-08,1.9702414867151296e-08
2017-05-25,4.739569020456425e-08,4.1055883732373e-08,4.037427170181976e-08
2017-05-26,2.3912413213980165e-08,2.363457862783986e-08,2.226897031804165e-08
2017-05-29,3.83538776742023e-08,3.9437192761933293e-08,4.089519482492833e-08
2017-05-30,2.364842883389942e-08,1.946600066986903e-08,1.849099652715468e-08
2017-05-31,2.8743613609854082e-08,2.5213850679043128e-08,2.525748923050007e-08
2017-06-01,1.5085939279257922e-08,9.749921189237432e-09,8.962326318313358e-09
2017-06-02,1.1842864561110754e-08,8.816151158034224e-09,8.22092942553558e-09
2017-06-05,2.5564122615994545e-08,2.316453489598659e-08,2.2830701985178113e-08
2017-06-06,3.873202975679408e-08,3.364844257100241e-08,3.237196766939943e-08
2017-06-07,3.0125022912292456e-08,2.708260010365535e-08,2.6987266770012652e-08
2017-06-08,3.8401796719948084e-08,3.344894104455595e-08,3.204874004064626e-08
2017-06-09,3.1726300785455894e-08,2.8095359173245654e-08,2.719914134967735e-08
2017-06-12,2.0872062238279622e-08,1.6155478388098266e-08,1.4931475081445344e-08
2017-06-13,5.4359663759479506e-08,4.8568173566250824e-08,4.616375298358913e-08
2017-06-14,4.578241780632727e-08,4.5831519143488075e-08,4.604478464234212e-08
2017-06-15,2.051917517368703e-08,2.0259778606884594e-08,2.0688824316433742e-08
2017-06-16,1.424280760684159e-07,1.5253399218190327e-07,1.5570396125396154e-07
2017-06-19,3.2378906701685956e-08,2.9285566433151436e-08,2.7813896287133138e-08
2017-06-20,4.87334541815221e-08,4.6535217675657316e-08,4.644259295413015e-08
2017-06-21,1.627695855492395e-08,1.2869020452885676e-08,1.1780898367103373e-08
2017-06-22,9.519639465747649e-08,9.371365101619745e-08,9.400745745452876e-08
2017-06-23,2.5954665015930836e-08,2.174278208434977e-08,2.0129747007282e-08
2017-06-26,1.7111288828929576e-08,1.3936898578752711e-08,1.3949312032542943e-08
2017-06-27,1.8889566445594155e-08,1.4340344957695418e-08,1.3800274374092047e-08
2017-06-28,2.337367396416552e-08,1.931966844108106e-08,1.8240896513469034e-08
2017-06-29,3.081373451238119e-08,2.7861344927072096e-08,2.807695497531135e-08
2017-06-30,5.244817590049925e-08,4.928057064076256e-08,4.852169953431772e-08
2017-07-03,2.3805820690544408e-08,1.7835220352905006e-08,1.7169403432194183e-08
2017-07-04,3.4803554731225235e-08,3.0514009035010926e-08,2.8534918100640515e-08
2017-07-05,1.4832991807316305e-08,1.0437219994629743e-08,9.511967916596847e-09
2017-07-06,2.8907749860023275e-08,2.290504657893049e-08,2.1009802610732365e-08
2017-07-07,2.086457752086471e-08,1.5035671349784923e-08,1.3266657826122528e-08
2017-07-10,1.7505995316735146e-08,1.2347656371356423e-08,1.1772968672320896e-08
2017-07-11,2.5814264704453447e-08,1.999896712776122e-08,1.7978060661586303e-08
2017-07-12,1.411051202193056e-08,8.096359929254343e-09,7.074632796895262e-09
2017-07-13,2.3632276254306103e-08,1.7532191857112192e-08,1.657093620251927e-08
2017-07-14,1.4004631270972223e-08,8.093533762732163e-09,7.115809161315267e-09
2017-07-17,2.0601345496988754e-08,1.7883674482226086e-08,1.7589983140839727e-08
2017-07-18,1.500961641012654e-08,7.124015830251001e-09,6.2930563664465735e-09
2017-07-19,1.8736680399572366e-08,1.0428214226448094e-08,9.785596636897086e-09
2017-07-20,1.5615807196642385e-08,7.205857339794421e-09,6.388442009184297e-09
2017-07-21,2.5953094511572117e-08,1.7631398115672727e-08,1.683798169614602e-08
2017-07-24,1.9487967902535296e-08,1.3539815918816116e-08,1.3247612667356756e-08
2017-07-25,1.936832097899579e-08,1.3793505618866291e-08,1.2984990788791058e-08
2017-07-26,4.22818013863454e-08,4.0544270501573255e-08,4.0862538715603767e-08
2017-07-27,3.070415147589341e-08,2.325679927468534e-08,2.1872200180472463e-08
2017-07-28,1.730111677474738e-08,1.0232063566692859e-08,9.24329994505677e-09
2017-07-31,1.715599954547451e-08,1.1001688401171013e-08,1.055002607825843e-08
2017-08-01,1.5565945874299088e-08,8.000559917131824e-09,7.053965921426897e-09
2017-08-02,1.5800128687920336e-08,8.972146537841996e-09,8.699376834341296e-09
2017-08-03,1.4356335058917184e-08,7.479617927449197e-09,6.989313724467818e-09
2017-08-04,1.7967992993542813e-08,9.221351663199646e-09,8.484624978019102e-09
2017-08-07,2.4551487353234093e-08,1.6062174388247912e-08,1.4623114913622167e-08
2017-08-08,1.3330484594002183e-08,1.026857460454424e-08,1.024248650274749e-08
2017-08-09,1.82375828037707e-08,1.4135193385121844e-08,1.3501775566644776e-08
2017-08-10,4.8283661734137126e-08,4.146056143724878e-08,3.985525593587043e-08
2017-08-11,1.9998270821088637e-08,1.3205041447490186e-08,1.2399161785821245e-08
2017-08-14,3.900354821935991e-08,4.386057423618307e-08,4.4749583315405645e-08
2017-08-15,6.618969663719286e-08,6.695433648038169e-08,6.607049024848462e-08
2017-08-16,4.616238431533109e-08,3.966809776231033e-08,3.6682949447189687e-08
2017-08-17,1.9207802212039758e-08,1.702060058776177e-08,1.708968878911082e-08
2017-08-18,1.2618023505684913e-07,1.2282990004732164e-07,1.1705522914393973e-07
2017-08-21,2.6118990810262514e-07,2.63281036632838e-07,2.5657949990835953e-07
2017-08-22,4.6041956192732244e-08,4.4363783592800475e-08,4.2309895816276495e-08
2017-08-23,7.726205756063965e-08,7.34510400487178e-08,7.210266858689865e-08
2017-08-24,1.640744578152745e-08,1.559407254169139e-08,1.6714256582676577e-08
2017-08-25,8.376042658377626e-08,8.38627939387858e-08,8.07572794752114e-08
2017-08-28,4.648932002367206e-08,4.3620531931969616e-08,4.2474954938867366e-08
2017-08-29,5.4495145561648545e-08,5.1699773684632164e-08,5.007798462693567e-08
2017-08-30,3.686421924874014e-08,3.4915362636947794e-08,3.551644871670212e-08
2017-08-31,8.358928191553611e-08,8.472536566201211e-08,8.125330278539426e-08
2017-09-01,1.2295963298979482e-08,1.0624201570270055e-08,1.112323256686961e-08
2017-09-04,2.8690163250563797e-08,3.02095655434242e-08,3.265780080322092e-08
2017-09-05,1.9041553313633095e-08,1.476259740203903e-08,1.5115838259507637e-08
2017-09-06,4.859036093674504e-08,4.5019981580798904e-08,4.540512504955248e-08
2017-09-07,2.8438931140343094e-08,2.5910924648455455e-08,2.437155419259616e-08
2017-09-08,1.0580631453845199e-07,1.0127425113434178e-07,9.589432420526576e-08
2017-09-11,1.4727972248583787e-08,1.128804737132027e-08,1.1168380959608261e-08
2017-09-12,3.003801281252824e-08,2.5242900520584776e-08,2.4764237034372764e-08
2017-09-13,3.906762899385122e-08,3.91860242438612e-08,3.996561375437682e-08
2017-09-14,5.29422590562234e-08,4.919132451313822e-08,4.7497302392482955e-08
2017-09-15,9.093344093950357e-08,1.0674985828464655e-07,1.0940192179339543e-07
2017-09-18,6.96634127189911e-08,6.569310794954264e-08,6.320085009945913e-08
2017-09-19,2.247828371529774e-07,2.322338318578398e-07,2.3137288207623022e-07
2017-09-20,3.5774109674404335e-08,3.242692435277811e-08,3.328367322650881e-08
2017-09-21,4.769974556128419e-08,5.288710817102953e-08,5.364056283887795e-08
2017-09-22,5.101871346404636e-08,5.310046821786831e-08,5.5101200518036995e-08
2017-09-25,1.852319411766656e-08,1.721195712052793e-08,1.753191088325328e-08
2017-09-26,1.2731899568654039e-07,1.2642922847605288e-07,1.2376333188980396e-07
2017-09-27,2.0185420075968504e-07,1.9549179897734708e-07,1.9289845253482265e-07
2017-09-28,3.988159545815983e-08,4.153006775939657e-08,4.1040480307850654e-08
2017-09-29,2.3788425574442608e-08,2.4287664397241714e-08,2.5474894054652168e-08
2017-10-02,1.6669184997924484e-07,1.6529853789609166e-07,1.666863765195191e-07
2017-10-03,2.958051689804091e-08,2.8562977530648147e-08,2.89054510289436e-08
2017-10-04,2.3768007695744026e-08,2.3682058560148753e-08,2.297171091091706e-08
2017-10-05,1.7118332644923512e-08,1.604393534848293e-08,1.5605474938070657e-08
2017-10-06,8.734018109145332e-08,8.643157610968124e-08,8.391371407534064e-08
2017-10-09,2.75344373742409e-08,2.655258617368645e-08,2.5653474853160185e-08
2017-10-10,3.0740873992660966e-08,2.8920839366789807e-08,2.8322418029286417e-08
2017-10-11,1.0814579141151693e-07,1.0520543012146137e-07,1.0376953657730755e-07
2017-10-12,2.2647945758254237e-08,2.094410597947761e-08,1.963535693193751e-08
2017-10-13,1.0559032976588997e-07,1.0231343883835091e-07,9.761524128134574e-08
2017-10-16,4.592486763803314e-08,4.40499257144011e-08,4.011480970141469e-08
2017-10-17,8.924262388022569e-08,9.026516942688019e-08,9.338512391019575e-08
2017-10-18,5.49220043078665e-08,5.336969063471781e-08,5.034928262296913e-08
2017-10-19,3.8516144631965106e-08,3.637887972242538e-08,3.6660958521736104e-08
2017-10-20,1.1241563583034983e-07,1.0923317405620588e-07,1.0284887596920318e-07
2017-10-23,3.2384521953778683e-07,3.1406280790955304e-07,3.0960048069302157e-07
2017-10-24,1.6404249166461454e-07,1.601402837498264e-07,1.6074491274085112e-07
2017-10-25,1.3023181233312683e-08,1.6388702767591947e-08,1.4814655479659121e-08
2017-10-26,4.632571795411113e-08,4.495915209101757e-08,4.4742354776121895e-08
2017-10-27,2.8111991038414163e-08,3.067358495222177e-08,2.9616908392172016e-08
2017-10-30,4.885949731803011e-08,4.6616267430132874e-08,4.5529393511265943e-08
2017-10-31,6.488075809834436e-08,6.405435774173366e-08,6.168934383455102e-08
2017-11-01,4.91076467382554e-07,4.85231130905746e-07,4.6963680573274323e-07
2017-11-02,2.364486224920098e-08,2.956696330834639e-08,2.575050293348294e-08
2017-11-03,3.239641485333722e-08,3.1411583011210004e-08,3.433126669289829e-08
2017-11-06,1.5095568392506166e-07,1.482751004268978e-07,1.4117716053598428e-07
2017-11-07,1.7843166885095928e-08,2.326112818935455e-08,2.2368998393555273e-08
2017-11-08,6.855221692658609e-08,6.647147547808499e-08,5.5686854731642715e-08
2017-11-09,6.046704086593656e-08,5.952529156830017e-08,6.237369752883313e-08
2017-11-10,1.5325207828323174e-07,1.5303426831098676e-07,1.445996402760172e-07
2017-11-13,2.1920019397424894e-08,2.2203538607474182e-08,2.1709452742906305e-08
2017-11-14,1.1571494552413353e-07,1.11215459778223e-07,1.1285930153371448e-07
2017-11-15,2.9688338800376966e-08,2.568141652576472e-08,2.7300733552169626e-08
2017-11-16,1.0602279667137868e-07,9.935458258759974e-08,1.0097109736453219e-07
2017-11-17,2.0533979305309453e-08,1.7679029174642406e-08,2.0372963589856937e-08
2017-11-20,7.034124429722949e-08,7.315299124921245e-08,7.29912340888395e-08
2017-11-21,3.491136249650863e-08,3.270408952587944e-08,3.2823679021463984e-08
2017-11-22,1.2229428499757277e-07,1.1567280974997514e-07,1.0878673383489539e-07
2017-11-23,6.767051272135005e-08,5.6374537747064856e-08,5.826029292987747e-08
2017-11-24,3.0751273399041516e-08,3.161903721487848e-08,3.259984084551842e-08
2017-11-27,1.3608184678010023e-08,1.4207942163848576e-08,1.5229406837946835e-08
2017-11-28,5.4999410169384117e-08,4.7167662415859905e-08,4.830475133020292e-08
2017-11-29,6.971351933252729e-07,6.642740543350783e-07,6.657446525684341e-07
2017-11-30,9.193163864749944e-08,8.342404564570733e-08,8.078641094524435e-08
2017-12-01,2.0116657207622114e-06,1.831134249642164e-06,1.8017932497309187e-06
2017-12-04,1.8738620400746303e-07,1.3914195170215653e-07,1.5195370042053e-07
2017-12-05,3.885266594100622e-08,8.634901189760185e-08,9.02093286574017e-08
2017-12-06,3.4237659785163304e-08,7.80871533688956e-08,8.36847018386692e-08
2017-12-07,3.3491670597855005e-08,5.622880866773257e-08,6.162396701472385e-08
2017-12-08,3.511577046330167e-07,2.8738968354745565e-07,2.757283507598348e-07
2017-12-11,2.2371066487704846e-08,3.980790095223749e-08,4.50696381235882e-08
2017-12-12,2.4331526721924272e-08,3.947617439213188e-08,4.376443292840437e-08
2017-12-13,3.2254516644651045e-08,3.496780347422324e-08,3.5188258492156695e-08
2017-12-14,1.1486128086596138e-07,1.1303238982593484e-07,1.1548755945721892e-07
2017-12-15,2.0834851954648582e-08,2.5674538000498547e-08,2.5268881790769506e-08
2017-12-18,1.9430185795216218e-08,2.5189810260289994e-08,2.603601622672577e-08
2017-12-19,2.0830967358659544e-08,2.012360447063649e-08,2.1463783701656666e-08
2017-12-20,2.9733070624558336e-08,3.023762038711055e-08,2.898777512835738e-08
2017-12-21,1.7145222435449262e-08,1.6428472574186547e-08,1.7130554527428788e-08
2017-12-22,5.357278438997995e-08,5.347959912049694e-08,5.282841779417806e-08
2017-12-25,3.3828223352466376e-08,3.301185479557271e-08,3.3437715280342074e-08
2017-12-26,2.3938184055037453e-08,2.250238266070526e-08,2.0980007163565482e-08
2017-12-27,2.521164483070656e-08,2.3111816571580205e-08,2.330123064379379e-08
2017-12-28,7.667483906222082e-08,8.001048920062977e-08,7.929532981045513e-08
2017-12-29,6.914750172813216e-08,6.99543482183819e-08,6.867248347104362e-08
2018-01-01,2.647922539510483e-08,2.529090554962393e-08,2.5361740980678883e-08
2018-01-02,1.8653227347828542e-08,1.8188801020161787e-08,1.84115992724017e-08
2018-01-03,2.36088897320915e-08,1.962053843486889e-08,1.969911035749048e-08
2018-01-04,1.2997128269670617e-08,1.0826820547881109e-08,1.1261865334432664e-08
2018-01-05,4.092492039084213e-08,3.9372869775640695e-08,3.9777288491436206e-08
2018-01-08,2.546848772446156e-08,2.1500222298541827e-08,2.0655218560522612e-08
2018-01-09,1.415129989966332e-08,1.03831951253426e-08,1.026271947400104e-08
2018-01-10,3.066818465673102e-08,3.272458266914174e-08,3.2596917806414787e-08
2018-01-11,1.9728879176752693e-08,1.6855145199632253e-08,1.6851393840585613e-08
2018-01-12,2.317135970075608e-08,1.7000856305183008e-08,1.62204005609153e-08
2018-01-15,2.109380758716802e-08,2.2053711515790665e-08,2.1881479327114446e-08
2018-01-16,1.2894582970452776e-08,1.1820068113763388e-08,1.1889984896612655e-08
2018-01-17,3.769877147510472e-08,3.49094003280868e-08,3.534765687018489e-08
2018-01-18,1.832621602556333e-08,1.4369969614834253e-08,1.4250291430265386e-08
2018-01-19,2.254098285477551e-08,1.8863727115036896e-08,1.8520350378999544e-08
2018-01-22,3.595779119492666e-08,3.301213190960358e-08,3.245646796513847e-08
2018-01-23,2.629597866712681e-08,2.39957013762609e-08,2.3671275372553958e-08
2018-01-24,1.1577167268465894e-08,7.056013942201029e-09,6.9140508894026786e-09
2018-01-25,2.5445411481663253e-08,2.1110413639659467e-08,2.0946042018027215e-08
2018-01-26,2.4673833810552012e-08,2.3186656666801803e-08,2.3210298882103208e-08
2018-01-29,2.10661111656343e-08,1.844090558318231e-08,1.8520483625897905e-08
2018-01-30,2.9526527445182767e-08,3.0366861346850676e-08,3.069066732781359e-08
2018-01-31,2.1606057575108703e-08,1.8208807566432656e-08,1.8015423423689118e-08
2018-02-01,2.3028961647793204e-08,1.897931000226647e-08,1.8569299532311075e-08
2018-02-02,4.269990391885762e-08,3.9606124966178247e-08,3.858171830525082e-08
2018-02-05,1.510021772942625e-08,1.2032681580094023e-08,1.126650504296566e-08
2018-02-06,8.477318709819105e-08,8.089497929874505e-08,7.918401054038051e-08
2018-02-07,1.130840991890513e-08,8.510867131184936e-09,8.430415166605198e-09
2018-02-08,3.501817756371836e-08,3.469871413026111e-08,3.3007963057258466e-08
2018-02-09,2.122840799620492e-08,1.9765277392951526e-08,2.008924170360767e-08
2018-02-12,4.4871593473674554e-08,4.873880989872498e-08,4.929656329606574e-08
2018-02-13,1.934920528794881e-08,1.60667775641851e-08,1.5784266654927453e-08
2018-02-14,2.288530504027467e-08,1.9614237105080335e-08,1.8586374648108995e-08
2018-02-15,8.904627966220415e-09,6.092098643167045e-09,5.820958720204793e-09
2018-02-16,1.650061785244383e-08,1.386961753315092e-08,1.3649142350320139e-08
2018-02-19,2.5764724742001018e-08,2.3533911447579305e-08,2.3549766963079562e-08
2018-02-20,3.707491867689264e-08,3.477061810238354e-08,3.389698125384837e-08
2018-02-21,4.07832141242681e-08,3.8830714913521586e-08,3.886950961200372e-08
2018-02-22,3.749719378368648e-08,3.987531624426963e-08,3.911681697225701e-08
2018-02-23,1.994748411680669e-08,1.764863583112837e-08,1.686809155834412e-08
2018-02-26,1.2104936505281586e-08,9.63742991753085e-09,9.272893723259434e-09
2018-02-27,2.4521424381066684e-08,2.1081789881282346e-08,2.0219759376671695e-08
2018-02-28,1.1796550274436754e-08,8.915511615316058e-09,8.735222772688137e-09
2018-03-01,1.4614540159073204e-08,1.0464365815351406e-08,1.0006311105353604e-08
2018-03-02,3.712119583761927e-08,3.3127914626455334e-08,3.213111663100162e-08
2018-03-05,1.5184983659250876e-08,1.2696831560046136e-08,1.2909536499146094e-08
2018-03-06,8.63453986345732e-09,5.318947297449979e-09,4.985322285875022e-09
2018-03-07,7.612462476583935e-09,5.255420157027281e-09,5.2146511592915125e-09
2018-03-08,1.2739471320227311e-08,8.848338253590513e-09,8.306507286722255e-09
2018-03-09,1.1331625925352275e-08,8.809932863968013e-09,8.512360322088824e-09
2018-03-12,6.118140265723516e-08,5.8910338869920755e-08,5.885644714929901e-08
2018-03-13,3.797472459118872e-08,3.663222532423763e-08,3.645826886247966e-08
2018-03-14,3.1577840483555494e-08,3.038037173147614e-08,3.0015018353402084e-08
2018-03-15,1.7219833212140296e-08,1.5373983825813164e-08,1.51192732228781e-08
2018-03-16,1.4325319671585124e-08,1.1132650719989882e-08,1.0770023637053354e-08
2018-03-19,2.7255666293392614e-08,2.5606592450383903e-08,2.6121798510255462e-08
2018-03-20,1.8335555845566664e-08,1.5627002531978155e-08,1.5098717108595673e-08
2018-03-21,3.775949850488111e-08,3.948483535182439e-08,4.033750920050453e-08
2018-03-22,4.707353268982102e-08,4.461676231671356e-08,4.3875626231432246e-08
2018-03-23,1.8172397416368552e-07,1.7359741826760417e-07,1.6822873753950775e-07
2018-03-26,2.2287587621096813e-08,2.3060241774934777e-08,2.2830763666493164e-08
2018-03-27,1.9454043041152147e-08,1.8433571375086492e-08,1.8383841276811198e-08
2018-03-28,1.4562282435433323e-08,1.2739597481455546e-08,1.2658251543849068e-08
2018-03-29,8.774686639379226e-08,8.431018100287942e-08,8.493066404673064e-08
2018-03-30,3.8154458704927526e-08,3.813958153357208e-08,3.768626824922092e-08
2018-04-02,7.839578982650517e-08,7.08276071021859e-08,6.947253387907852e-08
2018-04-03,1.715349396679909e-08,1.570680141464975e-08,1.5132592998411813e-08
2018-04-04,1.4707856305377014e-08,1.4314050052710537e-08,1.4272161104213271e-08
2018-04-05,2.5589679452889386e-08,2.1458699132256238e-08,2.1077728780174232e-08
2018-04-06,1.5551699392373874e-08,1.2619800230257415e-08,1.308513736701598e-08
2018-04-09,1.4303986383836107e-07,1.3914751730211486e-07,1.3715063367338884e-07
2018-04-10,2.102570222041971e-08,2.3702006798502858e-08,2.4862601186348933e-08
2018-04-11,2.75968634920684e-08,2.9052042949901437e-08,2.8796573928109895e-08
2018-04-12,2.3009411532007765e-08,2.3261452833489847e-08,2.3785277506835948e-08
2018-04-13,1.0013095731895702e-07,9.926121819278797e-08,9.825070664560031e-08
2018-04-16,2.558383181246887e-08,2.25294876152699e-08,2.1258519169732784e-08
2018-04-17,8.959127519117522e-08,9.163566946559693e-08,9.003755197730663e-08
2018-04-18,4.886094097618295e-08,4.596058627928968e-08,4.4138722300739776e-08
2018-04-19,2.602562692093477e-08,2.5542204203745577e-08,2.463768557439951e-08
2018-04-20,6.924271336071209e-09,7.0252920147730475e-09,7.106785174174605e-09
2018-04-23,1.3273583446547228e-08,1.2670314168718666e-08,1.3011677919199113e-08
2018-04-24,2.150930732144871e-08,1.9289210053445995e-08,1.8806477376428453e-08
2018-04-25,7.811922623587744e-09,5.877849338480788e-09,5.998568119819071e-09
2018-04-26,1.6676543853145538e-08,1.5909620622159172e-08,1.653395369523295e-08
2018-04-27,5.453206467659735e-08,5.3904412893957854e-08,5.319218002872168e-08
2018-04-30,3.769056366243535e-08,3.451282485631902e-08,3.3695774536916305e-08
2018-05-01,2.3744369034611304e-08,2.4126378871034412e-08,2.3939021531901655e-08
2018-05-02,7.585496518499825e-08,7.620399568112188e-08,7.664727560311785e-08
2018-05-03,1.2789487507261718e-07,1.2642138917523317e-07,1.2679245457444485e-07
2018-05-04,7.04630838103578e-08,7.152509670282865e-08,7.0622659397536e-08
2018-05-07,4.247487838117674e-08,4.2647811163138944e-08,4.3765260542832504e-08
2018-05-08,7.24084196879925e-08,7.060453526839357e-08,6.907688690398304e-08
2018-05-09,4.7527799220723336e-07,4.809970833907391e-07,4.7605499041808395e-07
2018-05-10,2.708666374133177e-08,3.5886060705202826e-08,3.747152607504487e-08
2018-05-11,3.001914017437281e-08,2.67377278473566e-08,2.396286006314783e-08
2018-05-14,6.316420078210859e-08,6.074735597105642e-08,6.290263704325567e-08
2018-05-15,9.736750125144793e-08,8.830088727803185e-08,8.747127978902299e-08
2018-05-16,4.094599084435834e-08,3.731684322538087e-08,3.5415769329120555e-08
2018-05-17,1.4231932934518921e-07,1.294426287946962e-07,1.2358621215477442e-07
2018-05-18,8.712495412702119e-09,1.2358089907506915e-08,1.3953705845680898e-08
2018-05-21,4.130049520906411e-08,3.887556120419194e-08,4.114173461107191e-08
2018-05-22,2.6826433690259544e-08,2.4939982651909688e-08,2.3935610406341952e-08
2018-05-23,3.9117641360319704e-08,3.857666915948416e-08,3.8797634123240505e-08
2018-05-24,3.40461716889763e-07,3.2953354443041747e-07,3.20494138831929e-07
2018-05-25,1.0022642251008869e-07,1.0298194204309812e-07,1.0057402363385081e-07
2018-05-28,2.6253387986076126e-08,3.093349330730108e-08,3.3374037244848075e-08
2018-05-29,2.2854804210293186e-08,2.4705859707050318e-08,2.6810726799424626e-08
2018-05-30,1.1956353731229614e-07,1.1477794074532886e-07,1.1573805334042442e-07
2018-05-31,1.7342995232399558e-07,1.7254109659223984e-07,1.7011345862826324e-07
2018-06-01,4.424883016291706e-08,4.587750308694455e-08,4.8713081343306315e-08
2018-06-04,3.037480248748536e-07,2.8979402655002e-07,2.8093332510948007e-07
2018-06-05,2.3413335759216297e-08,3.189497114259486e-08,3.4811031231317134e-08
2018-06-06,2.709563995517064e-08,2.928660084820764e-08,3.193314359264908e-08
2018-06-07,4.303209973760124e-08,4.447346108271537e-08,4.5477179602152875e-08
2018-06-08,7.68112844439881e-08,6.902786043030298e-08,6.67117115402006e-08
2018-06-11,1.055961249798737e-08,1.1690462334524202e-08,1.2092146146300621e-08
2018-06-12,5.460788224176816e-07,5.235427286536074e-07,5.09100794886694e-07
2018-06-13,4.4804123371701276e-08,5.128276572408003e-08,5.5964701892737845e-08
2018-06-14,4.007301908963568e-08,4.654203084110353e-08,4.738784584516063e-08
2018-06-15,2.755260809324131e-08,3.156337701562209e-08,3.3071012478507066e-08
2018-06-18,2.649390362802632e-08,2.998522783522125e-08,3.287871845451539e-08
2018-06-19,1.4406113196531631e-08,1.524325426989637e-08,1.5026136803344876e-08
2018-06-20,8.89906590931857e-09,8.43437081909119e-09,8.969427964002779e-09
2018-06-21,2.624026223359235e-08,2.630367080220852e-08,2.7679041801753295e-08
2018-06-22,7.809126664881007e-08,7.877617296761486e-08,7.934828264123516e-08
2018-06-25,5.998435270161212e-08,5.870511380068294e-08,5.97155973577611e-08
2018-06-26,2.8374178726798427e-08,2.7132001675179883e-08,2.6932271167413653e-08
2018-06-27,1.3179889696734963e-07,1.2729024751760812e-07,1.262922820554959e-07
2018-06-28,5.266101299335074e-08,5.214776073677865e-08,5.269510248860565e-08
2018-06-29,4.7277235922601973e-07,4.719916837164835e-07,4.680033490138616e-07
2018-07-02,1.8647735306523492e-07,1.788501100103551e-07,1.6952660781028594e-07
2018-07-03,4.7384928072580725e-08,4.5668108273170975e-08,4.394272876613036e-08
2018-07-04,1.0735171919460233e-08,1.506061982086045e-08,1.622987140693725e-08
2018-07-05,8.944193074024756e-08,9.276274295975118e-08,8.925627096896858e-08
2018-07-06,2.967307535580352e-08,3.066872353644609e-08,3.05306672659219e-08
2018-07-09,2.1799731641378278e-08,2.3837749476242373e-08,2.4155252087544056e-08
2018-07-10,4.659983539900521e-08,4.716640126295922e-08,4.8225428447359367e-08
2018-07-11,4.563277793542244e-08,4.2190200402807385e-08,4.085163429170437e-08
2018-07-12,6.883158580350244e-08,6.996648015999145e-08,6.91138064151756e-08
2018-07-13,1.253291641159248e-07,1.237564377322076e-07,1.2254258828950414e-07
2018-07-16,7.68968392063005e-08,7.925947603998507e-08,8.106208781536221e-08
2018-07-17,1.308772959741204e-08,1.6939015165292e-08,1.8014625937465817e-08
2018-07-18,1.0689441733972613e-07,1.0459189374855576e-07,1.029398410883151e-07
2018-07-19,1.3712603863304355e-08,1.5699023235958284e-08,1.685014704178224e-08
2018-07-20,5.052849364878753e-08,5.110857811812705e-08,4.9891930843109224e-08
2018-07-23,1.1754035057634305e-07,1.1428910932430242e-07,1.097269359334425e-07
2018-07-24,3.080544151755834e-08,3.335116777005722e-08,3.318943622356517e-08
2018-07-25,1.8308468965164058e-08,1.9483401020140222e-08,2.0010843967315632e-08
2018-07-26,3.133413843446186e-07,3.106797654534987e-07,3.0346610350496033e-07
2018-07-27,1.1436453320572782e-07,1.1300931317677633e-07,1.065193857012071e-07
2018-07-30,4.397436130786897e-07,4.111096088783658e-07,3.954842769855493e-07
2018-07-31,6.245204391604544e-08,6.584617709041501e-08,6.993785837841262e-08
2018-08-01,6.24389200590734e-08,6.56315333637457e-08,6.709394324553919e-08
2018-08-02,9.274531502316294e-08,9.560938603684029e-08,9.601229183482802e-08
2018-08-03,2.3819948235567986e-08,2.636339392624349e-08,2.651266101794833e-08
2018-08-06,1.0759730618985834e-07,9.709949658402977e-08,9.443954022262487e-08
2018-08-07,1.8585238943715674e-08,2.4732089750741376e-08,2.6013659749382437e-08
2018-08-08,3.4685491979868496e-07,3.1957232551816527e-07,3.120363369067619e-07
2018-08-09,3.370650903733236e-08,4.06929692584529e-08,4.3605546849299986e-08
2018-08-10,1.977216628955151e-08,2.592550547759202e-08,2.7548067268936046e-08
2018-08-13,1.062421638276636e-08,1.534491282532949e-08,1.6801881749177715e-08
2018-08-14,6.581805485260339e-08,6.476530178518243e-08,6.479896770423507e-08
2018-08-15,1.8630624864967575e-08,2.0475352403798572e-08,2.1108839037193556e-08
2018-08-16,6.063145080453259e-08,6.304815088839068e-08,6.372344869241147e-08
2018-08-17,1.3799860121489325e-08,1.4126217842161912e-08,1.497751939650897e-08
2018-08-20,1.0441750735813989e-08,9.855218354337205e-09,1.0101309641513967e-08
2018-08-21,1.0199259970714623e-07,9.450568587393185e-08,9.200272743371676e-08
2018-08-22,3.156059989740356e-08,3.2062871952149375e-08,3.1466976911808e-08
2018-08-23,1.1557749234553785e-08,9.278944272302516e-09,9.326315640152551e-09
2018-08-24,1.241910493144967e-07,1.226792362270486e-07,1.2321974909959522e-07
2018-08-27,1.2376958386955546e-08,1.3186071191445638e-08,1.3965634692192218e-08
2018-08-28,1.9092368768664322e-08,1.9263298580586254e-08,1.9896495759474517e-08
2018-08-29,2.9601058683286517e-08,2.6343088955765205e-08,2.513163936703505e-08
2018-08-30,1.8408782194415263e-08,1.7671382240424266e-08,1.764502828695082e-08
2018-08-31,2.0971889119498884e-08,1.7618292693456785e-08,1.7880234933800935e-08
2018-09-03,5.259670358061235e-08,4.97629240036103e-08,4.9189950404035136e-08
2018-09-04,2.6945547998441933e-08,2.4058789585702358e-08,2.378322003590409e-08
2018-09-05,1.2788401440281716e-08,9.941827206725033e-09,9.660267456286422e-09
2018-09-06,3.7255163508877715e-08,3.6839052594099387e-08,3.7734646021645285e-08
2018-09-07,4.6800833741587e-07,4.749236263649556e-07,4.7571134742975866e-07
2018-09-10,1.5617278782841577e-08,1.7405985301919387e-08,1.7828700608442107e-08
2018-09-11,6.910110431343993e-08,6.745433762108599e-08,6.843934464610863e-08
2018-09-12,7.204360215402399e-08,6.755149575090212e-08,6.736889137159375e-08
2018-09-13,1.0041831196544515e-07,1.0288999684243179e-07,1.03251179967085e-07
2018-09-14,8.281872772359366e-08,7.695459731666943e-08,7.231630834362682e-08
2018-09-17,2.93498877868509e-08,2.9806495089834076e-08,3.0502775741892775e-08
2018-09-18,2.663964271464041e-08,2.6841783351364344e-08,2.661606178047883e-08
2018-09-19,1.067563027766473e-07,1.0451773987536836e-07,1.0385262351098626e-07
2018-09-20,3.803952866374565e-08,3.439714042295782e-08,3.22723066557092e-08
2018-09-21,8.588364554625452e-08,7.553713246187698e-08,7.179918324948365e-08
2018-09-24,1.8371456706440333e-08,2.232917616326049e-08,2.4020390908580437e-08
2018-09-25,6.015711381044803e-08,5.2845266186354005e-08,4.93695598917784e-08
2018-09-26,3.970926565548313e-08,3.901256379939315e-08,3.598974456940942e-08
2018-09-27,7.832240033843874e-08,6.95003163044511e-08,6.371470393923058e-08
2018-09-28,1.549222367854776e-08,1.6374638050676174e-08,1.6886027917514402e-08
2018-10-01,1.1763767576208253e-07,1.186060823737732e-07,1.2021864391239626e-07
2018-10-02,3.755448276779311e-08,3.557194811175695e-08,3.375669765206182e-08
2018-10-03,1.4447228873901225e-07,1.4275045352844645e-07,1.3915371180200329e-07
2018-10-04,1.4013786997133959e-08,1.659491426624754e-08,1.8570539715478444e-08
2018-10-05,1.6535920942072844e-08,1.7140379731356862e-08,1.8714256062615703e-08
2018-10-08,4.46719996618768e-08,4.384080014577795e-08,4.3917453613381553e-08
2018-10-09,1.945012972306943e-08,1.779416899609299e-08,1.7915655064919747e-08
2018-10-10,1.5662593711706664e-08,1.3238240381337013e-08,1.2886684567005799e-08
2018-10-11,3.337854074204039e-08,3.16230990646175e-08,3.145340911572197e-08
2018-10-12,2.52272196052409e-08,2.3101413975586392e-08,2.213224858802498e-08
2018-10-15,7.427406979484937e-08,7.070402607540372e-08,6.873724090131211e-08
2018-10-16,2.8065555505906033e-08,2.1648389167628172e-08,2.118091814513737e-08
2018-10-17,2.008349037387868e-08,1.9276077976252993e-08,2.0065342958042982e-08
2018-10-18,4.480500203847107e-07,4.577908994702984e-07,4.6016410646917486e-07
2018-10-19,2.3689503214335675e-08,2.4622876172606202e-08,2.6024143778996175e-08
2018-10-22,7.888932062849463e-08,7.803350539488484e-08,7.869364696699557e-08
2018-10-23,5.311891534780448e-08,4.7712712127865466e-08,4.6398889571885225e-08
2018-10-24,3.940503939444991e-08,3.8236662255614015e-08,3.630416822499493e-08
2018-10-25,2.2323566756650494e-07,2.0268778452238513e-07,2.001788967787506e-07
2018-10-26,2.764262203082102e-08,3.575088396409231e-08,3.543442799371109e-08
2018-10-29,7.594382874918798e-08,8.031914789725612e-08,7.712487240374403e-08
2018-10-30,2.9108628430882e-07,2.7342559929592727e-07,2.585755402147769e-07
2018-10-31,3.8483817895077285e-08,4.391573450571267e-08,4.668713523075693e-08
2018-11-01,2.2036670382127772e-08,2.511708006723014e-08,2.6944538468904932e-08
2018-11-02,8.613397571629157e-08,8.935470764349136e-08,8.982937836457149e-08
2018-11-05,7.732495851052394e-08,8.177856897112452e-08,8.30994547538018e-08
2018-11-06,1.9741971828568896e-08,2.2404535679746152e-08,2.2210092498785685e-08
2018-11-07,1.7169295287744314e-07,1.636336817777316e-07,1.6044022972616204e-07
2018-11-08,7.773837491055365e-08,6.303224487043206e-08,6.240164898235133e-08
2018-11-09,2.13958937654201e-07,1.8142152133004713e-07,1.768750368575272e-07
2018-11-12,1.4357258928409766e-07,1.5300248891988128e-07,1.484787850857522e-07
2018-11-13,3.1601603777638036e-08,2.220194132797356e-08,2.277160302837984e-08
2018-11-14,1.2983776269485068e-08,2.0346611634640424e-08,2.0396243340381084e-08
2018-11-15,1.8100144789959367e-08,2.410327651496069e-08,2.41162892660851e-08
2018-11-16,1.245076154846025e-07,9.937906590587419e-08,9.728359140457893e-08
2018-11-19,1.3725327297653822e-08,2.1086578204456882e-08,2.086397559720165e-08
2018-11-20,1.299911016388754e-08,1.7927315975818245e-08,1.91945435332992e-08
2018-11-21,2.012356568044015e-08,2.5181200046210617e-08,2.6171173905927266e-08
2018-11-22,2.374205519023125e-07,2.0895037121622578e-07,2.0550711900720454e-07
2018-11-23,4.172854613807993e-08,4.9411555485143686e-08,5.1634311286548534e-08
2018-11-26,2.6592623618593423e-08,2.9780173619860648e-08,3.045398156529727e-08
2018-11-27,1.7859230133214862e-08,2.1786068572116128e-08,2.1632340066280593e-08
2018-11-28,3.58093222148911e-08,3.813751841172421e-08,3.751749918576911e-08
2018-11-29,1.0526154655124817e-08,1.617373355601449e-08,1.7223483004478783e-08
2018-11-30,4.6431995875829235e-07,4.32986851842981e-07,4.313023624327509e-07
2018-12-03,1.4343434889273575e-08,2.12458629278141e-08,2.3105194924748713e-08
2018-12-04,2.3006410193201329e-07,1.9768665128886872e-07,1.9118889781336355e-07
2018-12-05,1.2202362278814816e-08,2.0791566729716352e-08,2.3522505943673966e-08
2018-12-06,3.0427196370835684e-08,3.772772091138225e-08,3.9794474105070974e-08
2018-12-07,1.2177126835873076e-08,1.5172292535527435e-08,1.560376229830793e-08
2018-12-10,4.8204452094798006e-08,5.0738048247053785e-08,5.099630404066374e-08
2018-12-11,3.2966217593502194e-08,4.139190687131573e-08,4.3019939917667886e-08
2018-12-12,4.391711225355332e-08,4.333117212212193e-08,4.191133513010594e-08
2018-12-13,1.4630994004741509e-08,1.920706022201538e-08,2.0404916648615826e-08
2018-12-14,4.572095618424856e-08,5.048405626007332e-08,5.147315025546515e-08
2018-12-17,1.9972922526443435e-08,2.0607413340562113e-08,2.0564999692818204e-08
2018-12-18,2.944739417409592e-08,3.0342378104357823e-08,2.9540296874656512e-08
2018-12-19,5.338445537895295e-08,5.0046450505995944e-08,4.950754023530041e-08
2018-12-20,2.20171700240899e-08,2.3967591571643794e-08,2.358051363698332e-08
2018-12-21,1.5242874839071383e-08,1.6984712266453335e-08,1.7400047743870616e-08
2018-12-24,1.2018415778337729e-08,1.2942374144055518e-08,1.3042033851027149e-08
2018-12-25,2.2167098263371092e-08,2.5090976558116072e-08,2.5378183674163597e-08
2018-12-26,2.163333355683357e-08,2.2629206395469876e-08,2.2995862354014878e-08
2018-12-27,2.7092289997066813e-08,2.797687837840079e-08,2.858339424526222e-08
2018-12-28,4.080205167952445e-08,4.162403180162613e-08,4.164397076351979e-08
2018-12-31,3.41903908578761e-07,3.375727461526693e-07,3.353335848566908e-07
2019-01-01,1.8428999181859233e-08,2.319853455966018e-08,2.4335979827521917e-08
2019-01-02,1.5936270899048957e-07,1.52618821175644e-07,1.4685724659071228e-07
2019-01-03,6.74184427095737e-08,6.818262508742137e-08,6.732365381556034e-08
2019-01-04,2.3152572071566156e-08,2.7231644476694113e-08,2.8919336292894683e-08
2019-01-07,1.3345071425584034e-07,1.3474676160046667e-07,1.307825571535922e-07
2019-01-08,3.041856947178687e-08,3.2303871762468173e-08,3.317152408094321e-08
2019-01-09,4.834534700003766e-08,4.836865593128292e-08,4.594315643358694e-08
2019-01-10,3.2923156177320187e-08,3.364649197893239e-08,3.3799706964931e-08
2019-01-11,2.5629035505920804e-08,2.4645708026321268e-08,2.2070073135823274e-08
2019-01-14,3.8043427432768925e-08,3.876720540656795e-08,3.8308601673635884e-08
2019-01-15,9.730794137291094e-09,9.365720303071518e-09,9.897380049161307e-09
2019-01-16,1.2487279856164144e-07,1.224609333086196e-07,1.1688836432413494e-07
2019-01-17,2.9305672025160706e-08,2.9563043395281592e-08,2.9968420058231876e-08
2019-01-18,5.2379222081002244e-08,5.4111631472326516e-08,5.4529926368521664e-08
2019-01-21,1.0189524117394772e-08,1.014552187202887e-08,1.0268538762586837e-08
2019-01-22,4.522120290358338e-08,4.409143272951178e-08,4.3725501996750164e-08
2019-01-23,1.3955426141132923e-07,1.3552944049377418e-07,1.3256070689275842e-07
2019-01-24,5.3786069497175545e-08,5.041245778436556e-08,4.781923046082164e-08
2019-01-25,2.9037508456212303e-08,3.060536019268683e-08,3.2059249321998515e-08
2019-01-28,1.5754628681950456e-08,1.551647201476727e-08,1.603008240955924e-08
2019-01-29,1.1439843210560408e-08,1.0166400392697258e-08,1.0692257598062952e-08
2019-01-30,1.0696023141461528e-08,9.481932326243187e-09,9.84036139637234e-09
2019-01-31,8.161867930310134e-08,7.935183198232931e-08,7.695530984186477e-08
2019-02-01,4.52159744123026e-07,4.490323212612583e-07,4.4103506354511475e-07
2019-02-04,4.8698205860711225e-08,4.048734952003392e-08,3.642387711631271e-08
2019-02-05,3.555389618091414e-08,3.494836098507097e-08,3.4876186487750304e-08
2019-02-06,2.626203459546343e-07,2.525233263176307e-07,2.4168884923511045e-07
2019-02-07,1.3545812777207518e-06,1.2997155543813661e-06,1.2642210854450523e-06
2019-02-08,4.099527953649198e-07,3.652047350796718e-07,3.320412330610479e-07
2019-02-11,3.773539136236733e-08,4.490194255423139e-08,5.523259917506494e-08
2019-02-12,6.716268535085406e-07,6.094772414205406e-07,5.781965529010705e-07
2019-02-13,9.027318417358033e-08,9.832972972365602e-08,1.0506887787196342e-07
2019-02-14,4.080698021465261e-07,3.3902105927980304e-07,3.0178139249300903e-07
2019-02-15,3.424192269290259e-08,2.528450521083967e-08,2.8735722519789114e-08
2019-02-18,1.3882813052568277e-08,3.398746542561314e-08,4.382067478699584e-08
2019-02-19,2.389960056340569e-08,4.176514115699284e-08,5.0262148877374704e-08
2019-02-20,2.5807893130706598e-08,3.028368682303657e-08,3.382076066919199e-08
2019-02-21,4.860335159219098e-08,4.7707489035852964e-08,4.872710570628967e-08
2019-02-22,3.617041530372098e-08,3.185090892741459e-08,3.232522003046773e-08
2019-02-25,2.4139820626640446e-08,2.645848967962146e-08,2.9477452915885862e-08
2019-02-26,1.827086963671774e-07,1.649145178845978e-07,1.5543229126899051e-07
2019-02-27,5.1933571963466784e-08,5.381608499006844e-08,5.2137394330573195e-08
2019-02-28,1.3978272096345103e-07,1.3806065195011756e-07,1.3595659660343312e-07
2019-03-01,3.362910302560349e-08,3.736864372644621e-08,4.059057353079988e-08
2019-03-04,6.046839593193428e-08,5.286351532781112e-08,5.246703545221772e-08
2019-03-05,2.77397742638119e-07,2.659637867311193e-07,2.599268503608022e-07
2019-03-06,3.2757638545909755e-08,3.6676764927863166e-08,3.9606057193952055e-08
2019-03-07,3.193330544592606e-08,3.6750575974043476e-08,3.7497635753269605e-08
2019-03-08,9.448197224943594e-07,8.965987741117366e-07,8.848884140340616e-07
2019-03-11,8.189372572146839e-07,7.289287593861523e-07,7.036214250143673e-07
2019-03-12,2.167646331183905e-07,1.537723423007632e-07,1.3862005544543567e-07
2019-03-13,8.674066799573999e-08,1.140045995233006e-07,1.2608092995392568e-07
2019-03-14,1.9016847975404874e-07,1.6107036371303063e-07,1.4994362221086124e-07
2019-03-15,9.74388176136952e-08,8.541342980818809e-08,8.256233978439451e-08
2019-03-18,5.2443910427791946e-08,5.311966583068125e-08,5.547992877620823e-08
2019-03-19,3.566211813107581e-08,5.841220931636209e-08,6.471349247063603e-08
2019-03-20,2.7352797430697776e-08,4.494248072628675e-08,4.989002754746991e-08
2019-03-21,9.523619720933091e-08,8.483473984475932e-08,8.429286886309339e-08
2019-03-22,3.914309653120797e-08,4.833657441505766e-08,5.008607879791505e-08
2019-03-25,1.4518223168565345e-08,1.8807956818691742e-08,2.017815068501231e-08
2019-03-26,1.0352317488101014e-07,1.0048459401757281e-07,9.7554112611642e-08
2019-03-27,6.896597674216945e-08,7.057987970919662e-08,7.024018080809864e-08
2019-03-28,1.965862779662734e-08,2.7334368741002283e-08,2.9700799040702595e-08
2019-03-29,1.6382582624463044e-08,2.238515551068043e-08,2.3851233605997018e-08
2019-04-01,6.834798621620864e-07,6.575898385294154e-07,6.490663348137285e-07
2019-04-02,4.822467900587598e-08,5.169818562751167e-08,5.2265999539732335e-08
2019-04-03,1.523152501692727e-08,2.255460249050756e-08,2.4989311102851634e-08
2019-04-04,1.9824578183158366e-08,2.7052213647189468e-08,2.9709847838571088e-08
2019-04-05,1.1223426204591772e-07,9.581882604520027e-08,8.991474175326028e-08
2019-04-08,1.0454592106269144e-07,9.558338231292561e-08,8.92740269921246e-08
2019-04-09,1.9795300698369347e-08,2.9626491501394682e-08,3.4113434647280795e-08
2019-04-10,2.11369956997907e-08,2.715022853541388e-08,3.0494709042822994e-08
2019-04-11,1.805421436024006e-08,2.1558523045822955e-08,2.4025001403490026e-08
2019-04-12,1.6356709151608652e-08,1.8060477141266343e-08,1.96841851416737e-08
2019-04-15,7.52606000516676e-08,7.824718006380549e-08,7.926341466262388e-08
2019-04-16,1.8672097936927377e-08,1.9480962034687795e-08,2.0496035922490737e-08
2019-04-17,1.973908514121463e-08,1.9153081914164843e-08,2.0050082748571522e-08
2019-04-18,4.135611744816535e-08,3.918423412916498e-08,3.9500658888685244e-08
2019-04-19,2.6430162235717683e-08,2.3719069154765408e-08,2.3181405608156836e-08
2019-04-22,1.733401802157409e-08,1.8068327896605245e-08,1.7772500556219682e-08
2019-04-23,2.5298000109872813e-07,2.55693521592999e-07,2.5361505210303586e-07
2019-04-24,1.3690586360572256e-08,1.221339203456802e-08,1.2187393957927685e-08
2019-04-25,2.0605082795760893e-08,1.7622318557104306e-08,1.8121434275313653e-08
2019-04-26,1.7777993158874936e-08,1.3256239648186095e-08,1.3025399116755087e-08
2019-04-29,3.832132080563511e-08,3.5598900286421446e-08,3.6502197023376427e-08
2019-04-30,4.805730856236654e-08,4.348953787427041e-08,4.266326351298658e-08
2019-05-01,1.7599749718398628e-08,1.4864190441047542e-08,1.490573293997702e-08
2019-05-02,2.24582814579184e-08,2.0636927378734227e-08,1.9902753537517325e-08
2019-05-03,2.9671725740473305e-08,2.4307790386863374e-08,2.4393907322583e-08
2019-05-06,6.598970229732803e-08,6.417661971880038e-08,6.228956279042728e-08
2019-05-07,1.764236471670405e-08,1.3225111645595325e-08,1.3092654147274842e-08
2019-05-08,2.3548326673411543e-08,1.8624235613211475e-08,1.861549188865776e-08
2019-05-09,1.814781453080799e-08,1.607539529820004e-08,1.590888245869607e-08
2019-05-10,7.654400513892523e-08,7.7542924315023e-08,7.71797039877879e-08
2019-05-13,1.332384299724059e-07,1.432341450621488e-07,1.4475396524571595e-07
2019-05-14,1.83514727909143e-07,1.7591404985681654e-07,1.7703817231150292e-07
2019-05-15,4.373845460560504e-08,4.292277136738348e-08,4.2549078001046686e-08
2019-05-16,2.4891384734725574e-08,2.555614722932378e-08,2.5954204497812017e-08
2019-05-17,1.6332022053581065e-08,1.7276537339960513e-08,1.7032477073475244e-08
2019-05-20,2.515813270822505e-08,2.3672026554948204e-08,2.3317088059602497e-08
2019-05-21,1.665980571339414e-08,1.5255378702938e-08,1.475570463636541e-08
2019-05-22,2.7937786582458656e-08,2.758679499261341e-08,2.8079802497092926e-08
2019-05-23,3.574094694810176e-08,3.5188498384123284e-08,3.478713705617744e-08
2019-05-24,1.498961102741948e-08,1.5207706172537172e-08,1.4776605027128714e-08
2019-05-27,1.9439866761578395e-08,1.5454317198376148e-08,1.504246151818371e-08
2019-05-28,1.03615572874514e-08,8.596449630457917e-09,8.261658999975982e-09
2019-05-29,2.0071513547724147e-08,1.5121984183179867e-08,1.466106927588244e-08
2019-05-30,2.691775999587672e-08,2.4597722035835294e-08,2.4577466009740997e-08
2019-05-31,3.316785740239181e-08,2.739831251499926e-08,2.6819689321660144e-08
2019-06-03,1.5217561333956646e-08,9.297541203165793e-09,9.122243876134553e-09
2019-06-04,1.507779411549358e-08,1.2815367308550317e-08,1.2685179434330563e-08
2019-06-05,1.612623828896305e-07,1.787584957752322e-07,1.8062094815389226e-07
2019-06-06,1.7178567448297096e-08,1.433005121225542e-08,1.4411888361440707e-08
2019-06-07,2.2220090504838286e-08,1.7485975992876606e-08,1.7333352741685928e-08
2019-06-10,1.6951544675657137e-08,1.1874052350394251e-08,1.1597581076351736e-08
2019-06-11,1.9559618985843087e-08,1.3039448774227566e-08,1.2715174572834936e-08
2019-06-12,1.7511991786870836e-08,1.0157120847739113e-08,1.008166887558909e-08
2019-06-13,1.5686082433868168e-08,8.257129342496625e-09,8.16166674131164e-09
2019-06-14,1.549416585107684e-08,7.353592876049244e-09,7.099414733825877e-09
2019-06-17,1.7361816190063273e-07,1.8962423550862747e-07,1.8963187890346633e-07
2019-06-18,3.889422525846021e-08,3.3533177908916413e-08,3.2147659320785034e-08
2019-06-19,2.2319599999534968e-08,1.850976061171374e-08,1.8697832362528727e-08
2019-06-20,3.325298539563376e-08,2.8594250271861714e-08,2.8280717776926303e-08
2019-06-21,3.8545246967643495e-08,3.355726900513583e-08,3.376126935543474e-08
2019-06-24,7.61105605045945e-08,7.264558425638795e-08,7.14618215151296e-08
2019-06-25,3.186958786704913e-08,3.463348848337918e-08,3.3833311189251757e-08
2019-06-26,1.5752888986717742e-08,1.2081954390007677e-08,1.2426098080993419e-08
2019-06-27,2.0193714842766233e-07,2.045660897932838e-07,2.0132380644282421e-07
2019-06-28,2.9309220340793388e-08,2.6641142307111094e-08,2.7553112214173665e-08
2019-07-01,3.802023659873945e-08,3.611755417579472e-08,3.4975094740109785e-08
2019-07-02,1.5889082993835953e-08,1.0895994352810344e-08,1.1710346597745076e-08
2019-07-03,2.6026428425728978e-08,2.059796735464281e-08,2.137520218781968e-08
2019-07-04,5.2892415847656606e-08,5.266952909424576e-08,5.21172167933881e-08
2019-07-05,2.3817343778468086e-08,1.7649958310086363e-08,1.7541938954695562e-08
2019-07-08,2.5408352721996764e-08,2.199308063477738e-08,2.152629450162507e-08
2019-07-09,2.7643828206465794e-08,2.664329736063439e-08,2.657496727469666e-08
2019-07-10,1.9655481081078626e-08,1.6994147223711202e-08,1.711550206218005e-08
2019-07-11,4.5065238048206316e-08,3.988192022752014e-08,3.9888739912575014e-08
2019-07-12,3.4360727411200795e-08,2.842845782764968e-08,2.7959153716118557e-08
2019-07-15,2.4521401902173525e-08,1.880034431599169e-08,1.889349106076527e-08
2019-07-16,3.6792845835301936e-08,3.30153212107501e-08,3.277904960312313e-08
2019-07-17,7.254950868525417e-08,6.599451321472142e-08,6.584862933531726e-08
2019-07-18,4.7492200644545615e-08,4.30037061299341e-08,4.2436418009512184e-08
2019-07-19,2.0936834238442278e-07,2.1753530665483934e-07,2.1797620051272472e-07
2019-07-22,5.0750963694181975e-08,4.6746310152416816e-08,4.679328075784749e-08
2019-07-23,6.559173149907699e-08,6.132627186550097e-08,6.059674224608917e-08
2019-07-24,1.546878442215012e-07,1.4826353589447716e-07,1.4801400810902155e-07
2019-07-25,3.0818456543241947e-07,2.9067042571043904e-07,2.8677262601495417e-07
2019-07-26,1.2340716931264875e-07,9.57759496018429e-08,9.242350140928887e-08
2019-07-29,1.41412997618753e-07,1.0882931571753889e-07,1.0638470698660925e-07
2019-07-30,7.825452790857687e-08,5.439375311674884e-08,5.0281012387300286e-08
2019-07-31,4.892000496910741e-08,4.9766792197698375e-08,5.0654103896625245e-08
2019-08-01,1.1956883832843178e-07,1.0456445314633051e-07,9.828391529762548e-08
2019-08-02,1.1755828923562185e-08,2.0432228930379736e-08,2.222969437945557e-08
2019-08-05,3.443047646890614e-07,3.318536815113621e-07,3.206068266816322e-07
2019-08-06,1.7671106255802773e-08,2.3656569891136775e-08,2.6911693999817512e-08
2019-08-07,4.6028369008481575e-08,4.676808286701956e-08,5.0161107263054644e-08
2019-08-08,2.2046499936239405e-07,2.0345311046543816e-07,1.9549579299320196e-07
2019-08-09,2.2140025180520244e-08,2.8450779148456272e-08,3.1654809846323316e-08
2019-08-12,2.5044027427183707e-08,2.3217509139146224e-08,2.4872867280909488e-08
2019-08-13,3.166938907416467e-08,3.3427169638058044e-08,3.4417510422482346e-08
2019-08-14,6.19045068104718e-08,5.280169025493874e-08,5.321424152841222e-08
2019-08-15,4.307806503023427e-08,4.36532878119312e-08,4.259081706624962e-08
2019-08-16,9.82881956091895e-08,8.925992261432857e-08,8.89946861033472e-08
2019-08-19,1.729522992436126e-08,2.10903022342618e-08,2.214360206905747e-08
2019-08-20,1.6098843756155987e-08,1.4540462656602262e-08,1.487410745812523e-08
2019-08-21,3.6188662202762825e-08,3.20291894299422e-08,3.288660122891058e-08
2019-08-22,1.677080436980339e-08,1.199822116717052e-08,1.179236243875605e-08
2019-08-23,2.3135038938807697e-08,1.503244317103827e-08,1.4820870284419472e-08
2019-08-26,2.7613230328340647e-08,2.2097429796983154e-08,2.1540706270064752e-08
2019-08-27,7.365785327258109e-08,7.908002797728013e-08,7.953400923453222e-08
2019-08-28,6.18053612467297e-08,5.386413307858818e-08,5.334671040309746e-08
2019-08-29,2.824231095581033e-07,2.7086695068207285e-07,2.727133219937323e-07
2019-08-30,2.15308730034357e-08,2.2171681171665496e-08,2.2199753222627884e-08
2019-09-02,4.204252785277252e-08,3.7210212045656064e-08,3.6499541458321843e-08
2019-09-03,1.5295604687198915e-08,1.378286954548367e-08,1.3388835098259746e-08
2019-09-04,1.1388983876378016e-07,1.1844187466694426e-07,1.1889129579792559e-07
2019-09-05,3.9842133896997726e-08,3.214047454491085e-08,3.0423370150455563e-08
2019-09-06,3.818277171684339e-08,3.9609303813717317e-08,4.0415867199568364e-08
2019-09-09,6.083882227819857e-08,5.70851467513288e-08,5.6380704980764566e-08
2019-09-10,4.6413381285338545e-08,4.472283681492564e-08,4.438011677157491e-08
2019-09-11,3.182517684910449e-08,2.8364568405961895e-08,2.8346188598431115e-08
2019-09-12,8.25027497699062e-08,8.392064997325339e-08,8.51592940081468e-08
2019-09-13,4.936553862886259e-08,4.583805773559928e-08,4.39840086315555e-08
2019-09-16,7.987742288988668e-08,7.571238348147197e-08,7.582892003526977e-08
2019-09-17,2.1919612269444098e-08,2.1045830916055777e-08,2.0675708864854417e-08
2019-09-18,2.3254912572226786e-08,1.9652095232803756e-08,1.8967244097661693e-08
2019-09-19,2.207500912739666e-08,1.97467279042936e-08,1.9011811028006123e-08
2019-09-20,5.214081715368748e-08,4.864608184956281e-08,4.66449926227323e-08
2019-09-23,3.573044492436167e-08,3.110857906958488e-08,2.975717316391587e-08
2019-09-24,1.4866823067303613e-07,1.4953719388280273e-07,1.513986976879932e-07
2019-09-25,3.275067693590515e-08,3.4145246688341845e-08,3.471237152445214e-08
2019-09-26,5.8240265656607645e-08,5.368395568700515e-08,5.1671075386318433e-08
2019-09-27,2.950064776875174e-08,2.6444944380988036e-08,2.5455989220862087e-08
2019-09-30,8.713380773585087e-08,8.763768566299847e-08,8.625187525169886e-08
2019-10-01,6.262198795631659e-08,5.9370481969763633e-08,5.714994565754872e-08
2019-10-02,3.506583800945397e-08,3.270942643101613e-08,3.1762164052894e-08
2019-10-03,4.656916462005558e-08,4.248265666801349e-08,4.043233100693489e-08
2019-10-04,8.711132362557135e-08,9.254056739020428e-08,9.248993493245626e-08
2019-10-07,5.5061001113521264e-08,5.202007794293381e-08,5.0008096828969855e-08
2019-10-08,5.7280626565759175e-08,5.772100752015966e-08,5.5626080786986845e-08
2019-10-09,4.5527139218227586e-08,4.189318528603813e-08,4.1615489068106875e-08
2019-10-10,4.451773252582771e-08,4.1710579321515274e-08,4.2306465465022836e-08
2019-10-11,1.694739563540149e-07,1.7170328227980437e-07,1.7484842939646656e-07
2019-10-14,1.972016661841361e-08,2.0236591189451753e-08,1.9128359746818547e-08
2019-10-15,6.2153548087007e-08,5.544470012135932e-08,5.2675644319800234e-08
2019-10-16,1.913363162490628e-08,1.8624327375161868e-08,1.8030052320576877e-08
2019-10-17,3.94683232462478e-08,3.412237488515862e-08,3.3915305381512935e-08
2019-10-18,1.939090843705318e-08,1.7410550855544568e-08,1.6894726447067393e-08
2019-10-21,1.2283377289394283e-08,9.999517599791681e-09,9.948370683146177e-09
2019-10-22,1.1908408195215079e-06,1.1948115710297452e-06,1.1973043059499652e-06
2019-10-23,7.014550272485545e-07,6.520028056321848e-07,6.334691828079041e-07
2019-10-24,9.097441985528212e-08,7.050122579862545e-08,6.462421065568176e-08
2019-10-25,4.452848643605307e-08,6.027483152571495e-08,6.593682769000625e-08
2019-10-28,9.058944331402252e-08,6.99371607156538e-08,6.131257204113589e-08
2019-10-29,1.606170998254113e-07,1.3286705797780582e-07,1.18875478364001e-07
2019-10-30,6.789272535329197e-08,7.849950176745309e-08,7.945830586754118e-08
2019-10-31,5.768698643159378e-08,5.181947750672725e-08,5.50342565962642e-08
2019-11-01,1.5947539494066404e-08,2.6621867587842264e-08,2.9274272379099798e-08
2019-11-04,3.293826467321206e-08,4.0107458960951775e-08,4.189882490509554e-08
2019-11-05,4.081227161699545e-08,4.094643674025976e-08,3.95177192889938e-08
2019-11-06,9.444864708672853e-08,7.99292551816975e-08,7.568404729845249e-08
2019-11-07,7.948545399801706e-08,7.550053023878781e-08,7.323896439900402e-08
2019-11-08,9.281220510247904e-08,8.173753075648129e-08,8.18368199181309e-08
2019-11-11,2.0295843410565265e-08,2.2721844292085144e-08,2.358817631188255e-08
2019-11-12,3.1084031815241043e-07,2.6683751906725714e-07,2.5576568555431873e-07
2019-11-13,1.203127090689744e-06,1.0865880951100046e-06,1.0477190746943566e-06
2019-11-14,5.177292434774846e-08,7.653516718388269e-08,8.429453382381378e-08
2019-11-15,2.3508811329670032e-08,3.5374965752096624e-08,4.139107452301391e-08
2019-11-18,4.299095156050552e-08,4.731417453520406e-08,4.862384772589945e-08
2019-11-19,3.6397432551191117e-08,4.969016660922311e-08,5.000213099865951e-08
2019-11-20,2.3495450506864094e-07,1.882116375001672e-07,1.84822133047725e-07
2019-11-21,3.8650263217251503e-08,4.133572488043873e-08,4.310497851164078e-08
2019-11-22,4.38450871097607e-08,3.566162769427224e-08,3.388470798878405e-08
2019-11-25,1.5206654476594055e-07,1.246466014649691e-07,1.1665790155878293e-07
2019-11-26,6.295324491664131e-08,8.249539772806754e-08,9.004925473930261e-08
2019-11-27,2.7045868432688924e-08,4.448871459244226e-08,4.940649770322586e-08
2019-11-28,2.2754096361710052e-08,3.755268772963111e-08,4.109633830399018e-08
2019-11-29,2.973273543492274e-08,3.908290258070439e-08,4.2605957466744146e-08
2019-12-02,2.2267173666721562e-08,2.945244880206659e-08,3.1136367933795276e-08
2019-12-03,1.936936920978237e-08,2.527763023671151e-08,2.690390392705649e-08
2019-12-04,1.6313433040223316e-08,1.9759267948354156e-08,2.059971943636905e-08
2019-12-05,2.075053359365482e-08,2.098740944202981e-08,2.141273022647026e-08
2019-12-06,1.659076042207225e-08,1.4622627942897173e-08,1.5024696839370488e-08
2019-12-09,3.10224972460372e-08,2.649065512312526e-08,2.6047930121524198e-08
2019-12-10,2.7951014802686883e-08,2.5360007389612586e-08,2.5955803249761357e-08
2019-12-11,2.0530921372176998e-08,1.637394398447138e-08,1.6502066694076663e-08
2019-12-12,2.3801994330951223e-08,1.6379924603390088e-08,1.6354873322555724e-08
2019-12-13,4.2570523800600045e-08,3.935221647552817e-08,3.863737109894853e-08
2019-12-16,2.1546721457247223e-08,1.4391298037517639e-08,1.4158663893547647e-08
2019-12-17,1.8171739996876608e-08,1.06291105882695e-08,1.0335574914018835e-08
2019-12-18,2.7094067400665294e-08,2.6769729913414255e-08,2.6185158155103525e-08
2019-12-19,2.4105650901832192e-08,1.9177339592810463e-08,1.846843877708986e-08
2019-12-20,2.38563799602031e-08,1.496345607157258e-08,1.4474449488587944e-08
2019-12-23,3.227829839606054e-08,2.4605148628527152e-08,2.448694339489662e-08
2019-12-24,9.357291676872138e-08,9.966138636625125e-08,9.807617737423842e-08
2019-12-25,2.4938919964827007e-08,1.8695096909560797e-08,1.8242480034823e-08
2019-12-26,1.5922486694788286e-08,1.2381929349634354e-08,1.1586835628202654e-08
2019-12-27,3.883484193386358e-08,3.5524651989110065e-08,3.51815289537928e-08
2019-12-30,7.402909916942804e-08,6.897466147339942e-08,6.790401598346994e-08
2019-12-31,2.5036929309474484e-08,1.943416684062344e-08,1.9198070820473468e-08
2020-01-01,2.8490466404259645e-08,2.242173991163356e-08,2.226362319148886e-08
2020-01-02,2.9572889743514044e-08,2.3623226138940722e-08,2.3176772874552406e-08
2020-01-03,2.537078134640813e-08,1.851936884140675e-08,1.7825892161683484e-08
2020-01-06,1.678444526840615e-08,9.49497492899675e-09,9.34613767754378e-09
2020-01-07,7.982831673434306e-08,8.0121679338894e-08,7.86872391772154e-08
2020-01-08,5.444426266717503e-08,5.597639188724416e-08,5.624393916610482e-08
2020-01-09,4.577146287922823e-08,3.388292940499866e-08,3.2250466409573005e-08
2020-01-10,1.8322281870479015e-08,1.842399230648766e-08,1.8687070251408732e-08
2020-01-13,1.9669283271591023e-08,1.3248570452523207e-08,1.2298214038185029e-08
2020-01-14,3.0773571742443794e-08,2.4866609754918582e-08,2.4664546149949786e-08
2020-01-15,3.4532946043011564e-08,2.7546120871246343e-08,2.7188947854267054e-08
2020-01-16,2.0069097487077062e-08,1.2266815439364739e-08,1.1798499422816582e-08
2020-01-17,1.9952044123465322e-08,1.3006981467534874e-08,1.2676712830066453e-08
2020-01-20,1.9344372289585987e-08,2.254675036698993e-08,2.2964906567013977e-08
2020-01-21,2.1132181232662247e-08,1.7251345355597528e-08,1.6536515946106724e-08
2020-01-22,1.0021911416190492e-07,1.1541475818786712e-07,1.1548899743609635e-07
2020-01-23,3.930979539003244e-07,4.0230205774565723e-07,3.967916570366351e-07
2020-01-24,5.116835722976042e-08,5.32504962146654e-08,5.4347844242420295e-08
2020-01-27,4.203304186520213e-08,4.33911257613281e-08,4.5040135535544117e-08
2020-01-28,2.4931385793117685e-07,2.598365980990419e-07,2.5719527469065363e-07
2020-01-29,1.638798789547706e-06,1.6042899407140058e-06,1.579959493559817e-06
2020-01-30,1.3274586839790957e-07,1.1990511171393312e-07,1.1188687207249103e-07
2020-01-31,5.24366298164243e-08,7.723467605253532e-08,8.711830691898923e-08
2020-02-03,2.4939882430426667e-08,3.5360841946840395e-08,3.9331430839784775e-08
2020-02-04,1.5699375794263897e-08,2.2733480727483246e-08,2.6257870482492215e-08
2020-02-05,2.1348367876624104e-07,1.8726882064106091e-07,1.75225355101101e-07
2020-02-06,3.6812801628517134e-08,5.057964936757429e-08,5.635940794992156e-08
2020-02-07,1.4825758579051741e-08,2.3169131970512338e-08,2.7047870578381023e-08
2020-02-10,1.9850168738283347e-07,1.9036544892219233e-07,1.8240957632492356e-07
2020-02-11,7.643326928475603e-08,8.306770381371344e-08,8.759957533829218e-08
2020-02-12,2.3373303655359388e-08,2.5024745359737668e-08,2.4117643128221336e-08
2020-02-13,2.888256138469876e-08,3.365086087117902e-08,3.6924036320313707e-08
2020-02-14,2.6157580300698615e-08,2.6062499185479035e-08,2.662255838907587e-08
2020-02-17,6.785073698974131e-08,6.190960587043923e-08,5.924654659465611e-08
2020-02-18,1.9155751292310104e-08,2.016707435684524e-08,2.2265616330057802e-08
2020-02-19,3.57211965557264e-08,3.1861695283004934e-08,3.188942808091665e-08
2020-02-20,2.5105062069130225e-08,2.4919845615036586e-08,2.4553187100982012e-08
2020-02-21,2.0177946683499095e-08,1.709244309274201e-08,1.821185511341259e-08
2020-02-24,1.2407110913342212e-08,1.150465631050837e-08,1.1142127743722771e-08
2020-02-25,3.53319906765708e-08,3.742770766936637e-08,3.8500001913206924e-08
2020-02-26,2.6251458809556985e-08,2.138270699557834e-08,2.183749722835818e-08
2020-02-27,2.2678197062270775e-08,1.9524051941791085e-08,1.9773478011096e-08
2020-02-28,5.5931060625998316e-08,5.92295180269357e-08,5.8916706886228725e-08
2020-03-02,1.6995828015393017e-08,1.3653682423767712e-08,1.4093489987040717e-08
2020-03-03,3.112758231440356e-08,2.8078559218637436e-08,2.8317676955513203e-08
2020-03-04,7.989754187706782e-08,8.300793466838246e-08,8.216667194092652e-08
2020-03-05,2.8594237483562292e-08,2.7344096517250424e-08,2.7616248905515533e-08
2020-03-06,1.624252088441829e-07,1.7509582682647233e-07,1.7280532800094464e-07
2020-03-09,1.287074018873434e-07,1.2905774137086422e-07,1.2562047472195096e-07
2020-03-10,1.6115853686655335e-08,1.835406665336111e-08,1.8791049440921603e-08
2020-03-11,4.9094067088331475e-08,5.000251587645993e-08,5.113877884338519e-08
2020-03-12,8.161950119395548e-07,8.235404901661735e-07,8.144913670806369e-07
2020-03-13,9.304874921835024e-07,8.616694464418742e-07,8.328848107311246e-07
2020-03-16,4.049836284057471e-07,3.4090913587781157e-07,3.20813381158664e-07
2020-03-17,2.1646505956039255e-07,1.9085316288638128e-07,1.8668592554403208e-07
2020-03-18,2.9847318274150634e-06,2.638484699214571e-06,2.5357418474644883e-06
2020-03-19,8.300777078610188e-08,1.501110255546896e-07,1.891544043818743e-07
2020-03-20,3.226410613297826e-07,2.3982492430684897e-07,2.3327762645433733e-07
2020-03-23,3.2627040874262646e-08,1.060344728870356e-07,1.2952469085717845e-07
2020-03-24,1.5109999610259777e-07,1.5867561232695681e-07,1.6147817724236865e-07
2020-03-25,2.9532580628872097e-08,7.018987375128232e-08,8.370999853508537e-08
2020-03-26,3.224465905197329e-07,2.8409697221674873e-07,2.685649063995431e-07
2020-03-27,7.19138115235767e-08,8.634514842723782e-08,9.843029270244281e-08
2020-03-30,7.471951571954773e-07,6.084334078580005e-07,5.792565464992811e-07
2020-03-31,2.8463644179809373e-08,9.941255653494592e-08,1.1852788427172637e-07
2020-04-01,4.848006133586848e-08,8.89301984950904e-08,1.0055231295196517e-07
2020-04-02,1.4402324687687178e-07,1.3649164497995307e-07,1.3405160736089204e-07
2020-04-03,1.117228998015656e-07,1.330073387334236e-07,1.3705153388913988e-07
2020-04-06,2.1396594862820397e-08,3.57884578604374e-08,3.914414872913975e-08
2020-04-07,4.5729772754218544e-08,5.7513792253843156e-08,6.236762821230143e-08
2020-04-08,1.405463976600322e-07,1.2636091359403776e-07,1.211348335241558e-07
2020-04-09,2.5030554702940776e-08,3.1790267071608514e-08,3.441803267587562e-08
2020-04-10,2.048783748535723e-08,2.6428440203681743e-08,2.9039206534352858e-08
2020-04-13,8.242900296809056e-08,8.65296070788889e-08,8.471725817226943e-08
2020-04-14,7.6107163991202e-08,8.283286184976984e-08,8.580173438283802e-08
2020-04-15,1.791323168301604e-08,2.1390946425562163e-08,2.2669951905794033e-08
2020-04-16,7.997380323431088e-08,7.527860502761466e-08,7.305098952527096e-08
2020-04-17,5.3288378427157956e-08,4.917152183415631e-08,5.0414352933053825e-08
2020-04-20,6.330420014263478e-08,5.8222108073027784e-08,5.882084157695892e-08
2020-04-21,7.520711450600124e-08,6.63526300730218e-08,6.706516180184039e-08
2020-04-22,1.2867128548772396e-07,1.117281248084053e-07,1.10394913635133e-07
2020-04-23,1.6077248405655532e-07,1.2881770622593204e-07,1.2529787228294363e-07
2020-04-24,3.601362367431642e-08,5.0221381509521905e-08,5.275613433534778e-08
2020-04-27,1.0000960249907394e-07,8.72631613453601e-08,8.690172095072983e-08
2020-04-28,1.0901964513907142e-07,1.0662820079446916e-07,1.0690563861730279e-07
2020-04-29,3.880395959199769e-07,3.3164968966296487e-07,3.2556011045226534e-07
2020-04-30,9.19100733965479e-08,1.243025689234528e-07,1.2817699656608084e-07
2020-05-01,1.2595923553897466e-07,1.4852313101095736e-07,1.519264432074176e-07
2020-05-04,5.7323568267192194e-08,7.806330854330972e-08,7.946268522198515e-08
2020-05-05,4.703896595226725e-07,4.395737543006945e-07,4.346616995651422e-07
2020-05-06,1.8519523371799935e-07,1.8857273269314722e-07,1.9175174719546798e-07
2020-05-07,2.477612932451988e-08,5.3352565986170905e-08,5.5798700717667914e-08
2020-05-08,6.158752590015179e-07,5.639976806029691e-07,5.573888582515555e-07
2020-05-11,6.230269049834277e-08,4.800095857913902e-08,4.375156027003227e-08
2020-05-12,2.0707751130446819e-07,1.9350660155936348e-07,1.9522955857539689e-07
2020-05-13,8.591815648730876e-08,8.003701577551288e-08,7.965395555285728e-08
2020-05-14,6.265936737602602e-08,8.59384741790683e-08,9.007543504232346e-08
2020-05-15,1.472028785544169e-07,1.449895798073323e-07,1.4327340302121018e-07
2020-05-18,1.0536990012985125e-07,8.330673036615383e-08,7.856335738323586e-08
2020-05-19,4.530480818921068e-08,6.860699779204472e-08,7.235348157902361e-08
2020-05-20,7.183806533754026e-08,7.857898951158754e-08,7.905658210184793e-08
2020-05-21,5.180571327018213e-08,4.820471511346848e-08,4.9210262288718816e-08
2020-05-22,5.2246283510442116e-08,5.359173099134038e-08,5.4197075032927294e-08
2020-05-25,6.025611484553154e-07,5.983790126423771e-07,5.956597298372713e-07
2020-05-26,1.163224164930165e-07,9.179887542278988e-08,8.77390971727149e-08
2020-05-27,5.261959198121338e-08,6.89597246840199e-08,7.281881275069967e-08
2020-05-28,1.554800078050915e-07,1.6110494713638848e-07,1.624559933282939e-07
2020-05-29,8.306393684944371e-08,9.005395649042421e-08,9.069096421500125e-08
2020-06-01,5.66507579629373e-08,6.121600053121496e-08,6.226126396125231e-08
2020-06-02,2.429008624402941e-07,2.1800660672665805e-07,2.1679385609913574e-07
2020-06-03,4.111399362953032e-08,5.5130382334147993e-08,5.677401445117037e-08
2020-06-04,1.0559470360950521e-07,9.794101670954471e-08,9.873606941619437e-08
2020-06-05,4.5221974023213114e-08,5.4533525629129415e-08,5.580873464571741e-08
2020-06-08,8.970715613854131e-08,9.225738957185043e-08,9.160503452188695e-08
2020-06-09,2.2349701211260984e-08,3.066732178386876e-08,3.130839023949771e-08
2020-06-10,4.6222822737414886e-08,4.8005198703743794e-08,4.837083677660428e-08
2020-06-11,2.497031837165922e-08,2.3376107836371017e-08,2.325554580269415e-08
2020-06-12,5.52049067436305e-08,5.008498838389683e-08,4.959452409608514e-08
2020-06-15,2.208435583510451e-08,1.8027315598807505e-08,1.723832195445657e-08
2020-06-16,2.7232903452124213e-08,1.964122552925769e-08,1.9142660445644626e-08
2020-06-17,3.135652438115963e-08,2.8505027622158238e-08,2.8603364164729848e-08
2020-06-18,2.4421421112431305e-08,1.6981265702954744e-08,1.7207616123562792e-08
2020-06-19,2.5375901892281848e-08,1.4374172349298795e-08,1.3953642304850253e-08
2020-06-22,2.7122711364691714e-08,1.3964475279991e-08,1.360993513278116e-08
2020-06-23,5.884178973723105e-08,4.6427229431854513e-08,4.5527201316101866e-08
2020-06-24,3.848517658463932e-08,2.5265926040234656e-08,2.4465272159448647e-08
2020-06-25,4.454466538845267e-08,3.412922154024358e-08,3.200672297507218e-08
2020-06-26,4.065290177988609e-08,2.660466807214802e-08,2.594521108214119e-08
2020-06-29,9.830778278539947e-08,1.124460085784532e-07,1.1411706210446735e-07
2020-06-30,4.5209117407592736e-08,3.570351435116406e-08,3.4616728155136775e-08
2020-07-01,3.893118368169168e-08,2.8620504334519846e-08,2.771523536887751e-08
2020-07-02,2.335983301684605e-08,2.3503400473754342e-08,2.429209324606482e-08
2020-07-03,3.386406836885052e-08,2.1059861024898213e-08,2.0065612895442936e-08
2020-07-06,2.763170822320838e-08,2.0038561112949227e-08,1.92565907558502e-08
2020-07-07,4.213040711642615e-08,3.462432034864246e-08,3.434103634525637e-08
2020-07-08,5.769116708693879e-08,4.735896879951667e-08,4.6045826045472036e-08
2020-07-09,2.665853920011927e-08,2.5415547850303942e-08,2.492596782285759e-08
2020-07-10,3.6366243831960755e-08,2.485040470825124e-08,2.419997421228187e-08
2020-07-13,5.297051711634382e-08,4.591226145746353e-08,4.7225894453800656e-08
2020-07-14,2.1155094823210038e-07,2.4286938407139375e-07,2.471093552362801e-07
2020-07-15,2.3800513806287658e-08,2.1148432150497685e-08,2.184947270798967e-08
2020-07-16,3.045143166477546e-08,2.3894427317309616e-08,2.3432628815250686e-08
2020-07-17,2.110051132415521e-08,1.4354187185655931e-08,1.3838554424856892e-08
2020-07-20,3.20504628319176e-08,2.3692634489295962e-08,2.33689871255749e-08
2020-07-21,3.394495319148133e-08,3.184502439648687e-08,3.082824201593884e-08
2020-07-22,9.404454138026321e-08,9.521701589490787e-08,9.353386865281776e-08
2020-07-23,2.8478328847612203e-08,1.87404903697693e-08,1.8998680661111033e-08
2020-07-24,6.913252540577457e-08,6.723622009232815e-08,6.61943989093612e-08
2020-07-27,5.067581539226828e-08,4.74223776166416e-08,4.614268803585321e-08
2020-07-28,2.666136100121879e-08,1.864930752284987e-08,1.8670473942824376e-08
2020-07-29,2.8232847019390357e-08,1.885114521601706e-08,1.884409478055151e-08
2020-07-30,3.608307690088173e-08,2.5435897629719548e-08,2.5099325810548088e-08
2020-07-31,2.8618750925951834e-08,1.8855396943025206e-08,1.817332599141169e-08
2020-08-03,4.678418378638965e-08,3.451050417513757e-08,3.2782495481662405e-08
2020-08-04,2.6833395203989402e-08,1.671894370064662e-08,1.6325788772919174e-08
2020-08-05,2.5723972584994574e-08,1.6745592728206694e-08,1.5374882650671697e-08
2020-08-06,3.830032757950954e-08,2.5647657606937454e-08,2.5173023593769832e-08
2020-08-07,4.745464667385818e-08,5.2428445538441174e-08,5.221590317608232e-08
2020-08-10,2.6429487186893142e-08,1.7097237596353815e-08,1.5822762732315817e-08
2020-08-11,3.0662944407634033e-08,1.905368831184541e-08,1.7563806382080865e-08
2020-08-12,3.200296783065166e-08,2.036045269827604e-08,1.9228071158926864e-08
2020-08-13,3.1827939076246156e-08,3.8028042888792514e-08,3.8203865213673414e-08
2020-08-14,2.999316386117936e-08,2.207033034123185e-08,2.1089346508519733e-08
2020-08-17,2.203455238556977e-08,1.2261326552970092e-08,1.1464138530676566e-08
2020-08-18,2.9131021031787838e-08,1.760540269222051e-08,1.697143567480688e-08
2020-08-19,2.9951166777383454e-08,1.7695483303890933e-08,1.6428738373011767e-08
2020-08-20,1.7291627040101104e-08,8.117916575744835e-09,7.916335105597816e-09
2020-08-21,2.3672602522517233e-08,9.850171812699988e-09,9.180537310703136e-09
2020-08-24,2.289017778239815e-08,8.39113628346139e-09,7.794725676108964e-09
2020-08-25,1.7544526012044994e-08,1.7563923533278454e-08,1.8038916126432733e-08
2020-08-26,3.9489999327856445e-08,2.8859016884268035e-08,2.7626141180919e-08
2020-08-27,1.5171052918954396e-08,1.2874958888168495e-08,1.3716724234914764e-08
2020-08-28,2.7629443220364777e-08,1.4670177678699334e-08,1.396023520941871e-08
2020-08-31,5.7729127699746575e-08,4.6131377370102625e-08,4.604584529642876e-08
2020-09-01,4.306637798602781e-08,3.9689861450797207e-08,3.990613632881785e-08
2020-09-02,2.0036911549740166e-08,9.340104045580327e-09,8.643221826535595e-09
2020-09-03,9.939584090974631e-08,1.1768139751639224e-07,1.1925389511320032e-07
2020-09-04,2.615116228795461e-08,2.3134641306616546e-08,2.287937917844081e-08
2020-09-07,2.2919504910843026e-08,1.3279505672944299e-08,1.3387164105832726e-08
2020-09-08,2.4493722836828706e-08,1.5359163501395943e-08,1.5369705873169356e-08
2020-09-09,3.301167517804378e-08,2.0104963374627613e-08,1.9811971681624777e-08
2020-09-10,4.272923403407599e-08,3.21940223324213e-08,3.187313315200235e-08
2020-09-11,5.384650751419079e-08,5.3350888680937724e-08,5.32874713900354e-08
2020-09-14,3.4931040209815e-08,2.650302680637351e-08,2.535598002151779e-08
2020-09-15,2.337756753353252e-08,1.3954315970333818e-08,1.3483780121179112e-08
2020-09-16,2.6300884800084407e-08,1.4837425629493625e-08,1.4019419311635305e-08
2020-09-17,2.0529910864921082e-08,8.352944701054143e-09,8.19165323500602e-09
2020-09-18,6.190613545427074e-08,7.21814345846509e-08,7.395467551567214e-08
2020-09-21,2.6183619044105964e-08,1.6540321497738478e-08,1.628957763308367e-08
2020-09-22,4.225123993115239e-08,4.408707350677382e-08,4.363230358751021e-08
2020-09-23,4.430768263860359e-08,4.140256401526287e-08,4.168208776669572e-08
2020-09-24,3.6738938455146334e-08,2.8694917298492038e-08,2.817227779487449e-08
2020-09-25,2.0467565800222805e-08,2.2182244686527408e-08,2.2842438821966954e-08
2020-09-28,3.1159248511339167e-08,2.3690145263477674e-08,2.3675656076403466e-08
2020-09-29,3.7594132760612586e-08,2.7699543298077568e-08,2.7017669973504444e-08
2020-09-30,4.918631400506284e-08,4.877149665985262e-08,4.886241173579011e-08
2020-10-01,2.2835437750159737e-08,1.3695379919209547e-08,1.3365899414658874e-08
2020-10-02,4.526381690841151e-08,3.620015461342292e-08,3.576470353347551e-08
2020-10-05,5.072787395833964e-08,4.9565040659357254e-08,4.9953794050960486e-08
2020-10-06,4.810653685877522e-08,4.987093438257262e-08,4.943236992737407e-08
2020-10-07,3.1889735123847236e-08,2.536216529560162e-08,2.5326222663761973e-08
2020-10-08,2.7224315488787917e-08,2.1809053897122215e-08,2.1537995534186486e-08
2020-10-09,3.798501779834408e-08,3.136605932653755e-08,3.035535035333018e-08
2020-10-12,1.836487938473627e-08,1.094412040779005e-08,1.0065500923616994e-08
2020-10-13,1.904234179289294e-08,9.939029245869256e-09,9.436411165623437e-09
2020-10-14,3.334458783080752e-08,3.150280494924727e-08,3.058364778222599e-08
2020-10-15,3.567343212599806e-08,2.690410046987492e-08,2.6745577399294992e-08
2020-10-16,5.353296892256679e-08,4.7426542861263575e-08,4.651406489141812e-08
2020-10-19,2.2055937754817975e-08,1.603299318787791e-08,1.5928132281822702e-08
2020-10-20,3.404285356223404e-08,2.4780814924815406e-08,2.419562642631642e-08
2020-10-21,2.9803615049166424e-08,2.659211315305777e-08,2.6300720513411404e-08
2020-10-22,1.9231581724393484e-08,1.4996312927508182e-08,1.4299823700746705e-08
2020-10-23,2.580618080709222e-08,1.8222757263345967e-08,1.7494303696355108e-08
2020-10-26,2.4350562596810733e-08,1.550799474323171e-08,1.4166689278761826e-08
2020-10-27,2.2047206779791692e-08,1.2747242032695294e-08,1.1886102639193926e-08
2020-10-28,1.891754448978944e-08,8.425824199555945e-09,7.4578780384579e-09
2020-10-29,1.8071759283560006e-08,7.681797441758927e-09,7.045961080165457e-09
2020-10-30,2.051073362382066e-08,9.766750804073774e-09,9.258110692017747e-09
2020-11-02,4.5407464003688954e-08,3.771869385329924e-08,3.695921239626073e-08
2020-11-03,3.0773263774686396e-08,2.2700263397755547e-08,2.210938256700806e-08
2020-11-04,2.200612484909027e-08,2.6177144522855452e-08,2.7624209592910933e-08
2020-11-05,2.9873097351312646e-08,3.753762349552939e-08,3.8371776812123155e-08
2020-11-06,5.0247944814874676e-08,5.06745650586748e-08,5.1226716779294394e-08
2020-11-09,1.4338442411722158e-08,1.2248498818478356e-08,1.1641310105036509e-08
2020-11-10,3.22717571120762e-08,2.7960465239539038e-08,2.7139174920871438e-08
2020-11-11,5.683939863616812e-08,5.997044491560529e-08,6.055930659645019e-08
2020-11-12,5.798780876287898e-08,5.598073371244194e-08,5.670650693189515e-08
2020-11-13,2.1659984585239314e-08,1.9020446538797874e-08,1.8838452322645833e-08
2020-11-16,1.8623134948911556e-08,1.535898115312254e-08,1.49046579897726e-08
2020-11-17,1.776385079715041e-08,1.2740434159292278e-08,1.2410744206946164e-08
2020-11-18,3.4862679422570966e-08,2.944906432820351e-08,2.8723657843340776e-08
2020-11-19,1.7310122253413815e-08,1.154609805158013e-08,1.1279757942806166e-08
2020-11-20,3.590887705870859e-08,2.7819765903250946e-08,2.7676690922860168e-08
2020-11-23,1.845729228825609e-08,1.0458647832075104e-08,9.780311942182789e-09
2020-11-24,1.8271294316611797e-08,8.881766666978266e-09,8.359389746815363e-09
2020-11-25,2.3351138249325444e-08,1.3993350738149275e-08,1.3428132530569509e-08
2020-11-26,1.5146845562527653e-08,8.383382258953367e-09,8.253591506334618e-09
2020-11-27,2.422330251684951e-08,1.7087228423933868e-08,1.6351855304944484e-08
2020-11-30,2.3384786306143987e-08,1.4193183251227372e-08,1.362950894809324e-08
2020-12-01,5.754014878753218e-08,6.600583573690483e-08,6.779470379129909e-08
2020-12-02,8.104081339117297e-08,7.751649636553906e-08,7.864548129499348e-08
2020-12-03,1.708086056185532e-08,1.3081256423479233e-08,1.2753498725394341e-08
2020-12-04,2.2640877627948138e-08,1.518832019157106e-08,1.4517609748733214e-08
2020-12-07,9.643944174919293e-08,9.101094148309879e-08,8.935706796632487e-08
2020-12-08,8.843425020206683e-08,7.898385172200123e-08,7.617148196075555e-08
2020-12-09,2.131591769207356e-08,1.4464381419351094e-08,1.4349908285974964e-08
2020-12-10,1.7891676899580888e-08,1.2688105740734048e-08,1.2401021115136856e-08
2020-12-11,3.033390979712797e-08,2.305028437156706e-08,2.1934849995281748e-08
2020-12-14,2.3541880627466177e-08,1.4572136633568182e-08,1.3828152060974509e-08
2020-12-15,2.3298422995278067e-07,2.6479425285143646e-07,2.660573270934736e-07
2020-12-16,3.06788111522852e-08,2.575974554478063e-08,2.3735149058450437e-08
2020-12-17,3.444495162505385e-08,2.9071865389080188e-08,2.960086669291543e-08
2020-12-18,2.185485062441748e-08,1.698497735009983e-08,1.609099290146639e-08
2020-12-21,1.815253355162166e-08,1.1279419722719862e-08,1.0850421464377622e-08
2020-12-22,5.571127319841383e-08,6.151939283905134e-08,6.305870430818199e-08
2020-12-23,1.6405193059858077e-08,1.0688198990444575e-08,1.0674938717095593e-08
2020-12-24,1.702715096663619e-08,1.3981190394824525e-08,1.3879510404727352e-08
2020-12-25,2.5927118593611316e-08,1.7576652248227552e-08,1.667110417411487e-08
2020-12-28,2.118004193548042e-08,1.4286261524038036e-08,1.3983122175083036e-08
2020-12-29,4.576240982245643e-08,4.6789011909961536e-08,4.592439929019963e-08
2020-12-30,2.5308381276191398e-08,1.829769479875406e-08,1.8614216028748553e-08
2020-12-31,7.897042309833761e-08,8.356160557554988e-08,8.142505299572269e-08
2021-01-01,7.820755144562287e-07,8.01127714505927e-07,7.951499145754568e-07
2021-01-04,4.207757712730223e-08,5.5642593251053614e-08,6.050436605525074e-08
2021-01-05,1.1760575687373965e-08,1.692207710847379e-08,1.9142976684140078e-08
2021-01-06,7.060371532507494e-08,6.261190055750262e-08,6.076218200794135e-08
2021-01-07,1.8498905868798217e-07,1.5837984044474325e-07,1.478799703654479e-07
2021-01-08,1.0899935115279688e-07,9.452242300338251e-08,9.216341882931566e-08
2021-01-11,1.4326525762455542e-08,2.7607942361431053e-08,3.154087966677423e-08
2021-01-12,2.244057998140259e-08,2.646024532220718e-08,2.8930331873913456e-08
2021-01-13,4.039939165288419e-08,3.476248115908523e-08,3.221535609041746e-08
2021-01-14,3.828637749707048e-07,3.6444876721742365e-07,3.5288659717763644e-07
2021-01-15,7.53516159009634e-08,6.441721672038574e-08,6.175970670412204e-08
2021-01-18,1.8368196832741162e-07,1.613708972991553e-07,1.5894186506836782e-07
2021-01-19,6.84982166445962e-08,5.333343822636502e-08,4.894691893227071e-08
2021-01-20,2.000667105379367e-08,3.0934204212111234e-08,3.400210427253761e-08
2021-01-21,5.5566507349205104e-08,5.6238263457870997e-08,5.779410029594936e-08
2021-01-22,5.40846250281952e-08,6.062857754126916e-08,5.9297347891277e-08
2021-01-25,1.7830751715063738e-08,2.297531391739594e-08,2.3424002328250138e-08
2021-01-26,2.7330487000362395e-08,2.9422380531527593e-08,3.050552315438508e-08
2021-01-27,3.280850862571132e-08,3.349729904524934e-08,3.346060895515959e-08
2021-01-28,2.653836178334791e-08,2.9172215787846616e-08,2.9891848604590696e-08
2021-01-29,2.3123772302268428e-08,2.0928100973641466e-08,2.1125681754426724e-08
2021-02-01,2.900172442582191e-08,2.405919178200049e-08,2.4216307666212392e-08
2021-02-02,5.7053069036694315e-08,5.065152643467134e-08,4.9526911279852405e-08
2021-02-03,3.994419542524173e-08,3.810302480024293e-08,3.7429112115723024e-08
2021-02-04,4.909198037560885e-08,4.8307088450176166e-08,4.7905074880260046e-08
2021-02-05,1.6054767713428517e-08,1.031172526752496e-08,9.676888986336376e-09
2021-02-08,1.612518336700238e-08,9.519427220794488e-09,8.860416838812626e-09
2021-02-09,3.0407345921395045e-08,2.323244831021585e-08,2.249982778124522e-08
2021-02-10,1.5290536696799927e-08,8.2513557464137e-09,8.018655180557101e-09
2021-02-11,1.1846045477330374e-08,5.962964243011592e-09,5.618262651256418e-09
2021-02-12,1.5442157761832097e-08,7.056340934750405e-09,6.466232205618861e-09
2021-02-15,2.821450077980163e-08,2.3964032445882596e-08,2.310234473248693e-08
2021-02-16,5.068542562247418e-08,5.677611109746747e-08,5.7365574516947724e-08
2021-02-17,2.4823958741022245e-08,1.7662552803779557e-08,1.691419138156542e-08
2021-02-18,1.0750457068839555e-07,1.107545459734469e-07,1.1046041582498037e-07
2021-02-19,2.879439172543321e-08,2.381389702021551e-08,2.3878005014527385e-08
2021-02-22,2.034475469147689e-08,1.5848953257940733e-08,1.4844464122255602e-08
2021-02-23,4.642542418635414e-08,4.438576214577645e-08,4.338252962405348e-08
2021-02-24,3.044515139113846e-08,2.473589586127359e-08,2.4524268034577894e-08
2021-02-25,1.5950016678122483e-08,1.0404660387681657e-08,1.009351155269041e-08
2021-02-26,1.0795355484199223e-08,6.770988757358144e-09,6.477368531036427e-09
2021-03-01,1.2166212011193601e-08,6.7388569264246725e-09,6.846129835533083e-09
2021-03-02,4.231842900213495e-08,3.633262252929815e-08,3.624279085988846e-08
2021-03-03,1.9886552545047256e-08,1.6298416404813224e-08,1.5696509268253647e-08
2021-03-04,2.2797205430151612e-08,2.0881400508520354e-08,2.0057889671131896e-08
2021-03-05,3.569468858523922e-08,4.06053438222647e-08,4.1026744145773303e-08
2021-03-08,2.5441951196449785e-08,2.2969233046517686e-08,2.265968353560307e-08
2021-03-09,1.4061157323619092e-08,1.118686403381519e-08,1.1088005909506434e-08
2021-03-10,1.4256523160227525e-08,9.9699822562359e-09,9.449224837629471e-09
2021-03-11,2.8597036096808636e-08,2.5634146010091163e-08,2.5382289535814323e-08
2021-03-12,1.576394811859802e-08,1.1511245077085827e-08,1.1192672599752037e-08
2021-03-15,2.993270316836758e-08,2.663925035314395e-08,2.621318928057225e-08
2021-03-16,9.386370758052617e-09,5.9809219967316165e-09,5.678124418379905e-09
2021-03-17,9.989187726215778e-08,1.0763052857922976e-07,1.0866294612775969e-07
2021-03-18,5.404510205401857e-08,5.316167001038807e-08,5.2489424513185814e-08
2021-03-19,9.09041471873618e-09,5.882809563149287e-09,5.954375304574656e-09
2021-03-22,1.6350223544104672e-08,1.618062192635098e-08,1.6499815501416843e-08
2021-03-23,1.0983814733672625e-08,9.389439709668754e-09,9.773201542789542e-09
2021-03-24,1.9642146377177997e-07,2.0815500604463233e-07,2.074270056012113e-07
2021-03-25,5.6842491599530127e-08,5.308652989950978e-08,5.229764614744365e-08
2021-03-26,2.4838779243030383e-08,2.6340695959981382e-08,2.7358530427552443e-08
2021-03-29,1.514014830867802e-08,1.600013040064421e-08,1.6834676539825136e-08
2021-03-30,1.2781450866097075e-08,1.021722271575015e-08,1.028990503788478e-08
2021-03-31,1.85102172821164e-08,1.6007007500830833e-08,1.64813669583031e-08
2021-04-01,1.0642739655481265e-08,7.793618731210642e-09,7.959904820919524e-09
2021-04-02,1.5682982492527126e-08,1.2748254762876774e-08,1.2869022595349748e-08
2021-04-05,1.8436828264466806e-07,1.8925988589770547e-07,1.8827227840813256e-07
2021-04-06,9.853787285308985e-09,9.963837586374539e-09,1.0751260628210055e-08
2021-04-07,2.4287465884340206e-08,2.7699178598029635e-08,2.820845246437737e-08
2021-04-08,3.02937078908836e-08,3.140247689405927e-08,3.126542361454486e-08
2021-04-09,1.260804446005795e-08,1.1517970507042243e-08,1.2024151154264037e-08
2021-04-12,2.332476724439982e-08,2.150786121334267e-08,2.1076965052458672e-08
2021-04-13,1.6238625936355027e-08,1.4597882699023963e-08,1.4922902478321023e-08
2021-04-14,1.011724940515944e-08,7.479324504593087e-09,7.61139071674482e-09
2021-04-15,3.9191936764095283e-08,3.571503830411504e-08,3.5465026470518665e-08
2021-04-16,1.4308246075884554e-08,1.134508163657741e-08,1.1466112940809779e-08
2021-04-19,2.0181762336998512e-08,1.980593071680238e-08,1.9424932337024045e-08
2021-04-20,1.2419798884325419e-08,9.681196274599172e-09,9.732283692426958e-09
2021-04-21,8.041011776204692e-09,5.779007725704931e-09,5.6378584897081586e-09
2021-04-22,1.1675973614095791e-08,8.105081875680741e-09,7.960444976335767e-09
2021-04-23,2.132158706661636e-08,1.8628721120486686e-08,1.84848696160655e-08
2021-04-26,1.5640519875536903e-08,1.2730992040064074e-08,1.2562946428454834e-08
2021-04-27,2.0916704646745604e-08,1.790070163882337e-08,1.7314405018202383e-08
2021-04-28,2.2406665369425237e-08,2.0448171201272767e-08,1.9833629932508678e-08
2021-04-29,9.055217145257171e-09,6.552510509175675e-09,6.033266726897943e-09
2021-04-30,1.165574489331347e-08,9.019628311971115e-09,8.653756625969295e-09
2021-05-03,6.961686453086279e-09,3.968365767481415e-09,3.7185214789380317e-09
2021-05-04,1.501599509602763e-08,1.1898157212000588e-08,1.1366103476423083e-08
2021-05-05,9.667419129911026e-09,6.668999443948727e-09,6.108481088755725e-09
2021-05-06,6.755332650457537e-08,6.68576781430918e-08,6.628749545773425e-08
2021-05-07,1.4570999117927164e-08,1.3960809319587141e-08,1.3763860319902138e-08
2021-05-10,1.446829262467402e-08,1.4751161501730412e-08,1.5324409963835502e-08
2021-05-11,6.830263906997834e-08,7.200266335711815e-08,7.241711765774303e-08
2021-05-12,1.4813844614394201e-08,1.6418516494517122e-08,1.6608300279088626e-08
2021-05-13,9.463926775212558e-09,8.580103230801119e-09,8.414854105090065e-09
2021-05-14,9.393321899577058e-09,8.15330519569183e-09,8.035995809130074e-09
2021-05-17,2.0338613786108564e-08,2.0413687476826732e-08,2.005355309301148e-08
2021-05-18,3.0920519968267216e-08,3.299799331686103e-08,3.302834034342354e-08
2021-05-19,2.0359163686968644e-08,2.043971059034527e-08,2.0594764807603955e-08
2021-05-20,1.6933453964118913e-08,1.6312556023101136e-08,1.629084810852716e-08
2021-05-21,1.5939342464775552e-08,1.501685968437518e-08,1.4758715066820863e-08
2021-05-24,5.745739080977959e-08,5.722829334187364e-08,5.7277830218590944e-08
2021-05-25,5.207568018924643e-08,4.81630656110437e-08,4.703081906922906e-08
2021-05-26,3.8773175084776006e-08,4.089378232042862e-08,4.070779345406055e-08
2021-05-27,5.1812845073094135e-08,5.297239789054612e-08,5.2443682859172194e-08
2021-05-28,4.8046965951094094e-08,4.590432582051338e-08,4.531396488609881e-08
2021-05-31,2.5575185988172044e-08,2.259136585174627e-08,2.166728922670815e-08
2021-06-01,1.2179241335818373e-08,1.234449925447672e-08,1.2667933108305537e-08
2021-06-02,7.735243319139183e-09,6.965808502552894e-09,7.066572655020824e-09
2021-06-03,6.775414010616983e-09,5.073174565702886e-09,5.150724157516775e-09
2021-06-04,6.101430293534836e-08,6.108454826390555e-08,6.085019776455757e-08
2021-06-07,5.701991552011872e-09,5.494357258854506e-09,5.432875240042626e-09
2021-06-08,2.075413853148879e-08,1.985014086342009e-08,1.960004233617984e-08
2021-06-09,1.519248376342939e-07,1.4970560525612225e-07,1.4754627748821337e-07
2021-06-10,1.389099414738315e-08,1.52526825805611e-08,1.581444414209869e-08
2021-06-11,6.87160032991e-09,6.158614070236549e-09,6.2439581141483125e-09
2021-06-14,3.577890350308036e-08,3.4650222947093155e-08,3.386237674699267e-08
2021-06-15,1.6778205480228048e-08,1.6116971617166005e-08,1.6218042027997192e-08
2021-06-16,1.0737898050334493e-08,9.689744765913875e-09,9.623368102908783e-09
2021-06-17,1.6984649026459695e-08,1.5251300183233564e-08,1.5060864636763872e-08
2021-06-18,7.964381110237775e-09,6.751608524509523e-09,6.674327075690058e-09
2021-06-21,6.699442482791023e-09,5.223973742797093e-09,5.035272921403493e-09
2021-06-22,1.1400450823376433e-07,1.1816083128805952e-07,1.1782044004769598e-07
2021-06-23,6.424173722349667e-08,6.129934461388785e-08,6.033103676834504e-08
2021-06-24,8.933436975745933e-08,8.500708417184386e-08,8.376609193561127e-08
2021-06-25,4.6942578130059557e-08,4.9331059638832926e-08,5.022914219667489e-08
2021-06-28,1.6738806252942742e-08,1.5512130881128265e-08,1.5184657428159035e-08
2021-06-29,1.3397017894386102e-08,1.5180150322024704e-08,1.546841692058935e-08
2021-06-30,1.830820021442583e-08,1.857805104417305e-08,1.8166748029984376e-08
2021-07-01,2.6455636746476506e-08,2.5843361172174003e-08,2.5787193472385715e-08
2021-07-02,7.270973063915454e-08,7.250570395542472e-08,7.072244491994354e-08
2021-07-05,9.701106910892887e-08,9.674159390443558e-08,9.452170186719579e-08
2021-07-06,7.038859654603807e-09,6.846210868347341e-09,6.802058937786735e-09
2021-07-07,1.0883530901118189e-08,1.0122724730330965e-08,9.71220346320918e-09
2021-07-08,4.7756248541324086e-08,4.646084846080866e-08,4.73261913710938e-08
2021-07-09,1.5753456521200488e-07,1.5592793775164237e-07,1.579512152738228e-07
2021-07-12,2.7400841139830648e-08,2.8717993176442754e-08,2.80409993042645e-08
2021-07-13,1.0436330782700654e-08,1.250717359707645e-08,1.2227550059679029e-08
2021-07-14,2.579509906648296e-08,2.6766344037168878e-08,2.6669001940717348e-08
2021-07-15,1.796331318906524e-08,1.8946885634506234e-08,1.930846614282555e-08
2021-07-16,6.426978825407287e-08,6.119780123475891e-08,6.046045510213741e-08
2021-07-19,8.91015017390067e-08,8.733163759323483e-08,8.674000007787139e-08
2021-07-20,1.98025585066171e-08,1.9934827393674402e-08,1.980775605888695e-08
2021-07-21,1.1541029618633277e-07,1.0754710296133098e-07,1.070576663517884e-07
2021-07-22,2.398675608347574e-07,2.1781343588948347e-07,2.1308328849522876e-07
2021-07-23,4.948006972581684e-08,4.1076915247023203e-08,4.070405174359781e-08
2021-07-26,3.08336824553834e-08,3.5226446439253145e-08,3.603217101661464e-08
2021-07-27,4.0495374633750144e-08,4.3134651745469674e-08,4.277962513274235e-08
2021-07-28,3.454605745544647e-08,3.215047416725376e-08,3.1259496471970174e-08
2021-07-29,1.8282872359136932e-08,1.6771816965339472e-08,1.737628560029499e-08
2021-07-30,4.154550008385895e-08,4.0958662858967186e-08,4.0398221300783024e-08
2021-08-02,1.88625438953566e-08,2.1090777812083992e-08,2.1127055246301427e-08
2021-08-03,4.2926519628218635e-08,4.1774273403244346e-08,4.103791834924408e-08
2021-08-04,4.3633371847980184e-07,4.2227519225698744e-07,4.1727322153036647e-07
2021-08-05,1.8992986815108655e-08,3.0944319807281494e-08,3.355989330436979e-08
2021-08-06,8.698573046876613e-08,7.861184198143687e-08,7.631620044024089e-08
2021-08-09,5.527352733337921e-08,5.340441615007471e-08,5.2777286414461396e-08
2021-08-10,2.0968592579868085e-08,2.195409235263889e-08,2.1659131365513263e-08
2021-08-11,4.502580596275357e-08,4.020201494886446e-08,3.991238779820582e-08
2021-08-12,1.0335171552333034e-08,1.3271528106076813e-08,1.3886592275657882e-08
2021-08-13,2.8486060690935565e-08,2.823770312413333e-08,2.8314815814016605e-08
2021-08-16,1.062332778413965e-08,1.243685358695296e-08,1.3005612334519355e-08
2021-08-17,8.385316341259604e-09,8.645311575666744e-09,8.841686607760901e-09
2021-08-18,8.099795707362737e-09,7.146724553398778e-09,7.3032349461203225e-09
2021-08-19,9.096525859628456e-09,7.517551454935828e-09,7.619294886814443e-09
2021-08-20,2.8647580295867324e-07,2.9321655975848676e-07,2.920982993518183e-07
2021-08-23,5.737030048268872e-08,5.746310909504929e-08,5.702962063617091e-08
2021-08-24,1.06229547788658e-08,1.3026606938186406e-08,1.4307403901842287e-08
2021-08-25,4.881192887220398e-08,4.489300106999041e-08,4.4813239587727647e-08
2021-08-26,1.2267755272163347e-08,1.3880112366974996e-08,1.4466129705445565e-08
2021-08-27,2.0709022137019306e-08,2.265341725965962e-08,2.2953282421772818e-08
2021-08-30,1.6804095805270702e-08,1.743983651737189e-08,1.7686017092332718e-08
2021-08-31,5.383703516447434e-08,5.324057739197213e-08,5.2955138997116754e-08
2021-09-01,6.12989586097117e-08,5.8602327727867686e-08,5.777647659788683e-08
2021-09-02,1.3591610165021887e-08,1.5271036002620925e-08,1.5605911466771888e-08
2021-09-03,2.3556454733024078e-08,2.3204778865825747e-08,2.304018044951741e-08
2021-09-06,1.080482440032415e-08,1.076452555950895e-08,1.06770824417795e-08
2021-09-07,1.2705628707383724e-08,1.1033084152119662e-08,1.052629964603815e-08
2021-09-08,5.515992688722674e-08,5.32105031648227e-08,5.214836454456092e-08
2021-09-09,3.630571847453301e-08,3.596411202947217e-08,3.535438249105805e-08
2021-09-10,1.7025725391936503e-08,1.6880862399598602e-08,1.6710887437840516e-08
2021-09-13,1.807541363769602e-08,1.8056710047518807e-08,1.7605501984024263e-08
2021-09-14,3.068995846723894e-08,3.05516190775772e-08,3.010267438735619e-08
2021-09-15,1.7796300671547072e-08,1.7928740397861782e-08,1.7268379367494344e-08
2021-09-16,1.2659703775286754e-08,1.2588687202961658e-08,1.2302935016026825e-08
2021-09-17,4.673678675054788e-08,4.477226530454975e-08,4.3415329263740514e-08
2021-09-20,2.7778470034283182e-08,2.6641939003214876e-08,2.577183232846695e-08
2021-09-21,2.7146163032492994e-08,2.5860272654446737e-08,2.5221341864749248e-08
2021-09-22,1.740575418632447e-08,1.9263532304405416e-08,1.9914704510582065e-08
2021-09-23,1.3073013495241629e-08,1.3388800039491876e-08,1.2652541165970686e-08
2021-09-24,1.0828557312461956e-08,1.0530327048705186e-08,1.001067138957458e-08
2021-09-27,1.0886870729402931e-08,9.731291336617873e-09,9.462960163483423e-09
2021-09-28,2.9715129936942593e-08,2.8296326503893424e-08,2.7106006993983624e-08
2021-09-29,7.417532752560431e-09,6.036409452958474e-09,5.639707314937008e-09
2021-09-30,4.7737208393592255e-08,4.9164539189129036e-08,4.832850186104697e-08
2021-10-01,2.7843931550292496e-08,2.668022596807063e-08,2.5616658614294463e-08
2021-10-04,2.0887726611351096e-08,1.9409977031608172e-08,1.795756093783926e-08
2021-10-05,3.36990696712728e-08,3.394398851522109e-08,3.371198206324212e-08
2021-10-06,9.434470135589444e-09,8.513285973867426e-09,8.101900653450773e-09
2021-10-07,2.6309389716750537e-08,2.4284727213602927e-08,2.4116970043045106e-08
2021-10-08,4.464893603791373e-08,4.411304642670721e-08,4.349663380118263e-08
2021-10-11,1.536458337585774e-07,1.5217447100293622e-07,1.4873774518637273e-07
2021-10-12,8.670410394334126e-09,1.1238759215392025e-08,1.0450952041721344e-08
2021-10-13,4.5869652848848584e-08,4.515308832385237e-08,4.4010106842263545e-08
2021-10-14,3.960205025976194e-08,3.901619058226288e-08,3.8896151948696943e-08
2021-10-15,1.7128610070558197e-08,1.871472786752854e-08,1.77135886334418e-08
2021-10-18,7.657005707929688e-09,7.475262391891962e-09,7.570757992807869e-09
2021-10-19,1.574037825417272e-08,1.6285410681133744e-08,1.6509762263838078e-08
2021-10-20,9.483618265184588e-09,9.231794144205235e-09,8.99840314984328e-09
2021-10-21,2.192867098915501e-08,2.23778762963319e-08,2.275491204105191e-08
2021-10-22,8.980018094030377e-09,8.150122432378206e-09,7.790924465867409e-09
2021-10-25,7.019097793584605e-09,5.620011441027884e-09,5.295147396558453e-09
2021-10-26,1.0205202171479412e-08,8.169775053584475e-09,7.837337262110617e-09
2021-10-27,1.8564478188932267e-08,1.7334934282057946e-08,1.690391986903826e-08
2021-10-28,9.67187435268092e-09,8.606887186382831e-09,8.394721167493184e-09
2021-10-29,4.8212899339848e-08,5.020688998517556e-08,5.03350631342471e-08
2021-11-01,3.029988712107005e-08,2.8903996248014963e-08,2.8438969625605096e-08
2021-11-02,1.6646920177012477e-08,1.6065303372490996e-08,1.525170150366181e-08
2021-11-03,2.8088996238628957e-08,2.7396541902303554e-08,2.6683755330245984e-08
2021-11-04,3.42374682166083e-08,3.4701088968319134e-08,3.32125482568643e-08
2021-11-05,3.3806847689248583e-08,3.289774060990166e-08,3.0889429345189505e-08
2021-11-08,8.236463306246018e-09,7.16423151928064e-09,6.943730762652397e-09
2021-11-09,4.0808372674421334e-08,3.968129479785005e-08,3.98887022892097e-08
2021-11-10,5.4750269192709115e-08,5.3247488096656025e-08,5.3857305089633905e-08
2021-11-11,2.098974441257943e-08,1.9788123422567798e-08,1.929029962778639e-08
2021-11-12,5.5663658336465255e-08,5.491928034318644e-08,5.3801450488914866e-08
2021-11-15,4.376117530918368e-08,4.569674431947305e-08,4.484126148038111e-08
2021-11-16,1.332184230783356e-08,1.2279082059595599e-08,1.1311206697747285e-08
2021-11-17,3.1263492245227074e-08,3.0075303944840103e-08,2.9056621532698777e-08
2021-11-18,3.9836949476640224e-08,3.818439671098522e-08,3.898727877760934e-08
2021-11-19,4.036558661895692e-08,4.0679562249053505e-08,3.910042592858131e-08
2021-11-22,3.238553064728216e-08,3.162043229612073e-08,3.1028241913707416e-08
2021-11-23,2.3232507770966595e-08,2.3364901012207557e-08,2.217740723373829e-08
2021-11-24,1.3905051618781848e-08,1.2638659922133451e-08,1.1694368070270803e-08
2021-11-25,8.747995732571089e-09,8.443216604717541e-09,8.113223224979451e-09
2021-11-26,7.333855413637214e-08,7.359743150777626e-08,7.418539872022893e-08
2021-11-29,2.2995606205999504e-08,2.1429863586420934e-08,2.0604077226368452e-08
2021-11-30,3.110396170933188e-08,3.1063408181564274e-08,3.177397892815023e-08
2021-12-01,1.7066669195696471e-07,1.7161286055030128e-07,1.7178266263865547e-07
2021-12-02,5.823760781765509e-08,5.748451899347361e-08,5.6051292979269994e-08
2021-12-03,2.3951585244253768e-08,2.605143468571578e-08,2.4639012932709073e-08
2021-12-06,8.809884269953968e-09,8.720561990554191e-09,7.823495512549262e-09
2021-12-07,1.9670626657304204e-07,1.9313172806770674e-07,1.932512462560687e-07
2021-12-08,6.13060115349045e-08,6.246025123598645e-08,6.226009898852039e-08
2021-12-09,4.014312146090545e-08,3.854742426883568e-08,3.598457235244137e-08
2021-12-10,1.4437315747056315e-07,1.456694696831762e-07,1.447240547329187e-07
2021-12-13,8.676544700369579e-08,8.492953672673597e-08,8.088028551844926e-08
2021-12-14,2.98637158747715e-08,3.044582937701545e-08,3.079762620425481e-08
2021-12-15,1.5975210533229936e-07,1.5740449341341498e-07,1.611288105660127e-07
2021-12-16,3.4070820518894676e-08,3.41827290070818e-08,3.240034456262378e-08
2021-12-17,3.19970952139917e-08,3.309554393014464e-08,3.168336055128697e-08
2021-12-20,1.0840609648668593e-08,1.1072559936084268e-08,1.130792493570748e-08
2021-12-21,1.0046181491739753e-07,9.77079948182162e-08,9.31030367700059e-08
2021-12-22,6.137516627376788e-08,5.994406294764062e-08,5.6845755357285706e-08
2021-12-23,4.417466500051473e-08,3.9603357034852744e-08,4.093739720877239e-08
2021-12-24,5.4670267644335026e-08,5.483682008445636e-08,5.3987305028626174e-08
2021-12-27,2.0693211667849357e-08,2.291877694525383e-08,2.4312668334253476e-08
2021-12-28,6.125941617161997e-08,5.5564272988113995e-08,5.583227922837934e-08
2021-12-29,1.3894935754149492e-08,1.6709468469924073e-08,1.7001615292756985e-08
2021-12-30,3.2388872497309056e-08,3.3623289939662206e-08,3.206710707113713e-08
2021-12-31,1.1846999290952098e-07,1.1713096131620654e-07,1.1250429798557782e-07
2022-01-03,3.6288344544799387e-08,3.826740165187071e-08,3.6916929065144026e-08
2022-01-04,1.339108877897549e-08,1.396958475080208e-08,1.496644517579688e-08
2022-01-05,2.77988959390909e-08,2.7997472631522607e-08,2.879527254265771e-08
2022-01-06,2.9425284573543652e-08,3.0584752170744345e-08,2.9775147834316098e-08
2022-01-07,2.3865168076124128e-08,2.3988326956068273e-08,2.2696284304370558e-08
2022-01-10,1.0945297885197267e-07,1.0644365237734758e-07,1.0354050912314303e-07
2022-01-11,2.1043679572359307e-08,2.230503378486396e-08,2.1588225800405395e-08
2022-01-12,7.53676588324824e-09,7.605924480841112e-09,8.26980563293995e-09
2022-01-13,1.3926303877248173e-08,1.4543322962765656e-08,1.4031760563456207e-08
2022-01-14,3.43147617687284e-08,3.470735406765472e-08,3.4512461255584704e-08
2022-01-17,1.80551980677456e-08,1.8536760097892493e-08,1.9478188113066925e-08
2022-01-18,8.430329319147427e-08,8.330740410062214e-08,8.299266361476962e-08
2022-01-19,5.006916965012978e-08,5.280930105641957e-08,5.302158578548187e-08
2022-01-20,6.906787332949838e-08,6.789774813553687e-08,6.895389343765069e-08
2022-01-21,5.005260466730922e-08,4.9607811916525746e-08,4.927654093107759e-08
2022-01-24,6.453708168455834e-08,6.309042260386079e-08,6.223747999177704e-08
2022-01-25,8.639408004085798e-08,8.124774617229864e-08,7.88631703489485e-08
2022-01-26,1.0977519359069553e-08,1.1540623461234284e-08,1.1510093576975744e-08
2022-01-27,4.0351926434650225e-08,4.2380807788101995e-08,4.259379461528433e-08
2022-01-28,1.4010685010118263e-08,1.5089004960305477e-08,1.4851296247161938e-08
2022-01-31,1.5492433660190337e-08,1.636014975805605e-08,1.6094710566959584e-08
2022-02-01,4.0738057904699015e-08,4.183008594017459e-08,4.189614864464026e-08
2022-02-02,2.010464684397121e-08,1.977817725957949e-08,1.8417175470481752e-08
2022-02-03,1.1596888278064985e-08,1.1267180283908686e-08,1.0860639684271198e-08
2022-02-04,8.136564696452956e-09,8.362154421707241e-09,8.05619487325699e-09
2022-02-07,4.320349476951168e-08,4.272350251990817e-08,4.2486575514736657e-08
2022-02-08,1.375904350254904e-08,1.3414945116121964e-08,1.3027454962215841e-08
2022-02-09,9.272897241126977e-09,9.072035986409366e-09,8.55515305425074e-09
2022-02-10,2.334345706805465e-08,2.2794118186302094e-08,2.214776417686807e-08
2022-02-11,2.2297556121575092e-08,2.0753772847481536e-08,1.986711807546105e-08
2022-02-14,1.3113756850921225e-08,1.2207105384092341e-08,1.1464220818246367e-08
2022-02-15,1.5542323765065392e-08,1.3629000188952287e-08,1.3402379074968292e-08
2022-02-16,1.1819902713110376e-08,1.1354631595839359e-08,1.097562660483899e-08
2022-02-17,1.7273132980940024e-07,1.6952216339447146e-07,1.679788565345322e-07
2022-02-18,5.657715015625455e-09,5.837743752852108e-09,5.6858376899902824e-09
2022-02-21,1.3411153143464805e-08,1.3795261677225434e-08,1.3890949152924899e-08
2022-02-22,2.8077863843369574e-08,2.852125095762981e-08,2.8022755099394324e-08
2022-02-23,1.0545038124845368e-07,1.028679297318132e-07,9.904277867478202e-08
2022-02-24,1.5151584514445793e-08,1.511499069362992e-08,1.5753597322766203e-08
2022-02-25,1.0170137886374153e-07,9.841066093538106e-08,9.565244681760973e-08
2022-02-28,5.241885812294488e-08,5.20897832577591e-08,5.1841888050152516e-08
2022-03-01,3.0170945787261047e-08,3.121173734946921e-08,3.0706842984217154e-08
2022-03-02,3.650568682026701e-08,3.675107019342386e-08,3.542539176224208e-08
2022-03-03,2.0260069065246087e-08,2.005768883072695e-08,1.9676659764163302e-08
2022-03-04,3.405973407991773e-08,3.3353574047189256e-08,3.3965928032059414e-08
2022-03-07,1.6583306164658257e-08,1.7329259836023328e-08,1.7000147290385457e-08
2022-03-08,1.1540490024318998e-08,1.23620528051766e-08,1.3168843966303579e-08
2022-03-09,2.5558267592447615e-08,2.6368881269273992e-08,2.5956275809882376e-08
2022-03-10,1.554445427942211e-08,1.6206948086414166e-08,1.658626001170792e-08
2022-03-11,2.223867738161956e-07,2.143406474897471e-07,2.1137563977864122e-07
2022-03-14,1.7966684348796964e-08,1.8342682019169807e-08,1.8779565711213723e-08
2022-03-15,1.1510068930628743e-08,1.2261397267299056e-08,1.2936024492472941e-08
2022-03-16,3.5651489215729855e-08,3.721597010017512e-08,3.779686297055497e-08
2022-03-17,6.168104247956723e-08,6.309135788243541e-08,6.346065104612238e-08
2022-03-18,3.331329109675069e-08,3.325356734651572e-08,3.3897035160193594e-08
2022-03-21,5.1979443407995075e-08,5.277265804731951e-08,5.3165652615198305e-08
2022-03-22,1.0664036722158813e-08,1.1412798765240324e-08,1.1614497957353242e-08
2022-03-23,4.870589651599396e-08,4.935887166636264e-08,4.8552226640183454e-08
2022-03-24,6.264397885239475e-08,6.373645702810818e-08,6.414804887403073e-08
2022-03-25,2.673421475539626e-08,2.69526251833191e-08,2.738250100809159e-08
2022-03-28,1.093406555440057e-08,1.1714576645983402e-08,1.1808541087053061e-08
2022-03-29,1.8762991817213584e-08,1.9031761999425763e-08,1.934400666413163e-08
2022-03-30,3.1262830553547035e-08,3.091331648703283e-08,3.114624825764203e-08
2022-03-31,6.918669274618752e-08,6.784542832916982e-08,6.686278391071991e-08
2022-04-01,6.110057770734275e-09,6.598894596790736e-09,6.67240309522435e-09
2022-04-04,4.0633915421981876e-08,3.974857417511729e-08,3.904449593339596e-08
2022-04-05,2.2496005604475603e-08,2.1813152828145377e-08,2.1117894101736496e-08
2022-04-06,2.8016396821747182e-08,2.659501078883642e-08,2.6100742387382945e-08
2022-04-07,2.1115575523831117e-08,2.2246094087423392e-08,2.288072182268757e-08
2022-04-08,2.813505030285097e-08,2.876914459696574e-08,2.94269180292211e-08
2022-04-11,3.3385641240914103e-08,3.2756517757520916e-08,3.241447314235961e-08
2022-04-12,8.760303732996888e-08,8.657942171622057e-08,8.601544886942612e-08
2022-04-13,1.0260800477935956e-08,1.0992735561766354e-08,1.0991921436828496e-08
2022-04-14,1.4124124558487113e-08,1.4177999376749284e-08,1.396984244917217e-08
2022-04-15,2.84015875269977e-08,2.7121030298095734e-08,2.749674637989004e-08
2022-04-18,1.661286525557289e-08,1.690865399256755e-08,1.6799304320502158e-08
2022-04-19,6.450439221078893e-08,6.304027801312876e-08,6.238843015750517e-08
2022-04-20,9.049328285087647e-08,8.886472385137172e-08,8.737268735968019e-08
2022-04-21,6.660690214605006e-08,6.615428579649713e-08,6.687762871254417e-08
2022-04-22,2.2763414894488458e-08,2.3959272121028035e-08,2.343546076355309e-08
2022-04-25,1.3663225520092342e-07,1.306743786367758e-07,1.2913209658688223e-07
2022-04-26,1.8560996711715839e-07,1.8016834606033375e-07,1.7294303419044623e-07
2022-04-27,3.29836949133883e-08,3.3410527496367433e-08,3.3153070344368334e-08
2022-04-28,1.7725410664915996e-07,1.7301010306375825e-07,1.667817723760959e-07
2022-04-29,7.463607220277315e-08,7.730833178186744e-08,7.98889874977328e-08
2022-05-02,7.4156726186964845e-09,1.0509305630482044e-08,1.0924121318797656e-08
2022-05-03,1.4695410078705448e-08,1.6753062321565316e-08,1.6381264572414775e-08
2022-05-04,7.405971370908468e-08,7.30399617931126e-08,7.127469803298329e-08
2022-05-05,7.915037808781479e-08,7.577603497860764e-08,7.507666917290474e-08
2022-05-06,3.1383379116043066e-08,3.2461805081283436e-08,3.2221167912340066e-08
2022-05-09,3.5531879396707915e-08,3.4010721925749254e-08,3.353339619441259e-08
2022-05-10,3.416158903767825e-08,3.55858947831647e-08,3.507355717912004e-08
2022-05-11,2.5705661279168176e-08,2.622934587096484e-08,2.546749101209928e-08
2022-05-12,3.0563313654302244e-08,3.059423632883187e-08,3.0815175159131035e-08
2022-05-13,4.4727730259741484e-08,4.547361093004849e-08,4.717000662599774e-08
2022-05-16,4.101894352319325e-08,4.072082877876852e-08,4.01736404238833e-08
2022-05-17,2.2850630062352023e-08,2.238166821041895e-08,2.1858455655087816e-08
2022-05-18,2.95397818814194e-07,2.9285182752095135e-07,2.894234210335067e-07
2022-05-19,1.0564917993934057e-07,1.0371413544577356e-07,9.985668911531647e-08
2022-05-20,1.2824516238512253e-07,1.2730367604199902e-07,1.3013339065326988e-07
2022-05-23,9.55315402870035e-07,9.325628662111691e-07,9.256539584427985e-07
2022-05-24,2.990641421991793e-08,3.294906657245669e-08,3.2163631575673026e-08
2022-05-25,1.855727022139076e-08,2.1621065707815135e-08,2.187778676964243e-08
2022-05-26,4.684337219447616e-08,3.7581270205696456e-08,4.0372871309330505e-08
2022-05-27,3.251300554927033e-08,3.7850305397393745e-08,3.7928111573104556e-08
2022-05-30,5.614237874154855e-08,5.653255712617699e-08,5.556912669280348e-08
2022-05-31,5.3738461341813514e-08,5.471749299275269e-08,5.554602012620853e-08
2022-06-01,4.524546167840454e-07,4.098063860822056e-07,3.9561958377853256e-07
2022-06-02,5.789065500988044e-08,5.245350095532958e-08,5.1410439640810705e-08
2022-06-03,1.3895987853589111e-08,2.1754428955208694e-08,2.2237976586926734e-08
2022-06-06,5.861070104996454e-08,4.958322092979986e-08,5.051235108662389e-08
2022-06-07,2.1609569678034187e-07,2.022840339024031e-07,1.884469040526039e-07
2022-06-08,9.274649651628401e-08,7.277825283874595e-08,7.095748288654372e-08
2022-06-09,2.8364167218483065e-08,2.2457917061999786e-08,2.3459114908521827e-08
2022-06-10,5.926422617134053e-08,3.984210854766766e-08,3.7999533610879456e-08
2022-06-13,2.5484736665820424e-08,3.484686565094699e-08,3.580256510037038e-08
2022-06-14,1.4167663198342097e-08,2.2306711630046998e-08,2.4841665436215785e-08
2022-06-15,1.9141239771776653e-08,2.5207485947826163e-08,2.5297929792813445e-08
2022-06-16,6.822035860293912e-08,7.147523365808288e-08,7.162924357675246e-08
2022-06-17,1.9249351402595777e-08,2.4553751748607162e-08,2.483160271563807e-08
2022-06-20,7.224130370459408e-08,6.250841560100253e-08,5.9125088859713345e-08
2022-06-21,3.6638961427673915e-08,4.1357842276613076e-08,4.335415904706367e-08
2022-06-22,1.5579941087456498e-08,1.54888545515893e-08,1.5549624477304296e-08
2022-06-23,6.279773778919324e-08,6.445578689939162e-08,6.233824039799669e-08
2022-06-24,5.277847704494247e-08,5.058532408457989e-08,5.197141512494392e-08
2022-06-27,1.1637061495038928e-08,1.5726693872870014e-08,1.6309728066370277e-08
2022-06-28,2.148528791272618e-08,2.375724409217319e-08,2.321307793550001e-08
2022-06-29,4.065748373096532e-08,4.192998237043723e-08,4.2046497694284823e-08
2022-06-30,3.275153157204047e-08,3.087817901579191e-08,3.126682096248098e-08
2022-07-01,1.4129235156924687e-07,1.336919872193333e-07,1.3330183847844027e-07
2022-07-04,1.2883857164119202e-08,1.76052059417686e-08,1.81368524103545e-08
2022-07-05,2.4649365882762887e-08,2.315450781697893e-08,2.1819025561170623e-08
2022-07-06,3.8330622690178704e-08,3.808238137942213e-08,3.733940909260433e-08
2022-07-07,2.514617997004085e-08,2.3402955508383133e-08,2.431096230935293e-08
2022-07-08,1.503901276672731e-08,1.7260928826720358e-08,1.7611426187543763e-08
2022-07-11,1.456446827768545e-08,1.5536477163245498e-08,1.5604647557797933e-08
2022-07-12,8.535523523010062e-08,8.745782890291433e-08,8.72315245164414e-08
2022-07-13,1.928001719631042e-08,1.9099327980156235e-08,1.8653131757418457e-08
2022-07-14,1.8113300159690732e-08,1.8530265819702638e-08,1.8316775368244036e-08
2022-07-15,3.8030201730896086e-08,3.8158767590104944e-08,3.7670617119526335e-08
2022-07-18,4.6384257643977557e-08,4.53635899659749e-08,4.4460935080217963e-08
2022-07-19,1.1154067661408446e-08,1.1966761955164676e-08,1.2755631539515328e-08
2022-07-20,4.0987473066923686e-08,3.8377818776199734e-08,3.663718991718101e-08
2022-07-21,7.506510411483329e-08,7.557631366711347e-08,7.327092091999922e-08
2022-07-22,1.260680742599238e-08,1.372025662483801e-08,1.4058487859953618e-08
2022-07-25,1.4897252089205795e-08,1.5325117044657232e-08,1.5555206601344525e-08
2022-07-26,6.63026774339739e-08,6.487919432282532e-08,6.37533474662656e-08
2022-07-27,1.3647414892425194e-08,1.402738196865953e-08,1.4378534322653838e-08
2022-07-28,4.8278027083828187e-08,4.93561409930833e-08,4.913467717293791e-08
2022-07-29,2.107769049196485e-07,2.1012469945429477e-07,2.0754656876007932e-07
2022-08-01,4.165439398195544e-08,3.932151633718974e-08,3.6781692413512855e-08
2022-08-02,1.9527934622401e-08,2.0426569507129425e-08,2.0364639421460402e-08
2022-08-03,2.8299252865228997e-08,2.7106605743226633e-08,2.5534280866921144e-08
2022-08-04,1.5507910037796556e-08,1.6221049025838382e-08,1.6661977961064556e-08
2022-08-05,2.221018850690376e-08,2.1582928525422292e-08,2.214447906349746e-08
2022-08-08,3.779426325723071e-07,3.7103365646923617e-07,3.6190098544264984e-07
2022-08-09,2.9325477939366235e-08,3.210396789220866e-08,3.3786893782985185e-08
2022-08-10,8.185898866897122e-08,8.060735760602014e-08,8.057052544447414e-08
2022-08-11,2.3208387019730363e-07,2.261307473401377e-07,2.2638559553366785e-07
2022-08-12,1.441101550165847e-08,1.8843716545728828e-08,1.92426351142521e-08
2022-08-15,1.619273566412481e-08,1.6637363870328347e-08,1.708456441599969e-08
2022-08-16,3.031981484719824e-08,3.271580735592037e-08,3.382363452626522e-08
2022-08-17,4.238273221759896e-08,4.385003041560471e-08,4.552671742216204e-08
2022-08-18,2.3602574209483517e-07,2.29060986833603e-07,2.2739383320769603e-07
2022-08-19,1.7681449295196354e-08,2.1005156194019423e-08,2.2255528959024784e-08
2022-08-22,3.6289952374687414e-08,3.643987050928529e-08,3.712099069608654e-08
2022-08-23,1.8282349740039253e-08,1.9591642426151004e-08,2.0526227470904712e-08
2022-08-24,4.443044746433221e-08,4.539887191162117e-08,4.539029081713266e-08
2022-08-25,3.982561271996738e-08,3.781329581034785e-08,3.676712808032475e-08
2022-08-26,5.371601405927505e-08,5.3760621500064346e-08,5.436004084831904e-08
2022-08-29,1.1438412682920029e-07,1.0755155189368188e-07,1.0373600893415427e-07
2022-08-30,1.103188726262874e-08,1.3941279471445099e-08,1.504571892171608e-08
2022-08-31,2.955738806466228e-08,3.18591981463214e-08,3.233498329133043e-08
2022-09-01,1.4888502345945924e-08,1.521909836467441e-08,1.5196939312703948e-08
2022-09-02,2.5091489663683782e-08,2.700608819705022e-08,2.708874957509615e-08
2022-09-05,3.976839114229733e-08,3.9305169760860326e-08,3.904963271311389e-08
2022-09-06,2.835188507485483e-08,2.8217753470319986e-08,2.7695248300605204e-08
2022-09-07,2.2433916702100743e-08,2.359815678912501e-08,2.340830526539565e-08
2022-09-08,3.4497789268493084e-08,3.3654753469506534e-08,3.355525252497806e-08
2022-09-09,2.862722426928512e-08,2.9510309747762602e-08,2.9381395260557073e-08
2022-09-12,1.1630491160558504e-07,1.1142097242546562e-07,1.1063833423743473e-07
2022-09-13,2.3570416343152776e-08,2.4201954223944658e-08,2.4030134087753898e-08
2022-09-14,1.2844181865077145e-08,1.3804806578399473e-08,1.3156730541757494e-08
2022-09-15,2.962308373553204e-08,2.8919935380000268e-08,2.8942200826328897e-08
2022-09-16,1.226485085120042e-08,1.2550181289934759e-08,1.2155490464356142e-08
2022-09-19,1.7988052477883514e-08,1.887551778029228e-08,1.8556332803585508e-08
2022-09-20,6.648977873044984e-07,6.564810644833853e-07,6.576173346713386e-07
2022-09-21,5.0799896404456014e-08,5.0952012649319406e-08,5.206569797535261e-08
2022-09-22,9.026381500752802e-09,1.2352498535814875e-08,1.3665253825481671e-08
2022-09-23,1.4076140075847146e-08,1.2637580242647163e-08,1.2142998644100909e-08
2022-09-26,4.6244117532452006e-08,4.4090515562410364e-08,4.31065568862764e-08
2022-09-27,1.3831942267087914e-08,1.580747876386757e-08,1.6726964217403142e-08
2022-09-28,8.36582751316822e-08,8.408122790294917e-08,8.419795082802215e-08
2022-09-29,1.715578832125816e-08,1.9309294351103437e-08,1.9761438236798954e-08
2022-09-30,2.4970048033591954e-08,2.2994842507030085e-08,2.3000560846203196e-08
2022-10-03,8.006301501100139e-08,7.677474966063787e-08,7.651630491394171e-08
2022-10-04,1.1234116758341153e-07,1.1632644747810452e-07,1.1590795982580554e-07
2022-10-05,1.567849168035449e-08,1.7709723704954303e-08,1.7929564545828788e-08
2022-10-06,1.336451073609555e-08,1.4861159414762727e-08,1.4718377896956125e-08
2022-10-07,4.3850203864050144e-08,4.5458590349541406e-08,4.458354659679636e-08
2022-10-10,2.9843529243467773e-08,2.875997440396205e-08,2.873037655753928e-08
2022-10-11,8.240384272634405e-09,8.475307400529634e-09,8.31046874410195e-09
2022-10-12,2.647588663681311e-07,2.550828471345962e-07,2.535000262212097e-07
2022-10-13,6.3813153259881245e-09,8.54399627516842e-09,9.223812628766396e-09
2022-10-14,1.1602920379450205e-07,1.1008570084700634e-07,1.0942787294685267e-07
2022-10-17,6.461855917686108e-08,6.376019713926808e-08,6.362857221390283e-08
2022-10-18,2.1260670006991263e-08,1.9841282079808043e-08,2.0098399033207603e-08
2022-10-19,1.9555160437051974e-07,1.8600840231121842e-07,1.8179878638886612e-07
2022-10-20,6.00588451952863e-08,5.685765268270155e-08,5.576270684650613e-08
2022-10-21,1.0492255365505072e-08,1.2320218831743305e-08,1.3345325209102104e-08
2022-10-24,2.552508589834154e-08,2.529339160488525e-08,2.4919109730068114e-08
2022-10-25,3.46930790158081e-08,3.487331041362706e-08,3.501124825441057e-08
2022-10-26,1.765538487919761e-07,1.7059061254900154e-07,1.656794468967988e-07
2022-10-27,2.436506845500552e-08,2.6145241291969316e-08,2.6854946256746358e-08
2022-10-28,5.377194247561685e-08,4.853604679082944e-08,4.739704819057838e-08
2022-10-31,1.9335619587502193e-07,1.9045171632810183e-07,1.8488240475781048e-07
2022-11-01,8.103328136369145e-08,7.494003523754379e-08,7.153444533288698e-08
2022-11-02,2.611154671959519e-08,2.7536489571172537e-08,2.741609366590573e-08
2022-11-03,6.790562338568366e-08,7.011989769945382e-08,7.205719766352507e-08
2022-11-04,8.861355811069126e-08,8.650021543407097e-08,8.621740743167728e-08
2022-11-07,5.3414396510329176e-08,5.547134361918262e-08,5.6975782298348314e-08
2022-11-08,1.740399000524081e-08,1.5930959251758285e-08,1.5203503331840614e-08
2022-11-09,2.4992318078782444e-07,2.357440490096546e-07,2.2770546908257022e-07
2022-11-10,1.1520724505028438e-07,1.0637564539091872e-07,1.0522632914548603e-07
2022-11-11,1.1931222524540355e-07,1.2187665573681542e-07,1.1799292931407138e-07
2022-11-14,4.2688864462575766e-08,4.356817022178292e-08,4.4719846645458856e-08
2022-11-15,1.574439026690466e-08,1.993891889561361e-08,2.0943073627518636e-08
2022-11-16,1.8075077991656918e-06,1.7333882107301142e-06,1.7110998598172513e-06
2022-11-17,1.540910267477658e-07,1.4815020465846214e-07,1.4007315543778167e-07
2022-11-18,3.732322284384231e-08,4.2289819188225784e-08,4.7480764543450546e-08
2022-11-21,3.6530109971636035e-08,4.8262673673572966e-08,5.4899281481807826e-08
2022-11-22,5.0666632178316365e-08,5.021268164359171e-08,4.664755350076356e-08
2022-11-23,3.3257261866806175e-07,2.838556934111026e-07,2.735938466919746e-07
2022-11-24,5.14638450394027e-08,4.26650663675125e-08,3.808918622025814e-08
2022-11-25,2.6445515433179784e-08,4.168693016653939e-08,4.703459986785195e-08
2022-11-28,1.2510485305110785e-08,2.5833450984384956e-08,3.0269717173092716e-08
2022-11-29,1.7054534710649492e-07,1.3810699625118465e-07,1.281551131477881e-07
2022-11-30,3.4120487682556986e-08,3.3369188037010495e-08,3.578283279382416e-08
2022-12-01,1.429520792035615e-08,2.6703827639927065e-08,3.0688921597134024e-08
2022-12-02,1.3496506823695122e-07,1.238228914843139e-07,1.1683691447451632e-07
2022-12-05,1.445578468795938e-07,1.316226067235682e-07,1.2358469126611318e-07
2022-12-06,2.518329070784751e-07,2.1358942090621224e-07,2.0502185677271798e-07
2022-12-07,1.0649468031276599e-08,1.6868635331528212e-08,1.9915622071384175e-08
2022-12-08,2.4515521245012868e-08,3.3255843766206836e-08,3.6156582272641254e-08
2022-12-09,5.2547833755011207e-08,6.05544125323997e-08,6.333116390484894e-08
2022-12-12,5.583903913027051e-08,4.542780546590471e-08,4.3635259144980085e-08
2022-12-13,1.3221678735385067e-08,2.1972031161184818e-08,2.4781341688135103e-08
2022-12-14,7.255408767514684e-08,6.25421886148155e-08,6.137323431471375e-08
2022-12-15,6.112094312825026e-08,5.557978890347779e-08,5.3228729971817314e-08
2022-12-16,5.2701526688753074e-08,4.891592338541915e-08,4.47600040390834e-08
2022-12-19,1.0495554310187645e-07,1.0336652108185861e-07,1.0131468587183771e-07
2022-12-20,2.8714909407562056e-08,3.5290365709372307e-08,3.801837896545275e-08
2022-12-21,3.2685663282921916e-08,3.325162884087872e-08,3.361647562296886e-08
2022-12-22,2.4969937128817334e-08,2.966378922464751e-08,3.025460793678336e-08
2022-12-23,2.7157203169579756e-08,2.4930858797704797e-08,2.3720269516414617e-08
2022-12-26,6.232383181821803e-08,6.843414805698299e-08,6.991449624425231e-08
2022-12-27,2.516880720115253e-08,2.8957285139661407e-08,3.006955645669721e-08
2022-12-28,2.6482085553558103e-08,2.7743283403528855e-08,2.8457304539996225e-08
2022-12-29,4.2802628619616383e-08,4.307791140460645e-08,4.2076452770815405e-08
2022-12-30,1.634325893819796e-08,1.855786080540245e-08,1.904175394277821e-08
