Date,Historical,GARCH,DCC
2002-11-27,-156.37812930923744,-156.67065792920937,-158.17033080111466
2002-11-28,-173.59687159725263,-175.60323988963188,-179.0532051193612
2002-11-29,-165.959854837424,-166.5253325333939,-170.14603332497623
2002-12-02,-167.62315107691757,-170.64928937091153,-172.86097773615103
2002-12-03,-163.2310895465156,-162.27446085382007,-162.34948612453897
2002-12-04,-162.02612275078752,-163.03816126549924,-163.97453144703613
2002-12-05,-142.3641944955116,-137.30740146188924,-155.48341090870434
2002-12-06,-163.9245932573015,-166.9570713830961,-169.93373002503427
2002-12-09,-168.8407121140678,-169.50382757374842,-175.43641013532368
2002-12-10,-169.9999114730603,-173.86532311618055,-175.0141882989089
2002-12-11,-167.38226796206692,-172.8252352754875,-171.1412355517571
2002-12-12,-169.03661827566296,-172.86614342742357,-175.9288549124243
2002-12-13,-165.34427979950445,-168.0425840314303,-170.3496960263455
2002-12-16,-161.1129475440089,-159.2905237633374,-160.44185196610002
2002-12-17,-166.70249415088347,-170.8935592950392,-173.10337730265212
2002-12-18,-166.7127384908251,-168.1392010720528,-171.0228083004158
2002-12-19,-158.60708193388135,-159.14629057219378,-165.77554993468047
2002-12-20,-157.1987531447313,-155.90013174393948,-158.60764809856786
2002-12-23,-163.1440359147213,-164.10325229194504,-167.14956305413688
2002-12-24,-143.26096168927563,-140.8728937030398,-164.8578250911094
2002-12-25,-160.52848688971503,-164.19565226296533,-171.2879009264982
2002-12-26,-171.20214579557464,-175.32681510684975,-176.74365190696437
2002-12-27,-154.24241962022103,-156.96644061615063,-162.90898206114392
2002-12-30,-151.2159805192769,-156.742615245637,-166.4688523182879
2002-12-31,-166.9527349336383,-168.33429286402247,-169.1067340575009
2003-01-01,-162.9933175247318,-165.4692894164005,-172.66674358657323
2003-01-02,-165.2842521852704,-163.79851481924447,-169.96646637663812
2003-01-03,-162.39323977633276,-159.65479137009265,-162.11955921439443
2003-01-06,-160.64942728578188,-161.97971478095008,-164.29577272159915
2003-01-07,-154.23486222777268,-148.81415483743996,-166.96432050610753
2003-01-08,-170.16884712061332,-173.37131408374404,-174.43088182173813
2003-01-09,-167.24846711184477,-170.815769368801,-170.64048406001123
2003-01-10,-168.2248307070427,-169.34611570190793,-172.81665096763672
2003-01-13,-150.53696666423235,-145.94072197520944,-156.61343553700792
2003-01-14,-169.52655707107922,-171.6183386691874,-175.04383516348713
2003-01-15,-171.91308236066595,-176.59671502232175,-178.59610909534368
2003-01-16,-165.24081494062494,-169.85286588389803,-171.64933821839293
2003-01-17,-160.26688200489488,-155.56496984140378,-164.0676605503111
2003-01-20,-156.3612787502061,-158.34844055166388,-163.0510684143712
2003-01-21,-167.77662795712865,-171.1821632680545,-172.5105745821204
2003-01-22,-165.18071608507228,-164.98864524476804,-171.03727621195128
2003-01-23,-166.67285349829996,-169.00546207625717,-171.64335619779484
2003-01-24,-167.05814531772782,-167.3606919484347,-177.42457977675983
2003-01-27,-137.37378788903405,-138.7318921483868,-156.8274010506701
2003-01-28,-150.80625760062043,-156.4376041637497,-161.32110533405205
2003-01-29,-155.33930622113584,-156.71269310749307,-169.8073746820692
2003-01-30,-166.09027906963476,-172.96597558506687,-175.1210734728266
2003-01-31,-150.7819601617193,-150.512506310619,-165.940329218021
2003-02-03,-166.65965882694107,-166.43047348033824,-169.38745536253154
2003-02-04,-156.4547416721592,-142.65132533491806,-139.92350925793826
2003-02-05,-137.07794434787124,-130.6589466485179,-158.41842093648708
2003-02-06,-161.9969746667432,-161.6406763119714,-166.46870344432784
2003-02-07,-160.9301976120638,-160.60803171466765,-162.13771216723325
2003-02-10,-163.14843784622192,-165.11690160947555,-167.78190657399082
2003-02-11,-165.61064403795308,-168.2650790318466,-169.47033988095762
2003-02-12,-169.37687311548484,-170.53246357091504,-165.7387734732965
2003-02-13,-167.783011084471,-171.8166313063927,-173.12258369994225
2003-02-14,-162.68746135133466,-165.57510476392247,-170.01606106501922
2003-02-17,-164.93513020374894,-166.09121690845794,-162.07589560396025
2003-02-18,-138.9597547194628,-136.91853358593244,-156.60003623837866
2003-02-19,-160.4581539765626,-164.2816722118645,-169.5909059237747
2003-02-20,-159.62342613944742,-161.16278570667168,-166.49150667363074
2003-02-21,-155.56414266271497,-159.62966237897467,-162.24806289417796
2003-02-24,-148.6158237831001,-156.7072693416393,-163.40462805849577
2003-02-25,-144.93237185016574,-153.66443661434303,-164.9955082026017
2003-02-26,-157.5965126188499,-156.46723588745505,-164.22480102470496
2003-02-27,-170.01932724799374,-172.03671744799217,-172.41989360190158
2003-02-28,-160.17637900615418,-161.01095241307024,-163.9490144128389
2003-03-03,-141.56668941842537,-148.77384883918526,-161.28308263505573
2003-03-04,-153.3354522350463,-151.56143042567015,-157.3601217303922
2003-03-05,-154.6410769806577,-148.57867715199362,-158.16167433459063
2003-03-06,-173.1205636889158,-176.5573141590426,-175.88471977972674
2003-03-07,-170.59342496293425,-173.17370233362,-174.27221383425993
2003-03-10,-152.75810341217135,-153.60301830280298,-162.12906391675415
2003-03-11,-167.63402802376163,-169.33184934728956,-171.01410569382
2003-03-12,-164.45282466909057,-164.0547029699653,-168.07475475040397
2003-03-13,-156.26971373180993,-156.4723949519925,-164.26909455421497
2003-03-14,-166.09790968709643,-166.46684871902917,-172.62652673888655
2003-03-17,-162.65084490827698,-167.404623283955,-167.246416457194
2003-03-18,-158.40477727292358,-163.64597889641774,-169.65249046546745
2003-03-19,-137.81658391674534,-141.603909559516,-151.89302025939043
2003-03-20,-146.87945463187003,-157.9450371051469,-166.5683882233901
2003-03-21,-158.46691848553547,-162.87018947515196,-169.22978604763478
2003-03-24,-170.60144954730444,-173.64905891680917,-176.65901589267227
2003-03-25,-160.31997779777709,-162.4840840775388,-167.61719035967045
2003-03-26,-151.7590994131693,-161.94840742677843,-171.58076675018629
2003-03-27,-155.50321938500315,-155.09837526027323,-167.0664435771529
2003-03-28,-162.77338409239783,-168.96625186487572,-168.96945149337435
2003-03-31,-148.0612994626659,-139.84351126666414,-145.03437958405394
2003-04-01,-169.25762148439458,-169.57505832029221,-172.74603194480022
2003-04-02,-165.91369158698114,-167.30252613224377,-168.64970392274154
2003-04-03,-156.45944288895848,-155.63439835931976,-164.64819093295125
2003-04-04,-163.17173636291608,-163.9149905585004,-166.46494410752067
2003-04-07,-156.7975392256757,-162.92359204140928,-167.4238994242831
2003-04-08,-169.37071345609888,-173.72612677626967,-173.73915101458033
2003-04-09,-166.39861626055458,-169.52976564872884,-166.1376147875929
2003-04-10,-171.18394337179868,-174.19891246623177,-175.93987053613466
2003-04-11,-149.00209727011284,-150.66012417065997,-155.29038138550948
2003-04-14,-162.85617861080834,-169.51118832715616,-173.79898909188228
2003-04-15,-162.47370301140987,-161.77569375660954,-164.64679599449497
2003-04-16,-155.88404697338106,-148.19951064109236,-151.1593176061333
2003-04-17,-137.9870363934706,-132.84075466320354,-153.78321512782443
2003-04-18,-169.79707321902004,-170.81442012788514,-173.8925765676341
2003-04-21,-168.2534107180083,-170.89858785043302,-173.46080657010558
2003-04-22,-164.32586184686974,-166.00230856113637,-170.61791861758473
2003-04-23,-142.7283508429361,-146.23608688048006,-160.35608301485127
2003-04-24,-157.52483723937453,-161.9097245062924,-172.38873226756496
2003-04-25,-137.61953667594884,-149.15329050909648,-152.88253452411686
2003-04-28,-148.25725159851223,-150.88355315520818,-157.99955958391237
2003-04-29,-159.91265044335105,-162.81856413251091,-166.63387906231023
2003-04-30,-136.64637907663567,-141.10958432896373,-164.81108243912678
2003-05-01,-109.29541914610745,-125.0138262120386,-143.54094703304162
2003-05-02,-165.6135748305812,-164.2262490437672,-166.65927155118837
2003-05-05,-167.13416165612261,-165.9263359146943,-167.36051158537921
2003-05-06,-158.78762980156003,-156.15861396417395,-161.4531882300323
2003-05-07,-154.18905441528165,-162.46194108435668,-168.78296366479145
2003-05-08,-161.60374867555748,-163.675761531803,-165.5121829194643
2003-05-09,-167.54873462084177,-167.10396997161828,-169.89418222392183
2003-05-12,-160.4793821643663,-159.95372128424717,-157.69376397294502
2003-05-13,-150.04716790093647,-155.08347063160411,-164.03217082556648
2003-05-14,-166.0442080029869,-168.9529484587909,-173.5171393237447
2003-05-15,-169.1266972515296,-168.6511180090856,-173.78487054316474
2003-05-16,-169.35879033963673,-171.02185802216448,-174.02101735706944
2003-05-19,-159.30187819034504,-159.03805778621316,-165.54917157706694
2003-05-20,-135.33623834342401,-141.87161553063996,-152.78883314054838
2003-05-21,-167.2410951981704,-165.72882709136044,-169.81748186190973
2003-05-22,-156.97256630783352,-157.11151238610768,-161.460678604192
2003-05-23,-156.92027031152818,-160.40842239517752,-158.07021804334843
2003-05-26,-163.48758075236765,-159.3966930118729,-160.96587596491315
2003-05-27,-151.45029232636145,-156.95093297133525,-163.680914925217
2003-05-28,-159.9550820184264,-155.86472290344344,-164.59084034383358
2003-05-29,-160.1362669052832,-162.55104766355055,-163.29640917620407
2003-05-30,-155.05280857411668,-152.46983005181764,-162.8005856079224
2003-06-02,-168.3945693816597,-170.43816895841925,-170.54153772342357
2003-06-03,-157.39400160218057,-157.1352768527717,-160.8116843902198
2003-06-04,-160.90490963706105,-163.18779333010002,-164.56097686730132
2003-06-05,-154.30262924434805,-159.04026651061162,-157.32205552573356
2003-06-06,-139.54991502698337,-145.6681642852332,-159.755567044684
2003-06-09,-174.0402301824882,-171.46827970736544,-173.76236674738118
2003-06-10,-164.1354268148529,-162.3089834906474,-168.19423974028805
2003-06-11,-153.039944392192,-153.676260464668,-157.02950793137867
2003-06-12,-169.934699320395,-171.20961319029428,-171.962744092586
2003-06-13,-144.61663052108668,-146.27055654194578,-164.55578915108822
2003-06-16,-159.1461169154807,-160.81966293066012,-166.90633225265344
2003-06-17,-158.37458696024504,-160.77191271528352,-157.01008491222873
2003-06-18,-137.58614474363486,-140.0729893968382,-141.18832527104382
2003-06-19,-153.73743872919422,-155.80443304223547,-158.40108498748634
2003-06-20,-146.2329913296716,-146.0389265301285,-151.13802684392917
2003-06-23,-156.51212973057247,-160.0263732717567,-167.33113446314573
2003-06-24,-161.0553514126047,-163.88983231942638,-163.93975284571107
2003-06-25,-169.40830243877278,-166.64752459360935,-169.7567279661095
2003-06-26,-160.32282437795806,-163.67299636175773,-165.81335480345047
2003-06-27,-161.84013925294178,-164.58707481134158,-161.36093204380592
2003-06-30,-162.59418236515052,-164.80248418270327,-168.39286235742298
2003-07-01,-157.36321821507352,-153.62322751431844,-155.09180577897104
2003-07-02,-170.42894253534806,-172.03990407961422,-171.45006315519848
2003-07-03,-157.8466798740081,-163.70949667076695,-168.78567810335932
2003-07-04,-164.24066623452907,-163.37888062682015,-168.14009412498677
2003-07-07,-157.7305701932987,-157.7078080998053,-163.29127571711837
2003-07-08,-156.4889859443006,-156.20521744485757,-160.30756638170237
2003-07-09,-158.9028660698578,-161.79238038351863,-167.58918623835157
2003-07-10,-157.18236341142767,-155.38888788613122,-160.02312232948307
2003-07-11,-168.07087038235557,-169.64238509345827,-173.3739254061784
2003-07-14,-156.20427350285607,-161.77317931499024,-164.63936558059257
2003-07-15,-158.7605184041286,-159.55643693798154,-156.15784163521928
2003-07-16,-158.9740289878343,-159.62069810444981,-157.12802705884656
2003-07-17,-150.7575808835536,-151.6544090535,-155.48083714822192
2003-07-18,-146.6122151560926,-141.54422194956163,-151.52868558422134
2003-07-21,-135.63104821887373,-137.91038274697516,-146.35413683698263
2003-07-22,-158.79915134405067,-161.62641502541226,-157.55936658113413
2003-07-23,-154.00687309674774,-158.08916587378042,-159.77481025572266
2003-07-24,-154.120689830306,-156.84227971923067,-153.077083964048
2003-07-25,-158.6274036130578,-159.65101165156327,-155.6507712182465
2003-07-28,-159.26882247764152,-158.86651536614835,-159.60295036073913
2003-07-29,-146.35091616927784,-146.78120882439052,-158.88003311519088
2003-07-30,-161.27552491925726,-161.17555650226137,-164.08669764514335
2003-07-31,-163.53343400726254,-163.11502478240314,-167.7958884334979
2003-08-01,-155.54831679797368,-153.0100550375143,-159.05617841254153
2003-08-04,-135.2966989680034,-142.0017630808067,-147.99605075556008
2003-08-05,-168.23005226858572,-169.93819442784476,-171.30936803885027
2003-08-06,-150.85769427787505,-153.36602860912097,-162.25368205149954
2003-08-07,-166.20347017399996,-165.48498717304258,-168.927557694543
2003-08-08,-154.46144839721705,-158.67555378507427,-163.0155832075947
2003-08-11,-149.357156634742,-147.4255385147241,-156.36494489338665
2003-08-12,-159.5911034783871,-159.5337414899426,-159.3830991929356
2003-08-13,-148.71404327530186,-155.38488340003357,-160.38547652753311
2003-08-14,-142.2770797472224,-152.5127396842121,-155.70544579203306
2003-08-15,-169.2046820499706,-167.11002391364676,-165.5794929735882
2003-08-18,-149.54427375190738,-158.35164651115363,-165.96647110046456
2003-08-19,-145.28735101328598,-146.83985552337498,-150.96095979577072
2003-08-20,-158.89234584033204,-158.10828550719418,-164.45607680253642
2003-08-21,-159.08936849204557,-166.4256166859331,-166.12679948287845
2003-08-22,-144.66286094215872,-153.49953979679697,-155.83799612864766
2003-08-25,-152.4615819761721,-160.1806793946069,-162.93356088314164
2003-08-26,-161.14749566054357,-165.74882633801303,-167.10490436483164
2003-08-27,-164.18081421208188,-166.35136288820894,-169.99232286528743
2003-08-28,-159.23645278827988,-165.3827539053189,-163.29870170149263
2003-08-29,-159.50019553146805,-160.89128098554357,-158.81524677679434
2003-09-01,-145.55751258151173,-146.74174101019793,-152.68214850362847
2003-09-02,-158.8576167423495,-162.65539716988906,-161.73670599278518
2003-09-03,-157.48248211741594,-161.69940845391795,-158.6559900813773
2003-09-04,-170.03033265150341,-169.96175852801156,-174.78303872289933
2003-09-05,-160.90233934546268,-161.90812926378317,-159.5512527376837
2003-09-08,-159.65286287592554,-157.74535407972155,-159.38252463346512
2003-09-09,-154.4657852484426,-154.36295676165642,-155.1408760774529
2003-09-10,-158.5311424940445,-161.93668304536425,-164.09930288247452
2003-09-11,-159.7010498825523,-160.66331634363073,-158.86251954033278
2003-09-12,-155.75008590010032,-157.48703389455875,-160.61477044313716
2003-09-15,-166.0062427033293,-168.40297711705307,-171.52535193515408
2003-09-16,-172.13676960537353,-173.24454288788058,-172.6616095296489
2003-09-17,-153.9757168078309,-156.763030592827,-161.22600167366411
2003-09-18,-164.03157832783057,-166.2363239734637,-167.4557146000869
2003-09-19,-158.1184689344371,-149.59593685782895,-154.9805420992261
2003-09-22,-165.87230723875558,-167.85829740842877,-163.50713466901462
2003-09-23,-157.2088223585933,-153.8798316064867,-164.64949832289662
2003-09-24,-156.16138996148769,-159.68727867849088,-166.75966371634766
2003-09-25,-163.14653633671944,-168.38788360565093,-170.96106614275
2003-09-26,-171.0047987289413,-177.4289012490086,-176.33382419501558
2003-09-29,-144.9831249682261,-135.86971532619125,-151.2456690394639
2003-09-30,-155.8390510010098,-163.94749625368553,-163.6623720934533
2003-10-01,-165.77937797786845,-165.80488708145327,-171.06908661151266
2003-10-02,-173.15199441613458,-173.26680261210643,-176.46975560221475
2003-10-03,-145.39055506895056,-143.65679494529275,-158.20998827072964
2003-10-06,-165.21396602217027,-164.14632519636868,-165.57096231238268
2003-10-07,-161.37820098789297,-161.12462886438848,-168.37050356112348
2003-10-08,-157.9801335563702,-159.09901626399167,-164.08991298499143
2003-10-09,-165.87710965664283,-166.9707344792072,-166.53235021676304
2003-10-10,-163.86008848955822,-165.31750040317672,-166.86366526874036
2003-10-13,-162.24247889272044,-161.98679966809414,-172.16463791966532
2003-10-14,-160.59170081295025,-164.35027539449487,-169.47888987307766
2003-10-15,-165.7303480300816,-169.19598354688526,-174.8781698223942
2003-10-16,-162.10644206847786,-166.33269727787516,-165.85860478723194
2003-10-17,-158.51055109147745,-160.72579712243527,-163.74980173239547
2003-10-20,-149.9751156900592,-156.1725147744162,-168.59023587192846
2003-10-21,-156.16105545967196,-160.2968165722823,-164.68257402132815
2003-10-22,-161.5808325830599,-161.9778016349067,-169.57468273098334
2003-10-23,-159.6966580447733,-164.70596135913982,-168.48672731357772
2003-10-24,-162.64655250546704,-156.99733034244767,-162.5793884462309
2003-10-27,-141.27305680169422,-145.5600676814232,-152.28392669354258
2003-10-28,-138.8409098470906,-147.44904843070444,-157.52001505211229
2003-10-29,-155.64568795332886,-162.82324911545044,-167.76811313991186
2003-10-30,-152.9158459785283,-153.59441102810885,-158.03627521973928
2003-10-31,-164.38936943614866,-171.87887043537398,-173.4383822831623
2003-11-03,-166.18348610983287,-166.38164515231796,-171.7437404331362
2003-11-04,-148.15338690400574,-152.261365265909,-161.49599692226394
2003-11-05,-156.89043852572132,-159.64685990725505,-164.61341085173734
2003-11-06,-170.1899742038582,-172.63493542447318,-174.83070457766536
2003-11-07,-163.37884381880593,-165.41422333099956,-169.8767755314519
2003-11-10,-159.6184839981811,-156.61813107049744,-170.28184336101836
2003-11-11,-163.97752706052628,-163.34506406679023,-170.13810274013704
2003-11-12,-140.7668496972941,-155.0299253637383,-164.57581306741451
2003-11-13,-151.0734798220915,-154.19721963542727,-163.71004458093444
2003-11-14,-158.46253625766224,-155.1318823032759,-159.73491661201524
2003-11-17,-156.3709135733993,-154.35751450360374,-153.36784978138138
2003-11-18,-168.56436249315283,-168.4832027041291,-169.4987696031818
2003-11-19,-171.58235352801773,-172.20721061133722,-175.3177909076108
2003-11-20,-167.26572639707157,-169.75921205502434,-169.89366993902487
2003-11-21,-165.957291734898,-165.70537139511444,-160.59102543318906
2003-11-24,-153.80462945249656,-153.52408296706176,-158.33401678509983
2003-11-25,-163.4745535082815,-169.5578481986132,-172.77506368774166
2003-11-26,-158.41918856490827,-153.53784751748879,-162.09449755209968
2003-11-27,-171.13846994453448,-172.25699756877307,-173.51693430781503
2003-11-28,-150.9155432394087,-153.78188761538541,-162.2432877871018
2003-12-01,-166.87060449075963,-168.79754482056995,-170.75636120431167
2003-12-02,-151.91002942106388,-150.30200850986873,-161.61177022382452
2003-12-03,-158.76092299521193,-157.0849098476641,-165.9229181427309
2003-12-04,-167.71283578621038,-168.5671306720531,-172.64488667026953
2003-12-05,-156.8210122948022,-160.42618016694865,-160.5653425397008
2003-12-08,-146.15655973222718,-152.5817198486567,-156.90668857295873
2003-12-09,-157.8884921123103,-161.2498633049895,-164.50847558295348
2003-12-10,-149.6131448942983,-152.23456505293402,-165.47170078125635
2003-12-11,-165.52588028042925,-170.2130397667941,-169.66108450420566
2003-12-12,-155.5212367384256,-153.0537934698425,-159.2808978628613
2003-12-15,-152.23259421562975,-155.03149803929728,-160.6579854707428
2003-12-16,-145.11045904936185,-153.554124932975,-161.39489414598273
2003-12-17,-159.72419607200592,-162.9427335155302,-161.5619103335111
2003-12-18,-150.26116552391338,-146.70581513469938,-150.57158334183322
2003-12-19,-157.82600082880538,-160.3794878865183,-164.25221449161148
2003-12-22,-153.53191845104743,-167.43653348024452,-165.8685368196896
2003-12-23,-150.7920551236691,-154.6062131318158,-157.01517151444796
2003-12-24,-168.11472327943238,-171.403673823415,-174.9502049995864
2003-12-25,-166.3987997002134,-169.919436821635,-168.00389467087206
2003-12-26,-160.2115143439516,-161.6129600544824,-166.70925854747048
2003-12-29,-159.15030673361554,-160.42551856460403,-166.408936274654
2003-12-30,-161.61481335122315,-161.13458586611534,-163.21003064480877
2003-12-31,-142.14465420168892,-146.63070750244435,-153.28673361801722
2004-01-01,-140.8433125718562,-150.2412901981888,-154.92342605751995
2004-01-02,-159.20287872044184,-159.60798552731217,-163.47086586114213
2004-01-05,-169.4319452053099,-167.98176291596087,-171.10967574595963
2004-01-06,-167.92643303932616,-169.61902734645622,-169.87942235835462
2004-01-07,-155.9464801206821,-165.88894914584367,-161.23109309792602
2004-01-08,-162.98540851313436,-158.75952103312602,-159.99267091864363
2004-01-09,-138.56879905667986,-139.32400792246685,-151.82464615469274
2004-01-12,-139.47923792678623,-148.69522937121633,-153.9811115558302
2004-01-13,-164.6442269016533,-162.86166897531254,-168.7979306472327
2004-01-14,-130.3932235491376,-139.30424477403022,-148.84488032020485
2004-01-15,-160.35089777783588,-163.2428224845135,-167.94598070528224
2004-01-16,-134.81748343593287,-139.99292566333088,-151.45450956747146
2004-01-19,-165.92561578694813,-164.30894616726522,-170.6436404290661
2004-01-20,-161.4168716031723,-160.09565425073106,-164.36662443381164
2004-01-21,-137.2601032893264,-148.13614677283442,-162.10294263246863
2004-01-22,-170.4579296171908,-171.73371145725238,-168.9665657837943
2004-01-23,-154.99722452704333,-162.41214556909824,-167.54459345351265
2004-01-26,-148.65751946237685,-156.5868822568162,-155.18740895732083
2004-01-27,-166.12927590051333,-166.12675666822423,-169.68047947962808
2004-01-28,-158.95928996157167,-165.2559117814717,-167.82570550351207
2004-01-29,-169.80162700984414,-169.83328706122865,-174.76942021170717
2004-01-30,-150.95062380896508,-159.23293272855437,-164.09199147293137
2004-02-02,-163.92735819288544,-165.14062311479535,-168.7989845486749
2004-02-03,-160.79700410117135,-166.2182390092891,-169.74416556504406
2004-02-04,-151.62278573637047,-161.93855588134178,-170.8566594622814
2004-02-05,-160.09064188634312,-163.1223643779684,-169.9140205308978
2004-02-06,-164.33826018552259,-167.56697780998738,-166.63786530268658
2004-02-09,-167.51768604189752,-167.3740050677422,-167.6108808585668
2004-02-10,-108.23474543762138,-142.13769029262633,-153.83629117748083
2004-02-11,-156.19921772964403,-161.54154359267457,-164.09495287705798
2004-02-12,-163.69720395575482,-167.77738045160635,-167.78974936943337
2004-02-13,-158.72965091321828,-156.44687823886198,-162.4925065074618
2004-02-16,-126.12952324902541,-136.21060923873893,-143.18353931905486
2004-02-17,-160.83753968999926,-156.69497158986303,-159.17942777846955
2004-02-18,-130.13984169110947,-149.7945880556652,-161.93309086249297
2004-02-19,-147.92294146856364,-154.56569457798616,-162.68149225012354
2004-02-20,-92.164536469156,-125.88548444604972,-134.37475935980856
2004-02-23,-164.2230490180185,-159.26211087354898,-159.34226615360876
2004-02-24,-155.3806518315081,-148.77344124662113,-153.97093085564214
2004-02-25,-120.19740770990029,-144.90644129389847,-151.00947883675425
2004-02-26,-109.99116481248979,-138.50610676793113,-153.1227548407817
2004-02-27,-23.652730674356803,-117.8551875302001,-135.6064431038948
2004-03-01,-144.2763690309737,-144.86887941945082,-151.99150607973303
2004-03-02,-151.04310855891555,-142.96071954201284,-149.78376851213605
2004-03-03,-118.13147615394932,-149.29582862312577,-154.93950969526145
2004-03-04,-133.5959797946444,-137.6475166556682,-144.35520338732823
2004-03-05,-135.5740616876298,-147.34782300010616,-156.69059040737562
2004-03-08,-128.89983542316625,-150.2224202532036,-145.65940767918903
2004-03-09,-147.93062245718605,-156.8252793118485,-160.08765942800227
2004-03-10,-102.53734775624119,-124.67118167056945,-136.71895202094353
2004-03-11,-92.08125000300335,-136.0165901865741,-146.56541953047787
2004-03-12,-165.23672158176495,-158.97665333474848,-163.174097879324
2004-03-15,-119.8699605575191,-142.7129533074091,-143.52616107007728
2004-03-16,-149.6499374658781,-156.89974352632981,-158.8738873378203
2004-03-17,-144.49533221732796,-147.0146440749383,-150.3527715433082
2004-03-18,-130.40980680384476,-141.78301299300918,-156.1346518380964
2004-03-19,-139.11421848080911,-155.55291252491472,-157.96789904514262
2004-03-22,-140.69934855201336,-149.61661560202117,-158.12189192221265
2004-03-23,-148.50478719954242,-157.33058676732583,-164.18358866150692
2004-03-24,-66.59162335790099,-125.63269625291599,-147.61858586391872
2004-03-25,-89.47332775219603,-129.8240943512502,-143.58421042283985
2004-03-26,-48.0674036040034,-135.81284637181483,-150.94317829374336
2004-03-29,-130.38818569043013,-150.1140901280582,-153.4029479785777
2004-03-30,-127.43882193178561,-146.80718890705612,-145.914171494473
2004-03-31,-120.16546080397951,-149.7579900104656,-158.98544486985298
2004-04-01,-167.50742424290777,-158.22617827041364,-165.20102398232618
2004-04-02,-141.99879791853033,-144.97422374973704,-145.0286885797114
2004-04-05,-127.51233486922936,-141.04826638627245,-154.08569296562732
2004-04-06,-110.5950285421464,-132.9119765058221,-141.98308172391586
2004-04-07,-149.62515071002198,-153.31192127685628,-156.52053772193736
2004-04-08,-160.10313937288356,-157.94947270098243,-162.07387300867632
2004-04-09,-138.03666900528873,-154.37226442577665,-164.43419298572422
2004-04-12,-124.83147377851675,-145.6940693702273,-155.13098765148519
2004-04-13,-151.6792556442722,-152.18497051941708,-160.62558351744502
2004-04-14,-130.71286830372347,-140.68092397005302,-156.2945735947118
2004-04-15,-106.31148038629486,-135.66741878202694,-146.33172809631048
2004-04-16,-156.65045830301165,-152.9430940627573,-160.13253233741415
2004-04-19,-118.56846234619914,-141.03484832402006,-142.31095457928961
2004-04-20,-63.692404176239435,-132.1154880610616,-143.55322900029802
2004-04-21,-155.5105955094362,-153.8614755649777,-165.7979107358772
2004-04-22,-135.75222050695504,-153.4844466076756,-153.41151409799173
2004-04-23,-142.51168481650936,-142.82517122792254,-142.566252663115
2004-04-26,-152.66172780580882,-152.57966301278304,-156.49376545377703
2004-04-27,-110.59717096051598,-128.38336980024118,-147.56039774359317
2004-04-28,-149.6133228610073,-149.25100967021217,-156.073386058368
2004-04-29,-140.34259218159758,-140.52561976550862,-145.24291745737844
2004-04-30,-139.4782541414328,-145.7696787378058,-148.53115302791718
2004-05-03,-153.15966724869367,-154.1190124578616,-157.7317698549317
2004-05-04,-134.40109149379217,-142.65681177409928,-136.9541499908188
2004-05-05,-165.20236002364476,-159.83868283723487,-164.65092537496162
2004-05-06,-149.442560607724,-153.72864609350083,-156.34467690157985
2004-05-07,-128.46628510284845,-142.11464671422354,-147.64835005342655
2004-05-10,-124.47255909323731,-138.45054938008516,-146.07521386673216
2004-05-11,-150.44003264436273,-152.69487482096727,-154.45159857761774
2004-05-12,-125.9732595689747,-139.90645388652305,-141.49713724421528
2004-05-13,-157.00495400618178,-159.15401836450874,-164.17802500580217
2004-05-14,-113.69838155114299,-127.90368569198655,-137.3663856492763
2004-05-17,-151.50281752973376,-154.8345297636606,-157.62351446775986
2004-05-18,-151.69569034451268,-154.57452420642153,-157.2404028533157
2004-05-19,-166.04162853251847,-161.9684525505571,-165.73689303429438
2004-05-20,-154.5132570823956,-153.1295997485209,-153.49072603163822
2004-05-21,-146.05235717985627,-153.75238326145643,-155.82015316386716
2004-05-24,-161.38276910265816,-158.34788497503223,-162.710656781381
2004-05-25,-147.13630160827282,-155.4032108940711,-157.95487588060013
2004-05-26,-129.09345295257395,-152.6501613474489,-159.54513912278986
2004-05-27,-154.35168239257723,-154.5266326030706,-157.76028212618186
2004-05-28,-152.4172762284066,-148.67290983143647,-144.03734436625817
2004-05-31,-150.05966018828303,-154.7835611297717,-160.22245497475268
2004-06-01,-145.03757584304543,-152.29975619033596,-150.53657438148667
2004-06-02,-139.22671672464992,-154.8739603503256,-154.15471403577402
2004-06-03,-130.30894399265023,-141.8164587380466,-149.12592318959548
2004-06-04,-157.02424408741052,-156.43236064386463,-160.06415160721514
2004-06-07,-151.32300983988517,-157.81326747273928,-155.39554332463442
2004-06-08,-138.4067212452782,-151.95379602019196,-155.98610053409547
2004-06-09,-149.89368239646274,-143.00816532266634,-144.92129071955952
2004-06-10,-143.06017652039026,-145.94910645839684,-151.8809145647977
2004-06-11,-155.98628675200928,-162.3086837907218,-162.7903680536161
2004-06-14,-151.83187000557263,-154.89995117712328,-157.41031884244447
2004-06-15,-146.8902986203926,-150.14290711214738,-152.76231100590672
2004-06-16,-162.48927405228542,-160.72688801904013,-161.76403120860508
2004-06-17,-153.74614249547938,-152.37082515662084,-159.29539955215267
2004-06-18,-142.9497752181355,-138.54800393768306,-155.0344755417615
2004-06-21,-159.27421177765518,-158.41224726134655,-162.96455776851448
2004-06-22,-168.77217385163044,-166.3068747546236,-167.38282177569616
2004-06-23,-157.24733110322543,-154.7877498230153,-166.47734029729287
2004-06-24,-145.2982658635887,-143.0490736228335,-157.16042292187402
2004-06-25,-159.99918628464872,-160.02772060498242,-163.47959296585958
2004-06-28,-157.09959568048805,-156.73764272309796,-160.6832929688086
2004-06-29,-141.632157566459,-148.95668057364588,-156.25251517274026
2004-06-30,-157.36996200262627,-161.01687742467968,-164.09024873552872
2004-07-01,-148.03234571150372,-149.4335509656791,-149.84831702609046
2004-07-02,-133.1452435020596,-131.7156847349944,-147.22550592169142
2004-07-05,-149.98674902448067,-150.3745687257473,-166.31499162170448
2004-07-06,-154.14726100232727,-154.0190615562021,-153.64867858526756
2004-07-07,-156.7786641191191,-154.19933468263793,-163.11849790972525
2004-07-08,-158.2542798810531,-164.50502331407955,-165.22508730078943
2004-07-09,-164.23707427173483,-160.90328196335452,-163.00089437662456
2004-07-12,-152.5445974104588,-156.08728906161855,-162.03152141189338
2004-07-13,-157.004460752851,-159.94563281411365,-164.6257503199278
2004-07-14,-160.44820415175488,-165.28882190173752,-163.74538927284837
2004-07-15,-168.38995699797027,-168.2289352160941,-170.2256423142806
2004-07-16,-162.08379502708655,-159.89446405317995,-164.16038496657018
2004-07-19,-162.7137455134452,-164.44206588452383,-168.75489872617462
2004-07-20,-152.92874585609812,-151.64802505923763,-161.60130381656964
2004-07-21,-152.14890918932474,-150.99059641426874,-154.15085777806195
2004-07-22,-163.24363702948875,-165.06449139240385,-167.94677084429597
2004-07-23,-155.62902306656514,-159.3352342615605,-159.12073231014358
2004-07-26,-151.28990298400595,-153.06041445129054,-157.295946721946
2004-07-27,-153.16438493415222,-158.20769189777616,-159.33614956964735
2004-07-28,-157.24626585692707,-160.579805313656,-160.67606738126608
2004-07-29,-158.3356222516642,-155.73390678934166,-159.97418322853537
2004-07-30,-141.95894747293048,-142.3732741078677,-154.78380570167903
2004-08-02,-156.56826462432306,-160.63057440351056,-159.79285603006778
2004-08-03,-157.96421605515374,-160.23457982959332,-158.98806215223226
2004-08-04,-153.42031392302536,-158.43267106937913,-160.90743923178246
2004-08-05,-122.0392693386608,-129.80090926766758,-143.75874024560628
2004-08-06,-165.45504316253076,-166.86544117422625,-166.64011155316967
2004-08-09,-129.59587230255954,-141.82183047520357,-149.16175712004767
2004-08-10,-143.5393688301362,-156.34724337471457,-162.97662274746023
2004-08-11,-152.21357259238255,-159.40015109624122,-161.86688227929253
2004-08-12,-153.2760894374784,-154.2513959534407,-157.73274207085836
2004-08-13,-168.80175360363015,-166.49201714019867,-167.48353095044104
2004-08-16,-153.78216168722852,-154.891640493933,-157.86847532261805
2004-08-17,-156.4895797506972,-156.6409799739348,-161.38247093826126
2004-08-18,-147.99164987482732,-147.29042743935625,-153.33607256338726
2004-08-19,-159.20372177317586,-159.44206329291603,-160.32959232839437
2004-08-20,-151.08172882093666,-155.4217669246746,-160.78213471705735
2004-08-23,-149.4790931929232,-159.6391692294333,-163.83749206798373
2004-08-24,-157.3013958952774,-162.40406668989914,-161.2383937341676
2004-08-25,-154.52441859874853,-160.89141947640326,-162.01178683184176
2004-08-26,-164.65311268538403,-167.32149941252175,-167.82979156373352
2004-08-27,-166.34441532166377,-167.66096627980534,-166.5594954760009
2004-08-30,-167.4629720083761,-172.20897644721447,-174.5122258741902
2004-08-31,-168.79232800831744,-170.6728770008764,-174.23245231430872
2004-09-01,-151.96285473348303,-157.74301390614147,-153.7197664480001
2004-09-02,-141.19816149875317,-155.19760743338404,-153.61038214146342
2004-09-03,-148.91403947900747,-158.10347626283232,-156.56715420487063
2004-09-06,-146.35068590435395,-147.5290474331113,-160.43517463517674
2004-09-07,-167.84644483816214,-170.59497407883717,-170.93284543654107
2004-09-08,-164.2748986674841,-164.11736018560333,-169.02881340135542
2004-09-09,-143.9901635372238,-147.7352956667021,-159.12146369552343
2004-09-10,-168.86024079665785,-170.91446270138513,-170.08400734958786
2004-09-13,-158.90591283698691,-158.35208463354135,-166.3421961828563
2004-09-14,-159.62840777537332,-163.40744853941044,-167.42675829174289
2004-09-15,-163.2670149388352,-167.85185056852285,-170.4494507273751
2004-09-16,-158.02430972833565,-163.38902646830107,-167.34399829835647
2004-09-17,-153.94348246698567,-158.8036557168757,-167.66978950419838
2004-09-20,-147.92946720113093,-150.0381075928358,-160.4262295365909
2004-09-21,-167.06401528367988,-170.03760805523726,-174.52999489409805
2004-09-22,-163.89354043541843,-166.22147567031234,-170.22522529117566
2004-09-23,-158.26613751137313,-164.87341284896604,-166.91063047345494
2004-09-24,-165.23944356087236,-171.67423508066122,-171.48472174362078
2004-09-27,-163.2270419851852,-165.88688882967114,-168.21236979998267
2004-09-28,-156.73228821275447,-154.2707138781152,-164.0245771702731
2004-09-29,-157.97451422548627,-161.9566534180043,-168.60548572408322
2004-09-30,-168.62343952187226,-168.23167970859643,-167.4478593596308
2004-10-01,-160.85836376720397,-165.63775954222285,-168.27857695528456
2004-10-04,-153.18862158551136,-156.9462285170785,-166.0583001503438
2004-10-05,-153.89880097713214,-152.18545557491498,-162.34685330612774
2004-10-06,-156.65441734286438,-162.47878679374824,-172.37000120373156
2004-10-07,-159.3811542331607,-164.07427997521083,-171.37937676813496
2004-10-08,-153.15867586534296,-147.08608841160935,-153.32994563826705
2004-10-11,-158.34341994323614,-162.80023186165482,-167.5356255719288
2004-10-12,-167.57938193178785,-170.81873161657717,-169.77566882210928
2004-10-13,-146.56704337214964,-153.3112702458098,-163.5673813103504
2004-10-14,-164.12018555961333,-164.67833750558142,-169.18114518371874
2004-10-15,-160.4410355193691,-164.16722902982553,-166.24198223404875
2004-10-18,-166.85505864927006,-169.39364913624215,-166.50748194551954
2004-10-19,-154.7448392942158,-152.66397147280682,-151.49134034275983
2004-10-20,-166.36349123509012,-166.23457605541216,-170.5286795626788
2004-10-21,-163.28483303129664,-166.49006548267778,-169.2775374615452
2004-10-22,-156.02372289793718,-152.8604740603244,-149.5354459385808
2004-10-25,-165.93106368611808,-170.9722114631572,-174.56905461668725
2004-10-26,-161.5985616594655,-164.79107659256596,-168.14936765813684
2004-10-27,-158.983025813398,-160.02446554510283,-165.61856934234262
2004-10-28,-168.1399783288202,-169.50304851935124,-174.5870890542555
2004-10-29,-148.11598965356245,-145.39275407709397,-157.8617831316993
2004-11-01,-151.7094144306133,-152.6298289690111,-169.50710125393323
2004-11-02,-159.72330572184086,-162.68924596748343,-171.66805819311713
2004-11-03,-156.6874552365935,-153.58654112104475,-162.125829738156
2004-11-04,-163.79015274642256,-167.79542734714383,-165.95975921697493
2004-11-05,-122.52856114547701,-123.26244731449086,-134.36011458056964
2004-11-08,-166.3846440261272,-170.95274971389446,-173.89562779582442
2004-11-09,-158.47234976238514,-162.15966018909972,-161.0954563735869
2004-11-10,-169.69362942823878,-172.06556832949488,-172.77384555363327
2004-11-11,-151.62637524947561,-151.63592698448812,-162.27932076216888
2004-11-12,-144.894808531334,-144.92811296654233,-144.45174815392707
2004-11-15,-159.41978656249853,-163.5349789963731,-169.38967386075055
2004-11-16,-161.20098382864904,-160.28190442199897,-164.1647363813039
2004-11-17,-152.5793965474966,-157.7261936201961,-157.06218662767014
2004-11-18,-156.0999198911312,-160.7612221307671,-164.7988701504617
2004-11-19,-149.95384420297503,-139.94718183955607,-148.39846316601668
2004-11-22,-152.21975251974462,-155.34867564978023,-158.97923851793664
2004-11-23,-152.61320035415184,-151.55236612689657,-148.9731694537707
2004-11-24,-121.61123793658209,-126.05285099986426,-152.38200882016673
2004-11-25,-159.37302124276152,-158.94570064468263,-166.063414361442
2004-11-26,-143.793290796116,-146.77405981527588,-158.5058108257131
2004-11-29,-152.88693865906032,-155.28482859476495,-163.21195377962349
2004-11-30,-150.41175064692243,-150.31061475494798,-162.38232594096627
2004-12-01,-147.8146325635692,-156.3993414322831,-151.2198027277044
2004-12-02,-157.26816646076094,-160.93257571537288,-161.12537062345973
2004-12-03,-136.4899324501363,-139.59244589244497,-160.3739031009745
2004-12-06,-152.38843868482098,-149.18127825395428,-150.75165984064026
2004-12-07,-160.50077232930676,-158.29718545390486,-162.41110773212915
2004-12-08,-150.60940602679207,-149.509477789516,-156.18216970778127
2004-12-09,-146.07884786735568,-152.21035650696606,-158.16091278991686
2004-12-10,-142.66867940644855,-145.88492750338068,-154.2495693948093
2004-12-13,-134.32859748496674,-132.93305600563093,-154.17291384076225
2004-12-14,-161.96590214197656,-163.0825776625103,-163.23425860668507
2004-12-15,-167.2159491553457,-167.2641051252083,-167.4851778697025
2004-12-16,-138.8160352079829,-140.52648362767013,-156.39753682471994
2004-12-17,-165.3901830651075,-165.25017053298342,-168.34918421813026
2004-12-20,-143.0828287026761,-149.28863557544545,-156.5322057303397
2004-12-21,-162.1188888961455,-163.40029917665646,-165.07235808122294
2004-12-22,-153.10797085231368,-156.36138010106396,-154.27160104019242
2004-12-23,-153.54635947966483,-155.4586475137044,-153.21591410910023
2004-12-24,-164.9292658642069,-166.7204362467374,-167.71741383675445
2004-12-27,-155.99347034773794,-157.89130736707602,-161.24552848276537
2004-12-28,-145.49049666675265,-151.62058821712628,-161.3522193458206
2004-12-29,-152.99489230153077,-162.04517141663624,-164.462472297709
2004-12-30,-160.83485808923928,-160.3818050515544,-167.43135007348926
2004-12-31,-157.77575423872076,-157.79872405206592,-160.90513308045195
2005-01-03,-130.65975255050887,-140.17620986176934,-145.4835979049644
2005-01-04,-159.97723335079226,-161.45335315662513,-164.0663363606264
2005-01-05,-150.9217607184942,-153.6255172378945,-160.4178599707759
2005-01-06,-124.64717539475696,-134.9944966647669,-137.57979581980973
2005-01-07,-141.86832680291977,-146.06641466611282,-156.8692729592636
2005-01-10,-155.1185645169181,-156.6203054864974,-158.76144675668934
2005-01-11,-139.33167683923324,-145.84429911435058,-157.54690547316534
2005-01-12,-143.73601038650207,-157.72568607243866,-161.0069749163935
2005-01-13,-153.85456034890552,-152.79223087862522,-153.25767486930494
2005-01-14,-153.4365856062875,-162.05635462900133,-165.87651411379028
2005-01-17,-147.3626150180595,-152.16621572031346,-154.13851359675857
2005-01-18,-163.11487116800595,-163.25904890733068,-166.26549791339653
2005-01-19,-158.62030346529951,-159.77640627375436,-161.81810374016075
2005-01-20,-154.1752637636576,-164.55950791514576,-167.02082432398927
2005-01-21,-152.04470352395543,-155.5375617492744,-158.5586869736044
2005-01-24,-151.0715101278662,-157.62673843449792,-156.17584466456506
2005-01-25,-148.6301192556009,-153.96796078044116,-166.94559932216126
2005-01-26,-157.01530939129634,-160.7852601357159,-166.30474260679185
2005-01-27,-160.06394167442357,-160.90401292742268,-162.43608159855322
2005-01-28,-162.97343026977455,-165.20925027490168,-171.56605653335058
2005-01-31,-155.44317769679796,-163.87583739598355,-168.3348298851206
2005-02-01,-153.94309836634133,-159.44874252497758,-162.87072441474817
2005-02-02,-155.0340842496154,-162.62396529272286,-158.63260498537355
2005-02-03,-155.38569482628282,-154.67597567816009,-158.04880766441744
2005-02-04,-143.59069751409106,-150.99374880603557,-156.41869782534684
2005-02-07,-138.24490835773562,-141.23259107089768,-148.84540000094276
2005-02-08,-143.205447178283,-147.44096505548302,-152.18684070495829
2005-02-09,-163.44935126155585,-158.49405641577172,-156.81999537625845
2005-02-10,-158.43305819239157,-165.97707907602808,-169.23671347829395
2005-02-11,-136.46982640545212,-150.48055864427977,-157.4413691853965
2005-02-14,-160.21174752838039,-164.8134687137838,-168.7489079719264
2005-02-15,-152.95583648573003,-161.34175679961913,-166.18034280273645
2005-02-16,-150.5735860872824,-155.50398650543974,-161.27216948412615
2005-02-17,-164.2799804324631,-166.4282402431086,-168.6630953095749
2005-02-18,-140.03848474100883,-147.41401939688723,-159.09038462929988
2005-02-21,-172.2336582784184,-174.5958322982131,-174.09973395564572
2005-02-22,-162.62307999019134,-168.03807682035662,-171.73881019447583
2005-02-23,-127.38825897966231,-140.68170547852972,-149.11929988691355
2005-02-24,-167.13707933457965,-170.42507824823304,-172.81294246451168
2005-02-25,-155.59781909485946,-160.96686221775343,-170.56712190380716
2005-02-28,-134.73515159387125,-152.26260271446588,-152.19535237956336
2005-03-01,-162.76780789204614,-164.64681708742816,-166.46060101578067
2005-03-02,-155.80027157927765,-153.70735222042487,-163.1666998508509
2005-03-03,-174.09354280102852,-177.47342498358782,-178.348423184371
2005-03-04,-162.12811872764775,-166.55088643133283,-168.81561069511227
2005-03-07,-160.03500044706027,-164.62446526201322,-167.67849942933066
2005-03-08,-138.42257699688707,-151.29321836760394,-160.77424776073693
2005-03-09,-153.7053232660176,-150.89653714641568,-151.98565216736807
2005-03-10,-152.86367460374856,-154.77113902684576,-156.92920263961787
2005-03-11,-162.65727942985038,-165.35426404645133,-161.1342735478218
2005-03-14,-153.80170412530035,-159.32637076320344,-159.34345293160555
2005-03-15,-157.34230071069388,-163.25390697524054,-165.25503536933385
2005-03-16,-150.79824919622246,-152.93437190959256,-157.34425590385496
2005-03-17,-161.1362763631974,-163.4041110209377,-166.7641883665965
2005-03-18,-157.59885296664362,-166.10729851005547,-164.11141043091058
2005-03-21,-165.18743287313606,-169.04369854519535,-161.8443217550565
2005-03-22,-155.4432213239486,-159.77623632279807,-163.65709346547663
2005-03-23,-168.03616491455898,-171.88306787136887,-172.91896077302638
2005-03-24,-158.92251548041244,-161.22935662404024,-164.27403022682313
2005-03-25,-145.96472020450207,-146.75444577390164,-149.1412347425266
2005-03-28,-156.4806911286354,-156.20342760307003,-162.94749896722254
2005-03-29,-136.53763233563592,-136.86562556150545,-152.8486256187031
2005-03-30,-167.86311950172342,-170.30571976228612,-171.4391965840221
2005-03-31,-159.22865735486076,-158.0814720831446,-166.16632904276588
2005-04-01,-167.7784568713767,-171.2854361292447,-170.36746850204165
2005-04-04,-154.5850878479977,-154.51257440926315,-164.3754965973309
2005-04-05,-161.96665999935018,-168.7462839004738,-170.5598427363092
2005-04-06,-160.78147674656145,-163.18994922565835,-165.65675956750212
2005-04-07,-158.91092194706167,-155.91820012854092,-166.14507063795435
2005-04-08,-157.48115509053858,-151.06098233755543,-159.66011009095402
2005-04-11,-164.6771426745134,-164.46967125016783,-165.10453925212366
2005-04-12,-161.9001476937362,-161.56323028255872,-160.99535536490185
2005-04-13,-152.8038819679423,-149.9170777207818,-156.55702899379773
2005-04-14,-168.1789232860269,-171.25621220841654,-170.61123843949525
2005-04-15,-155.19152416700328,-157.89417382190354,-168.43253890748286
2005-04-18,-153.40051446506627,-158.40214019807368,-165.9693385815409
2005-04-19,-158.30126076584304,-162.02484643639085,-163.93884429720893
2005-04-20,-164.065283231123,-168.92031748525815,-171.49395852616695
2005-04-21,-151.49989724594545,-154.3777921436437,-164.08669835057344
2005-04-22,-164.96799193045425,-167.57659857763832,-172.0773837033048
2005-04-25,-161.50228627246008,-169.90044639333178,-167.01745665276803
2005-04-26,-161.0234146194157,-163.55566091497914,-163.88327187676884
2005-04-27,-164.74588904177432,-164.13686149740434,-165.90155567188685
2005-04-28,-158.97596822999532,-167.509938387109,-168.43232500550644
2005-04-29,-151.73671345774366,-162.27018039160998,-169.37935667316182
2005-05-02,-153.98248907605642,-155.71646945888898,-162.92327709948384
2005-05-03,-161.17193991538218,-165.63991280064295,-170.59129628950967
2005-05-04,-160.48717887895464,-166.9246313852621,-170.30139063939092
2005-05-05,-167.0184921935362,-169.75786101070554,-169.32849074295285
2005-05-06,-154.3485897988077,-173.56570561256484,-172.12288218982258
2005-05-09,-153.54306116335192,-157.66260460040422,-164.88329073488723
2005-05-10,-166.58648559997417,-169.62056692418076,-171.36645333809832
2005-05-11,-158.48540674572484,-155.84597481056787,-161.11156448214984
2005-05-12,-166.5624792730392,-169.1787008506716,-167.09138133075905
2005-05-13,-159.55270145333193,-156.23317482972493,-163.72119909919607
2005-05-16,-170.32795271284888,-170.39396465298023,-175.36515739723222
2005-05-17,-164.39322399282818,-161.78148560651744,-170.0189411381754
2005-05-18,-159.47613032871655,-164.05784363202343,-164.180675694927
2005-05-19,-164.06018605580184,-166.57741037548664,-169.86983459132256
2005-05-20,-158.33374553244263,-147.28954293395617,-154.9357886313632
2005-05-23,-156.1117702181601,-160.09712285969684,-165.22103501486689
2005-05-24,-164.63760849101575,-165.2064181008094,-169.6713175399637
2005-05-25,-158.25728582070744,-145.57881322228997,-158.3003445324206
2005-05-26,-157.4405462418809,-158.28983120485324,-160.2253024679739
2005-05-27,-168.00748656531397,-171.02268279074622,-176.25006499619496
2005-05-30,-158.2979154516983,-156.20187943927198,-167.2053745755728
2005-05-31,-159.6284665235439,-164.33693975025216,-164.01263409347
2005-06-01,-158.8932775502824,-160.83751060513615,-168.24470265015088
2005-06-02,-141.62370139202883,-134.83940033440695,-149.76945026478217
2005-06-03,-166.82299992844338,-171.64497395520874,-172.90814252069555
2005-06-06,-166.21985646415482,-168.92439759450474,-177.55516436986855
2005-06-07,-166.71945296002085,-164.62563476660407,-170.19165225716083
2005-06-08,-159.56864160530043,-163.7516735026036,-165.78259726076507
2005-06-09,-163.14649912001212,-166.6395263611666,-171.7035735007454
2005-06-10,-142.59728535330242,-145.85805126550264,-157.85512075401226
2005-06-13,-169.2912955447668,-171.04982333801198,-174.9124697181618
2005-06-14,-168.75563632857614,-171.77909275803026,-175.14976819490687
2005-06-15,-163.79451513696276,-168.9824265452438,-171.39783892872165
2005-06-16,-149.92994409140164,-151.55760983562845,-157.72028481153853
2005-06-17,-166.98728143033185,-172.34160177540014,-176.45159960754876
2005-06-20,-140.6190871420305,-147.46889658866885,-150.73272400663416
2005-06-21,-153.37564464760945,-153.87103718329877,-166.94732510091305
2005-06-22,-172.904568479843,-173.41764612850397,-175.1673882881746
2005-06-23,-158.08770626326572,-156.8282972415036,-158.1927179971095
2005-06-24,-157.0743592636731,-164.04251053978555,-172.41992921107325
2005-06-27,-149.05867444078248,-152.68319800700894,-152.5991500968877
2005-06-28,-152.55531735435022,-154.02707784238885,-159.74631643667897
2005-06-29,-164.6596689866955,-165.3909609966906,-168.44447021200358
2005-06-30,-162.3752876380908,-168.04848824932793,-166.11411562981144
2005-07-01,-162.34825646721677,-164.5619084283186,-168.69095811436125
2005-07-04,-151.55690786404273,-156.8737494499389,-164.92768616164037
2005-07-05,-156.48256440966887,-160.7444176308166,-156.0839758891662
2005-07-06,-170.6415387977977,-171.81973118676208,-173.26372528585887
2005-07-07,-161.60631162977018,-161.8917410605265,-167.24666776559803
2005-07-08,-144.52697570487763,-156.95671698347462,-166.08472377773
2005-07-11,-156.50885346642542,-152.81193166130498,-160.99146671337778
2005-07-12,-163.68391199696342,-165.58000113710713,-165.72848998023383
2005-07-13,-161.85466384426365,-165.90118381898827,-165.8074316734322
2005-07-14,-164.8055465792413,-164.75929988704553,-163.18551474010692
2005-07-15,-165.11144180693756,-170.37548244625492,-175.41370132609038
2005-07-18,-156.7152131038019,-154.8480676637422,-158.73983755179765
2005-07-19,-152.3142546170401,-153.77020655672587,-161.36715134464035
2005-07-20,-148.59461507338068,-160.00336795148192,-163.61945251352552
2005-07-21,-171.22641827207,-175.40005631783256,-174.892737260952
2005-07-22,-157.26612224971583,-154.1452554469093,-157.3469913381379
2005-07-25,-124.93295970654424,-125.90477241024608,-151.57773353902638
2005-07-26,-152.9771279544317,-163.4797703193774,-166.28570435628825
2005-07-27,-173.57682699619085,-176.6544454257101,-178.6321664994312
2005-07-28,-157.4452009639189,-159.40559536561526,-165.2219060653563
2005-07-29,-156.27558169775878,-163.06157912485912,-168.45808054032025
2005-08-01,-153.02042472663285,-157.07207536586785,-165.44458272522806
2005-08-02,-165.19435856783417,-170.44781608658374,-171.02648724947954
2005-08-03,-150.8888551464179,-149.06514050364072,-157.6750683439158
2005-08-04,-154.76840307027578,-154.87938714055826,-166.41303061207114
2005-08-05,-156.33192677536601,-152.12223528292085,-159.32214053034576
2005-08-08,-154.6440173845716,-154.48735108823982,-161.6274286887617
2005-08-09,-156.9569936533448,-154.92439630532965,-166.61675828917993
2005-08-10,-156.35287379804905,-150.93195930888686,-149.72680197489746
2005-08-11,-168.80121703357403,-169.65789203878325,-174.05786773296992
2005-08-12,-161.07592686764536,-167.8059100856529,-172.0887061669931
2005-08-15,-159.61078772036717,-160.0763494719651,-170.02774100838963
2005-08-16,-154.98686044722507,-153.33869886151604,-166.4443035118888
2005-08-17,-158.9323471283517,-163.61169300016832,-168.04239506468758
2005-08-18,-156.68128575278305,-156.67238688230026,-163.21132373361053
2005-08-19,-164.10335711125498,-166.42508323157747,-170.51287600581713
2005-08-22,-167.60442765189748,-171.67648731807583,-176.01333998906526
2005-08-23,-147.09495762778533,-151.11834839011556,-164.93254845060918
2005-08-24,-161.59622357172248,-165.89127945567404,-166.93434136582735
2005-08-25,-157.19629258460844,-162.55109427868337,-164.16676004660948
2005-08-26,-139.76291801140852,-138.57006045344616,-152.84205704410635
2005-08-29,-169.08583636658165,-173.26748752083634,-174.84453823253085
2005-08-30,-158.63004469108805,-155.51600249612937,-151.52722926595482
2005-08-31,-157.2619073674016,-162.03657757138612,-166.32550117305124
2005-09-01,-163.0021336786289,-170.40795672760612,-172.40806678407495
2005-09-02,-157.00157075166877,-158.48914855830822,-158.19284895393142
2005-09-05,-137.4032920907233,-137.8554060793257,-159.74792755872886
2005-09-06,-123.24014221537122,-130.22828373778117,-146.0952131744028
2005-09-07,-141.17371619868612,-148.20928849633842,-153.79843208403324
2005-09-08,-161.56922028299493,-162.26893022594047,-164.06648765694345
2005-09-09,-160.95925271545437,-163.15405205565796,-168.61097820002425
2005-09-12,-116.20028651767335,-128.28025726390462,-150.85470411385114
2005-09-13,-171.03714448550684,-170.24519141642384,-173.1825503509343
2005-09-14,-165.6841436717655,-169.31415714017234,-167.98034708896483
2005-09-15,-162.61827080714832,-164.88928903508625,-166.86028878100046
2005-09-16,-146.06138749745872,-152.32786955749881,-154.02637278432005
2005-09-19,-139.66441074307122,-147.39587382972036,-162.91610484393618
2005-09-20,-156.8982203292663,-159.51539531281873,-167.55163024249458
2005-09-21,-152.82738203012428,-150.89013529970697,-153.11430187153823
2005-09-22,-144.5373895413088,-144.56597828309575,-149.28502233128492
2005-09-23,-163.5132314504806,-170.1309222523245,-171.15158206236316
2005-09-26,-153.73925166662465,-158.51477363300884,-168.855302028495
2005-09-27,-162.37859505909012,-163.3101879766383,-168.75787773709237
2005-09-28,-156.58848653535048,-157.17469695389423,-158.49625268522567
2005-09-29,-164.13572891110275,-165.62473629069459,-165.75015266858304
2005-09-30,-170.196012592658,-174.2748326606155,-176.7078540967897
2005-10-03,-157.32844286753812,-160.88169836778695,-169.49154532076216
2005-10-04,-154.27101052094469,-153.84512184626334,-165.83314479891828
2005-10-05,-159.34201294771267,-158.63676249099848,-169.11765299306575
2005-10-06,-161.64128550469889,-172.02620601967428,-173.24011325863017
2005-10-07,-160.21446770127605,-160.2479057436255,-166.9586694024519
2005-10-10,-146.75086880052555,-148.9059248393778,-161.41964257096302
2005-10-11,-151.72912816242572,-149.12365937627567,-157.64230026256848
2005-10-12,-163.5329199032949,-166.26066743070402,-170.05542240921403
2005-10-13,-145.83995957593874,-136.25815295487118,-152.62709312882967
2005-10-14,-150.22212662243442,-150.9552283111441,-167.382929761021
2005-10-17,-159.8343812837332,-167.57815207652064,-169.03486954184118
2005-10-18,-154.7105125580195,-153.52333372174058,-169.37110892332174
2005-10-19,-155.9585683951753,-159.99016234977404,-166.41611851238432
2005-10-20,-157.24505795780715,-158.5726111893082,-158.96719199837722
2005-10-21,-163.978484308968,-165.742643502554,-172.45480348567943
2005-10-24,-158.45952474488305,-157.26594419921724,-167.7082059342265
2005-10-25,-132.28943871821676,-135.50950632638566,-160.89001101870446
2005-10-26,-148.88176734844563,-136.85263437610567,-157.53781332066228
2005-10-27,-155.3864228067204,-157.88912276674287,-162.2313972973989
2005-10-28,-163.04744263608845,-163.2782115505054,-173.92788828917628
2005-10-31,-169.5233873566555,-173.22219716180157,-174.18886165669025
2005-11-01,-156.05463078290882,-156.4976898128419,-163.87094666376572
2005-11-02,-125.31320520133359,-140.90256707072396,-153.72110996024472
2005-11-03,-146.73543748056292,-139.9759463985555,-158.3650133744198
2005-11-04,-165.0533603150775,-166.9389562731013,-167.85246981096464
2005-11-07,-141.2727400159587,-139.47021457871617,-156.18069646768603
2005-11-08,-143.6833560243216,-162.58412148924342,-166.2706788267
2005-11-09,-141.23356776893147,-154.91115268594476,-164.13279845004985
2005-11-10,-158.02747271245445,-165.13594370683447,-170.76055092642298
2005-11-11,-166.04556524954236,-166.62813270695986,-172.04533657879344
2005-11-14,-147.4419074760363,-150.38035582523224,-155.3831451961156
2005-11-15,-153.58236236559716,-162.5625886337952,-163.10600765568483
2005-11-16,-164.4938566457506,-167.54460962153794,-174.37877644758802
2005-11-17,-160.62354129828935,-162.01920766731433,-172.58861345089755
2005-11-18,-155.9618741416244,-154.35635150286828,-158.8050044367065
2005-11-21,-161.0133496324425,-166.69180023697143,-168.69699194103634
2005-11-22,-142.54105452846508,-150.3872980426503,-168.39688697558356
2005-11-23,-154.04834056461914,-162.79792964512774,-163.87454924230568
2005-11-24,-167.526981078704,-166.446529114779,-169.62750602246948
2005-11-25,-165.44970442181432,-168.6150755555875,-171.37796077868006
2005-11-28,-149.26682540613805,-158.49207298649512,-163.31331656278215
2005-11-29,-145.28240459736782,-154.9336644249086,-159.1277842802861
2005-11-30,-162.41967057900416,-169.89611171931918,-170.45862015594213
2005-12-01,-161.72585519242654,-168.94682191177122,-166.40171070800832
2005-12-02,-146.3786580483812,-154.17612297666506,-163.36204428691127
2005-12-05,-157.93739902249624,-156.01517184872355,-166.93093696688888
2005-12-06,-161.33671226760947,-151.92943690019467,-162.75348947092192
2005-12-07,-137.06715737032002,-151.0328450468687,-164.56699194471122
2005-12-08,-159.5390931901675,-165.97521403030063,-170.86736859123357
2005-12-09,-168.8318824987186,-173.33261655650514,-171.00899166962282
2005-12-12,-164.92272357359803,-169.51404988248999,-168.4239432658
2005-12-13,-164.5459907008392,-164.83314286171532,-169.68367562153352
2005-12-14,-154.60636795240373,-156.49418283801046,-162.1515151500123
2005-12-15,-164.8860766261056,-165.1001862319315,-166.59114881267521
2005-12-16,-145.02440542725986,-144.2797294366074,-157.42718333540356
2005-12-19,-157.50786577924592,-158.5910073009637,-164.8000733882904
2005-12-20,-156.20737898071414,-150.06697530740095,-157.22098322588974
2005-12-21,-161.1791208110429,-162.51817909655045,-170.6565378239615
2005-12-22,-161.385941099167,-169.95716131125906,-169.94753769822665
2005-12-23,-162.4813735336902,-164.21494233674682,-170.52030082538252
2005-12-26,-153.91728965619689,-155.94217656649394,-168.16528603885112
2005-12-27,-162.05628923960992,-164.62563115377458,-160.33369560213535
2005-12-28,-152.11012689826066,-161.2285062505932,-159.39588054587057
2005-12-29,-168.2970037216034,-170.74223615916526,-172.80316522704683
2005-12-30,-135.04209955713412,-142.79738242383348,-149.6803541540874
2006-01-02,-148.02827251292095,-140.27443803431356,-155.12537276524856
2006-01-03,-164.43553815246918,-167.92353432337586,-168.46770011634283
2006-01-04,-161.84859270095123,-162.59064405094097,-164.3077224849688
2006-01-05,-163.2909221923816,-167.58200540931168,-171.51594406111238
2006-01-06,-134.7326416942663,-144.65175053502378,-149.37506926722114
2006-01-09,-167.61064862528923,-168.13285419897755,-169.92208955290982
2006-01-10,-166.42298406912846,-172.68624833718906,-174.67113571575302
2006-01-11,-163.51313674981876,-170.5135059677706,-168.83490488610028
2006-01-12,-157.21021171531237,-157.95538680340232,-155.2685838718586
2006-01-13,-163.48477040669823,-165.41349915174004,-170.8508450594094
2006-01-16,-156.82512245080446,-158.94733258519975,-157.8953559019966
2006-01-17,-162.20746205635254,-170.01353568631748,-173.62933366755442
2006-01-18,-161.2683482936923,-161.55355091352845,-158.6203648745205
2006-01-19,-147.14170141338815,-139.73433399206874,-156.2430091170876
2006-01-20,-167.59692433618127,-171.75639566331282,-173.0901903943257
2006-01-23,-160.62079658735226,-166.89217436532158,-173.11866231205056
2006-01-24,-153.52592649841753,-153.06090688938605,-158.21446157612854
2006-01-25,-166.0424572384448,-166.060220209318,-165.82487246769165
2006-01-26,-151.85068262949653,-147.46361787016653,-146.03473132629748
2006-01-27,-150.42930359578716,-144.44193646218315,-154.67235659176774
2006-01-30,-139.90629846423184,-140.672038399519,-160.42190127017136
2006-01-31,-143.03716694097955,-147.27275991705278,-155.85706675063727
2006-02-01,-163.33516170700736,-166.32287419055078,-166.7332263188898
2006-02-02,-149.18923267048262,-155.80429179262055,-168.93266656322567
2006-02-03,-157.5682551344452,-157.3764501639587,-158.20144172174668
2006-02-06,-154.59469873863586,-159.88258028579847,-159.9595490010944
2006-02-07,-143.66842464926992,-145.353011367029,-147.35782276787629
2006-02-08,-158.23591472180874,-158.4556231196854,-163.48134071354644
2006-02-09,-161.2938756297724,-163.91916173641636,-163.9993810593512
2006-02-10,-149.88937301252219,-149.85593854755575,-161.33995304459057
2006-02-13,-149.12789739420913,-153.52856278160934,-157.89861457193777
2006-02-14,-163.5045925398129,-166.04029298721701,-164.56752209709924
2006-02-15,-163.22182912649515,-165.2778910561631,-164.1449542137591
2006-02-16,-152.22104834114842,-152.62184615197418,-160.0468839287888
2006-02-17,-166.70548885060137,-169.95311662166304,-168.34195290159084
2006-02-20,-169.96690992303414,-172.3222910708596,-169.82006556617765
2006-02-21,-164.72597670961744,-168.6170608373567,-169.9893920469564
2006-02-22,-164.65394903171173,-170.6127713966772,-169.40917443239667
2006-02-23,-159.41139180640937,-156.85589494371195,-161.64006721078027
2006-02-24,-152.72849384557438,-145.74226109573067,-160.06384445103055
2006-02-27,-155.65979008444953,-160.4402371409505,-167.37958647749835
2006-02-28,-141.37552016747063,-135.8705990246461,-158.15280113761258
2006-03-01,-167.15850172112562,-170.9324261016295,-174.38207117958345
2006-03-02,-165.20785783292894,-168.148627482611,-165.528362996114
2006-03-03,-141.6478952547718,-144.68646756650907,-159.10667147284502
2006-03-06,-161.2572990667115,-164.20358363268014,-164.68288849150395
2006-03-07,-140.4156315673701,-142.2431721294799,-160.6982372075432
2006-03-08,-154.00475015674186,-160.44103932644873,-163.80140779384647
2006-03-09,-155.2161673739024,-151.80573338164442,-161.14582035533246
2006-03-10,-146.17097440993334,-147.4442249713616,-161.49872057380804
2006-03-13,-158.15279391911255,-156.26458420677668,-164.81059880131622
2006-03-14,-158.65933510256562,-159.89459067410903,-159.697869181895
2006-03-15,-156.70820574838422,-160.65656977196477,-163.43811132324944
2006-03-16,-153.16786503556906,-149.87660962517867,-152.31290591283917
2006-03-17,-150.2691618434283,-147.50270898952826,-161.65621361449774
2006-03-20,-170.3127670991862,-174.11334805788084,-174.3813529153968
2006-03-21,-161.31703701656187,-155.47848554874258,-161.470138492682
2006-03-22,-163.2567699505899,-164.91667311368317,-170.13958233362243
2006-03-23,-168.11415338936547,-172.2446334439664,-172.82876014834955
2006-03-24,-141.68569464061693,-150.8683319279171,-148.43587582721392
2006-03-27,-160.58478994688286,-160.69623032934197,-166.46740997517668
2006-03-28,-154.02845453514402,-162.02119615188818,-168.67747192434683
2006-03-29,-167.72923894200284,-169.36444291266326,-172.8746964252209
2006-03-30,-136.56951863561102,-152.71651381427543,-162.0905488289953
2006-03-31,-144.9844133895457,-153.46696068238302,-151.17098486065342
2006-04-03,-144.63171024504047,-157.08663651229583,-164.50968166696805
2006-04-04,-153.15330960575326,-152.24211915883464,-156.28913922195605
2006-04-05,-157.64865796010653,-167.1829870946496,-172.2723128013046
2006-04-06,-140.0714144926607,-156.77878185288117,-152.47753688172253
2006-04-07,-155.8356089605776,-165.16850144160912,-166.459021903795
2006-04-10,-155.87660971752106,-155.3628845754611,-160.07282604144984
2006-04-11,-130.9313796971928,-140.6263708747432,-152.0111799842008
2006-04-12,-152.02207069247913,-164.67419451695554,-165.4378029871686
2006-04-13,-154.37084868011186,-153.4052349520274,-158.7189802291711
2006-04-14,-153.12770256880663,-151.16069526226795,-160.45065085661386
2006-04-17,-141.1832178053774,-140.3330957593521,-145.55686317176014
2006-04-18,-161.959522814335,-161.2172092366981,-161.28324635188682
2006-04-19,-151.63285934894344,-149.06380635961477,-163.97224105800612
2006-04-20,-161.34851046985526,-153.88352791920153,-152.48371517789442
2006-04-21,-149.77561401401204,-151.76456299729605,-164.22067862989056
2006-04-24,-158.76342032311044,-159.76612316666817,-165.2420387095775
2006-04-25,-163.1938395620317,-165.7133355262748,-164.8304250174612
2006-04-26,-144.8865973852882,-148.8984254018803,-155.0928876703462
2006-04-27,-159.82621394944022,-162.40098492204692,-165.7198849328468
2006-04-28,-156.6827488293966,-164.91394918236986,-160.26386164621695
2006-05-01,-162.51517871852678,-161.14767288924693,-163.23963773994413
2006-05-02,-164.1237839927206,-164.57690265715556,-167.5106655458502
2006-05-03,-154.7128295808751,-156.134632894069,-165.09837276483165
2006-05-04,-159.33245249869978,-164.68152202294314,-170.23968364633402
2006-05-05,-162.27331523774353,-167.76983397661857,-171.64017608466804
2006-05-08,-154.4030476838034,-150.5734655519297,-161.0839850079736
2006-05-09,-166.28700332454184,-171.9702279282009,-177.59564746968456
2006-05-10,-157.52079590739436,-161.77394971174306,-164.43933802056264
2006-05-11,-165.0509459485679,-169.1632682456031,-167.59920272387532
2006-05-12,-142.92551127624742,-143.6032593784093,-158.320455558494
2006-05-15,-166.23227091654175,-171.78535338644113,-173.34750027288234
2006-05-16,-138.51351136335632,-145.00791270390062,-147.79157821043663
2006-05-17,-150.85138576708354,-153.20276801301435,-157.65771489288818
2006-05-18,-166.277386790139,-169.2234327407444,-171.53776093555916
2006-05-19,-139.27239537679102,-152.24165990221655,-160.32109970698474
2006-05-22,-148.4546349768601,-154.57693964989275,-159.2043214055639
2006-05-23,-157.5691662102492,-160.0234523166742,-168.19833260695475
2006-05-24,-150.14727271572613,-153.36625869747297,-154.49510177888286
2006-05-25,-160.93681993273685,-161.93513162726387,-165.19401532289558
2006-05-26,-151.95623421890176,-157.02754291968012,-162.71908393299017
2006-05-29,-128.41401484974295,-148.14100693316817,-160.40786766427692
2006-05-30,-131.98045776563686,-146.49495059913977,-143.79709532198987
2006-05-31,-127.7026638441198,-153.27233311191011,-154.8541443275491
2006-06-01,-157.2648950228997,-160.67295000956113,-163.55057482412036
2006-06-02,-134.41347637094253,-152.1224296657745,-148.6445361431447
2006-06-05,-126.19987368494019,-146.17306308569786,-152.57528690907864
2006-06-06,-167.18279166857755,-165.52898030954194,-168.95682088721156
2006-06-07,-154.85924680432208,-148.7046898304198,-155.47772015732647
2006-06-08,-157.3525162723811,-159.5049197659375,-161.26201059645183
2006-06-09,-150.35226317189614,-155.30075224512495,-164.0683194641842
2006-06-12,-129.14065892288204,-149.4937431551866,-154.6978345273626
2006-06-13,-124.8191027246111,-148.25624487308406,-153.34215291858087
2006-06-14,-162.96514123063315,-161.24719715702125,-162.50788373927597
2006-06-15,-162.91306777926368,-161.1234094903055,-165.86058471680371
2006-06-16,-164.57308067312232,-163.86661387420546,-168.66260808243183
2006-06-19,-138.23181348798198,-131.0224547305264,-150.76582679766688
2006-06-20,-144.86699884732238,-152.51108770122343,-153.6241028216286
2006-06-21,-148.04237727181658,-152.25276962254546,-158.38908178268733
2006-06-22,-155.6609946778784,-158.8455484367788,-156.65584970033694
2006-06-23,-164.06352726886928,-165.68281693531944,-167.0493005131325
2006-06-26,-157.01942054167128,-161.2061022454427,-165.92163684232207
2006-06-27,-139.5535980421888,-144.3504189317556,-151.95274098200593
2006-06-28,-156.75964430570514,-160.50909492918944,-160.4814231427363
2006-06-29,-169.1667553231051,-169.9523411584221,-172.6510911541578
2006-06-30,-169.5586694380325,-169.62099917759156,-172.66825955357314
2006-07-03,-162.0046388441052,-165.31063437655033,-167.56270065236757
2006-07-04,-164.88177975661705,-163.1571240175642,-164.25035488161592
2006-07-05,-147.54239396499963,-155.13912839026727,-165.44153843975218
2006-07-06,-151.05277577134663,-151.7096556689974,-160.61230971632892
2006-07-07,-157.66505036522673,-158.3230571668088,-163.97284346712706
2006-07-10,-157.08927252137482,-158.90869950714674,-157.5224514472968
2006-07-11,-166.70737946429287,-168.72250304574507,-172.04817164866674
2006-07-12,-160.9811292016144,-164.07037756139897,-164.5631508870524
2006-07-13,-159.35548005787155,-161.1152398357092,-165.1940174418777
2006-07-14,-161.9305586602942,-168.76353371337527,-172.47972493949166
2006-07-17,-168.44205659426234,-170.18740012870518,-171.46120988329713
2006-07-18,-160.81274317118297,-166.81400461498677,-164.18257042427354
2006-07-19,-150.26402121827556,-149.9009006883566,-147.83817507317798
2006-07-20,-163.49866019496997,-167.56476711058178,-167.4295197920441
2006-07-21,-166.60366307521977,-171.70065484866544,-173.16172708833415
2006-07-24,-161.03440068049207,-163.2607964836714,-165.7942875592183
2006-07-25,-168.0397027392365,-171.50039582278077,-174.46598496701958
2006-07-26,-164.20085267387665,-169.29018365881856,-170.22381149103393
2006-07-27,-161.84456598634674,-162.66142893077114,-162.891907668189
2006-07-28,-146.19183064816474,-138.93077831960565,-151.51678492797458
2006-07-31,-168.25672502138323,-172.2729097368361,-170.6344854466007
2006-08-01,-161.33485489048542,-164.66160292254705,-169.38169619035665
2006-08-02,-156.7350175904584,-164.89895581480977,-163.49058121110616
2006-08-03,-153.64317702311808,-156.10517866267304,-157.15093181716446
2006-08-04,-162.190672684971,-164.36973076649477,-166.87979422017102
2006-08-07,-161.84524938472725,-159.66950698046688,-162.13800574390882
2006-08-08,-163.6157100727586,-163.371387036822,-167.44863002115375
2006-08-09,-163.78745788732914,-162.919747602461,-168.29078131472954
2006-08-10,-168.5349016423351,-172.5748282481567,-173.27749203170941
2006-08-11,-156.8657843526153,-161.97215209064814,-166.77663168776164
2006-08-14,-162.7627669888521,-158.56528773784618,-161.18596565752233
2006-08-15,-154.0325029696317,-153.50369944489054,-163.21134279229435
2006-08-16,-159.64008082247506,-163.0902078108598,-162.7936912812102
2006-08-17,-163.71265755374486,-166.20742165091508,-168.25318019054134
2006-08-18,-145.69107564580344,-147.96642544706492,-161.10652424364238
2006-08-21,-148.88252429944524,-156.28030037341674,-157.51279535921446
2006-08-22,-152.04903213397662,-148.52064842828597,-159.1557846528866
2006-08-23,-159.79431155555773,-161.16379708371272,-163.26617970503082
2006-08-24,-149.59906683133488,-148.78224412669562,-146.79288259071933
2006-08-25,-156.9801691169169,-156.00591003910478,-160.10081306713465
2006-08-28,-159.15738220987328,-158.6601375311653,-160.35658249150092
2006-08-29,-166.56804949943947,-167.84662560031285,-173.44130338568652
2006-08-30,-161.40530114478037,-161.7239378061791,-170.51080462227202
2006-08-31,-159.96096110307235,-159.59210031096367,-164.935625255553
2006-09-01,-168.4138960894432,-170.67374869946673,-175.26898925736452
2006-09-04,-163.6932429088711,-162.7887859155059,-164.73948789766496
2006-09-05,-154.6864453201951,-151.39596497790015,-153.73472403868638
2006-09-06,-161.43518269716387,-160.06208460881479,-164.69174201405855
2006-09-07,-162.67786580602007,-163.5239569248791,-165.7174456659135
2006-09-08,-142.0565073122091,-140.3587175571027,-153.35493753081695
2006-09-11,-160.09489269711162,-160.12872191065978,-167.4555551637285
2006-09-12,-158.3656922966188,-159.09434716055821,-165.36898574063204
2006-09-13,-160.4869533972002,-160.3751056669915,-165.20630668417
2006-09-14,-162.90659496745042,-164.1239248763191,-164.44930105313264
2006-09-15,-163.40854892227182,-164.37365223187697,-170.85437411237487
2006-09-18,-166.29633972733225,-167.80463024062072,-173.5458736657178
2006-09-19,-157.0169984971152,-157.12028277146516,-162.19205737617276
2006-09-20,-165.39360728237725,-165.59061031980647,-167.1307121465694
2006-09-21,-157.62154860072073,-155.18532353460088,-151.66560525200939
2006-09-22,-159.2060674127608,-157.90499853865535,-159.75381970187703
2006-09-25,-152.86715991574968,-156.27496517632935,-165.76649746215247
2006-09-26,-161.88089949446584,-163.80029830760992,-167.54115129048674
2006-09-27,-157.33371424341038,-163.7133388564886,-162.35916239954588
2006-09-28,-162.224506728142,-165.1853301617795,-166.73640089186898
2006-09-29,-163.61689756284895,-163.5057592223092,-165.50416060758872
2006-10-02,-154.20568802104287,-154.14259429137428,-161.9912729502261
2006-10-03,-161.1127812281565,-160.55788012629654,-166.982507754217
2006-10-04,-154.68006185219784,-154.18697470149166,-164.0372983746082
2006-10-05,-159.3602049403041,-165.17690805778454,-168.70129993003258
2006-10-06,-165.62631814892026,-167.78718985971764,-169.3040357848799
2006-10-09,-153.4077865455164,-154.27148910283637,-161.2403891315009
2006-10-10,-167.01981284112492,-170.22356388268557,-171.72617145397027
2006-10-11,-158.4069300459736,-160.07268438538372,-168.22301581617344
2006-10-12,-166.71683651407943,-167.90258725618946,-169.53339073430433
2006-10-13,-161.00340500735115,-161.0005812032941,-169.09632513747334
2006-10-16,-155.06313376776788,-158.82755791020085,-165.32381463251133
2006-10-17,-159.20167585959024,-164.72874314214772,-161.63867013160908
2006-10-18,-148.68851980050238,-150.2613827228998,-163.74522723851197
2006-10-19,-169.50850596656394,-171.57955322602422,-176.26835502300594
2006-10-20,-155.20702550828017,-159.567869712441,-161.84932383279315
2006-10-23,-142.47351809447724,-143.1518671294983,-151.09343334300877
2006-10-24,-158.90376713410026,-159.39396100072398,-158.32389620708796
2006-10-25,-163.3069795292398,-166.61180447053593,-170.5716786375136
2006-10-26,-154.9121560659123,-157.4931518787865,-164.51841029740336
2006-10-27,-161.77354595724185,-161.89157756288944,-165.5614278736018
2006-10-30,-166.17984775601147,-170.17498328657283,-172.76239700178536
2006-10-31,-163.65235375806358,-167.14269587721276,-170.32556467962291
2006-11-01,-162.32852844759776,-165.67081779389767,-169.08645563532664
2006-11-02,-161.7736352885138,-162.68222992115565,-160.78817856182104
2006-11-03,-158.35379792995707,-159.43628008889613,-163.51972342364053
2006-11-06,-147.28422298994192,-142.02174865858206,-145.9838349741828
2006-11-07,-168.0583176011551,-166.9869205201506,-164.94695950748505
2006-11-08,-158.45430292533234,-158.81777441434758,-160.20771911266792
2006-11-09,-164.7918794114162,-166.00232687740854,-166.09288100650025
2006-11-10,-151.5669319695904,-153.28051959688082,-166.52220829569185
2006-11-13,-117.99488293844428,-104.79378527902168,-131.67066464897363
2006-11-14,-141.6746540114183,-141.51910464689533,-157.41789169834186
2006-11-15,-163.9379989762854,-164.80570302533187,-166.5887947778388
2006-11-16,-158.23058374721205,-158.04718096842203,-164.00021915990646
2006-11-17,-154.80649472965726,-159.4120780480834,-156.45560405592434
2006-11-20,-155.0732646639363,-153.11135681763216,-163.6478758359718
2006-11-21,-151.75953728500858,-150.81415776052197,-166.2161036556181
2006-11-22,-147.96539803308184,-149.39971484808103,-153.9256182153505
2006-11-23,-164.22805918826532,-165.70495225778154,-169.31686882454716
2006-11-24,-145.92604329451908,-144.5319610322595,-157.83229098035798
2006-11-27,-130.45489475840486,-132.2869753994535,-147.7977119370432
2006-11-28,-136.3244365505647,-147.5250523994779,-156.27126344151006
2006-11-29,-155.4667133934737,-158.96503280771776,-166.71621279792186
2006-11-30,-157.91012865695652,-158.7292825275663,-158.25727864731542
2006-12-01,-158.7524309145677,-161.2683719134498,-160.551859326513
2006-12-04,-161.7478005964484,-163.9872347819605,-168.0121737451072
2006-12-05,-160.2732263284297,-164.94194337214225,-165.84616987232923
2006-12-06,-131.2306223383613,-133.3946041730913,-136.33472187700107
2006-12-07,-152.362406690091,-152.81635251424447,-163.29119571256552
2006-12-08,-164.02735145704742,-163.87620458273364,-167.51466830108868
2006-12-11,-144.11630106819106,-151.51576954223472,-157.72207745931388
2006-12-12,-142.5148838786393,-145.80088715474648,-158.652430353286
2006-12-13,-137.49191270199904,-145.76663814040194,-159.9577010869683
2006-12-14,-148.61415384561263,-154.18562386785993,-154.6198787995352
2006-12-15,-152.18573883868362,-153.38705128799268,-157.1832572151765
2006-12-18,-142.28259421957847,-151.89053863760475,-153.5230443542573
2006-12-19,-145.94763629544758,-152.49555261145645,-160.0509701682318
2006-12-20,-130.4092645350758,-142.95524430898934,-154.3240122439617
2006-12-21,-160.40878346414743,-163.26628534003802,-169.10420323689857
2006-12-22,-158.9839103155111,-160.46657118918216,-165.18197476382983
2006-12-25,-163.55222457655913,-160.21125753982528,-166.6408951251568
2006-12-26,-149.96714283208263,-157.52609499884431,-158.3353611646642
2006-12-27,-162.93457476270032,-160.96521482852663,-159.61721172315606
2006-12-28,-144.4126145890155,-152.9784578408834,-157.89877964342762
2006-12-29,-161.1822183267511,-160.82654780058425,-157.86433793003152
2007-01-01,-165.22876539375562,-164.7004254356031,-169.70848657772436
2007-01-02,-146.63964640476283,-151.65558193239872,-155.56869360789187
2007-01-03,-163.05922003707502,-163.17508326449294,-165.8655413729143
2007-01-04,-154.79289593389706,-158.3262850045641,-163.4082383645695
2007-01-05,-147.78158974085304,-154.93090752285877,-169.1189950110612
2007-01-08,-155.20945648981086,-157.43643810314526,-164.04856720342184
2007-01-09,-160.0863676605557,-164.83349272971307,-170.65241108978577
2007-01-10,-154.6619490982934,-161.47953573357066,-158.0185108963724
2007-01-11,-156.58452384689713,-154.67319742338313,-152.55696878058626
2007-01-12,-145.8984869965158,-153.6848210079877,-160.79918020561746
2007-01-15,-158.29477753188846,-158.4291086717781,-160.80664395638968
2007-01-16,-158.10372786293226,-160.90143857804742,-164.4413931438755
2007-01-17,-122.4029112256548,-136.17853667616043,-153.58060074342606
2007-01-18,-147.67720068805113,-150.1421879542711,-160.1442262302372
2007-01-19,-158.74306010105437,-160.67135084111388,-159.36505621821087
2007-01-22,-166.92445208512353,-169.56305274442514,-171.76240918360008
2007-01-23,-144.29633388370763,-145.38592085486553,-159.31110134437563
2007-01-24,-167.58378391338883,-167.69541989203034,-171.18622943232347
2007-01-25,-150.39356099690755,-158.0392681293621,-153.9868051574955
2007-01-26,-147.88508946496145,-149.5521258376948,-151.0775750799091
2007-01-29,-167.8607279116526,-169.7306578544415,-172.2998885626002
2007-01-30,-154.64138450003392,-156.7994718581716,-167.6845036849397
2007-01-31,-149.85756242245424,-154.61827215991138,-160.01269769739264
2007-02-01,-151.71491379671178,-155.63212617095502,-155.16014073212767
2007-02-02,-153.49991972769251,-155.10440523250963,-161.5504352260705
2007-02-05,-158.72834623717438,-158.69882124846626,-161.4653872439313
2007-02-06,-157.20625139250467,-162.35298241567298,-163.82749135399018
2007-02-07,-163.124657529423,-169.91433408536577,-171.13897131686068
2007-02-08,-149.00274008380111,-142.58679813974132,-154.68455660348923
2007-02-09,-139.72933734380325,-149.10143932396,-153.79753618388753
2007-02-12,-147.8713138292198,-150.86046044394269,-160.3007382168122
2007-02-13,-149.23442691609978,-144.62143754700128,-156.86501721937177
2007-02-14,-151.45071054410727,-151.1614780645675,-159.83487571762439
2007-02-15,-154.4671112052767,-156.16457959843882,-161.2730973689815
2007-02-16,-156.49783167107142,-158.43417068517266,-162.16976129937626
2007-02-19,-141.92813267855135,-145.87639433413176,-144.35515409407117
2007-02-20,-161.73808255890924,-161.76074298123342,-163.52240245635463
2007-02-21,-145.6654037886593,-150.35641502084314,-162.10704414539447
2007-02-22,-157.35394826333115,-158.8789625616588,-157.56459863936564
2007-02-23,-149.71751631780026,-155.70753173889014,-161.64224406400143
2007-02-26,-167.1902493430914,-169.1570824556693,-173.0434119644439
2007-02-27,-162.2395001947746,-158.2902789515162,-166.66926814970796
2007-02-28,-150.35593151382682,-154.97150999947095,-159.2151995618869
2007-03-01,-150.63302397326694,-157.02615451846847,-154.94119624864737
2007-03-02,-154.45135185598335,-160.9422194650459,-159.81965444344817
2007-03-05,-142.7228268890725,-144.77600133236209,-154.32289252057433
2007-03-06,-166.31250637691008,-167.12905523178253,-171.79401141706387
2007-03-07,-141.2565840296034,-137.8246670250297,-148.68006037045677
2007-03-08,-139.4329819032395,-140.5646987714823,-152.47590105081744
2007-03-09,-163.92277654404955,-164.9442749572316,-170.0328821065261
2007-03-12,-163.3669207901492,-165.97264090308755,-171.99178902478783
2007-03-13,-158.87119642608772,-160.24996275638526,-163.14215372717865
2007-03-14,-159.89705597783163,-162.65875570555147,-172.02046578190607
2007-03-15,-158.72880134286416,-158.2893328928983,-161.49775845128175
2007-03-16,-165.45816901597925,-163.08393174881758,-160.30586700917297
2007-03-19,-169.27048792990675,-169.53695625869256,-170.49900553526632
2007-03-20,-153.6009011631081,-153.38890410762707,-157.04280102143235
2007-03-21,-157.94127159095834,-160.6264074319767,-166.03583036979245
2007-03-22,-149.59455446936263,-156.02469109733119,-163.27518717976602
2007-03-23,-155.79479180952606,-159.1191483231219,-157.86035465892724
2007-03-26,-160.62298873024346,-160.81062326110103,-161.86447073408988
2007-03-27,-156.29608927507886,-158.14403457933147,-166.62709281299496
2007-03-28,-159.72203159772533,-160.40305801338963,-166.40733330168715
2007-03-29,-157.5221821935989,-158.96071215166353,-162.55402493940713
2007-03-30,-160.9851405027187,-159.2803833060034,-165.66727971792602
2007-04-02,-160.2779395191794,-162.6957660883603,-166.7041008703257
2007-04-03,-155.9127316014827,-152.9848669130573,-155.60112352246534
2007-04-04,-162.19675055077482,-162.92004354759533,-169.06996515844318
2007-04-05,-155.2937390120767,-154.5155427373331,-157.02813328726023
2007-04-06,-157.7704740371897,-157.18211470244265,-166.30110926298346
2007-04-09,-158.0749088743652,-160.05506714129427,-163.6533065232231
2007-04-10,-162.2081158409864,-165.5976347325573,-169.10504203864772
2007-04-11,-150.3049545005249,-146.66151877096888,-146.97307857388768
2007-04-12,-165.98544702489798,-170.3258565276925,-171.04377618450317
2007-04-13,-167.528784937763,-164.94673001814596,-167.39619811292837
2007-04-16,-172.1525202603753,-174.98158330384373,-176.5750044638747
2007-04-17,-166.8539515988391,-169.71753306407163,-171.88897902744515
2007-04-18,-152.50367440197363,-152.07107686196454,-167.60360991464262
2007-04-19,-165.72226606975377,-165.01926117043837,-164.92599957325194
2007-04-20,-157.1938547006096,-160.9647039873694,-169.1747267400706
2007-04-23,-144.96513965666105,-140.9886113997949,-157.9956978107383
2007-04-24,-163.69258767789387,-164.22269912993693,-167.32611923726765
2007-04-25,-163.93371747078197,-165.25667434538676,-166.09172643036382
2007-04-26,-159.1671177654977,-157.8180379775233,-159.6547597686439
2007-04-27,-158.49065711212796,-156.5205820617514,-163.07427807821276
2007-04-30,-170.83241335466982,-173.51461584014922,-173.30842456906004
2007-05-01,-158.78239958739957,-159.4171550576644,-160.51022061205992
2007-05-02,-161.25350695820887,-165.24542986478264,-167.66087612524151
2007-05-03,-164.60953197970025,-164.67661138808674,-170.22635970268905
2007-05-04,-151.18578680935556,-154.13331812887628,-165.69678513076957
2007-05-07,-166.5752669538122,-169.07196851302422,-169.42258456945788
2007-05-08,-162.8050154326734,-162.22278075092444,-166.36228467481143
2007-05-09,-154.20297756167133,-148.34489456772616,-152.7303356440099
2007-05-10,-163.10536817155437,-162.5839717769477,-169.97862218783766
2007-05-11,-171.47965012543767,-173.20805699702674,-173.4441039157904
2007-05-14,-168.0647765734909,-169.06472506914994,-175.39922460578154
2007-05-15,-153.6990796569413,-153.07138813355576,-162.47437323115204
2007-05-16,-137.40509309171586,-134.88110858219423,-148.95079367854746
2007-05-17,-152.93544631358006,-151.096128599185,-167.11060139606946
2007-05-18,-159.0304285597175,-157.85039254786273,-156.0751894166823
2007-05-21,-140.56666688153788,-142.27383834217048,-163.46613375728762
2007-05-22,-156.40102103648283,-158.98850522656954,-166.00415917953052
2007-05-23,-148.76755338621263,-143.54864759422844,-151.57297577179187
2007-05-24,-150.43205519289899,-147.10206008990477,-155.3300472114736
2007-05-25,-148.30547486975422,-151.85178448379392,-154.78539694552805
2007-05-28,-150.4482380524262,-151.34469476451164,-164.310467626442
2007-05-29,-161.87073206954722,-164.25167418265693,-167.91691119136237
2007-05-30,-162.80358754437873,-162.624776098498,-161.97197553952537
2007-05-31,-149.40195498906436,-151.75403130913332,-155.46537281803054
2007-06-01,-165.97616635064998,-167.95382638084027,-169.66778720975879
2007-06-04,-157.4156457560817,-161.1463356819374,-163.53836212171825
2007-06-05,-158.79499826515064,-157.29793769325087,-163.3216587862273
2007-06-06,-139.91373048475063,-142.55212794137495,-143.86484698991683
2007-06-07,-156.77953963065613,-155.49426662691803,-162.9566082721987
2007-06-08,-147.81380937302112,-153.40009371263187,-160.39928532755889
2007-06-11,-163.20541094718814,-163.54919303962447,-171.3542862399019
2007-06-12,-162.3539980312739,-166.2201768278865,-165.29121826759157
2007-06-13,-165.24910227274867,-164.29309621017995,-170.41410494767285
2007-06-14,-139.58209966285176,-144.39122929394654,-153.26866507985324
2007-06-15,-151.91425042160634,-152.4521386314917,-162.59942576167245
2007-06-18,-144.357343659656,-153.7708288201079,-158.37769187806327
2007-06-19,-147.26576442108058,-148.17913032609206,-160.81222783252073
2007-06-20,-151.07428332168473,-156.68858375223746,-157.4728086529482
2007-06-21,-160.65507620316345,-161.6206362230907,-166.9729010187997
2007-06-22,-163.09524964511948,-161.77938497451055,-165.35567027237505
2007-06-25,-151.8263709705508,-152.23410592117196,-154.10063604964736
2007-06-26,-148.60491664728792,-151.57636345154262,-162.39683494483603
2007-06-27,-153.77372047473546,-152.16843042131916,-158.51983693791982
2007-06-28,-143.48274465695812,-145.66980866559126,-158.4760091011788
2007-06-29,-156.39385101669768,-157.4929351321239,-149.86795957041127
2007-07-02,-156.17938031389073,-156.77978842420586,-155.692314185153
2007-07-03,-153.3744732480652,-156.45863729616048,-157.03230439892192
2007-07-04,-153.64481855764487,-155.19074274285583,-156.67709186122835
2007-07-05,-169.11800135474437,-167.6052240915069,-167.85586879227432
2007-07-06,-144.73177661993012,-151.20152990271066,-157.36243019484604
2007-07-09,-166.2473338565434,-165.77158476889275,-167.6771321034733
2007-07-10,-161.61772985573856,-164.3615917424004,-167.17763910082593
2007-07-11,-159.87768461586512,-160.99993008490776,-158.14552127063138
2007-07-12,-147.3388533333227,-156.99211030140617,-164.49671077539014
2007-07-13,-140.7049420278925,-144.44170629127632,-151.62789084952522
2007-07-16,-165.6763912977677,-165.03385346362316,-167.70486386184461
2007-07-17,-156.3523133221478,-156.8233748058461,-164.41016499330962
2007-07-18,-162.44006047332007,-164.44531060260908,-167.85517469371462
2007-07-19,-148.76788644304705,-151.10802971231848,-157.71256494702158
2007-07-20,-143.01848467114405,-145.78469595578676,-146.67205254190725
2007-07-23,-165.44702123350962,-166.46849430121458,-170.50953510151237
2007-07-24,-138.32696655943104,-127.21818644400034,-139.65882426116923
2007-07-25,-156.949367245377,-158.69949138412863,-164.90672772695365
2007-07-26,-159.81822603921387,-157.31172905852736,-158.43602538667622
2007-07-27,-167.73000157367483,-168.11113913837727,-164.97546912193854
2007-07-30,-143.2620820032901,-145.85798137603612,-150.2902978628967
2007-07-31,-153.2820852924901,-155.94602494602415,-160.68849816411463
2007-08-01,-154.8075849442201,-156.87430250838398,-155.32550276554593
2007-08-02,-142.27679162787095,-143.67266260731697,-157.16078674115246
2007-08-03,-153.03069001071322,-158.5522491903535,-161.25178434676906
2007-08-06,-136.44913864948484,-142.52098411987993,-151.01712335320462
2007-08-07,-147.70026256979781,-151.09018773213182,-158.68487712217876
2007-08-08,-145.47464504159183,-152.2258928508397,-158.89283898128636
2007-08-09,-164.39079285096835,-165.4082435125299,-170.42291681777922
2007-08-10,-156.61378708238755,-156.31572022036187,-161.52912931759118
2007-08-13,-148.82601920731136,-153.18333706753265,-164.4402507679607
2007-08-14,-150.05807492212475,-153.36168753268237,-158.25075353495794
2007-08-15,-151.87587411632197,-156.63972146042113,-165.52988807313884
2007-08-16,-165.24671027259592,-165.4660898322873,-168.15934541098846
2007-08-17,-151.53160970559244,-153.52135443510207,-164.8451897057554
2007-08-20,-142.67826761880656,-144.31474331569933,-158.70566555153482
2007-08-21,-135.99282901885127,-146.44483408580447,-155.99976455227133
2007-08-22,-168.1768141469317,-163.11042287494828,-165.30620830148212
2007-08-23,-150.3763168118285,-159.30350620687517,-164.17865189087814
2007-08-24,-142.07617692589423,-149.60523135480463,-154.71776732142004
2007-08-27,-151.88744809554453,-158.1636756383826,-164.85073275364692
2007-08-28,-160.27438262698695,-159.29647155209284,-163.54362013741164
2007-08-29,-135.44893140235808,-149.899011863975,-155.1958866500642
2007-08-30,-158.63602154458943,-157.62384700606134,-156.9731069823407
2007-08-31,-161.03178771692677,-157.25214807708173,-163.01047754853462
2007-09-03,-143.45618874353636,-151.71091915726385,-149.2962570621454
2007-09-04,-163.2981154755224,-164.83927983042196,-165.46548485907076
2007-09-05,-148.33743945468643,-146.8448855793965,-153.7609591868815
2007-09-06,-164.2310183388869,-161.3392278598451,-166.6888067655072
2007-09-07,-139.87001159313792,-149.9015389216856,-153.69174096157982
2007-09-10,-163.49388037389696,-161.97633228210373,-164.89289820360068
2007-09-11,-161.6569340764383,-167.73131616141052,-170.93409120981926
2007-09-12,-140.6576695731552,-150.27930205325706,-154.51316694795298
2007-09-13,-157.57489309043078,-160.8076816485996,-164.55983671907416
2007-09-14,-163.85211260241417,-162.63048838684773,-169.73242731253012
2007-09-17,-153.92279546503144,-154.1266551245798,-162.66603889057617
2007-09-18,-158.34100676220564,-163.54744806499562,-165.93152260730463
2007-09-19,-147.51327108012453,-150.4604463192985,-156.33652790030098
2007-09-20,-156.88870375742383,-162.7028474710502,-167.3474252913553
2007-09-21,-166.80056912913665,-167.00666298092236,-166.35853860564052
2007-09-24,-163.8257967272936,-166.85505099469148,-169.5116868528282
2007-09-25,-157.99067948467334,-156.1161050025441,-159.48485952518072
2007-09-26,-152.97962654760659,-158.8300780479858,-163.57838854530274
2007-09-27,-162.69831433737187,-164.9708573868493,-170.84936341731705
2007-09-28,-154.86716289537503,-156.60684995365978,-159.45424441414943
2007-10-01,-155.60381427254248,-155.36749209735066,-157.06242926050908
2007-10-02,-152.18159695672153,-155.0115547496709,-160.3583221144681
2007-10-03,-157.24097525877298,-157.32035400979908,-165.82700000069713
2007-10-04,-159.07534074265524,-159.4812864935185,-167.13830262680258
2007-10-05,-170.6680934921775,-170.1363426170055,-173.4260124426163
2007-10-08,-164.59738486001564,-165.5095407115765,-167.4178848324007
2007-10-09,-159.03537671113347,-163.76843396477466,-169.3604773407473
2007-10-10,-164.8074358040993,-168.11391848918646,-169.62927392880587
2007-10-11,-158.11094306130386,-162.05931912498792,-168.20488674876685
2007-10-12,-169.79458904193402,-170.20368717244043,-170.25625023178173
2007-10-15,-147.55963238183458,-144.16881857370177,-154.0669130318721
2007-10-16,-159.3111049464593,-164.20445165653067,-167.22142843822266
2007-10-17,-155.8761586741869,-160.1619254914691,-160.85571806671177
2007-10-18,-158.28917621386057,-155.32768879176453,-158.33349706551348
2007-10-19,-139.9529419715635,-141.14372642364256,-144.56997693969686
2007-10-22,-157.0032153257913,-154.02926951719994,-159.89203757562413
2007-10-23,-139.39355554960127,-142.4150714475078,-154.78779211270788
2007-10-24,-157.75841660718044,-160.01607626092098,-162.07219672180608
2007-10-25,-155.1667037940332,-160.53792830411288,-165.1542614560097
2007-10-26,-156.7428565947324,-159.36884493677877,-163.15476268174967
2007-10-29,-137.48479005247532,-147.61080990355669,-162.97372862069597
2007-10-30,-148.44987554248908,-145.11594721466943,-149.619441799091
2007-10-31,-142.17739055774518,-145.69111401001078,-149.98937861403812
2007-11-01,-129.68795374998544,-144.56018050468077,-144.6853615387574
2007-11-02,-169.48120004944315,-169.69004407429853,-172.9787110578014
2007-11-05,-135.50399888497165,-145.29122902478326,-155.7967288268433
2007-11-06,-168.56088251436344,-165.09881411922078,-168.34241841006738
2007-11-07,-152.43240519464598,-159.00019348541258,-159.12661894785498
2007-11-08,-171.93569041079138,-169.40310105141396,-172.9661261121907
2007-11-09,-151.1355758419541,-156.82833115462176,-160.6431759181191
2007-11-12,-146.15647295930842,-151.39425872227272,-158.17423823270738
2007-11-13,-166.89400452548273,-163.7570070020203,-164.20883475573845
2007-11-14,-153.83338137900716,-161.96075184970366,-165.6838961647648
2007-11-15,-157.35257130070957,-157.69109593797782,-158.45755649766255
2007-11-16,-146.48957248813088,-150.29552069931356,-151.44093091838954
2007-11-19,-155.83338812837573,-160.6386959433911,-164.0262492263864
2007-11-20,-147.92797221487615,-142.79863484926776,-150.18853533652285
2007-11-21,-167.28207120752234,-166.89768503759475,-169.13467728145045
2007-11-22,-159.15088211033708,-159.5390389821729,-162.77433152109646
2007-11-23,-157.2965762561924,-157.41518780109072,-156.88709309254037
2007-11-26,-154.6320096846825,-160.0377601861417,-159.6794675212767
2007-11-27,-164.45411356342308,-165.95754448073038,-165.24159458445865
2007-11-28,-140.27386367970092,-154.11627468787137,-160.02282973589962
2007-11-29,-170.80807039103158,-170.82284329587753,-173.40622579628567
2007-11-30,-154.28640772928784,-154.93104146524794,-161.12941171233987
2007-12-03,-163.55306112856965,-163.3562358924611,-160.67423187412538
2007-12-04,-163.78174406027458,-164.01038159131747,-165.80708083152382
2007-12-05,-147.52967176400614,-145.2968536028027,-158.88831521717586
2007-12-06,-154.84841400625115,-160.07436631070078,-161.06116339812047
2007-12-07,-163.74165048577186,-164.1132962177075,-171.11745142655656
2007-12-10,-152.6304937881412,-158.46845982973926,-168.89947461981967
2007-12-11,-155.99696447315364,-155.9888722899747,-162.76285116822808
2007-12-12,-159.15753144921462,-156.75965614134316,-157.6710706622918
2007-12-13,-158.78227188482407,-163.2932906240864,-160.11628090579248
2007-12-14,-164.91744986202644,-162.9740166943627,-166.7427554230808
2007-12-17,-165.40908942009153,-168.59124066983173,-170.7576337119291
2007-12-18,-151.09933296209405,-153.64399465360327,-160.76002371103544
2007-12-19,-161.09004299953955,-162.97249992287243,-170.12346059979166
2007-12-20,-164.79304193512613,-168.29323024249206,-170.01044956764667
2007-12-21,-164.00450601805602,-162.87357860502308,-162.21371911117606
2007-12-24,-168.26459701450148,-168.56305056746845,-169.99304295187216
2007-12-25,-156.17703042334952,-157.75812017505552,-161.44100520267028
2007-12-26,-165.3949536659018,-160.95022589373937,-164.84648091209348
2007-12-27,-162.21323140575376,-160.97363986226242,-163.41114953178564
2007-12-28,-157.86287185432715,-168.48778849745432,-172.25715791537283
2007-12-31,-165.29061812467964,-165.24238008272613,-166.0402007645522
2008-01-01,-151.02762210160495,-150.06798404594855,-151.4316249983964
2008-01-02,-144.59562642299548,-150.96091209151047,-160.73501915377312
2008-01-03,-167.44130442613462,-169.10284830925173,-170.45871800642695
2008-01-04,-150.49327328436124,-153.6853787836601,-151.83439169728314
2008-01-07,-163.9246787367167,-160.42332031083654,-166.27495358838473
2008-01-08,-149.09425761158457,-152.37939807811375,-159.4296584145867
2008-01-09,-148.88149887823434,-153.435630850478,-157.10925593531076
2008-01-10,-159.52194332413433,-160.48957148347318,-160.42397361888587
2008-01-11,-154.19248012703392,-152.8746360539121,-159.47595800367287
2008-01-14,-157.264687615716,-154.34221463656357,-158.6798504721614
2008-01-15,-164.35693784875642,-164.88900926728226,-168.4822118130268
2008-01-16,-158.0514726787417,-161.6124649519727,-167.59507700986717
2008-01-17,-155.7248539652051,-157.5348397411044,-164.65292463088855
2008-01-18,-132.84440670938693,-138.5692398866662,-151.52711988270107
2008-01-21,-151.8487564031889,-152.69689386512093,-159.49897275848537
2008-01-22,-158.38146901122371,-160.7492066017973,-164.46159849568946
2008-01-23,-141.86581274025448,-148.29414557023426,-149.95665353885352
2008-01-24,-133.49129120542761,-132.7526501573753,-137.71106849550281
2008-01-25,-142.0278388967953,-152.40222966607408,-156.4849705046614
2008-01-28,-167.6581056833673,-167.81817571498237,-170.10975534467343
2008-01-29,-157.43671379458866,-159.72358395032654,-163.4723989740487
2008-01-30,-166.53807877889193,-163.99733932085732,-168.58716150742615
2008-01-31,-168.5035250903006,-165.46630804912547,-167.7293104890423
2008-02-01,-165.97342779268567,-167.90683137486852,-166.87159727072503
2008-02-04,-151.7801130192368,-147.03482993200856,-150.7334951268838
2008-02-05,-137.47223155661135,-142.8938119745748,-157.262441270942
2008-02-06,-149.7383851853246,-155.0064223194991,-162.56064050459915
2008-02-07,-141.44570286787192,-154.80901681469342,-160.89691063182482
2008-02-08,-143.4487167200336,-149.73208780206102,-154.9811912006116
2008-02-11,-163.4932665589266,-158.10984368576737,-161.57962360801687
2008-02-12,-151.2356006615009,-155.94244129266718,-156.3861399217286
2008-02-13,-157.60813501230814,-157.12586610746789,-160.95659617110957
2008-02-14,-124.13667102956774,-145.4643588786636,-150.07620881837914
2008-02-15,-126.52193807173366,-147.19998985060283,-151.9527470959984
2008-02-18,-157.34937671352023,-157.9680557777149,-160.2236211066718
2008-02-19,-148.372233647399,-154.29039856718245,-163.79035164809136
2008-02-20,-132.57302045767284,-150.79692677267576,-162.13358602955594
2008-02-21,-152.9518004127881,-156.26581507428787,-161.93270726799685
2008-02-22,-155.0426131636058,-154.68033595816007,-157.25414334739708
2008-02-25,-130.0611059083198,-143.25990974251528,-153.22330343722058
2008-02-26,-157.42687210676203,-157.10781189012621,-160.8163830206654
2008-02-27,-145.30352028791975,-157.67310142657058,-158.46566529672927
2008-02-28,-139.86416884681512,-141.69102513091627,-153.02873724441784
2008-02-29,-143.36022422745424,-156.53567391243092,-156.8855845978906
2008-03-03,-160.42969481608424,-157.4310854868401,-159.09907179834903
2008-03-04,-144.597294038217,-154.28212818564936,-154.38831683948726
2008-03-05,-151.1328251109705,-154.2684421316235,-158.14335619601974
2008-03-06,-161.37776582918374,-159.41282904604282,-163.73049190023926
2008-03-07,-165.54966264156974,-164.39987671414917,-165.8865284628156
2008-03-10,-149.02218551869078,-153.68776197651212,-162.29978313087906
2008-03-11,-139.8819046868844,-141.39423126186853,-146.96072479022092
2008-03-12,-148.82762737385403,-148.87607699612585,-153.6016037468527
2008-03-13,-154.74578678786432,-158.5915445094126,-163.47585734859373
2008-03-14,-164.6416205991903,-164.06632010068216,-167.01216050202865
2008-03-17,-165.3293911474353,-166.22756922456844,-168.6985182939293
2008-03-18,-158.98523777988515,-161.05440347578423,-164.40751018864603
2008-03-19,-169.0234629626187,-165.70771227691498,-172.387292442591
2008-03-20,-156.75412910564557,-158.83967475490212,-156.22245659089614
2008-03-21,-162.01943692121154,-163.0961329690886,-163.93199823394923
2008-03-24,-166.05206111196773,-165.9777233345823,-168.6852430013871
2008-03-25,-155.97893132382814,-157.1043676059235,-163.93015286373281
2008-03-26,-168.0865498808678,-167.44880315299085,-173.71960990459928
2008-03-27,-149.8416631450123,-158.54401123752788,-161.4387881690276
2008-03-28,-150.61198144349677,-152.71469596039796,-157.88608379178314
2008-03-31,-159.67785537507365,-156.61591769288668,-160.14690235656911
2008-04-01,-155.79007454863583,-158.53440834108835,-161.29107750331545
2008-04-02,-141.50011723791383,-145.188148738962,-155.04441529564087
2008-04-03,-161.49958340292204,-163.3427800336377,-163.16519611163727
2008-04-04,-146.6312032397274,-151.51015265118014,-147.74446980862993
2008-04-07,-164.17559241557987,-161.67858336367206,-165.4283119134434
2008-04-08,-152.03027806005375,-155.7958873030043,-162.338951756551
2008-04-09,-144.0270360436543,-154.00800952704878,-154.15999183782338
2008-04-10,-157.19776174642368,-155.5678636277108,-153.81828430732685
2008-04-11,-145.3096205915954,-149.27154700863997,-156.3220721824294
2008-04-14,-171.24964459280469,-171.14303512604133,-171.41887959041208
2008-04-15,-162.66622250813137,-161.73773410687735,-169.02655833499932
2008-04-16,-165.44498954493497,-168.12213761013746,-171.20853420927017
2008-04-17,-148.71034775435191,-151.57491511803963,-156.52672485860376
2008-04-18,-165.5449584049488,-165.43152958730604,-167.18393189564094
2008-04-21,-160.61780315492223,-161.20059172609805,-166.87173599400595
2008-04-22,-152.49535996798951,-152.0500205878584,-150.6961844983325
2008-04-23,-163.8731666807979,-159.9152816440974,-162.97773784466017
2008-04-24,-145.1543339055985,-141.42892329194387,-149.90950426174675
2008-04-25,-165.18652035478388,-167.706508257229,-171.15016335250237
2008-04-28,-151.0669208131742,-154.2496534713562,-164.404663501408
2008-04-29,-160.14439148279465,-157.17636318887259,-163.01249636663164
2008-04-30,-157.37687257383755,-157.3734630464967,-166.557476759125
2008-05-01,-164.46329564432338,-166.24458084840373,-168.47350702648342
2008-05-02,-165.26085128283427,-169.20491296846296,-174.45441149932432
2008-05-05,-140.50855181661458,-133.884676087615,-146.3236985803471
2008-05-06,-155.84122177202892,-158.61797351938208,-161.12824363402584
2008-05-07,-159.50645896531177,-168.41215191178728,-171.9139679264332
2008-05-08,-165.57302515241798,-170.41337913211345,-168.64788119999986
2008-05-09,-166.4134827836942,-166.7465750339111,-171.63760943619116
2008-05-12,-159.33204565873413,-165.5185968240565,-161.2877503271093
2008-05-13,-157.27960320520805,-158.80366815136955,-162.3434326733024
2008-05-14,-157.1196730536321,-153.18771896030796,-161.88055998311177
2008-05-15,-151.46131355468694,-161.7749834446174,-162.51216689143575
2008-05-16,-157.00235191779512,-164.44135741076087,-169.29141302667932
2008-05-19,-160.89022669537238,-162.60153505045488,-166.47584244727364
2008-05-20,-157.8250098877215,-153.9474581922953,-161.80900118269517
2008-05-21,-149.27846803131115,-157.84543355830357,-163.03124458878662
2008-05-22,-156.13503371638228,-160.3129242607197,-165.88221300871948
2008-05-23,-134.9378633821885,-139.60271248079383,-158.47006751796556
2008-05-26,-154.97147463331208,-157.85485072278124,-160.234755176316
2008-05-27,-156.43636964796852,-162.41498901148046,-166.13962461928946
2008-05-28,-164.72355906277284,-165.37396226500456,-165.10422556199717
2008-05-29,-159.65050155323559,-161.73124919124658,-166.60820229233798
2008-05-30,-167.34740798175017,-162.8870336035602,-165.10793113538602
2008-06-02,-149.59884882865575,-152.2794002803132,-163.70517719982564
2008-06-03,-165.1502354762198,-167.44449798760488,-174.23998836430317
2008-06-04,-163.054494528449,-163.057972253624,-169.32747869505144
2008-06-05,-151.08483814539187,-151.56763521068797,-158.5747751186228
2008-06-06,-155.3744536596097,-153.77542971632772,-150.96142432939706
2008-06-09,-157.81092450375846,-151.5214832413419,-153.44969103361004
2008-06-10,-144.41992464191054,-153.25067806715037,-159.18494812383761
2008-06-11,-137.55654289159327,-144.30170590000793,-145.94788957765405
2008-06-12,-148.95319372296726,-151.8294289993875,-159.17998435422277
2008-06-13,-161.38622999948205,-161.52134563321806,-166.38528678467694
2008-06-16,-141.9103378093018,-151.19157936154738,-159.78964360458644
2008-06-17,-156.3968658109312,-155.30813079977997,-162.1562502390371
2008-06-18,-164.87964801089083,-167.02881406475203,-170.03986262254537
2008-06-19,-157.8961797334253,-159.15072706564595,-159.7895546883469
2008-06-20,-162.54991903054406,-163.84375688555934,-164.77121886639037
2008-06-23,-160.30263512461872,-154.85424905701996,-162.04640267614187
2008-06-24,-157.85822022217477,-159.97067377323998,-164.4670003190176
2008-06-25,-150.03971080268994,-153.63366864562093,-158.6410402531749
2008-06-26,-153.5964819539859,-150.52861726818853,-161.47250742935205
2008-06-27,-160.88743116081983,-163.35083357857556,-168.77942809373192
2008-06-30,-149.88614209660238,-145.47058860003668,-148.66704523711007
2008-07-01,-152.47351960967637,-156.01915214809534,-163.44839252196851
2008-07-02,-165.43159705486036,-165.6489536686857,-168.25662150371824
2008-07-03,-163.50681517889183,-163.2824598559633,-165.3868326901897
2008-07-04,-149.14643764546207,-152.53363091807046,-162.3556654832808
2008-07-07,-160.00473760422383,-162.46050404499078,-168.44393148484872
2008-07-08,-136.0780483624282,-134.97797231211854,-148.18261368873655
2008-07-09,-140.633953260855,-139.49487204315218,-147.47775199983604
2008-07-10,-139.69268261693682,-146.44511851327124,-162.926194985782
2008-07-11,-166.71938388936462,-164.43095257363825,-165.5915196188738
2008-07-14,-150.92868830386323,-159.24173023744055,-157.9483079014523
2008-07-15,-163.1249167853217,-162.10218035779985,-161.73056454873793
2008-07-16,-140.57317080920052,-142.38152468611582,-151.19208240671526
2008-07-17,-165.98410826646992,-165.94849633041062,-164.97126006062223
2008-07-18,-166.53101063009063,-166.51258367019358,-171.19302182812157
2008-07-21,-145.39919179591317,-149.87187281986715,-150.63480483554855
2008-07-22,-159.54292946354488,-159.5721906493413,-159.97298351527465
2008-07-23,-152.82684875588475,-154.48231288128756,-158.20477367450673
2008-07-24,-167.1387705091448,-168.98476779841144,-168.89700732121875
2008-07-25,-162.6584639831355,-165.5691952905192,-168.87823581886332
2008-07-28,-164.18473653921473,-166.6923899909013,-171.25045474344088
2008-07-29,-164.09854199760144,-164.06216105338774,-170.30576752306004
2008-07-30,-152.20680454760492,-153.52480836681417,-159.9534057186576
2008-07-31,-144.77855253088097,-146.31282196221773,-156.9540380321415
2008-08-01,-146.110206136331,-147.86717010467018,-152.00246798116993
2008-08-04,-164.628929767505,-162.2993735887794,-167.68190299202303
2008-08-05,-167.28825779781243,-169.05831141502966,-170.2096037336217
2008-08-06,-159.21120225852246,-155.9251248054637,-165.41057459167922
2008-08-07,-157.2525385715295,-159.8047450151029,-164.35834168193708
2008-08-08,-160.48632150609384,-162.92592904266675,-168.25693472424908
2008-08-11,-149.92641037650492,-151.435978851392,-161.9187315533274
2008-08-12,-161.23926838101482,-162.6561599838153,-169.085702387623
2008-08-13,-171.6573292226239,-171.2837258711228,-174.78936679576827
2008-08-14,-165.48455622925553,-166.14183463134958,-168.8561011097508
2008-08-15,-163.63807057452723,-163.37909349031418,-166.29995592552038
2008-08-18,-164.46329252227346,-162.80454397635086,-168.30191717505807
2008-08-19,-146.94000011174236,-147.4868695647994,-156.53696308109534
2008-08-20,-140.32597415585144,-139.99967676611698,-150.7253843441917
2008-08-21,-173.2665685907252,-174.41397531240963,-176.59562871202857
2008-08-22,-154.10694804001898,-156.26027699220296,-156.93797359271667
2008-08-25,-160.80912360024024,-164.32539296318004,-168.251448782388
2008-08-26,-162.98856452520258,-162.7900829589078,-163.33562464961324
2008-08-27,-159.89111685850048,-163.8595103401125,-167.3618159240323
2008-08-28,-164.266479412431,-166.26100971115238,-166.18929830060745
2008-08-29,-171.23668862263216,-173.0050226534181,-176.02920420528028
2008-09-01,-168.5383572657479,-168.63117034542714,-166.10540316194732
2008-09-02,-168.67055247750184,-168.7038900062556,-171.44305278746333
2008-09-03,-159.32558469356928,-158.9677104640135,-162.66735119552962
2008-09-04,-157.3523329891855,-161.72996026134126,-168.53863365862358
2008-09-05,-162.06533193090337,-164.94975160160155,-163.2653432599516
2008-09-08,-169.73571804620366,-170.62613442577097,-176.74489423641177
2008-09-09,-168.14205818193457,-160.18825827829656,-162.03388962923378
2008-09-10,-159.10616822921858,-159.46799087463515,-167.39032770643288
2008-09-11,-163.82829220947286,-164.94047611675353,-167.31607746081494
2008-09-12,-166.88025531533677,-167.0907009195471,-169.8001889723115
2008-09-15,-167.1384674420712,-170.87030831936258,-171.17693934041117
2008-09-16,-162.39293377333553,-164.5185652937329,-164.460965963207
2008-09-17,-146.10522428654326,-145.7210031365282,-151.45290848784444
2008-09-18,-172.65626790861992,-174.71566722850966,-176.50316797631282
2008-09-19,-170.2726100903256,-173.41296682380462,-175.6956493391067
2008-09-22,-161.83562206645877,-160.6277630777628,-166.86407894919716
2008-09-23,-166.3478230319589,-170.84738529773628,-171.7134028064068
2008-09-24,-151.67876499670123,-154.45058033371566,-163.02241611242596
2008-09-25,-146.25623323682316,-147.50850963018843,-156.55556829549695
2008-09-26,-153.45645904006847,-149.55321193205455,-155.8771985655532
2008-09-29,-168.01345303361398,-170.75283891832356,-172.65290000274882
2008-09-30,-154.17709376354372,-156.61955884096187,-153.91333692093744
2008-10-01,-156.39896514701041,-158.59088093133843,-160.15965310575464
2008-10-02,-163.88795048935395,-165.27271338436555,-166.13279435329684
2008-10-03,-153.31374592025887,-149.31470547251186,-154.55848588241298
2008-10-06,-164.0417811624545,-165.17760773161402,-168.80224309603406
2008-10-07,-160.4567020725209,-163.83215485607985,-160.35429777436573
2008-10-08,-164.98200049601246,-167.005095004948,-170.86860237176887
2008-10-09,-155.8661322112598,-154.6030562163167,-168.45412608926839
2008-10-10,-150.67474839662103,-148.90343558838427,-151.13061845324694
2008-10-13,-146.88711420209168,-147.26725721274065,-155.14008291029415
2008-10-14,-158.7747772698272,-156.53506606164058,-157.05540277863813
2008-10-15,-157.27534514311918,-160.42053092701823,-161.02662660440322
2008-10-16,-151.66311543937664,-153.76015569746667,-158.84935846360023
2008-10-17,-156.0873435463895,-160.99588902384778,-163.63788844937653
2008-10-20,-151.11420328817294,-156.08239181729425,-158.1949889430252
2008-10-21,-159.52067949199142,-157.2464138167055,-163.4915237758239
2008-10-22,-140.1213560736449,-152.00331159066573,-152.58423844679928
2008-10-23,-170.14365156077258,-169.0121284483811,-171.13731369928652
2008-10-24,-160.7217720063635,-160.75486378115565,-161.07936973990746
2008-10-27,-151.45324134269032,-152.4519253538772,-161.44520185739637
2008-10-28,-158.20539597664498,-164.57859329486814,-167.03412864127688
2008-10-29,-161.4664752125818,-166.87616164409437,-170.96575750454693
2008-10-30,-164.19664447024007,-164.26110044042906,-165.39420098029393
2008-10-31,-142.88492689732834,-149.43503998003047,-160.48464744636237
2008-11-03,-164.25042147693313,-166.30844922713746,-168.0168016816186
2008-11-04,-142.384468639976,-143.72672289932734,-155.91159439725172
2008-11-05,-161.0559167966463,-167.02896456568016,-169.55617326081753
2008-11-06,-162.67742495738898,-168.26455833654708,-168.46647911008452
2008-11-07,-160.17214633106866,-156.02838881401172,-165.10801626954736
2008-11-10,-149.1166280989541,-146.2039302646075,-162.1385893636227
2008-11-11,-169.9702144221916,-167.62275785414195,-173.0910341780212
2008-11-12,-165.15839918187874,-168.9405142152831,-171.34231011350036
2008-11-13,-138.92856318000707,-139.2145077591209,-150.5071074354073
2008-11-14,-159.56098558392213,-155.99274076861232,-168.20788569793183
2008-11-17,-153.174534865997,-155.95548596352273,-161.73349244807957
2008-11-18,-151.10201376603885,-158.77991654413634,-167.12182099828038
2008-11-19,-137.76843183085313,-123.65150979456301,-141.48443350599103
2008-11-20,-140.4249494064207,-141.66745573680012,-153.31160064237372
2008-11-21,-156.70922538838977,-159.3975665791043,-159.28851819888163
2008-11-24,-156.4572326997732,-158.954052805328,-156.10053544326152
2008-11-25,-159.14084492288455,-161.09514139281248,-164.9427714726591
2008-11-26,-160.73906462131995,-161.26576129708053,-167.4712525520938
2008-11-27,-155.42369470447338,-150.86525584612372,-158.1045056506376
2008-11-28,-164.93649543375673,-164.96154842414745,-169.3775553550548
2008-12-01,-158.54714924237982,-155.29621211441327,-159.41134725108478
2008-12-02,-151.0028957809581,-156.5204877202287,-158.0037330745981
2008-12-03,-152.75196079647228,-156.05537749114796,-159.7448337278005
2008-12-04,-112.7817074092638,-134.352234846954,-151.0118784587196
2008-12-05,-144.5063337686632,-156.02503075844345,-156.0757305189909
2008-12-08,-139.1005665570328,-153.7657490160172,-155.41195448374492
2008-12-09,-141.45773767270944,-141.03459005630805,-151.45101119549625
2008-12-10,-163.37801323051582,-161.20970942006187,-169.6748038420327
2008-12-11,-148.6676527928668,-155.52177482467417,-163.13900067633762
2008-12-12,-133.77251630579366,-148.011396441414,-153.17619535577725
2008-12-15,-114.69312347587146,-144.09857805554438,-154.5034701920607
2008-12-16,-144.33514110209143,-155.655206610574,-158.84539259414672
2008-12-17,-114.84063647653963,-143.62485329242318,-154.48035566242046
2008-12-18,-136.54136031745162,-146.499332794444,-157.81402479210814
2008-12-19,-160.4238041424101,-157.1603304969818,-161.89195793527347
2008-12-22,-157.13659973682672,-158.6448202021685,-165.21966386582528
2008-12-23,-151.308311965193,-150.24312655636876,-148.58897111628227
2008-12-24,-133.0645890742993,-152.74370013259733,-155.76012606854047
2008-12-25,-143.70320881612,-156.1169607040182,-160.01485032811973
2008-12-26,-141.99940785018416,-141.60652149171557,-146.69699057354245
2008-12-29,-147.37287009258918,-146.82196293722623,-147.47172204367504
2008-12-30,-156.77762021401043,-154.83147296837373,-158.1154258778801
2008-12-31,-158.35134241422986,-157.59506937061107,-162.68435023603197
2009-01-01,-131.51678486847032,-138.6880178807054,-146.16649816255207
2009-01-02,-127.52069725327664,-140.76064356011398,-151.4676794552738
2009-01-05,-155.2627239692888,-150.40095794158205,-157.23323371665873
2009-01-06,-146.53132816723888,-152.48360508128067,-153.94429317927765
2009-01-07,-154.39379719342537,-155.67834711092956,-165.85100190610885
2009-01-08,-119.59051165218915,-149.44035863974716,-150.21218013847727
2009-01-09,-121.32618487768704,-144.95500427508665,-144.6418227825611
2009-01-12,-149.53400597102214,-156.43461785178565,-159.07294518677674
2009-01-13,-146.18477467461565,-154.57346352561896,-160.21977835756346
2009-01-14,-155.60566576159442,-148.7584166289714,-156.1975281404924
2009-01-15,-149.80972893408267,-150.13165470587438,-154.44468861118617
2009-01-16,-138.6007691984067,-145.4876860899738,-155.1644901771421
2009-01-19,-149.90297388738887,-150.7242635828226,-160.416170141641
2009-01-20,-139.8701101243264,-141.31522946976608,-149.5766855034097
2009-01-21,-123.3037999843949,-132.25858692222857,-141.1472212566272
2009-01-22,-143.13130702458687,-149.10846416484932,-148.1619344078229
2009-01-23,-153.53375150285774,-151.9675590919925,-157.7562786810634
2009-01-26,-167.94222367001404,-161.5056051740798,-166.19206601455895
2009-01-27,-157.84612510498022,-156.51157664000377,-156.77776795854606
2009-01-28,-143.75638401368587,-143.17573652103704,-143.92891224706142
2009-01-29,-146.63140606669256,-151.26050932541,-161.80966812857332
2009-01-30,-147.9566534486985,-152.26688584356322,-151.68791674440732
2009-02-02,-152.56165601850958,-149.78566178123788,-153.99579082195177
2009-02-03,-147.99705341441359,-150.8836057916135,-157.09345886238128
2009-02-04,-153.10744814131652,-152.0056500627378,-155.93837751118778
2009-02-05,-128.9613373332749,-141.12623163020834,-141.96483889157457
2009-02-06,-154.3958822039616,-159.3248494758841,-157.4446148487264
2009-02-09,-158.02712973723266,-156.10363557159312,-157.84210114345245
2009-02-10,-157.48397146733168,-157.11738453393204,-162.68564841702184
2009-02-11,-155.80551547963688,-149.7180086374079,-159.48952855411582
2009-02-12,-143.54529243493107,-151.38089747360152,-159.1420835112615
2009-02-13,-148.60812124555787,-150.56419281601538,-153.51526801709088
2009-02-16,-155.49689460192832,-156.9653794347757,-158.73183430094
2009-02-17,-145.14358829377971,-157.30186553736343,-160.42041586400367
2009-02-18,-163.97505611738217,-164.4631773437811,-166.9123594145718
2009-02-19,-157.39877363138638,-160.49345364028528,-160.5283311707481
2009-02-20,-151.89358370565154,-151.01010792194563,-153.6287918045865
2009-02-23,-124.91088693449124,-142.69632416182512,-156.60387561066975
2009-02-24,-161.63097363931607,-164.18387138797272,-166.72068697365566
2009-02-25,-138.84700977240303,-143.24923835601166,-143.92843831163245
2009-02-26,-121.78299164463695,-139.14906356643374,-149.5713543574631
2009-02-27,-142.20261498257645,-145.7092504151387,-147.01455006505498
2009-03-02,-149.8754014890498,-151.14697254067,-150.13828707678132
2009-03-03,-157.47045384029582,-157.47472264955982,-158.51831113778297
2009-03-04,-155.47132103953737,-158.60818967054396,-157.8980294783734
2009-03-05,-159.09147750880967,-158.10493838646187,-164.41712122958864
2009-03-06,-152.60843384542102,-148.33152450481256,-149.9946449113396
2009-03-09,-138.79828181418094,-141.6068045358716,-147.2496179635613
2009-03-10,-157.3021179970888,-155.28877220725133,-156.68566842639436
2009-03-11,-143.23010763757355,-151.3250795721202,-156.44250627567573
2009-03-12,-167.31202231695815,-163.23093633987483,-167.65633526040884
2009-03-13,-150.12155950305637,-152.33387307005083,-154.92662312194966
2009-03-16,-108.83889597049874,-126.58119375696191,-145.51273695108029
2009-03-17,-76.0490438825109,-123.82603850335136,-148.0097767563753
2009-03-18,-150.91109191372038,-153.72781897034184,-154.41925331894856
2009-03-19,-155.26642131557333,-155.00922619470174,-154.86456298165044
2009-03-20,-158.1333806625705,-157.29107269058287,-163.23395165949543
2009-03-23,-149.62966063969156,-154.4178634473094,-158.4950764692037
2009-03-24,-133.397019043449,-139.5283758410901,-147.46001825820977
2009-03-25,-135.22999305236755,-158.10292158891988,-163.23253409724566
2009-03-26,-140.70224811694067,-142.7928186650087,-153.03649171528227
2009-03-27,-138.8747592198912,-147.5649694722375,-154.22943208319793
2009-03-30,-161.8098781525622,-157.15327093765583,-161.87322415079524
2009-03-31,-150.99168227719179,-148.40512118832277,-147.95736592793793
2009-04-01,-162.23600524358108,-161.8976752188651,-167.12138466409667
2009-04-02,-114.4337091025438,-133.43539119472644,-151.36204083642644
2009-04-03,-155.66619483942569,-159.59167470394829,-161.41524742154078
2009-04-06,-154.91774434007687,-159.27271350253153,-159.7219433721165
2009-04-07,-167.9240481459649,-167.48752812709108,-168.48121477818026
2009-04-08,-151.00105968605106,-154.9740776370275,-149.86980490068282
2009-04-09,-158.0268051985944,-161.51974794065796,-167.4552498199954
2009-04-10,-160.5370730192018,-161.81837703282883,-165.23645739217739
2009-04-13,-167.76592686657517,-165.93736604135742,-166.6804803078673
2009-04-14,-171.85886927274473,-172.59710274563272,-176.27552510590917
2009-04-15,-151.09100383575918,-147.90928878484706,-149.75896739532547
2009-04-16,-161.1155058999832,-163.57288994639939,-163.43518645852123
2009-04-17,-164.4763140100386,-165.51296499627324,-165.80887921281135
2009-04-20,-155.6536093885249,-160.48606206403653,-162.43180566473444
2009-04-21,-159.68031642197613,-165.08870695334133,-168.49772092605886
2009-04-22,-153.0785103745786,-146.6079379167654,-154.59034099269132
2009-04-23,-162.38334597616944,-159.4450874803189,-161.75235320686986
2009-04-24,-164.63878232877084,-167.8212655123142,-169.88483709504393
2009-04-27,-156.480321365818,-156.47095527109025,-162.37278888548568
2009-04-28,-156.57639782439227,-159.2671199569528,-160.94306571915462
2009-04-29,-164.89968101493864,-164.2682970830544,-166.87887882875265
2009-04-30,-159.3214071236915,-161.2743290902028,-161.6520857439685
2009-05-01,-168.34445168221134,-168.95202780340855,-169.95312607638252
2009-05-04,-155.23871582103365,-151.45980206852434,-162.5854311690232
2009-05-05,-166.5663506886477,-169.8049487092347,-171.84527902733868
2009-05-06,-155.62402194724157,-150.68034266669414,-154.0879478927325
2009-05-07,-166.91237981951798,-167.2274707305915,-172.60254403552946
2009-05-08,-151.9416715561576,-153.62626276250515,-159.46783147173622
2009-05-11,-165.5251346020599,-167.691046364625,-170.08359008124194
2009-05-12,-168.51446707426925,-171.45423906188702,-174.129636782397
2009-05-13,-160.5791968830706,-163.08600746414004,-166.4205050722318
2009-05-14,-169.33364574299236,-172.7703160849912,-173.32808681964235
2009-05-15,-156.71462200924728,-164.95553833856684,-168.3103073072832
2009-05-18,-163.54789819407807,-166.20980719949418,-168.87513001710366
2009-05-19,-150.46030506311791,-151.66034757241852,-158.2778792970741
2009-05-20,-170.86044744086593,-173.01744002309647,-174.95291724730993
2009-05-21,-145.29017879252538,-147.60098247887888,-153.43128086374287
2009-05-22,-153.3124816776413,-149.5842143594291,-151.35899620731664
2009-05-25,-160.74427481958864,-161.1306542244571,-168.130068476222
2009-05-26,-160.61051538221693,-159.59365387812528,-168.10683958498947
2009-05-27,-163.03778703045126,-164.0799000287377,-167.43207418707988
2009-05-28,-152.0101121721117,-150.44796310706656,-158.3229636337058
2009-05-29,-151.72364680974812,-148.95569797604117,-152.06886038628866
2009-06-01,-170.98658025111024,-171.7629587825765,-173.85292568013574
2009-06-02,-168.1235375392581,-172.10957784899574,-175.02625319558183
2009-06-03,-167.64955543987242,-169.14499693997666,-173.83755568373368
2009-06-04,-140.09165476479558,-140.65431974811202,-143.58798688776784
2009-06-05,-168.87414287510174,-166.34750498178914,-170.46319585327677
2009-06-08,-156.48032780119712,-157.37731081674323,-158.76835990280813
2009-06-09,-159.2594972411763,-157.2356108331788,-161.8936680751771
2009-06-10,-162.7991353432924,-163.6695394558488,-172.40022600900272
2009-06-11,-154.74310348538083,-157.99956028621006,-163.98707585380927
2009-06-12,-156.41871455141805,-159.53583148266083,-159.73680599832474
2009-06-15,-152.6316581425468,-155.63702519749464,-158.8081103781833
2009-06-16,-167.42619313355027,-168.47639230944225,-167.98083163754188
2009-06-17,-158.87172213980983,-156.90736166078779,-163.95204309355265
2009-06-18,-162.28545066390413,-164.76130102007036,-168.04713134181458
2009-06-19,-150.97602078230426,-151.18968838553585,-160.670092568966
2009-06-22,-151.63940226024076,-157.61601812226854,-161.1549539981958
2009-06-23,-135.50705697121538,-135.3829684604034,-145.06068390582737
2009-06-24,-164.74021814972787,-166.67304519617738,-168.95412877194013
2009-06-25,-165.48252906713637,-169.31246330519923,-174.35974660924566
2009-06-26,-159.36036280695308,-156.1980401699702,-165.7963639998544
2009-06-29,-152.03330218298,-149.49924388892444,-155.57923386655932
2009-06-30,-169.72940238488226,-170.4183205122314,-172.23129222755313
2009-07-01,-146.7981338492926,-151.42769868696445,-154.25292103575413
2009-07-02,-160.06975076320538,-158.5059958881223,-162.90868279533274
2009-07-03,-157.06170836630133,-159.08439571862255,-166.42184509927014
2009-07-06,-157.66304919415052,-161.12447206958672,-161.63575843624747
2009-07-07,-161.29213173250324,-164.0685391460816,-167.6340878445709
2009-07-08,-157.63398504028396,-164.86422821582087,-169.99092979900234
2009-07-09,-152.92265522360753,-155.74702108753988,-168.02420847938052
2009-07-10,-144.41666398634214,-148.26526290054466,-148.84796172992418
2009-07-13,-152.85502100146343,-157.26484981518124,-161.82520983947649
2009-07-14,-147.10980097603488,-154.59064907188304,-162.11909101422998
2009-07-15,-167.15035209427086,-162.621711524962,-167.5351429168965
2009-07-16,-139.43933997052,-135.70095125535073,-149.91164909368138
2009-07-17,-151.66411188019927,-161.24143636664,-161.24862281723463
2009-07-20,-156.40572237762643,-157.90446970842768,-159.14081372614487
2009-07-21,-159.61370200049112,-160.32000785145584,-160.2338672273155
2009-07-22,-149.26235769831598,-155.3022448482008,-159.1773591477164
2009-07-23,-157.69982179527514,-157.95369138212016,-158.28136272568656
2009-07-24,-157.52432364732786,-155.7144305577406,-164.62364188596115
2009-07-27,-167.91225408648336,-167.09985117539327,-168.67091040394683
2009-07-28,-126.31039934593473,-133.10909430542625,-154.0692696407959
2009-07-29,-138.4552834665249,-142.01188570308244,-161.94421414545866
2009-07-30,-126.79331695266903,-132.43515155357812,-149.55536336500003
2009-07-31,-150.00818144481784,-160.2647304058791,-165.0272729687818
2009-08-03,-164.01961588943533,-165.5723153390457,-168.32912545522333
2009-08-04,-166.2812152025892,-163.42088036540028,-166.39082356548514
2009-08-05,-136.21076861823227,-148.45339147258963,-163.37963413684264
2009-08-06,-143.47243077871835,-147.67623438854048,-155.48717537846952
2009-08-07,-165.04406244116603,-158.66143288549415,-161.75373665994283
2009-08-10,-133.36999501109386,-137.65091698210077,-151.28891975507483
2009-08-11,-143.73967195825495,-149.54390702725863,-160.5443616959443
2009-08-12,-164.76163634176783,-166.02617860285932,-167.3861716226991
2009-08-13,-153.36732422708147,-154.55194461983677,-161.15625687904148
2009-08-14,-140.42149377517637,-148.1282403706641,-152.917455756554
2009-08-17,-150.15670323478292,-151.2753054016269,-158.74198839626933
2009-08-18,-160.2271226333715,-163.08086071453226,-165.33004964718984
2009-08-19,-160.45864884547626,-160.83251999849415,-165.36563103331414
2009-08-20,-161.0949332609126,-161.7976996476361,-165.58925595279007
2009-08-21,-163.2350552760259,-162.72943360876042,-167.20942766038738
2009-08-24,-144.28683026644387,-142.83907050122917,-160.6852525954467
2009-08-25,-151.71361300378805,-154.96666668196005,-164.71011428925496
2009-08-26,-160.00452346916887,-163.37697745393754,-165.08807192408008
2009-08-27,-162.73863002519732,-167.7823375621764,-166.4235013969859
2009-08-28,-161.2396234493495,-162.68457999640592,-161.04922212328444
2009-08-31,-160.47175462523245,-160.5892109233159,-161.53497908487492
2009-09-01,-164.10298368355407,-170.04108153856538,-170.7458462722206
2009-09-02,-164.3176827868551,-163.00914767191503,-160.64165149145407
2009-09-03,-158.1064328810592,-153.74110941134452,-163.16482481435227
2009-09-04,-156.64112849547467,-155.89543926518675,-164.3186797307468
2009-09-07,-162.85517853706375,-161.5159044966143,-163.98857082327396
2009-09-08,-156.09158348351693,-154.8005545557351,-153.5674635375972
2009-09-09,-162.320253265397,-161.8168897960277,-164.70401952676664
2009-09-10,-165.45062983736065,-167.8402858898506,-171.64276138388462
2009-09-11,-165.46524438230574,-166.41077706523475,-165.43582798438777
2009-09-14,-164.7218713035072,-167.6651303721631,-171.04247593577912
2009-09-15,-166.30581869763466,-168.52897518752468,-172.13133621317795
2009-09-16,-155.93396490551916,-158.4213463197569,-162.13742189911065
2009-09-17,-147.938953801888,-145.78536086684403,-158.93778348212714
2009-09-18,-158.58006163990026,-157.9153236368567,-155.79490275657767
2009-09-21,-148.1315955047715,-151.4116429688587,-161.85843159126583
2009-09-22,-158.86237847098124,-157.17205542617398,-164.6358812251333
2009-09-23,-145.7733243646082,-146.16794382111271,-150.1822380256507
2009-09-24,-159.15562922497338,-162.5285891833751,-159.69962479785684
2009-09-25,-147.73099807806432,-151.97469558305423,-152.06724336605356
2009-09-28,-162.4944263872816,-163.8522302556138,-164.60645926441236
2009-09-29,-168.32368154326065,-172.2416808774688,-172.10464143140015
2009-09-30,-153.9343984389946,-151.51175721611972,-156.64062938301205
2009-10-01,-161.2442391611492,-161.31346260704322,-168.97008019349542
2009-10-02,-162.9076212679958,-165.7499657696958,-166.2477997633146
2009-10-05,-156.40537558708905,-157.05916235908472,-164.79268597501448
2009-10-06,-160.59793447787698,-165.08396477530837,-164.46729915372296
2009-10-07,-143.54656583308602,-139.70727976940998,-152.7513713613365
2009-10-08,-170.07897050216104,-173.25144063541288,-175.74679911464744
2009-10-09,-161.08186091227,-164.22383546968433,-162.24632403557692
2009-10-12,-152.99492970843295,-149.24139576227213,-154.57790949488464
2009-10-13,-128.6997089684903,-129.3123200257649,-152.57189038537797
2009-10-14,-152.93001080765328,-152.6741839998041,-152.24761187059738
2009-10-15,-157.80046813427663,-159.93342855921853,-162.63611794500363
2009-10-16,-149.92303665881326,-151.92611469898367,-153.0499935557608
2009-10-19,-147.40090507803558,-152.9979571541156,-161.48262032603722
2009-10-20,-138.32034892835156,-145.34252792962062,-159.35476513485392
2009-10-21,-152.4881062428446,-150.53406754883164,-157.46418157591245
2009-10-22,-142.73878429766404,-156.67923202297433,-156.55424809655204
2009-10-23,-150.8915303327396,-145.3613384949776,-153.49186814322746
2009-10-26,-162.52973436325695,-166.1916115583917,-167.22872276661926
2009-10-27,-150.24763382508627,-160.93921085710193,-160.13744878482268
2009-10-28,-145.0290879138194,-154.49944082985462,-164.35369259981724
2009-10-29,-141.22377858628832,-145.12529245886313,-144.60234807656045
2009-10-30,-160.9002225768865,-167.69387503948118,-166.49202898755445
2009-11-02,-159.3413110779801,-158.80186213326036,-157.2209897061981
2009-11-03,-156.53582447414144,-158.92089983358147,-166.84199418667657
2009-11-04,-158.7748000044865,-163.93344581460192,-166.2139220571776
2009-11-05,-163.1677232831966,-166.52187554010226,-167.2792230040921
2009-11-06,-168.5806654229954,-170.615397960018,-171.72903005546533
2009-11-09,-163.14044607011076,-167.30358237470003,-171.1260671324768
2009-11-10,-162.12598831565379,-166.686822466678,-167.95665943352418
2009-11-11,-156.16754950737737,-157.74633314317464,-157.40165519820204
2009-11-12,-168.8653715700204,-170.68835357827194,-174.7747412137217
2009-11-13,-156.76280101609973,-159.88185136934743,-165.25844843703732
2009-11-16,-164.7767868243847,-165.9322523646781,-168.80093278910854
2009-11-17,-156.74005862089115,-154.99719242458934,-158.21162721204882
2009-11-18,-169.31470223143427,-172.8277482339154,-172.46074294905605
2009-11-19,-144.71196849767307,-144.63443141231613,-153.99209688970944
2009-11-20,-164.3055990148905,-165.82197565533326,-170.53867710034774
2009-11-23,-152.3947811911525,-155.1879705012139,-161.4855658476056
2009-11-24,-159.63883540823286,-161.05696890274433,-166.3894287090214
2009-11-25,-161.84223444293627,-163.67508685492194,-162.31801101024328
2009-11-26,-164.51738435230968,-164.67353698902608,-172.07612521381768
2009-11-27,-167.09127642083078,-172.35508268002232,-175.441302110465
2009-11-30,-151.22856612937647,-146.88559056798476,-156.58077828389196
2009-12-01,-166.5598946691286,-168.7771276187976,-175.26345336286997
2009-12-02,-171.5244482576276,-176.07858813514204,-175.7388404811245
2009-12-03,-135.91233830039042,-131.37532425526572,-151.68801608000044
2009-12-04,-166.14699532861403,-168.7830490390021,-170.75293494578432
2009-12-07,-162.4585439146228,-161.39690030900385,-168.15435559861112
2009-12-08,-161.87875132618205,-162.1465161933288,-169.70924276304157
2009-12-09,-154.52716670591704,-155.45213786970777,-158.57608448611728
2009-12-10,-150.76139834336678,-155.3044157278867,-165.34443266101894
2009-12-11,-162.8848557988044,-165.88340390660943,-170.44565526404966
2009-12-14,-154.8102859527516,-150.51666432056385,-164.77507893040348
2009-12-15,-157.18612670306214,-161.86221360307331,-169.35686180215157
2009-12-16,-150.0806639046594,-146.69897742178182,-160.4919231195638
2009-12-17,-149.1134204643081,-149.13112063586806,-161.3234392499188
2009-12-18,-167.9267470975774,-170.71683437290687,-170.08707950978874
2009-12-21,-169.32546995878545,-171.286340759889,-171.3530522339559
2009-12-22,-164.1620766076104,-165.79605728616625,-166.01024027291643
2009-12-23,-161.61972560339785,-167.87804072455083,-170.9750549965268
2009-12-24,-159.83650025780443,-160.56219267240243,-164.86901348566875
2009-12-25,-141.65705544803924,-132.1089069497756,-148.3283309049162
2009-12-28,-155.02266182177107,-158.07650928837637,-164.1240282879067
2009-12-29,-155.74009748539353,-155.02916094784004,-158.29765865303494
2009-12-30,-166.69640180344248,-170.96169156893816,-170.85540220021113
2009-12-31,-154.18759699967296,-158.94043485568386,-153.7057423975596
2010-01-01,-156.14163838608602,-157.97115902088734,-161.73233792166315
2010-01-04,-159.02873450929383,-157.39790960508682,-161.38876110263024
2010-01-05,-159.74879464249898,-161.9734039584351,-164.1642775744786
2010-01-06,-143.3975854270257,-143.68522135662187,-158.61890816286692
2010-01-07,-159.46358740317075,-155.6550351882641,-162.81909851597038
2010-01-08,-161.0373357998357,-159.00233568329688,-164.40948151751937
2010-01-11,-147.0207624595624,-149.85698938212192,-163.391341220975
2010-01-12,-164.99077617945017,-165.12688658358223,-164.65812322805286
2010-01-13,-153.40907288289472,-159.64420325308936,-161.3092468302019
2010-01-14,-162.81251859416255,-162.38789081696393,-164.69560845394292
2010-01-15,-161.94861910851412,-164.18604375436954,-166.49098048169716
2010-01-18,-172.14366905624783,-174.08424142502835,-176.0882034516815
2010-01-19,-162.51220029106375,-163.26355773218447,-166.54912106895532
2010-01-20,-152.8560570916181,-152.97566083866096,-151.39855232279155
2010-01-21,-165.6486585068595,-165.9252251042074,-169.78663734512548
2010-01-22,-163.35983600088994,-163.42310086805335,-167.41216440130563
2010-01-25,-161.14690589869673,-164.44092457588374,-165.4427099558099
2010-01-26,-160.27036067390952,-158.4182883713629,-164.9820983989514
2010-01-27,-160.3972527791306,-161.98335966828682,-163.36696258776823
2010-01-28,-163.50157388854993,-160.1201696308788,-165.623337678952
2010-01-29,-169.4974459002635,-169.84279371828387,-165.3130667772377
2010-02-01,-147.94612797633602,-151.32110551010558,-157.02408093064372
2010-02-02,-149.39695013416443,-150.2288200524905,-154.53978226453145
2010-02-03,-154.09638922269838,-155.47765107447282,-169.1999042645548
2010-02-04,-164.5098203267659,-165.55197076304935,-171.60000769298762
2010-02-05,-167.15000087057993,-168.45692305260658,-169.7440886251469
2010-02-08,-162.01404786048687,-164.54989935418857,-165.1844372963692
2010-02-09,-160.50223651774795,-159.1187793655016,-168.6224223186046
2010-02-10,-168.54453060980066,-172.54473158436093,-174.755941120253
2010-02-11,-158.89553816405757,-161.27832877680936,-170.86132036709392
2010-02-12,-160.91877700655849,-162.07473873799282,-167.04349235964122
2010-02-15,-172.08246044893963,-176.72853187206388,-178.73359188963036
2010-02-16,-166.82805841353192,-171.95001449027419,-175.04773107729386
2010-02-17,-165.6440499430176,-165.98647621917797,-171.05551083036465
2010-02-18,-163.94187351111512,-165.86921745371288,-171.19643851051913
2010-02-19,-157.67005556355394,-156.75914637539069,-162.9045984296135
2010-02-22,-164.6065237436346,-163.9626278291448,-168.93213117329236
2010-02-23,-160.81664343463996,-159.84843151413142,-164.55672185945554
2010-02-24,-164.78214221715817,-167.27968551560684,-170.10113892576135
2010-02-25,-146.29342426283137,-154.6326760479517,-156.61871346641297
2010-02-26,-164.24111317684773,-165.7621591278118,-171.72195759692755
2010-03-01,-158.99706813022135,-166.2983382464031,-171.07772183408557
2010-03-02,-163.47629167906365,-162.42808067875006,-161.29554536041616
2010-03-03,-142.12225600825246,-143.9042388802853,-160.7427313242769
2010-03-04,-165.4570974505219,-169.32857783628793,-172.45970478628206
2010-03-05,-168.3422579621123,-171.5339917757303,-174.43021550356326
2010-03-08,-138.09170313606415,-146.1936393116866,-153.92865092172286
2010-03-09,-154.59118260282295,-157.84048090168656,-160.38991990945036
2010-03-10,-157.71523140785067,-158.39341113810454,-160.2995382467719
2010-03-11,-167.7637111518384,-167.29489707868436,-169.06252508857057
2010-03-12,-144.64227373524278,-140.9603681396451,-152.6426646494094
2010-03-15,-167.42102798671434,-166.8722548856013,-170.08811358964363
2010-03-16,-153.52391409795243,-152.47511718011256,-159.29202258947296
2010-03-17,-165.14194814681423,-166.16181012474965,-169.86348238012275
2010-03-18,-161.86678322384878,-160.21632981161838,-165.9909059777014
2010-03-19,-159.4742173597763,-158.24342236922385,-159.0863638574043
2010-03-22,-158.8970320205463,-158.5455291759103,-167.87389558617863
2010-03-23,-165.64018036748192,-166.64135678671886,-171.49319277179464
2010-03-24,-155.55497282799016,-158.92432272777856,-156.2033314813509
2010-03-25,-140.36086660662443,-146.18917036861365,-159.85464761103634
2010-03-26,-148.67652571360745,-148.80750246983382,-157.4060492512809
2010-03-29,-165.6748318181491,-167.9862330994018,-169.00076357017966
2010-03-30,-162.50758309811428,-171.31158082844013,-175.75131290848793
2010-03-31,-158.5697570651904,-163.11797191755898,-167.35099288925764
2010-04-01,-161.4603766254066,-165.47146596780016,-166.54725108010052
2010-04-02,-156.05834602178587,-153.42075287419053,-168.3355422184751
2010-04-05,-156.13044040919135,-157.0068140916634,-159.28313685676343
2010-04-06,-135.3464601477579,-140.6323049286632,-148.92771962906414
2010-04-07,-153.65548241728462,-160.67066311496285,-165.88847890768872
2010-04-08,-128.45906236840102,-148.38823187137424,-150.9919632890551
2010-04-09,-136.1853967087905,-131.69801430059874,-147.97642210493996
2010-04-12,-91.16673932962807,-123.82792596160942,-146.75763742850268
2010-04-13,-155.8793682223601,-160.30880015552842,-161.9332447845494
2010-04-14,-157.67473702308982,-161.03134214913183,-163.31930260668267
2010-04-15,-148.36914442494972,-157.10307718524223,-163.3903849037623
2010-04-16,-139.43865367777877,-150.22894763715857,-155.3361331171954
2010-04-19,-134.27013267323144,-150.52923259271395,-157.26651538359178
2010-04-20,-135.04380248549418,-131.2949650978262,-154.6455045867491
2010-04-21,-152.70883212001075,-160.96858212004474,-167.1675942887273
2010-04-22,-108.64620147137187,-137.80629219285566,-143.0855210432806
2010-04-23,-155.3169685554371,-159.89377961177706,-166.48248662513996
2010-04-26,-148.21044894075268,-153.1079390092079,-152.6423679313665
2010-04-27,-164.3711460658225,-164.58367543232887,-166.28049752020138
2010-04-28,-153.5431501138971,-155.61030807890012,-161.73310116528452
2010-04-29,-152.3445580485443,-154.1297082120807,-157.79560485560054
2010-04-30,-155.07720374052386,-157.50061844738488,-162.88694279902626
2010-05-03,-154.0229138052893,-157.4920197657393,-163.7925239902701
2010-05-04,-166.05645076871014,-166.09375446528307,-172.6393373679078
2010-05-05,-169.9352475905227,-168.59777676967,-172.3654172036398
2010-05-06,-148.03240518342105,-147.89594364478916,-156.10826946821905
2010-05-07,-154.52100895625117,-161.51723617286524,-159.33142054004162
2010-05-10,-153.72284344104705,-155.45999589615528,-159.6195641186541
2010-05-11,-151.63814046466555,-154.81470248359466,-151.92909184267708
2010-05-12,-164.1212417709279,-167.28428557780998,-172.0634554974544
2010-05-13,-155.62516526200488,-154.94947726574514,-158.81717556931127
2010-05-14,-167.5027560715411,-168.02705379292144,-167.0107917779492
2010-05-17,-151.45199528413002,-157.51458587357828,-163.126969234201
2010-05-18,-164.8164259024643,-164.66383813899716,-167.48198339014394
2010-05-19,-146.63138969003336,-157.05966575998903,-160.83306609637197
2010-05-20,-154.56453107020897,-160.2888883079959,-161.4989557476723
2010-05-21,-160.40670840067065,-161.39989338138886,-162.7325433724415
2010-05-24,-159.34824121510616,-157.66962980679986,-159.17387340194313
2010-05-25,-164.71212260952484,-168.61906484616946,-168.92737675367732
2010-05-26,-158.75555822098147,-159.6410610003654,-160.75644230436512
2010-05-27,-163.1825740729882,-165.9969701374306,-168.05504680088126
2010-05-28,-153.83970362778626,-150.57126092053244,-154.68401800891374
2010-05-31,-156.0955953700266,-160.9267504675534,-167.59824140584874
2010-06-01,-168.15480576316858,-170.58946480557427,-174.58568804551317
2010-06-02,-161.21565396888894,-157.7962405368026,-158.34442463719537
2010-06-03,-155.91717005401605,-152.25375257332695,-159.5804679466117
2010-06-04,-156.04636565983816,-153.71275788067837,-156.3888593665718
2010-06-07,-154.33620749192724,-152.61288319596943,-157.4950128923213
2010-06-08,-133.3990567697166,-137.08459935007485,-156.20181942509132
2010-06-09,-149.54977875578086,-148.3096973048475,-149.79256567688446
2010-06-10,-151.1297168070228,-153.73215246217546,-162.63115172656683
2010-06-11,-154.1729361457055,-152.68971312280615,-157.21453703295424
2010-06-14,-161.14867142312772,-163.55594876112806,-165.82670606251526
2010-06-15,-148.30868549340792,-146.49661853488118,-160.26696562039606
2010-06-16,-165.46131014932106,-167.06781396009015,-171.08946638184295
2010-06-17,-155.8950616116986,-153.6741853043242,-154.58881792243736
2010-06-18,-157.43547796975864,-161.17105569247823,-164.36488595124055
2010-06-21,-136.093590747701,-140.69265843592297,-158.86735785947002
2010-06-22,-152.1945142941266,-155.83516123064015,-162.33525974292738
2010-06-23,-158.4757925606335,-157.64214818796995,-157.5022527443812
2010-06-24,-155.4968105734423,-155.34358301280668,-164.81084285272857
2010-06-25,-113.69735524478112,-125.36411526594898,-150.49556711026136
2010-06-28,-130.2957832912948,-135.31740410602177,-155.0385099189609
2010-06-29,-145.71684531324001,-154.50547797634516,-158.9503207488796
2010-06-30,-138.1296137734194,-140.26542574951029,-151.3987443228433
2010-07-01,-158.38377098914918,-161.00579383080301,-164.1370238519482
2010-07-02,-129.03606076587738,-133.64465324299016,-146.34168641347964
2010-07-05,-136.152109294362,-145.84787402320745,-153.22434901365475
2010-07-06,-155.8947981231209,-158.79133998351432,-165.84792907313184
2010-07-07,-157.89741413228984,-160.03198583535954,-162.47073545176846
2010-07-08,-133.63154516173194,-148.03463620386972,-163.04590650756933
2010-07-09,-134.7462517897512,-145.94641877987047,-155.91851440964632
2010-07-12,-145.88261427990767,-151.77464793511987,-159.82522498255074
2010-07-13,-162.05630734359318,-160.03408442683536,-163.71667575933876
2010-07-14,-140.38632316228882,-155.77186458454412,-160.90071341601046
2010-07-15,-141.64811158899647,-157.56957941667633,-158.65636055938467
2010-07-16,-143.34438271897952,-152.67001102784187,-158.39661911161213
2010-07-19,-157.55692112399888,-161.4182973807333,-165.95629407264457
2010-07-20,-111.89137624409098,-139.82672193360378,-146.03670146086608
2010-07-21,-152.934088801674,-147.47189999065571,-154.18872839362308
2010-07-22,-142.82633467845113,-151.63653923035076,-161.38643936009808
2010-07-23,-156.82548443302542,-162.86096033573764,-165.77364457479294
2010-07-26,-157.40489454199422,-160.80985749237405,-163.29215517335015
2010-07-27,-161.16706506913593,-162.30192795884915,-165.1720611446572
2010-07-28,-156.84262805032742,-156.6766115530489,-157.53359947609982
2010-07-29,-151.7810546265577,-156.88377309916856,-164.52568096161335
2010-07-30,-159.551787889501,-161.47598125648506,-167.86864093813134
2010-08-02,-145.76466752587902,-155.89010081856296,-158.82221219633388
2010-08-03,-159.06417581141721,-158.90966690496384,-160.27905477711545
2010-08-04,-139.30541225021804,-149.01729844966707,-147.7214343328281
2010-08-05,-143.0846420193559,-151.68301416343098,-155.14710532406798
2010-08-06,-158.81665067658616,-154.76996951582592,-155.8026465944621
2010-08-09,-158.08940592910983,-164.68699990777637,-168.9920629506847
2010-08-10,-157.65605939966116,-160.6468920707183,-163.5931701421599
2010-08-11,-164.7085336440846,-164.1013034450382,-164.74114731413727
2010-08-12,-155.48814721608463,-156.29255264988436,-164.82981974209758
2010-08-13,-136.86888626922774,-144.0469887534065,-151.7896343932686
2010-08-16,-164.76887470853376,-165.11532976069165,-167.18794564153882
2010-08-17,-144.94129181796768,-154.2484463951381,-158.05574264720667
2010-08-18,-163.12563535494934,-161.21983255518722,-161.26222825647037
2010-08-19,-162.41532906212856,-163.96091892273398,-168.55038682271675
2010-08-20,-148.12953011274195,-153.1428387544099,-161.45587660021778
2010-08-23,-153.33981873306055,-153.2538000320116,-156.06235218396262
2010-08-24,-147.08516584052734,-143.87158980298653,-158.25506430216976
2010-08-25,-158.9144838375587,-165.7188276386354,-166.63762505128872
2010-08-26,-161.69856601581262,-164.07048477510378,-167.35061309880942
2010-08-27,-161.94979196354475,-154.08246332242854,-165.2251357586602
2010-08-30,-156.11606502946472,-158.98753984217967,-166.84663709969863
2010-08-31,-143.8157744341183,-144.03710713248998,-157.44136221113513
2010-09-01,-138.06903718043603,-134.85824408040406,-152.54426242960096
2010-09-02,-159.56274549249235,-158.91681636525115,-157.52472520795664
2010-09-03,-154.34568438201643,-154.18619798360746,-165.7816918384234
2010-09-06,-147.1004094034556,-147.38997635998908,-147.0212339431658
2010-09-07,-161.39291806770282,-162.34090123800925,-168.51656547361048
2010-09-08,-153.69379890047787,-154.52401633668896,-157.18788888861042
2010-09-09,-158.94859115438166,-162.25075990326644,-162.56770641190784
2010-09-10,-161.40895458702636,-162.59832954324233,-165.86837906992824
2010-09-13,-153.5815533993182,-152.5897923523936,-162.12585225599935
2010-09-14,-161.23270000189393,-161.05055665344372,-166.40150105544487
2010-09-15,-154.35239549750003,-151.99637219405392,-155.88855623392072
2010-09-16,-168.6749162842149,-168.4659068242723,-169.0789048119548
2010-09-17,-163.12866113852442,-165.36360501154473,-166.73121776547123
2010-09-20,-161.73677389481543,-160.65730340222615,-164.19824368530766
2010-09-21,-158.71265080104797,-158.73331652783395,-164.039341092591
2010-09-22,-157.7468041496726,-157.24757989438936,-157.3364447401523
2010-09-23,-153.6223661577729,-153.50972520651396,-150.33411619613116
2010-09-24,-154.13302316445805,-151.7148447944698,-158.36188840596168
2010-09-27,-165.64721233511392,-166.6797564735127,-162.09138467248457
2010-09-28,-163.3161024644847,-161.69678203059465,-157.9986925228179
2010-09-29,-164.1983755420705,-164.2683764102925,-168.13501331700374
2010-09-30,-161.2747893092029,-164.59274375878638,-164.10111358280258
2010-10-01,-148.0980283070647,-152.31207205124295,-160.6387628881157
2010-10-04,-151.5282706630256,-154.165228428439,-159.33344844605128
2010-10-05,-163.17663642354833,-164.6941317185748,-170.29002944312046
2010-10-06,-158.54929979819025,-160.80624270009167,-166.0830855655464
2010-10-07,-156.7593017722238,-163.7893446582912,-161.4478460660962
2010-10-08,-161.2855068209406,-164.32522619797797,-168.37744918804412
2010-10-11,-143.5649030652177,-136.14203966571384,-153.49743395573935
2010-10-12,-128.64050257599908,-145.879317654605,-157.68178358560908
2010-10-13,-151.58740054412203,-146.8040306218756,-154.59589283418495
2010-10-14,-140.43715249400762,-136.82306389102982,-151.6473386375454
2010-10-15,-153.7856732815673,-154.72239352184997,-154.80415669997785
2010-10-18,-158.68120088465892,-161.692597556149,-166.82467611801914
2010-10-19,-139.04818615723696,-140.81579015464436,-155.10790574728642
2010-10-20,-169.8515151970003,-170.65607040725035,-172.03174303413977
2010-10-21,-158.8770454128856,-163.64152783930408,-164.17276235496527
2010-10-22,-158.0540023138829,-163.62840371645194,-169.3707991656323
2010-10-25,-163.86874469695712,-165.7122006366104,-166.70414022093993
2010-10-26,-148.09340640545344,-145.55708857442698,-160.71353449744518
2010-10-27,-152.73402847055561,-158.9943811853748,-161.64814182944835
2010-10-28,-165.35341728704697,-165.73013725905562,-168.81053958528943
2010-10-29,-156.92413977158176,-155.73547394580328,-162.03442348995588
2010-11-01,-147.6618069914156,-149.7765862033817,-161.4305559630487
2010-11-02,-144.78988025965242,-150.1955133388858,-155.05533202701216
2010-11-03,-166.67714041180272,-171.6865582081638,-173.53477759147125
2010-11-04,-160.38092620309476,-164.59231617521564,-167.50942183268262
2010-11-05,-161.84756265395995,-161.92323495742548,-160.480549224649
2010-11-08,-160.9513371649751,-161.1063189337258,-166.3751067741961
2010-11-09,-168.24669997960157,-172.044043300971,-174.28963892374185
2010-11-10,-152.14697695777434,-153.58045618529974,-164.39056209778596
2010-11-11,-163.04270621808584,-164.55934282525524,-166.15074490829534
2010-11-12,-151.62509415569534,-149.9555859615802,-159.6659441562712
2010-11-15,-157.38430032476384,-160.96365891749065,-169.9629203630871
2010-11-16,-153.60153973346607,-163.31901360169383,-166.62126543087024
2010-11-17,-159.58878264172026,-165.14797055989982,-174.02114123381963
2010-11-18,-152.07114062040532,-158.28620346192653,-165.62436097696286
2010-11-19,-169.1504308191637,-171.20195654344244,-172.56853986363984
2010-11-22,-162.2762312527232,-161.0266592889522,-165.79651212976333
2010-11-23,-153.84947781602696,-158.18057575832503,-160.69527037565663
2010-11-24,-155.05873990812688,-157.22739633459582,-156.3970838476579
2010-11-25,-156.4882785538287,-156.30276690677292,-164.50948068987768
2010-11-26,-164.37782238119365,-169.9870426305136,-167.06372849750986
2010-11-29,-168.84756000653692,-171.838337316724,-169.91116044798787
2010-11-30,-164.1827958744577,-159.0135729444,-162.30230941882837
2010-12-01,-163.85948713723104,-160.8788198062463,-157.61414971842348
2010-12-02,-165.2582684954206,-168.93560172286433,-167.1234417206262
2010-12-03,-162.1148299190192,-159.7738051949804,-161.00235377281112
2010-12-06,-159.5250436719343,-162.62193182939222,-170.49047266520114
2010-12-07,-150.47915232194654,-146.2780154895233,-153.98093696278596
2010-12-08,-160.9208639365152,-159.9550409641472,-168.25004306629924
2010-12-09,-161.33421774462164,-164.59164211622328,-164.57822687828784
2010-12-10,-148.92257011341022,-150.1564649462315,-160.4731525365978
2010-12-13,-158.00863560470597,-159.37675750594022,-164.97927189479665
2010-12-14,-135.11221516332336,-138.34134064305618,-151.03628306664788
2010-12-15,-161.2540644637491,-162.06107689369554,-168.10904813017953
2010-12-16,-159.4349193513239,-156.11785723249966,-164.6685851717729
2010-12-17,-144.58207208832903,-148.23846277119944,-151.92584100133791
2010-12-20,-164.26515518329103,-163.5913207339914,-163.33267516599255
2010-12-21,-161.45072992971944,-160.27082511754244,-166.82665067152828
2010-12-22,-151.01218638244325,-150.66997264314514,-159.51204374171718
2010-12-23,-169.18511252895738,-170.45325530476805,-169.89541418942565
2010-12-24,-163.41442640148028,-162.77962860420675,-167.47276395623607
2010-12-27,-147.5377877940843,-147.62123633394054,-162.32127149589945
2010-12-28,-146.4023168074447,-148.0430050242099,-163.95368149239297
2010-12-29,-141.39556198503254,-136.0656182776599,-151.7686845526981
2010-12-30,-158.83629113397083,-158.97981233217826,-165.787600760169
2010-12-31,-134.5244046750376,-136.6855092983194,-155.2284456176857
2011-01-03,-147.50614511637158,-152.08675728017275,-164.73999931513484
2011-01-04,-153.36360307762655,-157.39743634051547,-162.36110606361416
2011-01-05,-148.2924318402184,-150.71299616997038,-155.71199984959244
2011-01-06,-160.47021081946966,-161.32000532393437,-168.75818813779813
2011-01-07,-156.1532087465003,-161.06792357477087,-167.27946412512907
2011-01-10,-153.27886680180333,-154.71317289329838,-164.7941380554218
2011-01-11,-146.94647311656354,-148.82957161630168,-150.29112198836535
2011-01-12,-166.66385117415996,-166.00055682442826,-166.0866172990136
2011-01-13,-150.69756571727498,-158.6719650962564,-160.08554457781057
2011-01-14,-167.31554494297106,-168.83842025243504,-172.60944518303282
2011-01-17,-171.53027096491238,-172.91817794312752,-174.00796575442718
2011-01-18,-147.95193514164413,-153.2470957851791,-160.11876798522366
2011-01-19,-159.06286106824203,-158.00712101465447,-158.78600286357857
2011-01-20,-148.3557830134335,-146.83631359285386,-156.03031819822158
2011-01-21,-91.53578156708258,-104.2479526119716,-145.26966484404258
2011-01-24,-144.3828951144291,-154.30268718771637,-157.4451613075891
2011-01-25,-153.25937578559643,-155.4352989019157,-161.1645275587033
2011-01-26,-155.3182502124974,-152.09485223964742,-160.28089253509256
2011-01-27,-152.64312378030047,-152.93238996542388,-159.6028506576837
2011-01-28,-123.9796726192559,-129.771491667549,-154.3755515054086
2011-01-31,-130.81679562845235,-144.46736319859232,-155.39927498332793
2011-02-01,-155.7417927170484,-160.96640160638228,-162.37961286060388
2011-02-02,-155.37764636051304,-156.80578867557415,-155.9068347519799
2011-02-03,-156.04323226259086,-157.51428963178628,-163.4495830235127
2011-02-04,-140.4574644162064,-142.31470136640354,-153.69284399373888
2011-02-07,-146.29812522154015,-151.51089182823247,-161.41137265083879
2011-02-08,-156.46061564985877,-159.65310143420817,-164.15406458689156
2011-02-09,-136.00132253853386,-137.28972964091113,-137.6209826321766
2011-02-10,-158.13287874035655,-160.49965352230424,-162.90559139674252
2011-02-11,-161.78604858455702,-166.71738598870937,-168.8030935495339
2011-02-14,-134.89139808495605,-139.67388703771658,-156.59384246020048
2011-02-15,-112.88531201682606,-147.8146283399873,-147.5201513710742
2011-02-16,-110.13935253602345,-139.85950921508518,-160.92025682151123
2011-02-17,-140.35817285094814,-146.9925435069497,-155.0618667162107
2011-02-18,-141.68816625391287,-156.02407990531754,-157.29913579014223
2011-02-21,-150.39089378977698,-157.66795753169345,-160.97310905241966
2011-02-22,-136.6018522898985,-142.08726662513527,-156.9386573997552
2011-02-23,-143.39688000212996,-156.90139565117826,-162.98616587910578
2011-02-24,-134.16856192927563,-132.48775683814515,-145.08712800236083
2011-02-25,-152.1245035995243,-160.40755407047627,-156.21708778574674
2011-02-28,-141.68195041504325,-144.22806447561103,-156.89431969065856
2011-03-01,-143.54810877936595,-161.03768622976844,-166.54429583655414
2011-03-02,-149.281723721405,-153.10422932974623,-160.51476038691206
2011-03-03,-157.26395861359777,-159.06784425231427,-152.68516542461816
2011-03-04,-154.49955944485464,-161.44791821517626,-161.060697244895
2011-03-07,-166.24124690019545,-164.7107395696418,-168.35719349803392
2011-03-08,-155.8119718833568,-156.93175819856017,-164.66971140372436
2011-03-09,-134.99320118463956,-142.46308472663026,-144.32828704142946
2011-03-10,-155.2487849297241,-161.41851310456568,-161.2584389630803
2011-03-11,-167.54789609494338,-168.5675977362062,-169.7996416612335
2011-03-14,-120.73094127198455,-142.31272730369744,-154.81771567560244
2011-03-15,-143.02744547014981,-152.4763874049853,-166.8598343984348
2011-03-16,-119.60902872796365,-128.83954571994607,-140.10797026321336
2011-03-17,-126.43643248115237,-143.10943642958958,-155.83586979060019
2011-03-18,-155.67871361658422,-155.3751231813483,-158.6512240077481
2011-03-21,-162.4052621689845,-162.248404248489,-169.17498763457246
2011-03-22,-144.26268560371273,-153.08137925796882,-161.49321036412613
2011-03-23,-150.26498841441483,-159.33822800706545,-163.82592885927787
2011-03-24,-141.75948150545818,-144.01085909268517,-153.4977101012345
2011-03-25,-161.20347645505962,-158.05385659831205,-159.94267259720957
2011-03-28,-147.16892938092857,-149.33959716345686,-154.63976075664615
2011-03-29,-157.98955594884035,-161.51253463830963,-163.41747908424313
2011-03-30,-150.29679928974906,-148.8111491327423,-161.46654902443322
2011-03-31,-141.9013270620595,-153.6563090318097,-152.1084473329175
2011-04-01,-145.12519873306547,-155.6104525755442,-156.56118661688552
2011-04-04,-157.20973002978158,-163.5925123158107,-167.36504926799665
2011-04-05,-165.39501207377918,-164.41512674310394,-166.22405424382805
2011-04-06,-151.04580600084023,-156.63242731289915,-151.60474732549773
2011-04-07,-144.6191723133021,-144.3720227171293,-153.75603630019677
2011-04-08,-156.2794643449242,-150.68027089564686,-152.32338528133278
2011-04-11,-137.7756227149529,-136.99278031184846,-137.314756414177
2011-04-12,-131.8157578296171,-150.00930848482486,-155.71351353899834
2011-04-13,-165.03895414738386,-165.5903877798083,-168.7991880701991
2011-04-14,-144.68006376010118,-145.93088832382165,-137.87231852256167
2011-04-15,-160.29535511452843,-161.88390281175285,-163.39791841824027
2011-04-18,-157.74945625584195,-161.35192499982338,-164.52077890172268
2011-04-19,-150.5811486945202,-152.730541406888,-159.42575172591165
2011-04-20,-140.711845643318,-152.6045416288145,-160.38281596175042
2011-04-21,-159.19638520133907,-160.11325859755755,-161.79494628207615
2011-04-22,-160.34536094933966,-160.81705222097324,-157.2357886975012
2011-04-25,-164.81847341718375,-166.8280658219756,-170.06682641486523
2011-04-26,-147.19498501563177,-157.8183348650192,-158.75989819621455
2011-04-27,-164.28574652865535,-163.85432848761457,-165.78914133328885
2011-04-28,-160.15379723350867,-163.05694991151094,-163.68963040103114
2011-04-29,-130.20638690856276,-138.15924848116947,-147.86594863246518
2011-05-02,-161.52940339029252,-167.27394070558265,-171.28970249002631
2011-05-03,-152.09182391319118,-155.57127020774826,-153.7459081587748
2011-05-04,-156.17856475689993,-162.7271571454198,-164.30203989561414
2011-05-05,-130.0847123831253,-135.11195969993662,-157.6972632164242
2011-05-06,-154.8554560618871,-155.780119607612,-159.77911917600716
2011-05-09,-167.17870664801003,-170.00791121404268,-165.52431487117906
2011-05-10,-149.23521468415476,-151.465543847767,-160.5125457533789
2011-05-11,-140.6243979939366,-149.4190275779463,-149.47677078490582
2011-05-12,-146.48846560944807,-147.62774445772635,-152.8438068854228
2011-05-13,-162.12693601229017,-166.44371021162027,-167.60628348103776
2011-05-16,-141.27006376982214,-144.28488205903295,-144.6189047304672
2011-05-17,-146.1212173786687,-144.26694172503156,-157.87761406964867
2011-05-18,-152.23579210802424,-149.48175554851485,-152.2114152513478
2011-05-19,-140.90621007074108,-149.8807598929266,-156.45907752968873
2011-05-20,-150.50667051873535,-150.1557494390908,-157.986200331573
2011-05-23,-166.07440598104807,-159.9572903087039,-163.3750166568023
2011-05-24,-159.0809309115886,-159.92051428904531,-166.38828480485756
2011-05-25,-158.09339216727795,-155.93067980171202,-164.1994943141807
2011-05-26,-170.49125740409227,-172.13396415561917,-174.75208377712664
2011-05-27,-160.94890306161616,-158.52209156290536,-168.78760786998973
2011-05-30,-166.29954028014836,-163.8518907401007,-164.6835946395785
2011-05-31,-160.80699700310427,-161.8484176578433,-165.5833082855868
2011-06-01,-163.82466887974698,-164.29809768520255,-159.47119568850232
2011-06-02,-156.7856363554417,-154.58355585097385,-163.58917031998413
2011-06-03,-153.08869646730759,-152.929940692281,-157.60547838934016
2011-06-06,-164.85330073130766,-168.32791286338048,-166.782173328357
2011-06-07,-164.91235870464868,-166.0326596850099,-169.10003277740125
2011-06-08,-144.36827328740242,-142.86030618200436,-150.5283682194353
2011-06-09,-161.90036923804468,-162.3099149439544,-161.3175634905476
2011-06-10,-159.36239260792544,-160.2700860203744,-157.8986450134497
2011-06-13,-166.89010128708688,-169.09967836110192,-174.2033098719425
2011-06-14,-134.3558660537665,-131.51281685223125,-150.11803532720637
2011-06-15,-149.7764745488061,-152.26424290920338,-159.30685517398805
2011-06-16,-151.90150635298474,-151.66504608419797,-159.9209356622068
2011-06-17,-159.28997203898706,-161.29116329364766,-161.07561438986727
2011-06-20,-159.99263162936109,-161.02911778735503,-162.6658460296784
2011-06-21,-147.51802193562784,-151.74687359749024,-160.19367436181545
2011-06-22,-161.51175853939256,-161.7996957050653,-164.64570290316107
2011-06-23,-154.62527685913864,-155.17339115298026,-156.72948954632955
2011-06-24,-158.60795589289305,-161.2362921214206,-164.26070209292914
2011-06-27,-157.56840495503408,-161.42327618524664,-166.75458376326674
2011-06-28,-162.7849164533955,-162.78687147178218,-165.1100299762887
2011-06-29,-154.45266813081696,-156.1703780209801,-161.12079012697976
2011-06-30,-161.54419620291176,-162.29929512640172,-162.20149561770273
2011-07-01,-151.72873929810763,-153.85444974170642,-165.22652528299926
2011-07-04,-147.60857274159162,-152.33869973288526,-159.02972724133173
2011-07-05,-158.48705060317474,-158.76282072905852,-152.80773869274938
2011-07-06,-162.15759540206406,-161.0440248863948,-165.65633836598153
2011-07-07,-142.80738740227557,-146.40982479133902,-149.3320641918393
2011-07-08,-156.75900525049087,-159.6167095992972,-160.51213317934466
2011-07-11,-154.86646623439233,-160.8275006048582,-164.01273301650087
2011-07-12,-136.84850482409354,-144.0757075053936,-147.72249125786254
2011-07-13,-167.1297505498492,-171.86049800350418,-173.92347075058086
2011-07-14,-150.40370331888445,-151.76010354302346,-156.95510452553702
2011-07-15,-155.42511295478383,-153.92459799539077,-159.13343348597175
2011-07-18,-155.74002570792175,-160.5545232697278,-161.62393694393896
2011-07-19,-162.1372309885118,-160.25478107242643,-160.75372818820588
2011-07-20,-154.63640945785522,-158.9855814184677,-168.158061181828
2011-07-21,-149.2480394733942,-150.6439479525664,-158.4372681560233
2011-07-22,-155.58527739881816,-159.99221206701364,-161.53180867862315
2011-07-25,-153.01834728769254,-153.5119498510804,-158.82668131134434
2011-07-26,-147.2246988120856,-153.8738721069782,-156.12773370201458
2011-07-27,-152.20891925561796,-154.89131410659323,-157.71828584005678
2011-07-28,-154.29290445812347,-155.0506810165964,-160.5841615167203
2011-07-29,-153.85348147962694,-153.07139826153713,-162.32261023799697
2011-08-01,-160.14243336824566,-162.62781489498036,-169.05076658535856
2011-08-02,-155.11720367771625,-157.69270572848387,-161.47992892660065
2011-08-03,-159.93842049142773,-166.62441071196815,-170.18825556334332
2011-08-04,-169.3383638956652,-171.91559306389732,-175.7082391722292
2011-08-05,-155.6493658463809,-157.8226002034927,-157.82960294955453
2011-08-08,-145.84887932589524,-154.69858831387128,-161.64526484083308
2011-08-09,-151.7322313294745,-154.43777314121948,-152.0870715832718
2011-08-10,-164.26793259713156,-170.41969266089416,-167.9335396416885
2011-08-11,-161.21970676795922,-162.4897513384962,-169.61443707314447
2011-08-12,-151.16373841468152,-149.48251916458864,-151.96183432043455
2011-08-15,-152.29304998845964,-149.41232115848575,-163.2263849437497
2011-08-16,-152.64490685062998,-155.50394749269594,-158.20080816571829
2011-08-17,-159.42867037053685,-160.5256999062526,-163.419396412311
2011-08-18,-144.9294946315443,-148.60467084869845,-155.62571166564305
2011-08-19,-154.45895700338602,-159.62486048838252,-165.31120491757835
2011-08-22,-158.01191549276024,-154.83884690540668,-154.44924218946772
2011-08-23,-144.42141685822617,-143.65260883379656,-149.2292886676088
2011-08-24,-139.6344346723255,-154.23185490837346,-165.48003140457672
2011-08-25,-158.6773003965302,-155.28540374770847,-158.94929242401162
2011-08-26,-163.01864087097778,-163.22375053497828,-164.23168811258523
2011-08-29,-147.60876491000553,-150.9877227993177,-155.70161173618018
2011-08-30,-153.60555363998805,-158.39748376078,-165.9199378394765
2011-08-31,-119.26431827122826,-141.17487680802589,-139.80352235951653
2011-09-01,-162.49906468290376,-166.36770696372844,-169.10995626776733
2011-09-02,-157.46858593772822,-157.20929543629197,-164.84745094262237
2011-09-05,-150.08636363123685,-158.41680683711084,-167.2899842044252
2011-09-06,-148.50564877726802,-155.50910969574537,-160.4893947337555
2011-09-07,-135.6774413770047,-150.2758861123263,-154.77703031827514
2011-09-08,-163.56352544269683,-160.8431360688318,-163.78560360837093
2011-09-09,-144.214580865568,-154.62650525014536,-163.69450667536432
2011-09-12,-150.2999208569702,-157.8117528031879,-161.7394082569162
2011-09-13,-139.5098287383697,-142.1914738252571,-158.38310009211014
2011-09-14,-163.69407475110071,-164.45879220133224,-166.84327626912605
2011-09-15,-141.60808322952758,-152.61107303561917,-163.8967136150619
2011-09-16,-125.50739390979852,-141.41646302474146,-146.15245985155514
2011-09-19,-152.18092231647677,-152.91445603489032,-159.58492830107983
2011-09-20,-154.0950578354139,-156.92972048575126,-159.21544067942963
2011-09-21,-168.76451851159612,-168.71530796752194,-172.67639057122216
2011-09-22,-140.90772563552332,-152.99073048544437,-162.9566688324568
2011-09-23,-146.45296167053414,-144.1054891449233,-156.85469307587874
2011-09-26,-161.83526427362824,-162.67198458006834,-168.0131808394449
2011-09-27,-161.50765833984767,-161.01092822758272,-165.52243182622948
2011-09-28,-156.61221448156468,-161.065953605877,-166.13292395688782
2011-09-29,-165.34088873184524,-166.98445186484162,-168.51953839947913
2011-09-30,-160.8304100337018,-158.9967389586422,-164.1002334916545
2011-10-03,-163.95836116432568,-164.57892447144604,-164.9147309187693
2011-10-04,-128.29979395094222,-137.38801061684225,-157.38530028018906
2011-10-05,-169.63169305903284,-169.69038658336927,-170.88355346777766
2011-10-06,-158.3813207153249,-161.9136960342002,-167.80054799610602
2011-10-07,-152.25126568149855,-160.24617251045402,-167.68499295070288
2011-10-10,-151.45893270157927,-150.55671072555074,-160.17734287174426
2011-10-11,-160.36811667164977,-158.390747145139,-159.64694689385567
2011-10-12,-142.50621381638507,-149.26288174397618,-147.39897146454433
2011-10-13,-154.61369894646992,-159.2423844442715,-166.46005628101088
2011-10-14,-153.201012153772,-153.9486834707125,-165.37272710823785
2011-10-17,-141.30336292251087,-141.72911507503622,-159.76538280164718
2011-10-18,-145.74071947615107,-154.28646231967775,-158.83755203131224
2011-10-19,-154.0073553878783,-159.89680753051246,-165.14229297387436
2011-10-20,-160.64183050527504,-160.33394909533268,-160.70427233356642
2011-10-21,-160.21298899331435,-163.09555568857758,-163.42208941467786
2011-10-24,-139.9052625930425,-143.6115483977171,-148.0431647861223
2011-10-25,-160.7558331070419,-156.01550637463546,-157.9190766271002
2011-10-26,-153.00109056614164,-152.13775384790915,-153.38004044369566
2011-10-27,-151.4640896627183,-150.1318118772765,-156.60767275840283
2011-10-28,-147.44748527225403,-153.3441139022451,-163.53245063949825
2011-10-31,-160.31361859337198,-158.46331187547284,-163.9351228951811
2011-11-01,-160.59193687862523,-162.44417184248243,-165.92767225509593
2011-11-02,-158.99598321327747,-162.30925436080054,-165.13240493244882
2011-11-03,-158.25175949848588,-160.46175382803673,-158.46430502747785
2011-11-04,-164.62276412623896,-164.66033393457388,-172.48871282610327
2011-11-07,-163.30724029117803,-160.84247012046052,-168.66538676475966
2011-11-08,-161.11821070396158,-160.57158139727488,-162.3437930821445
2011-11-09,-161.96538395063493,-164.11985059831332,-168.65850519204005
2011-11-10,-157.49960041269264,-157.91158992174448,-159.0615204020489
2011-11-11,-167.8647348833114,-170.02656125332948,-176.2001571390368
2011-11-14,-168.7332181346698,-169.44606014720603,-173.25990922439226
2011-11-15,-161.67648687879608,-163.0935581286001,-166.3624201149751
2011-11-16,-168.28802906667792,-168.37105998117727,-172.34824263498848
2011-11-17,-156.12643334004852,-159.52717037665303,-162.32822918128483
2011-11-18,-169.82607747398995,-170.515980656842,-173.58782175875848
2011-11-21,-167.53731281176613,-165.76386350785614,-172.0997646868086
2011-11-22,-170.11636024389594,-174.0913200234138,-176.84817776722213
2011-11-23,-154.80288817018968,-155.7427700742539,-157.54938194079193
2011-11-24,-164.92509842741842,-166.73047297778143,-168.5408711352468
2011-11-25,-158.72550187396735,-162.34882776214883,-162.24996304961218
2011-11-28,-160.3167647248285,-164.88741451945245,-171.3745746781169
2011-11-29,-162.53645598301975,-166.88109341519387,-168.64533661880404
2011-11-30,-165.14838042691088,-160.47375852913785,-169.59939830832644
2011-12-01,-146.59736206295688,-144.23662389954666,-152.4490559520379
2011-12-02,-155.07262458588534,-153.96240941222715,-157.27679928126494
2011-12-05,-152.38109456009104,-151.6316596808921,-162.14787800093464
2011-12-06,-167.1110897499619,-168.08179880143862,-165.01262085174366
2011-12-07,-166.72376859710909,-166.44942132090705,-168.32328298235842
2011-12-08,-167.41383183000872,-170.66736590278148,-172.34672942675874
2011-12-09,-162.54631277123497,-162.43927650637772,-169.98821354429828
2011-12-12,-167.77856676548035,-170.57695209645254,-171.48916843932415
2011-12-13,-164.01862750663994,-165.9539734615509,-169.3713910085808
2011-12-14,-163.00549907051283,-162.66118640198576,-164.6097318668139
2011-12-15,-154.43455903219575,-156.64036700389434,-168.37616340148114
2011-12-16,-159.06888668232472,-159.5948016601902,-166.67396046343424
2011-12-19,-154.9869772517482,-154.59136033299708,-165.5984739272183
2011-12-20,-153.04514475003097,-157.34413100435427,-161.3363902615023
2011-12-21,-155.7053792241074,-158.32013107112192,-165.73926906167975
2011-12-22,-153.02546407899402,-152.63944800211468,-152.69768652195137
2011-12-23,-163.70531843274816,-165.26515925736038,-167.59536714828755
2011-12-26,-159.78476406430542,-158.58343990941808,-161.649729465732
2011-12-27,-166.14846236801344,-166.91534114266386,-170.24993412529156
2011-12-28,-152.31317589741315,-154.29502953143998,-160.91841328572025
2011-12-29,-162.9912411678967,-162.74690665725277,-167.31563359864145
2011-12-30,-164.2500638259039,-160.8479907749987,-168.6328010261607
2012-01-02,-159.78505114296556,-160.41386233919448,-163.7908782280495
2012-01-03,-169.86596807334968,-168.38527951071816,-171.17286241998184
2012-01-04,-155.32091118656868,-148.669809677958,-156.6938233676848
2012-01-05,-167.04593981465447,-168.64869215724312,-174.15191285972796
2012-01-06,-150.75064723876906,-152.60505291039044,-163.97619377378203
2012-01-09,-158.42104023244403,-159.4527038824067,-165.93461327173213
2012-01-10,-158.51538376861333,-158.4420254566087,-161.51189684409388
2012-01-11,-155.77857907532686,-157.82490983716409,-163.76093853673817
2012-01-12,-150.7135689754941,-155.00460749544467,-157.62369303320298
2012-01-13,-155.43852379850807,-158.70928509912883,-161.6888323146249
2012-01-16,-164.72545008899849,-165.0258669996859,-164.24651381547523
2012-01-17,-165.00128459128297,-166.704594096768,-172.3464450013658
2012-01-18,-153.9863868254026,-148.6321277462035,-161.1184977855879
2012-01-19,-164.26777135973677,-166.93185074009216,-169.91919785912876
2012-01-20,-158.1667696100272,-156.0748319233301,-164.39711046378557
2012-01-23,-162.16408206231395,-162.03216415422065,-169.47500297956506
2012-01-24,-136.62576533900693,-132.60446712743195,-149.96184979963695
2012-01-25,-166.58665981006772,-167.1905542193421,-168.414202699857
2012-01-26,-161.3596247932369,-158.16826868292472,-161.90429046242903
2012-01-27,-166.82685908449932,-170.41061835418242,-171.29869866978947
2012-01-30,-157.38597111194622,-158.1524987699985,-161.91736925390643
2012-01-31,-164.56150686352944,-166.1932188049532,-168.4954447573419
2012-02-01,-160.90640613274604,-164.31952928302977,-166.99637880808493
2012-02-02,-161.49953424605536,-156.65655569874733,-159.77461100931768
2012-02-03,-157.2600367242214,-155.73088257587557,-163.40964061381192
2012-02-06,-141.84383899776563,-142.44241950940642,-150.76632179746562
2012-02-07,-156.66941059225445,-158.2138104145118,-156.29271773997513
2012-02-08,-155.48739830290577,-160.68183809337899,-159.62355162391367
2012-02-09,-151.15551588122173,-149.93946950684267,-154.75001919715908
2012-02-10,-151.27407034744908,-156.77846419484894,-159.09337264558047
2012-02-13,-149.18977626277572,-152.65870706563692,-157.13231435271868
2012-02-14,-148.23739608362277,-150.00362969303217,-148.2039176552475
2012-02-15,-151.1353733141348,-154.2280589371792,-159.16490284278336
2012-02-16,-147.9036799757074,-153.61248656384498,-154.50668481507515
2012-02-17,-140.84665106752124,-149.23479544435284,-152.70619700655897
2012-02-20,-168.4969390959928,-164.02761629341504,-167.41648206897537
2012-02-21,-160.09618270636773,-161.26968855503102,-163.41594051651765
2012-02-22,-167.65049676202494,-167.9440029880261,-166.37303560253247
2012-02-23,-164.10301220275494,-163.65508472671604,-165.153086566798
2012-02-24,-165.61474352992272,-166.49268644804766,-166.6532164523434
2012-02-27,-166.9566169178776,-165.089623831827,-170.17954746769536
2012-02-28,-159.18793299435742,-161.76088529937877,-160.42974877791778
2012-02-29,-158.03871721147507,-158.38607194877227,-165.66042448381722
2012-03-01,-160.64338611192076,-158.48401369937525,-161.10325023618373
2012-03-02,-160.13088282107066,-165.67104210621727,-169.93693533406125
2012-03-05,-161.68853232796067,-164.37892032543567,-159.16701760196383
2012-03-06,-165.18008916084787,-161.33641745115912,-163.9425561606601
2012-03-07,-150.93051103544764,-148.43423670212195,-154.19554570391568
2012-03-08,-159.98683107348978,-162.66261802546518,-162.88430303340803
2012-03-09,-162.84381570166678,-163.5422771941,-166.7249655511563
2012-03-12,-161.7340236443189,-163.59221867590156,-163.10536451194736
2012-03-13,-154.34762552282882,-160.87285314735973,-162.20881337723677
2012-03-14,-154.40275196921795,-155.91059990915528,-165.60763803160694
2012-03-15,-159.7262400906979,-161.58618036427052,-165.0568203546726
2012-03-16,-151.15804354399097,-149.56180211427508,-155.2423773746042
2012-03-19,-163.46930853274768,-161.98507725958973,-166.86669084956665
2012-03-20,-162.6157819120206,-161.01963336892223,-165.62668966778605
2012-03-21,-159.9406247456886,-164.00737785750994,-163.45331283121988
2012-03-22,-155.3817102833986,-153.56823380839126,-159.9649988452492
2012-03-23,-163.92025556167172,-163.6476689743531,-164.3405253862722
2012-03-26,-154.3771551447298,-153.49347690688947,-161.2716606673443
2012-03-27,-160.14137929938335,-161.215321878468,-164.78450914970526
2012-03-28,-147.2890872302686,-150.27745128226456,-161.95222449778836
2012-03-29,-158.44054147700606,-157.03384528476758,-155.6126122190663
2012-03-30,-134.33928993263396,-137.42979251515627,-145.53565681955484
2012-04-02,-148.28904297835496,-148.8082718591882,-161.41093046772926
2012-04-03,-151.53426227263083,-152.0390038003557,-154.40613543441538
2012-04-04,-158.83127351878528,-161.3562357723904,-163.28882858949692
2012-04-05,-163.48159998449194,-160.75641068600476,-163.6898514573353
2012-04-06,-153.38232032052758,-157.4755311523183,-162.77219182198942
2012-04-09,-152.74475424682555,-152.99814106196996,-158.67668004345782
2012-04-10,-162.11745004757648,-164.29395410044873,-164.5417472641169
2012-04-11,-154.03536917232017,-150.91752922487936,-157.87882946190953
2012-04-12,-139.6234660440237,-139.44644067509086,-148.4482167132282
2012-04-13,-156.8955481333897,-151.84146196608899,-163.68399945827667
2012-04-16,-132.01891726532006,-132.72673941684488,-140.50951180384163
2012-04-17,-153.49657019548619,-155.40996068819382,-163.65032212844704
2012-04-18,-163.99424051167884,-166.03217474366332,-167.59568741398635
2012-04-19,-161.22418066360603,-162.44986735328968,-165.49922906103401
2012-04-20,-141.0438954889323,-147.48871589000998,-154.3625934671635
2012-04-23,-157.36270876936547,-153.62083727670225,-161.65211047885788
2012-04-24,-114.07912035261892,-127.63482696954432,-140.36001304398218
2012-04-25,-159.69486271426106,-158.2732741795421,-162.0983595590809
2012-04-26,-157.26941601173516,-151.87772242379754,-150.8354556651821
2012-04-27,-136.13132629345068,-142.79752605399878,-161.99005831956677
2012-04-30,-148.8975890795862,-155.11410315198316,-160.4269982483821
2012-05-01,-146.01113224843985,-150.50760706557278,-151.85774543048043
2012-05-02,-144.12549307575648,-138.94383388096153,-143.2713274207039
2012-05-03,-148.88705172059124,-155.46368203442867,-154.69335208145563
2012-05-04,-146.35315357296795,-153.71653487994806,-162.53283644298114
2012-05-07,-147.25294837410848,-146.5268472223643,-156.0528330436703
2012-05-08,-137.7972602587226,-134.09820400673087,-151.3687843939428
2012-05-09,-154.11140555711646,-153.3766552212763,-156.53646033488127
2012-05-10,-138.8581113426825,-146.88947806925302,-154.79880986298846
2012-05-11,-163.4453075604141,-162.34361927240133,-167.8048342730339
2012-05-14,-161.61816242565908,-162.071888280323,-168.3025960526538
2012-05-15,-138.97898725064687,-146.71141395682264,-164.24210371982895
2012-05-16,-160.53351804841145,-159.79121804734245,-163.19667474536988
2012-05-17,-149.55577686574284,-154.27629783951537,-156.7151112921631
2012-05-18,-157.50165120315557,-159.1514921168222,-165.1005269534247
2012-05-21,-157.01527927598286,-157.97991018279959,-165.45310641184358
2012-05-22,-156.21470646409037,-160.6786727721704,-160.34417060523742
2012-05-23,-149.13919460361652,-153.40995363199738,-160.2660349253246
2012-05-24,-130.79719536801102,-146.07191138088524,-161.90468182806887
2012-05-25,-150.0249538706156,-158.83669468564983,-162.21953021414248
2012-05-28,-142.59127026961605,-139.68470400295317,-144.1590076832863
2012-05-29,-151.18696882140998,-154.27083000523444,-160.9640074983522
2012-05-30,-128.3135804471283,-130.29653899234427,-152.2794011883859
2012-05-31,-129.3534630886701,-129.27457968130142,-148.86462643875933
2012-06-01,-144.81115644682052,-146.33849069302894,-159.73533858971592
2012-06-04,-156.82078539032415,-156.60369367633126,-164.03095516024786
2012-06-05,-130.8787973878402,-140.03409209121622,-157.07429398496748
2012-06-06,-162.43489853905692,-162.66212070805759,-165.38930315610992
2012-06-07,-143.4045946810773,-150.10746239052466,-152.20092077668258
2012-06-08,-165.9585700132867,-166.4575225944472,-169.92790198046143
2012-06-11,-158.7235173667171,-159.12039699782747,-161.43217674996043
2012-06-12,-163.3332544619276,-166.33188205494318,-167.11451544642742
2012-06-13,-156.23933978136648,-156.9014910586304,-158.9004236104704
2012-06-14,-147.49004380644573,-156.0330207636217,-158.67341631756076
2012-06-15,-141.33066069220274,-150.85199279142842,-158.57732731537538
2012-06-18,-148.66046277695318,-150.10589122172223,-157.82451590796464
2012-06-19,-160.45342086317112,-161.35028299845078,-168.24541717057176
2012-06-20,-143.56861333383173,-146.28206439129897,-158.92764426823106
2012-06-21,-147.35169530573506,-152.2378145934764,-159.97997052210098
2012-06-22,-155.96288921441493,-160.97459752007563,-162.82876681302065
2012-06-25,-155.79030946066445,-161.75120373470207,-163.08068511001008
2012-06-26,-139.89580220543252,-148.7318510083159,-161.3260270195557
2012-06-27,-168.63655294789797,-167.19167086230442,-168.13990652741742
2012-06-28,-155.1738141427919,-155.02757368284537,-159.51215914493247
2012-06-29,-163.9670165469202,-165.6962366212448,-168.92999684982536
2012-07-02,-170.4467050511,-168.8569670471845,-170.62025477232675
2012-07-03,-157.33206366665013,-156.55390638837474,-162.62778591332665
2012-07-04,-163.30523865227147,-164.72329207545877,-165.80143568717662
2012-07-05,-152.17036834701796,-149.96303388176318,-155.01366895213596
2012-07-06,-147.46997258674864,-150.25523068781922,-160.63167294149036
2012-07-09,-167.34213908026763,-169.91947796167,-172.07534966516835
2012-07-10,-160.9750891677097,-160.68888800079424,-162.18268034660008
2012-07-11,-162.91276616960997,-165.57244808928047,-169.91217609613844
2012-07-12,-162.32381597556218,-161.5837627240881,-162.13217716591464
2012-07-13,-160.23614877492054,-164.57778140120226,-170.694631498413
2012-07-16,-156.6776542253187,-157.35003842177318,-161.74337717520942
2012-07-17,-161.06820243449633,-155.69927746995774,-165.96854378153878
2012-07-18,-161.5222799165237,-164.7649037083295,-169.7437384156447
2012-07-19,-157.8923668404669,-158.24647958822268,-164.13200068499083
2012-07-20,-139.24099147614066,-147.01297116511043,-155.56033777218988
2012-07-23,-156.38982616318862,-159.72795799869806,-160.97122472155493
2012-07-24,-163.1277054096516,-162.50402424080835,-162.4859584160215
2012-07-25,-161.82830511134853,-164.96591913468396,-168.85445116040384
2012-07-26,-166.01847853126085,-167.1787138527448,-171.38968622948514
2012-07-27,-168.22911813388592,-171.3565133426388,-173.51074880501676
2012-07-30,-158.72537607065556,-158.31468178840777,-165.53540225836082
2012-07-31,-168.64072226931492,-169.88612039709307,-173.19020268370494
2012-08-01,-158.4693669465965,-158.67455282276535,-166.75241541905373
2012-08-02,-143.11505119291547,-131.45932066672583,-152.2089301035627
2012-08-03,-163.33980810326267,-161.61383883419646,-159.75332294227513
2012-08-06,-152.3901285304301,-154.40388021836603,-161.58274763867118
2012-08-07,-167.42365891221743,-169.4539045752481,-172.42188091534132
2012-08-08,-163.50468223489688,-166.51653831310767,-168.99326700800032
2012-08-09,-159.17290428564058,-162.3120826100067,-164.80503643978022
2012-08-10,-166.59434255684894,-169.76950874385886,-168.5364644256034
2012-08-13,-163.4041182980491,-166.65371712403007,-169.8700328429987
2012-08-14,-161.7847030876799,-160.73261695264742,-162.901707756413
2012-08-15,-156.92224060994255,-157.5983176895033,-160.10638571668076
2012-08-16,-151.36186722880603,-151.663584173655,-165.14293094078707
2012-08-17,-169.84246517481142,-172.4722594522377,-173.35481808902446
2012-08-20,-161.16532115635363,-167.74971927914356,-169.51396591765956
2012-08-21,-167.5887861760916,-170.49854358875064,-177.2544891713368
2012-08-22,-163.0426489595369,-162.5437070162999,-169.6316052576997
2012-08-23,-164.43257604319976,-166.39177355380107,-167.44768727357092
2012-08-24,-160.21695931883704,-157.26373061655866,-167.0845567889232
2012-08-27,-168.50042494538675,-170.71998757674078,-169.73885047425705
2012-08-28,-163.24575209043087,-166.18412685361872,-168.67538342995326
2012-08-29,-165.61389816879958,-168.19265879546123,-173.2551590094163
2012-08-30,-159.76398503431827,-161.06814641210732,-165.6088628786824
2012-08-31,-159.73545266988833,-161.61268611820935,-165.57795955431723
2012-09-03,-161.45414639623183,-162.2410810037437,-164.29108903244133
2012-09-04,-153.55268146037585,-150.22596010169332,-157.2202764154402
2012-09-05,-151.80428974416526,-146.71545494106863,-163.96429672735695
2012-09-06,-125.20499494589643,-121.82617910583781,-147.76645932797425
2012-09-07,-152.5281210591535,-155.5166066632247,-161.01778599793315
2012-09-10,-144.08605206495565,-146.57509659306317,-156.41488955561903
2012-09-11,-161.68244194597372,-164.27051261959443,-170.82223054073046
2012-09-12,-159.21262036276164,-160.0851915599605,-160.62603615949646
2012-09-13,-163.74353316765794,-160.1002992238289,-160.52397270314623
2012-09-14,-139.85993018737457,-133.82532134713273,-154.95173713234067
2012-09-17,-164.60935796365823,-163.93403397524142,-168.18154989838504
2012-09-18,-157.8330171019934,-158.26596299219182,-159.43909233102366
2012-09-19,-163.97716711246935,-166.54205550817454,-172.9465635207911
2012-09-20,-165.6555614796078,-166.2981624705166,-173.42809561665655
2012-09-21,-157.30350478400857,-163.26488706045126,-161.1911974073588
2012-09-24,-157.88093097390467,-164.6608906758404,-166.76881522200554
2012-09-25,-167.0077838839357,-165.55280792764785,-167.2397618994607
2012-09-26,-162.27713376729832,-161.82365071795695,-162.9199595854657
2012-09-27,-164.80167644693407,-166.62416574320673,-164.66417001879964
2012-09-28,-156.61273960869232,-160.56931511881402,-164.1860957261654
2012-10-01,-153.6366844053195,-154.27736879470376,-148.95208135531234
2012-10-02,-158.06533363469325,-160.49712019960467,-159.40763825652587
2012-10-03,-159.98216598724457,-162.60957837361164,-167.0756593946716
2012-10-04,-159.8979683838522,-159.05736859098545,-159.66897579627272
2012-10-05,-152.24202505107462,-152.34831407167542,-154.8269082900538
2012-10-08,-161.87865148616797,-163.46923110527584,-164.6308582984924
2012-10-09,-163.6077816969193,-165.51433199447854,-166.10914478940992
2012-10-10,-153.06446953987566,-154.56121337097045,-160.65682160907147
2012-10-11,-149.0754958833801,-144.49996274707175,-148.8490987545713
2012-10-12,-147.77491136037918,-149.72662143038104,-158.86569646949627
2012-10-15,-163.082493648278,-164.2662273923615,-164.22880103547217
2012-10-16,-147.25279371115136,-149.14909975060908,-164.35022706883677
2012-10-17,-155.39840061055398,-160.18880516049418,-167.18517266204074
2012-10-18,-146.49993191918918,-151.52550907678875,-161.78996650537294
2012-10-19,-165.26561562136624,-166.006449210688,-166.03358756565126
2012-10-22,-156.39316790786418,-159.6035291070917,-167.43713084245456
2012-10-23,-161.79664749265447,-164.01835828604175,-165.3806206896758
2012-10-24,-161.11628724149438,-163.03388695777315,-170.21569015460557
2012-10-25,-156.47709466971426,-157.78455023036463,-168.61235675487572
2012-10-26,-154.90921824680836,-159.73907220016957,-163.03647020701533
2012-10-29,-144.5262851483369,-144.97418036615036,-163.96181321974578
2012-10-30,-158.69265129079307,-158.4417474064901,-163.58514598322205
2012-10-31,-135.74326552448844,-142.50944580821556,-163.58432057759762
2012-11-01,-159.98118121213713,-164.0943257959218,-165.9692040701945
2012-11-02,-149.50936353477417,-149.15529522908676,-156.0502184838852
2012-11-05,-141.37700209939527,-141.29058441276237,-147.47062515541643
2012-11-06,-142.71794574171852,-147.9660516551948,-165.26851644794706
2012-11-07,-139.93443940161805,-145.12844966973339,-162.36599270328114
2012-11-08,-161.33022081270056,-159.70622601814753,-165.45525307445823
2012-11-09,-163.95594245474314,-164.90513835971612,-164.82084834698526
2012-11-12,-147.17034480859056,-150.05988068272552,-163.3790062882059
2012-11-13,-167.0846329562931,-166.81891478011988,-169.80840569615106
2012-11-14,-159.9579058876496,-161.95837767387792,-164.86383538347428
2012-11-15,-158.21422370937847,-156.89155200626772,-157.578602717039
2012-11-16,-139.8721136471201,-146.57826425538465,-155.38680656991332
2012-11-19,-150.76198869428728,-159.4844594948137,-164.44658875973613
2012-11-20,-159.14822710310114,-161.56696013855057,-157.9445911388701
2012-11-21,-161.5722091766599,-158.75119657864482,-166.09181820468865
2012-11-22,-155.33799387186468,-155.8553680300318,-158.20486351227268
2012-11-23,-163.80973126091612,-165.7043387180841,-168.42279851313387
2012-11-26,-160.18086317606776,-160.9850597867838,-159.80840783975364
2012-11-27,-161.64103835355672,-162.83808152882017,-164.1868393792255
2012-11-28,-143.85610762832133,-144.44141823838953,-153.61467984017955
2012-11-29,-162.57165876418094,-161.698642517807,-163.87335416718372
2012-11-30,-150.6046585592973,-156.96402796220974,-164.7150128952233
2012-12-03,-140.6399800809057,-151.80409082580826,-163.5051001124367
2012-12-04,-165.48566935838505,-164.30608865609838,-166.20406957866106
2012-12-05,-152.4242255682235,-164.12501360654656,-170.23998849664795
2012-12-06,-155.99591732661827,-147.60263210389456,-157.04625152829334
2012-12-07,-163.17916689276672,-164.33850007125298,-165.93444390505073
2012-12-10,-159.30542379511945,-158.98884299883056,-163.61450998589012
2012-12-11,-151.94829413759803,-155.27087634312403,-169.2921033894643
2012-12-12,-169.9527007839283,-171.1567531896241,-170.7988689079894
2012-12-13,-160.54696254010236,-166.67214705561773,-169.0951956365066
2012-12-14,-161.80276770592212,-163.45954259625478,-167.21750134745295
2012-12-17,-161.4963157107501,-164.1065433496434,-166.34097991554538
2012-12-18,-149.0753748676403,-160.58786175011346,-164.9098942098353
2012-12-19,-160.336716371028,-167.4832984752661,-169.34119031066757
2012-12-20,-148.3268867159277,-140.52291149527963,-149.97165352414504
2012-12-21,-158.0091254269541,-156.5499857128725,-151.55682544173044
2012-12-24,-154.94895744013166,-158.56512961681912,-160.32272014646458
2012-12-25,-160.50761678452355,-162.25378233057197,-165.62037157094952
2012-12-26,-154.17933728918487,-156.51497879009287,-161.96713683702657
2012-12-27,-151.73451643920765,-156.85236397833523,-154.35333293839489
2012-12-28,-168.86073397394793,-167.71558315348918,-168.9341488316794
2012-12-31,-152.10102218592436,-155.88277738460445,-161.84998916378458
2013-01-01,-133.78490673160414,-141.44963616266114,-155.55182946387458
2013-01-02,-165.86325017633374,-165.19502067751543,-167.7376046196906
2013-01-03,-161.31930196396266,-165.6046183566469,-166.84741323627833
2013-01-04,-157.95115389464362,-158.54175700876667,-158.9489537302524
2013-01-07,-160.61949065344922,-159.3227567330091,-166.3556221782961
2013-01-08,-167.4973256741549,-168.7173458827192,-169.6216445161872
2013-01-09,-165.68860065629968,-168.75742992776395,-168.5478161096486
2013-01-10,-122.7227572927559,-126.41792649062444,-137.73579242773627
2013-01-11,-166.10985654824708,-166.27189660230056,-164.0598178602448
2013-01-14,-152.68507544202822,-155.4741745677532,-162.34816206183444
2013-01-15,-155.49035645407676,-153.85413395355778,-158.1419884806683
2013-01-16,-161.1378504531356,-161.3525321963874,-170.04307120753796
2013-01-17,-153.5464505613583,-153.76912530772285,-160.24437914508053
2013-01-18,-167.019618302874,-167.08981194629507,-169.71711985684792
2013-01-21,-143.03368339018647,-145.32870695177553,-153.3339512116563
2013-01-22,-154.0724845933907,-153.4559732386832,-160.58451044890154
2013-01-23,-138.43166474744677,-141.6879143191856,-157.40574838098644
2013-01-24,-146.10541451475734,-149.34002774298327,-154.48402412402066
2013-01-25,-151.49191784410357,-155.52715540852353,-165.1487882139325
2013-01-28,-165.1772513593034,-165.71306985194227,-169.56125390622958
2013-01-29,-165.1701418041545,-165.54836220014357,-165.71940630350264
2013-01-30,-154.10255438511865,-152.25443132410578,-156.87191227331135
2013-01-31,-135.89240248745944,-139.3001130089158,-159.38311394880898
2013-02-01,-146.09210540085763,-147.46647853321085,-163.75047550610856
2013-02-04,-145.97047431036958,-147.46295848553333,-156.1937261815891
2013-02-05,-161.03672565584597,-162.2028175640542,-163.3314768178562
2013-02-06,-139.6811077555269,-144.14678194351464,-154.53353617015878
2013-02-07,-131.4098515279362,-132.84200256396133,-143.01963845912977
2013-02-08,-146.6716891966033,-145.41161133317192,-142.08112406556643
2013-02-11,-162.88972235587772,-167.05010193465614,-170.15473325510166
2013-02-12,-159.33209427594656,-162.9752380481362,-165.68721354112952
2013-02-13,-150.35185508318577,-153.78190119626166,-155.7418603958731
2013-02-14,-156.29674702197875,-161.68907656983606,-162.03049399837354
2013-02-15,-156.21189860635212,-160.53214263946248,-168.20102564816264
2013-02-18,-142.4397740922173,-146.90817888175067,-155.76585169916433
2013-02-19,-146.84561829352782,-153.02096651911555,-156.81662779519567
2013-02-20,-153.81617807224413,-152.30283949108906,-161.98306804655527
2013-02-21,-151.36057935511994,-153.73431009578294,-161.31006874206378
2013-02-22,-154.14501596880015,-157.31985008903445,-158.298677167672
2013-02-25,-152.53327624079486,-158.93663896087816,-160.04299314877775
2013-02-26,-165.6563832143277,-164.78989768136233,-163.73503572605188
2013-02-27,-152.79458152963963,-154.7033120261723,-159.43745384695282
2013-02-28,-164.61079034880086,-161.69590426489384,-163.1671046794033
2013-03-01,-159.89199582652742,-165.70224933221988,-168.76087266995768
2013-03-04,-135.65646895605013,-148.01794575180475,-149.53495448704842
2013-03-05,-162.40840138536515,-162.8893060761947,-162.96303946037568
2013-03-06,-154.16353776865623,-156.59465756480748,-160.43876231056842
2013-03-07,-160.11521870295837,-160.7084087417959,-163.18062566731314
2013-03-08,-148.97310285543327,-152.31091329966526,-148.8779813343176
2013-03-11,-162.3081963005756,-161.34629676384023,-169.31159924225344
2013-03-12,-165.13859217410828,-166.2728974173072,-170.0315815639236
2013-03-13,-167.52488542175004,-169.64390227393073,-168.4179969152326
2013-03-14,-162.60149835695276,-166.09461311693903,-166.08627427814116
2013-03-15,-152.60155381881407,-152.44312014183555,-157.09261607411008
2013-03-18,-132.82745548404216,-141.15822837752185,-141.26025138433425
2013-03-19,-160.42693517269072,-161.09477788866508,-169.2968674975487
2013-03-20,-149.14201020106964,-146.92391106499724,-156.87647797757967
2013-03-21,-157.24034575346104,-163.42594002413676,-166.35178430925265
2013-03-22,-148.99502939562734,-149.78015883091393,-156.42691585170326
2013-03-25,-169.91790421426398,-170.4924033569614,-171.4122734335229
2013-03-26,-164.76728330607335,-163.58194601176228,-165.3899383809881
2013-03-27,-163.73498782361042,-164.6805464915175,-165.0279543986844
2013-03-28,-141.80801197259126,-147.3414022941056,-150.78915099549073
2013-03-29,-164.7624380431458,-166.7225679501864,-169.91573722133037
2013-04-01,-155.56930681060408,-159.97501266070705,-153.34975240026907
2013-04-02,-167.53642589387738,-169.27879872966756,-171.01559587535317
2013-04-03,-136.52088109172345,-142.78075145168538,-157.96101309545213
2013-04-04,-163.61671850088374,-163.37984442645492,-167.49561400999875
2013-04-05,-151.76308276933457,-151.67651183984628,-157.0120131877104
2013-04-08,-153.96844471013526,-155.97104548062097,-157.05767327083245
2013-04-09,-151.9022886546684,-156.57780431004142,-161.48330616134783
2013-04-10,-156.71308650949533,-161.24727172367318,-168.5919410046798
2013-04-11,-152.953470723307,-161.5461282691263,-161.22142070791512
2013-04-12,-148.47016680680085,-151.57209776755315,-160.1151106652813
2013-04-15,-144.655884323054,-151.41149229589874,-153.47067089868207
2013-04-16,-163.02910199580216,-163.3678727111904,-166.1215628350326
2013-04-17,-162.94801327320798,-164.54044380588573,-168.94183804706924
2013-04-18,-163.7280840528506,-163.87372752324615,-168.75255735221396
2013-04-19,-159.79230877461617,-159.7699888467114,-164.2677752614921
2013-04-22,-156.42144016180413,-157.7805492917457,-161.07912911443236
2013-04-23,-161.48802598136103,-158.92260673484702,-168.16958017389896
2013-04-24,-166.2789885489264,-164.15962881960598,-166.76777665888144
2013-04-25,-163.14553768125128,-168.12484536163691,-167.59426489909802
2013-04-26,-162.31282247853923,-165.5547349900378,-168.06540515945642
2013-04-29,-157.561538869867,-164.07749571883042,-164.0935653996946
2013-04-30,-152.89858311227033,-154.8752222079537,-162.93473156608871
2013-05-01,-172.7406108695038,-175.5072794144987,-177.80783509168944
2013-05-02,-160.82532875764673,-155.44352882597073,-156.27391571586057
2013-05-03,-156.07156780195726,-161.36005305556563,-159.0871215841257
2013-05-06,-165.20504571993655,-164.95563235734673,-172.45840440779565
2013-05-07,-163.32314449910274,-166.02898522073585,-169.52955016784358
2013-05-08,-156.56860083444533,-158.98684970159445,-169.30917334624428
2013-05-09,-167.93133935041055,-169.7125907022282,-174.86746470923165
2013-05-10,-157.21841473661712,-160.95650706911636,-165.19039323755888
2013-05-13,-163.0356427031189,-163.57446784858675,-169.55538487504427
2013-05-14,-159.73591064397218,-161.68401244291024,-168.8208711889555
2013-05-15,-153.68132254731353,-154.35101165130305,-167.03710881660515
2013-05-16,-149.53339137947358,-146.5377602439713,-152.45692623864255
2013-05-17,-151.34041679253562,-150.90533228440935,-156.76424913532153
2013-05-20,-151.53424980636694,-154.04519554300805,-160.13181306418454
2013-05-21,-163.54975951179807,-159.1002905087098,-160.14054410791573
2013-05-22,-160.0051930914428,-162.1327856483571,-166.7956597918906
2013-05-23,-167.79592347542535,-167.64367070622302,-170.90353274374021
2013-05-24,-141.06270098740106,-134.31534931081742,-147.1856530493009
2013-05-27,-148.93798264002038,-152.1618062683826,-156.99060998162503
2013-05-28,-147.9975700419295,-153.78788526663328,-151.60133566142846
2013-05-29,-162.81745640135273,-164.92895799930136,-168.83575658929678
2013-05-30,-171.95238597893868,-172.3834017946543,-175.29664287637232
2013-05-31,-158.8154388132309,-163.59798931642914,-161.8294490250546
2013-06-03,-170.4934325311722,-171.57604163276076,-174.04869954879453
2013-06-04,-151.5813569006655,-152.6959884157065,-159.3113958181974
2013-06-05,-151.70842725344028,-151.35294572354542,-168.47596714490453
2013-06-06,-157.27264484151036,-159.81609484069,-161.2335041272928
2013-06-07,-150.6389893837373,-154.79872414113296,-161.28970974491054
2013-06-10,-161.82967434461352,-161.1835844211084,-164.7226101868172
2013-06-11,-155.84254173813864,-158.19416349912916,-161.80895488263866
2013-06-12,-156.69385509371216,-162.77253469742828,-170.8402756318205
2013-06-13,-156.9648029205789,-155.27681713223265,-161.81121007241887
2013-06-14,-166.17358216055874,-165.54809040736276,-164.7328897516597
2013-06-17,-140.20300458346722,-140.51697778177285,-147.0932015914037
2013-06-18,-158.47499537808045,-160.5276615312625,-163.39301033136184
2013-06-19,-109.34597258897972,-122.3788615247451,-150.6796705865873
2013-06-20,-157.66193935958802,-159.1989712907636,-169.47972454062514
2013-06-21,-151.28458013973713,-152.6871298632964,-163.6095650100301
2013-06-24,-164.15054845530452,-165.52682323735812,-171.39177817244158
2013-06-25,-151.2469720395417,-151.29542396195555,-162.31358719962898
2013-06-26,-131.3930661925951,-135.02327705653803,-150.26864018598565
2013-06-27,-160.04318800324126,-161.1755090302628,-170.7531235142997
2013-06-28,-159.2393938217243,-164.0675723878715,-167.08803396094467
2013-07-01,-147.74955865933916,-150.41275375840848,-165.57576663796223
2013-07-02,-166.6649187952233,-168.92065605959095,-172.47876806961858
2013-07-03,-160.60432397141383,-157.07751251801665,-156.93979173173204
2013-07-04,-150.80721409551958,-150.97524821934985,-154.37433179624517
2013-07-05,-163.58970413478488,-162.34847181947936,-160.59428415371474
2013-07-08,-158.43318573434587,-156.66480572914006,-165.85776805964394
2013-07-09,-153.4715468576177,-155.0630161090557,-165.48208607158898
2013-07-10,-161.30271196807774,-161.67083229081828,-163.96969226406532
2013-07-11,-148.2231477314198,-149.58639936291797,-163.887142931823
2013-07-12,-159.2412803115371,-161.19800572023712,-170.58974504350758
2013-07-15,-146.18535068466528,-141.5875518681217,-161.75471673444358
2013-07-16,-163.78969648081718,-166.03994878401775,-171.71144659782433
2013-07-17,-167.73978662661807,-168.739299307466,-172.16972502372587
2013-07-18,-164.44397597147434,-166.1064441704198,-171.03419641736141
2013-07-19,-155.62532106635783,-153.27957264337658,-162.82744502283273
2013-07-22,-171.32911398428456,-175.32983232401847,-179.20184277139194
2013-07-23,-159.02042249020764,-157.17363480617823,-154.7769606490749
2013-07-24,-161.37066553108474,-162.6375894212548,-168.475260399777
2013-07-25,-158.92396763968017,-160.2677156686454,-164.7129732771368
2013-07-26,-166.63863774631986,-168.28161906022206,-173.96027747098762
2013-07-29,-161.05435835039796,-160.65248254023976,-162.39098683779312
2013-07-30,-161.2981002150648,-160.19216571005725,-163.01458428294637
2013-07-31,-164.07790117178283,-168.1550504085593,-172.05895957728418
2013-08-01,-166.45720358500282,-166.00319109872402,-170.41702427439043
2013-08-02,-156.73253475517325,-159.6993510169872,-166.9114242375902
2013-08-05,-160.0608589596923,-157.19507946389555,-162.0812477005177
2013-08-06,-173.8670789783775,-177.8254924838463,-179.64450752508037
2013-08-07,-163.5583442626954,-164.10045964908957,-167.37633510947
2013-08-08,-163.62927171299327,-166.5051609948136,-170.2390247112754
2013-08-09,-156.19012091755187,-155.28436780872372,-153.4720832371121
2013-08-12,-160.90096132748658,-161.27359831137272,-170.08556763783696
2013-08-13,-164.7601342302192,-165.32461100265908,-169.6965494368891
2013-08-14,-169.30661115322562,-171.09660582913236,-174.39229017727496
2013-08-15,-168.55401554834634,-169.0010215423635,-167.83927352820766
2013-08-16,-153.58500939156573,-146.1689049367572,-161.87815061086772
2013-08-19,-156.44093721276116,-157.18741366536312,-161.86645929837135
2013-08-20,-145.98154036742824,-140.2125682356677,-150.13465333711758
2013-08-21,-168.10981075905067,-169.1025406547562,-169.4100572430103
2013-08-22,-159.78902410383137,-160.91004822741922,-164.5363542753604
2013-08-23,-164.56838117877587,-166.38322830997348,-171.89775129460966
2013-08-26,-150.62104355744555,-148.47298109375203,-153.92183234494118
2013-08-27,-157.15909968212407,-159.13533144665047,-167.78668732107323
2013-08-28,-162.22766422084783,-163.56070866272154,-166.39312171592945
2013-08-29,-143.5727275125807,-148.35098072251418,-153.47562689243284
2013-08-30,-155.9467132787622,-154.99606046053603,-158.91482103687184
2013-09-02,-156.76157673596626,-158.59600905508034,-165.15494747588585
2013-09-03,-154.1637807499402,-153.71599237082677,-156.94872632970703
2013-09-04,-153.07730067385307,-154.67829842424672,-167.02648858550754
2013-09-05,-135.92311950026394,-138.78167580534875,-161.0748204266708
2013-09-06,-163.1417063439522,-166.0739428815587,-166.79280517166606
2013-09-09,-162.7494825703473,-163.88685980991667,-167.80375943071962
2013-09-10,-154.09175228555733,-151.79800171375592,-153.16171493124338
2013-09-11,-149.65859013740135,-153.79720028260095,-159.95042578497328
2013-09-12,-146.34973983136595,-157.27765828876687,-158.281436042186
2013-09-13,-104.23561931965816,-126.19799173383794,-142.49424984142024
2013-09-16,-94.05829555298868,-125.08187551791163,-146.9531801580713
2013-09-17,-167.4389800424597,-164.93739396200237,-162.32129524901842
2013-09-18,-157.69441235777654,-160.3233201699181,-163.69289900061798
2013-09-19,-162.44560757153315,-159.93751674313864,-160.41380234311956
2013-09-20,-167.64882394760986,-166.1230355829552,-168.21517595523378
2013-09-23,-143.23773489106986,-152.67717796102357,-157.63536936007776
2013-09-24,-127.33251006730876,-145.75023610752137,-151.49679493528203
2013-09-25,-159.0044899144415,-156.50967650032447,-160.80856329077207
2013-09-26,-154.1060994133108,-154.74533182299825,-162.5824706127949
2013-09-27,-161.82962774780037,-167.91543731245125,-169.76250319983623
2013-09-30,-160.54120271486912,-163.3821644803641,-165.9595740101511
2013-10-01,-157.26149678230874,-163.12678038592256,-157.77616604826488
2013-10-02,-147.22808246640935,-151.49594880934805,-158.5599974694973
2013-10-03,-150.18369685625885,-155.31434808398893,-163.39535665797808
2013-10-04,-156.86932616314587,-158.46888234755812,-162.42601456335308
2013-10-07,-131.45320749157588,-141.26883205657947,-155.90716002034404
2013-10-08,-160.64909689610036,-157.1923928768037,-159.89529175410138
2013-10-09,-154.87836532398006,-154.74662858926118,-163.7845411985459
2013-10-10,-159.07174289844096,-163.69475769708592,-162.79436641857137
2013-10-11,-150.98340155129526,-160.44113508884612,-161.78079147221922
2013-10-14,-155.18938022404163,-158.84671595650295,-157.84437286966502
2013-10-15,-119.96637463137549,-137.35498237205675,-147.840143298709
2013-10-16,-155.119886237187,-156.7843685379864,-162.96938183719206
2013-10-17,-150.90611824073991,-166.68592853948743,-169.752380801239
2013-10-18,-150.97948443046283,-156.67743713509466,-158.1331956727656
2013-10-21,-149.3078713654399,-152.35932909076988,-157.41169306740733
2013-10-22,-162.75809717878894,-161.2512985157755,-162.34062335863533
2013-10-23,-147.6244630264301,-149.31119301311955,-158.46755989510226
2013-10-24,-133.75999989978754,-153.3245070366322,-152.50201530479552
2013-10-25,-154.7621309555134,-157.64091065362703,-164.5280631965116
2013-10-28,-159.06615288074846,-162.7345607537385,-166.6350922084537
2013-10-29,-148.74559377789396,-151.4374598962487,-156.33233577876425
2013-10-30,-156.92777741658878,-154.36407835318732,-158.07971892879195
2013-10-31,-165.93269340545513,-160.4000591225473,-156.3760166787527
2013-11-01,-124.36705802571049,-143.4336486903826,-159.99334506136793
2013-11-04,-151.43008812339096,-151.36171674243354,-159.35590094097225
2013-11-05,-168.89157315871898,-169.664672791247,-169.48400900423846
2013-11-06,-163.15417707450212,-163.391959906162,-168.65038286824125
2013-11-07,-165.88897745010127,-165.75084744754946,-169.79572629269555
2013-11-08,-150.68747066079453,-147.7522413476321,-158.95972831409662
2013-11-11,-158.7347158050987,-158.24110841012373,-159.2702565260887
2013-11-12,-154.74956190544899,-154.2552739727774,-160.33986707228462
2013-11-13,-164.6238738701749,-164.613455755548,-166.56353122463645
2013-11-14,-162.41232723568658,-163.55279351013166,-165.20748293127082
2013-11-15,-162.49961985093503,-163.21875599736723,-165.26673173592175
2013-11-18,-147.90309065007284,-143.5326166733525,-155.8147251888924
2013-11-19,-159.33645856028286,-162.42732182088125,-166.02042355468535
2013-11-20,-158.3188064020721,-154.80822198030495,-160.28548128772215
2013-11-21,-160.80000743668313,-161.9163002589305,-166.23135797066334
2013-11-22,-147.34832558919805,-147.9118316992503,-156.00790887768417
2013-11-25,-167.071223210177,-166.14862223858358,-165.41165006066416
2013-11-26,-157.94029339827435,-160.15413935611065,-168.75550545932512
2013-11-27,-158.0175157617158,-160.12008473198213,-163.69372590754887
2013-11-28,-163.5664994324746,-162.54332854231666,-169.42974074031846
2013-11-29,-146.57757756184904,-145.55714887699628,-159.46354706944518
2013-12-02,-158.1393088924334,-160.48546860505564,-161.65751358265098
2013-12-03,-166.15262529696506,-165.99284500076843,-167.92606277957364
2013-12-04,-155.15359385109852,-160.06183305662097,-167.63334940934047
2013-12-05,-156.06016084762865,-150.95646233448704,-154.7958203542965
2013-12-06,-143.99856506948635,-148.45173364454934,-156.2317761400257
2013-12-09,-155.84749443926594,-156.23047540168034,-156.60796953432947
2013-12-10,-133.87695783965296,-140.1942606871337,-142.28847400256274
2013-12-11,-150.64203804638095,-152.23779964389837,-158.21638030169618
2013-12-12,-135.40755402010723,-145.64243564059373,-150.60873797903733
2013-12-13,-132.2277819811337,-134.88847616618264,-146.06661030246474
2013-12-16,-161.90858431427486,-161.7134853154319,-162.06164428201782
2013-12-17,-154.6655345053578,-157.3346575983559,-163.5794493710093
2013-12-18,-140.96908048442128,-148.54431656313122,-155.76383042010707
2013-12-19,-135.5898324571681,-152.09085809925875,-156.0652558676521
2013-12-20,-129.07864507519147,-136.05390998362267,-146.88136337341524
2013-12-23,-151.0750188198924,-159.14055652713694,-162.55587242661457
2013-12-24,-112.90404772806218,-142.673999454965,-153.83632420291588
2013-12-25,-150.04937514716366,-158.14468007903122,-162.93332723159327
2013-12-26,-124.5203664215031,-136.15519013500318,-138.00917962810183
2013-12-27,-151.17276966445988,-141.01083309502528,-150.6911181135396
2013-12-30,-149.4972614779368,-156.71838664235415,-158.30931274081976
2013-12-31,-162.6807086572016,-161.856102560705,-161.1524028330425
2014-01-01,-125.99855261499616,-141.1237503405398,-143.98419765674774
2014-01-02,-160.2730556004613,-162.6142173662541,-167.00761484595554
2014-01-03,-155.90369694191725,-162.71768685172583,-162.4733065301971
2014-01-06,-155.00191681313663,-153.89229524416643,-157.68684550673913
2014-01-07,-135.81109815016654,-138.18250712363428,-151.717302924296
2014-01-08,-148.52420983423866,-133.30283135984297,-141.40950188574638
2014-01-09,-151.7646500947897,-154.04672877208054,-163.89431611906662
2014-01-10,-151.8749187013453,-154.91042330864903,-159.23159333410024
2014-01-13,-112.94782784939932,-131.86528112125208,-133.72818855372702
2014-01-14,-147.50905886210384,-150.0018872709543,-161.85693231125018
2014-01-15,-135.36949684254182,-148.6391481118644,-165.1888008392848
2014-01-16,-149.36081842982384,-152.3051403490246,-155.27536922413645
2014-01-17,-146.4871886737912,-149.644180188615,-153.4180939047154
2014-01-20,-156.89663049027388,-162.51365795876927,-167.3422186946575
2014-01-21,-129.29367807435912,-141.25518217948405,-151.7325519269215
2014-01-22,-118.08087891999227,-142.96713833665686,-149.4830639567691
2014-01-23,-157.31895601743565,-160.08732002414416,-160.13096437864107
2014-01-24,-157.68973192485615,-163.37771959753007,-164.8420997214966
2014-01-27,-132.03850768295106,-150.5063695227479,-148.68441481770014
2014-01-28,-114.83959255764769,-146.8536347220581,-154.72812310656732
2014-01-29,-146.27036686845327,-156.7259102978772,-159.4281444062612
2014-01-30,-132.8428646059982,-146.80568243513198,-154.2962947457802
2014-01-31,-147.23026386718703,-154.71258106268516,-160.10227787305604
2014-02-03,-132.14461031769434,-155.94772389121724,-156.2345929449479
2014-02-04,-111.33942432406607,-129.29736514859496,-140.46569807983178
2014-02-05,-136.54323392339197,-143.4748656588418,-152.83543611104665
2014-02-06,-92.52734197463762,-130.8731936371694,-136.12612554444294
2014-02-07,-152.53229721233603,-155.6935416095251,-161.41426971179646
2014-02-10,-150.3171186068983,-147.811067162753,-150.25485216072292
2014-02-11,-121.95940443113915,-136.84673468959141,-141.19918327994935
2014-02-12,-124.99019643491012,-147.09635567110945,-148.25124270924618
2014-02-13,-125.71037300260974,-141.307125038704,-154.05573688371845
2014-02-14,-130.3307563991412,-150.52437487309209,-152.0454608562359
2014-02-17,-133.70318457741078,-150.8950528736274,-151.55668964601392
2014-02-18,-141.2801414699697,-150.617174669994,-152.06443264862642
2014-02-19,-155.10367634781971,-159.23679495435653,-157.93178303096366
2014-02-20,-150.82933078233148,-145.142914337841,-154.5447761188885
2014-02-21,-169.42410340813862,-165.9680339139466,-167.4468873682567
2014-02-24,-157.67903910215463,-157.46806336161433,-161.2779856427099
2014-02-25,-147.09475084808025,-155.21097228500125,-162.59980594732585
2014-02-26,-147.78729794997685,-154.12371843176183,-151.07520834559995
2014-02-27,-152.94443876343294,-155.381963739328,-153.1546000003948
2014-02-28,-162.5200871838279,-159.28022320161085,-162.89009116232097
2014-03-03,-163.85145946880598,-163.53377107458834,-166.84490505732563
2014-03-04,-127.93894601587294,-147.68142634921483,-147.26722141108695
2014-03-05,-161.0967443333399,-156.3045972382233,-158.24993380117883
2014-03-06,-112.39331797491572,-141.97547073064013,-150.3172743526871
2014-03-07,-166.1603713741764,-165.6318472239548,-166.74670404683178
2014-03-10,-155.08537215642303,-151.82480469750485,-153.926001813211
2014-03-11,-162.85625583672456,-166.33979404715603,-169.41909772907806
2014-03-12,-154.8261206064823,-159.56214950806373,-165.30097436307514
2014-03-13,-147.48058199737565,-144.09516414890675,-155.03105662691127
2014-03-14,-150.04557488444038,-144.82063933057952,-153.74810782365475
2014-03-17,-161.8756030005369,-163.23045332561898,-164.79564486738684
2014-03-18,-132.28466713300446,-135.9739054543442,-147.0199630335421
2014-03-19,-159.1635174296578,-163.05813154921904,-169.5253832037452
2014-03-20,-124.60565487878414,-146.37076712121484,-150.18670202244107
2014-03-21,-113.31474027393398,-149.43548285925442,-154.92348576215778
2014-03-24,-128.66843136579817,-145.689570113196,-154.60299951371957
2014-03-25,-147.22653384593934,-155.0370303058272,-160.88692015898636
2014-03-26,-165.65218418516025,-153.9622690024105,-160.1936289269214
2014-03-27,-166.02937305744567,-158.3575370882572,-161.48507980568337
2014-03-28,-146.38960612803874,-158.85859511422055,-160.4243718624574
2014-03-31,-145.16545785984934,-152.59652610523625,-156.09992317901177
2014-04-01,-155.82561240370427,-155.56384142763218,-154.2467360413093
2014-04-02,-159.64805063343266,-160.06956047404768,-162.5596079411602
2014-04-03,-163.78841104149478,-163.97710138851815,-166.00464217802448
2014-04-04,-127.50629758987407,-131.60236592451972,-146.09292659392673
2014-04-07,-156.81236322860266,-152.53821285544478,-153.68045857075688
2014-04-08,-154.27090365810218,-155.207835355852,-157.40111599414584
2014-04-09,-156.17084685533297,-161.8762419981569,-161.49332039556913
2014-04-10,-163.51399398836384,-163.9367874216336,-164.56523655564524
2014-04-11,-146.36007228788012,-145.0370717996375,-142.6998034265725
2014-04-14,-143.69471360734707,-142.49635620249308,-142.46939796816434
2014-04-15,-134.72878467720568,-142.58958148376328,-148.58999770668592
2014-04-16,-129.61916050699875,-139.57756028549875,-154.37358330663477
2014-04-17,-152.38567421186843,-148.67105995574644,-151.3347556974568
2014-04-18,-156.41199601436674,-152.97520448453255,-155.2052206687299
2014-04-21,-154.3568447328428,-158.07052714609839,-159.98534651456686
2014-04-22,-145.25720585375345,-140.36009457432556,-157.8394128481351
2014-04-23,-166.3781390217209,-165.8474103158279,-165.8781689706305
2014-04-24,-155.16535919228662,-150.69592336764134,-158.9426566847325
2014-04-25,-153.05936041897675,-153.07142682178184,-153.9561603640004
2014-04-28,-157.29785590957738,-161.08380130421972,-163.64874262255722
2014-04-29,-160.90956246849473,-160.9672075209344,-159.84089231353985
2014-04-30,-128.91275094308503,-126.72710664195486,-138.45301302000297
2014-05-01,-158.57401387416795,-156.07439727736866,-159.16623253122512
2014-05-02,-162.96473412481262,-162.8668242969147,-163.4043021190583
2014-05-05,-150.36248047266577,-145.8940275162787,-154.32477238690637
2014-05-06,-151.62314505064856,-154.11399579379216,-151.90886099782415
2014-05-07,-156.2624188325762,-151.3937314649388,-162.70873044562532
2014-05-08,-141.52056887105948,-140.36262178700605,-153.67633086944318
2014-05-09,-154.4680706004835,-153.846512370516,-156.12109596866964
2014-05-12,-156.26944722937196,-155.16164962158336,-167.16594147938343
2014-05-13,-130.48688227928,-141.61030281490264,-142.96667215998073
2014-05-14,-159.4902318502164,-160.3191628904052,-163.00059735252725
2014-05-15,-155.12134694451396,-156.34419517132537,-150.59268922491407
2014-05-16,-146.4365005577892,-153.72106488174643,-156.4854125224056
2014-05-19,-142.13994521222043,-143.60349711055554,-153.52206265318506
2014-05-20,-165.17699593391,-167.02273144100297,-168.7335004504
2014-05-21,-137.5772658679664,-138.29468149413418,-151.87141523278055
2014-05-22,-153.08764865542085,-151.50738939059414,-157.23822218004034
2014-05-23,-158.34108706691714,-158.7505221896567,-163.1088577274304
2014-05-26,-158.29112376175647,-159.57916922503227,-156.33462261114977
2014-05-27,-156.57638232638044,-158.0337865414378,-159.40434869433517
2014-05-28,-157.030971052302,-164.08555744600656,-170.6381065048001
2014-05-29,-145.71695425937122,-138.93064780419124,-150.02039011269483
2014-05-30,-153.38157708135583,-155.47201946886122,-159.39034345687455
2014-06-02,-152.54092804162445,-152.3676106518121,-160.05135841998808
2014-06-03,-155.98682104959707,-157.00859791860998,-162.2629329632556
2014-06-04,-132.79125238300855,-139.27609904431318,-143.69160369320997
2014-06-05,-166.65199610065628,-166.19289068102316,-169.18390683759182
2014-06-06,-157.71527335057712,-157.76527568374124,-162.4185139975248
2014-06-09,-150.50674001657683,-153.1833872145607,-163.21886648990983
2014-06-10,-155.72106947480887,-151.4503808991908,-159.0850270396694
2014-06-11,-167.2104222574928,-168.8549310861378,-170.54125673304137
2014-06-12,-155.83043157067837,-162.22319733756328,-162.53607578123564
2014-06-13,-158.84714947545726,-165.63506539695572,-164.12046721054372
2014-06-16,-165.5789558430332,-166.07322043332246,-166.5124912339463
2014-06-17,-159.9647341857329,-162.5003322356484,-167.8498240044276
2014-06-18,-162.69556941922593,-163.0333631563383,-168.97603581103718
2014-06-19,-159.55609550293534,-162.08566617845898,-161.9465850108571
2014-06-20,-158.582827150666,-161.1303317174658,-163.83332178833598
2014-06-23,-148.3742062854411,-156.58261424531125,-162.42195014006938
2014-06-24,-164.53562197676587,-166.25262119935934,-170.1939593505618
2014-06-25,-151.27709520445876,-154.70750396506497,-164.48272392731536
2014-06-26,-166.23803703608317,-167.0646429706056,-163.90767017912154
2014-06-27,-157.17653132865235,-161.6629957665951,-163.70007588043956
2014-06-30,-155.21439761235084,-156.10836673679262,-156.97875955741583
2014-07-01,-155.67444011546823,-155.54081135558076,-155.98029968651042
2014-07-02,-162.1322384570061,-163.24017212925048,-166.07983357816084
2014-07-03,-144.05278913653967,-140.7008789673483,-149.1176754682068
2014-07-04,-153.9665267979016,-159.74478590726986,-163.3047362288864
2014-07-07,-161.85120093298744,-159.91509135065027,-160.70427654990183
2014-07-08,-148.86487761085507,-154.5906086063199,-155.40641348796268
2014-07-09,-161.65802727220526,-163.5032388855739,-165.7606362913841
2014-07-10,-139.70012538880457,-142.17252569997288,-143.98378136923998
2014-07-11,-161.476565156089,-160.56826949228912,-159.5027278829602
2014-07-14,-165.84559754365958,-168.40136142599616,-171.90806484898118
2014-07-15,-164.75328171871226,-168.4238237643897,-172.37476123726466
2014-07-16,-164.33729144683576,-165.54053625236995,-171.4066963046816
2014-07-17,-163.6790478642383,-164.49107468177758,-165.25439769618285
2014-07-18,-158.56469159381243,-157.6850301846961,-162.32049130313524
2014-07-21,-162.30357886143216,-164.61858171550466,-166.29712606695597
2014-07-22,-146.88520297961358,-148.28531287573065,-150.4468881120191
2014-07-23,-161.51819555512245,-160.70646983653765,-163.73193113680054
2014-07-24,-153.58646438016834,-151.27806571809532,-156.65897628295434
2014-07-25,-154.01477155634822,-156.8545238218082,-157.11937084905648
2014-07-28,-165.24131477762958,-166.05124364467503,-167.8906278711632
2014-07-29,-155.03157955320356,-151.16077421042777,-158.4381767436296
2014-07-30,-150.70369734840872,-148.83522433934604,-156.55060189228527
2014-07-31,-166.2929735906379,-165.35113580565707,-169.74491700745094
2014-08-01,-144.24121479737516,-141.74697704012107,-137.6720040567893
2014-08-04,-166.1632979040171,-166.30756398090722,-169.67305971761516
2014-08-05,-149.66885732608142,-145.9651357398847,-153.9562079034204
2014-08-06,-128.22661982261653,-132.65997417663434,-135.86339550439124
2014-08-07,-160.91408026977294,-163.32296062928947,-163.09468465426156
2014-08-08,-153.98366238678193,-155.51864424352027,-160.1932056024626
2014-08-11,-151.15022784084064,-149.20170091800512,-153.16622475702374
2014-08-12,-148.97452052203266,-155.42013278256002,-164.912652769511
2014-08-13,-168.34609781023343,-168.84697812759106,-170.720571507242
2014-08-14,-142.53669620770933,-153.0022018565924,-162.7782017024106
2014-08-15,-163.00856271067772,-161.97488542240205,-164.4254887113437
2014-08-18,-138.29267973362244,-150.082537950219,-157.50968323479674
2014-08-19,-157.34745781093892,-161.64890591174094,-159.77493868066128
2014-08-20,-133.04687679171678,-155.00769167821778,-163.55195761589914
2014-08-21,-150.97512718829415,-160.4498006879626,-165.8945404332428
2014-08-22,-136.63996426393658,-150.60240977172163,-158.26971320284332
2014-08-25,-138.15970504218552,-155.10113411592485,-162.47771334861633
2014-08-26,-142.69906435030026,-148.84918498068566,-157.31567684021135
2014-08-27,-139.728472082976,-158.17545249311382,-160.93364728424228
2014-08-28,-160.26664651716774,-159.60069317597373,-159.21907448289036
2014-08-29,-151.10207329724454,-150.86305956058033,-156.2143427264277
2014-09-01,-147.5767446284133,-152.57967010203328,-158.51167330388765
2014-09-02,-149.8871619615164,-156.17674229471965,-157.51350517861283
2014-09-03,-164.66019431078456,-165.45024202078704,-168.83673498973758
2014-09-04,-149.11366497105206,-162.19518239942465,-168.11624848972943
2014-09-05,-143.20923187041194,-151.2504964303011,-148.72720978766472
2014-09-08,-137.000120355446,-151.52274692119667,-156.8850782362498
2014-09-09,-162.00094506650257,-159.7912549909723,-163.6924609861514
2014-09-10,-141.92423484979847,-150.4038338653403,-156.4949262580718
2014-09-11,-130.7986569277398,-152.08181518705157,-158.78411643533818
2014-09-12,-165.3166078988864,-162.76881019687477,-167.27860544656497
2014-09-15,-126.99822282673328,-149.10591738800017,-157.00794957930412
2014-09-16,-151.24143575247808,-160.2685516884867,-164.9408354260384
2014-09-17,-142.06378489661375,-154.59979268470494,-157.8698275639791
2014-09-18,-137.20348074578297,-147.0036537469968,-144.5138909307699
2014-09-19,-147.47185251271202,-158.91668344165177,-158.28064753552243
2014-09-22,-154.74725003427707,-155.73913282270607,-158.72993475423374
2014-09-23,-148.32602241478028,-154.8724338772503,-154.2529043765962
2014-09-24,-165.3545807771079,-162.74977024917746,-166.8234677815811
2014-09-25,-142.84616820727354,-152.2391229032788,-152.3213741161232
2014-09-26,-151.63807273761157,-152.5836067948383,-156.0991238908663
2014-09-29,-163.0021500014605,-159.36597438682145,-161.9977336614894
2014-09-30,-157.27291436209956,-154.61847239057508,-157.78007467518327
2014-10-01,-134.4480170209044,-152.0550466732242,-155.70419290922155
2014-10-02,-163.12854845980135,-163.8466393631585,-168.27762640472204
2014-10-03,-163.03369832506758,-166.86280794165629,-167.8255724757019
2014-10-06,-150.81574626696604,-151.7086125654485,-158.93684497285835
2014-10-07,-154.84500305869835,-163.35745818937667,-164.95248747764666
2014-10-08,-166.0751725628285,-169.6495607190727,-172.70579115862319
2014-10-09,-154.73137037972074,-156.3429833070919,-165.66278435655988
2014-10-10,-156.5039214557844,-159.58579648060567,-163.23474591795403
2014-10-13,-149.6236505013462,-145.9186443531549,-157.36012454085608
2014-10-14,-162.6925412736546,-164.4406491971356,-167.28065757071144
2014-10-15,-141.16371679839105,-136.90064366319083,-153.01537637277104
2014-10-16,-164.4355288420501,-163.11180867346982,-166.90807022584198
2014-10-17,-158.756994844437,-158.68033707879857,-165.4583018034977
2014-10-20,-156.1074844377012,-157.3295529914289,-163.35998291504697
2014-10-21,-163.14031520777678,-167.8319780854722,-172.97305461213566
2014-10-22,-148.54792100952943,-149.76695111543788,-154.32171035049782
2014-10-23,-171.79853361167937,-173.30274530560962,-176.05846232216277
2014-10-24,-146.89818067916482,-146.74553698023263,-147.53049190614786
2014-10-27,-151.3896346573199,-149.41132999492362,-157.42113622142594
2014-10-28,-160.36576592561983,-160.04605810968312,-171.01153797003627
2014-10-29,-148.9335154964103,-149.1021931936603,-156.19479195906553
2014-10-30,-144.4852028771431,-144.6597761367783,-152.4920453157445
2014-10-31,-162.0704441159282,-163.12151918796366,-160.69209795200658
2014-11-03,-149.13646606719442,-147.8845771416941,-155.55055360221826
2014-11-04,-155.34220926772014,-157.57323767593303,-161.3560811694772
2014-11-05,-132.44826699436868,-133.86489074752606,-152.34637061979242
2014-11-06,-150.5995345663974,-142.4241135753922,-143.742941113779
2014-11-07,-163.53166448577986,-162.86988878005593,-164.37904429230505
2014-11-10,-151.97305271795713,-152.27158309562674,-161.90893880088922
2014-11-11,-164.78786992474207,-165.33145009836562,-166.0473870535578
2014-11-12,-156.3421189277491,-159.750532721328,-166.72231193809776
2014-11-13,-147.59337553079118,-148.31785812404226,-158.3622385032886
2014-11-14,-160.59216165410146,-161.0647252638217,-164.46067975213248
2014-11-17,-156.88905240028237,-158.04461537019083,-163.41927099469214
2014-11-18,-152.4708403186071,-153.67599880025924,-160.7726444660226
2014-11-19,-133.00419337770936,-132.42507784280772,-148.45962992447892
2014-11-20,-146.9025065328367,-150.42630071130506,-150.61748447274113
2014-11-21,-155.97956851953873,-153.32225974200108,-162.44949464790346
2014-11-24,-164.8759383859816,-164.59801618893732,-165.3282007872578
2014-11-25,-159.19463022148,-162.0738760164565,-161.9850058665346
2014-11-26,-166.74095474110092,-168.1677892499077,-171.19583979636496
2014-11-27,-158.89221136000347,-158.40017300664928,-167.61506150158712
2014-11-28,-163.23389803092417,-161.30213802363153,-168.86355749727284
2014-12-01,-147.00381702045257,-144.5388032268139,-149.18597544831573
2014-12-02,-159.5829501002622,-161.17432586689742,-163.0385877511484
2014-12-03,-160.47022257922384,-166.7016406055093,-169.3957788117135
2014-12-04,-164.0161242143858,-167.9794059675273,-171.59052843545993
2014-12-05,-156.3235823849464,-151.7736021997493,-163.22367314661957
2014-12-08,-156.94201514734374,-159.83737127185302,-164.7299907195803
2014-12-09,-155.6880498700325,-152.55295218678015,-159.5299967353924
2014-12-10,-151.10385586546823,-151.09112571583998,-161.6101770166536
2014-12-11,-165.31709788093684,-166.57052012208587,-167.89685742543648
2014-12-12,-167.0640285681216,-168.93343341484595,-170.03084817806317
2014-12-15,-150.58706264801893,-148.26415922270283,-161.2472222767377
2014-12-16,-146.30274562220697,-151.07814969709818,-159.16027135520315
2014-12-17,-161.37697580165744,-165.30528390601728,-169.83693276333105
2014-12-18,-161.94009259421898,-166.68843995886027,-168.92825293670472
2014-12-19,-155.45787663776935,-153.5698277594249,-169.60772423714084
2014-12-22,-162.25506273601502,-165.5322491870201,-170.01795598415669
2014-12-23,-166.46917837957943,-169.67676344875736,-168.18726031164584
2014-12-24,-166.44741199425653,-170.935313946757,-172.1620301258097
2014-12-25,-160.10949276934252,-155.26461861160115,-161.2741882476257
2014-12-26,-167.7420848365269,-172.9342426953863,-173.4922864611254
2014-12-29,-161.13382478773093,-161.44380603384985,-160.73080660889474
2014-12-30,-163.83006184278764,-169.01965497975803,-165.97835349139808
2014-12-31,-151.97352872035034,-153.83647705411443,-165.58462645472662
2015-01-01,-163.46172577200662,-170.7327183092436,-171.39664557973256
2015-01-02,-162.8268322498304,-166.13250218842853,-169.72736690325416
2015-01-05,-162.24819894120452,-162.98691294514774,-157.00959575358885
2015-01-06,-159.62717789019007,-160.54324525764423,-161.15843598460054
2015-01-07,-156.07223009052507,-156.1636228073236,-161.43222769703604
2015-01-08,-160.03814933271113,-159.7905895599828,-163.2015593168733
2015-01-09,-133.13034081960836,-130.71855801363762,-148.83273844175915
2015-01-12,-160.15436517333973,-162.16360338964523,-166.310548391442
2015-01-13,-154.53164739412765,-165.124395857555,-166.24383912815142
2015-01-14,-166.9199156940821,-169.5247983791223,-173.3233545309726
2015-01-15,-137.00824411617927,-135.44894094446235,-149.69707423632426
2015-01-16,-155.1694174764664,-154.36376512906253,-158.6160333005705
2015-01-19,-151.5478472959679,-152.9816729655151,-163.63066361935256
2015-01-20,-158.21552538403205,-162.012145118642,-167.61044143859846
2015-01-21,-165.55197316553622,-165.84776950158022,-165.4489377934742
2015-01-22,-144.72278730458035,-145.87034725605133,-160.5875314065299
2015-01-23,-163.5797564211321,-162.3050121348585,-170.04915831243287
2015-01-26,-156.0128371421912,-158.61216240071778,-164.7920296044175
2015-01-27,-145.33760871843543,-144.24542577118376,-159.94636800318983
2015-01-28,-157.64032748207717,-164.54625037204542,-166.5073134476775
2015-01-29,-160.99469294328804,-165.459247761115,-167.9796671512442
2015-01-30,-146.98393000728137,-149.9141281877566,-152.04751188286494
2015-02-02,-160.5455376574545,-162.34987448404738,-168.76332175573006
2015-02-03,-156.12433072616383,-158.39367522731837,-159.42679375312775
2015-02-04,-164.46074345207336,-162.8152328309543,-165.1718070978772
2015-02-05,-116.32506754348549,-131.517217474453,-149.3065179528549
2015-02-06,-165.7000868577612,-166.5380192449498,-170.43122203358305
2015-02-09,-142.0614115857361,-148.5544348255001,-151.34776972580195
2015-02-10,-140.16254567689387,-148.3188347539228,-151.60319712120594
2015-02-11,-165.92050960919823,-160.97635293062214,-158.91510914575622
2015-02-12,-164.56602663959492,-166.43074830427477,-168.9463969837498
2015-02-13,-151.54757970781154,-155.4353846838056,-159.85337924854358
2015-02-16,-151.53628361016908,-153.94133095552053,-159.42617471612527
2015-02-17,-152.16155066179826,-160.03901684163228,-163.44978175932613
2015-02-18,-159.77153281122665,-162.1687883759499,-164.86855290011695
2015-02-19,-165.4559898830398,-163.1445694351156,-164.65716920431024
2015-02-20,-139.24379837058834,-144.6207258971423,-146.17214576296175
2015-02-23,-158.2889806861264,-159.41281531301985,-161.76404598777626
2015-02-24,-156.79200508007776,-152.93578550386567,-161.39557078834017
2015-02-25,-163.27869976761772,-163.46690658757677,-169.08801386562718
2015-02-26,-158.70223035137656,-162.51157152012524,-167.41684733985394
2015-02-27,-154.54610816669222,-154.32064910870793,-160.030257772485
2015-03-02,-145.3907483774965,-146.91240178566775,-149.03328259949257
2015-03-03,-147.31557744077259,-157.468337194016,-159.2313390556849
2015-03-04,-159.33022384367274,-164.749339155495,-168.96273206217768
2015-03-05,-149.41614750709383,-156.78268994569868,-164.54799281330952
2015-03-06,-152.01824713075678,-154.23175354134594,-166.07923340140889
2015-03-09,-163.76386648375887,-164.49384399253995,-169.1381882648547
2015-03-10,-153.75775671733933,-158.33381615249994,-167.48451066001348
2015-03-11,-150.54969274408086,-159.004115208511,-164.16457772986507
2015-03-12,-156.88738347258638,-159.0691348492026,-162.73220948040372
2015-03-13,-151.8424586306431,-162.43284631963948,-157.5288187024521
2015-03-16,-161.08030489618034,-165.64001158150097,-169.5995134413781
2015-03-17,-167.0890423282269,-171.1739294218433,-170.1969011324998
2015-03-18,-148.6317124595294,-140.38144498769307,-151.62565567984905
2015-03-19,-143.05958369904582,-147.00869645979645,-154.22045182338525
2015-03-20,-152.5927659434558,-161.86214577391837,-167.45409810292225
2015-03-23,-153.8719341033901,-153.50338014488094,-160.48489667162042
2015-03-24,-158.37964152153504,-168.4533385465077,-167.41027401766937
2015-03-25,-162.35105122227438,-166.099366529934,-166.0476548089215
2015-03-26,-155.99252796940127,-162.56113036561115,-161.1708861981532
2015-03-27,-162.66618233164888,-164.97976374873588,-167.48507239850395
2015-03-30,-163.13410915903577,-168.9847402655161,-167.4313965896655
2015-03-31,-158.97775483698177,-160.21557588773916,-169.62995875302914
2015-04-01,-158.5203624384976,-164.73057198393846,-169.65848023033314
2015-04-02,-161.3597847027077,-166.7563892822267,-173.43131516268764
2015-04-03,-165.79441880493604,-161.65808748080215,-165.32719793376432
2015-04-06,-169.82551079380787,-175.64640602335953,-177.28529749468393
2015-04-07,-160.5052311077122,-165.8346362716901,-170.53660684341517
2015-04-08,-166.84650516745515,-171.13029346160232,-171.1789610508673
2015-04-09,-168.33269251505533,-171.89072220448722,-175.72304494927528
2015-04-10,-164.76017469329994,-168.96747341596625,-168.93022088988505
2015-04-13,-165.86591907900075,-168.61264408502322,-169.07869833639378
2015-04-14,-163.70265861336338,-165.3193384807957,-168.7350725208623
2015-04-15,-166.61197781567614,-172.00205516416332,-171.6663724808892
2015-04-16,-160.29810700914226,-159.81382569037618,-160.58750203941855
2015-04-17,-158.85711091867597,-156.6574534354049,-163.44574752862022
2015-04-20,-166.28746993969767,-172.56076636314955,-175.08290845928607
2015-04-21,-157.70458232173596,-158.1899570490442,-162.46480085686906
2015-04-22,-156.12475763907568,-155.25059184977445,-160.85301536818045
2015-04-23,-159.4098401270806,-161.62295029159992,-162.72035999422332
2015-04-24,-145.54572250326288,-146.433998292363,-156.7817920297012
2015-04-27,-161.9660196249436,-161.92354521893378,-164.0813188720254
2015-04-28,-151.58625183222247,-150.48018976821191,-149.9253110049554
2015-04-29,-154.21205622876312,-155.93112178342636,-160.99859511195075
2015-04-30,-158.88727468775858,-160.33676509870665,-164.77020345923822
2015-05-01,-149.78945768159574,-159.78862649985174,-164.95453232363687
2015-05-04,-160.78526736983622,-164.77952123142794,-171.37093035589248
2015-05-05,-160.95916227964787,-159.71548605782448,-165.29697458889996
2015-05-06,-164.43544524603254,-164.74633759088442,-165.0323247674005
2015-05-07,-153.47516681211604,-160.02519741023445,-164.3485998799538
2015-05-08,-146.12540762126986,-158.94662456509414,-165.57251658298713
2015-05-11,-145.88073433933118,-154.61049188557422,-160.29579468213055
2015-05-12,-159.50542748424135,-162.03894298329212,-160.05162530735024
2015-05-13,-167.36251340222606,-166.84644394782762,-170.59532503039355
2015-05-14,-162.38022644205472,-164.51495216248188,-168.08634847958257
2015-05-15,-170.45516514533145,-171.22906564630702,-171.63337929066464
2015-05-18,-169.51310883585856,-175.42411643086058,-176.24970819284832
2015-05-19,-147.91008795606845,-149.12882521312505,-154.29572028671652
2015-05-20,-156.72956896043235,-154.63495085648373,-153.4078633001928
2015-05-21,-160.26782928932664,-162.66329285892004,-166.72321554372812
2015-05-22,-152.94423184690635,-154.32339716837376,-162.55176232310598
2015-05-25,-164.16125606103884,-169.55242924030182,-169.91661923896442
2015-05-26,-166.88020150764333,-170.4352781266483,-170.71276674955016
2015-05-27,-155.47179679454484,-154.07052602059662,-161.10274408476747
2015-05-28,-159.56239247096718,-162.26740423000425,-168.15039974351146
2015-05-29,-160.60301027824173,-157.47786625281933,-164.2074046439029
2015-06-01,-171.41286768636576,-173.92379860351403,-174.4691930001756
2015-06-02,-168.4645321745254,-173.7445577383978,-175.20197222114206
2015-06-03,-164.8563341570019,-164.64323096390584,-174.0573917600481
2015-06-04,-162.80013134394437,-168.61457043975946,-167.27924919498054
2015-06-05,-162.37187317665249,-166.57970182666594,-164.4807104573158
2015-06-08,-163.92926628124363,-169.59379770196327,-170.53792059370096
2015-06-09,-159.49563591724703,-160.91678617222632,-166.65190229676088
2015-06-10,-162.74651370414935,-165.14997332564604,-169.82880140951235
2015-06-11,-153.7392137112702,-149.3940351114246,-156.77842973129253
2015-06-12,-162.16141206879698,-157.79986479705283,-158.9280839101121
2015-06-15,-168.1338462045233,-168.82217738407377,-170.45714834270038
2015-06-16,-160.2513691807633,-160.44373616412287,-162.00654211909915
2015-06-17,-160.93835738380037,-163.86950573480436,-162.16313003756684
2015-06-18,-160.7902990063171,-157.7379333752832,-155.24270437498572
2015-06-19,-133.59811903100837,-138.43343253450422,-140.66224838560646
2015-06-22,-151.45365444504554,-155.5453009313381,-153.0648870900283
2015-06-23,-165.79122988560164,-169.06202757871418,-173.11169157686186
2015-06-24,-144.32041005394422,-138.12759596139824,-151.5353964536965
2015-06-25,-151.85231917493357,-156.26550205907046,-159.83415889140457
2015-06-26,-157.8418377729064,-159.00823224651495,-165.70244537693998
2015-06-29,-164.49143751323132,-162.89585982880823,-164.84935157376245
2015-06-30,-164.19456596230194,-162.56704343408518,-160.9285155826527
2015-07-01,-150.54711937913672,-156.476462139841,-156.66592915605756
2015-07-02,-166.71060540275914,-165.87665966023962,-169.2031877834066
2015-07-03,-161.57861236722673,-163.11381051803144,-168.75139211410007
2015-07-06,-150.27178492244443,-151.67838633702226,-153.95768089146296
2015-07-07,-160.16119984834222,-162.51576920616014,-161.7831961222028
2015-07-08,-135.54598015989237,-144.10467030426702,-154.78187727394425
2015-07-09,-150.84793050516654,-159.14194244617286,-163.5153506073501
2015-07-10,-126.69089964280028,-154.8155078432741,-163.0959480453292
2015-07-13,-169.178913962744,-164.55912108054085,-166.4537682007202
2015-07-14,-145.98657497100461,-155.93603603430822,-160.6221082810634
2015-07-15,-173.15166941737166,-170.815542520578,-174.04296673561984
2015-07-16,-154.44681390757103,-151.72927149464905,-151.80958361414466
2015-07-17,-156.13430801011873,-156.23694134176864,-154.66543034285408
2015-07-20,-159.40186570822334,-155.71466933117975,-157.28493960581386
2015-07-21,-135.02578553549571,-152.88754947794837,-154.72640667954622
2015-07-22,-133.7824636863113,-156.24052268903546,-160.7664964628258
2015-07-23,-112.85896896007263,-144.5077397579446,-152.6263610913224
2015-07-24,-162.31119050416774,-163.22647050395057,-165.1698493298217
2015-07-27,-154.4086042884161,-154.806267491968,-164.0412401029631
2015-07-28,-148.7348654950756,-150.16399002548172,-155.58166223732613
2015-07-29,-155.71857879081875,-158.0206088297952,-158.49393139209621
2015-07-30,-154.4970314634943,-158.4849351819455,-166.39862158642003
2015-07-31,-152.35618373544094,-152.92812776319838,-158.61738255295236
2015-08-03,-157.04632320849666,-166.07267323620468,-169.14791019186487
2015-08-04,-147.59943765179312,-147.89119651202276,-155.54256357907067
2015-08-05,-161.34984799125448,-163.11947331764688,-163.92369126530025
2015-08-06,-146.5164291806815,-163.80880554081506,-163.56155119952018
2015-08-07,-159.40144188021537,-162.65979493587272,-163.61073728224468
2015-08-10,-144.89895963590814,-153.30138685481117,-156.503273378107
2015-08-11,-151.59689732462294,-166.2844035229069,-170.8338145037624
2015-08-12,-160.845123883776,-157.5169927181276,-161.97039405505956
2015-08-13,-148.8499171707212,-156.35659382132607,-161.6430439355976
2015-08-14,-143.88736109619416,-155.1048994923447,-159.6766865662035
2015-08-17,-146.87717983678127,-158.10874023604808,-162.43184061323524
2015-08-18,-162.77196885185387,-161.73707743358827,-165.9397387616475
2015-08-19,-163.36233634166123,-164.55856910690767,-164.85620541897342
2015-08-20,-148.30154883542662,-161.9182907631017,-170.0273389957731
2015-08-21,-134.78541923141304,-150.17206760018544,-157.080440486614
2015-08-24,-156.38844829061713,-163.75326289076477,-166.3932148930185
2015-08-25,-134.16048079663562,-155.00792545558755,-154.6872589707498
2015-08-26,-122.55763359589011,-159.04020579114265,-161.64677135044857
2015-08-27,-158.4666757019228,-164.50931455036022,-171.00250648432691
2015-08-28,-166.10053813110292,-168.54713298952524,-172.84405555642604
2015-08-31,-123.62732432413813,-160.83922514317507,-165.66248266413027
2015-09-01,-119.4850359313529,-154.7341568895526,-160.13713857041358
2015-09-02,-146.7894041159795,-158.70605733718517,-162.75621637482956
2015-09-03,-143.36992604886214,-159.73326484018517,-166.80253021607163
2015-09-04,-86.62706004153374,-143.56576883817573,-146.3019569456447
2015-09-07,-144.48920452874006,-156.7439261383789,-164.4798388325513
2015-09-08,-141.51766066217868,-159.06662054667987,-161.86259524061742
2015-09-09,-121.5884911600631,-145.0214961723693,-146.24622642611195
2015-09-10,-160.35679804099811,-159.9583735022222,-164.2326666862034
2015-09-11,-161.9870379685717,-156.15321759327276,-157.35938798729413
2015-09-14,-157.8193544131671,-164.05516189540745,-167.30304427543953
2015-09-15,-151.875958220445,-147.58836836537853,-149.65706064044906
2015-09-16,-135.36216109105555,-152.5422024102584,-156.6586958658242
2015-09-17,-148.80429387519712,-155.58703247692665,-161.57738143468083
2015-09-18,-154.6477680671349,-159.14701232688563,-162.92553233345123
2015-09-21,-134.72678613877184,-153.0392709296905,-155.43149816166294
2015-09-22,-134.7313370714396,-142.5257975866731,-147.76975367799696
2015-09-23,-153.83510546946252,-155.89745245825557,-158.29448144114363
2015-09-24,-112.64633911104724,-143.7153618473215,-158.0260763074461
2015-09-25,-144.13202425923228,-158.4587284124874,-161.61411031843988
2015-09-28,-150.77330152708427,-159.9444286457873,-165.9484485304916
2015-09-29,-145.44560359830743,-148.0682428561212,-150.32953675044214
2015-09-30,-149.8208155115029,-149.47094173079452,-154.4958834346925
2015-10-01,-135.2372145542016,-154.9194191053449,-155.5692481640583
2015-10-02,-155.12517376217954,-153.73143012795632,-157.66254712460153
2015-10-05,-159.28202054302287,-158.75326327427865,-158.71205829832792
2015-10-06,-161.66974472210896,-163.13129292571028,-167.76697090502557
2015-10-07,-148.38029416991156,-155.73274062754732,-158.56391001854522
2015-10-08,-142.88464321632398,-151.24917640283746,-156.52979875116392
2015-10-09,-153.66452610605197,-151.41881383460338,-155.43040194402133
2015-10-12,-135.8439039652062,-152.9197681997486,-154.35782158353715
2015-10-13,-160.56608990177662,-162.07559284664487,-164.5081406693378
2015-10-14,-150.20210667125943,-157.8457720049739,-160.58513622728174
2015-10-15,-153.33063933253476,-156.90796715153533,-162.64617954289548
2015-10-16,-155.45855761267026,-155.1376826199936,-153.2337559117931
2015-10-19,-151.69214672949752,-147.11254745572992,-147.61119243567452
2015-10-20,-138.12554605430546,-143.16687204886708,-139.435317917437
2015-10-21,-160.7670463786539,-157.04421270365927,-159.0680085245265
2015-10-22,-135.9937891140995,-146.5858493986306,-158.70517841731436
2015-10-23,-155.55390049726276,-155.35267148781188,-159.29410562085587
2015-10-26,-153.6474014330967,-151.2171402346048,-156.58510550230582
2015-10-27,-161.448001875875,-162.8310576690929,-165.93499562672068
2015-10-28,-140.9814408285367,-147.26487923628878,-150.1576488389961
2015-10-29,-163.7755468876306,-162.59450735726222,-167.5570420747535
2015-10-30,-147.08865498312397,-156.98499699105213,-153.62445186106868
2015-11-02,-145.4798196354567,-145.83186267563505,-153.45629523078773
2015-11-03,-134.45975584637125,-141.1976224647774,-144.46669818622445
2015-11-04,-130.68261064749498,-142.4682405547863,-147.15617409812765
2015-11-05,-158.75364656583727,-158.01760860505968,-165.42532847808042
2015-11-06,-155.8868463763573,-159.07762291370767,-157.8420208616222
2015-11-09,-148.44874254615013,-146.86587675161527,-156.68597861506186
2015-11-10,-152.8042935818594,-157.74869665187452,-161.68588479458825
2015-11-11,-137.38419873853724,-146.61884024329333,-147.8080130121967
2015-11-12,-158.12371907112637,-160.0217935616248,-161.18704965378976
2015-11-13,-151.02318809328636,-150.98577692229478,-157.4441605980861
2015-11-16,-157.54514393526318,-158.7578359303318,-154.50010919792246
2015-11-17,-155.8311331333043,-152.569366439774,-155.59688385941425
2015-11-18,-153.27743179277715,-154.6439644380815,-157.14778393887102
2015-11-19,-155.79928074785641,-158.73747285636162,-163.82929502994995
2015-11-20,-166.39472162297827,-168.90226117892428,-173.01802072400156
2015-11-23,-152.98142400389617,-156.68871686239694,-162.75029253057613
2015-11-24,-160.59063011462385,-165.33840685539028,-167.42459888327537
2015-11-25,-162.13942935842465,-168.3795327850469,-167.98797216507168
2015-11-26,-164.18711876599227,-166.7725005270727,-169.43747836137373
2015-11-27,-164.06263410658354,-164.96843926467238,-168.6525086325374
2015-11-30,-160.80243350363494,-156.35036364496028,-157.32757722829498
2015-12-01,-146.14881285574762,-154.0019390171684,-159.99529279432136
2015-12-02,-149.03856901650795,-148.5913563429741,-151.25368025116552
2015-12-03,-157.6833073290253,-151.2337395792521,-152.75778414170998
2015-12-04,-153.38715630031078,-157.63083798496757,-160.84891357425872
2015-12-07,-150.96902462717648,-152.74317696458922,-157.33274748138115
2015-12-08,-165.7341379084856,-165.50021963593196,-171.49232368939693
2015-12-09,-154.98497256303202,-151.32961571358237,-154.36171683776854
2015-12-10,-159.30038796644396,-158.27598904164802,-164.00420442618966
2015-12-11,-145.6327534158838,-149.06016753719496,-155.25898215977782
2015-12-14,-142.64612906048126,-153.41487913715008,-160.20235289596548
2015-12-15,-132.11767923274635,-140.41576834072632,-159.31420512573436
2015-12-16,-158.20297565383984,-162.49611292094207,-166.10410914445396
2015-12-17,-153.0190673991579,-152.63480777560645,-153.23854865859263
2015-12-18,-160.47023330391184,-156.3221290314201,-163.49125742081958
2015-12-21,-156.1443762605274,-157.6588122142264,-161.9582668446696
2015-12-22,-161.81952228140267,-162.72451368165864,-168.45797119802245
2015-12-23,-146.76915891553202,-152.47808831161717,-159.42497217674935
2015-12-24,-160.96252630733622,-157.8021069489532,-162.09051805775232
2015-12-25,-148.25012783189936,-148.6294997309311,-148.77485154867043
2015-12-28,-143.01309407866836,-136.33365986790656,-149.87383525849654
2015-12-29,-160.9068112779212,-160.3129222554416,-157.67716639684193
2015-12-30,-162.1057855311184,-165.65707459356875,-165.5288544439279
2015-12-31,-148.15666306767213,-149.0944433735083,-154.70948919722147
2016-01-01,-157.35648003278166,-157.69806288958222,-166.00688802214515
2016-01-04,-153.8138736198513,-158.53365166352012,-158.41605810818697
2016-01-05,-149.31754276142468,-161.43803127908697,-163.56316514478092
2016-01-06,-145.27530052074752,-152.4542855465762,-153.43132132485036
2016-01-07,-155.28999353106127,-158.38744172944703,-160.53674664104466
2016-01-08,-151.658465038916,-152.31997989745304,-155.3930374842258
2016-01-11,-155.43350119567873,-159.50864084405356,-160.1648537859943
2016-01-12,-156.08411714359397,-157.5902681795019,-159.84857281692456
2016-01-13,-166.73079745594953,-167.44315010817394,-169.8409981391123
2016-01-14,-155.7203267911684,-158.38882064442197,-158.00034366195882
2016-01-15,-162.6966556937815,-162.5236158106626,-164.591394378615
2016-01-18,-141.72628974986287,-150.50593132690324,-154.5227878987568
2016-01-19,-153.58495530634588,-151.69958467247204,-157.51471796988477
2016-01-20,-154.69876004602165,-161.32818452633998,-166.45297117613802
2016-01-21,-122.76766111728625,-126.70831156204517,-134.08703526421505
2016-01-22,-155.4887361219541,-161.32524528430974,-161.3908332626383
2016-01-25,-143.3246547572099,-153.41526976876085,-154.76207507869697
2016-01-26,-145.44741748763118,-147.58760963634356,-150.01628777253342
2016-01-27,-165.9867757301441,-161.66943596165765,-164.60288044940316
2016-01-28,-167.24579726682052,-165.9156430649723,-170.05701824068876
2016-01-29,-159.82575089247518,-161.7088159740354,-165.43156929685782
2016-02-01,-144.8774490738293,-139.82531131312535,-150.243660413472
2016-02-02,-153.64112584689985,-154.9393209564901,-158.19050235704748
2016-02-03,-152.18441672782996,-152.74525512459357,-159.13791428444256
2016-02-04,-160.50049255974744,-160.904051921928,-162.49808494948994
2016-02-05,-147.06762319734807,-151.8536664337011,-149.76982846184777
2016-02-08,-159.1018217720468,-162.22693991554948,-163.25799839479706
2016-02-09,-162.5862999820696,-163.85616045695141,-164.10125196254387
2016-02-10,-166.21864473341986,-166.22122362491913,-168.3980126225751
2016-02-11,-162.8702367333351,-162.8959964602463,-167.90439847490475
2016-02-12,-153.10151450833766,-153.38640226521156,-158.48228593939865
2016-02-15,-155.38423121794315,-159.8340895118234,-164.97541106765925
2016-02-16,-148.19420935024493,-150.81848541568587,-151.55142646755382
2016-02-17,-159.85671858099926,-157.43068218351837,-163.7443233497993
2016-02-18,-154.49313040815304,-156.21675080275637,-162.95252967800178
2016-02-19,-161.10360389339732,-167.46508735114966,-163.63684522614312
2016-02-22,-164.7925510230481,-167.61950421097117,-171.80078688316678
2016-02-23,-166.79163857291397,-168.63974007983498,-174.07072696738283
2016-02-24,-164.0296957427073,-168.2258640007956,-169.8075003858336
2016-02-25,-160.3124059882349,-163.55708130115386,-168.45992310971272
2016-02-26,-140.69604967079562,-141.20394164706278,-143.78805836373937
2016-02-29,-167.36910469897936,-170.81141518491694,-171.11567075002927
2016-03-01,-152.90023573961219,-151.95806020115765,-159.82489007362722
2016-03-02,-143.9272023596341,-138.05354282045693,-148.87625537727152
2016-03-03,-155.83720273182593,-159.72058081641805,-156.24011205107988
2016-03-04,-141.85627397930926,-142.25922078206747,-152.72830322082865
2016-03-07,-126.13845662435429,-125.98611836202434,-144.4354458755223
2016-03-08,-153.18226288790993,-154.4542970856694,-165.971638799324
2016-03-09,-142.38498646186795,-146.3343136053598,-151.00052478200928
2016-03-10,-164.52156942515245,-164.58224759502244,-166.52871696549266
2016-03-11,-144.26061624888138,-153.5275287396419,-151.55473423747875
2016-03-14,-148.30938950355483,-147.7643237639722,-162.88870997821493
2016-03-15,-155.71579754698564,-162.1559693323006,-163.95457773266074
2016-03-16,-156.67384536650428,-157.2474938511965,-154.88037433303913
2016-03-17,-148.27771936644382,-149.88575445378916,-158.4989788225023
2016-03-18,-156.72643880712522,-159.14849361215352,-154.76434573609197
2016-03-21,-124.66778345351162,-118.93698410851056,-146.72610129025298
2016-03-22,-155.41148822679074,-162.21116534890388,-164.8470923658861
2016-03-23,-136.48076206904594,-147.78956712787792,-151.22229498967587
2016-03-24,-152.43328888481747,-160.07713569080025,-164.53303408327213
2016-03-25,-139.0079383003545,-147.799970060556,-161.2938958814025
2016-03-28,-151.18149001885632,-161.13445654098672,-161.3117086133022
2016-03-29,-67.29278747110035,-98.47333901115643,-143.69929729411268
2016-03-30,-156.81534194278564,-157.60070486211848,-161.09086103625106
2016-03-31,-159.28115894640803,-161.8649279077231,-158.5185701912968
2016-04-01,-137.16782248298517,-141.6825332145291,-149.42474180635548
2016-04-04,-165.07109695716483,-169.984628792206,-168.68228211424565
2016-04-05,-158.8167040304697,-160.83101000275687,-162.5334177359111
2016-04-06,-161.37178844302272,-166.4319438822147,-166.69429568626256
2016-04-07,-161.75407754614275,-163.92762605010765,-168.3980199114452
2016-04-08,-118.45163483415959,-146.4660848476753,-155.25491312868047
2016-04-11,-160.82289359247613,-162.28511374656114,-166.68972853735897
2016-04-12,-145.4995932768698,-160.66256255198292,-165.04554063993777
2016-04-13,-161.09846962048533,-161.85403092445608,-167.30435897015496
2016-04-14,-152.40241385493454,-155.30532558169176,-166.51765431802113
2016-04-15,-155.9633982518323,-155.4542227623176,-157.68094020664086
2016-04-18,-155.99464770485008,-153.47117071478215,-160.82344059003742
2016-04-19,-160.09362403559342,-162.42250343352254,-160.5203540881331
2016-04-20,-129.0971139369636,-134.0149178877899,-144.552842800397
2016-04-21,-139.35239204277224,-151.91571074043665,-158.42063486109146
2016-04-22,-137.14996407976727,-137.65130749357198,-153.5639617929523
2016-04-25,-131.17195252657123,-142.81990784511567,-147.95093878537995
2016-04-26,-165.9821462269076,-162.6335803315821,-167.71389303915115
2016-04-27,-160.92681059459326,-163.88750792878037,-166.5305818405581
2016-04-28,-157.42442994862074,-156.2934741335625,-158.5379373012462
2016-04-29,-162.44852759269375,-165.71284191219522,-169.80035730230827
2016-05-02,-154.68141879503793,-159.40225566056625,-162.18237495569682
2016-05-03,-162.26028914022515,-162.8146290925783,-160.3749817079161
2016-05-04,-155.0405726798965,-160.1119916814149,-163.98586704879213
2016-05-05,-137.48210919746498,-134.7786434525945,-152.81991224531424
2016-05-06,-152.0240552012861,-149.65650685809388,-162.76896010337776
2016-05-09,-168.11211128447894,-170.23755134000393,-173.5360530329202
2016-05-10,-158.3204679005679,-165.81856411130295,-168.02844450659285
2016-05-11,-157.40256727128525,-152.80649819446467,-159.0027701459073
2016-05-12,-157.91531829552952,-161.28975511210578,-164.86447901633858
2016-05-13,-145.60364479775595,-156.1319560126338,-153.79697399986856
2016-05-16,-164.01878869102168,-169.9249701765848,-170.84152225220365
2016-05-17,-166.74715239719333,-174.9978320921154,-175.92642454126408
2016-05-18,-160.93763043571633,-162.55755234301907,-165.44858434579845
2016-05-19,-163.08148366856526,-169.58234177540496,-172.0172394026521
2016-05-20,-159.162836798547,-161.70821406486405,-156.7793780532284
2016-05-23,-153.0261038382364,-161.36837648848604,-166.3247022342839
2016-05-24,-148.77541925098848,-157.15430436876807,-159.29534875474218
2016-05-25,-148.27062684512387,-157.24440630703913,-163.42587532201077
2016-05-26,-159.29659025876066,-160.82802031207626,-160.31836733523073
2016-05-27,-150.46169278108988,-150.9869161673905,-147.41978556911096
2016-05-30,-165.40435436833218,-164.54708016732224,-170.1201891749532
2016-05-31,-159.04948361324392,-164.0423057187395,-166.51955866993643
2016-06-01,-151.2172562085921,-158.44680848742087,-162.86933015109767
2016-06-02,-154.40657957542055,-154.75442982570627,-158.6671580390498
2016-06-03,-160.34659513839702,-160.39838121857105,-167.7254429855746
2016-06-06,-160.3452921234823,-164.7411797320027,-169.2402919251899
2016-06-07,-151.2570188040131,-152.64677895261315,-160.6425791765287
2016-06-08,-153.4371785725096,-159.63826564637534,-156.65874947496818
2016-06-09,-157.35776791346711,-156.36453922078073,-162.11728005822715
2016-06-10,-143.46405669870072,-148.39685615658925,-157.74243235057418
2016-06-13,-156.82014990156702,-163.04531306289059,-164.13904966806442
2016-06-14,-156.525817972806,-163.22630436895798,-160.6617381245003
2016-06-15,-147.97799904969696,-148.09477971555157,-159.2202182782891
2016-06-16,-131.30669624035843,-141.83127658145213,-150.30498280072277
2016-06-17,-165.42750446002725,-167.10496824204512,-165.41314363716324
2016-06-20,-153.25941902739626,-157.20372997266497,-161.75106861373223
2016-06-21,-158.1793752190432,-157.91244388074986,-161.1693034504952
2016-06-22,-148.2891023962205,-156.43405215758014,-155.68745780616172
2016-06-23,-170.24536884400192,-172.69750469477273,-173.62016558705432
2016-06-24,-162.29190190702326,-163.1757139096082,-164.80262714562662
2016-06-27,-137.17807726640592,-142.5539389086549,-155.12071197892263
2016-06-28,-164.67268006180024,-170.88921707017968,-169.58780085235412
2016-06-29,-153.4856449045765,-155.60838016944354,-155.1454030761318
2016-06-30,-141.26045690443036,-148.92688064118437,-159.51699678664642
2016-07-01,-160.26712165511907,-168.96798595924153,-168.7447664324944
2016-07-04,-157.20291106709422,-162.6041050437946,-166.12593238921067
2016-07-05,-165.52894878678828,-167.12278125484755,-167.0461233389794
2016-07-06,-157.785471746832,-163.08647350169082,-162.8170021714606
2016-07-07,-163.55228285404542,-169.63814451205604,-173.0084386901527
2016-07-08,-165.14757490038463,-172.38408806152037,-172.7401190230963
2016-07-11,-164.7252877869324,-167.90797892472594,-170.87479646624442
2016-07-12,-152.20402667440263,-164.66591925864134,-167.532935040058
2016-07-13,-164.05917437411966,-165.57261927284003,-168.08358635870295
2016-07-14,-150.7268535476741,-159.37134731911593,-165.26285395238932
2016-07-15,-162.1823377251328,-171.24516901557274,-166.11223689253566
2016-07-18,-150.90357131053162,-150.46698399512772,-160.5087471252517
2016-07-19,-146.74105157166804,-149.85201349939413,-164.2059220557353
2016-07-20,-149.81074937139587,-155.23548385067753,-155.0808184930002
2016-07-21,-155.02015521448612,-155.44699443187534,-165.83261236170557
2016-07-22,-156.0210716054596,-164.6363994706541,-164.23226222501202
2016-07-25,-160.68944886365003,-164.51337378937478,-168.52793293946516
2016-07-26,-163.25518435314703,-166.9086441762758,-168.1301406136938
2016-07-27,-153.16327936725207,-156.8447245491156,-165.901195547848
2016-07-28,-152.9931637098693,-152.7247304290891,-164.2603673405136
2016-07-29,-157.849986212273,-166.18766953681958,-166.33703015802138
2016-08-01,-142.41112764619965,-149.55815472261975,-155.03933207081698
2016-08-02,-154.90701249049695,-167.96690381662185,-169.8538084847379
2016-08-03,-164.03584239559385,-167.45341649543792,-170.13459447947392
2016-08-04,-152.5729466745645,-152.00201046191114,-162.23486606399132
2016-08-05,-136.98785794010666,-144.6667999588795,-159.5834104449758
2016-08-08,-154.44002090471963,-166.43939574756465,-165.17735076559265
2016-08-09,-146.35782033676307,-159.33529949215523,-160.012893313099
2016-08-10,-158.083551018874,-160.139607986229,-165.39177541244865
2016-08-11,-168.7303312610783,-170.28062320392024,-172.4261344898069
2016-08-12,-164.18586525914208,-170.3041848929637,-172.44768595414445
2016-08-15,-162.6436835285312,-162.49824477718627,-165.3535292315908
2016-08-16,-154.51741719708036,-156.24887769685972,-160.2727075210595
2016-08-17,-129.15388144976905,-136.3150822995842,-142.72200727675218
2016-08-18,-156.02907311498188,-161.3781085159982,-169.5617530919232
2016-08-19,-146.43387884424754,-153.73874913536423,-161.6659131525675
2016-08-22,-160.76850941546084,-164.88905773625766,-166.35470133672032
2016-08-23,-152.9206736961755,-160.22116359656988,-150.26909297892178
2016-08-24,-170.86959304870555,-174.40510748830349,-176.57563407934887
2016-08-25,-127.9131443532722,-130.10206020793805,-148.42703617062244
2016-08-26,-160.39107680149357,-160.80590656770306,-164.16083825835824
2016-08-29,-163.28188765108274,-162.07162571191284,-161.14258867487405
2016-08-30,-156.5929893546494,-161.44241816753433,-167.86433392715685
2016-08-31,-169.46691890862743,-174.4120698793095,-175.48927586313457
2016-09-01,-135.72088004017442,-129.63609572646254,-144.77077586084178
2016-09-02,-143.19522610969778,-154.3869079076194,-157.8516600611651
2016-09-05,-117.10738495656298,-142.84460342581923,-150.67715197720725
2016-09-06,-157.02144537328238,-164.3702033712711,-169.29796613412836
2016-09-07,-146.72360608911734,-157.19485803519683,-162.216800817508
2016-09-08,-140.20983807907675,-148.27984100941512,-156.05651198988912
2016-09-09,-149.2552735104405,-162.59540015444358,-166.7599380369541
2016-09-12,-118.22188591967628,-142.20107856455553,-151.05350438843516
2016-09-13,-159.50773114732687,-164.49437653916894,-168.8573725943172
2016-09-14,-146.39255328258466,-157.24308591966047,-160.57655991818348
2016-09-15,-164.5473621066919,-168.06946988965169,-167.02182553843645
2016-09-16,-143.88153826756385,-146.53182854143063,-149.93741530355305
2016-09-19,-158.9588191174839,-157.2929853373954,-159.89147350703678
2016-09-20,-145.45145014869078,-149.44646802152178,-154.7254034979986
2016-09-21,-150.20655549202144,-157.78991710063565,-163.0305322928914
2016-09-22,-158.12903291272153,-153.45922288069903,-157.45228881464288
2016-09-23,-152.58055424616322,-154.12866474336764,-159.3301208572033
2016-09-26,-146.42067114959198,-152.34185096231073,-158.38010937269178
2016-09-27,-147.11380659704636,-152.82935965713781,-159.9026837933414
2016-09-28,-150.76787548735152,-151.18042743455007,-143.07330148019184
2016-09-29,-152.10820891061218,-157.18090579877895,-167.12491904560176
2016-09-30,-152.01933778494933,-153.56081929429476,-153.8126743454937
2016-10-03,-156.02276276284954,-156.46818381957286,-159.68474656206558
2016-10-04,-149.1841590882278,-154.80797477717636,-163.23691401569772
2016-10-05,-155.3409831902297,-162.67288073252143,-170.04743176072867
2016-10-06,-142.4744226251695,-145.53984896536178,-154.49401642669653
2016-10-07,-165.3290027445515,-165.32220471774306,-164.32799722565807
2016-10-10,-149.36288864040273,-141.1685604693961,-149.33738587875658
2016-10-11,-163.27816783462822,-167.51382444815286,-170.47080522095956
2016-10-12,-168.3577448910406,-170.51268689821947,-171.27186768287984
2016-10-13,-146.06158505444347,-143.08701080894207,-156.2430027504325
2016-10-14,-154.75400248440386,-158.8323600827413,-158.54489237795985
2016-10-17,-168.28928738929807,-169.97044951646103,-169.92676713267352
2016-10-18,-139.78558427679397,-142.70444642098752,-159.08400459624124
2016-10-19,-153.83482079780543,-154.088575379103,-159.50721507770473
2016-10-20,-141.31122349896128,-138.37478015259285,-145.16140173400072
2016-10-21,-141.04270399490213,-151.9558337468502,-151.27766537411912
2016-10-24,-148.6941127423118,-156.27095567686104,-161.454788900772
2016-10-25,-128.89258988634555,-133.87963442756066,-133.90679737736082
2016-10-26,-161.40396234827136,-165.01838898586146,-163.76289010330024
2016-10-27,-160.64193214249104,-155.91809485766117,-160.4655960301979
2016-10-28,-161.87909374114838,-162.30218690145182,-168.2813952532744
2016-10-31,-160.73266577931153,-164.2246197291658,-165.7821649308457
2016-11-01,-162.85086171383287,-170.47302703646346,-172.98650676460954
2016-11-02,-152.31531037450884,-158.66420250542498,-154.07042826241303
2016-11-03,-156.3108625074838,-156.73064030315373,-162.30841666531546
2016-11-04,-156.6219193115315,-138.92281661985848,-155.6219109668351
2016-11-07,-171.13042162722607,-172.52605437909415,-172.20897561633123
2016-11-08,-159.06822914253664,-165.5921967303684,-166.0949241261483
2016-11-09,-160.60353932313222,-158.90256236800414,-162.49001310665957
2016-11-10,-156.5869289954995,-158.12008506070822,-163.31843088210826
2016-11-11,-128.6777963471191,-143.2755089547108,-150.5790303256833
2016-11-14,-157.97618774642226,-161.84257988424974,-165.10949610709463
2016-11-15,-162.33477769990284,-159.64537205587314,-162.2674538122773
2016-11-16,-165.07067066375248,-165.05674310169584,-167.12876968370426
2016-11-17,-166.50920416538665,-166.52527764771813,-168.2908520330024
2016-11-18,-150.60733549359531,-154.9866558384735,-157.85712529377835
2016-11-21,-161.87227189264703,-163.56183430028875,-168.37725917283822
2016-11-22,-169.90257895763304,-173.23588594089264,-175.11702250940934
2016-11-23,-159.1631757802106,-163.73034163721263,-166.30398149162824
2016-11-24,-157.99225693170874,-160.72935577173172,-164.05784156860364
2016-11-25,-149.90445848451,-150.501209667167,-158.18216700277816
2016-11-28,-155.1978740261894,-161.37536738866598,-157.6953812478429
2016-11-29,-163.34406538860603,-160.75058517805684,-156.8050846342777
2016-11-30,-155.98022985479236,-162.38922289259526,-166.34932400331758
2016-12-01,-159.97297583629745,-166.08206031712123,-170.46491072209832
2016-12-02,-148.10383840078453,-160.1810439837062,-166.73679539047015
2016-12-05,-140.75081814461012,-148.35466780356364,-150.67857507408883
2016-12-06,-158.11681653105188,-157.48215022281704,-157.69706430814176
2016-12-07,-153.3845095593889,-160.86824619243018,-166.3708902629886
2016-12-08,-134.66873139321092,-140.7514069689009,-149.50957523837127
2016-12-09,-136.4074583527878,-148.35280724534582,-159.89337516092786
2016-12-12,-156.01808183533254,-156.63627611823495,-159.643917467142
2016-12-13,-154.77694634995586,-158.82596768480335,-156.37145375048567
2016-12-14,-134.76855399750804,-136.7932876022391,-140.35101884376573
2016-12-15,-150.22322609781793,-146.12761539981238,-139.96290779481285
2016-12-16,-152.7674490036385,-155.51876598055753,-151.05638915149893
2016-12-19,-153.67529520540705,-154.73521960362496,-159.8936457238393
2016-12-20,-145.70891505784095,-153.65148620271597,-151.86682248319167
2016-12-21,-161.97050152078077,-160.46281231342053,-164.02093693167268
2016-12-22,-146.47850724001168,-150.68898308918634,-157.05996510992034
2016-12-23,-157.96539544290616,-165.62055127797936,-164.05840990431005
2016-12-26,-151.74904776217664,-154.08966816286383,-158.40027951479178
2016-12-27,-156.28557195250485,-154.46742244461882,-161.6295459692354
2016-12-28,-139.99118504971432,-137.35909641452014,-142.76957186007976
2016-12-29,-156.9446336578974,-162.83793830179943,-161.23924076215198
2016-12-30,-157.11311868524558,-158.7332229432091,-163.0372486929062
2017-01-02,-135.90447301494538,-131.9381442082713,-147.54942244968674
2017-01-03,-154.28353946764688,-157.40626837661083,-157.4457467863608
2017-01-04,-158.04675416574867,-163.4559011779739,-165.20528222046627
2017-01-05,-144.61428359949707,-155.08796835032166,-162.2960367804719
2017-01-06,-157.8569855438369,-154.7671391950124,-159.25936721521128
2017-01-09,-166.474333424269,-169.2450765529511,-171.07401591404545
2017-01-10,-124.9309318572113,-138.19207559781097,-150.43649661902785
2017-01-11,-166.44958360647615,-169.72612871119537,-170.6768300263016
2017-01-12,-159.08103829059766,-166.97248608446716,-173.359070336571
2017-01-13,-151.35826460602163,-152.20601878461096,-162.38917236122433
2017-01-16,-158.86203246321048,-170.40961630541713,-172.19257955312318
2017-01-17,-138.10789570180128,-144.73901934275543,-149.53326311813515
2017-01-18,-150.48066856991167,-152.0693829657304,-161.4863210475481
2017-01-19,-151.09341631845325,-148.76745560454918,-153.53633215707288
2017-01-20,-151.7000577349831,-155.09633001442742,-157.63242238562535
2017-01-23,-159.0513865326149,-158.87732470785713,-166.21801095880573
2017-01-24,-144.62823123942204,-145.89176507843683,-150.80606172510403
2017-01-25,-158.17743058866833,-158.7159739434237,-163.07974399971317
2017-01-26,-151.51727118019437,-151.64483328157664,-154.60138856841718
2017-01-27,-139.16002699110953,-143.80454426443987,-152.5022091947335
2017-01-30,-143.41868333658007,-151.1788552881762,-150.9644499235781
2017-01-31,-136.28137873625496,-155.52586329865323,-150.32508825856834
2017-02-01,-142.49683424060208,-156.59318820332322,-158.35035326155
2017-02-02,-169.9629472295813,-170.52512282636238,-172.4804551657745
2017-02-03,-133.16583155558146,-148.8760950939219,-152.12007584175535
2017-02-06,-132.90924253288094,-137.78537117464907,-146.52341876968768
2017-02-07,-140.2750688793493,-154.61683934321331,-156.77652611547177
2017-02-08,-154.90833818041392,-155.01786757381853,-157.6441375766651
2017-02-09,-142.00006144134443,-151.75968000564197,-157.61207254307405
2017-02-10,-138.76365794155194,-135.69228298676185,-145.85321219882587
2017-02-13,-149.81870707688628,-156.73429411570177,-160.32707880598574
2017-02-14,-146.0092806919165,-155.56321691557042,-156.32404925870333
2017-02-15,-144.61069170182066,-155.6761930393922,-161.57067479106016
2017-02-16,-134.00649260200197,-134.5402586898642,-143.45435286705228
2017-02-17,-157.67441191949285,-158.36136778664698,-159.4780068249388
2017-02-20,-128.6453589783742,-143.41023737843997,-154.93703613347753
2017-02-21,-157.82127509401516,-154.86080130464495,-153.3486991857152
2017-02-22,-148.08543813783035,-157.4998270687681,-165.4737697850774
2017-02-23,-128.0075070631633,-150.5895089695155,-152.78905258856344
2017-02-24,-149.67982086506726,-151.96138126971186,-156.63810494774498
2017-02-27,-166.84925036246736,-162.55758200546234,-168.3972818304405
2017-02-28,-131.813727226234,-150.88656393041126,-153.76274640057287
2017-03-01,-150.38551119678783,-150.55154246417248,-163.52571332876025
2017-03-02,-157.12237760996106,-159.81070376233498,-161.55563181038417
2017-03-03,-155.00754839620342,-155.08069240151886,-155.81543803590228
2017-03-06,-153.99818026307392,-154.0886035735442,-156.86963190993708
2017-03-07,-154.68876962783304,-155.47746610583025,-156.7318476693903
2017-03-08,-169.7293071424994,-162.7647028520161,-164.7547242026784
2017-03-09,-155.8146370131282,-156.77999088365615,-160.0858827410261
2017-03-10,-153.77369130269688,-152.87605284145963,-162.52257518707833
2017-03-13,-149.70090840646057,-148.30225535110162,-150.4239406328395
2017-03-14,-160.00367276047635,-161.28545026571012,-161.67842035531905
2017-03-15,-140.73448880355986,-147.72971677882117,-153.34267339735493
2017-03-16,-151.6788570577774,-153.44204428017,-162.34775813558386
2017-03-17,-148.0159355431603,-150.42056771942634,-154.89251001101073
2017-03-20,-153.69117556070395,-151.05975015097113,-153.68453016140248
2017-03-21,-166.41087886261187,-164.15823101710018,-164.05963817644977
2017-03-22,-147.92875158717604,-154.14049765174428,-160.09870584200522
2017-03-23,-144.15595235460614,-142.89802262753318,-153.90795507921877
2017-03-24,-152.80984698386263,-159.9263308452881,-168.24995904641617
2017-03-27,-155.89839830100604,-155.75282692537198,-165.9681966958766
2017-03-28,-135.56681895901846,-142.61606819855623,-151.81970585520023
2017-03-29,-164.7932460783537,-167.3539585644586,-169.14476184761386
2017-03-30,-151.54238611783035,-157.08461250803342,-161.75427287083613
2017-03-31,-155.79792137529438,-158.2633667245769,-153.09694234107604
2017-04-03,-152.3031705229076,-156.732323924748,-160.8642768149899
2017-04-04,-147.15802745889403,-153.23977030718035,-157.74211330432456
2017-04-05,-154.46298819865856,-161.81656411451098,-162.73119633709268
2017-04-06,-136.23354426993762,-135.88620379644425,-153.04949206906525
2017-04-07,-158.25809630604377,-161.33650914987336,-162.00136566198105
2017-04-10,-161.12591918872803,-159.98923317572135,-163.00868252455498
2017-04-11,-131.08823508102438,-144.28840074439097,-144.93360631294303
2017-04-12,-133.30172419005342,-130.98549595272408,-148.84751396071266
2017-04-13,-149.4378476034067,-143.30921860601242,-145.89137893751783
2017-04-14,-135.21984781597874,-139.1643305973775,-148.84072362779477
2017-04-17,-158.0421689070098,-155.2343275571256,-160.95513317197015
2017-04-18,-159.04209718061648,-156.16812389447196,-158.4565299983602
2017-04-19,-150.32313710390156,-149.9733301664963,-154.30410137412252
2017-04-20,-155.9395177574737,-155.2508074093093,-162.28977216125142
2017-04-21,-140.42007760585454,-140.77482303692736,-148.37918209420707
2017-04-24,-139.2561335734137,-142.7799388095941,-154.06047611063852
2017-04-25,-161.41471483674843,-166.37296209599546,-169.10832491998
2017-04-26,-147.7674938511393,-150.9605575992025,-160.8512512664445
2017-04-27,-159.92486415770955,-165.0173455189724,-164.91870175873524
2017-04-28,-162.42322302548155,-160.9191456279936,-163.27077821959116
2017-05-01,-165.33825886896778,-168.5305994938205,-168.30843896297463
2017-05-02,-161.20665657952435,-160.6954752539823,-164.05433313204156
2017-05-03,-152.89283241088933,-153.06637960086508,-156.2917995793761
2017-05-04,-151.79025086643514,-156.55803660570143,-161.47541627012217
2017-05-05,-160.92648639905235,-164.36257296820065,-166.1811164281041
2017-05-08,-146.37360326201713,-146.42162315762414,-155.63457053709675
2017-05-09,-165.08142438029114,-166.22101549193368,-170.27384226251232
2017-05-10,-152.30204419878007,-153.75222177696432,-154.69338304476037
2017-05-11,-162.17935761638591,-159.00838540973263,-159.7774841307967
2017-05-12,-156.13175377369205,-155.6954700379683,-157.97640013934543
2017-05-15,-155.3863513786971,-151.73229978774893,-150.22375986530136
2017-05-16,-153.80181191480176,-147.48395860152908,-154.9726634457798
2017-05-17,-157.88439942101934,-161.29201606551683,-164.34217448389452
2017-05-18,-146.1087741321167,-154.32431764978884,-154.16703315442766
2017-05-19,-156.80554169948766,-159.34929075105703,-165.79726504042628
2017-05-22,-162.6460624959822,-160.23103468780317,-164.732293663492
2017-05-23,-161.3590760663518,-166.9821812190737,-166.07595254602052
2017-05-24,-165.10523949681445,-167.83150226616596,-168.0804724293206
2017-05-25,-154.66794998660194,-151.99918295657358,-148.7879786245755
2017-05-26,-160.7793883138156,-162.1547969623859,-165.72188873016995
2017-05-29,-163.41698319968384,-162.25580193143549,-165.47550500669868
2017-05-30,-161.97272783683704,-163.8226132963475,-166.51068490293088
2017-05-31,-161.0530602443771,-160.5513041708738,-163.27044873070798
2017-06-01,-167.6246907169115,-169.96015091687445,-171.5019732509791
2017-06-02,-167.45417556083046,-171.7114900587634,-172.87662651220822
2017-06-05,-158.68543899692511,-159.19831178154263,-155.56653757857444
2017-06-06,-154.93936737886935,-155.54686520759924,-165.92392687147236
2017-06-07,-158.46698914846203,-158.58411954921812,-162.07413914309342
2017-06-08,-148.9059268310109,-147.26134262769372,-155.5912598694158
2017-06-09,-158.29477130670824,-158.08431783976178,-162.6253248443315
2017-06-12,-163.71219153916795,-165.16668881236137,-169.5767571877562
2017-06-13,-149.85966963572045,-151.6267227926997,-162.78187748671928
2017-06-14,-156.0169401734652,-161.63366176499648,-167.88230373308224
2017-06-15,-162.43591826930128,-162.4250077516338,-164.695613332593
2017-06-16,-152.50294642565783,-152.50193908615472,-160.61515807940322
2017-06-19,-154.9672552309826,-156.25233111451212,-161.18248252598752
2017-06-20,-154.93989257370475,-154.42258449742232,-158.53605514283296
2017-06-21,-165.72883347606773,-170.28661960052742,-168.50369632281078
2017-06-22,-151.35269296340843,-157.8174249430127,-163.41991084615285
2017-06-23,-155.22761607534284,-160.0054282718229,-165.29030462489425
2017-06-26,-162.30741082967745,-162.49509594731813,-165.9972875652697
2017-06-27,-160.61946878217495,-169.5056716205976,-169.34845382492256
2017-06-28,-156.6043137588212,-158.8493851578201,-162.27524083348695
2017-06-29,-156.5138379362231,-159.54534544306802,-163.71921501554735
2017-06-30,-148.68806123976,-146.02510459994667,-156.76515747989453
2017-07-03,-156.84546518345422,-164.78697999447758,-169.48289419538415
2017-07-04,-154.5418781117284,-157.14221142462353,-166.66061721363687
2017-07-05,-165.67120480365782,-172.1551261095439,-171.53738625835936
2017-07-06,-157.6943793602315,-164.03404157194146,-169.10767423650273
2017-07-07,-164.05104443611842,-169.91802152304336,-175.8038505815345
2017-07-10,-164.490907433841,-169.59998761328177,-173.51276574991255
2017-07-11,-158.74390645570966,-158.29767723233076,-164.1934467775186
2017-07-12,-171.10065239755633,-176.68680986907876,-177.8472374609069
2017-07-13,-163.1412255737981,-164.3287393410528,-166.2011734626817
2017-07-14,-165.56222731249136,-168.99967140118252,-173.68744402247017
2017-07-17,-166.20971432830237,-167.6591717801428,-170.55463899589986
2017-07-18,-168.69028120029293,-176.43415879201643,-178.97964843810098
2017-07-19,-165.25542849193977,-168.68361059861894,-170.9069283280805
2017-07-20,-168.22248647645537,-173.12535970605038,-175.57469459100457
2017-07-21,-158.50036464116292,-160.76303730231524,-170.3449747659761
2017-07-24,-162.0427210076849,-163.98430516627428,-166.4922706683747
2017-07-25,-163.6061507068356,-165.8286263042706,-175.5595169188116
2017-07-26,-155.24224638170892,-155.36070517316315,-161.4138898376972
2017-07-27,-159.4914410592673,-164.12755906748777,-168.87753740288747
2017-07-28,-166.5945304544051,-170.98417870371327,-173.75868784005473
2017-07-31,-166.0369481875439,-166.9020289940972,-166.22649415934245
2017-08-01,-167.89317692371117,-172.98224300403234,-177.78732131851413
2017-08-02,-169.3727519077299,-175.74055297053948,-178.92845367685462
2017-08-03,-168.64264780951547,-174.72627570276893,-172.62987317451947
2017-08-04,-161.7801133287748,-163.86138767077398,-165.42464221455012
2017-08-07,-158.60737254138067,-159.26993279052522,-172.21443699289213
2017-08-08,-168.91624076713947,-177.95436525184343,-178.9772611274059
2017-08-09,-165.6339132180535,-165.2037704728061,-170.53900451514042
2017-08-10,-145.886606255212,-141.24786498617067,-158.2099707689491
2017-08-11,-165.93570372109005,-163.45598179893858,-170.75210718942466
2017-08-14,-162.8721771327084,-152.74729701757306,-160.44967342598127
2017-08-15,-146.2428728780961,-145.79799290284586,-161.16600248869366
2017-08-16,-149.45898014223621,-152.45252762123738,-169.14025024848036
2017-08-17,-162.7434028723004,-162.27484127839122,-162.93730728278416
2017-08-18,-132.79973124793486,-138.8419739853689,-163.6473759083152
2017-08-21,-141.8040627578523,-150.95457716425364,-158.14601742164223
2017-08-22,-150.86716934360356,-148.8141490447598,-159.04029420094068
2017-08-23,-147.71912219995772,-147.64167480122686,-160.22013786452442
2017-08-24,-167.28566049251677,-169.91145466581452,-173.5435128602883
2017-08-25,-145.40924627932148,-140.94054024445148,-151.43757098863412
2017-08-28,-155.44918165886446,-149.3594933829999,-159.11655088682517
2017-08-29,-151.80773385476851,-140.8145135312296,-158.75395130501533
2017-08-30,-158.20831204470724,-154.93146305956842,-160.18834474569283
2017-08-31,-155.15289646807102,-159.96408145381588,-168.0803512306977
2017-09-01,-164.7962188657442,-165.81337709242263,-165.0242548800031
2017-09-04,-166.6603631503619,-166.05106437949274,-165.62231837458103
2017-09-05,-163.66643823527485,-166.9068950257611,-168.4028804026274
2017-09-06,-156.73406616396238,-151.5964222369354,-163.0023943774142
2017-09-07,-153.14968059854195,-154.10323293143716,-159.2005670388477
2017-09-08,-145.05144193689765,-148.52174637015503,-161.99492329800674
2017-09-11,-167.0471294694708,-168.6619870401654,-169.32592661955525
2017-09-12,-167.12082943746157,-160.82173902370312,-158.53682799462376
2017-09-13,-159.04863414037902,-163.54736194790328,-163.5018047639069
2017-09-14,-154.99154646512196,-158.99166794025427,-168.9770568639434
2017-09-15,-163.67901013882718,-154.84493400748778,-160.25085604431098
2017-09-18,-148.4300395163464,-151.2013376221122,-162.3630704104007
2017-09-19,-149.9222557916354,-141.86223151629943,-156.8186040559566
2017-09-20,-160.38529611756832,-161.0989318644812,-163.17424443423954
2017-09-21,-151.9698354780065,-149.58421921873162,-150.72341592501743
2017-09-22,-162.08967287280558,-162.30893227390908,-166.40869035098956
2017-09-25,-166.98344601415283,-163.6545622601153,-166.53935301577073
2017-09-26,-155.60732905686092,-159.34552300279967,-168.2834973253809
2017-09-27,-145.0026815362073,-150.8094180662384,-156.45291838417825
2017-09-28,-147.22718564509574,-149.46009186495172,-155.12908877460714
2017-09-29,-164.41958068531065,-160.603672932036,-161.6504389422449
2017-10-02,-122.11811199206039,-129.1395038250137,-145.7454724223227
2017-10-03,-152.82935760612847,-154.4861150724454,-157.6118351551659
2017-10-04,-160.51772024595303,-161.02915118723786,-168.4267998403148
2017-10-05,-162.1886870159403,-157.97568028729393,-166.59434063334876
2017-10-06,-146.04826130772966,-152.83810129971522,-166.25701657228376
2017-10-09,-160.6155776474915,-162.6150483021005,-165.43094693179637
2017-10-10,-157.70048680976961,-157.60007340967172,-160.35824625364575
2017-10-11,-129.29654516661628,-124.98320075411746,-142.3079754981341
2017-10-12,-162.480522874564,-160.5480696434492,-160.0565236896371
2017-10-13,-130.0469697043838,-135.21606277092337,-155.61115807514358
2017-10-16,-147.85693004106767,-151.7828746785021,-161.10792666756018
2017-10-17,-153.14448990795924,-147.26308609631272,-146.64644949007567
2017-10-18,-140.79656798768872,-144.0147124525023,-152.72452574574146
2017-10-19,-157.4539836184105,-159.41718221081103,-167.61550491674592
2017-10-20,-129.68573394033388,-142.25229749456457,-158.04805951341186
2017-10-23,-129.7820886021541,-124.03279450878586,-146.96965512073
2017-10-24,-142.674221606716,-141.31652593526934,-149.49426857880962
2017-10-25,-169.81743074770253,-168.8835108620972,-170.00798849272033
2017-10-26,-147.77257911291463,-149.89622596996693,-155.5355202516403
2017-10-27,-153.00910085647087,-155.51952490023015,-149.648340845875
2017-10-30,-142.31253871403135,-148.3498204947659,-154.85360666223124
2017-10-31,-145.53880257318747,-146.43037091386967,-157.43047157622317
2017-11-01,-90.46343248669325,-99.12856505674999,-138.57892895419428
2017-11-02,-161.41115661845808,-160.96843496187643,-161.6618179538172
2017-11-03,-165.02944175807497,-161.76608340777614,-163.6106374101463
2017-11-06,-138.7214784638737,-148.25820532114938,-161.9926117305556
2017-11-07,-156.6996030658011,-160.88625592528408,-156.53292798476744
2017-11-08,-146.8990069551535,-156.8503706605633,-168.03682475492698
2017-11-09,-156.42070395399202,-159.18812095207673,-161.82141930862548
2017-11-10,-127.245048079371,-128.28616115880823,-137.00414440119243
2017-11-13,-161.07971611473477,-159.23371711194932,-163.337750947624
2017-11-14,-158.3328759890342,-158.26015886129701,-162.6439119825866
2017-11-15,-166.60458849060257,-165.86100136714876,-165.73577010889912
2017-11-16,-154.59215597812354,-163.60794080951214,-167.41420636942448
2017-11-17,-168.0306540292035,-170.9980291406733,-174.10460105758295
2017-11-20,-147.54428054504604,-150.06413682312757,-158.60025496271143
2017-11-21,-151.77625416905508,-159.11028905886957,-166.07034558545394
2017-11-22,-141.85572072301966,-145.38069798526084,-158.524330911016
2017-11-23,-149.31674162566463,-160.31408284867615,-164.33077617797483
2017-11-24,-156.4964326530402,-158.23191653341084,-165.5438467229768
2017-11-27,-167.8208210037094,-168.66401066912493,-168.59160874789242
2017-11-28,-162.5009647148867,-168.12470058680591,-169.261929959471
2017-11-29,-123.6585154703981,-133.41134476277568,-156.84484885291815
2017-11-30,-153.09703650415037,-149.42455639315705,-151.73393423685997
2017-12-01,-96.30862112595963,-135.09566337485364,-155.58998625957847
2017-12-04,-136.08572722604913,-145.76215775068374,-155.9851319705044
2017-12-05,-158.05440441503265,-158.00115566997943,-164.16092052131697
2017-12-06,-148.91544861418603,-150.1667751518411,-154.89026250542585
2017-12-07,-161.32369455384995,-160.24764903548572,-165.88107963255015
2017-12-08,-143.28641578476078,-155.00158140307795,-161.90206922475343
2017-12-11,-160.89982532362998,-160.08680939785407,-162.62300637207633
2017-12-12,-160.44212783579167,-158.8255144394253,-163.70261353147734
2017-12-13,-163.0923640243153,-162.73654559170808,-167.6163914802714
2017-12-14,-135.66203476284136,-142.54124811137387,-156.85211776894067
2017-12-15,-164.21568375348534,-164.84808302083488,-168.20452870066418
2017-12-18,-165.15035730570207,-164.81108689902248,-173.23329114613776
2017-12-19,-160.13640460533023,-164.76020080213837,-166.84333843476446
2017-12-20,-157.89813619936237,-161.0894390222543,-166.5330489454825
2017-12-21,-165.70522865401807,-167.92371994537535,-170.63472907436383
2017-12-22,-156.5522809942574,-156.18182431386646,-161.8744444220319
2017-12-25,-149.857069122159,-154.75704815480606,-157.0580501111303
2017-12-26,-153.00170670927972,-156.6902509667013,-164.7012060181911
2017-12-27,-160.86084185427254,-166.3243639082388,-170.6993681743943
2017-12-28,-157.94020093990454,-160.3892508936816,-165.0364071239926
2017-12-29,-150.1429734032779,-151.0788288997287,-156.5583834222696
2018-01-01,-152.49180479392012,-156.24909064730295,-167.63277552110807
2018-01-02,-162.98010580070965,-160.127610125184,-162.35826764904078
2018-01-03,-160.43345870426936,-161.19859237383312,-162.4285383600976
2018-01-04,-162.61075845962546,-168.6015585307063,-170.36438353203422
2018-01-05,-158.96874109158406,-162.42467763526554,-167.41616557228917
2018-01-08,-159.72982017566943,-159.0931078610074,-164.60328637504952
2018-01-09,-167.63566391169027,-172.0251033848897,-169.87019135649967
2018-01-10,-159.71820434287352,-160.84661979424862,-165.43198023790148
2018-01-11,-163.59108753097934,-169.83164034359845,-168.9040875086818
2018-01-12,-164.1730511506488,-171.77240639972598,-176.99932238524678
2018-01-15,-161.80208297301706,-165.05829952005968,-170.5431311363328
2018-01-16,-167.25661215450316,-172.52170246048226,-174.03997020046228
2018-01-17,-148.79039406075523,-142.80504978478882,-152.01188705173286
2018-01-18,-165.1704494728137,-167.46136100374974,-169.2592727538538
2018-01-19,-160.410892998322,-160.94480329204794,-168.66998017706211
2018-01-22,-160.41412740631927,-161.2647098528595,-166.32554823616624
2018-01-23,-155.0024817716171,-156.06400426664672,-158.36058734381447
2018-01-24,-167.8413016169611,-174.26310644196084,-175.1860887986435
2018-01-25,-157.78828600686003,-154.74331636840463,-148.77083156944855
2018-01-26,-160.83995396038782,-164.04117168335458,-166.87473597023506
2018-01-29,-160.45798212421167,-164.24307188132394,-167.52192161053236
2018-01-30,-156.33941273921977,-150.95805772934838,-158.33288915971428
2018-01-31,-161.60816718948155,-153.83274528437755,-158.41074201802266
2018-02-01,-157.77757926052047,-159.72408589053913,-161.4493379934129
2018-02-02,-156.80679681857487,-158.5258937705912,-167.12531748619713
2018-02-05,-165.4238516168947,-168.85187226153525,-172.12411899750015
2018-02-06,-142.5783003013935,-144.8066328408996,-161.83019489211034
2018-02-07,-168.25693553230641,-171.92394043866327,-169.50082390815712
2018-02-08,-157.83952693133213,-160.22049957903587,-172.57448467863583
2018-02-09,-152.57365655413312,-156.55085506522715,-150.07175983486906
2018-02-12,-160.19129613130076,-165.79876433118963,-167.48283912708115
2018-02-13,-158.8318635661638,-161.6767370081758,-158.2332077085272
2018-02-14,-158.40959580309402,-157.32214071619404,-164.16708560916737
2018-02-15,-170.62999274657219,-174.1892760288019,-177.93181082879397
2018-02-16,-160.6290614024922,-160.6423414983405,-164.8226179335868
2018-02-19,-155.8276825715832,-158.3911007480258,-162.8900614188992
2018-02-20,-155.95734166779687,-154.96356987117318,-162.83843580516614
2018-02-21,-141.56535000085245,-141.8422363419229,-146.3496579989249
2018-02-22,-156.2118599519422,-153.75319283895604,-158.90734530133864
2018-02-23,-165.5080505436507,-169.06190715331059,-172.6967215006483
2018-02-26,-166.52380152956565,-168.26458416285197,-169.02441775591075
2018-02-27,-150.23416271589582,-147.8292552352592,-161.44165841411115
2018-02-28,-166.23715634370637,-170.7072106294492,-172.11439101942833
2018-03-01,-159.8277229467594,-164.08887800441397,-167.1222999909181
2018-03-02,-150.51344322342135,-155.3200554211249,-163.38949642362283
2018-03-05,-162.74716673084959,-161.5816202688566,-163.00509900274068
2018-03-06,-169.23817796518503,-175.45621788191167,-177.57583703955308
2018-03-07,-171.2427696799981,-177.60742968129952,-180.0370387118184
2018-03-08,-163.80600964199223,-166.60028607510046,-173.82564932544318
2018-03-09,-165.2430008838562,-170.96402213477765,-177.5182066749514
2018-03-12,-144.9736442425325,-146.92451711993732,-158.0186574862659
2018-03-13,-145.08495721696934,-141.3661327082283,-146.08268940723076
2018-03-14,-152.8525185867817,-158.50660078770548,-169.24000276918855
2018-03-15,-158.97594972458444,-158.96059124673684,-160.36951115277765
2018-03-16,-161.58942001872092,-162.29381131719816,-159.93764104112995
2018-03-19,-163.7456299269965,-164.1713325799888,-167.90221792072006
2018-03-20,-163.2575810968507,-165.6944663099921,-169.9022780422297
2018-03-21,-160.8888203961589,-162.27132536158652,-163.506592602796
2018-03-22,-150.52352278010093,-153.95571374818206,-165.1772201299457
2018-03-23,-123.9636742494262,-135.67158467259782,-159.59886150686444
2018-03-26,-158.36980708843964,-163.37254995345643,-172.074135134977
2018-03-27,-157.68421943024822,-155.04926239507833,-159.58466465732218
2018-03-28,-152.66530173060832,-155.48606938080272,-159.89998398216147
2018-03-29,-146.02400517558453,-152.55023745735335,-156.328139217529
2018-03-30,-147.51379471256038,-148.47315136513657,-154.8101347136112
2018-04-02,-140.57214993676592,-151.40547202403692,-158.98284220495958
2018-04-03,-157.11739929498899,-163.58498425460616,-165.41959737706952
2018-04-04,-164.2779732466122,-163.31666906947626,-157.5487072192832
2018-04-05,-159.2647901597974,-163.85018629628436,-165.12993862306308
2018-04-06,-161.46440781292247,-164.58699203426988,-167.13092164395496
2018-04-09,-137.74475532683056,-152.21279693026736,-165.07573725624323
2018-04-10,-163.77682897131766,-164.70080992473615,-170.55372511808577
2018-04-11,-157.9626829164368,-155.18535381366306,-165.08036935067105
2018-04-12,-162.1915603441769,-165.1355540737809,-166.46079399347795
2018-04-13,-125.31065406384593,-142.00455747551896,-154.46220382464182
2018-04-16,-151.5661129308336,-163.05466093639583,-163.8495911000022
2018-04-17,-153.08947492558892,-151.71730577351272,-163.01678845882267
2018-04-18,-145.514869081335,-155.99936344283347,-161.41504889373468
2018-04-19,-155.43600976848145,-160.839074274685,-169.09487430694327
2018-04-20,-170.2651153372471,-175.11981071093422,-175.8913249199385
2018-04-23,-162.73231187346974,-161.21143038146394,-163.65110614693893
2018-04-24,-159.15078208849468,-167.76861755258838,-171.0330341426828
2018-04-25,-169.32225970355827,-174.34042581936933,-175.07582142151603
2018-04-26,-154.07535013981317,-151.23677230653266,-151.29535351496963
2018-04-27,-145.09630051419336,-143.30971840469363,-151.88582215181393
2018-04-30,-152.1301544709129,-160.1782895320906,-162.9345011667915
2018-05-01,-161.9939739656414,-166.02937529644757,-170.0801722701593
2018-05-02,-153.83619747408213,-155.1381814608253,-155.85320815659975
2018-05-03,-142.665254486238,-138.43604293162036,-149.1809085888778
2018-05-04,-161.13338369599225,-164.57479557765376,-162.22733427361354
2018-05-07,-160.00238835838942,-159.0495105015283,-162.44900069892245
2018-05-08,-143.02057384530366,-153.68967624032342,-164.04903442619423
2018-05-09,-147.53815718805475,-148.57401103387434,-149.61407496771176
2018-05-10,-148.8858728811828,-148.4943410621379,-159.52759735124613
2018-05-11,-159.43399504493965,-165.7769969562905,-171.0022448804687
2018-05-14,-140.56665462338077,-152.5305015436301,-152.90843087973283
2018-05-15,-148.6108434661652,-154.30122534754912,-162.9958341781931
2018-05-16,-163.09816850262342,-165.0695377802011,-167.54481354985714
2018-05-17,-145.97103307003823,-153.48011710296683,-157.35799748089275
2018-05-18,-168.763488212749,-169.42471298378598,-168.35408596914925
2018-05-21,-139.46200597798133,-135.26858077921014,-140.16638445176855
2018-05-22,-157.2344866428611,-158.11321000228938,-163.10599256269126
2018-05-23,-150.7908181148013,-150.0667716638693,-158.20124527187394
2018-05-24,-136.52432171752213,-139.543853214387,-151.4453474119301
2018-05-25,-133.89917011305644,-134.04462904532795,-146.198308467702
2018-05-28,-155.42079908469944,-148.4114533059022,-157.45860481384466
2018-05-29,-158.35812009734582,-163.52551272780903,-163.1310512208629
2018-05-30,-133.92413527057897,-144.53883081022798,-152.45818412082664
2018-05-31,-143.27230686268217,-141.72365088055923,-140.11144427367358
2018-06-01,-148.9053874090491,-147.7005528609722,-149.47984609148872
2018-06-04,-148.26277494432082,-156.59478237582593,-157.8775689857086
2018-06-05,-157.11256918347837,-153.25879179513686,-162.12759541803578
2018-06-06,-159.67128312225805,-164.2761321299986,-169.4162333248409
2018-06-07,-151.06920412758285,-150.35282741930783,-155.16892467459405
2018-06-08,-154.55716780591283,-160.6542815787026,-165.11315992838374
2018-06-11,-164.3125965365516,-166.70983024100684,-170.4377137416719
2018-06-12,-145.84293297914513,-151.9334005552005,-157.20008488760374
2018-06-13,-148.58252639404918,-153.86440507300574,-155.45895554131317
2018-06-14,-160.67721498028402,-152.10593847905477,-160.34037185741494
2018-06-15,-156.92766856872953,-159.39043857687486,-165.76942838177249
2018-06-18,-152.12000970526356,-158.80369737181854,-159.38431121830757
2018-06-19,-160.3888674814295,-165.0791350109833,-162.83724927950988
2018-06-20,-167.9748640425921,-171.18940290124678,-175.323070300375
2018-06-21,-151.1809038718467,-154.55502548498637,-157.1311728092727
2018-06-22,-157.01396100395039,-150.6715042479297,-152.26497945405114
2018-06-25,-149.52612896236968,-138.52140235462474,-143.20570993650497
2018-06-26,-160.43254260701394,-161.9527805918694,-169.04956609515452
2018-06-27,-146.38814073125008,-154.39220286938703,-161.1150495811078
2018-06-28,-137.77924465815934,-141.68086479018154,-146.5283970794153
2018-06-29,-134.62453018900547,-136.33422386966728,-142.93946282717025
2018-07-02,-154.3194675151093,-155.19220098588576,-157.05610688960888
2018-07-03,-160.03309957414166,-158.16408565872285,-162.00227171804298
2018-07-04,-164.04525384222813,-167.4376499439149,-170.34842173410087
2018-07-05,-155.84222416501103,-155.9522812438251,-155.53981845178373
2018-07-06,-161.1030092939995,-159.4773596317223,-161.8607440472781
2018-07-09,-152.25027471681167,-157.47132081008536,-163.08619165248427
2018-07-10,-145.20837748007514,-147.33040043687882,-153.61727660520273
2018-07-11,-158.0716794270817,-161.49075313220175,-162.54706798133674
2018-07-12,-149.3106723735746,-147.38505411593647,-156.19623215077073
2018-07-13,-153.12467033712272,-149.50953858514265,-154.240997394649
2018-07-16,-148.93512365784574,-146.24589587726484,-150.0415060515786
2018-07-17,-164.19212692857462,-159.89263881791413,-164.29998158399624
2018-07-18,-146.56201516104917,-146.67268411736384,-151.43070565643518
2018-07-19,-161.86622169624923,-162.9165314200086,-164.81970451531234
2018-07-20,-152.98836737533998,-155.00662342550913,-163.86601657363943
2018-07-23,-149.6090895778797,-151.24955185691562,-161.28272517434766
2018-07-24,-155.29768434710883,-154.9417624422182,-159.96724592346118
2018-07-25,-162.16082475895558,-163.29791854955593,-163.51920682733154
2018-07-26,-124.64492786599357,-129.98347406382263,-151.33006277139714
2018-07-27,-143.14393395106873,-138.7576831958248,-156.74598771702108
2018-07-30,-147.35057604884489,-152.37560778697969,-160.51145289671223
2018-07-31,-155.86890183324803,-156.84637311352319,-159.02812273994758
2018-08-01,-150.53146710895567,-147.78158841311165,-150.79497491197222
2018-08-02,-149.0849644380225,-150.733706181777,-161.41445845631293
2018-08-03,-159.14929677198933,-158.78573105924124,-160.58826990032847
2018-08-06,-137.88003878888912,-143.8759789142651,-141.05640162626793
2018-08-07,-160.5134675809357,-159.65974214837885,-162.82456352058958
2018-08-08,-151.40142220481187,-158.53019763869045,-163.00180196631274
2018-08-09,-156.40454289273922,-159.0761938007922,-166.075819265365
2018-08-10,-164.30661828403433,-163.23924303266395,-165.3629339767788
2018-08-13,-167.37776074585835,-167.47375775641055,-165.60760691508227
2018-08-14,-141.8679382754111,-140.3910579638363,-147.00557920498903
2018-08-15,-160.48386794480834,-163.62484118654643,-164.57956668979782
2018-08-16,-149.39114311418467,-149.50491856428383,-162.13075023401782
2018-08-17,-161.6662337773501,-162.95349687813783,-162.6251989800009
2018-08-20,-167.85534635281783,-168.7762016861665,-167.81733420552322
2018-08-21,-150.32787910934073,-155.86505470700516,-167.3373033503257
2018-08-22,-158.11073632998068,-159.30942851637485,-160.76194903272668
2018-08-23,-167.5479263052553,-169.1835348571182,-169.45904462684672
2018-08-24,-150.90561678503877,-153.9350661536074,-153.66111656552857
2018-08-27,-170.3437177974627,-170.95378553350045,-171.93295015375185
2018-08-28,-156.33927237275088,-158.05357712986984,-157.50181871359766
2018-08-29,-159.1272526397473,-161.05089344098243,-169.19945073360685
2018-08-30,-163.57024680112352,-167.83871659672258,-169.45828828687553
2018-08-31,-162.17928133598144,-163.91912786298607,-163.3657796433054
2018-09-03,-153.08567173328223,-153.6796386111978,-158.42274367849933
2018-09-04,-154.54177035119108,-150.9224517730982,-149.64309152102007
2018-09-05,-162.37824164778507,-162.97017815391135,-160.95880238652413
2018-09-06,-159.41127874817155,-159.4324976944697,-167.81900842130668
2018-09-07,-144.16342243473187,-143.67015187702404,-149.41979693305032
2018-09-10,-160.32312330879128,-157.57387024879407,-161.39133507525352
2018-09-11,-140.1182614620555,-142.97904984095402,-152.67086886722007
2018-09-12,-150.82189312486938,-152.95755560943988,-158.51568769398207
2018-09-13,-140.5964020716589,-139.24966268728338,-156.3872944711782
2018-09-14,-151.0814625354233,-153.43831267762928,-166.26494488272874
2018-09-17,-151.73653771389698,-153.9309045820426,-151.31819274809604
2018-09-18,-157.79495306871132,-157.7921420248457,-159.25759007891855
2018-09-19,-147.40556268962143,-156.55291066115257,-164.5216309079787
2018-09-20,-160.47337698153004,-161.88401762188406,-162.5251506263153
2018-09-21,-156.0486031043996,-153.0069500191939,-160.13114581807096
2018-09-24,-160.6671742622629,-157.86285568788253,-163.75604636462714
2018-09-25,-156.67571671630043,-160.13525026310649,-162.77032203065914
2018-09-26,-154.67494239042713,-153.2323045334215,-163.3431776512327
2018-09-27,-150.42833201489515,-154.36514402155083,-162.95408593072943
2018-09-28,-157.28503937377107,-158.4402596807863,-165.35071436520383
2018-10-01,-152.98162110550518,-155.06968672412637,-158.52869081265757
2018-10-02,-151.39450150323827,-153.65945330051744,-161.10641056631457
2018-10-03,-143.92920118577769,-140.2917035004901,-149.4084171660472
2018-10-04,-165.3753619904124,-165.23222043212033,-166.5229565516197
2018-10-05,-163.43515939841137,-160.06061939152292,-160.16343875299793
2018-10-08,-154.4837682387211,-154.564995301479,-160.68491472136014
2018-10-09,-163.93202043665661,-164.0160451360671,-167.44314388934708
2018-10-10,-169.009042034837,-170.867459552396,-174.55919573366901
2018-10-11,-154.33876540258143,-155.08867896738886,-155.66632918442534
2018-10-12,-157.64961302811713,-158.73518879932072,-164.04190318810848
2018-10-15,-143.42236259654825,-149.05776202935374,-157.97238257321678
2018-10-16,-156.09792993223292,-162.01257765867183,-165.24156151333574
2018-10-17,-160.98301183338359,-159.71323585715382,-164.9180134678664
2018-10-18,-151.27443407332078,-156.16940339702046,-161.32060957324344
2018-10-19,-149.8097749819646,-150.91618805770636,-151.8820594631276
2018-10-22,-142.86413151781798,-146.21565143618133,-156.8671348225498
2018-10-23,-149.46628130458592,-157.62976856022615,-168.55932941855986
2018-10-24,-146.1253726928842,-150.29041435009032,-162.63679150245406
2018-10-25,-145.04425378214844,-151.31524425583476,-157.7228935232966
2018-10-26,-157.30617333993797,-157.327836837355,-163.65511220744196
2018-10-29,-148.9440754488844,-145.13686863704578,-162.48450924223613
2018-10-30,-130.69567750192354,-141.35767374241274,-158.97041360570992
2018-10-31,-146.21110237932987,-148.18677350643145,-153.86636115770997
2018-11-01,-150.85401480288965,-158.84170286993782,-165.52378796225958
2018-11-02,-110.38524170540566,-116.06734624082074,-127.61538299687072
2018-11-05,-145.2895254103449,-149.36234436161425,-155.181397345524
2018-11-06,-155.4954125737091,-155.25907994937842,-164.1753408886406
2018-11-07,-134.9292400204433,-145.4023726049888,-156.83209232358388
2018-11-08,-140.08963918582015,-155.89170889605887,-156.31063507854054
2018-11-09,-136.84806063308088,-152.51436194543717,-159.32761952056475
2018-11-12,-123.87913845279576,-121.63536586856975,-150.76649652641663
2018-11-13,-160.25727679363087,-164.75255382511986,-166.26184497274946
2018-11-14,-163.78703525046464,-160.5391232642339,-164.89737130662309
2018-11-15,-155.57345422875605,-159.93376535379096,-165.0908298572682
2018-11-16,-136.71351853248663,-156.99918804314302,-161.1189731002272
2018-11-19,-165.30408656958275,-167.52167055152094,-172.52701704530585
2018-11-20,-166.64317316745007,-164.3667177811148,-166.7350218539326
2018-11-21,-156.04501988383987,-159.35242142801079,-162.60352823999318
2018-11-22,-142.852264612588,-146.4236638918246,-160.51105736035936
2018-11-23,-156.489397643532,-152.27354702906254,-152.10009820004134
2018-11-26,-145.49025128473184,-155.87250058661056,-165.2871054559017
2018-11-27,-150.99078530802223,-156.15571393176256,-165.2693477378972
2018-11-28,-155.19461272271025,-153.43650537544198,-156.13211041076437
2018-11-29,-167.1362362816881,-167.5341253450969,-169.766193832725
2018-11-30,-144.94776255352926,-151.49982972289746,-154.38969071132223
2018-12-03,-166.34536516274716,-164.41499006552775,-169.08326560111556
2018-12-04,-152.81747411975152,-160.98742125784034,-165.08712367273816
2018-12-05,-164.5618467554802,-166.9889829416217,-170.42855456449217
2018-12-06,-159.6154614438971,-162.09754360798334,-162.89321051482654
2018-12-07,-164.07728231847986,-164.13923101704603,-171.10956687795255
2018-12-10,-146.28777074697422,-146.48838106158016,-156.84524258079693
2018-12-11,-160.6839492580911,-161.36696419342317,-167.52856425557545
2018-12-12,-147.46620583484182,-148.652564330955,-166.08761734197037
2018-12-13,-164.30984477614527,-168.78392007988535,-166.58525160328685
2018-12-14,-153.17537058080043,-154.0498000384179,-156.9965412488628
2018-12-17,-162.43185945369856,-165.14354234430533,-168.01630898254407
2018-12-18,-156.81066128902071,-159.60761581385387,-166.539808370472
2018-12-19,-155.75365975921437,-157.45894692252926,-162.94990272600404
2018-12-20,-169.0097896303678,-170.35939429276647,-171.8696475199985
2018-12-21,-164.789023530736,-164.7280007289503,-168.51349508456227
2018-12-24,-168.92181790665038,-172.03823977077434,-175.69115030487137
2018-12-25,-161.87595154585196,-160.63897221003623,-162.223111487925
2018-12-26,-166.0023987495152,-167.22344382491644,-171.05990517577214
2018-12-27,-161.86180337500662,-160.8287932100192,-162.31426640194914
2018-12-28,-158.81278387160904,-158.0282602194997,-166.4218083952954
2018-12-31,-153.08633847078866,-155.36341452995833,-156.19261899860413
2019-01-01,-157.19069976996292,-155.66182527870538,-162.7766997960381
2019-01-02,-151.19867128425975,-151.36298056139967,-163.15500823871525
2019-01-03,-154.0810633425347,-153.37823961437496,-164.23873435615255
2019-01-04,-156.93259286799258,-155.5085019220988,-159.55783709212872
2019-01-07,-141.42681256270663,-143.22977477184804,-148.24213643987474
2019-01-08,-156.3415187642607,-157.05871130608296,-161.41321598232884
2019-01-09,-160.8939775982152,-163.33955016998038,-167.32501896276528
2019-01-10,-145.26614909574272,-147.08160059606664,-148.8996594795394
2019-01-11,-162.23353009971933,-165.99860263534367,-170.04917731951693
2019-01-14,-148.32062012403108,-145.76160026454014,-156.55810626667528
2019-01-15,-168.20325754705354,-168.75535822737422,-170.59996943065653
2019-01-16,-145.23535738894293,-149.38321294094337,-162.60229953862353
2019-01-17,-157.13719674925136,-157.69431368736164,-164.1569811221141
2019-01-18,-146.73281491353117,-144.1973951193406,-152.6072243812703
2019-01-21,-170.3837840927056,-169.9948152744722,-173.28447159860357
2019-01-22,-155.0898985476294,-154.38738482257122,-159.82242191270274
2019-01-23,-151.43031970916758,-157.22379295973226,-161.30614853609023
2019-01-24,-135.5864195976197,-143.08506590283676,-155.96968451032018
2019-01-25,-156.44822092938972,-157.1662470520709,-154.34842365067104
2019-01-28,-167.08409118017894,-167.67011762752585,-169.8924720532523
2019-01-29,-167.1173568206338,-168.3415374147139,-172.57602540148451
2019-01-30,-166.86316528546186,-169.03531888809113,-172.01936941840208
2019-01-31,-153.27795252443246,-154.35629728629942,-161.94718094958898
2019-02-01,-129.41285147688893,-140.35867809709748,-149.279602003634
2019-02-04,-155.8995731905138,-160.59921649311482,-165.68918915096734
2019-02-05,-153.84629950177475,-157.15467717899594,-158.40914558900064
2019-02-06,-148.86961483906072,-152.68271673736604,-159.9251413944225
2019-02-07,-140.60876924924497,-147.6894737305399,-149.49549492096443
2019-02-08,-128.93644384950318,-142.62552316002146,-149.0395229087058
2019-02-11,-161.69339696252177,-157.01951043829027,-161.89670194243047
2019-02-12,-121.43647700815163,-140.12769200717048,-135.61292257889605
2019-02-13,-143.37913840652212,-148.10405660080863,-156.64244082933985
2019-02-14,-141.28006704746429,-153.81900149274026,-163.57346784011298
2019-02-15,-157.4055494754919,-158.37435440726355,-162.45469615909047
2019-02-18,-165.62490858682784,-162.6506881007383,-165.86914704604175
2019-02-19,-162.24891185896396,-157.1051852840283,-163.7380877169112
2019-02-20,-153.05396007164583,-156.08000356058466,-157.46800172805706
2019-02-21,-150.11579166922223,-152.2409159203514,-159.06011959973358
2019-02-22,-160.5731114732063,-161.35824059742907,-161.33003127864063
2019-02-25,-163.14720323681593,-163.0951729746211,-165.6224211999184
2019-02-26,-146.87806574554304,-152.02621480837877,-156.2760609919561
2019-02-27,-153.89432070095998,-155.6188329349845,-155.55831892574713
2019-02-28,-150.31853226423098,-152.9576976070109,-151.90360454074252
2019-03-01,-161.44690857534135,-161.58974726119266,-164.89745076932036
2019-03-04,-156.9522926256771,-159.92619481254468,-161.15564924380737
2019-03-05,-124.29440439037973,-135.98057322938365,-141.90928987166447
2019-03-06,-157.97516290513434,-157.9238989533704,-161.701039812767
2019-03-07,-153.055608563979,-157.58206946579358,-158.60613787793585
2019-03-08,-125.41461289984115,-144.81782204355946,-142.2456117571108
2019-03-11,-137.33434985187563,-143.50116006744796,-153.10927523703393
2019-03-12,-134.15094689813128,-153.0657630963105,-161.2310316082578
2019-03-13,-140.12430665935506,-139.99471895387856,-144.69521452695705
2019-03-14,-150.4932593309057,-153.98273441995826,-157.84773843787738
2019-03-15,-153.856051858195,-154.35900811297913,-158.46138721922455
2019-03-18,-144.85288310011612,-154.22600491487484,-157.63766515355093
2019-03-19,-157.29715660951922,-156.2134961287142,-162.02314460758743
2019-03-20,-150.99274502099658,-154.69632215666738,-152.45874005196998
2019-03-21,-146.519842046376,-153.71620593406922,-160.85283136443095
2019-03-22,-154.6266715285398,-147.9714695132259,-150.2721088551767
2019-03-25,-167.90274004555562,-165.3207583619936,-170.29776969762705
2019-03-26,-138.46385428212275,-141.46965837052454,-153.9069211667554
2019-03-27,-143.20636685074348,-144.85557030167436,-150.12095269743622
2019-03-28,-164.51733630719758,-163.94672281356193,-169.60191926163606
2019-03-29,-171.51145410905647,-169.0808182084652,-173.78859699032287
2019-04-01,-152.6946814131714,-159.1931315781117,-167.20569129022428
2019-04-02,-144.33100388494847,-150.36681217071464,-157.11574012548397
2019-04-03,-166.26564790617346,-165.50946725609467,-169.8870554939084
2019-04-04,-163.39701191754807,-162.47515772465437,-163.4511293083292
2019-04-05,-153.27269066976004,-160.02636316573808,-167.66622319312563
2019-04-08,-161.19832222799195,-162.56163112904486,-163.32331997389082
2019-04-09,-166.77361842292282,-165.7579598585238,-167.2267450611798
2019-04-10,-166.78864546024136,-165.9520529619092,-169.56033193894496
2019-04-11,-164.77879489889358,-164.8781038738701,-167.1229150768504
2019-04-12,-171.04352535588063,-172.27582973485698,-174.78541729271853
2019-04-15,-159.68161248184376,-162.39768788704006,-162.13876179742616
2019-04-16,-167.12600532230994,-168.36112816307048,-170.50121321458357
2019-04-17,-164.51723647164616,-167.79669947264372,-166.08493248017425
2019-04-18,-156.0524400127517,-154.92030750432943,-153.75571062522363
2019-04-19,-161.08505528459378,-164.62252340397643,-167.19861086288586
2019-04-22,-167.60863630351935,-169.57961715833807,-169.16567014907463
2019-04-23,-131.38838007332643,-126.31208379673032,-128.99539672236077
2019-04-24,-168.32401527231252,-168.64417199502813,-173.66790101916868
2019-04-25,-165.866811870208,-168.78504490865976,-166.89622442286745
2019-04-26,-168.71791692191823,-169.69487074207674,-171.52644775430016
2019-04-29,-155.2109107983382,-157.31112799664368,-157.62771971358688
2019-04-30,-149.58922129771292,-155.77772562304523,-157.81331043432328
2019-05-01,-164.75111263948293,-167.06730701685808,-165.59414852327285
2019-05-02,-163.1424140384927,-159.51707978266873,-159.823610279056
2019-05-03,-162.582940563707,-165.76598819473597,-165.25423279063097
2019-05-06,-139.32816661775107,-146.419695970564,-156.54469111407914
2019-05-07,-168.26347795641414,-170.4836470035111,-166.5749972244552
2019-05-08,-163.04066712302705,-164.93652876583687,-164.19552083593248
2019-05-09,-164.24334516961716,-163.7624481795994,-167.5094202256475
2019-05-10,-149.03306129627123,-148.9704155955468,-157.99305094812183
2019-05-13,-161.99819004673446,-160.69373170197093,-163.21172625391617
2019-05-14,-148.14622863434735,-157.55376551364884,-159.8584120093263
2019-05-15,-151.19190416521153,-155.38509235999027,-161.80316929653583
2019-05-16,-161.1430529438593,-164.6010353789641,-167.1724864117264
2019-05-17,-171.86652673392027,-172.59770385509265,-176.23087513467684
2019-05-20,-162.88521506297104,-160.80169460129986,-159.10495685570564
2019-05-21,-168.48333543516242,-171.34847866068827,-175.13887834503322
2019-05-22,-161.3949105520522,-164.84145803204532,-167.30042442618648
2019-05-23,-149.676828845599,-137.40510794757506,-144.8212558930595
2019-05-24,-169.22970689621235,-169.97318272604713,-171.88578489750057
2019-05-27,-163.49033814561645,-164.55459123305832,-164.80757969686087
2019-05-28,-170.63172560547406,-172.9838422899581,-175.83940629585257
2019-05-29,-165.67268861232108,-168.34393012645234,-173.25457025103722
2019-05-30,-162.61038226160517,-163.28223808131773,-166.67934100104506
2019-05-31,-158.8416653860479,-160.16914631940327,-167.19810586157638
2019-06-03,-169.703253808272,-173.14337477400915,-171.85105754033756
2019-06-04,-165.7249926466779,-169.3322254588549,-169.03606796460352
2019-06-05,-155.84770936882072,-152.18142333522476,-153.5106563390461
2019-06-06,-167.72790546917324,-168.85038415324027,-167.42117602024467
2019-06-07,-159.23130108476943,-158.3024920567481,-161.4847335999181
2019-06-10,-163.60270554902894,-169.84495514467238,-173.62228605198175
2019-06-11,-161.93893598000687,-163.95001536086738,-168.87787418955415
2019-06-12,-165.18357638558305,-166.83590000269623,-169.39092977773367
2019-06-13,-167.83531420117222,-174.1045036538585,-172.44560214500137
2019-06-14,-172.05976469022,-176.85461452104548,-175.99670939642996
2019-06-17,-150.4311636417303,-146.68947450182128,-148.02882909726816
2019-06-18,-157.5835915215535,-163.39173250597656,-169.45315592704415
2019-06-19,-162.3984072032714,-165.23519116092913,-168.07277959792066
2019-06-20,-157.38656948531917,-155.42188856288874,-152.82401036074793
2019-06-21,-158.69176875338192,-152.2976473869926,-157.94600997932415
2019-06-24,-144.09938288703918,-145.59506547069887,-158.60991748028738
2019-06-25,-161.05575335316834,-161.30333247182875,-163.43020147941868
2019-06-26,-168.1041772845457,-169.9876801110657,-173.20608924747762
2019-06-27,-151.2087402330789,-159.17057815148752,-164.14005020264372
2019-06-28,-148.40477376748277,-149.9650918203651,-160.11541078464788
2019-07-01,-159.18709654121776,-161.3876906320741,-166.34222698653107
2019-07-02,-170.48945749657148,-171.5194268695516,-172.83548362448514
2019-07-03,-163.0065994851773,-166.55024792305923,-168.72522861104807
2019-07-04,-150.86828765909377,-149.5362133677158,-159.4168616510451
2019-07-05,-162.84889108784566,-165.67903139621362,-169.04161548619243
2019-07-08,-158.85993614024028,-161.72449400179005,-165.05808592817075
2019-07-09,-160.5242503594136,-160.6720977078164,-166.03552698234145
2019-07-10,-163.20170858760446,-160.7874928393964,-164.98386755932071
2019-07-11,-158.6164804315086,-160.47214128251406,-157.93880717113868
2019-07-12,-156.0951024430656,-157.68824653837018,-170.85668768939502
2019-07-15,-160.2830869370992,-161.5560712475966,-165.77390691535618
2019-07-16,-159.35025797306702,-160.4415995816382,-162.20974884464277
2019-07-17,-135.67456543951155,-136.79254026066621,-145.55941974741495
2019-07-18,-152.5585452007744,-160.23399576699308,-168.8797081357148
2019-07-19,-146.9102424909243,-152.92647241503138,-158.00156971574683
2019-07-22,-155.47756094068262,-160.1679510742218,-162.95206495786175
2019-07-23,-146.64431783939293,-150.26583942240484,-161.15240659428838
2019-07-24,-143.15488833369213,-156.6565267378679,-166.06626534796354
2019-07-25,-149.25970566783573,-165.67204990421152,-165.39612514205572
2019-07-26,-145.53294072518608,-161.41145068392385,-164.25869251709915
2019-07-29,-133.75407470239765,-147.35665421965712,-159.46864585493628
2019-07-30,-149.85563574513236,-161.70631282269105,-168.97809532359196
2019-07-31,-150.74568861902262,-151.227032240833,-154.2431209100188
2019-08-01,-158.60406442851811,-162.92354643207102,-164.98204006060905
2019-08-02,-165.33938163269082,-166.90377146166793,-164.46925079212045
2019-08-05,-149.97108215273062,-155.10246184613155,-162.82740227266476
2019-08-06,-166.37194999742258,-163.90261988366365,-166.88149618577143
2019-08-07,-155.05039898951338,-155.3473427968244,-152.29093911139606
2019-08-08,-146.39903480016108,-160.81189435360113,-168.43087414562575
2019-08-09,-164.03641099172555,-163.44073621516682,-165.23099446150655
2019-08-12,-161.09774419405605,-159.59952316471472,-166.15219962734383
2019-08-13,-161.47259792801313,-163.8348339363901,-168.60791931736813
2019-08-14,-145.14086565037945,-149.8926244175545,-157.99248098350682
2019-08-15,-150.52732549890266,-150.13466795845616,-157.18125920278413
2019-08-16,-141.30770654679512,-150.87183230755988,-156.36671686252242
2019-08-19,-165.16692184801468,-164.87954787776724,-166.49302829708594
2019-08-20,-170.1261173136675,-169.57617354090368,-172.04787072873543
2019-08-21,-158.99414457749464,-158.3794264425566,-162.25961164128313
2019-08-22,-169.5954327879477,-173.0939720151268,-176.9633414879112
2019-08-23,-160.46126620325649,-165.4280695188272,-166.4444653152229
2019-08-26,-156.83645507761665,-150.51402124896532,-158.69566369082742
2019-08-27,-161.45272385508568,-160.90855882950717,-160.4821777181859
2019-08-28,-150.42650501546473,-153.55983648905683,-156.82300739192223
2019-08-29,-144.97687877333215,-159.12851349028463,-159.96138288497315
2019-08-30,-161.6521439883738,-161.51897322939817,-165.282018391822
2019-09-02,-155.87605857233393,-156.951495527055,-162.65871844513822
2019-09-03,-171.4147892851832,-175.6173925736316,-178.94371020973773
2019-09-04,-162.82137047155723,-167.95915405977416,-170.3506562718892
2019-09-05,-161.10555995532707,-165.12745275781234,-166.44788765122382
2019-09-06,-153.71884665592765,-155.7760699440534,-158.09171643244247
2019-09-09,-148.75305566253684,-145.6276264766999,-155.35537405520085
2019-09-10,-158.87485650680912,-162.13207074246233,-165.86661491496545
2019-09-11,-155.7588355637401,-161.07592343633087,-160.19289785310298
2019-09-12,-151.81928374155677,-155.80321401674473,-161.82920011618774
2019-09-13,-154.2747937958024,-157.50897801513034,-165.24691098153707
2019-09-16,-148.18763877367385,-133.6704917700554,-144.65251831447932
2019-09-17,-161.9344834926836,-164.23833815173884,-166.51227863567112
2019-09-18,-147.17090710850755,-150.65957175171263,-156.92435450289477
2019-09-19,-154.85600954317619,-152.78718466314308,-155.88809752515616
2019-09-20,-149.68329514086346,-152.92599934279175,-160.96381083456444
2019-09-23,-153.78113294077644,-156.99168816684028,-164.2048838272353
2019-09-24,-123.15359496293954,-131.73607014798836,-149.0047058073431
2019-09-25,-164.77428443901312,-166.53277352142692,-168.58513166306105
2019-09-26,-134.1581720900911,-138.338810850333,-155.79566392518083
2019-09-27,-143.74000779350862,-149.3391889845352,-160.49466827274782
2019-09-30,-139.72178778391168,-145.66969584871302,-158.19287535655278
2019-10-01,-142.19161463067002,-147.65622457360894,-161.8862728868849
2019-10-02,-160.68780677385755,-163.5392246443727,-165.61467325163304
2019-10-03,-157.75890367689357,-162.54939037537108,-169.421509128101
2019-10-04,-154.90406437569553,-155.98375772921057,-162.19892136940416
2019-10-07,-148.75701311597888,-154.20843769887765,-167.80114542965143
2019-10-08,-140.15371155520745,-150.98396160927902,-162.03921089619473
2019-10-09,-159.01442646220414,-161.34770172375352,-167.83530123300494
2019-10-10,-149.40533481975234,-161.96996480307635,-170.47280080518246
2019-10-11,-152.8039584812691,-149.73880747274782,-153.82647446592696
2019-10-14,-161.4253213708081,-166.06814242831334,-169.16081470903035
2019-10-15,-150.0671820158126,-145.53320509555158,-159.29959064696305
2019-10-16,-160.80306549730003,-163.98329331630035,-170.08712537059205
2019-10-17,-146.99338405910194,-158.61906727905745,-164.89231172024617
2019-10-18,-165.83978872220027,-169.06796285202287,-173.15542152418297
2019-10-21,-167.83233498078894,-171.65455200569787,-170.2950895337726
2019-10-22,-127.86153911584651,-145.85231309566439,-160.48656944011145
2019-10-23,-127.62960022090738,-137.929239402772,-148.88628074559176
2019-10-24,-153.10339827767234,-161.73882458505733,-164.79926649821678
2019-10-25,-150.4267461472313,-150.25746201460782,-157.45186303778573
2019-10-28,-153.96440728041597,-159.06248938372264,-164.22696140302435
2019-10-29,-145.136219818823,-148.83163104676242,-164.6436230140447
2019-10-30,-142.46821095656105,-145.04730793175287,-157.85003640212017
2019-10-31,-151.77689066182865,-151.58744284749542,-159.90879208823762
2019-11-01,-167.54371077158225,-166.30680641685314,-169.25150766770759
2019-11-04,-150.1446193487317,-150.5345271916077,-158.6496475078847
2019-11-05,-160.05848531990287,-161.09665536125001,-162.82928894215837
2019-11-06,-156.57153630131472,-159.28375389584957,-159.5109753136603
2019-11-07,-145.83470673313582,-142.80774043596273,-153.62113770121314
2019-11-08,-133.09382587128414,-141.75703798993288,-140.4132420431869
2019-11-11,-161.780790654636,-164.42615692450707,-168.88260907219552
2019-11-12,-139.4849051700491,-152.98051476895398,-167.9643426663872
2019-11-13,-106.75709552319253,-125.62895021381385,-150.66944774683125
2019-11-14,-147.68248468751835,-150.58233280836055,-155.7271883759085
2019-11-15,-159.94775981431806,-156.3430712741049,-162.6695878534396
2019-11-18,-150.35331953099637,-156.95998060457495,-164.5573955026802
2019-11-19,-160.67488918234037,-157.53531894465118,-161.601734187553
2019-11-20,-146.72418351938634,-158.86191492203912,-158.06000332530425
2019-11-21,-160.81298456723465,-164.89683258924975,-163.67071003232562
2019-11-22,-154.81836794781566,-153.65581186204207,-165.84192042158583
2019-11-25,-154.2856285622289,-158.96175877930816,-162.9292710825842
2019-11-26,-150.49429407884207,-156.785308518262,-158.2916214844847
2019-11-27,-159.0178757340165,-159.77765620300903,-163.93307814362262
2019-11-28,-160.8309835098663,-160.18410089116827,-163.36314082361767
2019-11-29,-157.99628352928335,-163.70783120622758,-161.47129930893465
2019-12-02,-162.44357566181662,-165.13672421288663,-166.90776992018178
2019-12-03,-169.83062407399046,-173.7123569158146,-172.10190559801262
2019-12-04,-170.90544270137,-174.113861227532,-175.0752014548871
2019-12-05,-168.4074641625151,-171.4086011229169,-174.548495970204
2019-12-06,-170.1109229967408,-172.3780472500848,-171.63278797715506
2019-12-09,-158.63942860793568,-158.41114059389986,-162.37581198751852
2019-12-10,-159.4925421819804,-158.14953271589243,-161.994038670138
2019-12-11,-166.07908640616554,-170.54010387954472,-176.4388478643346
2019-12-12,-164.1234788586062,-172.5757816089292,-170.80847298766304
2019-12-13,-156.7285665749505,-154.83226825388658,-168.91573316118405
2019-12-16,-161.79797214419244,-165.03319303344207,-166.41045972784002
2019-12-17,-164.83528264914824,-165.22781677479682,-168.72285515866005
2019-12-18,-161.46099796377558,-161.30976771074006,-168.81337158064505
2019-12-19,-159.06421507042916,-160.01000491282988,-168.5681487666872
2019-12-20,-159.48833730357475,-158.3257168063135,-160.84262256506028
2019-12-23,-154.31647391755013,-154.61149957559098,-162.46692807237065
2019-12-24,-147.01602918012014,-143.2768141355554,-149.74709860535805
2019-12-25,-161.5085190499058,-158.5962369153557,-166.15506110368463
2019-12-26,-167.38019946176075,-166.68011005593021,-172.92397651117255
2019-12-27,-158.7316086232281,-161.60197605079424,-163.30613066290374
2019-12-30,-145.1265057855139,-149.58742293911104,-162.2805912979519
2019-12-31,-158.92998881520847,-155.8677777059621,-161.07349579390893
2020-01-01,-151.80878163633236,-155.88558571023688,-161.50728414529416
2020-01-02,-154.31397394275007,-154.76779577646622,-163.71630312252626
2020-01-03,-163.45430918097782,-168.6322956057343,-164.89428978747196
2020-01-06,-165.81171628305236,-168.6233274035701,-170.66726323111612
2020-01-07,-151.96318169851466,-156.24917222514992,-159.79194356382368
2020-01-08,-161.50519381926173,-164.5143524469865,-164.93234461456032
2020-01-09,-158.91172293324513,-169.37194637678698,-174.32995351822868
2020-01-10,-164.2746854830275,-166.34659258602937,-163.88363828947857
2020-01-13,-166.53118257038935,-169.00343804047583,-171.3485700902409
2020-01-14,-156.23210600106773,-152.68816699816446,-162.6078540852215
2020-01-15,-146.12969718286058,-151.1559175000973,-162.9348960797684
2020-01-16,-169.2203668126827,-172.65570759261877,-177.42859025912836
2020-01-17,-163.06606514339063,-164.73575306530196,-168.23957409018675
2020-01-20,-165.33573005498636,-165.07971071960765,-170.2633930148574
2020-01-21,-165.27195680631198,-160.9351307714615,-167.08689355509318
2020-01-22,-159.8906866182666,-163.7257384348051,-164.76042740346134
2020-01-23,-137.24866512848183,-141.53680292298498,-159.15754371081138
2020-01-24,-153.49555136720585,-149.64019647348374,-163.62057621125754
2020-01-27,-152.7679937176385,-148.52699285944965,-159.29052359091622
2020-01-28,-142.36854143242732,-134.14396858623928,-145.5281876916668
2020-01-29,-133.11514584896938,-140.55248746703373,-160.1206790744373
2020-01-30,-148.30210722447617,-152.37568113958383,-158.1058403324699
2020-01-31,-141.7238557209595,-145.70716917186564,-154.691184278305
2020-02-03,-153.23032657837268,-154.6161247629306,-157.52099723785017
2020-02-04,-165.85766468254434,-165.98227831323706,-165.76456520435232
2020-02-05,-162.1521925141938,-161.80144346594173,-167.14921786143216
2020-02-06,-151.2951187871289,-151.72702938164872,-156.9890474909057
2020-02-07,-168.5066152452139,-165.04674820856823,-167.39638165950564
2020-02-10,-157.6356814501517,-158.76417502261563,-161.74171649864462
2020-02-11,-125.62372090955122,-129.0802036324875,-146.3045232334947
2020-02-12,-164.55800039993738,-161.56947368066983,-168.47953829343206
2020-02-13,-153.47051409095374,-157.29619943027757,-157.5811716314701
2020-02-14,-152.67074556203278,-153.55708573825817,-149.45106898230569
2020-02-17,-149.1819639451474,-153.86740673540098,-163.84015490323395
2020-02-18,-162.5349467645636,-155.690675613701,-161.4435203593034
2020-02-19,-154.73216327144618,-159.03884695929284,-161.34405409596994
2020-02-20,-156.899197375904,-157.0945840439657,-162.97381331659258
2020-02-21,-155.47470151636804,-155.44593129670707,-163.11902204255415
2020-02-24,-168.25830227872677,-170.6388999968115,-175.6804277664912
2020-02-25,-150.9291612373717,-146.85887853709667,-156.06429186563662
2020-02-26,-154.89649434855704,-159.5025264654666,-164.0513580571562
2020-02-27,-164.05568728760971,-164.6826087632357,-169.06634860161003
2020-02-28,-157.09264997529897,-155.75015044668675,-157.46722213187354
2020-03-02,-165.54488123123502,-166.55644893359158,-168.61946173469954
2020-03-03,-153.83127072274476,-155.51714940919086,-159.41472314482533
2020-03-04,-146.6660568469871,-146.64021390945405,-163.00128980256764
2020-03-05,-157.85197917559765,-158.0495145929044,-161.06136185249494
2020-03-06,-144.88569302633255,-146.97902671757424,-150.71471319226973
2020-03-09,-145.92729970216504,-142.9429724255462,-149.66860219139335
2020-03-10,-161.77767102130824,-158.01363073259654,-169.48290446883496
2020-03-11,-145.28088787487746,-141.88331597603204,-146.8728952547808
2020-03-12,-145.8387960474126,-154.02004536452495,-156.00019314302983
2020-03-13,-108.63306561766548,-132.038521456544,-142.71590216338305
2020-03-16,-138.3041896922413,-143.5882370519582,-148.6942001418671
2020-03-17,-124.65820904737495,-147.2171602909301,-155.05471812066713
2020-03-18,-109.80032679552329,-143.41868354171328,-153.52999713301955
2020-03-19,-141.69369298783286,-146.12969010260213,-149.62442589393655
2020-03-20,-134.79056396192254,-149.07502245870268,-151.34283406047803
2020-03-23,-155.89929832980852,-150.72854789320246,-152.9400931309913
2020-03-24,-143.40063456309693,-150.4067115415206,-160.50409828770947
2020-03-25,-156.4407731194728,-156.140370767441,-162.1053409987005
2020-03-26,-129.0427527894807,-139.09830978853506,-148.2105567209833
2020-03-27,-146.49451217010142,-150.2224220665175,-156.08299980120586
2020-03-30,-130.38847330175668,-148.73861476743448,-161.13050810035335
2020-03-31,-163.5922552835273,-155.66572908325023,-159.2988201825175
2020-04-01,-151.77207740550085,-148.94484560955766,-150.52260827929325
2020-04-02,-126.70341052082571,-142.79479158328965,-153.25808589074296
2020-04-03,-149.69065980333582,-142.13768619355548,-157.57732438593803
2020-04-06,-157.44480513385122,-158.58868169162065,-161.23958699211155
2020-04-07,-146.81826293333796,-146.80236819829318,-150.38048000802877
2020-04-08,-149.05271885937776,-152.84721352729508,-158.42609828141457
2020-04-09,-159.87129366757537,-158.10878438650224,-163.91757121921867
2020-04-10,-167.65781058213963,-163.97100616767736,-168.40214062452137
2020-04-13,-148.60089636430666,-150.5180671529369,-159.94456927489125
2020-04-14,-152.99377422444198,-158.06700007983358,-152.79478313270965
2020-04-15,-168.01329227628287,-165.51373483394255,-169.2947884889833
2020-04-16,-146.69275083054924,-153.35966530918574,-161.70377414243453
2020-04-17,-152.2282207507519,-153.34576450257953,-159.53628259111252
2020-04-20,-145.69197523069988,-150.1903485984464,-159.08766174328724
2020-04-21,-159.87348463035514,-162.06736394979976,-164.18841968528193
2020-04-22,-153.2323392101225,-154.77866869285083,-160.53214074549624
2020-04-23,-139.71585271588114,-144.00582174768712,-157.4914261467353
2020-04-24,-157.7228962089711,-158.57538491928338,-159.24908705098343
2020-04-27,-145.89161860989608,-148.21430371060197,-153.51569162215182
2020-04-28,-150.656010927535,-149.59231703133938,-160.2562501686274
2020-04-29,-144.22652874226353,-150.5771328686532,-154.67668204365012
2020-04-30,-149.15925771871264,-147.99902570414187,-155.52304239376633
2020-05-01,-132.43328361381424,-144.3032138098195,-147.3048638990764
2020-05-04,-146.95547644866687,-142.76154801097928,-149.49267786247188
2020-05-05,-143.54786776797093,-146.4855223384338,-152.74175022929415
2020-05-06,-141.203455215116,-151.08169383627325,-154.75481880938145
2020-05-07,-165.21660492501562,-161.69620865069098,-164.26505373767029
2020-05-08,-111.2941985509778,-132.7115640103553,-147.24901634629384
2020-05-11,-156.86808261959234,-157.67568027678777,-165.7141664013114
2020-05-12,-134.52458837430083,-141.06402631946145,-152.3728603489911
2020-05-13,-153.70003135143483,-156.0108260457493,-159.02942970831367
2020-05-14,-140.9665091502655,-146.65518395530518,-155.96275433197098
2020-05-15,-124.16918492807775,-129.58672025032314,-146.95035154583582
2020-05-18,-145.82404148974038,-155.24687006138157,-161.06274995792563
2020-05-19,-149.59135260417844,-152.87578805237467,-158.7435288914014
2020-05-20,-153.1124848670414,-156.3715600299556,-158.78215350785592
2020-05-21,-154.7252940788255,-151.22096333876053,-158.05946633798555
2020-05-22,-144.64382344747898,-147.5384098381371,-155.67441743255935
2020-05-25,-146.14690147478865,-151.35012492135263,-158.06918861080976
2020-05-26,-155.10683156969284,-158.7363315429992,-165.08626023090036
2020-05-27,-157.33390304368163,-158.00038347466068,-159.90698776946022
2020-05-28,-129.96971238535306,-141.0646237962293,-144.52761255106603
2020-05-29,-148.16771172976755,-149.72079248101153,-156.46154950837723
2020-06-01,-154.01134051366358,-151.54413452974688,-150.618950092828
2020-06-02,-156.47314725875233,-158.87817345258705,-161.16491760760218
2020-06-03,-158.5798609526028,-156.50511702160293,-161.17737760867445
2020-06-04,-144.0738122051994,-151.7839026132614,-154.7400404060214
2020-06-05,-157.98578596038746,-162.1106755778507,-165.4846584537235
2020-06-08,-144.1092829390714,-145.48920328764825,-157.60476898949958
2020-06-09,-169.17988259606395,-168.02310774153005,-171.84382761341874
2020-06-10,-155.9435967696974,-157.63514894750992,-163.7327265721562
2020-06-11,-163.9808762927184,-162.26468214321494,-167.4619716058726
2020-06-12,-137.14042941567465,-134.7200921596603,-152.2244284630151
2020-06-15,-168.73158043531882,-168.64791584029345,-172.70698762790659
2020-06-16,-159.27967469348826,-161.84078226662652,-166.52409817272562
2020-06-17,-163.46007271976225,-166.04207915516986,-169.7438293323127
2020-06-18,-162.71996005101172,-165.2126789197542,-168.81524779035092
2020-06-19,-165.07281912273612,-166.92232478349322,-167.50263787958392
2020-06-22,-168.9142768265532,-170.8385718689991,-172.6290418252979
2020-06-23,-146.93885638527695,-148.99723689748063,-151.64213367094948
2020-06-24,-154.15162742337228,-149.5078422020336,-154.24966643709274
2020-06-25,-155.74026254648658,-158.05894323278034,-170.5782229773943
2020-06-26,-158.48831146537447,-165.19371423422638,-163.76604877681885
2020-06-29,-157.70215969419945,-158.02299081946768,-160.2552135980174
2020-06-30,-153.3326860330215,-158.89803231464768,-158.47155691346714
2020-07-01,-156.53158222520418,-158.1816748088869,-153.61030167764244
2020-07-02,-165.1027176738802,-169.3837261782421,-172.2141134978297
2020-07-03,-158.0368580133803,-160.8951312840769,-162.25362685309298
2020-07-06,-164.85161008505128,-165.61926499671605,-171.34218397595492
2020-07-07,-158.6196166563983,-158.9657185523335,-159.29506964875347
2020-07-08,-145.3451621846659,-142.7340610778219,-158.43906097603158
2020-07-09,-162.32813135031137,-163.232045174788,-165.63573657083194
2020-07-10,-156.66501130681775,-160.74508485723837,-169.1124404627331
2020-07-13,-158.37020980020185,-163.48645356408275,-162.74018647495055
2020-07-14,-155.10389218282782,-156.88221542540492,-156.08060309476448
2020-07-15,-164.2664073224503,-167.76526316351436,-168.51964469760364
2020-07-16,-165.1827228052531,-163.79928341431003,-167.11442238125625
2020-07-17,-163.67561388896652,-167.23507204134998,-170.5993804886787
2020-07-20,-161.77136834227957,-162.2148065136096,-169.32559580898786
2020-07-21,-152.7870249195091,-155.73282384186902,-166.10264392078017
2020-07-22,-156.01491020433735,-158.612992121962,-158.50851092273484
2020-07-23,-164.19941118067445,-164.8442537562156,-165.49207899829952
2020-07-24,-152.22955245560834,-158.58913764230473,-168.30173088627834
2020-07-27,-149.34145659161572,-150.80581556649435,-160.2208387207059
2020-07-28,-165.46652164228368,-165.22384783024154,-170.26002683574075
2020-07-29,-163.82611106802653,-164.4853239712327,-166.64054723529642
2020-07-30,-156.4726741109243,-157.3386959769737,-166.7724180353594
2020-07-31,-158.28555787840162,-159.48854813222164,-169.42322633294754
2020-08-03,-153.70311680218902,-154.29044168348838,-160.03401858489383
2020-08-04,-163.59566545171714,-167.56338954984602,-170.2745695996286
2020-08-05,-167.3509749554269,-167.84571564364498,-171.28351766544654
2020-08-06,-154.53348642713334,-150.41851156462144,-155.58259813643113
2020-08-07,-154.77827121446072,-148.16191110633645,-163.72468982162667
2020-08-10,-161.97525213278513,-162.49928056336293,-165.84064435288235
2020-08-11,-160.9396314647398,-162.68580517369992,-168.65991567272465
2020-08-12,-165.54679103650346,-167.68605036471348,-171.82403411929235
2020-08-13,-159.54558018355672,-157.77093820554074,-164.8288663071881
2020-08-14,-161.91320173492795,-161.2356859091289,-166.06135161624996
2020-08-17,-170.93617252410286,-173.8318105795713,-175.7953314482753
2020-08-18,-155.58081125038805,-160.15176585412314,-164.65524476123014
2020-08-19,-160.23626321084674,-165.621027439206,-168.66820778269945
2020-08-20,-166.9712552478151,-168.98456551243896,-164.57798205660146
2020-08-21,-162.81689212784983,-166.62037242385549,-169.54536697557194
2020-08-24,-169.492893442585,-170.01237985716247,-173.25042948875765
2020-08-25,-166.9497350280178,-167.50110548640905,-171.8067251314211
2020-08-26,-154.43616475934016,-155.2411754636297,-162.55459658733056
2020-08-27,-164.9130749057411,-169.50965871059495,-172.78552374695585
2020-08-28,-161.78896032636672,-164.36564479213806,-158.50290248407254
2020-08-31,-155.58859380136158,-158.82353681165299,-160.07476354652826
2020-09-01,-152.9081952155875,-159.47875472538934,-167.28243372227087
2020-09-02,-171.7615351883221,-176.49041141489076,-179.88151276796165
2020-09-03,-158.53344890221766,-162.74562684120892,-171.02238567152403
2020-09-04,-154.67517758878927,-156.72750460003974,-160.5746483949445
2020-09-07,-169.55161118614788,-169.01988778996218,-167.98945666138397
2020-09-08,-165.04897401462077,-166.81326989369947,-169.10155960987814
2020-09-09,-155.63952127726662,-155.0317171824246,-159.86022184917906
2020-09-10,-156.6881705508855,-153.25296841778632,-153.71994313908542
2020-09-11,-157.76336928985165,-160.4462959310457,-161.66267851406462
2020-09-14,-155.69077934411678,-160.5063442818295,-168.4144885778137
2020-09-15,-164.7872489640599,-171.34273963956704,-177.3979176918295
2020-09-16,-165.0113535578653,-159.2378438595608,-159.7861054629364
2020-09-17,-168.71536195369808,-174.19669933340765,-176.0846311116367
2020-09-18,-157.89599393366,-161.14117456665932,-163.54163466883898
2020-09-21,-168.37450195483473,-167.97929866550254,-168.41944675882283
2020-09-22,-156.6491883349364,-151.380870616323,-165.1116125551443
2020-09-23,-157.16698359517352,-162.09895658822148,-170.26977398381467
2020-09-24,-158.06387821574208,-158.44555596337176,-165.1915528789239
2020-09-25,-168.47741954676655,-171.13870403495875,-172.14416398084373
2020-09-28,-158.736605213175,-169.45285635013443,-164.81274091148398
2020-09-29,-157.45149248655576,-161.16240523794497,-163.51211779198167
2020-09-30,-156.71673259594746,-156.1999973837177,-163.25197546745324
2020-10-01,-167.17850627946748,-171.22982878942673,-172.3344226414372
2020-10-02,-154.24404754674703,-152.05943843147958,-154.6415418677029
2020-10-05,-156.32819614009261,-153.79050660172302,-155.44945377162819
2020-10-06,-155.6044020368478,-156.68058019582088,-170.58613300067904
2020-10-07,-155.3753689083543,-151.22598340383587,-161.80296512532158
2020-10-08,-164.04923224155843,-162.83878437712985,-164.0176679764418
2020-10-09,-157.47641364495695,-158.32468378014605,-169.34598008022076
2020-10-12,-168.8733180316204,-173.3311230752289,-175.1777761039286
2020-10-13,-170.29590119826665,-173.14631523080612,-168.7060364740026
2020-10-14,-156.68059364246895,-160.34991100215265,-172.4915354180827
2020-10-15,-155.59941928746332,-156.45718616616958,-160.7459620480744
2020-10-16,-152.25338913240412,-151.76948304708225,-155.30064080508515
2020-10-19,-163.6426874874667,-165.62488220141677,-167.381597028978
2020-10-20,-152.7488075609816,-150.51668156215004,-149.0466785595574
2020-10-21,-161.15047703293325,-155.63170309136592,-157.3747456364806
2020-10-22,-165.70607051510612,-165.8410975033492,-168.35632592656543
2020-10-23,-161.7761935534649,-162.23559517500408,-167.04179982722619
2020-10-26,-163.08220468025613,-164.32201900619998,-170.2150206776933
2020-10-27,-163.8987253588066,-161.38628117636253,-161.7661411867516
2020-10-28,-170.56842803684788,-174.56330243566038,-179.0781817608037
2020-10-29,-170.30398734990757,-175.1130557937694,-174.0668230357392
2020-10-30,-169.89501157331335,-171.56071849659236,-165.91571279921584
2020-11-02,-157.16303831028375,-154.93542551758512,-166.49062750065838
2020-11-03,-158.73812427085485,-157.25945409953607,-159.26054600965767
2020-11-04,-169.21559697930638,-171.0355259273891,-169.2687737031342
2020-11-05,-163.89633897324322,-163.28814249033027,-170.2201360895144
2020-11-06,-157.80208807957732,-155.6659406074533,-159.04788950738885
2020-11-09,-166.43972855290428,-169.2972472461673,-169.40793273159417
2020-11-10,-155.6579095401512,-154.9992179588875,-161.9173884935864
2020-11-11,-159.7966225714459,-161.60269375560748,-167.13677000802005
2020-11-12,-156.51036380595502,-161.23220737761275,-159.91174163131294
2020-11-13,-158.7511229966949,-159.3038667397631,-164.61607941484766
2020-11-16,-169.14574890989357,-168.48681658538086,-171.43026671695915
2020-11-17,-164.0719728805279,-165.4494735510123,-169.66263623206433
2020-11-18,-162.307453815767,-163.35918942611582,-168.14263593505723
2020-11-19,-165.29864608923026,-165.79828316977688,-166.47382371029585
2020-11-20,-153.89161086424372,-156.87305561397034,-158.16615432792614
2020-11-23,-164.32869668110936,-165.1904165836929,-164.98537990752016
2020-11-24,-165.52953365151774,-165.21406232156082,-169.53887244090254
2020-11-25,-161.14526483971505,-161.92919377647598,-165.42577328357305
2020-11-26,-166.35660529049463,-170.0974798203313,-176.09000624881094
2020-11-27,-162.05064531543493,-164.43839486514625,-167.4006556622566
2020-11-30,-165.0989166271758,-165.3496417737369,-165.36710111313963
2020-12-01,-163.6215782648296,-165.56936373215453,-167.69280605596333
2020-12-02,-148.0985308654623,-154.90456733701484,-163.09051649858515
2020-12-03,-172.9700499025374,-174.4375237474833,-176.25076361317196
2020-12-04,-164.7587236361977,-169.5110719254732,-169.71081325339085
2020-12-07,-150.99201651894748,-146.94785705311574,-152.76992454396859
2020-12-08,-149.58955406319862,-155.15272557817937,-161.61525480332529
2020-12-09,-163.66563439996838,-162.89460375949523,-165.2080474973573
2020-12-10,-158.69598889778197,-156.92048856126112,-152.90668089747257
2020-12-11,-157.95765951886082,-162.0679760904505,-171.76249574992363
2020-12-14,-159.74212471951532,-158.09632659813298,-160.28622374292044
2020-12-15,-143.12994343715263,-134.5479935082983,-155.09058477300314
2020-12-16,-153.6143963175967,-156.0709136880567,-163.12617591824844
2020-12-17,-158.58243575003422,-159.44904582883746,-161.71074909031847
2020-12-18,-163.65041641178703,-167.73550155832098,-171.75778522095206
2020-12-21,-171.3588866122982,-172.79748997541182,-172.05244702750284
2020-12-22,-157.6851713512956,-161.56727155577366,-169.32072840462845
2020-12-23,-170.36784821181507,-173.01437790771823,-170.6427133084671
2020-12-24,-161.59889122717206,-168.10845226112193,-169.5252067184544
2020-12-25,-156.31114337415895,-158.8257517995089,-168.37015731470362
2020-12-28,-164.93190148231432,-164.8557528276388,-166.1486105934626
2020-12-29,-155.188640116254,-155.8880730821368,-164.774512901528
2020-12-30,-156.18502653642918,-161.55097688369332,-164.52032177499325
2020-12-31,-147.20778761374956,-143.51989196598308,-157.825297269809
2021-01-01,-131.3993269425719,-137.66878329090673,-159.8743199435025
2021-01-04,-152.64538250260932,-153.66085196194405,-154.4707732058476
2021-01-05,-171.24125500507245,-170.92081563037823,-172.01970043163357
2021-01-06,-155.4127037039425,-156.95272592097885,-161.31149049229725
2021-01-07,-146.5971021246742,-155.77183199434407,-169.27928467941524
2021-01-08,-146.21851310948614,-155.8673789081465,-163.7282893780894
2021-01-11,-166.34909196957085,-161.43694611319066,-164.83236388220678
2021-01-12,-162.41170906440504,-162.64859081952437,-168.30546384317495
2021-01-13,-162.63483484623498,-169.34147956519195,-171.4811742312469
2021-01-14,-131.12336267504492,-137.72783299753166,-161.55741415109256
2021-01-15,-143.4813358206771,-150.6191387885836,-158.56722088149772
2021-01-18,-147.12897040851348,-148.65275704870987,-156.24935588606516
2021-01-19,-156.0379636493989,-159.3146054687798,-167.3877617954789
2021-01-20,-158.15992890662847,-157.50009891312774,-161.22105184616282
2021-01-21,-152.91119010339764,-164.00778938905657,-165.94167295360472
2021-01-22,-155.15562174628786,-159.54619135111705,-164.98460681299693
2021-01-25,-164.71316717489378,-157.76406834811363,-166.47468679043652
2021-01-26,-156.549382389776,-157.342409296025,-153.03214487064253
2021-01-27,-158.22936517569417,-160.1325201725396,-163.57515522154682
2021-01-28,-161.06771348744144,-158.96734304642902,-154.2889951962614
2021-01-29,-154.9527762470257,-158.48073489000103,-155.08509460817916
2021-02-01,-154.97870229988746,-160.3134830392075,-158.65679122702645
2021-02-02,-145.41704088547846,-150.001793000045,-161.24185292901532
2021-02-03,-153.18303073628857,-158.65743468363382,-164.4018566220226
2021-02-04,-155.87977875903516,-150.5363552961953,-161.34378549535452
2021-02-05,-165.72744298812353,-168.35242640096556,-172.6516859683544
2021-02-08,-165.8294792160744,-168.8815791394495,-170.21626452971512
2021-02-09,-159.3922995075368,-158.53276167356992,-162.05585660537585
2021-02-10,-166.99611470524405,-169.24397558064595,-168.5066370858388
2021-02-11,-169.7294272048098,-174.2311588929341,-178.51209207827222
2021-02-12,-170.20409003263012,-173.939891637793,-172.90543636169812
2021-02-15,-159.59912018426894,-158.1547034180266,-170.33919252504336
2021-02-16,-158.0557987939764,-159.10401053904536,-165.12172416329693
2021-02-17,-162.27643810526453,-164.28299885713542,-169.9308173698047
2021-02-18,-134.00836248994912,-135.68883243313118,-157.56719376308942
2021-02-19,-161.10874316210877,-165.9675878210339,-162.98720410480695
2021-02-22,-157.96677654961044,-164.01251983319082,-172.33818624960878
2021-02-23,-157.3444483912058,-157.73126962523096,-158.42334107235695
2021-02-24,-154.20969021457105,-149.29027957518537,-161.14163893696238
2021-02-25,-168.39738272106692,-172.1061925818345,-174.5496821516435
2021-02-26,-170.15441892770252,-173.78862412312372,-175.97599426285325
2021-03-01,-167.89341993448895,-166.48691354163924,-170.66672652302935
2021-03-02,-155.40789644109833,-146.08372039331704,-158.64117029820113
2021-03-03,-164.44773664988531,-165.4833401690719,-171.088533241927
2021-03-04,-161.27917212550568,-165.13489931106832,-172.0155586487042
2021-03-05,-162.35802508254102,-163.81901612233884,-169.74485561465497
2021-03-08,-154.1908962249677,-157.04974182151108,-163.42246350356436
2021-03-09,-168.18100057265602,-166.97991194067865,-169.4005871088042
2021-03-10,-164.32462293727608,-166.96483346946673,-166.86817184899863
2021-03-11,-160.8666626940219,-161.56878368910057,-160.72130430735788
2021-03-12,-163.83178298609732,-165.61289909624992,-171.47191055967807
2021-03-15,-156.69572076639264,-159.44709632651637,-172.05614241598298
2021-03-16,-171.31131590073582,-176.29393553315532,-178.8385616430669
2021-03-17,-162.87659558269507,-164.47463302808555,-161.71115364266458
2021-03-18,-156.77332471466238,-154.60783605268793,-164.09645917349903
2021-03-19,-172.3893820529291,-176.358086503934,-176.16348075308213
2021-03-22,-167.21018238027486,-171.943990945553,-172.34379883998307
2021-03-23,-166.8931630618778,-169.2561770252289,-166.94594785957509
2021-03-24,-157.74360591352843,-161.1435089116133,-162.0945824705661
2021-03-25,-161.04084825270016,-166.636189197967,-170.5501594180351
2021-03-26,-161.60085590022686,-161.98955725759524,-166.64250138358454
2021-03-29,-166.74473646425272,-166.9821963683447,-168.6456420463891
2021-03-30,-165.07024664565392,-169.56772189579263,-175.46969745203862
2021-03-31,-159.02414795240446,-153.21237831142753,-156.83173990099192
2021-04-01,-168.00255686931507,-170.64543674007643,-171.6225390064539
2021-04-02,-155.91561290648838,-153.20254825706843,-153.93751524584468
2021-04-05,-147.21813155325697,-143.9061559624235,-157.89741845102202
2021-04-06,-170.10862124468065,-172.9259514674626,-173.57043917771225
2021-04-07,-170.8821742886103,-172.65056979276642,-168.98177850311222
2021-04-08,-158.09269468544488,-156.1256441826594,-159.49476122721396
2021-04-09,-166.8923497647403,-167.81935397539164,-169.0626130714221
2021-04-12,-166.16706619934308,-168.92328393552597,-173.25293833376833
2021-04-13,-165.46775968726953,-168.5912066009697,-171.2994247513618
2021-04-14,-168.70666414802565,-170.2889883605735,-175.12894826156676
2021-04-15,-156.61655011881533,-160.61692599938232,-164.72693087914507
2021-04-16,-164.83208486925028,-168.3990661738198,-170.5728324343074
2021-04-19,-164.32998875362506,-161.7328261372339,-166.00854988982098
2021-04-20,-165.82947256788404,-169.07764250772834,-167.62019677255637
2021-04-21,-167.84875123403424,-170.68555681516008,-174.4242393494948
2021-04-22,-166.83663009055175,-168.98133904605322,-173.28673115659842
2021-04-23,-160.88741783861795,-160.43468160632864,-164.49760827442242
2021-04-26,-165.58909139241348,-167.82549412842425,-170.5626907915268
2021-04-27,-154.51340454259358,-155.07075588816141,-168.93184237777066
2021-04-28,-159.38174324794628,-154.50801424297498,-167.4150941374288
2021-04-29,-167.21274552043684,-172.2282860689515,-178.7713733856602
2021-04-30,-165.64362370145807,-166.8174626460128,-170.0123869342149
2021-05-03,-172.20302248960027,-179.60006220567467,-179.96918823535003
2021-05-04,-166.02144509067247,-169.45250589029504,-169.6227451640081
2021-05-05,-167.68165355130748,-172.73957306122568,-176.997222005711
2021-05-06,-145.03302785817303,-140.20393096554838,-158.52614016184887
2021-05-07,-164.5612569994296,-161.73421444436426,-162.30061269932148
2021-05-10,-164.49388982744568,-165.68777193400675,-165.45193921957477
2021-05-11,-143.17479561957344,-134.52427731939025,-147.92381297586394
2021-05-12,-168.79032365297707,-172.8601770360957,-174.85861381292216
2021-05-13,-168.93422250913244,-171.26371058765903,-173.6501391191904
2021-05-14,-162.4201052771297,-161.3780785429002,-164.61716448059929
2021-05-17,-167.65482921966964,-168.75265402585117,-172.02348568546316
2021-05-18,-161.28498364125312,-164.20728527063707,-165.83576067421814
2021-05-19,-160.33952359250662,-157.02687984927832,-154.01609552713361
2021-05-20,-162.74788626291206,-165.3886825101056,-169.83240901303031
2021-05-21,-157.30035577988676,-161.40046305056094,-167.5905753839351
2021-05-24,-153.4486865653518,-155.72640249264416,-165.26437165713287
2021-05-25,-158.62325464290043,-163.54186820285278,-166.00890964722095
2021-05-26,-163.0406077164702,-161.40410690364848,-158.89010218152484
2021-05-27,-154.8424081418708,-157.04301007958128,-163.49419621072937
2021-05-28,-161.28426070172222,-167.78224854219104,-168.9563110546886
2021-05-31,-160.42522502818954,-165.26444388051834,-173.80462147372694
2021-06-01,-160.8597195791799,-161.53271951977848,-165.3644408334007
2021-06-02,-168.23340049525063,-170.61569318156688,-173.9972484870685
2021-06-03,-169.01904925128215,-172.70401139210065,-172.1289516193998
2021-06-04,-154.6315259243413,-157.26070888385516,-165.59835736090795
2021-06-07,-171.4871756498425,-176.9875621326776,-178.04669967011378
2021-06-08,-164.0099881034228,-165.29566559866547,-168.4582669902435
2021-06-09,-155.3518912268474,-150.7009768922963,-152.6030795430177
2021-06-10,-159.23381528522123,-162.08809396653962,-161.4999618701119
2021-06-11,-168.8072372342759,-173.3875229476822,-176.5469169667719
2021-06-14,-156.84023729843992,-158.0583740156203,-162.48156609476624
2021-06-15,-163.13811392684593,-163.19930633722487,-165.9386286456712
2021-06-16,-163.75990751828073,-165.4016081935077,-168.86424076967467
2021-06-17,-152.38703487196585,-156.47039526611508,-165.95815447299157
2021-06-18,-167.12427806080487,-172.1552253184153,-171.02692417923137
2021-06-21,-170.4910234737726,-175.69225941935306,-176.12754628264352
2021-06-22,-159.69241081604443,-155.39733731672536,-165.6293164254949
2021-06-23,-152.54952323086007,-149.81242475733765,-159.2096598374335
2021-06-24,-161.99247723641682,-164.94291186521528,-167.308682029205
2021-06-25,-147.708338013279,-143.63051954408581,-149.10071797306418
2021-06-28,-167.01494372754485,-170.97055296833923,-171.08906080775446
2021-06-29,-155.12266109670236,-157.1763293216119,-168.56981026681345
2021-06-30,-162.58480265316342,-165.32716745839218,-168.36422006873178
2021-07-01,-148.08672923369485,-143.64777581611094,-153.73770924472998
2021-07-02,-155.70191293786587,-156.20609061048688,-165.87909601791563
2021-07-05,-141.81083858753763,-143.98005369636047,-154.268363448023
2021-07-06,-169.56590584641825,-171.28786086882167,-171.98388194845504
2021-07-07,-164.7332721612887,-166.6430105504002,-174.8021477913721
2021-07-08,-154.13604783497152,-156.25247177483288,-155.4381870070439
2021-07-09,-158.2385678201895,-165.6347701356061,-170.16650636593118
2021-07-12,-148.88620695343437,-157.5613209596362,-161.09590199082638
2021-07-13,-161.7103101684468,-166.44516066607193,-171.47417351745247
2021-07-14,-160.03174120528044,-161.89059487740644,-162.9178597334086
2021-07-15,-164.3781146867218,-167.85016548952274,-164.75455693538765
2021-07-16,-134.11488947887636,-145.76570999589114,-159.9102513066265
2021-07-19,-150.09917825246987,-150.94857083449216,-155.37640898681963
2021-07-20,-154.5976746861254,-166.43468598510935,-169.11474353220024
2021-07-21,-156.61275918952268,-161.94855015714418,-160.05819598783904
2021-07-22,-158.49595913733694,-156.62945314009937,-154.5107090356545
2021-07-23,-149.3409986731913,-157.75759445160585,-159.71408318526085
2021-07-26,-154.64622518181986,-154.08665732254508,-158.4584986508849
2021-07-27,-152.90380463998144,-158.7877442580901,-165.968702948062
2021-07-28,-150.9215933544246,-157.1369462905738,-158.4517772541638
2021-07-29,-165.4229734889215,-167.3967741465253,-166.46837929822652
2021-07-30,-146.76796138791326,-149.34300685466246,-154.12333454758772
2021-08-02,-152.77135865896344,-155.44611872116238,-159.24041962281316
2021-08-03,-148.4047052984435,-151.39643532807466,-156.33175012083768
2021-08-04,-131.00985842782586,-145.7543538990017,-159.22309084565987
2021-08-05,-157.7222405493374,-162.36015265208403,-165.80087555738146
2021-08-06,-146.93452114430787,-151.85225566800057,-159.16889735169786
2021-08-09,-157.37172812715565,-159.98832214880176,-158.6101071732739
2021-08-10,-163.6842050960802,-165.4601330162955,-172.1665788521708
2021-08-11,-158.62258866191524,-161.33779960556507,-162.5385979310122
2021-08-12,-168.94809595579036,-170.15286210247538,-173.72167268520937
2021-08-13,-150.34359201792006,-148.84588754339237,-152.6087036967579
2021-08-16,-164.20896574530892,-165.69859578348127,-165.12100595673576
2021-08-17,-168.2679930662189,-167.73238987335492,-171.1386856966063
2021-08-18,-171.50439090748046,-174.07042138569366,-174.94827904538678
2021-08-19,-165.43310079835769,-164.88840522089234,-166.31377132058802
2021-08-20,-154.2983962407346,-157.7194778369945,-160.70382590747062
2021-08-23,-156.28101597842218,-157.8889889602126,-155.46499058153483
2021-08-24,-163.00047812115972,-163.56324327087813,-160.95152848449905
2021-08-25,-139.82146460171293,-152.16489887756032,-158.24864912340837
2021-08-26,-162.95424342251832,-163.4773877298354,-167.0113265519837
2021-08-27,-162.030614920074,-157.14752112660864,-161.7815653908369
2021-08-30,-163.10656918215173,-161.20827778966418,-158.37485759473785
2021-08-31,-139.3131668583525,-137.76676887379506,-146.89545331363382
2021-09-01,-150.5425873536675,-150.99689035111888,-159.3624240708391
2021-09-02,-162.59127609240952,-161.8887938546284,-162.0575805561136
2021-09-03,-157.57964910280674,-160.2216408255006,-159.31588950799576
2021-09-06,-166.2742732149772,-168.05664926532512,-169.825059785504
2021-09-07,-167.64994950277776,-168.24247852213648,-172.7097524126037
2021-09-08,-149.59750448232634,-153.48315437471754,-164.81746163304024
2021-09-09,-149.0861612305859,-141.48216553717606,-153.91601078970936
2021-09-10,-161.94986550998718,-160.64585325974042,-161.30962013319896
2021-09-13,-160.90055817261887,-164.17245102939034,-162.94129883130896
2021-09-14,-155.09977328502035,-149.9032545536482,-162.1200379093653
2021-09-15,-158.1986012379496,-155.22115315350314,-167.43357236580582
2021-09-16,-165.0735078502188,-162.63285397353243,-163.87783823488238
2021-09-17,-148.03420751214327,-147.30877184889414,-155.91367687925498
2021-09-20,-150.7575913583711,-150.71645845641646,-162.20305678942114
2021-09-21,-151.67478969182292,-151.5114229813754,-157.2606961628198
2021-09-22,-163.22117327263868,-161.8511394638924,-161.50886291246118
2021-09-23,-162.75887483001733,-165.31995296737355,-166.51725353424837
2021-09-24,-165.02130709984414,-164.40992712139092,-168.47089780646598
2021-09-27,-165.58995068397755,-170.1030648558514,-165.77425291162697
2021-09-28,-151.34414464042348,-149.8950352566552,-161.07776677599182
2021-09-29,-167.890203301846,-169.39456339938644,-172.03738238500193
2021-09-30,-158.82658897510763,-161.97035212141836,-172.55282633468354
2021-10-01,-151.32731479111618,-153.7004907445592,-159.72590090722278
2021-10-04,-155.1157125506998,-152.76652285893033,-166.1423998542488
2021-10-05,-159.18289462318248,-160.40996693654876,-163.64417241451747
2021-10-06,-165.2617336738444,-166.2092706653881,-169.80949065746952
2021-10-07,-161.41146367499422,-166.46464810348692,-170.74735375756487
2021-10-08,-145.72575789275515,-140.1746329687605,-153.40512579761497
2021-10-11,-127.70476348246305,-128.88439780938725,-150.84341475225077
2021-10-12,-168.21340128795708,-166.64665097650658,-167.61362145473214
2021-10-13,-144.43260935565363,-137.02773928095445,-153.24430373291298
2021-10-14,-157.37072645631508,-160.41069479224225,-165.4370565488159
2021-10-15,-156.98442078056905,-152.0904878302428,-156.5468442169914
2021-10-18,-169.1905087351571,-169.7911969601858,-172.5110533055954
2021-10-19,-168.40448003443817,-168.01122882573415,-172.03505711063048
2021-10-20,-170.6721346646899,-171.47245442021577,-166.29047304679614
2021-10-21,-162.78920492204517,-163.6520502846905,-157.6617489132274
2021-10-22,-169.01228233262373,-171.61982719980395,-172.2699866410788
2021-10-25,-169.69862180821792,-174.00158490418298,-175.37309038601663
2021-10-26,-162.97259280336212,-163.56927638368563,-164.25160677882823
2021-10-27,-154.99676284093871,-151.6919657717566,-157.30373608970856
2021-10-28,-166.4702512697266,-165.16560310084088,-165.80082105599502
2021-10-29,-159.84837372287427,-163.95546899087614,-165.6921021402279
2021-11-01,-153.35497238877397,-154.1269810625877,-160.77654262558897
2021-11-02,-162.90522350122473,-166.00370670501806,-170.1796722052396
2021-11-03,-152.27407966974292,-149.00645273405877,-163.99369492427257
2021-11-04,-162.36685832895873,-161.62182934396358,-167.43484679446684
2021-11-05,-148.4636958937327,-147.40698169802522,-155.97126122935904
2021-11-08,-167.42298165210136,-170.62165268320288,-165.6519504114583
2021-11-09,-160.9001496474703,-167.1573498467136,-169.16270738412453
2021-11-10,-129.7458959163929,-134.16284000001377,-140.61941322109365
2021-11-11,-151.78094466270807,-154.07495592392414,-162.4324011836074
2021-11-12,-149.5800169608664,-147.2730628476355,-154.07157785907873
2021-11-15,-147.7379375198038,-145.6394080426604,-154.3215992930617
2021-11-16,-159.5977322007335,-163.09059902615562,-171.52972692354038
2021-11-17,-155.34354611001712,-157.8286643722373,-162.94516897260013
2021-11-18,-159.1610210957045,-160.0983407302624,-165.26138784227564
2021-11-19,-150.66183150624067,-146.68649639676354,-155.68539076271287
2021-11-22,-146.09105534173167,-144.61993816385836,-149.12452583862807
2021-11-23,-153.9752729456011,-159.23050311766417,-164.0554676957774
2021-11-24,-162.6984883509063,-166.3455917848525,-168.78345889198982
2021-11-25,-169.81380192055082,-173.97402321256385,-172.8681970173061
2021-11-26,-147.6549957812996,-150.35769955598985,-160.8325278078379
2021-11-29,-160.92225718233118,-159.9149681424803,-166.3882455630124
2021-11-30,-156.19201631792623,-162.54713904004015,-165.01422381011056
2021-12-01,-132.7651941090216,-135.17391244812654,-156.88486933150688
2021-12-02,-153.5251636200157,-151.76007247238567,-162.752391628906
2021-12-03,-156.72021852283467,-152.60983163101997,-160.88275242680544
2021-12-06,-171.285968217727,-174.27925461095157,-176.70468394998693
2021-12-07,-128.60377010739734,-135.36822389712285,-150.0895065843187
2021-12-08,-142.50829987403827,-145.61141613391231,-160.39943124287575
2021-12-09,-158.96992661515947,-160.08876076244061,-167.3402915946974
2021-12-10,-133.43628029606134,-132.57212224675905,-145.72479827478378
2021-12-13,-143.74234200827337,-148.07165961792725,-158.89382948239498
2021-12-14,-154.3174993004086,-158.6778837304227,-162.35412177039035
2021-12-15,-144.98702286336177,-151.48315976790911,-154.1818515031721
2021-12-16,-158.50116135254098,-156.87575916425504,-156.62319550392087
2021-12-17,-154.44298560150014,-158.0383045450592,-166.29936498648976
2021-12-20,-160.43806121795018,-163.85794092278888,-166.30871480163725
2021-12-21,-135.46216501989727,-142.352338306217,-164.67692065122992
2021-12-22,-142.96769851143247,-154.702014625781,-160.49469089858758
2021-12-23,-153.3328479532537,-163.10527870180644,-162.23273037362026
2021-12-24,-130.11674257466643,-142.3668277551334,-157.60627144786423
2021-12-27,-158.8102126005846,-156.9228664958901,-159.80581511513884
2021-12-28,-158.83891033176334,-163.4551296787084,-169.24428415810448
2021-12-29,-157.86119611788382,-157.7377389808982,-150.701897887121
2021-12-30,-147.31174932982185,-147.54780226180264,-160.60945144710294
2021-12-31,-126.20605855019912,-124.44175512918017,-145.76309959300934
2022-01-03,-148.0574296530603,-146.56178325259265,-148.81205610126423
2022-01-04,-168.6753034048909,-168.8717389383947,-172.3851549343946
2022-01-05,-148.72020539974514,-155.894063811709,-151.0913474035872
2022-01-06,-156.50089272581636,-156.19439921761298,-163.48157730886206
2022-01-07,-155.90271368981777,-158.90464010967,-163.28063242416562
2022-01-10,-134.27633153340167,-148.33011943874817,-159.97690077483455
2022-01-11,-154.71351296528144,-154.48937394054198,-160.91124087983184
2022-01-12,-168.10259757382298,-168.07319279438,-169.60731765073473
2022-01-13,-165.16393580716232,-160.50870672123355,-164.610054802443
2022-01-14,-149.63393323565424,-148.65305210598598,-144.91638718775087
2022-01-17,-160.53047457255653,-160.6190934031127,-163.678616685261
2022-01-18,-148.80667053925833,-152.0731457125032,-156.51889821795118
2022-01-19,-151.2608290654581,-145.75269906458004,-153.87227688082157
2022-01-20,-141.76389287335022,-144.1777989059609,-155.3680328702869
2022-01-21,-153.20953018889378,-153.0431541509365,-162.60154928324522
2022-01-24,-146.99854458758392,-151.99010932902348,-157.7613283108839
2022-01-25,-146.43351842317225,-156.42282448804966,-166.53299063581423
2022-01-26,-165.66357586131053,-166.25250316009593,-165.23292461182461
2022-01-27,-148.6940661982066,-141.86968184861723,-149.856248853251
2022-01-28,-165.64670246866675,-165.21026703763442,-166.96573882452407
2022-01-31,-161.72251367882043,-161.33716372995173,-168.19902226812937
2022-02-01,-157.13492842625084,-161.2459176962811,-166.2523470476823
2022-02-02,-159.33612925395752,-160.2646935426391,-166.32442453513397
2022-02-03,-168.05161811850724,-167.89878093179198,-172.30198262431085
2022-02-04,-166.91156788254364,-166.2484237483413,-167.8245494163183
2022-02-07,-153.5123086989644,-154.9409330763284,-156.80216382540388
2022-02-08,-169.1250340729089,-170.77226719793754,-171.38733692556585
2022-02-09,-164.9653591103963,-168.05144551101125,-169.3782859564058
2022-02-10,-157.94412511003856,-159.9023075679601,-167.53900421446667
2022-02-11,-162.01270714050796,-164.19407161246474,-170.70395770650444
2022-02-14,-163.62767943749947,-166.72003596964126,-171.8039231514846
2022-02-15,-162.0760427700497,-166.20054661920602,-172.09487090373975
2022-02-16,-162.08450667240606,-165.58007191315878,-171.69998905916256
2022-02-17,-137.2640244585725,-140.0780266983447,-146.59458301349832
2022-02-18,-171.62188225930953,-172.60085692651043,-175.5697540699971
2022-02-21,-165.32487218453898,-167.37311214107262,-170.0089452294587
2022-02-22,-160.00767598393216,-152.99194911799583,-162.37384710620157
2022-02-23,-136.27528228031326,-137.15873722344165,-149.51834268806607
2022-02-24,-159.1172271370019,-160.30766681241766,-166.33347901817538
2022-02-25,-149.45287365349844,-153.97782154697887,-163.40999226079208
2022-02-28,-144.6250659362503,-150.62478583502136,-161.02727603614161
2022-03-01,-152.68577372565431,-156.48241829809874,-162.58459512788482
2022-03-02,-155.68518081979332,-162.7479801243382,-169.4388291187271
2022-03-03,-164.88099553840226,-163.9053966062504,-160.00085036845152
2022-03-04,-164.5502700052052,-166.18104333666008,-169.97423724617633
2022-03-07,-161.06752515533276,-163.93995106089946,-167.6192541530902
2022-03-08,-171.6058356861186,-174.45790015215596,-176.0293568043795
2022-03-09,-157.3228271287755,-155.9596680195072,-159.19322811286315
2022-03-10,-159.7448180755796,-154.15324241800255,-158.21947307423812
2022-03-11,-136.15364419021722,-152.33344781323086,-159.1823266373038
2022-03-14,-155.17356642962363,-156.53695374254875,-158.8663011416435
2022-03-15,-160.3072859123774,-162.5045222197466,-164.3156159662305
2022-03-16,-153.50010777429318,-149.68170401185085,-157.4885830971441
2022-03-17,-163.47402991106574,-164.75038153199088,-167.97319053141385
2022-03-18,-160.8703569968929,-162.6359614306613,-162.8436280193088
2022-03-21,-151.72070305629745,-154.52899936602483,-153.18165577990473
2022-03-22,-160.31202474408968,-163.2909115089906,-165.52981935943376
2022-03-23,-150.9523413075837,-147.12895120883718,-153.12515423481676
2022-03-24,-131.42657613597828,-134.17816514912744,-130.0611766364715
2022-03-25,-157.00365917504013,-158.5529976980685,-164.79801364619289
2022-03-28,-160.43279523298662,-161.42464437306742,-163.54568457322512
2022-03-29,-162.62524062860254,-162.61871968154276,-162.45713449194963
2022-03-30,-157.49033913767215,-156.23126507613526,-160.89274039296149
2022-03-31,-143.06119677489076,-141.7462489026732,-156.79886712842847
2022-04-01,-172.64778954060137,-174.36134785288297,-176.67817916092042
2022-04-04,-152.04023198930076,-155.07549337731075,-161.3259052604818
2022-04-05,-160.94126623393703,-164.78772108753128,-170.91830177803845
2022-04-06,-155.70646072632996,-154.56503416028448,-158.09804321555316
2022-04-07,-162.17237499416302,-162.20914222573893,-158.32939026476583
2022-04-08,-156.77907145843625,-159.01552516026172,-155.5817761637721
2022-04-11,-147.3008121217551,-153.59024866239207,-159.3826677052784
2022-04-12,-150.37211404690214,-154.0493271178622,-157.57604050391996
2022-04-13,-166.51668787836013,-167.82152721126045,-171.08587093973904
2022-04-14,-157.5161500504897,-159.83056716478458,-166.35077760553298
2022-04-15,-161.5162247992231,-166.580800170246,-170.07149007850347
2022-04-18,-158.37300675330346,-160.11701090668697,-162.97421927663714
2022-04-19,-141.00241773203132,-149.46410141376145,-157.46872347081495
2022-04-20,-122.97778461357922,-135.42496821408358,-150.57801572215908
2022-04-21,-153.81291764305263,-155.4822115787847,-158.98977973328857
2022-04-22,-150.03659472751968,-150.03312892327577,-163.7403661176561
2022-04-25,-140.44516353162516,-145.11618604428668,-153.1800548886073
2022-04-26,-104.0874660684781,-120.58778256147127,-148.5310249852177
2022-04-27,-147.08830399119944,-159.05904377935408,-159.44432633145212
2022-04-28,-135.29711834997923,-137.6067806423463,-158.42959838526906
2022-04-29,-158.3610835597282,-159.86557709521847,-163.31242502496934
2022-05-02,-170.77651894616042,-171.3172790831687,-172.69852288940345
2022-05-03,-160.78129061108268,-155.69901348648924,-159.7994500828392
2022-05-04,-138.98539156838478,-152.60670511290152,-161.73376091002194
2022-05-05,-141.61087068768913,-145.50262881262228,-161.83790886741974
2022-05-06,-149.91195001169075,-154.71779514116793,-158.04293189719326
2022-05-09,-154.46171497687905,-160.2034022826041,-169.15853285487603
2022-05-10,-159.18132116489832,-158.28577893432234,-158.68435151367714
2022-05-11,-154.42496337887596,-154.75920553009692,-160.37711032002656
2022-05-12,-163.48281529518857,-163.14706179772935,-159.43178104293492
2022-05-13,-164.2380639976912,-159.9800849174874,-165.28950626743026
2022-05-16,-143.73442700716978,-147.80271899361554,-152.49410562768708
2022-05-17,-157.00475608063874,-160.24653064464886,-168.63099041741765
2022-05-18,-123.3732064463041,-129.7719721729603,-142.90409696796823
2022-05-19,-137.36230064444163,-143.3801934624197,-158.3246210968607
2022-05-20,-144.57532386150822,-156.34175399591817,-159.15348153508722
2022-05-23,-128.60459426414715,-136.77076949896122,-148.76096572244006
2022-05-24,-153.65755640627754,-157.91145061981393,-159.39307649524386
2022-05-25,-159.90894499887898,-160.99139990682352,-163.13308519757027
2022-05-26,-160.38922046219224,-164.42644086505962,-163.68471067061952
2022-05-27,-144.87136576951218,-136.50835374241916,-153.29183028989846
2022-05-30,-146.5991937412395,-144.11689230664723,-155.73137726599145
2022-05-31,-149.32206446868426,-151.94165330121123,-152.93566801903663
2022-06-01,-134.47615661088486,-144.61066311970657,-155.2183170989882
2022-06-02,-152.29542361633204,-150.99178970765894,-156.00616967707185
2022-06-03,-160.07149001280433,-160.58727028711237,-165.55825416666488
2022-06-06,-156.74626000178316,-156.82868996501017,-159.18056320100257
2022-06-07,-121.16748194009455,-130.6328796088327,-154.18275029218347
2022-06-08,-156.76460537547138,-160.535481157894,-159.67806028588228
2022-06-09,-159.070514101309,-165.165994988761,-166.68855558525692
2022-06-10,-156.43008698732203,-158.34072673235949,-159.25543235687957
2022-06-13,-157.2522106323436,-159.74464218079282,-160.48416642422418
2022-06-14,-164.5751619574815,-162.1469076480439,-158.8267933637139
2022-06-15,-161.5844999173178,-163.42594183659696,-168.5456172006794
2022-06-16,-162.33583597545478,-162.56775181400585,-163.90705605369226
2022-06-17,-159.1496644780994,-159.76561187649793,-164.07408147700937
2022-06-20,-156.1316034596103,-156.60077467890224,-158.32348151181228
2022-06-21,-153.45427412156502,-153.5106234327342,-161.51189256903695
2022-06-22,-163.94992616850155,-163.44395039343044,-168.7327703801907
2022-06-23,-140.45698668716042,-136.41349365132345,-159.24596131671876
2022-06-24,-154.23364545277886,-156.30662638704095,-157.7478566091526
2022-06-27,-157.7460335010753,-155.51202140708472,-164.25910486820584
2022-06-28,-160.5338264181092,-157.5881910298518,-163.71646155188301
2022-06-29,-140.09634596927106,-142.01991292171851,-154.57046755501668
2022-06-30,-156.5665385591864,-158.70535925254887,-165.679634758366
2022-07-01,-154.5609332217369,-152.614378665458,-154.78773147307865
2022-07-04,-164.34321845887132,-162.27593809528653,-164.65930014384952
2022-07-05,-164.41838959346634,-165.73478378834815,-167.79594833419156
2022-07-06,-155.54101082174634,-155.93911202547665,-158.26591617954193
2022-07-07,-157.0385717854109,-155.68583458606997,-158.296021122506
2022-07-08,-153.0273244155555,-148.2238014477336,-159.59198755560251
2022-07-11,-162.60927637468737,-162.70863168831295,-166.95624753653902
2022-07-12,-135.97691607180542,-123.458326732402,-136.24179544861295
2022-07-13,-160.83128636413994,-162.64288051463643,-164.63447739426874
2022-07-14,-159.06654834558626,-162.08790662743465,-166.9507239507121
2022-07-15,-156.4389506481912,-159.24518899446,-163.9575700433098
2022-07-18,-160.47526957173753,-165.26958568182974,-165.90529567592972
2022-07-19,-168.63899930442986,-167.57927413895405,-168.5800853001319
2022-07-20,-158.21579338436243,-161.57988392807337,-168.44232547172118
2022-07-21,-151.42303487589436,-147.4497776341937,-160.99264678227573
2022-07-22,-161.82350828980964,-162.13872901404392,-168.27456729157677
2022-07-25,-164.40176712209802,-163.09978641653888,-165.43098903387607
2022-07-26,-141.16638501801359,-139.34773949537265,-158.11730505044443
2022-07-27,-160.01164229302378,-159.31491786792245,-159.4196781297932
2022-07-28,-159.67100734804774,-156.0305962552586,-160.51283783557304
2022-07-29,-156.83714623449643,-157.91936828921885,-161.82130423378067
2022-08-01,-155.81733866256073,-157.11701314956528,-160.8329908494959
2022-08-02,-163.52763769281373,-163.42196403899376,-168.66408277620258
2022-08-03,-161.0283335813227,-161.82114135278778,-166.39540785464615
2022-08-04,-168.30886094035162,-168.45049872430252,-169.4600795836683
2022-08-05,-155.52714816249812,-159.05485953254862,-160.93830020415805
2022-08-08,-151.78176931851308,-156.55901196971453,-162.92979296515395
2022-08-09,-155.83894567538283,-152.80478092418758,-160.34997015498965
2022-08-10,-142.11551983926498,-145.23671918749346,-153.94139769818756
2022-08-11,-121.20773741925291,-130.02186614494994,-147.07239605138096
2022-08-12,-160.22364151143324,-162.84054871921091,-166.99476289021305
2022-08-15,-161.0558007260836,-164.586302647706,-166.96253995922154
2022-08-16,-152.1930565287642,-151.1492478559076,-157.57019832576228
2022-08-17,-152.28063969570258,-147.4725657440285,-156.75716159203262
2022-08-18,-157.31837895798787,-158.17423448891248,-165.15303331239795
2022-08-19,-159.37570980178418,-160.0506777856511,-162.60276433006206
2022-08-22,-162.75187997133133,-160.22962261090123,-161.44564878053689
2022-08-23,-158.8280937399615,-159.23405002052948,-164.68341620608433
2022-08-24,-147.18553381953356,-148.64834527944626,-164.7552252844275
2022-08-25,-165.20603834542183,-164.5395864864825,-165.65388194909272
2022-08-26,-139.06255833165898,-129.87546536266927,-136.00272624710243
2022-08-29,-147.15283192194576,-147.70671132313208,-155.46441909383404
2022-08-30,-166.31016716313349,-167.49731582249882,-165.62709275592962
2022-08-31,-151.88373263216292,-152.6002619873748,-154.68971066350417
2022-09-01,-156.4459675184517,-158.44267131278505,-162.35762737010015
2022-09-02,-156.67097569527456,-148.1201846932015,-158.5722053814348
2022-09-05,-147.92587296294332,-148.459842861316,-154.2803031350595
2022-09-06,-159.95115649303912,-161.01268205129298,-169.16352858812795
2022-09-07,-159.5757529293915,-156.49750717748074,-156.36771871424764
2022-09-08,-161.52705934490484,-162.974905068801,-163.99072546570324
2022-09-09,-158.86574764601167,-161.95757981129367,-164.89283262979797
2022-09-12,-148.39362453201807,-150.7629257821094,-153.54231722286414
2022-09-13,-153.08899841240543,-155.1352845301403,-157.9332824302922
2022-09-14,-165.21425720960815,-168.18869840917458,-174.21837262612289
2022-09-15,-159.25398168312245,-160.91448948386596,-152.94921428561113
2022-09-16,-161.08127590506712,-160.69970026118904,-165.89221782396845
2022-09-19,-161.40604189824538,-161.61609241037334,-167.70053089650708
2022-09-20,-137.16546965221676,-141.77376252902303,-151.2782781444908
2022-09-21,-154.57379301431087,-155.4802599997784,-159.1069833016533
2022-09-22,-169.08460854125497,-165.1106700080154,-173.02895863960896
2022-09-23,-168.8519228232451,-170.94744404044536,-172.44612437380056
2022-09-26,-151.24894829639098,-153.80347508568025,-164.19045254601463
2022-09-27,-163.5119725988065,-165.5633225399655,-168.70625181210673
2022-09-28,-143.50971328877057,-146.3238639014569,-157.05634744341063
2022-09-29,-166.35941763455727,-163.2256170900821,-166.14909522761434
2022-09-30,-160.523393459298,-162.71059158225162,-161.04407718829918
2022-10-03,-149.00424954680994,-148.52078787672363,-150.84170632972308
2022-10-04,-143.66085728354915,-144.65363442223182,-150.0350736789263
2022-10-05,-159.96702596086953,-158.49609094072923,-160.90217267064784
2022-10-06,-165.24397861647878,-164.81422228443068,-166.07029989373757
2022-10-07,-144.0996152465305,-142.05865739594654,-149.7450316355557
2022-10-10,-154.07269495681322,-153.56185678070213,-162.95518049758454
2022-10-11,-169.9362900029217,-170.09613896226554,-172.36310183195317
2022-10-12,-133.26720567144483,-131.89150421633548,-151.81833806050452
2022-10-13,-173.1449284399063,-173.0693035286605,-173.3197913130045
2022-10-14,-146.87553027472097,-149.9293597811071,-159.78006720181236
2022-10-17,-154.42686251203332,-147.1700688923664,-154.77777623975288
2022-10-18,-161.59081245695324,-162.01167347634728,-166.93920380713976
2022-10-19,-153.46226770599066,-156.77142347876494,-165.81918723051842
2022-10-20,-147.45642661904418,-145.33860775531065,-151.4962245166679
2022-10-21,-165.60473711578945,-163.69023511751493,-165.79077009708917
2022-10-24,-161.28151039318678,-159.33165835340978,-158.45985179652345
2022-10-25,-148.9074720210244,-154.28948729622815,-151.76035924323378
2022-10-26,-152.93373761376475,-155.91497386573027,-155.84069102743024
2022-10-27,-156.8882552758341,-152.67764670322438,-161.44354110251538
2022-10-28,-148.16682872966695,-154.1910519179414,-158.0435928111242
2022-10-31,-139.425827731046,-144.96957057892894,-147.94436711511545
2022-11-01,-141.2454116177898,-149.92632743676415,-152.49889721223346
2022-11-02,-167.50801844389144,-164.32236683550613,-166.27694187079888
2022-11-03,-124.22637037670367,-139.73764335191183,-142.80005941369166
2022-11-04,-141.00363693606468,-146.14975098148585,-150.70865595731928
2022-11-07,-145.28297695406027,-142.81844429461182,-149.12787029605883
2022-11-08,-162.730408513515,-164.73599761844395,-169.7631538761063
2022-11-09,-146.42468044555432,-153.65791277516274,-156.18061669747186
2022-11-10,-124.10705940170268,-147.13919323405196,-157.46895854314724
2022-11-11,-153.4185630678311,-152.04092523593286,-154.92391882294646
2022-11-14,-152.5518463742856,-152.77019999852124,-154.23156386154656
2022-11-15,-164.56624184687178,-163.84076503364022,-168.59312568000308
2022-11-16,-120.73449773123326,-142.51900229971864,-145.89771362181472
2022-11-17,-136.33314642671854,-141.8551302389548,-148.20570029062125
2022-11-18,-158.8889091034257,-157.65002505635502,-157.8504674275097
2022-11-21,-156.70196709417093,-155.42469581891152,-154.2021291906
2022-11-22,-157.34991634586666,-155.9687038402268,-161.11460860250926
2022-11-23,-119.66136435343438,-154.29430165772976,-156.44003862255343
2022-11-24,-164.11526273566605,-160.27496904437547,-166.9844981639372
2022-11-25,-157.7395711687356,-158.5500324089901,-157.50627268564145
2022-11-28,-167.71902873006695,-163.57324938404997,-167.3241676987519
2022-11-29,-144.36361098300353,-154.05430478854706,-162.3420699811004
2022-11-30,-149.2145994845045,-158.00284525415915,-158.50024643489365
2022-12-01,-164.3271653536806,-159.19685097162613,-165.7011220570655
2022-12-02,-149.01344296704798,-150.96860048228447,-154.01184983310296
2022-12-05,-147.4531876280086,-145.1100684938364,-159.62836600719896
2022-12-06,-137.0676715181639,-152.4282332859039,-147.41263782404758
2022-12-07,-169.9559547251958,-168.41047528745574,-169.7759074865902
2022-12-08,-157.48143787556154,-155.54092857869202,-154.0387769953231
2022-12-09,-145.13645548154085,-144.24911472078915,-157.42501703187438
2022-12-12,-149.83102372651078,-157.71041442979933,-163.2259595862852
2022-12-13,-164.1162833767981,-165.76163171225681,-165.38740696884224
2022-12-14,-153.59899907706472,-159.84919816154925,-166.08424970770662
2022-12-15,-157.26335549090632,-157.6463000127476,-159.38658330200178
2022-12-16,-156.3774100261765,-156.02795472036087,-162.49655090461235
2022-12-19,-141.26463364347305,-145.84081789528219,-152.52973011743913
2022-12-20,-156.94325655407135,-157.54922519069248,-155.0508859323263
2022-12-21,-148.90092984198094,-148.56655724720673,-153.18192938605657
2022-12-22,-160.53932353209413,-160.2600212164769,-163.43304611927778
2022-12-23,-166.18537035169555,-168.6504508765434,-170.217545219075
2022-12-26,-140.55005358509877,-135.31273320682396,-149.64993157967578
2022-12-27,-155.30577713912106,-150.89182442211427,-159.56972725509615
2022-12-28,-156.3041106928824,-157.21797046463843,-155.22689764521283
2022-12-29,-150.6840578993661,-148.4659187664196,-160.23726282867108
2022-12-30,-161.9023252917411,-161.46298521556244,-166.9813704814961
