Model,Covariance Type,Ann. Return,Ann. Std,Ann. Std (fcst),Real / Fcst Std,Ann. Sharpe,Ann. Sortino,Max Drawdown,Calmar Ratio,CVaR (95%),Skewness,Excess Kurtosis
ERC,GARCH,0.07325205281817748,0.18285791814593805,0.15333756699185944,1.1925187136668591,0.4005954653804784,0.5567310535446174,-0.5440030551554624,0.1346537526287309,-0.028411450608245438,-0.34669621278334317,13.428177272579546
ERC,Historical,0.07521689983337154,0.18461485042106363,0.16531070154451202,1.1167749498138433,0.40742605300613277,0.5672779704864713,-0.5440724416020852,0.13824795023965292,-0.028649846554020662,-0.3323294968246954,13.044994056317641
HRP,GARCH,0.06854831775797599,0.17073170711251295,0.14071843868412956,1.2132859681292665,0.40149729020633723,0.5571522853526294,-0.5095839306100431,0.1345182091513641,-0.02641543587594464,-0.34589258292945485,14.851398380105064
HRP,Historical,0.07312994973310771,0.1732437409668371,0.15465640942071962,1.1201846830386022,0.4221217420322648,0.588078271138928,-0.5075206546678648,0.1440925587175677,-0.02681863834266896,-0.3127003084670533,13.885316514002454
MVP,GARCH,0.05526846166184973,0.1466113339903377,0.11025710057252931,1.329722378232628,0.3769726402291118,0.5247985031690423,-0.42066936333615645,0.13138218867078458,-0.022226998252979916,-0.1791037646889488,17.244591786848687
MVP,Historical,0.05812853452961475,0.14308925909499676,0.12538727982199838,1.1411784297269099,0.40623967792735094,0.5668183969620444,-0.3840298269371737,0.15136463485979287,-0.021556930640028393,-0.2140307973009645,18.038037394753356
Naive,N/A,0.07827974773454804,0.19883849091360203,0.1800488191423507,1.1043587614778845,0.3936850826762794,0.548813475598961,-0.5723881257469513,0.1367599085539992,-0.03080552959088837,-0.32276698647210533,11.68866892593374
