Date,Historical,GARCH,DCC
2008-09-12,5.052261880261282e-07,4.857158681374417e-07,4.85722055264727e-07
2008-09-15,3.2597467128370646e-08,3.700641286402885e-08,3.701492844304555e-08
2008-09-16,3.3261990450932674e-08,3.636147210573633e-08,3.6360127873387815e-08
2008-09-17,3.165022181417774e-07,2.8087580240062046e-07,2.8087909970089046e-07
2008-09-18,2.9963057910788407e-07,2.7809115410827874e-07,2.780852785161565e-07
2008-09-19,2.3333013664596943e-07,2.144317777167015e-07,2.1442304964025707e-07
2008-09-22,4.88203409134113e-08,5.839610217233886e-08,5.83993744719914e-08
2008-09-23,5.730654431337281e-08,6.478243609190532e-08,6.478219688311541e-08
2008-09-24,2.183793472204345e-08,2.9643429002459546e-08,2.9643706581750367e-08
2008-09-25,1.3890962062463575e-07,1.25212601597649e-07,1.2521270991304283e-07
2008-09-26,6.8856535374946e-08,6.753595577937995e-08,6.753517053475898e-08
2008-09-29,2.7422102952680076e-08,3.64800003255539e-08,3.647834685321584e-08
2008-09-30,2.441013656916681e-07,2.1656501428802766e-07,2.1656761495683045e-07
2008-10-01,2.410760040854103e-08,2.8934286192255047e-08,2.893683418803238e-08
2008-10-02,3.97055826575125e-08,4.222157338725632e-08,4.2220853059399814e-08
2008-10-03,2.0987442126787332e-08,2.3580045643838115e-08,2.3579277718576097e-08
2008-10-06,2.63731284338415e-07,2.579395257930708e-07,2.5794034430724847e-07
2008-10-07,2.344624361363617e-07,2.0170538938333654e-07,2.017048695210094e-07
2008-10-08,2.615443057539396e-08,3.6133381669261036e-08,3.6133978786556096e-08
2008-10-09,8.322240837012657e-08,8.119047324985996e-08,8.118969388387615e-08
2008-10-10,3.0436674860917e-08,3.395411684183149e-08,3.395257149936745e-08
2008-10-13,1.634205731643346e-08,2.2636875225220935e-08,2.2635729100760917e-08
2008-10-14,3.163520134642355e-08,3.4447592971173475e-08,3.44476838056785e-08
2008-10-15,2.890040846407281e-08,2.3446705349796778e-08,2.3446587021426534e-08
2008-10-16,2.727819194331021e-08,2.9614845006221217e-08,2.9616063758296312e-08
2008-10-17,2.2560834680479664e-08,2.2217409437835692e-08,2.2216848791049305e-08
2008-10-20,5.0534862803079e-08,4.429321233072786e-08,4.4292725195010615e-08
2008-10-21,4.942211669426328e-08,4.149728335642771e-08,4.149894937710154e-08
2008-10-22,1.622304986983999e-08,1.5434161889115615e-08,1.5435087013536966e-08
2008-10-23,3.26218271384302e-08,2.9916930144489745e-08,2.991691491794846e-08
2008-10-24,2.308850115341371e-08,1.908038644616201e-08,1.9081001986097762e-08
2008-10-27,8.727621710743288e-08,8.613273078664624e-08,8.613186903059964e-08
2008-10-28,2.527318912675547e-08,2.1119429753143133e-08,2.1121314334935887e-08
2008-10-29,4.201980977397681e-08,3.790019524752893e-08,3.790044571897923e-08
2008-10-30,1.4775659275029247e-08,1.7119285963955953e-08,1.7117326734409456e-08
2008-10-31,6.303151548430233e-08,5.8767397308762287e-08,5.87671675281747e-08
2008-11-03,1.551868976148233e-08,1.4694314571223627e-08,1.4695169334024109e-08
2008-11-04,2.1329076431206414e-08,2.034413617117808e-08,2.0343800390880323e-08
2008-11-05,4.7142608520208714e-08,3.982435169288906e-08,3.982370786442725e-08
2008-11-06,1.895258708697607e-08,1.664402840679502e-08,1.6642911090897978e-08
2008-11-07,1.7425926022773433e-08,1.6544525063972707e-08,1.654466905878742e-08
2008-11-10,2.824431763214643e-08,2.9607460163055357e-08,2.9607832082211187e-08
2008-11-11,1.3354420289825326e-08,1.0904900735749486e-08,1.0904483738588217e-08
2008-11-12,3.7236923468206365e-08,3.647646985304435e-08,3.647645463320646e-08
2008-11-13,2.9331366323013127e-08,2.681724662507267e-08,2.681570593642264e-08
2008-11-14,5.549453599760125e-08,6.001008620929317e-08,6.00103390363398e-08
2008-11-17,4.004353181320389e-08,3.587414739995643e-08,3.587586425482149e-08
2008-11-18,6.085900529892153e-08,5.996484011666446e-08,5.996366311260091e-08
2008-11-19,3.3830955762991e-07,3.4376653190100555e-07,3.4377143473845473e-07
2008-11-20,1.737796392019639e-08,1.7165381603645164e-08,1.7169690176134755e-08
2008-11-21,5.894676680957897e-08,5.729900131558414e-08,5.7298483990179517e-08
2008-11-24,3.0853180269421146e-08,3.067752912586405e-08,3.0676984235236196e-08
2008-11-25,4.428373262951825e-08,4.389382764928087e-08,4.3893721569484645e-08
2008-11-26,1.4571380833360819e-08,1.5035582329637938e-08,1.5034064554088493e-08
2008-11-27,1.0539656864268023e-08,8.847334853574983e-09,8.846908425705764e-09
2008-11-28,2.8905619802722548e-08,2.5532483293524403e-08,2.5532068181298166e-08
2008-12-01,9.875396384536179e-08,1.0396804886093616e-07,1.039710263040188e-07
2008-12-02,2.5012203901248953e-08,2.29179571146075e-08,2.2920515462791874e-08
2008-12-03,1.410540545139455e-08,1.502814298248238e-08,1.502798871501408e-08
2008-12-04,2.0345666629493285e-08,1.732416893793355e-08,1.7324292203464405e-08
2008-12-05,2.669646348554695e-08,2.366168638401465e-08,2.3661004633072045e-08
2008-12-08,2.480689298186173e-08,2.0870923915318018e-08,2.0870570530613745e-08
2008-12-09,1.073446212395143e-08,6.928175978809547e-09,6.92805068579493e-09
2008-12-10,2.21645462864983e-08,2.1106322832550812e-08,2.1106360084849914e-08
2008-12-11,1.5298254798907014e-08,1.354826376916537e-08,1.3548337438910996e-08
2008-12-12,1.2062238650042813e-08,7.46645068517372e-09,7.466036679621442e-09
2008-12-15,3.39556047675317e-08,2.9200187721869165e-08,2.9200216714246027e-08
2008-12-16,6.6411120493621e-08,8.081718358246459e-08,8.081852838810598e-08
2008-12-17,4.493564052579419e-08,4.617440106141109e-08,4.617248287646099e-08
2008-12-18,3.6235632345710796e-08,3.46063935512597e-08,3.460663265386616e-08
2008-12-19,7.554765971098077e-08,7.992816823373682e-08,7.992895582133737e-08
2008-12-22,2.330478821147728e-08,2.146853733569768e-08,2.1469714440548904e-08
2008-12-23,3.1152957805856244e-08,2.9607520733831287e-08,2.9607442986388896e-08
2008-12-24,4.528700332610946e-08,4.137943812543268e-08,4.137966475250785e-08
2008-12-25,2.6858898730244987e-08,2.213973987802518e-08,2.2138410108373092e-08
2008-12-26,2.0649064403806595e-08,1.7447454781616553e-08,1.7446834526225016e-08
2008-12-29,1.0422864766960214e-07,9.998819740263267e-08,9.99883136459475e-08
2008-12-30,1.4433581650730899e-08,1.2183151402430152e-08,1.2183553098374438e-08
2008-12-31,4.559731692058729e-08,4.0154420561884935e-08,4.015453032869871e-08
2009-01-01,2.169277091016077e-08,1.9258920516372856e-08,1.9259082429443372e-08
2009-01-02,3.332758840653019e-08,2.9754134322699816e-08,2.9753259510993204e-08
2009-01-05,1.9498967623159725e-08,1.6424493328112768e-08,1.6423765007854027e-08
2009-01-06,1.5645826653944406e-08,1.0990244689313543e-08,1.0989547313438799e-08
2009-01-07,2.6769770109703813e-08,2.1922593628916706e-08,2.192301986713605e-08
2009-01-08,1.9552026797951322e-08,1.5000954802417454e-08,1.5001649861630407e-08
2009-01-09,2.142794031429894e-08,1.717265257633131e-08,1.7172583495494836e-08
2009-01-12,1.4403071489457718e-08,9.83340388452306e-09,9.832947894668435e-09
2009-01-13,9.04036321715208e-09,5.194688043767742e-09,5.194436488766124e-09
2009-01-14,1.4543877373129255e-08,8.924020391874396e-09,8.924025670924692e-09
2009-01-15,1.7499832436377095e-08,1.1787572498694092e-08,1.1786883493964037e-08
2009-01-16,2.4575688846061547e-08,2.6519816841663363e-08,2.6519848418496698e-08
2009-01-19,1.531453987442847e-08,1.1305853943728083e-08,1.1306261469569059e-08
2009-01-20,2.8556329356547035e-08,2.3196195384324812e-08,2.3195905440822837e-08
2009-01-21,1.5311907737331158e-08,9.125882000795499e-09,9.125401938873204e-09
2009-01-22,1.8156485144583763e-08,1.180890992009871e-08,1.1808515540251061e-08
2009-01-23,2.0267573722593308e-08,1.6689828026162023e-08,1.668921475114568e-08
2009-01-26,5.2017810972948453e-08,6.310993490934673e-08,6.310991981139703e-08
2009-01-27,2.299054853864279e-08,1.8957848867476304e-08,1.8958591512994483e-08
2009-01-28,1.5141253871699398e-08,1.001249270395603e-08,1.001245790597186e-08
2009-01-29,1.5237365988795716e-08,1.9235985267700567e-08,1.9236034407296417e-08
2009-01-30,1.5077689629775056e-08,9.20912713141424e-09,9.20956909712784e-09
2009-02-02,6.488093718794964e-08,7.495512121261255e-08,7.495630419594875e-08
2009-02-03,1.6861579987309012e-08,1.1787702866245407e-08,1.1789688092115849e-08
2009-02-04,2.801396762866588e-08,2.61556327536219e-08,2.6155374068598437e-08
2009-02-05,2.87079716649454e-08,2.4579602708542575e-08,2.457972527434181e-08
2009-02-06,2.1142927664663818e-08,1.7456605229477152e-08,1.745531327726258e-08
2009-02-09,2.4857078322153047e-08,2.5980755439216756e-08,2.598092128464395e-08
2009-02-10,2.3322119911418102e-08,1.9877204653694198e-08,1.9877400122230327e-08
2009-02-11,2.9175302096912195e-08,2.5723325610488464e-08,2.5723661533464074e-08
2009-02-12,8.640126523711551e-08,9.537690726014253e-08,9.537906028679378e-08
2009-02-13,1.1193304809905674e-08,7.76498795696655e-09,7.767213993420731e-09
2009-02-16,4.195689182752936e-08,3.8747670048506346e-08,3.8747520715974375e-08
2009-02-17,1.3506967138988959e-07,1.4789606735360054e-07,1.4789872781785855e-07
2009-02-18,4.0409995182006157e-07,4.0930030172859834e-07,4.092759424510145e-07
2009-02-19,5.3903810466590154e-08,4.888853889322793e-08,4.888664986423285e-08
2009-02-20,3.023686797386993e-08,3.127153629423419e-08,3.127155113264812e-08
2009-02-23,5.021943249294244e-08,4.921136945671697e-08,4.921090145871156e-08
2009-02-24,1.3518501109296188e-07,1.3183633541481622e-07,1.3183662374180107e-07
2009-02-25,3.178484395430125e-08,3.0221121808998076e-08,3.021720575238661e-08
2009-02-26,3.363667952307263e-08,3.3681835834377514e-08,3.368129305770111e-08
2009-02-27,6.541274921363626e-08,6.684480457302252e-08,6.684323589754699e-08
2009-03-02,1.9464595901140673e-08,1.9849114017833674e-08,1.984952544472928e-08
2009-03-03,1.57812289888697e-08,1.5052321645008513e-08,1.5051737592364227e-08
2009-03-04,1.689072713965772e-08,1.4130965689178203e-08,1.4130448376184086e-08
2009-03-05,1.2486918252395645e-07,1.3157207038973352e-07,1.31572406088897e-07
2009-03-06,2.41230491743498e-08,2.253733313548483e-08,2.2539064962102818e-08
2009-03-09,3.883325487447221e-08,3.70663448012979e-08,3.706565950257116e-08
2009-03-10,7.046606179956357e-08,7.581118811858916e-08,7.581359985141274e-08
2009-03-11,2.17257908381518e-08,2.1343874055588094e-08,2.1346530871014288e-08
2009-03-12,1.8068628849642267e-08,1.66602437450333e-08,1.665924914790434e-08
2009-03-13,2.9295583292920496e-07,2.9090653478636186e-07,2.909084524985569e-07
2009-03-16,2.2181792958432675e-08,2.34650307393117e-08,2.3468639339211848e-08
2009-03-17,4.276317718707098e-08,4.2357627913903285e-08,4.2355775539786764e-08
2009-03-18,1.9975121587920818e-08,1.8401776946468017e-08,1.840078816800907e-08
2009-03-19,1.8172766866034968e-08,1.6963033178274358e-08,1.6962768021184175e-08
2009-03-20,4.0340161614146874e-08,4.1160278108291695e-08,4.116041188793303e-08
2009-03-23,5.974414065218077e-08,5.529801522419451e-08,5.5298575901504615e-08
2009-03-24,6.927487443537587e-08,6.092049148847048e-08,6.092063666527214e-08
2009-03-25,6.475748975965654e-08,6.73228557904285e-08,6.732254969098275e-08
2009-03-26,6.994708503073876e-08,6.393197535006773e-08,6.392978758632793e-08
2009-03-27,5.712028919179638e-08,5.074909001462681e-08,5.074979468947791e-08
2009-03-30,2.7449345653815177e-08,3.0026220552138484e-08,3.002532497444634e-08
2009-03-31,2.647144043100752e-08,2.783520015608541e-08,2.7834590629500774e-08
2009-04-01,5.216000183216409e-08,5.148487004300445e-08,5.148386497463631e-08
2009-04-02,4.59499553245257e-08,4.592191847256362e-08,4.592148603373499e-08
2009-04-03,1.6845810054539995e-08,1.5844535595669747e-08,1.5843536164036027e-08
2009-04-06,2.2780135707306735e-07,2.2547786464143151e-07,2.2548008171396456e-07
2009-04-07,1.6948303958051823e-08,1.722450824860877e-08,1.7229824226863597e-08
2009-04-08,3.337654220421492e-08,3.098257692137503e-08,3.098185260198371e-08
2009-04-09,6.385191237180965e-07,6.221445253540066e-07,6.221521228012886e-07
2009-04-10,9.622019209598312e-08,9.522301211317516e-08,9.523052509654696e-08
2009-04-13,3.139092336696885e-08,3.634083354303644e-08,3.634182394115629e-08
2009-04-14,2.058909274720009e-08,2.5167845943888304e-08,2.516730382828055e-08
2009-04-15,1.5715159981385707e-08,2.096131790436595e-08,2.0960695707670203e-08
2009-04-16,6.622865344461587e-08,5.93819655110297e-08,5.9382381924345616e-08
2009-04-17,2.234634067546761e-08,2.4083496154862932e-08,2.4084529622420703e-08
2009-04-20,1.6554604478312677e-08,1.7723967665470644e-08,1.7723422024564688e-08
2009-04-21,2.0466243821098176e-08,2.0647920326050945e-08,2.0647448854849113e-08
2009-04-22,6.852013730020578e-08,6.960285356055782e-08,6.960373602483951e-08
2009-04-23,1.4749992189852599e-08,1.4404583298544056e-08,1.440640117755957e-08
2009-04-24,1.6307861709542687e-08,1.4594406630001567e-08,1.4594160993595092e-08
2009-04-27,1.5545333261163592e-08,1.3474313730381885e-08,1.3473960136427632e-08
2009-04-28,4.4393950536396436e-08,4.082739310836301e-08,4.082709066402363e-08
2009-04-29,2.8648867689677517e-08,2.3821204068858456e-08,2.382239059318194e-08
2009-04-30,1.8674725957735037e-07,1.839851518127911e-07,1.8398330935857546e-07
2009-05-01,3.687733109261517e-08,3.488947242267157e-08,3.4893089269392885e-08
2009-05-04,2.442026264758495e-08,2.2103789773494476e-08,2.210250005063627e-08
2009-05-05,3.096431956620611e-08,2.663217286872199e-08,2.663186128444158e-08
2009-05-06,3.1370177015557026e-08,3.298556359102235e-08,3.298425368345292e-08
2009-05-07,1.1718514843829937e-06,1.178772760600083e-06,1.178782993938742e-06
2009-05-08,2.8764848405902782e-08,2.932892491860866e-08,2.9344963724306175e-08
2009-05-11,3.433968862925671e-08,2.7617052425145998e-08,2.761714685624887e-08
2009-05-12,2.226643785962572e-07,2.0061764498087954e-07,2.006187520129312e-07
2009-05-13,3.017659199385874e-08,3.4565812059746005e-08,3.456910223949765e-08
2009-05-14,5.943670696166324e-08,6.234187623621044e-08,6.2342105389898e-08
2009-05-15,2.446097368901564e-08,2.499715920083864e-08,2.4996688076587977e-08
2009-05-18,2.1387352413462045e-08,2.37236615895406e-08,2.372328840523051e-08
2009-05-19,2.8170250665743614e-08,2.6840263540077526e-08,2.6840741446628554e-08
2009-05-20,5.1674005450915834e-08,5.0318746648460215e-08,5.031961138621863e-08
2009-05-21,6.918350569697152e-08,6.364253862967462e-08,6.364192483286705e-08
2009-05-22,2.3225880247614687e-08,2.7641997826550598e-08,2.7643388391056453e-08
2009-05-25,3.4655135272095916e-08,3.4029174375928014e-08,3.402788848491188e-08
2009-05-26,7.275503713792398e-08,6.710660734766888e-08,6.710605510990232e-08
2009-05-27,4.479806406278483e-08,4.1888878552331987e-08,4.189003704616566e-08
2009-05-28,7.493800402846387e-08,7.322343696413047e-08,7.322297204177925e-08
2009-05-29,2.4548561021111836e-08,2.4155499865404785e-08,2.415447939636378e-08
2009-06-01,1.8917636462703233e-08,1.8809802877566335e-08,1.8809428458750213e-08
2009-06-02,1.9686845909988086e-07,2.037604647887306e-07,2.0376312152853502e-07
2009-06-03,7.312249767197278e-08,7.27881954661852e-08,7.279432160407823e-08
2009-06-04,1.4594844276547312e-07,1.4239069037211892e-07,1.4239565481008404e-07
2009-06-05,5.853857229691317e-08,6.29318647950665e-08,6.293104037796063e-08
2009-06-08,8.677517736792655e-08,8.668210179296181e-08,8.668390141160659e-08
2009-06-09,2.414584807480769e-07,2.3532915260694855e-07,2.353353591134538e-07
2009-06-10,6.57933629215011e-08,6.460578136489998e-08,6.46102074905864e-08
2009-06-11,2.604532466042954e-08,3.102444083400926e-08,3.102407309574064e-08
2009-06-12,4.3388944487019904e-08,3.904475614607143e-08,3.9045141062565776e-08
2009-06-15,6.914836007065871e-08,7.186576344376702e-08,7.186656463473783e-08
2009-06-16,2.200231626492475e-08,2.5897238370995613e-08,2.5894805421625557e-08
2009-06-17,3.958303737295738e-08,3.693647031747208e-08,3.693613976915865e-08
2009-06-18,3.639589313841354e-08,3.7156034706017496e-08,3.71560168778052e-08
2009-06-19,4.624178353649274e-08,4.589396238228146e-08,4.5893202370228245e-08
2009-06-22,1.3079380440773727e-08,1.3219674948779541e-08,1.3217825925534024e-08
2009-06-23,2.205487194661811e-07,2.1593914884916275e-07,2.159391686437691e-07
2009-06-24,7.677262616568589e-08,6.796136736123541e-08,6.795596362108234e-08
2009-06-25,5.99332391555586e-08,5.586274822371791e-08,5.586107915111872e-08
2009-06-26,1.0759094219917588e-06,1.0571362651515884e-06,1.0571293086520043e-06
2009-06-29,2.170194353916289e-08,2.420322183318057e-08,2.4206773590589286e-08
2009-06-30,6.928274274321293e-08,6.038979366286442e-08,6.0390180095824e-08
2009-07-01,2.8838241566194992e-08,3.85102357202074e-08,3.850977376117251e-08
2009-07-02,1.0977737156661988e-07,1.0309931245743156e-07,1.0309900519949041e-07
2009-07-03,2.162501033106665e-08,3.02100719396165e-08,3.020859184070526e-08
2009-07-06,1.4704746108296977e-07,1.3776725060124188e-07,1.3776868155396934e-07
2009-07-07,1.388897802205119e-07,1.2252808817743358e-07,1.2253401825454101e-07
2009-07-08,3.4225992682358475e-08,4.33214719663696e-08,4.3322807869150207e-08
2009-07-09,3.594964619543792e-07,3.1781116141051895e-07,3.1781585093436575e-07
2009-07-10,6.58167897715747e-08,6.040883136170426e-08,6.041056086987707e-08
2009-07-13,4.6302710154222334e-08,5.507751859673192e-08,5.5076865570489406e-08
2009-07-14,1.2951785836602787e-07,1.2139939645369808e-07,1.2139894081515386e-07
2009-07-15,2.4395011216557246e-08,3.497438128977871e-08,3.497429151057739e-08
2009-07-16,4.61184444878582e-08,4.404991633953417e-08,4.404860438710097e-08
2009-07-17,2.0144627112394614e-07,1.7836352505841226e-07,1.783667080116321e-07
2009-07-20,3.814673078048239e-07,3.2643144498799187e-07,3.2641521487156724e-07
2009-07-21,1.6920068960683118e-07,1.3158994100871258e-07,1.3157913696710784e-07
2009-07-22,1.039932894767738e-07,8.451705263617502e-08,8.451183549335349e-08
2009-07-23,4.5935481057724665e-08,5.5880283663609196e-08,5.5881701640424735e-08
2009-07-24,8.767571247525523e-07,7.504613055998741e-07,7.50468803780898e-07
2009-07-27,1.2547687525921437e-07,1.0358299672601402e-07,1.0357034939001737e-07
2009-07-28,1.1277787541507214e-07,1.4298566096793982e-07,1.4298783697797656e-07
2009-07-29,3.331064658890644e-08,5.720955317412145e-08,5.720216212025089e-08
2009-07-30,3.5388466459662124e-08,3.419658783139631e-08,3.419695122380755e-08
2009-07-31,5.836880027476849e-08,5.711741422371015e-08,5.71175020846641e-08
2009-08-03,6.491530053509532e-08,8.236160054912778e-08,8.236206919278992e-08
2009-08-04,5.148941732248302e-08,6.155108039661152e-08,6.154870714140429e-08
2009-08-05,5.3585511529762755e-08,6.270160167125439e-08,6.270238707390638e-08
2009-08-06,1.6352156371613311e-07,1.3800073752615923e-07,1.3800254045336466e-07
2009-08-07,3.436292086070434e-08,3.751014350628747e-08,3.751200439026079e-08
2009-08-10,7.782156499135234e-08,8.263749009074885e-08,8.263614480804205e-08
2009-08-11,3.325081752296099e-08,3.894431146101707e-08,3.8942521286258255e-08
2009-08-12,4.615498413619805e-08,3.165910109292592e-08,3.1658348358759815e-08
2009-08-13,1.7390483662277288e-08,2.5915740731853157e-08,2.591656592386238e-08
2009-08-14,2.9089375614451858e-08,3.4794258979593044e-08,3.479347879329261e-08
2009-08-17,2.4814570679780106e-07,2.1695634932529437e-07,2.1695538413761666e-07
2009-08-18,1.845146507170762e-08,3.14810255338457e-08,3.147791294725588e-08
2009-08-19,3.127296596364197e-07,2.783201562947966e-07,2.783225331931205e-07
2009-08-20,3.5640240287916416e-08,3.227655711212669e-08,3.228108772480761e-08
2009-08-21,1.7773593516035093e-07,1.3618569265188293e-07,1.3618381370926405e-07
2009-08-24,1.6681591458060302e-08,3.2783729005641505e-08,3.278642923164479e-08
2009-08-25,1.0260542417702772e-08,1.99883837393658e-08,1.99875385834586e-08
2009-08-26,1.1685740025300872e-07,1.1971844917928752e-07,1.1971903950162368e-07
2009-08-27,2.755149283663148e-07,2.3328284161173346e-07,2.3328543976937328e-07
2009-08-28,1.946047108089696e-07,1.6926689651927733e-07,1.692691839515005e-07
2009-08-31,2.633443413579784e-07,2.0852395613729819e-07,2.0852356801794025e-07
2009-09-01,3.9347100806576695e-08,5.1926019331024824e-08,5.192889095884937e-08
2009-09-02,8.671839132175826e-08,8.723198621908866e-08,8.722986619991487e-08
2009-09-03,4.512329498100962e-08,5.9527556197822155e-08,5.9523506980245176e-08
2009-09-04,1.194162165810289e-07,1.203508979532445e-07,1.2035362729140955e-07
2009-09-07,7.60199558296209e-08,8.702396886166682e-08,8.702491735205436e-08
2009-09-08,5.5328516211795734e-08,5.062477051737106e-08,5.062064393214302e-08
2009-09-09,9.055164109469475e-08,9.519716566873272e-08,9.51964298332909e-08
2009-09-10,2.135073138354152e-08,3.224299786119251e-08,3.2239404032239693e-08
2009-09-11,8.030080024003547e-08,8.59776706233507e-08,8.59770610776827e-08
2009-09-14,5.142193764399347e-07,4.5806973225950406e-07,4.5807153992126035e-07
2009-09-15,3.8671606719697924e-07,3.2893009325974344e-07,3.289075091254993e-07
2009-09-16,7.778938964440232e-08,8.625406575025832e-08,8.626531392291549e-08
2009-09-17,3.928367940784513e-08,4.0062511275113726e-08,4.0063760016182436e-08
2009-09-18,2.0686748819026583e-07,1.8924393202808638e-07,1.8923555584381858e-07
2009-09-21,3.913194955255169e-08,4.425701775551647e-08,4.4261566214035766e-08
2009-09-22,5.159938549673373e-08,6.451583426548219e-08,6.45155928376335e-08
2009-09-23,7.302384884860111e-08,8.382496812551321e-08,8.382395649892618e-08
2009-09-24,3.272308950121232e-08,4.55101466785519e-08,4.550566125797456e-08
2009-09-25,1.6842080421692106e-08,2.5367848942819334e-08,2.5366229943842428e-08
2009-09-28,1.810780576136211e-08,2.5524493771069473e-08,2.5523640514705137e-08
2009-09-29,1.8871932354576502e-08,2.537412229702969e-08,2.5373391228769888e-08
2009-09-30,5.6225788531740724e-08,5.344170958917787e-08,5.3441196711051844e-08
2009-10-01,1.2602422461937727e-08,1.6429183356511036e-08,1.642915402126702e-08
2009-10-02,3.5514422100814654e-08,3.674242521261626e-08,3.6742025051100224e-08
2009-10-05,2.6026352299952883e-08,2.7471886824811206e-08,2.747012333085573e-08
2009-10-06,1.5506761402657607e-08,1.571268787311612e-08,1.5711441577438244e-08
2009-10-07,1.796465607662916e-08,1.7122764805508866e-08,1.7122286408954582e-08
2009-10-08,2.1598309454954653e-08,2.075928720214711e-08,2.075887548714705e-08
2009-10-09,1.7578078459938605e-08,1.4735003909323896e-08,1.4734559633105649e-08
2009-10-12,2.6265801971312845e-08,2.1852650506631222e-08,2.185186992830233e-08
2009-10-13,9.020017343305559e-08,8.071958936923245e-08,8.071948085004152e-08
2009-10-14,1.706458985061965e-08,1.4884326265426923e-08,1.4884564958622466e-08
2009-10-15,1.7049743684745085e-08,1.9216452967219597e-08,1.921637046096914e-08
2009-10-16,1.0093411348316832e-08,7.578435463967094e-09,7.578444243141015e-09
2009-10-19,3.198986580374543e-08,2.941661169715577e-08,2.9416611780989947e-08
2009-10-20,2.6242463717413927e-08,2.3851838737528136e-08,2.3851660079092107e-08
2009-10-21,1.6452956424264425e-08,1.202962363960408e-08,1.2028735893541667e-08
2009-10-22,3.8876154841026755e-08,4.0950958547010774e-08,4.0951287921078896e-08
2009-10-23,2.362453989624546e-08,2.2955866368321396e-08,2.2953393592230872e-08
2009-10-26,1.1145129966155434e-07,1.1705180525052859e-07,1.1705169340280344e-07
2009-10-27,7.951828157149302e-08,8.114104337908843e-08,8.114050364658236e-08
2009-10-28,4.3769563809519205e-08,4.000399894250799e-08,4.0006139806940174e-08
2009-10-29,3.503926218750519e-08,3.3378538304799045e-08,3.337825556094957e-08
2009-10-30,7.23538299426598e-08,7.50759366978344e-08,7.507796938909774e-08
2009-11-02,2.3950674804930515e-08,2.262926733023664e-08,2.2630587804780413e-08
2009-11-03,2.3571125243966645e-07,2.4735910890184276e-07,2.4736031149000144e-07
2009-11-04,3.364276019993005e-08,3.4492157388577565e-08,3.4495936475900207e-08
2009-11-05,2.765367995295098e-08,2.987019241728667e-08,2.986911963177184e-08
2009-11-06,1.966741973629942e-08,1.8795776043765785e-08,1.879501168436937e-08
2009-11-09,3.737577566612646e-08,3.616992753650705e-08,3.616903832222495e-08
2009-11-10,3.073344295066795e-08,3.364644001529234e-08,3.364604634056861e-08
2009-11-11,3.3903137344282136e-08,3.2501317330864476e-08,3.25019026322957e-08
2009-11-12,4.953678447814057e-08,4.905676257339225e-08,4.9058469129270405e-08
2009-11-13,8.83101742807987e-08,8.806006602730684e-08,8.805995711037836e-08
2009-11-16,1.210799262596676e-07,1.1863590308523654e-07,1.1863482110070018e-07
2009-11-17,5.5755293642617946e-08,5.3373898916590955e-08,5.3373276377832095e-08
2009-11-18,5.3031312262787585e-08,4.8904207450181146e-08,4.8904387824137475e-08
2009-11-19,2.8443663016189964e-08,2.8510631104572393e-08,2.8511361070562155e-08
2009-11-20,2.0912332232599114e-08,2.195052173008281e-08,2.194997961354006e-08
2009-11-23,8.430869566768371e-08,7.807972750341678e-08,7.807987420061692e-08
2009-11-24,3.4025845488534296e-08,3.259302568630264e-08,3.259399145953539e-08
2009-11-25,2.35704656573762e-08,2.501609303691894e-08,2.5014562094456226e-08
2009-11-26,1.605202465133325e-08,1.634946215476498e-08,1.634829292941415e-08
2009-11-27,2.8079624001714424e-08,2.4823959682058373e-08,2.4823601974696787e-08
2009-11-30,3.5040009256138906e-08,3.448646819315209e-08,3.4486669867759546e-08
2009-12-01,5.877474726564693e-08,5.592554913377633e-08,5.592566383342155e-08
2009-12-02,6.741499063137794e-08,6.850257465056927e-08,6.85011564809246e-08
2009-12-03,2.2433894314191023e-08,2.1637157702723154e-08,2.1637260506829275e-08
2009-12-04,4.372136403028405e-08,4.2678751447977115e-08,4.2677667096321195e-08
2009-12-07,1.810226489889236e-08,1.725144356010536e-08,1.72506527219983e-08
2009-12-08,4.4259316357150953e-08,4.2340226319470645e-08,4.234030148093959e-08
2009-12-09,1.7549403494781412e-08,1.507903026978352e-08,1.507901829526469e-08
2009-12-10,2.2127516782227313e-08,2.2348223973718147e-08,2.2348237845341746e-08
2009-12-11,2.0695800318683933e-07,2.189371042626738e-07,2.189390065726989e-07
2009-12-14,1.387953021619482e-08,1.3229702825193942e-08,1.3233720379775919e-08
2009-12-15,1.7807070301509035e-08,1.6008993170577512e-08,1.6008978244296052e-08
2009-12-16,1.5803747323064032e-07,1.609280136001717e-07,1.6092716835767117e-07
2009-12-17,3.92919425700454e-08,3.779525489436884e-08,3.7798906847076e-08
2009-12-18,5.13208871525576e-08,4.8356769500615997e-08,4.835793628257438e-08
2009-12-21,7.291047538445408e-08,7.39712833297386e-08,7.397196943018441e-08
2009-12-22,2.7723710833636437e-08,2.758076669092106e-08,2.758045306690874e-08
2009-12-23,2.8731369544983684e-08,2.7967262282248182e-08,2.796604248172311e-08
2009-12-24,2.0443729517525323e-08,1.8511945831502098e-08,1.8510845618567766e-08
2009-12-25,5.958004938341769e-08,6.167365510606772e-08,6.167406154431974e-08
2009-12-28,5.265797963951927e-07,5.17863320251498e-07,5.178592901037699e-07
2009-12-29,1.915161765575899e-08,2.324114783802096e-08,2.324953829154019e-08
2009-12-30,4.958259880491944e-08,4.550431128954684e-08,4.55040114085207e-08
2009-12-31,3.2684602464054964e-08,3.4925057205510064e-08,3.492392190613373e-08
2010-01-01,2.6012176458789137e-08,2.8571967530700293e-08,2.8572563427346307e-08
2010-01-04,7.849371374856921e-08,8.007842061115301e-08,8.007793605728486e-08
2010-01-05,2.5692997425051886e-08,2.6035822562836405e-08,2.603447847019071e-08
2010-01-06,6.158872068900474e-08,6.236600941963439e-08,6.236555488288056e-08
2010-01-07,8.827876263944038e-08,8.505164285404363e-08,8.505279256425456e-08
2010-01-08,1.9682719349047416e-08,1.9588620368550983e-08,1.9589478373641597e-08
2010-01-11,1.7684289657579104e-08,1.6883068574266754e-08,1.688247377228479e-08
2010-01-12,1.608664367409288e-08,1.4162950280844052e-08,1.4162628740804628e-08
2010-01-13,4.7957069596355376e-08,4.5905825450406615e-08,4.590566774982739e-08
2010-01-14,7.692713699411767e-08,7.578966556535155e-08,7.578839183718287e-08
2010-01-15,2.0041376542376307e-08,1.8216008210217294e-08,1.8214432949321032e-08
2010-01-18,2.2279143953661716e-08,2.2598445917047997e-08,2.2598354215831233e-08
2010-01-19,1.4498334166450722e-08,1.243472896327205e-08,1.2434502459326555e-08
2010-01-20,6.148035109603269e-08,5.781527985907046e-08,5.781523071528543e-08
2010-01-21,4.001614673138431e-08,3.723061418009267e-08,3.723052741939652e-08
2010-01-22,7.977200714878026e-08,7.599841387231907e-08,7.599636538183302e-08
2010-01-25,2.5669457798179763e-08,2.291672755843769e-08,2.2914392272196008e-08
2010-01-26,1.5848026642395107e-08,1.2805396290349562e-08,1.2804616390714887e-08
2010-01-27,1.4793398419052865e-07,1.5005746253228944e-07,1.50057378195856e-07
2010-01-28,1.5142400614387784e-08,1.278710371519075e-08,1.278742362281573e-08
2010-01-29,2.2362040918973674e-08,1.958300303244959e-08,1.9582673253973815e-08
2010-02-01,3.234741832800592e-08,2.932960208179335e-08,2.932876969198548e-08
2010-02-02,3.359782410876639e-08,3.575391549601691e-08,3.5754479548703544e-08
2010-02-03,7.222175803843845e-08,7.325933018418737e-08,7.325952656219151e-08
2010-02-04,1.8728147912750453e-08,1.678549467924488e-08,1.6787516172054592e-08
2010-02-05,3.907512350366688e-08,3.635771058532478e-08,3.6357675676316685e-08
2010-02-08,6.661302447656921e-08,6.42259076311496e-08,6.422650956724579e-08
2010-02-09,1.5211961893150508e-08,1.3226343702335049e-08,1.3225347812862645e-08
2010-02-10,2.2048816162657797e-08,1.859112729405017e-08,1.8590753145019907e-08
2010-02-11,2.4183178489196907e-08,2.351104511407269e-08,2.3510663506603176e-08
2010-02-12,2.1877877062752892e-08,1.8413378192819198e-08,1.8413194994810428e-08
2010-02-15,4.885254329656488e-08,4.9973511138756796e-08,4.9975279769095085e-08
2010-02-16,2.0480346671745735e-08,1.762965396395186e-08,1.7630829354110633e-08
2010-02-17,1.2838524230775518e-08,9.42015824982092e-09,9.41990363076994e-09
2010-02-18,2.592206764112946e-08,2.1479752113400332e-08,2.1479846753959956e-08
2010-02-19,1.37739723467926e-08,1.1078627681228312e-08,1.1078092704882412e-08
2010-02-22,1.2155977298732469e-08,8.730127432293858e-09,8.730113536228518e-09
2010-02-23,1.310095283703155e-08,8.744232063690148e-09,8.74421404026453e-09
2010-02-24,4.427989460980299e-08,5.020343734398784e-08,5.020369645054787e-08
2010-02-25,1.641580277689006e-08,1.2648678585987047e-08,1.2648652088928788e-08
2010-02-26,3.154281608886851e-08,3.318204126897223e-08,3.318208290871298e-08
2010-03-01,1.7079018747757694e-08,1.3822254648484328e-08,1.3822441287741873e-08
2010-03-02,1.1038538784023907e-08,6.024556680178006e-09,6.024509388565965e-09
2010-03-03,2.0179020181758796e-08,1.5783860231347948e-08,1.5783842963669702e-08
2010-03-04,1.4212883694571936e-08,8.332757323506489e-09,8.332708914669826e-09
2010-03-05,2.5053281799259385e-08,2.092236075162337e-08,2.0922110644375208e-08
2010-03-08,2.1643707530191675e-08,2.4446769573525062e-08,2.4447491492822795e-08
2010-03-09,1.470973989825718e-07,1.5708095442688975e-07,1.570828304008603e-07
2010-03-10,5.163047577232203e-08,5.435411761943755e-08,5.4353157805654856e-08
2010-03-11,3.904143665879549e-08,3.7114808783810795e-08,3.71160419642615e-08
2010-03-12,2.142876954806665e-08,1.7732188088679264e-08,1.7731672447303972e-08
2010-03-15,2.193320871182136e-08,1.7929383129319403e-08,1.792923815717381e-08
2010-03-16,1.5319687974521233e-08,1.3141987838934371e-08,1.3141636234374395e-08
2010-03-17,1.630009291007823e-08,1.661230249368549e-08,1.6612483232800337e-08
2010-03-18,1.3563776382952418e-08,1.0700863368014246e-08,1.0700841887816733e-08
2010-03-19,4.216356836954588e-08,4.223692655225211e-08,4.223594279078469e-08
2010-03-22,2.461927997926787e-08,2.512027245823294e-08,2.511959343388657e-08
2010-03-23,2.1644288661673565e-08,2.3986391106335434e-08,2.398560573120733e-08
2010-03-24,1.4441266027027381e-08,1.0230562663088907e-08,1.0231489691962385e-08
2010-03-25,3.5901871324057436e-08,3.306890246052138e-08,3.3068804214413e-08
2010-03-26,4.061948859400385e-08,3.805908543247828e-08,3.805764672133277e-08
2010-03-29,1.8143691023885192e-08,1.3268779898290352e-08,1.326854599828336e-08
2010-03-30,1.8675338358332443e-08,1.3517910479982992e-08,1.3517541793062056e-08
2010-03-31,1.601260972100812e-08,1.156996615092159e-08,1.1569630015246136e-08
2010-04-01,1.462695323778262e-08,1.1769120801548401e-08,1.1768847235676949e-08
2010-04-02,2.3016709047785552e-08,1.977815439774506e-08,1.9778120283958417e-08
2010-04-05,3.27989300583815e-08,4.0263968542667135e-08,4.026383296952418e-08
2010-04-06,5.955226394606047e-08,6.26508676864796e-08,6.264965490317929e-08
2010-04-07,1.4289719776285969e-08,1.0594827665975156e-08,1.0594903352470532e-08
2010-04-08,5.203872696736247e-08,5.238731303007858e-08,5.23866461224743e-08
2010-04-09,3.5632313405355996e-08,3.6391846403077836e-08,3.638986249460621e-08
2010-04-12,1.9143692773838505e-08,1.5942125293170837e-08,1.5942322187952073e-08
2010-04-13,2.996666728919436e-08,2.567036313649609e-08,2.567016351829772e-08
2010-04-14,1.0617845182480341e-08,8.669711527212052e-09,8.66920492816925e-09
2010-04-15,1.741824960997164e-08,1.4112191435224678e-08,1.4112056071256917e-08
2010-04-16,1.5318954018651035e-08,1.0436750094271596e-08,1.0436810363248286e-08
2010-04-19,4.493389917652076e-08,4.492104572330469e-08,4.49214559430231e-08
2010-04-20,1.769145448758488e-08,1.6337949053064123e-08,1.6338562952710195e-08
2010-04-21,3.7371408889936604e-08,3.776804486601969e-08,3.776667678417751e-08
2010-04-22,2.104120987102708e-08,1.7179556110731998e-08,1.7180265415914076e-08
2010-04-23,2.454351713658614e-08,2.3245477780793906e-08,2.324529338650019e-08
2010-04-26,2.1367826507592786e-08,1.7408731079398887e-08,1.7409091866999926e-08
2010-04-27,1.824574585235156e-08,1.8952379758845778e-08,1.8952647668174874e-08
2010-04-28,2.5960714137215517e-08,2.0950308273784307e-08,2.0951328143197695e-08
2010-04-29,2.4209722767492785e-08,1.9548008245464546e-08,1.9547367048533483e-08
2010-04-30,1.8644146783118433e-08,1.3836833457111913e-08,1.3836310957561756e-08
2010-05-03,1.393096360502386e-08,8.336403728986436e-09,8.335946354162324e-09
2010-05-04,1.0995766138988081e-07,1.2572947200668274e-07,1.2573072509387773e-07
2010-05-05,1.2202289881769809e-07,1.2727030069292838e-07,1.2726187969038638e-07
2010-05-06,2.809616078586663e-07,2.884090631116512e-07,2.8838708621662833e-07
2010-05-07,3.940212327732488e-08,3.9957792672068696e-08,3.996095456695078e-08
2010-05-10,2.242075923139434e-08,2.236848907813986e-08,2.236664465487771e-08
2010-05-11,2.8435692883715974e-08,2.7675379951297594e-08,2.7674865400095918e-08
2010-05-12,5.130568116807575e-08,4.995401282569901e-08,4.9953341769196056e-08
2010-05-13,2.6537138154811317e-08,2.5559378613928705e-08,2.5558961385968775e-08
2010-05-14,3.847320320611079e-08,3.840279398694304e-08,3.840269006758868e-08
2010-05-17,2.9650433344138352e-08,2.6370382887896172e-08,2.636970770388013e-08
2010-05-18,1.6080708800612008e-08,1.564288842675318e-08,1.5642388846316678e-08
2010-05-19,1.789626690773171e-08,1.522212131864858e-08,1.5221925755167722e-08
2010-05-20,2.246769228283993e-08,1.998999438948237e-08,1.9989523699453728e-08
2010-05-21,3.475491181247231e-08,3.183214126016617e-08,3.1831577377493664e-08
2010-05-24,4.003116310798235e-08,3.690586355673767e-08,3.6906394944507804e-08
2010-05-25,1.1270166272853933e-08,7.609257911877936e-09,7.608989371842096e-09
2010-05-26,3.696583593855312e-08,3.6256007240854285e-08,3.625622161034263e-08
2010-05-27,1.9264965230725792e-08,1.9207613570508124e-08,1.9207155138083335e-08
2010-05-28,2.5567395406652455e-08,2.294052809396365e-08,2.2940677555188595e-08
2010-05-31,1.5248305233861135e-08,1.2574983926075246e-08,1.2575455994376214e-08
2010-06-01,2.3553953861485882e-08,1.9227916263115305e-08,1.922811164146858e-08
2010-06-02,4.472802788858876e-08,4.350122168160746e-08,4.350088166009508e-08
2010-06-03,6.678433255974244e-08,6.323654581091656e-08,6.323527958285355e-08
2010-06-04,2.516424160939572e-08,2.2294017271482464e-08,2.2296086025178045e-08
2010-06-07,3.0743199349506414e-08,2.7887935119326147e-08,2.7887894887671276e-08
2010-06-08,1.2782598898558512e-07,1.3212284349960556e-07,1.3212351705829643e-07
2010-06-09,2.3327232276956803e-08,2.1415601592785523e-08,2.14155569094609e-08
2010-06-10,4.9273643804515695e-08,4.2834198503793514e-08,4.283328168509318e-08
2010-06-11,1.2581228678682458e-08,1.0420378220905727e-08,1.0420851103059744e-08
2010-06-14,1.525403034166637e-08,1.2170463569973322e-08,1.2170179141613271e-08
2010-06-15,3.356685781290145e-08,3.382412919212949e-08,3.382424754290378e-08
2010-06-16,2.3243722996368488e-07,2.368928521548846e-07,2.3689353212089294e-07
2010-06-17,1.3031590372750003e-08,1.3107583109159712e-08,1.3110563817675638e-08
2010-06-18,4.7071362737808077e-08,4.536835523773128e-08,4.5367467741220664e-08
2010-06-21,1.5894706159518542e-07,1.623875364847686e-07,1.6239895010491483e-07
2010-06-22,9.482328961901819e-09,9.790152775616933e-09,9.792181540652537e-09
2010-06-23,2.540398277663111e-08,2.344946226788159e-08,2.3449579295463154e-08
2010-06-24,1.1306716034485841e-07,1.1771008705355614e-07,1.1770426327927409e-07
2010-06-25,1.879802103875809e-08,1.8432436286993238e-08,1.843458314749573e-08
2010-06-28,3.387409252447396e-08,3.34240275629812e-08,3.3425988581604864e-08
2010-06-29,8.437667602357886e-08,8.656575575892076e-08,8.656163856581563e-08
2010-06-30,2.9064789000903332e-08,2.8838238576111887e-08,2.8840952688685496e-08
2010-07-01,2.475230519064326e-08,2.4286536292508838e-08,2.4285913573358847e-08
2010-07-02,2.2076909964619617e-08,2.074690362645729e-08,2.0746576678391147e-08
2010-07-05,2.0678087704236506e-08,1.9496022348046263e-08,1.9495299098189664e-08
2010-07-06,5.779562494066848e-08,5.83170345655805e-08,5.8315681067642045e-08
2010-07-07,7.433044169693313e-08,7.66875994554089e-08,7.668915169251615e-08
2010-07-08,6.705446910629628e-08,6.691723675050612e-08,6.691965967061265e-08
2010-07-09,4.1104691135446776e-08,4.046517540657985e-08,4.0462484492527726e-08
2010-07-12,6.989703971742223e-08,6.850196966660958e-08,6.849904629138953e-08
2010-07-13,1.7369150739848137e-08,1.7520256740581204e-08,1.752009723348225e-08
2010-07-14,3.177648448164734e-08,3.037322775427668e-08,3.037363580831282e-08
2010-07-15,2.7174648792422722e-08,2.6018349834872632e-08,2.6018615923690394e-08
2010-07-16,5.144528386525327e-07,5.126706848580201e-07,5.126763007494487e-07
2010-07-19,6.355807105276024e-08,6.2486871349029e-08,6.249666657089257e-08
2010-07-20,3.355369261001235e-07,3.2437204607776884e-07,3.243781103786447e-07
2010-07-21,9.266797980794227e-08,8.948396140209812e-08,8.948590350607283e-08
2010-07-22,1.4081403790628615e-08,2.0478554034458896e-08,2.0478039965137202e-08
2010-07-23,2.0080592976089695e-08,2.2725236568987003e-08,2.2724933591434087e-08
2010-07-26,3.557050355472614e-07,3.402199400080166e-07,3.4022258410538764e-07
2010-07-27,6.536523975519238e-08,7.132862812510023e-08,7.133458070377044e-08
2010-07-28,8.043689148341239e-08,8.265106857958605e-08,8.264874035842052e-08
2010-07-29,3.705017691524984e-08,3.889419046941441e-08,3.8893278776933525e-08
2010-07-30,1.581898041716354e-08,1.5741332842788847e-08,1.5740677217124486e-08
2010-08-02,5.3913352673933646e-08,4.479880457024795e-08,4.479792049313708e-08
2010-08-03,5.08043897083415e-08,5.445630378582311e-08,5.445751850517584e-08
2010-08-04,7.584305120394793e-08,7.524553287026499e-08,7.524529162762584e-08
2010-08-05,1.7742663824760518e-07,1.6024452642471957e-07,1.6024962880452306e-07
2010-08-06,2.1052395481198823e-07,2.191068870148446e-07,2.1911253943976165e-07
2010-08-09,1.7248252114826686e-08,2.3108355905260746e-08,2.3104990382753434e-08
2010-08-10,1.2999508988355707e-08,1.56206292023448e-08,1.5620259715255787e-08
2010-08-11,2.8996487934940306e-08,3.304092996333018e-08,3.3040645772060665e-08
2010-08-12,1.8692587582153004e-08,1.8257885898045867e-08,1.8257669137235673e-08
2010-08-13,3.9771681705883976e-07,3.683809923977252e-07,3.6838313474998574e-07
2010-08-16,1.3114028431470516e-07,1.2187454238893342e-07,1.2187703966800158e-07
2010-08-17,4.786902068626146e-08,4.484688726324542e-08,4.4843907979970554e-08
2010-08-18,2.7295471140269316e-08,2.7890101684599122e-08,2.7891246724318457e-08
2010-08-19,3.8537735674438644e-08,3.840722754502225e-08,3.84070562073493e-08
2010-08-20,1.6732172626324046e-06,1.5919052509611428e-06,1.591908987025822e-06
2010-08-23,6.827176783055819e-08,8.791985110338392e-08,8.793988805950529e-08
2010-08-24,3.341895591699469e-08,4.732592796314726e-08,4.732410235770679e-08
2010-08-25,4.627315074214964e-08,5.821202237914199e-08,5.8210687529963184e-08
2010-08-26,3.005632342953109e-07,2.8719934760541425e-07,2.871989985748542e-07
2010-08-27,8.144813071432304e-08,8.177099143658621e-08,8.176691619428908e-08
2010-08-30,7.140737557311026e-08,7.817430738092706e-08,7.816770029496795e-08
2010-08-31,4.072635838894145e-08,4.566228643909507e-08,4.565687979523888e-08
2010-09-01,2.180372286420133e-07,1.7447128251448495e-07,1.7447138858488666e-07
2010-09-02,3.7396413186715405e-08,5.443830797710072e-08,5.4438712976052585e-08
2010-09-03,3.4572847370873054e-08,4.4769547829345266e-08,4.476810570414842e-08
2010-09-06,9.753177188389498e-08,8.708665152950479e-08,8.708925198380086e-08
2010-09-07,1.0081807570317072e-07,9.080180763312548e-08,9.0801005731079e-08
2010-09-08,1.1449181598198293e-07,8.571169306038897e-08,8.571489334511908e-08
2010-09-09,4.0821350911111735e-08,4.189204985391137e-08,4.1894492124722196e-08
2010-09-10,6.808878330907544e-08,5.5290137941433527e-08,5.528908348069354e-08
2010-09-13,1.3101533158532422e-07,1.1181037554275844e-07,1.1181059569098501e-07
2010-09-14,1.156992100078932e-07,1.0060979529557438e-07,1.0061122599649938e-07
2010-09-15,3.618784562471038e-08,5.157890944596779e-08,5.1581213324460744e-08
2010-09-16,1.4594825293131674e-07,1.482141190593657e-07,1.4821239169269713e-07
2010-09-17,3.519416503035173e-08,5.122630392301873e-08,5.1219963592745976e-08
2010-09-20,1.1622456332018164e-07,1.0543387855707322e-07,1.0543253546853276e-07
2010-09-21,5.5369229184847154e-08,5.1895642728978156e-08,5.1896291917583334e-08
2010-09-22,8.226992196345806e-08,8.026970582199258e-08,8.026886514371314e-08
2010-09-23,4.248613675577691e-08,4.957868011373949e-08,4.957865963203949e-08
2010-09-24,9.86094415331245e-08,7.441957930156825e-08,7.441909784430834e-08
2010-09-27,2.4647099213403642e-08,3.518856587664507e-08,3.518812802873396e-08
2010-09-28,4.107800422762296e-08,5.228045294616762e-08,5.227985590909171e-08
2010-09-29,2.2441041062439639e-07,2.0026245615795355e-07,2.0026301407901216e-07
2010-09-30,2.5379314010767753e-07,2.2231964845842828e-07,2.2233157420789296e-07
2010-10-01,6.986132071401447e-08,5.669867283475906e-08,5.670181375021874e-08
2010-10-04,1.4237825767573088e-08,3.000462700888267e-08,3.0004946513224084e-08
2010-10-05,4.1445579495299096e-08,4.939178335788702e-08,4.939158466158822e-08
2010-10-06,3.808032689761242e-08,4.532664556401766e-08,4.532451806865244e-08
2010-10-07,4.439581954445926e-08,5.073577494703497e-08,5.073476658704734e-08
2010-10-08,1.7889907843353536e-08,2.34407302165403e-08,2.3440337943446802e-08
2010-10-11,2.1437966881515535e-08,2.468312537204819e-08,2.4682656504684094e-08
2010-10-12,1.7602709974582062e-08,1.9430540738704576e-08,1.9429803927629743e-08
2010-10-13,4.34633994852092e-08,4.350384059513439e-08,4.3504569274369056e-08
2010-10-14,2.8387093902384186e-08,2.9384193954076553e-08,2.9384748783661847e-08
2010-10-15,2.159947659793547e-08,2.0817784601102002e-08,2.0816015501819836e-08
2010-10-18,8.485004727537452e-08,8.255340202370078e-08,8.255199245147274e-08
2010-10-19,9.034454338873639e-08,8.7934300199233e-08,8.793129310259604e-08
2010-10-20,2.547335869926754e-08,2.4312328725283292e-08,2.4311078525226324e-08
2010-10-21,3.30209478956384e-08,3.168198101972727e-08,3.168129971831212e-08
2010-10-22,6.758420157425017e-08,6.720731305084933e-08,6.720756543714051e-08
2010-10-25,4.906333134834829e-08,4.546188352080958e-08,4.5458971067848045e-08
2010-10-26,3.512488344934679e-08,3.2080108307054864e-08,3.207992598083144e-08
2010-10-27,1.9903204547363763e-08,1.9757548953735645e-08,1.9757834562455788e-08
2010-10-28,5.276034522794718e-08,5.513727441931981e-08,5.513849298117144e-08
2010-10-29,2.3930974058600038e-08,2.2250635313177728e-08,2.2251349382944278e-08
2010-11-01,3.029095013454307e-08,2.8700038513467115e-08,2.869876813548029e-08
2010-11-02,2.2947248287851064e-08,2.1877625894327325e-08,2.1876905393473576e-08
2010-11-03,1.2319410351844747e-08,9.609485309690447e-09,9.609035878574811e-09
2010-11-04,2.5178354756148505e-08,2.3222529371461635e-08,2.322239712250061e-08
2010-11-05,3.825557208716621e-08,3.849172696169936e-08,3.849197812490997e-08
2010-11-08,7.312361648091636e-08,7.376261873049162e-08,7.376158396975789e-08
2010-11-09,2.2078489837152544e-08,2.1143370233243676e-08,2.1142997096735856e-08
2010-11-10,9.883293035548658e-09,8.468459108040706e-09,8.468522986028843e-09
2010-11-11,6.763592613878268e-08,7.188721988932991e-08,7.188716286169929e-08
2010-11-12,2.9480479988943948e-08,2.709755733068441e-08,2.709948913112429e-08
2010-11-15,5.448687497756763e-08,5.151005703900289e-08,5.150987262772937e-08
2010-11-16,7.790113329545733e-08,8.11739075178215e-08,8.117471602143617e-08
2010-11-17,1.557339467085858e-08,1.3586106295971408e-08,1.3588632929786265e-08
2010-11-18,3.260946962488169e-08,3.090457731622808e-08,3.0904504477853854e-08
2010-11-19,3.3176568223677686e-08,3.0669563323594285e-08,3.066858138606782e-08
2010-11-22,2.0660889219810727e-08,1.9379588372452986e-08,1.937912406461412e-08
2010-11-23,2.7153923092429368e-08,2.5395933927920067e-08,2.539593789127431e-08
2010-11-24,2.7832262738663747e-07,2.94475742277703e-07,2.9447853146595456e-07
2010-11-25,1.4261722645473883e-07,1.404857111171984e-07,1.4047891415688607e-07
2010-11-26,1.5385792838823732e-08,1.536958515216987e-08,1.537029856263538e-08
2010-11-29,3.810947424663097e-08,3.733756929430401e-08,3.733728456421787e-08
2010-11-30,6.312795730953559e-08,6.076177588265807e-08,6.076227984080707e-08
2010-12-01,3.036647670840722e-08,3.0470580859924835e-08,3.0470113838051996e-08
2010-12-02,3.208394937589461e-08,2.903601639587328e-08,2.9036146257221535e-08
2010-12-03,1.8127833313461072e-07,1.7905326068947156e-07,1.7905124346653364e-07
2010-12-06,2.090055388998288e-08,2.1107000150996522e-08,2.110847729327041e-08
2010-12-07,6.250198330578034e-08,6.214992604884776e-08,6.21513188239562e-08
2010-12-08,1.2791509531885381e-08,1.2441189260667259e-08,1.243938204760449e-08
2010-12-09,3.144421928747632e-08,3.278602519766247e-08,3.2786242174317545e-08
2010-12-10,1.7944586803057776e-08,1.6980727858090715e-08,1.6980976607286804e-08
2010-12-13,4.838955434230935e-08,5.096320487889518e-08,5.0964196062598946e-08
2010-12-14,7.634152008912914e-08,7.667896072235788e-08,7.667732604608507e-08
2010-12-15,1.9040070716381807e-08,1.9932530531950415e-08,1.9933862079797324e-08
2010-12-16,1.559369762590664e-08,1.429241524067579e-08,1.4292094712338681e-08
2010-12-17,5.077236276473938e-08,4.7026464208852195e-08,4.702597798003576e-08
2010-12-20,2.2336466926150234e-08,2.013757900848413e-08,2.013641641248598e-08
2010-12-21,5.302488150083699e-08,5.005806386070902e-08,5.0057651709759177e-08
2010-12-22,2.6743225041521395e-08,2.449495625229925e-08,2.4495023076525227e-08
2010-12-23,1.2443358329859891e-08,9.986800940421122e-09,9.987019473865458e-09
2010-12-24,2.0520827866865483e-08,1.666329283309107e-08,1.6663162232915876e-08
2010-12-27,7.131314647221649e-08,6.479173735905978e-08,6.479245899953392e-08
2010-12-28,1.999783807747489e-08,1.5990496283242857e-08,1.5989938182210978e-08
2010-12-29,1.7279299197108717e-08,1.3862892112002235e-08,1.3862489170784969e-08
2010-12-30,2.490907064582937e-08,2.206101324494825e-08,2.2060610115388545e-08
2010-12-31,8.455315076091325e-08,9.022213900912084e-08,9.022243563106156e-08
2011-01-03,8.452322218523582e-08,8.939279186657468e-08,8.93929182609965e-08
2011-01-04,2.362143521554804e-08,1.983468012235402e-08,1.9836093442914997e-08
2011-01-05,8.275741320847461e-08,8.939028779723271e-08,8.93903633618852e-08
2011-01-06,3.425920883163701e-08,3.138741682745503e-08,3.1386789376051756e-08
2011-01-07,2.8261070993208497e-08,2.574153858363733e-08,2.5741129088717225e-08
2011-01-10,3.164991681634928e-08,2.939348261331585e-08,2.9393165317273707e-08
2011-01-11,7.159264590480779e-08,6.923414005189723e-08,6.923507730411672e-08
2011-01-12,3.414863655289761e-08,2.780784963191383e-08,2.7808265779374925e-08
2011-01-13,1.562750299029194e-08,1.2513744899172596e-08,1.2513675778169166e-08
2011-01-14,1.8364932861561353e-08,1.3893878109104449e-08,1.38935136440323e-08
2011-01-17,2.3086016884962306e-08,2.1878379041851442e-08,2.187840430704186e-08
2011-01-18,2.9577425901884393e-08,2.5587357307735226e-08,2.558764952590225e-08
2011-01-19,5.287722027129009e-08,4.7938927712920675e-08,4.7939480529462035e-08
2011-01-20,2.2616291358740217e-08,1.8730780337175196e-08,1.8731369832585926e-08
2011-01-21,2.6827476121533825e-08,2.3456401480922246e-08,2.3456046352411055e-08
2011-01-24,5.7104470942510386e-08,5.3262872063286825e-08,5.32627942555996e-08
2011-01-25,7.49770590249034e-08,7.257863295886841e-08,7.258021956983499e-08
2011-01-26,1.6331263443116022e-08,1.2169618206058135e-08,1.216983501050432e-08
2011-01-27,4.040002278086936e-08,3.711428936144527e-08,3.7114723638135716e-08
2011-01-28,8.206202856572336e-08,8.301115593290132e-08,8.30092151862414e-08
2011-01-31,9.096466323935628e-08,9.481196999673355e-08,9.480795701619665e-08
2011-02-01,2.7757172750019766e-08,2.6408298566874077e-08,2.6409187643602605e-08
2011-02-02,2.009222138004838e-08,1.9835016780805595e-08,1.9834011589983744e-08
2011-02-03,2.719874630904392e-08,2.4456269038423632e-08,2.4456143276595244e-08
2011-02-04,2.1792989568865106e-08,1.8495500500254825e-08,1.8494011679460935e-08
2011-02-07,2.117693196916056e-08,1.998114486753174e-08,1.9980511325484528e-08
2011-02-08,1.9398568564595848e-08,1.6328104960571423e-08,1.6328187280197648e-08
2011-02-09,1.9012589781225668e-08,1.7377994706762915e-08,1.737844238311995e-08
2011-02-10,1.2858392807254056e-08,8.323495373554636e-09,8.323598214622793e-09
2011-02-11,1.6143859269469305e-08,1.2042164723408726e-08,1.2042021471630636e-08
2011-02-14,4.135534427806443e-08,3.8171381741232435e-08,3.817182660910805e-08
2011-02-15,1.0551986680599446e-07,1.0578469334861702e-07,1.0578229919990483e-07
2011-02-16,3.754184001141149e-08,4.513177376942669e-08,4.5131881567535165e-08
2011-02-17,4.564995353545329e-08,4.545372962450341e-08,4.5454171754465126e-08
2011-02-18,2.111941623977575e-08,1.7149955837300625e-08,1.7150326448020504e-08
2011-02-21,1.9256067383897922e-08,1.7725671290438062e-08,1.772545179124746e-08
2011-02-22,2.1856737693308376e-08,1.907297820867952e-08,1.907356757774721e-08
2011-02-23,3.6644760331013333e-08,3.511191139711153e-08,3.51113036362925e-08
2011-02-24,3.5842675758956117e-08,3.9174221466273616e-08,3.917678096884785e-08
2011-02-25,3.7520023057081734e-08,3.6198051865660364e-08,3.619844687374903e-08
2011-02-28,2.3023603432031088e-08,2.460630018202845e-08,2.4606242302583297e-08
2011-03-01,1.517156789091773e-08,1.4536124416137363e-08,1.453546970394944e-08
2011-03-02,3.364357731749663e-08,3.1070165978634063e-08,3.1070337345577383e-08
2011-03-03,2.0772111776049123e-08,1.8309925068131058e-08,1.830908871742853e-08
2011-03-04,1.8360069932747804e-08,1.4276014329764918e-08,1.4275588711085305e-08
2011-03-07,1.3600289760252445e-08,1.1463731182776797e-08,1.1463400554274252e-08
2011-03-08,2.7811065093351062e-08,2.3423663180197177e-08,2.3423600032680543e-08
2011-03-09,2.6566638817134487e-08,2.232095182637383e-08,2.2320406049259033e-08
2011-03-10,1.6901052080245615e-08,1.2154470536814987e-08,1.2154271275194532e-08
2011-03-11,2.0059543513998894e-08,1.5551883921812875e-08,1.55517368609855e-08
2011-03-14,2.25388425981386e-08,1.7318185803941294e-08,1.731776968114188e-08
2011-03-15,1.5454262541027606e-08,1.3301562660804634e-08,1.3301466253823148e-08
2011-03-16,2.1077335716737543e-08,1.7683004943535128e-08,1.768337568934849e-08
2011-03-17,1.3930544540887794e-08,8.701650521502214e-09,8.701239396634063e-09
2011-03-18,1.1261853956368213e-08,5.480266736364592e-09,5.480024003922942e-09
2011-03-21,2.9881648128249586e-08,2.7706298553468565e-08,2.7706206110883782e-08
2011-03-22,9.472313924947439e-08,9.896744847842901e-08,9.896891364514277e-08
2011-03-23,2.6484305133909945e-08,2.767561476527959e-08,2.7676520529713854e-08
2011-03-24,3.129757700922526e-08,3.040451462941436e-08,3.040337727399763e-08
2011-03-25,2.391016034149297e-08,1.9776003060052216e-08,1.9775962438383e-08
2011-03-28,3.122359700524421e-08,3.0500907748466406e-08,3.049968912638989e-08
2011-03-29,2.4125455817470818e-08,2.032504782792803e-08,2.0324302823661612e-08
2011-03-30,1.166254862560559e-08,6.714859256481484e-09,6.714420286301785e-09
2011-03-31,1.8738444716980886e-08,1.4873601970941971e-08,1.4873778957266487e-08
2011-04-01,1.1804095791408312e-08,9.13917890367006e-09,9.139174708596308e-09
2011-04-04,1.649210914916173e-08,1.2077572781175442e-08,1.2077819480296867e-08
2011-04-05,2.245647057691697e-08,2.129536658738774e-08,2.129536376730259e-08
2011-04-06,3.0720200709335034e-08,3.599721844755583e-08,3.599697099926805e-08
2011-04-07,2.49176361747956e-08,2.2685103121637982e-08,2.2684144860099366e-08
2011-04-08,2.811859167017849e-08,2.513343766058964e-08,2.5133044201074933e-08
2011-04-11,8.359476392926435e-08,8.893952206309869e-08,8.894137758160586e-08
2011-04-12,1.8497499350951737e-08,1.530012536781055e-08,1.5300837750505162e-08
2011-04-13,2.1375328130220132e-08,1.6446109400180893e-08,1.6445453620064234e-08
2011-04-14,1.85296144815046e-08,1.3635676590071583e-08,1.3635242411802814e-08
2011-04-15,1.236676668473322e-08,8.089855737467826e-09,8.089763161987524e-09
2011-04-18,2.356509669252186e-08,2.1774754672917105e-08,2.1774828555391704e-08
2011-04-19,1.4217295022101658e-08,1.1125793519290176e-08,1.1126344052720611e-08
2011-04-20,2.3346037701520682e-08,2.545583184922047e-08,2.5456112391365372e-08
2011-04-21,2.2360967831060515e-07,2.388513201570947e-07,2.388522611085866e-07
2011-04-22,1.419257196308202e-08,1.1203527290144026e-08,1.1206654499645009e-08
2011-04-25,1.575715986781657e-08,1.3946908427844855e-08,1.394680726464107e-08
2011-04-26,4.155469688593447e-08,3.912411621560564e-08,3.91237001704004e-08
2011-04-27,1.6614821792612076e-08,1.3035699748676542e-08,1.3035158487999106e-08
2011-04-28,1.4178509620121231e-08,1.1277264798425993e-08,1.1277218896742815e-08
2011-04-29,1.1485894078888943e-07,1.1538213322102093e-07,1.1538364350571422e-07
2011-05-02,6.36305405447265e-08,6.829864397888188e-08,6.829743301646066e-08
2011-05-03,3.239037921055882e-08,3.110348241292548e-08,3.1103944117835684e-08
2011-05-04,1.1688185028153469e-08,9.778276345491592e-09,9.778142725200432e-09
2011-05-05,2.7003655114429123e-08,2.4744904194001577e-08,2.4745002623067852e-08
2011-05-06,5.2396662590393115e-08,5.3368942192714595e-08,5.336950860193064e-08
2011-05-09,2.621509980554376e-08,2.1968728681824255e-08,2.1969157931405823e-08
2011-05-10,2.4140636034059596e-08,2.649073359750004e-08,2.649122688441392e-08
2011-05-11,2.5190501868500776e-08,2.2502792377174745e-08,2.2503724855153838e-08
2011-05-12,6.871307368994117e-08,6.61414912016779e-08,6.614273941428084e-08
2011-05-13,1.8163579664940823e-08,1.5596980823952147e-08,1.5597657049662046e-08
2011-05-16,1.4384419351985844e-07,1.4276260513912743e-07,1.4276395970874881e-07
2011-05-17,6.873004572730034e-08,6.067047310082992e-08,6.066789755039176e-08
2011-05-18,2.804863754398629e-08,2.6610624942611915e-08,2.661176769222779e-08
2011-05-19,1.896949074708615e-08,1.7879550796783622e-08,1.7878875281302802e-08
2011-05-20,1.591141251406739e-08,1.5489231739612435e-08,1.5488768246903463e-08
2011-05-23,2.5421783927110937e-08,2.311743131425467e-08,2.3117740627596964e-08
2011-05-24,2.2319197211714925e-08,1.8585527383251144e-08,1.8585850137213197e-08
2011-05-25,5.714482656048753e-08,5.256535521508144e-08,5.2565497887080993e-08
2011-05-26,1.1935369663157268e-07,1.1870450669834184e-07,1.187064822181666e-07
2011-05-27,1.6190665071190633e-08,1.5335179520917003e-08,1.5337415462110987e-08
2011-05-30,2.0967584917584823e-07,2.0115527745286717e-07,2.0115579005911838e-07
2011-05-31,4.115639375135421e-08,3.559060572486006e-08,3.5591261061085255e-08
2011-06-01,2.0877955676025263e-08,2.2868554868072506e-08,2.286871572772406e-08
2011-06-02,4.560135824591387e-08,4.4706978710515705e-08,4.470714277852918e-08
2011-06-03,3.0934827478857755e-08,3.2343874100589247e-08,3.2342839149443696e-08
2011-06-06,1.7611079373191096e-08,1.768891680366972e-08,1.7689182523184616e-08
2011-06-07,2.307300623951418e-08,2.2729280120123044e-08,2.272878620820707e-08
2011-06-08,2.073040762799196e-08,1.8869967080317764e-08,1.8869523274178586e-08
2011-06-09,3.727513418208156e-08,3.435012142163391e-08,3.434939679459765e-08
2011-06-10,2.708834851377749e-08,2.487443489734424e-08,2.487409742297678e-08
2011-06-13,1.9987761657240634e-08,1.6888561328838058e-08,1.6888269489078487e-08
2011-06-14,5.0150582075944236e-08,4.730847549922077e-08,4.730809156372579e-08
2011-06-15,1.6308984485502258e-08,1.2715979920702387e-08,1.2715429412346224e-08
2011-06-16,3.949829055321861e-08,3.9863220317363944e-08,3.9863666895936e-08
2011-06-17,3.4148793609703415e-08,3.1580094216487055e-08,3.1580559290754023e-08
2011-06-20,2.8808873691718477e-08,2.6239963886714866e-08,2.623938518345679e-08
2011-06-21,1.3178425488300303e-08,8.87980841905433e-09,8.879762995879692e-09
2011-06-22,1.6081485158314107e-08,1.1474463518507382e-08,1.1474119218325463e-08
2011-06-23,4.5140071985297754e-08,4.0770299561380654e-08,4.07697591491896e-08
2011-06-24,2.0787606642687725e-08,2.2709928018641e-08,2.271156177652085e-08
2011-06-27,7.606008441475563e-08,8.016958955813964e-08,8.01650389711551e-08
2011-06-28,3.427802550381464e-08,3.08878252533144e-08,3.089037663178578e-08
2011-06-29,5.277008088310114e-08,4.940507014002409e-08,4.940332929764337e-08
2011-06-30,9.936980988200653e-08,1.0480637935342062e-07,1.0480963507986334e-07
2011-07-01,3.412728690966948e-08,3.107326823796917e-08,3.107637225311765e-08
2011-07-04,5.7367167101331707e-08,6.001899086139319e-08,6.002084627594329e-08
2011-07-05,1.2581459183587312e-07,1.3355265132769617e-07,1.3354417504017418e-07
2011-07-06,2.2777172216850653e-08,2.2194580977991556e-08,2.2197501094394196e-08
2011-07-07,6.365730204197839e-08,5.996989464489796e-08,5.997142160216794e-08
2011-07-08,7.958279903603493e-08,7.333418614576811e-08,7.333223898233947e-08
2011-07-11,2.3886446035894622e-08,2.3581754816547312e-08,2.3580830422226806e-08
2011-07-12,3.34221587145441e-08,3.303656582122444e-08,3.3035796156004894e-08
2011-07-13,2.83940778747512e-08,2.7453523901435265e-08,2.7452594707102526e-08
2011-07-14,2.1125609788167385e-08,2.0049306116071252e-08,2.0048445151923073e-08
2011-07-15,1.8897954262074135e-08,2.032313827575443e-08,2.032389885763237e-08
2011-07-18,7.081059471440615e-08,7.211238498103002e-08,7.211085581317943e-08
2011-07-19,4.210989156505639e-08,3.954547037465534e-08,3.954624738106419e-08
2011-07-20,3.0769022508748935e-08,3.3343168573284766e-08,3.334334894244449e-08
2011-07-21,1.4756314432798245e-08,1.3551922724735013e-08,1.3551533601859791e-08
2011-07-22,3.2421615398597344e-08,3.111550401466526e-08,3.111510591223395e-08
2011-07-25,1.5858259151848876e-08,1.371494387527299e-08,1.3714162858818145e-08
2011-07-26,3.2142732607679124e-08,2.9258076528152357e-08,2.9257747480529217e-08
2011-07-27,1.497777606866783e-08,1.1760379506196004e-08,1.175979076863214e-08
2011-07-28,7.4529378751823e-08,7.438256579642838e-08,7.438246919488552e-08
2011-07-29,2.2332646234209532e-08,1.8559472797714063e-08,1.855948124349859e-08
2011-08-01,9.093882420904906e-09,7.092127037093735e-09,7.092359115044038e-09
2011-08-02,1.832593772171781e-08,1.6541397884973356e-08,1.6541859886178507e-08
2011-08-03,8.613509780041094e-09,5.080163113066962e-09,5.080184140628481e-09
2011-08-04,2.855223361392053e-08,2.5919559433524232e-08,2.5919533225715162e-08
2011-08-05,2.1875767591387864e-08,2.039695177607267e-08,2.0397298193183955e-08
2011-08-08,1.5068450988655007e-08,1.1866115844977402e-08,1.1865791067161594e-08
2011-08-09,4.909647055941085e-08,4.4923413169360235e-08,4.4923815528869164e-08
2011-08-10,5.049333295436991e-07,5.207298934138271e-07,5.207250132267641e-07
2011-08-11,3.701648919918894e-08,3.2633632231294464e-08,3.264150020598237e-08
2011-08-12,3.245585625235261e-08,3.5998151359194586e-08,3.599725265847617e-08
2011-08-15,5.321807916480406e-08,4.428061159424007e-08,4.428273363132978e-08
2011-08-16,1.3687200671230536e-08,1.4751919639709981e-08,1.4752281432732795e-08
2011-08-17,1.3815614710253538e-08,1.3083403035884185e-08,1.3083639244871045e-08
2011-08-18,1.4632183779064996e-08,1.4964508989596435e-08,1.4964837912595335e-08
2011-08-19,6.488613402678321e-08,6.361246356237041e-08,6.361323194605306e-08
2011-08-22,9.78018729628455e-09,1.1252919978139136e-08,1.125428658317846e-08
2011-08-23,2.6320662528233396e-08,2.5426450810774646e-08,2.5426221719977624e-08
2011-08-24,3.959140303113955e-08,3.814478583886921e-08,3.8145125494573034e-08
2011-08-25,7.445456997705666e-08,6.591400358725277e-08,6.591669746526505e-08
2011-08-26,6.766780776647971e-08,6.820371258064096e-08,6.820245677738244e-08
2011-08-29,4.1661458623737776e-08,3.8799634679917594e-08,3.8798955577540294e-08
2011-08-30,1.6680245489002874e-08,1.9487476181071193e-08,1.9488077343723916e-08
2011-08-31,1.8819040659979512e-08,1.8331291714303663e-08,1.8331299670982496e-08
2011-09-01,1.4768935836163889e-07,1.436735931802976e-07,1.4367577361055092e-07
2011-09-02,4.698110592966293e-08,4.176464535197237e-08,4.176210722336679e-08
2011-09-05,2.204782417849948e-08,2.2014357498188353e-08,2.2014853906082296e-08
2011-09-06,1.4187669599182562e-08,1.3615030342428992e-08,1.361438568603513e-08
2011-09-07,1.1880783377460233e-07,1.2064130605325145e-07,1.2064202919289413e-07
2011-09-08,2.2905439161143343e-08,2.355098705844836e-08,2.355298063386101e-08
2011-09-09,7.465329226900488e-08,6.933868251323736e-08,6.933905054823074e-08
2011-09-12,1.1983563057040055e-08,1.2013700662579472e-08,1.201284298020543e-08
2011-09-13,2.3698211793884306e-08,2.3777093279984764e-08,2.3776665619037725e-08
2011-09-14,7.002387113624788e-08,6.876121290312686e-08,6.876017836841719e-08
2011-09-15,2.7853642882435885e-08,2.644749049476704e-08,2.6445678663653716e-08
2011-09-16,4.8384738343496274e-08,5.0154700108835884e-08,5.015428743002227e-08
2011-09-19,3.396060549985668e-07,3.4056449543044295e-07,3.405688665963686e-07
2011-09-20,3.336897206632668e-08,3.4931572795621595e-08,3.4931532378739765e-08
2011-09-21,3.6098935635182146e-08,3.6171165640785675e-08,3.6172119431214715e-08
2011-09-22,1.930343069426574e-08,1.8636963192693763e-08,1.8635878503348372e-08
2011-09-23,4.780363389819672e-08,4.9478402715335024e-08,4.947845349512403e-08
2011-09-26,2.1706844067632553e-07,2.1817480231716326e-07,2.1817868886308847e-07
2011-09-27,4.657592814428729e-08,4.8416550880723595e-08,4.842143816975115e-08
2011-09-28,1.753414593790952e-08,1.5281330542468512e-08,1.5281303113850314e-08
2011-09-29,2.8227438698466534e-08,2.8767074826219074e-08,2.876759426027821e-08
2011-09-30,2.637918602346141e-08,2.646612394398078e-08,2.6465046534202594e-08
2011-10-03,4.613957343348294e-08,4.361327352919341e-08,4.361440839220795e-08
2011-10-04,6.518965928306987e-08,6.079232422444367e-08,6.07915536980457e-08
2011-10-05,2.061779690818512e-08,1.8464946600925535e-08,1.846385404092476e-08
2011-10-06,2.0082252403514725e-08,1.878958914987945e-08,1.8790776557190774e-08
2011-10-07,5.115400604525239e-08,5.055692467249087e-08,5.0556202347472e-08
2011-10-10,2.7597096857813704e-08,2.7844331780185644e-08,2.784314801334673e-08
2011-10-11,1.9182409032863433e-08,1.7624610692099284e-08,1.762380638226198e-08
2011-10-12,5.35390328460967e-08,5.396991695414624e-08,5.3970715812971925e-08
2011-10-13,1.3391372962127425e-08,1.1227024877740475e-08,1.122778173802904e-08
2011-10-14,4.4246046886914904e-08,4.5625630763294326e-08,4.5625698017640656e-08
2011-10-17,2.787556977480998e-08,2.5102975682984098e-08,2.510401205161601e-08
2011-10-18,8.827506561749283e-08,9.246821796859236e-08,9.246814597604063e-08
2011-10-19,1.7901336651422396e-07,1.7165114245466123e-07,1.7164889922809875e-07
2011-10-20,1.635763615085651e-08,1.735122050049909e-08,1.735323853118055e-08
2011-10-21,4.658609354171951e-08,4.531907000323736e-08,4.531898135929015e-08
2011-10-24,2.9138854773969907e-08,2.8292915224032025e-08,2.829267795060393e-08
2011-10-25,3.401264063898e-08,3.4469448796002964e-08,3.4468318376430736e-08
2011-10-26,2.6583734732215725e-08,2.5984449794309815e-08,2.5983476208612583e-08
2011-10-27,2.7774481999502427e-08,2.740872564783086e-08,2.7410061730179096e-08
2011-10-28,1.814753568273276e-08,1.6483772753843455e-08,1.6484894486826523e-08
2011-10-31,1.3995823561272633e-08,1.2061274412243708e-08,1.2061086346986637e-08
2011-11-01,4.5024750399423244e-08,4.470955547618947e-08,4.4709864152903606e-08
2011-11-02,3.057277034436172e-08,2.7825026979005926e-08,2.7825651917068793e-08
2011-11-03,2.9646926334222946e-08,2.6665190750130643e-08,2.6665717144696846e-08
2011-11-04,6.136926184725621e-08,6.509637571797914e-08,6.509788583490845e-08
2011-11-07,4.156096849980991e-08,4.096051985816979e-08,4.095956415490526e-08
2011-11-08,7.003637534269267e-08,7.347481661994436e-08,7.347492281566706e-08
2011-11-09,1.357653132720407e-07,1.3373013327164826e-07,1.3372464775915233e-07
2011-11-10,1.9592876478462327e-07,1.872148251450568e-07,1.8721094767967503e-07
2011-11-11,2.8219681460081468e-08,2.275684702049802e-08,2.275591191571024e-08
2011-11-14,3.9751600110974256e-08,3.71200830163378e-08,3.7120178643929417e-08
2011-11-15,3.4876910419018245e-08,3.516353547153692e-08,3.5163246615532795e-08
2011-11-16,7.421328277446613e-08,7.096522351893831e-08,7.096432325888865e-08
2011-11-17,5.0542635247412194e-08,4.580812777052003e-08,4.5807861200617875e-08
2011-11-18,6.45226872252956e-08,6.544348610621169e-08,6.544382942208727e-08
2011-11-21,3.4988153665077433e-08,3.630541795445607e-08,3.63018150485718e-08
2011-11-22,2.3435316001211713e-08,2.2827289357840787e-08,2.2826377933800564e-08
2011-11-23,1.805598033631269e-08,1.9162747544487548e-08,1.916273782048652e-08
2011-11-24,4.875059425935049e-08,4.86411349514985e-08,4.864112244430514e-08
2011-11-25,4.7299162768361504e-08,4.427267646644268e-08,4.4272063140329124e-08
2011-11-28,7.494120003868264e-08,7.975257897203487e-08,7.975441436590888e-08
2011-11-29,1.2628065638410598e-07,1.2071258244190468e-07,1.2071379840029696e-07
2011-11-30,6.546851706097266e-08,6.580745720321369e-08,6.580524257813448e-08
2011-12-01,2.057411197423932e-07,1.9597715749461644e-07,1.9597691109740347e-07
2011-12-02,1.0264825173436784e-07,1.0082103629230812e-07,1.0081747498476477e-07
2011-12-05,1.2851137732620718e-07,1.2998384366582986e-07,1.299799751130254e-07
2011-12-06,4.120713572634102e-08,4.3178829365192783e-08,4.3174262395247196e-08
2011-12-07,1.9290411878659174e-08,2.0984010459743965e-08,2.0983195480219383e-08
2011-12-08,8.560546134894897e-08,8.644066055019315e-08,8.644181400117972e-08
2011-12-09,4.9360767546371035e-08,5.127062106243953e-08,5.12701681449121e-08
2011-12-12,7.37429207627882e-08,6.889491328276505e-08,6.889742538558678e-08
2011-12-13,4.1377256832186207e-07,3.888678918269301e-07,3.8886743485597944e-07
2011-12-14,5.2136947850826145e-08,5.541185865505539e-08,5.541600327241483e-08
2011-12-15,5.86092784098121e-08,6.002582690857402e-08,6.00260202995044e-08
2011-12-16,3.428683390806803e-08,3.2826133419227984e-08,3.28262480221437e-08
2011-12-19,4.4757047426751094e-08,4.4367224002160015e-08,4.436787933542042e-08
2011-12-20,4.258076296592845e-08,4.072505586044249e-08,4.0725063429190866e-08
2011-12-21,6.103857964734483e-08,6.294886954381796e-08,6.294905471062936e-08
2011-12-22,2.064028338335598e-07,2.0315702404712426e-07,2.031569517622808e-07
2011-12-23,1.7921095993023072e-08,2.1952299125803216e-08,2.1953259203474004e-08
2011-12-26,3.0087976876874285e-08,3.221968401258919e-08,3.22196808925995e-08
2011-12-27,4.831494825722665e-08,5.03855829713904e-08,5.038583874320081e-08
2011-12-28,7.159732092187716e-08,7.059949128337347e-08,7.060082968858662e-08
2011-12-29,4.8597372943738104e-08,5.0556147155454193e-08,5.055704092888895e-08
2011-12-30,2.1780146672079467e-08,2.3721604896613328e-08,2.372178755837847e-08
2012-01-02,2.4946384724305325e-08,2.5845747275553887e-08,2.5845063559217635e-08
2012-01-03,5.4128765909476794e-08,5.147573060940066e-08,5.147488016937923e-08
2012-01-04,4.316657057843933e-08,4.442362293645791e-08,4.4424558275421366e-08
2012-01-05,2.944856280053823e-08,2.8358188919711562e-08,2.8358106218107744e-08
2012-01-06,6.972381883054229e-08,7.017624096066912e-08,7.017643062996564e-08
2012-01-09,1.7487466159530674e-08,1.631867363395153e-08,1.6318307493638344e-08
2012-01-10,1.243870694186602e-07,1.2433388403956648e-07,1.2433418039613248e-07
2012-01-11,6.758893762969747e-08,6.35485418355691e-08,6.354402992585295e-08
2012-01-12,5.913670442294808e-08,6.180219897711584e-08,6.180520216909513e-08
2012-01-13,4.4776210451639394e-08,4.24516044149605e-08,4.245194723369935e-08
2012-01-16,2.3799919046886336e-08,2.5075201648927478e-08,2.507639485785381e-08
2012-01-17,6.455517461251244e-08,5.6621264423782024e-08,5.662183382329559e-08
2012-01-18,4.9540893213037285e-08,4.9192731237782304e-08,4.9193953071509776e-08
2012-01-19,8.904257084042647e-08,8.230933380929439e-08,8.231158392563784e-08
2012-01-20,5.241665939505376e-08,5.3221819327773974e-08,5.3221763050047344e-08
2012-01-23,1.8985503557151012e-07,1.8098245654542666e-07,1.809871482132275e-07
2012-01-24,4.312043026751564e-08,4.4582785357497294e-08,4.4587090924943934e-08
2012-01-25,2.6096868329531775e-08,2.7745648735491913e-08,2.774478143467167e-08
2012-01-26,2.8190128567718728e-08,2.843543408712519e-08,2.8434102439885747e-08
2012-01-27,3.983802838187648e-08,3.498440858979798e-08,3.498446046316015e-08
2012-01-30,4.4089244431351254e-08,4.0055143217123284e-08,4.005588739772472e-08
2012-01-31,2.233514686433227e-08,2.2811916896883618e-08,2.2812151066844695e-08
2012-02-01,4.692332238040863e-08,4.659338655270675e-08,4.6593054631621176e-08
2012-02-02,1.909861493147998e-07,1.8101494450633292e-07,1.810153051146648e-07
2012-02-03,3.5218427219274925e-08,3.6671454499520234e-08,3.667155066354415e-08
2012-02-06,2.0622963938493646e-08,2.0648499917745227e-08,2.0647658821615815e-08
2012-02-07,4.806193497070447e-08,4.1276469006633663e-08,4.127593107815357e-08
2012-02-08,4.3828051681656276e-08,3.7035738374424447e-08,3.7034450305539895e-08
2012-02-09,3.368580334842246e-08,3.2793444792137394e-08,3.2793085891117404e-08
2012-02-10,1.5581118349016445e-08,1.2281062921358706e-08,1.2280353090677823e-08
2012-02-13,1.4637928550202558e-08,1.5069807248545344e-08,1.5069631996430018e-08
2012-02-14,7.840312157425633e-08,7.154662566611141e-08,7.154708621678108e-08
2012-02-15,1.6148775068381345e-07,1.5013444632021672e-07,1.5013467848947907e-07
2012-02-16,2.1045390046160426e-08,2.0256436579113703e-08,2.0260073148455912e-08
2012-02-17,3.481369205972917e-08,2.884166251356525e-08,2.884160956073129e-08
2012-02-20,4.53714262658737e-08,4.575903650714696e-08,4.575870413698509e-08
2012-02-21,1.9662142012795227e-08,1.768267595545601e-08,1.7681641160742852e-08
2012-02-22,2.2602223117302768e-08,2.1707272027897918e-08,2.1706720216458635e-08
2012-02-23,1.697042683352598e-08,1.532032121586431e-08,1.5319179168842327e-08
2012-02-24,1.3534030537470405e-08,1.0807699392805651e-08,1.080719825762072e-08
2012-02-27,5.976645576283471e-08,6.229512564901867e-08,6.22954930896081e-08
2012-02-28,2.860065166686051e-08,2.2425910367223964e-08,2.242533490606931e-08
2012-02-29,3.7802385695331395e-08,3.059351229520663e-08,3.059371569673276e-08
2012-03-01,4.5793721204152126e-08,4.7897755347872376e-08,4.789752265997162e-08
2012-03-02,6.029747136136185e-08,5.490334945444849e-08,5.490378121910825e-08
2012-03-05,5.4386566508715226e-08,5.308094497135587e-08,5.3080137160419454e-08
2012-03-06,2.682862110262243e-08,2.5385338981930267e-08,2.53843422278157e-08
2012-03-07,1.2659932042056396e-07,1.2201159717404146e-07,1.2200894839823118e-07
2012-03-08,6.994679780886531e-08,6.442589343995584e-08,6.442391485737807e-08
2012-03-09,1.598768400166579e-08,1.5254172139039043e-08,1.525401095287091e-08
2012-03-12,1.2059801153340512e-07,1.1114494000580092e-07,1.1114589772679247e-07
2012-03-13,2.775979730056985e-08,3.0581584311160784e-08,3.0583219579297966e-08
2012-03-14,3.0075586902936094e-08,2.8516057606499347e-08,2.851556858551625e-08
2012-03-15,3.7900843574110504e-08,3.634565496562952e-08,3.634542052424369e-08
2012-03-16,9.263814778993409e-08,8.983143456304495e-08,8.983549891901814e-08
2012-03-19,5.7901741548331435e-08,5.4507626892433616e-08,5.4504684546671004e-08
2012-03-20,1.0114184486902232e-07,9.094508864539869e-08,9.094598609806048e-08
2012-03-21,1.92631183242791e-08,2.06114557734566e-08,2.061301435333139e-08
2012-03-22,1.6070635788930678e-07,1.567854651344694e-07,1.5678632195118625e-07
2012-03-23,1.8247906330355213e-08,1.7736040655095613e-08,1.7734804487079113e-08
2012-03-26,2.3632588359329083e-08,2.650328008494953e-08,2.6504192811453254e-08
2012-03-27,3.17415823323875e-07,3.0256264169650373e-07,3.025636933367723e-07
2012-03-28,1.1081059726869156e-07,1.0528352759770865e-07,1.0527386930585106e-07
2012-03-29,6.774808007549405e-08,6.857088157627772e-08,6.85674778219459e-08
2012-03-30,6.715558898069014e-08,6.150684820028838e-08,6.150785356050675e-08
2012-04-02,1.9721480896825212e-07,1.7198157519834476e-07,1.7198216617712666e-07
2012-04-03,2.813651305722874e-08,3.5844886946711405e-08,3.5850272204036784e-08
2012-04-04,1.041845220136697e-07,1.006099078323826e-07,1.0061007313140931e-07
2012-04-05,4.75560442213331e-08,4.9811155349573265e-08,4.9811688046370464e-08
2012-04-06,4.338646541844768e-08,4.5035697897038464e-08,4.503639903889491e-08
2012-04-09,1.0358996055346665e-06,9.769783563220315e-07,9.769751704278692e-07
2012-04-10,2.3620366784379743e-08,3.9539384770943605e-08,3.955504108809133e-08
2012-04-11,4.625019411146426e-08,5.5424355727222365e-08,5.542253500294785e-08
2012-04-12,5.1895985288755526e-08,5.912164932690554e-08,5.912031819379303e-08
2012-04-13,1.3189384790254953e-07,1.2523808504471044e-07,1.2523855732143617e-07
2012-04-16,3.57128284928391e-08,3.4780231166425684e-08,3.4782357188105574e-08
2012-04-17,9.359755644127468e-08,9.844084727681055e-08,9.844236326372372e-08
2012-04-18,4.0169065537389245e-08,4.3015828809469337e-08,4.301021685788557e-08
2012-04-19,3.354843765724195e-08,3.010245205193498e-08,3.0101602933401885e-08
2012-04-20,1.5577257814165872e-07,1.318657211095975e-07,1.3186590711271134e-07
2012-04-23,2.767315054385608e-08,3.2260072739572923e-08,3.226384859434104e-08
2012-04-24,1.0713099551413801e-08,1.3095923893933629e-08,1.3095237752408804e-08
2012-04-25,7.618614535935438e-08,7.67792821322828e-08,7.677949992012353e-08
2012-04-26,3.462150162721507e-08,3.665345509072862e-08,3.665090420174577e-08
2012-04-27,5.43448323578349e-08,4.649484452248499e-08,4.649522672225815e-08
2012-04-30,5.4288583452572007e-08,4.9341560484266674e-08,4.934037779260264e-08
2012-05-01,2.0098865495450912e-08,2.108385935216255e-08,2.1084283273120076e-08
2012-05-02,3.813856480487736e-08,3.658913591030376e-08,3.6588749921423815e-08
2012-05-03,2.0422380699076724e-08,2.1218486660724703e-08,2.1217403187293424e-08
2012-05-04,1.8381669329058995e-08,1.7085294660595385e-08,1.7085442723602107e-08
2012-05-07,1.967133367716527e-08,1.854145397449374e-08,1.8542059140477788e-08
2012-05-08,1.519700131585401e-07,1.547914922374269e-07,1.5479288374672794e-07
2012-05-09,1.1448413195221411e-08,1.1559153904917414e-08,1.1562406839049109e-08
2012-05-10,1.3329818399938125e-08,1.1725044775913741e-08,1.17248939225243e-08
2012-05-11,2.9519105118357566e-08,2.7266780023224265e-08,2.7266645713361356e-08
2012-05-14,6.426014346184019e-08,6.471588029211323e-08,6.471299913474242e-08
2012-05-15,7.667281862818441e-08,7.395156098062884e-08,7.395253138823233e-08
2012-05-16,1.1486329835623468e-08,9.447861428333302e-09,9.4461380125487e-09
2012-05-17,3.615915878883347e-08,3.255767767146705e-08,3.255802827018108e-08
2012-05-18,3.2380368992249415e-08,2.8034993112836336e-08,2.8033650779639346e-08
2012-05-21,3.757986515959326e-08,3.379156937150953e-08,3.379103740693175e-08
2012-05-22,7.114822179601786e-08,6.64726335810952e-08,6.647247486926895e-08
2012-05-23,4.8000688872858056e-08,4.564902362790566e-08,4.564791720315288e-08
2012-05-24,2.5488529503838933e-08,2.395794666725962e-08,2.395812548070318e-08
2012-05-25,1.7561228839983655e-08,1.4417697806446497e-08,1.4417879092148306e-08
2012-05-28,3.957194018684817e-08,3.6582601480383175e-08,3.6583218048224816e-08
2012-05-29,8.329500667276694e-08,8.392813274590566e-08,8.39278315414254e-08
2012-05-30,6.679647498594532e-08,6.719251992527162e-08,6.719403602186042e-08
2012-05-31,6.404693051272671e-08,5.639563560576856e-08,5.639765249940494e-08
2012-06-01,2.5884169621490063e-08,2.3878433429525245e-08,2.3879416050624302e-08
2012-06-04,1.0817110824049572e-08,7.878786386794181e-09,7.87850363206638e-09
2012-06-05,2.2807926906803018e-08,2.066725666025774e-08,2.0667274826322886e-08
2012-06-06,4.727774575829086e-08,3.947772827462781e-08,3.947737378005171e-08
2012-06-07,2.5064537194276272e-08,2.4382420051998222e-08,2.438182041326155e-08
2012-06-08,2.3328978347943e-08,2.0954389275320577e-08,2.0953819989025092e-08
2012-06-11,2.4117412472379302e-08,2.0660678872842275e-08,2.0660114389968272e-08
2012-06-12,4.758051828381974e-08,4.5877062002137753e-08,4.58776915946397e-08
2012-06-13,1.5267208315456537e-08,1.242942464682304e-08,1.243005716975982e-08
2012-06-14,1.5900065902026794e-08,1.2691722738141763e-08,1.2691684643045421e-08
2012-06-15,2.5113016703785078e-08,1.903762731370666e-08,1.903726827223929e-08
2012-06-18,1.3449724332263726e-08,1.144528277953789e-08,1.1444632122120506e-08
2012-06-19,1.8463266666864695e-07,2.0172503092490647e-07,2.0172440712506598e-07
2012-06-20,1.227102409796895e-08,9.602038120794999e-09,9.60559804735421e-09
2012-06-21,2.4774852036912664e-08,2.0770267102343215e-08,2.077007031378428e-08
2012-06-22,3.283304839189518e-08,3.0546705437321096e-08,3.0546992334202547e-08
2012-06-25,1.612680434978085e-08,1.3131111578378805e-08,1.313169744013249e-08
2012-06-26,4.6249832742945453e-07,4.7563905284075383e-07,4.756415395917565e-07
2012-06-27,4.453316363545286e-08,4.5007318818987504e-08,4.499691804739065e-08
2012-06-28,3.571032041846774e-08,3.5975787485506705e-08,3.5977520639087125e-08
2012-06-29,8.950773244488851e-08,8.94981837026326e-08,8.949493407397752e-08
2012-07-02,2.70003667579635e-08,2.5127309864235114e-08,2.5124789772016424e-08
2012-07-03,1.5613520996317302e-08,1.248375003822645e-08,1.248305874399036e-08
2012-07-04,1.952187919666281e-07,2.029042586826994e-07,2.0290452430331363e-07
2012-07-05,1.199043452133719e-07,1.1213425409115262e-07,1.1212752155936889e-07
2012-07-06,3.879620698727974e-08,4.164246444536888e-08,4.164362602944016e-08
2012-07-09,2.9919233488921734e-08,3.249002763840998e-08,3.2490334787573725e-08
2012-07-10,2.7140511077038365e-08,2.9471523672103115e-08,2.9471765210154974e-08
2012-07-11,3.876444012262104e-08,3.693930044029899e-08,3.6939552194238745e-08
2012-07-12,1.3216455875658108e-07,1.2543382809892481e-07,1.254359979446032e-07
2012-07-13,1.494219571953016e-07,1.403535838391574e-07,1.4035063852759543e-07
2012-07-16,2.9186361405470963e-08,3.347892848319173e-08,3.348361957667055e-08
2012-07-17,3.5611382195127476e-08,3.3747519050938696e-08,3.374792766108394e-08
2012-07-18,2.2635702743341794e-08,2.6025031939889907e-08,2.60250882056079e-08
2012-07-19,6.366373388262264e-08,6.27238987272037e-08,6.272429628978212e-08
2012-07-20,2.9145173354665522e-08,3.0467221241503385e-08,3.046656547208282e-08
2012-07-23,2.8183206569865726e-08,2.9561768011080957e-08,2.956112710465262e-08
2012-07-24,2.8972723159071466e-08,2.796319446504393e-08,2.7963049495636435e-08
2012-07-25,2.0567043231382222e-08,1.9783805525588845e-08,1.9783823670546463e-08
2012-07-26,2.0807132349726862e-08,1.9590475213739326e-08,1.9590289588067782e-08
2012-07-27,5.276697263754852e-08,5.243994889706787e-08,5.2439722022638156e-08
2012-07-30,2.1350528194489762e-08,2.0301573842836036e-08,2.0300701229309046e-08
2012-07-31,1.5217438445808565e-08,1.5417441585474907e-08,1.541744302516748e-08
2012-08-01,2.1373656149915914e-08,1.8758130773066153e-08,1.8758014480571554e-08
2012-08-02,1.382454149723167e-08,1.4738516202467066e-08,1.473812556003716e-08
2012-08-03,1.6086048329827524e-08,1.3076677656154106e-08,1.3076587521187763e-08
2012-08-06,2.514095605514877e-08,2.2629357732325944e-08,2.262934390854468e-08
2012-08-07,2.002623737745869e-08,1.83596664730408e-08,1.8360360598804035e-08
2012-08-08,1.5775768526476307e-08,1.4705568220108164e-08,1.4704849520891373e-08
2012-08-09,1.1961772991580408e-08,1.0952344214502322e-08,1.0952816703936629e-08
2012-08-10,4.173791746002862e-08,3.841045209469343e-08,3.841064840395981e-08
2012-08-13,9.201664836388452e-08,9.857739014010852e-08,9.857753111597836e-08
2012-08-14,4.4147426253815595e-08,4.303123056361743e-08,4.302935305634512e-08
2012-08-15,2.9050206776318244e-08,2.65839955553851e-08,2.6584378722659397e-08
2012-08-16,2.3869746733494063e-08,2.1623894436608875e-08,2.1623314357238196e-08
2012-08-17,3.0053907679204935e-08,2.738768832123579e-08,2.7386831319373337e-08
2012-08-20,3.0126220319911095e-08,2.7860252443669836e-08,2.7859569840001685e-08
2012-08-21,1.4310662120073666e-08,1.1295654548229245e-08,1.129472714045375e-08
2012-08-22,1.194442096436017e-08,1.0696563513742285e-08,1.0696524881381254e-08
2012-08-23,1.7091782196322456e-08,1.606799217215321e-08,1.6067999555873933e-08
2012-08-24,4.0204554266439195e-08,3.5975665133574065e-08,3.597573909240662e-08
2012-08-27,2.3525566157457766e-08,1.948433696858617e-08,1.948472132693954e-08
2012-08-28,1.2405539169021093e-08,9.100306175150194e-09,9.100047526928182e-09
2012-08-29,2.5085695873306386e-08,2.021925941690661e-08,2.021890709261624e-08
2012-08-30,1.3675508814044862e-08,9.807300997636417e-09,9.806670212578752e-09
2012-08-31,1.7543786364667433e-08,1.2586788281260793e-08,1.258640475678815e-08
2012-09-03,1.7565781442912456e-08,1.5916019843113585e-08,1.5915642907383125e-08
2012-09-04,1.000562349551091e-08,7.810890471430119e-09,7.810849169951483e-09
2012-09-05,4.128741087855315e-08,4.666996224214597e-08,4.667020785435109e-08
2012-09-06,5.1849543734154525e-08,5.52330496028114e-08,5.523335995046506e-08
2012-09-07,1.8338393939363785e-08,1.5917703347358648e-08,1.5918058706117733e-08
2012-09-10,2.584639200405366e-08,2.299057067019959e-08,2.299004203675627e-08
2012-09-11,1.257019727622093e-08,8.615701319475281e-09,8.61492036332892e-09
2012-09-12,1.8294784507761904e-08,1.4164250348575418e-08,1.4164074076745707e-08
2012-09-13,2.3006266016168846e-08,1.9987211463241184e-08,1.9986748886885005e-08
2012-09-14,4.701609619912887e-08,4.60465904432572e-08,4.604775504086804e-08
2012-09-17,1.1753231130086505e-08,9.395008061864547e-09,9.395534427157925e-09
2012-09-18,2.0497617344787606e-08,1.695501765828652e-08,1.6955003142941336e-08
2012-09-19,1.8628346014968254e-08,1.646404823560698e-08,1.646385910247263e-08
2012-09-20,3.495131492838085e-08,3.5967911063592325e-08,3.596733584793176e-08
2012-09-21,2.7699442009515218e-08,2.4723429093228824e-08,2.4723238504675063e-08
2012-09-24,1.7410732411425975e-08,1.69193551285188e-08,1.691963861982541e-08
2012-09-25,1.4014434804864282e-08,9.922548590971255e-09,9.922959119857403e-09
2012-09-26,1.0471423491519664e-08,5.418962047835144e-09,5.418757862800396e-09
2012-09-27,2.4832236160881957e-08,2.631659014885243e-08,2.6316748546036877e-08
2012-09-28,2.0356160172527494e-08,1.623031381973269e-08,1.6231079252822222e-08
2012-10-01,1.8285100200230214e-08,1.3690065977801462e-08,1.3690048981166052e-08
2012-10-02,1.145393648011675e-08,7.14882052814668e-09,7.148629421991402e-09
2012-10-03,8.862900012809533e-08,9.5138471579128e-08,9.513877880566864e-08
2012-10-04,1.17146443863253e-08,7.4273034535753724e-09,7.428251015329975e-09
2012-10-05,1.5344525240065638e-08,1.1962652443367922e-08,1.1962507451868704e-08
2012-10-08,2.639395584311021e-08,2.51635140390552e-08,2.5163708128759724e-08
2012-10-09,1.616472877328555e-08,1.1888886447312097e-08,1.188815615264414e-08
2012-10-10,1.5552325876534476e-08,1.4668035047075521e-08,1.4667912744845236e-08
2012-10-11,1.2522945831373265e-07,1.3792283801989223e-07,1.3792270363747945e-07
2012-10-12,2.251931027337666e-08,2.1208564357981556e-08,2.120893986031329e-08
2012-10-15,6.853818370378175e-08,7.467060687224408e-08,7.466989955356041e-08
2012-10-16,3.585236256986524e-08,3.483134436871771e-08,3.4828923603670726e-08
2012-10-17,1.9996949712924256e-08,1.7452698237580037e-08,1.7453048209542216e-08
2012-10-18,1.4438543221036759e-08,1.2149118957874022e-08,1.2148245539002244e-08
2012-10-19,2.454658143059377e-08,2.352847015133775e-08,2.3528485810258165e-08
2012-10-22,1.4254770475591747e-08,1.1344197117021693e-08,1.1343999508791226e-08
2012-10-23,2.0829808652062467e-08,1.7956940107188106e-08,1.7956568061236943e-08
2012-10-24,3.009472340463126e-08,2.728295131704351e-08,2.7282590656426412e-08
2012-10-25,1.6573186605129515e-08,1.470935517622681e-08,1.4708978821016712e-08
2012-10-26,1.7815488668087802e-08,1.6323411436950435e-08,1.632352094314701e-08
2012-10-29,1.6645852836798412e-08,1.2356648258288603e-08,1.2356727560786691e-08
2012-10-30,2.0784189171541407e-08,1.641056376781764e-08,1.640985191233196e-08
2012-10-31,1.5541194093403884e-08,1.1848296751458201e-08,1.18477984688325e-08
2012-11-01,3.531252734611459e-08,3.182317535815637e-08,3.1823102424611905e-08
2012-11-02,3.840987219227136e-08,4.3789339360270636e-08,4.3791231529422726e-08
2012-11-05,2.6191305871505305e-08,2.2820957064592856e-08,2.2820845151042574e-08
2012-11-06,1.0538571193550663e-08,5.675825487136782e-09,5.6756730111197284e-09
2012-11-07,2.4527786079741317e-08,2.6260217892753312e-08,2.6260258540077807e-08
2012-11-08,2.868976032641125e-08,2.619326434689522e-08,2.6194060722509633e-08
2012-11-09,4.861153961182947e-08,5.512646218047532e-08,5.5128633106614795e-08
2012-11-12,1.9079844028011822e-08,1.6623379026941148e-08,1.66244855900419e-08
2012-11-13,8.675017614405061e-09,6.242228094325353e-09,6.2419291114707976e-09
2012-11-14,2.5522800993701694e-08,2.1022923101522723e-08,2.102315345524758e-08
2012-11-15,2.3299089367383528e-07,2.493978376463272e-07,2.494006674180198e-07
2012-11-16,1.6088217310252748e-08,1.37923111986675e-08,1.3794628274884348e-08
2012-11-19,3.009822734776512e-08,3.076389972214491e-08,3.07639120795704e-08
2012-11-20,3.418013158987598e-08,3.4033688776914315e-08,3.403354010243167e-08
2012-11-21,1.3762875697141977e-08,1.083642184581556e-08,1.0835882541760075e-08
2012-11-22,1.3279460338867105e-08,9.643707533692777e-09,9.643755384182143e-09
2012-11-23,2.7024993752332973e-08,2.4292528736827383e-08,2.429243757366533e-08
2012-11-26,1.3693693135759913e-08,9.872408311934453e-09,9.871101285986734e-09
2012-11-27,1.6935338347206453e-08,1.4051996302578487e-08,1.4051781679940963e-08
2012-11-28,1.6572018604148377e-08,1.2134522668661089e-08,1.2134331765191518e-08
2012-11-29,6.381472225392419e-08,7.080793308285221e-08,7.080856674482194e-08
2012-11-30,2.9526207005560403e-08,2.595029251602019e-08,2.5950939900215194e-08
2012-12-03,1.3218261778538586e-08,9.41811317674583e-09,9.417791187337742e-09
2012-12-04,1.0423436216749178e-08,7.832247799277211e-09,7.832211853713643e-09
2012-12-05,2.1382457336398774e-08,2.2316627039166493e-08,2.231675270275919e-08
2012-12-06,3.083094074347825e-08,2.717450569580855e-08,2.717549105299634e-08
2012-12-07,3.5348918742632e-08,4.022386463143348e-08,4.0225182143507084e-08
2012-12-10,2.2083072710194735e-08,1.9675321818992533e-08,1.9676081374639294e-08
2012-12-11,1.8885415937221912e-08,1.540421431706331e-08,1.5404168321856172e-08
2012-12-12,3.2072613837054334e-08,3.2162092023930815e-08,3.2162185361294614e-08
2012-12-13,5.591002098619892e-08,5.8890910742245455e-08,5.888862038541692e-08
2012-12-14,1.4448943578649937e-08,1.238509033157204e-08,1.2386551392878676e-08
2012-12-17,3.02907379484683e-08,2.7799459692121815e-08,2.779940057093039e-08
2012-12-18,2.2823840116757604e-08,1.9768014028834848e-08,1.9766539252950885e-08
2012-12-19,3.416910322926443e-08,3.3785540949169776e-08,3.378518022163905e-08
2012-12-20,4.0214539024976575e-08,4.073865597930011e-08,4.073865218492003e-08
2012-12-21,2.2826425479022637e-08,1.9251422053943062e-08,1.925184983265087e-08
2012-12-24,1.4730561923501628e-08,1.4028172987220682e-08,1.4028001519896945e-08
2012-12-25,3.721322916826694e-08,3.52342430662154e-08,3.5234179386320045e-08
2012-12-26,1.5300284847469324e-08,1.5511247756634076e-08,1.551109670520085e-08
2012-12-27,2.1664002300647913e-07,2.3111206251193237e-07,2.3111174596939984e-07
2012-12-28,2.491575465108337e-07,2.4986887042624173e-07,2.498585245705917e-07
2012-12-31,2.9676759911676557e-08,3.2713092043788936e-08,3.271353174066883e-08
2013-01-01,2.9724830147356706e-08,3.306439603174819e-08,3.306427272029037e-08
2013-01-02,1.4323392739264868e-07,1.4564849135076298e-07,1.4564925701486102e-07
2013-01-03,2.8525815402434307e-08,2.9480793520365646e-08,2.9481654867679628e-08
2013-01-04,2.380003092183956e-08,2.51753959180077e-08,2.51760916708383e-08
2013-01-07,2.717757717291232e-08,2.722391049136578e-08,2.722307644114238e-08
2013-01-08,4.669156149732498e-08,4.6264375974094137e-08,4.6265663060005045e-08
2013-01-09,3.422018116521716e-08,3.410324987361572e-08,3.410357301999907e-08
2013-01-10,1.13201958674449e-07,1.1078882642363046e-07,1.1078959975257812e-07
2013-01-11,1.4681098117063017e-07,1.472913503355014e-07,1.4728960314872607e-07
2013-01-14,2.0548725050779476e-08,2.325806870867794e-08,2.325966810670522e-08
2013-01-15,1.6175462806500243e-08,1.79967291996142e-08,1.7996216980659605e-08
2013-01-16,6.68398596616052e-08,6.876719517263318e-08,6.876630767373535e-08
2013-01-17,1.5942668711822837e-07,1.6107820107272376e-07,1.6107995109002016e-07
2013-01-18,3.8746542693949704e-08,3.5946831063911144e-08,3.594703772656848e-08
2013-01-21,6.534038604510202e-08,6.024719094302449e-08,6.024898368003956e-08
2013-01-22,7.4955766449202e-08,6.958157862389311e-08,6.958035158810906e-08
2013-01-23,2.8446636953252457e-08,3.1281757904254106e-08,3.128372490661618e-08
2013-01-24,1.5055591826086886e-08,1.5321494870514948e-08,1.5321265313137295e-08
2013-01-25,5.8687401679244535e-08,5.674709479756675e-08,5.6746595172679616e-08
2013-01-28,2.886193673743193e-08,3.050148583719869e-08,3.0501099120240626e-08
2013-01-29,2.192865998974448e-08,2.412176843830736e-08,2.412127183002685e-08
2013-01-30,4.672602713497582e-08,4.4129936801948386e-08,4.412965682967582e-08
2013-01-31,4.6735110458422413e-08,4.991782284144647e-08,4.9918744877704364e-08
2013-02-01,4.439610142193186e-08,4.7152291931726515e-08,4.715136595608405e-08
2013-02-04,1.443609265584962e-08,1.5367169261958854e-08,1.5366868444497945e-08
2013-02-05,4.040487805923553e-08,4.0175997102785513e-08,4.0176070715695e-08
2013-02-06,1.4679844656677944e-07,1.44805991677032e-07,1.4480450933427774e-07
2013-02-07,9.16353860301673e-08,8.736076013731577e-08,8.735213555721758e-08
2013-02-08,4.251575272156853e-08,4.184231978298386e-08,4.1843462933497516e-08
2013-02-11,7.093433068685127e-08,6.91222320752272e-08,6.912282860693757e-08
2013-02-12,2.4273653914641868e-08,2.700650583826008e-08,2.7007764518807346e-08
2013-02-13,7.730183123583232e-08,7.673354053622641e-08,7.673082782268763e-08
2013-02-14,3.921986298961261e-08,3.731810835305467e-08,3.731651344622556e-08
2013-02-15,1.632253587575927e-08,1.8574617102153444e-08,1.8574122415011873e-08
2013-02-18,2.815399450716419e-08,2.8547956785902342e-08,2.8547423879662486e-08
2013-02-19,3.233542398272878e-08,3.1683632412153536e-08,3.168219513850504e-08
2013-02-20,3.990706638171933e-08,3.581150547648054e-08,3.581135370032453e-08
2013-02-21,2.4349652516208763e-08,2.1938008795007135e-08,2.1938624711180368e-08
2013-02-22,2.447849034488232e-08,2.380910319323338e-08,2.380915663260784e-08
2013-02-25,5.56296252675681e-08,5.1117224772543995e-08,5.111798162963654e-08
2013-02-26,2.5504563555679437e-08,2.5480711283701866e-08,2.5479757688481607e-08
2013-02-27,2.4365544789190528e-08,2.529455694730478e-08,2.529410342884101e-08
2013-02-28,2.2090312011975568e-08,2.0823100493089982e-08,2.0822355060205567e-08
2013-03-01,1.7547586668893104e-08,1.5860650095498726e-08,1.5860115390301722e-08
2013-03-04,1.531084245251814e-08,1.3661389396224543e-08,1.3660854540667813e-08
2013-03-05,1.2573385419225148e-08,1.0029545541792422e-08,1.0029155186436713e-08
2013-03-06,1.278613615960179e-08,9.233265467517429e-09,9.23289721633326e-09
2013-03-07,1.598936373145985e-08,1.9396434944587356e-08,1.9396895053685975e-08
2013-03-08,3.573264400235107e-08,4.006745282017509e-08,4.0066428157914053e-08
2013-03-11,9.019595377270816e-08,8.999772078810318e-08,8.999437568339398e-08
2013-03-12,1.4520096521511107e-07,1.476228716703729e-07,1.4762348970367278e-07
2013-03-13,5.433696115517334e-08,5.4733899648921486e-08,5.47366761486022e-08
2013-03-14,2.8488985574081764e-08,2.5002615039618787e-08,2.50042262276006e-08
2013-03-15,1.3615491988529342e-08,1.1572307233411924e-08,1.1571651986123115e-08
2013-03-18,4.164002465303587e-08,3.782130785922534e-08,3.7820307323720235e-08
2013-03-19,2.4659262136767704e-08,2.3006708880620257e-08,2.3007292716134457e-08
2013-03-20,3.4298149280818724e-08,3.295971637638495e-08,3.2960488049720465e-08
2013-03-21,5.039516161377011e-08,4.981188422125789e-08,4.981302319506972e-08
2013-03-22,1.2970658301538805e-07,1.2606309230479443e-07,1.2606727204518812e-07
2013-03-25,3.461843707074794e-08,3.530453620025025e-08,3.530554220883329e-08
2013-03-26,2.0633098602674548e-08,2.118469498193738e-08,2.1184196846042087e-08
2013-03-27,7.971622390314463e-08,8.252183167432599e-08,8.252331604925913e-08
2013-03-28,2.0174099873456608e-08,2.0734455258578302e-08,2.073685184782354e-08
2013-03-29,3.804949957489622e-08,3.9177887540733593e-08,3.917825676464631e-08
2013-04-01,2.3512010797927875e-08,2.3270291130954665e-08,2.3269919401777045e-08
2013-04-02,7.792402262694921e-08,8.00937540226998e-08,8.009208662169203e-08
2013-04-03,3.249663638186268e-07,3.2917674344922517e-07,3.2917335303368196e-07
2013-04-04,1.9743740589420325e-08,2.1000949754892545e-08,2.1003584456295643e-08
2013-04-05,3.68181706921931e-08,3.738712617654412e-08,3.738650974041434e-08
2013-04-08,4.33030897928231e-08,4.382888121992547e-08,4.382883602620515e-08
2013-04-09,5.774122002888367e-08,5.809880028502774e-08,5.809845563189382e-08
2013-04-10,1.549613696282456e-08,1.5715469607662872e-08,1.5714065492815963e-08
2013-04-11,3.500546999744129e-08,3.415807663273962e-08,3.4157343954103814e-08
2013-04-12,1.5494070700044807e-08,1.4219195084238015e-08,1.421873048325773e-08
2013-04-15,6.914445337316791e-08,6.843758380213365e-08,6.843786372257449e-08
2013-04-16,2.1656343802929843e-08,2.1318597726043474e-08,2.1318902125011818e-08
2013-04-17,6.42825379469988e-08,7.026454218418516e-08,7.026453675873458e-08
2013-04-18,2.4535817611674192e-08,2.3845486052539897e-08,2.3847659132935306e-08
2013-04-19,1.697609140771893e-08,1.688294683087137e-08,1.688254191482615e-08
2013-04-22,3.021560073456479e-08,2.9179836111702627e-08,2.9179494280633935e-08
2013-04-23,7.94195299749237e-08,7.878248894374104e-08,7.878278112883653e-08
2013-04-24,3.658168479614852e-08,3.709457643135856e-08,3.7095320502921146e-08
2013-04-25,5.197781158506429e-08,5.128974289178771e-08,5.129048799742238e-08
2013-04-26,2.0709275684886117e-08,2.048428443104591e-08,2.0485057339717174e-08
2013-04-29,1.679100841767337e-08,1.5339150807167508e-08,1.533843506966644e-08
2013-04-30,1.457052473587577e-08,1.3058903417235367e-08,1.3058510410660092e-08
2013-05-01,3.5144813409299e-08,3.3745434186413696e-08,3.374611647222988e-08
2013-05-02,5.8928655902440724e-08,5.8291127140018874e-08,5.829153909568737e-08
2013-05-03,1.8102460966099323e-08,1.9097215643731896e-08,1.909669901921166e-08
2013-05-06,1.3906176178258011e-08,1.2176032975241123e-08,1.2176058262040408e-08
2013-05-07,2.5026828371609627e-08,2.561946466552406e-08,2.561990994627878e-08
2013-05-08,7.631008923730472e-08,7.389068997001555e-08,7.388967206925088e-08
2013-05-09,3.6045779377554763e-07,3.673684718453728e-07,3.67364506681354e-07
2013-05-10,2.2543983845744036e-08,2.19541506101455e-08,2.1958747283131275e-08
2013-05-13,4.275664967497712e-08,4.0818301048694384e-08,4.08183386803419e-08
2013-05-14,7.6763504431729e-08,7.500083839601597e-08,7.500050920664423e-08
2013-05-15,8.814710593107665e-08,8.7701456958882e-08,8.770020824803897e-08
2013-05-16,4.6579882185328254e-08,4.694173546750787e-08,4.694311057431541e-08
2013-05-17,1.8064967996812688e-08,1.7850008513467124e-08,1.7849638540598845e-08
2013-05-20,6.725252167795758e-08,6.703002849404694e-08,6.703003740006713e-08
2013-05-21,2.185692443238169e-08,2.1911617468440287e-08,2.191037250759303e-08
2013-05-22,3.500298772076058e-08,3.326823464957269e-08,3.3267293939361855e-08
2013-05-23,1.496482503766286e-07,1.485719736676333e-07,1.4857365840448716e-07
2013-05-24,3.5624239743642e-08,3.3188836130216924e-08,3.3191066317416905e-08
2013-05-27,2.70589030842902e-07,2.561319957594943e-07,2.5613354958501904e-07
2013-05-28,3.232753190080699e-08,3.6438791248546945e-08,3.6435602503565595e-08
2013-05-29,6.306327630317178e-08,6.473029928896316e-08,6.472975928317056e-08
2013-05-30,4.236186168081657e-08,4.567133391644997e-08,4.5671446830735453e-08
2013-05-31,1.8375053064796324e-08,1.798913886497247e-08,1.7988934321305086e-08
2013-06-03,1.1348232824299772e-07,1.0174837115382006e-07,1.0174754076035479e-07
2013-06-04,6.691759657517398e-08,7.548936449630448e-08,7.549069511530625e-08
2013-06-05,4.0683088203836205e-08,3.873172892475532e-08,3.8731955057736996e-08
2013-06-06,2.6039380308235674e-08,2.8757964538217483e-08,2.8758699992891508e-08
2013-06-07,2.5998413437919573e-07,2.5296365036695433e-07,2.529670701208382e-07
2013-06-10,1.9857968541014197e-07,1.982654192283731e-07,1.9826099910771475e-07
2013-06-11,1.3625961612767067e-07,1.2147763308727684e-07,1.2147711524114903e-07
2013-06-12,7.749438588318054e-08,7.746549562711252e-08,7.746718365520708e-08
2013-06-13,1.0790038866099328e-07,9.528116834508076e-08,9.528609418666397e-08
2013-06-14,1.6666628845321205e-07,1.686375954938242e-07,1.686395464695474e-07
2013-06-17,1.249941798519624e-07,1.3455183041274117e-07,1.345484368455775e-07
2013-06-18,9.640680676057796e-08,9.891938070458156e-08,9.892135702799468e-08
2013-06-19,7.14340393770539e-08,7.712801274937592e-08,7.712746793359299e-08
2013-06-20,4.577227839754741e-08,5.0684507492351055e-08,5.068315289144044e-08
2013-06-21,3.599889500917338e-08,4.2219184244650433e-08,4.2219400346215014e-08
2013-06-24,1.1879609371491201e-07,1.1363059548412445e-07,1.1363132970240518e-07
2013-06-25,4.6863896792581165e-08,5.1553457386205204e-08,5.155088512861279e-08
2013-06-26,1.066826975467298e-07,1.0108122210600639e-07,1.0108078162946952e-07
2013-06-27,6.39163334679706e-08,6.383097841716272e-08,6.382929724816733e-08
2013-06-28,8.673840088254376e-08,7.773129978504796e-08,7.773210337329961e-08
2013-07-01,1.2763051989667322e-07,1.1740418581090863e-07,1.1740178715416712e-07
2013-07-02,6.290189579255801e-08,6.286209349628943e-08,6.286032268173219e-08
2013-07-03,2.852661015024539e-08,3.2981295789973023e-08,3.298063343986762e-08
2013-07-04,1.4084235250280052e-07,1.4343838457603855e-07,1.4343692099497476e-07
2013-07-05,1.3636074539502873e-07,1.2762820317354136e-07,1.2762300771278845e-07
2013-07-08,3.136262562042589e-08,3.8195959634894773e-08,3.81980269509262e-08
2013-07-09,3.171514990076326e-08,3.466452987324646e-08,3.4663855391018726e-08
2013-07-10,4.0250526689616075e-07,3.6561016607627317e-07,3.656129432314526e-07
2013-07-11,1.4284582096747472e-08,2.442339413386868e-08,2.442667283120411e-08
2013-07-12,3.148029770683252e-08,3.150794125535733e-08,3.150744408050636e-08
2013-07-15,2.3821347868116127e-08,3.212688338215704e-08,3.212752555660615e-08
2013-07-16,4.303931896021126e-08,5.0073915632667455e-08,5.007268228384886e-08
2013-07-17,7.719089202503281e-08,8.439966186513465e-08,8.439873345420714e-08
2013-07-18,6.625140807833301e-08,6.304948174732989e-08,6.305062775154306e-08
2013-07-19,5.736432800958994e-08,5.77409778714735e-08,5.774218430529044e-08
2013-07-22,1.6962935639539333e-08,2.1914132972876933e-08,2.1914819436630502e-08
2013-07-23,2.598117018212975e-08,2.752595621332816e-08,2.7525532557876986e-08
2013-07-24,2.8844559504766858e-08,3.1003128710735345e-08,3.1002330678176156e-08
2013-07-25,5.6424069908066755e-08,5.545531437323513e-08,5.5454736387163095e-08
2013-07-26,8.816089233711723e-08,8.873984356797723e-08,8.874114472972159e-08
2013-07-29,1.5326778201240117e-08,1.6432410721072894e-08,1.6432647407844136e-08
2013-07-30,5.6444659281024344e-08,5.471007934015234e-08,5.471060035956349e-08
2013-07-31,2.427715046361112e-08,2.4554256257253003e-08,2.4557000211394022e-08
2013-08-01,4.6584256317954745e-08,4.418169086185087e-08,4.418166673589696e-08
2013-08-02,2.2429536258040657e-08,2.3032732691246313e-08,2.3033927543332394e-08
2013-08-05,1.871296126916334e-08,1.750217322265779e-08,1.7501628061602533e-08
2013-08-06,7.358084381809023e-08,6.762802567847794e-08,6.762646990409868e-08
2013-08-07,3.2214581572148246e-08,3.374055738581329e-08,3.374099292922719e-08
2013-08-08,1.4564739205677025e-08,1.353949555733607e-08,1.3538524312845147e-08
2013-08-09,1.344403413714839e-07,1.323039127842376e-07,1.3230306316636567e-07
2013-08-12,2.252416417732044e-08,2.2694368029964498e-08,2.2695436109375964e-08
2013-08-13,5.3892057662555516e-08,5.4218576560617314e-08,5.4218421917617164e-08
2013-08-14,3.228917635915748e-08,3.2238987677947146e-08,3.2239031400249857e-08
2013-08-15,2.007476755839628e-08,1.959675394136189e-08,1.9597072914337103e-08
2013-08-16,1.0520474450273743e-07,1.0284228849074008e-07,1.0284163253182973e-07
2013-08-19,4.108449101235189e-08,4.032089942232017e-08,4.0316605146877796e-08
2013-08-20,1.2990489353775375e-07,1.3103599604019226e-07,1.3103372661055301e-07
2013-08-21,9.055534325821006e-08,9.049447562572267e-08,9.049397748182548e-08
2013-08-22,1.8464873382455026e-08,1.8830297956299446e-08,1.882915119588908e-08
2013-08-23,3.712253147598806e-08,3.819247012538892e-08,3.8192642181410524e-08
2013-08-26,3.769154546775981e-08,3.7744350586113245e-08,3.774403317036871e-08
2013-08-27,4.863141006144582e-08,4.7620199808023447e-08,4.761987592898422e-08
2013-08-28,2.243401061553929e-07,2.2852030355895908e-07,2.285185395869721e-07
2013-08-29,2.876635563469401e-08,2.775882562610882e-08,2.776004657785096e-08
2013-08-30,9.750855717824663e-08,9.452123422261093e-08,9.452141241921229e-08
2013-09-02,6.878797646772876e-08,6.627051536352986e-08,6.626988521701114e-08
2013-09-03,1.962681508707874e-08,2.153150410873281e-08,2.1530849895998884e-08
2013-09-04,4.034684894370804e-07,3.9510397104901366e-07,3.9510634969335146e-07
2013-09-05,2.629498638105504e-07,2.4531436811670534e-07,2.4528012642929267e-07
2013-09-06,1.2353178037908292e-07,1.3102838927549972e-07,1.3103248877469774e-07
2013-09-09,7.078132317519025e-08,7.6888879250402e-08,7.688742970839729e-08
2013-09-10,9.397722883486474e-08,1.0004916626982472e-07,1.0004799441245551e-07
2013-09-11,4.1217605243434955e-08,4.66809458033271e-08,4.667967439713175e-08
2013-09-12,7.246386547295247e-08,6.308694395944853e-08,6.308824362445503e-08
2013-09-13,2.424347227334623e-08,2.72731952265766e-08,2.7274745552195763e-08
2013-09-16,1.063280030393525e-07,1.0270048486377773e-07,1.0269964807992934e-07
2013-09-17,1.0859390461973303e-08,1.2871849373645021e-08,1.2871287703631132e-08
2013-09-18,2.2176217945946122e-08,2.595669651850568e-08,2.595687902912645e-08
2013-09-19,1.1063730175192125e-07,1.0750116566302286e-07,1.0750127641856456e-07
2013-09-20,1.8651122239127306e-07,1.760419984393514e-07,1.7604065023010702e-07
2013-09-23,1.874860644793685e-07,1.7573271407224121e-07,1.757240150835298e-07
2013-09-24,2.4155448983563164e-07,2.223348096651211e-07,2.2232107953053262e-07
2013-09-25,3.2619028172262584e-08,4.1447353767453094e-08,4.145042043444518e-08
2013-09-26,2.049657051222221e-08,2.6608027413734793e-08,2.660657637825268e-08
2013-09-27,6.054017903693696e-08,6.480701174201498e-08,6.480642215373091e-08
2013-09-30,5.232122363712194e-08,5.060493907217551e-08,5.060458083350117e-08
2013-10-01,1.2750081251941718e-07,1.2209202989770958e-07,1.220902093106135e-07
2013-10-02,2.452717964514754e-07,2.2678656151763912e-07,2.2678323880081535e-07
2013-10-03,7.258921083205409e-08,7.847744853728468e-08,7.848217869353309e-08
2013-10-04,1.8446996734106988e-07,1.6607816540811956e-07,1.660819001959232e-07
2013-10-07,1.105283166216911e-07,1.0404301527707548e-07,1.0404390886930184e-07
2013-10-08,1.0452260948147874e-07,1.0547542731599944e-07,1.0547415394133381e-07
2013-10-09,8.207951518209056e-08,8.54051065771954e-08,8.540774296080505e-08
2013-10-10,7.341294601474957e-08,7.669967616873538e-08,7.670166878158169e-08
2013-10-11,1.5613879040590488e-07,1.4614153310474802e-07,1.4614278680436764e-07
2013-10-14,8.413363723809266e-08,8.679471927153141e-08,8.678932648355371e-08
2013-10-15,5.00282075703507e-08,5.502975192629951e-08,5.50281311176511e-08
2013-10-16,1.4712681495677991e-08,2.1021721264018103e-08,2.1021382624771038e-08
2013-10-17,4.2608136551464834e-08,4.2011499910586155e-08,4.201121289997734e-08
2013-10-18,3.0621202442958935e-08,3.443356041620511e-08,3.44336187121886e-08
2013-10-21,3.498900975185552e-07,3.37968034946652e-07,3.3797198986686693e-07
2013-10-22,3.243927134659739e-08,3.776419968773715e-08,3.7769182025105214e-08
2013-10-23,2.877032716028624e-08,3.4970215774991525e-08,3.4968886110470305e-08
2013-10-24,4.930940607627762e-08,4.7599602696405325e-08,4.759867516645655e-08
2013-10-25,3.275976119692504e-08,3.627115244228143e-08,3.627056382104336e-08
2013-10-28,4.720473763310816e-08,4.608962695857665e-08,4.608894732815534e-08
2013-10-29,1.9600905983291198e-07,1.821864071428233e-07,1.8218694285984031e-07
2013-10-30,1.6342325809019586e-07,1.5966259975928697e-07,1.5966181205745096e-07
2013-10-31,3.618739856796808e-08,3.898199978260138e-08,3.898284403685424e-08
2013-11-01,5.94878972286018e-08,5.1903163700427135e-08,5.190481724550167e-08
2013-11-04,1.062448733121477e-07,1.0897391793182826e-07,1.0897453955914059e-07
2013-11-05,3.9633279673208923e-08,4.4856921336591955e-08,4.4851927221275734e-08
2013-11-06,3.012932111895548e-08,3.329855448936543e-08,3.329815498490597e-08
2013-11-07,1.984415589045816e-08,2.1941064709590928e-08,2.1939403960586348e-08
2013-11-08,2.5197288169086563e-08,2.6329271953276013e-08,2.6328733163522868e-08
2013-11-11,4.73859771541056e-08,4.938000126427444e-08,4.9379941726925575e-08
2013-11-12,8.998962324849708e-08,8.729526501441773e-08,8.729735640198921e-08
2013-11-13,4.391783803277303e-08,4.1791960017005565e-08,4.179265548536638e-08
2013-11-14,6.989637662511448e-08,6.30300960923742e-08,6.302876962705899e-08
2013-11-15,2.532318839312417e-08,2.4300646056926967e-08,2.4299921577072367e-08
2013-11-18,6.321000787812691e-08,6.3733860407016e-08,6.373457134736252e-08
2013-11-19,6.29035379162066e-08,6.480600052536618e-08,6.480450893418919e-08
2013-11-20,5.481993850074238e-08,5.2232566350155436e-08,5.223453442799785e-08
2013-11-21,5.327977826835273e-08,5.444861407536151e-08,5.444870269523423e-08
2013-11-22,3.6768501644024335e-08,3.722006382047193e-08,3.7219658988907533e-08
2013-11-25,8.611275113642491e-07,8.318476694368208e-07,8.318534014447652e-07
2013-11-26,3.472252801639855e-08,3.90508872093793e-08,3.905623201982429e-08
2013-11-27,5.6820633945446346e-08,5.1406758240315497e-08,5.140736261091826e-08
2013-11-28,2.6583693369373552e-08,3.275008865200373e-08,3.275150803847892e-08
2013-11-29,2.7201697212672308e-08,2.9384170314724354e-08,2.938313582619801e-08
2013-12-02,6.62143740517159e-08,6.811283633035304e-08,6.811220538251743e-08
2013-12-03,1.662433023175906e-07,1.5219792377313984e-07,1.5220075519108157e-07
2013-12-04,1.9188743409824925e-08,2.3528091467345737e-08,2.3529778989168568e-08
2013-12-05,1.1868701363042925e-07,1.2120525354221313e-07,1.2120490951053092e-07
2013-12-06,4.060208878008589e-08,3.715943440039823e-08,3.7160546253546076e-08
2013-12-09,9.545153679373444e-08,9.23633000074388e-08,9.236224185431458e-08
2013-12-10,2.017044352605719e-07,1.9764889111243e-07,1.9765321080282865e-07
2013-12-11,5.4675258367453184e-08,5.460201149445666e-08,5.460482116188135e-08
2013-12-12,8.186302342657418e-07,7.734031639234895e-07,7.734021554345255e-07
2013-12-13,3.055154604464191e-08,4.091837421596941e-08,4.093379319201759e-08
2013-12-16,1.3828203614963797e-07,1.4122201056372658e-07,1.4122157005801945e-07
2013-12-17,1.5478502141754589e-07,1.505159200581922e-07,1.5051808713811248e-07
2013-12-18,4.862046763648083e-08,4.617914507265498e-08,4.6182445909937454e-08
2013-12-19,1.1295214467891797e-07,1.1374554667715742e-07,1.1374622008539848e-07
2013-12-20,5.515945487817581e-07,5.081795204907481e-07,5.081864020999615e-07
2013-12-23,1.6231735593244362e-07,1.4792631290192583e-07,1.4792864702081178e-07
2013-12-24,9.770616568683262e-08,9.807994161634624e-08,9.807876765084422e-08
2013-12-25,5.791544894186969e-08,7.008575049600225e-08,7.008448934132599e-08
2013-12-26,1.9455050155914595e-07,1.666401594206907e-07,1.6664437580705705e-07
2013-12-27,1.2393926851949365e-07,1.1580988268535503e-07,1.1580416401136544e-07
2013-12-30,1.8852582345541433e-07,1.8363414672186955e-07,1.8362553079715877e-07
2013-12-31,7.39652690907076e-08,8.162025084330565e-08,8.161898607527038e-08
2014-01-01,3.9389316701065676e-08,5.072846194436022e-08,5.072701649637948e-08
2014-01-02,2.7576008344100095e-08,3.2845659319609376e-08,3.284456633736371e-08
2014-01-03,2.515298234604843e-07,2.2628654848178524e-07,2.2629074922109539e-07
2014-01-06,7.314268073359829e-07,6.639460525366986e-07,6.639209231262047e-07
2014-01-07,6.2088756326886e-08,7.336727574417417e-08,7.338408603328457e-08
2014-01-08,2.7920788334108603e-08,4.212132647584101e-08,4.2118131528523405e-08
2014-01-09,5.794871984229504e-08,6.162328548855092e-08,6.162379846333105e-08
2014-01-10,1.6389066565448489e-07,1.5162497528792876e-07,1.5162474901847815e-07
2014-01-13,1.2581071390909627e-07,1.3199578084476788e-07,1.3199818386247128e-07
2014-01-14,1.2060110554513912e-07,1.197363203149716e-07,1.1973583311709464e-07
2014-01-15,1.7743064050996853e-07,1.610107403976843e-07,1.610124702471023e-07
2014-01-16,3.594657564671402e-08,4.801935730348029e-08,4.80162274242058e-08
2014-01-17,7.104811376620048e-08,6.468850758188026e-08,6.468914357701666e-08
2014-01-20,1.1727022714007074e-07,1.0997017056739867e-07,1.0996953668667841e-07
2014-01-21,8.266158961869524e-08,8.532570589176748e-08,8.532338583079831e-08
2014-01-22,1.056719716677467e-07,9.942045541845807e-08,9.941382108177294e-08
2014-01-23,1.704558605838079e-08,2.645978293909934e-08,2.6461335178868244e-08
2014-01-24,3.507859520623359e-08,4.264906024864981e-08,4.264849907277375e-08
2014-01-27,4.684350481449577e-08,5.1652499372382446e-08,5.165158875390164e-08
2014-01-28,5.046363533899298e-08,5.1256220804226426e-08,5.1256595621888116e-08
2014-01-29,2.3299255843024333e-07,2.2906217170257553e-07,2.290639668300025e-07
2014-01-30,1.0256243472743707e-07,9.295274817961053e-08,9.294788281760165e-08
2014-01-31,3.364160547586639e-07,3.198980604136944e-07,3.198967937915853e-07
2014-02-03,2.97219626278825e-08,3.8260946006704786e-08,3.8264837043800983e-08
2014-02-04,5.165928560160587e-08,4.3377265613767545e-08,4.337775849900368e-08
2014-02-05,5.876353425135402e-08,6.512331793949818e-08,6.51220999119197e-08
2014-02-06,9.053168139405126e-08,9.447560712504008e-08,9.447443875072704e-08
2014-02-07,3.4747105733412004e-08,3.9825118191091525e-08,3.982214163739678e-08
2014-02-10,2.979881455377213e-08,3.1132703326730386e-08,3.11319730072565e-08
2014-02-11,3.059733721235705e-08,3.438714016797418e-08,3.438664529978588e-08
2014-02-12,3.315619437254767e-08,3.345916629188609e-08,3.345908549214043e-08
2014-02-13,4.908919154934976e-08,4.7498446341033685e-08,4.7497758930274305e-08
2014-02-14,1.1924555428293085e-07,1.200860663473203e-07,1.2008772247632396e-07
2014-02-17,1.0168917877727498e-07,1.0343484503954443e-07,1.0342890108665185e-07
2014-02-18,6.319303257518758e-08,6.308217142926615e-08,6.308722974964519e-08
2014-02-19,3.635678633256879e-08,3.611118690662659e-08,3.611081484994259e-08
2014-02-20,6.092658951806455e-08,5.8468028573568896e-08,5.8466683701297956e-08
2014-02-21,6.468988151813729e-08,6.372032670449613e-08,6.372178937646949e-08
2014-02-24,5.795968134163321e-07,5.560318305444133e-07,5.560378469396468e-07
2014-02-25,3.236720429881384e-08,3.837449356561474e-08,3.838382773264721e-08
2014-02-26,4.2088430367966436e-08,4.9466919040769164e-08,4.946472850099792e-08
2014-02-27,2.4314215153431406e-07,2.255893509377742e-07,2.255875605109496e-07
2014-02-28,3.3735334848744574e-08,3.557365679695334e-08,3.557187954956468e-08
2014-03-03,6.219660787766355e-08,5.864609525869195e-08,5.864651545368288e-08
2014-03-04,8.24030033537394e-08,8.561365918076753e-08,8.561449314190834e-08
2014-03-05,4.1926826781017336e-08,3.8964474540900354e-08,3.896474892664836e-08
2014-03-06,1.5245903364927322e-07,1.3855282363069444e-07,1.3855275417491335e-07
2014-03-07,1.5489268039181038e-08,2.2731220027212903e-08,2.2732550368705168e-08
2014-03-10,4.506429919869059e-08,4.981058235071193e-08,4.981017313715902e-08
2014-03-11,1.525074642592414e-08,1.807892039490407e-08,1.8078022777525862e-08
2014-03-12,2.0442251344212005e-07,1.979838863841892e-07,1.9798570206348823e-07
2014-03-13,3.963812290959456e-07,3.6643819924805426e-07,3.66417285620964e-07
2014-03-14,1.8533549273296003e-07,1.78726345121339e-07,1.7872959685217322e-07
2014-03-17,1.4581744340967808e-07,1.4465506854335337e-07,1.446523253076072e-07
2014-03-18,4.294672192172716e-08,4.949454896590102e-08,4.9495626962713615e-08
2014-03-19,3.4451328999908386e-08,3.824113240465784e-08,3.824113662397613e-08
2014-03-20,1.213347711404031e-07,1.1608503335782936e-07,1.1608324762488341e-07
2014-03-21,1.3328018618947241e-06,1.235433092335353e-06,1.2354421400919823e-06
2014-03-24,4.2029847204122265e-07,3.8166017758441e-07,3.8162570550993336e-07
2014-03-25,8.080849355038464e-08,6.964362692855843e-08,6.96497923186068e-08
2014-03-26,4.301057921549579e-08,5.461007529863747e-08,5.461094679168881e-08
2014-03-27,2.116657002303079e-08,3.663143454611059e-08,3.6630355295060806e-08
2014-03-28,1.6275211984800626e-08,3.023410755241956e-08,3.023267013572171e-08
2014-03-31,1.1983163161973872e-07,1.139631126297959e-07,1.1396265023726756e-07
2014-04-01,5.3994702309859024e-08,6.220167691658274e-08,6.220042336438999e-08
2014-04-02,8.74250465670865e-08,8.349168895009181e-08,8.349375636498538e-08
2014-04-03,1.0173347811241907e-07,9.104837616041796e-08,9.104929603652586e-08
2014-04-04,4.852330180715817e-08,5.2087189551873986e-08,5.2086144340665534e-08
2014-04-07,1.8667283246541225e-07,1.7504807747260673e-07,1.7504723220761464e-07
2014-04-08,1.327260591942412e-06,1.248714824329794e-06,1.2487269329385998e-06
2014-04-09,6.500649105220771e-08,5.301800383205095e-08,5.3011907839341635e-08
2014-04-10,5.270344328622476e-08,6.734850456416247e-08,6.735059095771855e-08
2014-04-11,1.8027486033050782e-07,1.8458436709872575e-07,1.845834913770374e-07
2014-04-14,8.611918672978329e-08,1.0415355730907928e-07,1.0414971391943216e-07
2014-04-15,2.5642799021584167e-07,2.1059338824073353e-07,2.1060028141765832e-07
2014-04-16,2.6667526344102313e-08,4.185903352869058e-08,4.186500853683031e-08
2014-04-17,2.439665999712799e-08,3.748207073144262e-08,3.7480847474193844e-08
2014-04-18,4.627241787857687e-08,4.9309074640196527e-08,4.930879494175016e-08
2014-04-21,4.796216640274714e-08,5.5776107172131534e-08,5.5776160251264675e-08
2014-04-22,2.2597994250301704e-07,2.2727028620221482e-07,2.272689192422756e-07
2014-04-23,4.148126632466483e-07,3.8667484252749813e-07,3.866879610908986e-07
2014-04-24,2.527966798655227e-08,4.0253158520041834e-08,4.0255421639189906e-08
2014-04-25,5.178885484962563e-08,5.961967270840281e-08,5.961884033083445e-08
2014-04-28,1.1686699204896071e-08,2.15917325466673e-08,2.1589915738951596e-08
2014-04-29,1.7104941942693885e-08,2.1304436150812754e-08,2.1304207292613074e-08
2014-04-30,3.6568846982936543e-08,4.0744137497694396e-08,4.074407273029724e-08
2014-05-01,2.621966306063805e-07,2.3410569919233457e-07,2.3410901588352987e-07
2014-05-02,2.7222683068858822e-08,3.459263054144987e-08,3.4596106995527235e-08
2014-05-05,1.4262863672460459e-08,2.100308010138497e-08,2.1001975456882465e-08
2014-05-06,1.6993282670501522e-07,1.5172559168983095e-07,1.5172702255320973e-07
2014-05-07,2.3890816325735185e-08,2.2459166313373252e-08,2.2457594827723797e-08
2014-05-08,2.1845716129898436e-08,2.6705252399708737e-08,2.670573919575241e-08
2014-05-09,6.6731512987784e-08,6.490538373300463e-08,6.490535669079971e-08
2014-05-12,3.801558536873338e-08,4.118139919800797e-08,4.118178657079999e-08
2014-05-13,1.6531186764478278e-08,2.0056969007294286e-08,2.0056378664898145e-08
2014-05-14,4.8058424512345814e-08,4.891927398388535e-08,4.891957211288095e-08
2014-05-15,1.5470858721145314e-07,1.5229009076093862e-07,1.5228395973833726e-07
2014-05-16,6.660301781660044e-08,6.172793290269772e-08,6.172732381234987e-08
2014-05-19,4.4446407048395665e-08,4.563775890421432e-08,4.563787728729001e-08
2014-05-20,6.650135642191586e-08,6.898376905385007e-08,6.898256100087886e-08
2014-05-21,2.3275042666875324e-08,2.5880023354729525e-08,2.5879837358688935e-08
2014-05-22,2.9727715348873123e-08,3.189773316119476e-08,3.1897297751701305e-08
2014-05-23,2.554240764464718e-08,2.7121918770209894e-08,2.712107011638644e-08
2014-05-26,5.430540860938842e-08,5.3256039484302635e-08,5.325567270985039e-08
2014-05-27,2.4195329188570298e-08,2.50427749883797e-08,2.5041594218243948e-08
2014-05-28,2.7893715864374187e-08,2.6262354378835622e-08,2.6263180954947475e-08
2014-05-29,7.402657994913818e-08,7.155554429818712e-08,7.155570558257706e-08
2014-05-30,8.904701369631631e-08,8.504829566846405e-08,8.504734046151426e-08
2014-06-02,2.6111572970706786e-07,2.5156177261657035e-07,2.515649707040513e-07
2014-06-03,2.6165301758868725e-08,3.052903315647962e-08,3.053253469430661e-08
2014-06-04,3.38408655902506e-08,3.7982530704757716e-08,3.798213027535951e-08
2014-06-05,6.640462138787372e-08,6.557980438044597e-08,6.557923384804087e-08
2014-06-06,2.6490674440491166e-07,2.431448141040003e-07,2.4314415652570113e-07
2014-06-09,2.4859482344757612e-08,3.118377942986392e-08,3.118902356876665e-08
2014-06-10,5.7732016434185465e-08,5.588583225492247e-08,5.5885066123139627e-08
2014-06-11,1.0328992922476094e-06,9.933482477535591e-07,9.93358500428389e-07
2014-06-12,1.9547658986030757e-08,2.5927378141415124e-08,2.5935808787244862e-08
2014-06-13,3.180432736831009e-08,3.7021252703613585e-08,3.702124367816132e-08
2014-06-16,1.5837148167969328e-07,1.4005867901103448e-07,1.4005988358415555e-07
2014-06-17,7.605220168643917e-08,7.710487609890394e-08,7.710679994123389e-08
2014-06-18,6.187587598939378e-08,7.017438051968423e-08,7.01750212016529e-08
2014-06-19,2.4076697783093044e-08,2.6100268008965356e-08,2.6098153516543315e-08
2014-06-20,2.3370688148578934e-08,2.841589957888735e-08,2.84163220979355e-08
2014-06-23,8.764300351481431e-08,9.026664733010199e-08,9.026708316776526e-08
2014-06-24,2.5869712854565082e-08,2.9063352851218716e-08,2.906360854985862e-08
2014-06-25,1.7253315699750055e-08,1.818866143599541e-08,1.8188436396637743e-08
2014-06-26,2.4740834683882013e-08,2.664252472537818e-08,2.664227902834539e-08
2014-06-27,1.4636916982200336e-08,1.4038060080195914e-08,1.4038260077174113e-08
2014-06-30,1.2667407787687065e-08,1.3579148831032458e-08,1.357982519426851e-08
2014-07-01,2.7091962715452745e-08,2.7293421279143427e-08,2.7293550228028544e-08
2014-07-02,9.046608494755698e-08,8.833635560981567e-08,8.833839515157967e-08
2014-07-03,2.9646401703655702e-08,3.016057241968253e-08,3.016087443140084e-08
2014-07-04,9.467119935352943e-08,9.304634956546539e-08,9.304594608995793e-08
2014-07-07,1.8388182206355104e-08,1.961164161600713e-08,1.9610301894275252e-08
2014-07-08,1.0168793743351633e-07,9.743209139235962e-08,9.743282857351065e-08
2014-07-09,3.3338546883003676e-08,3.446674206531473e-08,3.446786592140114e-08
2014-07-10,5.49284158372222e-08,5.484164317597554e-08,5.484275245212535e-08
2014-07-11,4.705356647511494e-08,4.9384493010932676e-08,4.938483819823317e-08
2014-07-14,6.119673049479284e-08,6.300394515860763e-08,6.300316392977154e-08
2014-07-15,4.469451645163939e-08,4.4426009646988855e-08,4.442575414040711e-08
2014-07-16,1.2667227872402623e-07,1.2363684138492127e-07,1.2363887462590918e-07
2014-07-17,5.579545660224114e-07,5.492599045756624e-07,5.492564901426503e-07
2014-07-18,2.037139237153235e-07,1.8048240640953318e-07,1.8044122296303078e-07
2014-07-21,1.0590371150174143e-07,1.027702997096395e-07,1.0276772158302678e-07
2014-07-22,2.564452647298449e-08,3.361076772434627e-08,3.3607852616962485e-08
2014-07-23,1.3693704517274653e-07,1.3641563026832104e-07,1.3641336944083412e-07
2014-07-24,6.538953742093963e-08,6.779901897206493e-08,6.77962674532031e-08
2014-07-25,7.898538696323131e-08,8.577161771059978e-08,8.577102238245342e-08
2014-07-28,1.8951100295172234e-07,1.7723198407777804e-07,1.7723646427774237e-07
2014-07-29,3.8908921231180024e-07,3.613601279030768e-07,3.613589565241617e-07
2014-07-30,9.373557601623064e-08,7.754824461619459e-08,7.754109958880071e-08
2014-07-31,7.333797702421287e-07,6.50720354451636e-07,6.507068684059899e-07
2014-08-01,1.1409527445033453e-07,1.168891418955845e-07,1.1690153732462119e-07
2014-08-04,7.624780420861711e-08,8.037789506185957e-08,8.037810301559526e-08
2014-08-05,1.037742545559071e-07,9.735151633195703e-08,9.735304599366821e-08
2014-08-06,1.2724265330686792e-07,1.3745961110047453e-07,1.3746046385617264e-07
2014-08-07,4.1562845069824665e-07,3.6499174428516917e-07,3.6499890594053347e-07
2014-08-08,2.4181456119836743e-07,2.131578448061328e-07,2.1315433413520983e-07
2014-08-11,4.147613363030452e-08,5.6742688262727776e-08,5.674626269475885e-08
2014-08-12,7.744120901598134e-08,8.68777064254898e-08,8.687750320438715e-08
2014-08-13,7.77631951261532e-08,7.293524091004376e-08,7.29349620879568e-08
2014-08-14,1.560099490935171e-07,1.588349515418928e-07,1.5883374150268511e-07
2014-08-15,1.843895507784331e-08,2.4710522011676758e-08,2.4711099948661622e-08
2014-08-18,4.9809298078195384e-08,5.600940817036363e-08,5.6009694136138356e-08
2014-08-19,5.6734395720137744e-08,5.605001699945005e-08,5.6047935379191566e-08
2014-08-20,7.310889518771896e-08,7.888128793198976e-08,7.887866916709932e-08
2014-08-21,2.3175202816284806e-08,3.151108698646136e-08,3.1508132150613776e-08
2014-08-22,1.1703256766146452e-07,1.197967539133555e-07,1.1979716663818378e-07
2014-08-25,2.3413886826403513e-08,2.6516867556652628e-08,2.651592532743191e-08
2014-08-26,2.4650008685261078e-08,2.934731836825049e-08,2.9346679583371967e-08
2014-08-27,7.952410777400634e-08,7.010206205767616e-08,7.01023534262838e-08
2014-08-28,5.777410212668781e-08,5.449360017364489e-08,5.4494401451662244e-08
2014-08-29,7.415775463217431e-08,7.49120860870398e-08,7.491155656275922e-08
2014-09-01,3.9334075638856417e-08,4.3066557225803134e-08,4.30623869251229e-08
2014-09-02,3.616822923695143e-08,3.8059028820129685e-08,3.806023317466541e-08
2014-09-03,7.966803811321784e-08,8.087537498500724e-08,8.087506909104614e-08
2014-09-04,2.144837887880063e-07,2.0123247424409789e-07,2.012380058991703e-07
2014-09-05,2.8966727419785545e-08,2.81866025203837e-08,2.8189488374291725e-08
2014-09-08,2.727696838667738e-07,2.5112315988727587e-07,2.5112059030566847e-07
2014-09-09,3.147525792479954e-08,3.439793099433081e-08,3.439867357455054e-08
2014-09-10,2.1507127415074253e-07,2.006584986921248e-07,2.0065700681550349e-07
2014-09-11,8.851356577631395e-07,8.448518950211109e-07,8.447860174786076e-07
2014-09-12,2.0694382634957916e-08,3.341571716174455e-08,3.342855244546462e-08
2014-09-15,5.797425790985925e-08,5.839458194798837e-08,5.8393621562340795e-08
2014-09-16,4.240771736918859e-08,3.454698408416601e-08,3.454409980862073e-08
2014-09-17,9.466044991365961e-08,7.634962447511364e-08,7.634730324286365e-08
2014-09-18,4.2962590206768505e-08,4.598810843811881e-08,4.599074503645518e-08
2014-09-19,5.1477675811727865e-08,4.975866726015905e-08,4.9756656769682093e-08
2014-09-22,3.285743998732339e-08,3.739662008668423e-08,3.739672689076575e-08
2014-09-23,2.4967099620237033e-08,3.066602634678809e-08,3.066380236979175e-08
2014-09-24,2.896222296649471e-07,2.6631051077369266e-07,2.663150896363264e-07
2014-09-25,3.027508860988191e-08,3.3070397558422314e-08,3.3080667312060755e-08
2014-09-26,5.047900827544285e-07,4.61724631781835e-07,4.617260795467017e-07
2014-09-29,6.339305963179054e-08,6.072902637528402e-08,6.072321887005159e-08
2014-09-30,5.216411667933194e-08,5.458941488006239e-08,5.4590552705071415e-08
2014-10-01,6.026860360838497e-08,5.809230855157703e-08,5.809033229597703e-08
2014-10-02,1.0473803693441924e-08,1.7896003784661873e-08,1.789583884486184e-08
2014-10-03,6.534027982892336e-08,6.529489003928425e-08,6.529400890014032e-08
2014-10-06,4.511331225894046e-08,4.979213629759027e-08,4.978883838077616e-08
2014-10-07,3.7633457548342985e-08,3.925936573329498e-08,3.925749509808628e-08
2014-10-08,9.496053801419719e-08,9.627122219097066e-08,9.627204937748298e-08
2014-10-09,8.42072640771866e-08,7.466322327505209e-08,7.466432006674258e-08
2014-10-10,1.0451754809264126e-08,1.586667687750529e-08,1.5866619778148754e-08
2014-10-13,6.426048475270527e-08,6.328500807996832e-08,6.328481376927054e-08
2014-10-14,1.2917619948631905e-08,1.520845962345384e-08,1.52047231700436e-08
2014-10-15,2.206168797160227e-07,2.0253512335265103e-07,2.0253748042931624e-07
2014-10-16,5.437335227422594e-08,4.7075582246093025e-08,4.70547742443223e-08
2014-10-17,2.812656993813048e-07,2.7053938834485834e-07,2.7050796676065913e-07
2014-10-20,1.8827582844503526e-08,2.3470326702132218e-08,2.3483509114008252e-08
2014-10-21,1.1897943646255356e-07,1.1224919662976428e-07,1.1224921075125023e-07
2014-10-22,5.543513463604054e-08,6.107237941226056e-08,6.107292742197967e-08
2014-10-23,3.387419504516458e-08,3.795377484368921e-08,3.7950560854215964e-08
2014-10-24,1.0794524305099775e-07,1.0607049368246776e-07,1.060624327003636e-07
2014-10-27,2.5428130245855508e-08,3.084714901543e-08,3.086105681459705e-08
2014-10-28,1.4552903021761392e-07,1.432638371346483e-07,1.4326429613335284e-07
2014-10-29,4.756435061091916e-08,5.172797997499411e-08,5.1727845284319214e-08
2014-10-30,4.2975992257887834e-07,4.113684236493304e-07,4.1139978332526605e-07
2014-10-31,2.714949950551707e-07,2.501483474812069e-07,2.50065103323346e-07
2014-11-03,6.932586903840869e-08,7.741937357441243e-08,7.74338464366644e-08
2014-11-04,1.0279128488988909e-07,1.0472893056309948e-07,1.0472673153675002e-07
2014-11-05,3.127669224169825e-08,3.952876457833463e-08,3.9520571231997374e-08
2014-11-06,6.663320995323904e-08,6.135242989606685e-08,6.135266993948818e-08
2014-11-07,2.3669570189784827e-08,2.9406124255232043e-08,2.94084791280634e-08
2014-11-10,4.506713341260942e-08,4.957745978827863e-08,4.957488186153442e-08
2014-11-11,5.1644464495787295e-08,5.356663401402977e-08,5.356243346401441e-08
2014-11-12,1.675813693650467e-08,2.0803421501807924e-08,2.0801762889998535e-08
2014-11-13,1.9666779201251447e-08,2.187355817030448e-08,2.187188041399821e-08
2014-11-14,4.8373954341320885e-08,4.757143380044096e-08,4.7572929743096114e-08
2014-11-17,2.6828344622610808e-08,2.7889049224348867e-08,2.7888479334132543e-08
2014-11-18,1.59237266269046e-08,1.748569894026905e-08,1.7482111138284527e-08
2014-11-19,1.9993610088467206e-07,1.9164306091834253e-07,1.9164823946880088e-07
2014-11-20,6.000712050807871e-08,6.085356571928081e-08,6.087272998773502e-08
2014-11-21,4.8130570323537924e-08,4.845227795775883e-08,4.845625697559694e-08
2014-11-24,3.579922315270626e-08,3.6979665810291126e-08,3.698359125737432e-08
2014-11-25,4.453593447303485e-08,4.5409997352094586e-08,4.540963133872699e-08
2014-11-26,3.354198131984076e-08,3.4031169195540514e-08,3.402792246117322e-08
2014-11-27,1.644035634191804e-08,1.708087994590241e-08,1.708048259761032e-08
2014-11-28,2.380639048163191e-08,2.370730315910396e-08,2.370800221140126e-08
2014-12-01,2.451376874956289e-07,2.338627575951378e-07,2.3386844306612435e-07
2014-12-02,4.943108248780565e-08,4.7990931135794665e-08,4.800117695970296e-08
2014-12-03,4.160093215279346e-08,3.65311717513563e-08,3.6526374305147476e-08
2014-12-04,2.648926221642358e-08,2.6883486122339886e-08,2.688381057132791e-08
2014-12-05,2.0790906373506765e-08,2.2568727989023582e-08,2.2569762595660286e-08
2014-12-08,1.2780947793754566e-07,1.2447687789465826e-07,1.244781097959639e-07
2014-12-09,9.521293127415466e-09,1.127157793847163e-08,1.1265868557945993e-08
2014-12-10,3.9191940270698026e-07,3.676748228557602e-07,3.676770203353739e-07
2014-12-11,1.5446157547134969e-07,1.5756210224538697e-07,1.5758158044721103e-07
2014-12-12,6.207113222127619e-08,6.620358413648044e-08,6.621267461873281e-08
2014-12-15,6.406356744707492e-08,6.858886336087414e-08,6.858973043823862e-08
2014-12-16,1.3643744807345592e-07,1.1374573836783923e-07,1.1376229701279308e-07
2014-12-17,1.34742298983013e-07,1.4380770496346985e-07,1.4381619837510407e-07
2014-12-18,1.1688313935215375e-07,1.139575441544853e-07,1.139572810302933e-07
2014-12-19,7.059353716852348e-08,6.989876649594007e-08,6.98975474028328e-08
2014-12-22,4.842509437514243e-08,4.236495393659376e-08,4.236175489313907e-08
2014-12-23,2.2321731432568322e-07,2.049803866454147e-07,2.0497094091271517e-07
2014-12-24,2.320439507564772e-08,2.999896842847918e-08,2.999994035065868e-08
2014-12-25,3.570753057478079e-08,4.05795281343406e-08,4.05788521007684e-08
2014-12-26,2.5875517020412284e-08,2.7484007354022303e-08,2.7484805316164982e-08
2014-12-29,3.397200704958731e-08,2.4972925747420967e-08,2.4972165320289753e-08
2014-12-30,6.324813797346955e-07,6.02708668680159e-07,6.026896646271823e-07
2014-12-31,6.62941196821419e-08,5.9568404009473585e-08,5.954955582086605e-08
2015-01-01,7.892935218241007e-08,8.226300634495299e-08,8.226676592279062e-08
2015-01-02,5.581800118818181e-08,6.138347200023969e-08,6.137120820774796e-08
2015-01-05,1.99202215299723e-07,1.7548340853970042e-07,1.754792899297318e-07
2015-01-06,2.665978198225456e-08,3.5828447005798406e-08,3.582584488381638e-08
2015-01-07,4.881619932095648e-08,4.829689640865748e-08,4.829731027722785e-08
2015-01-08,2.408116175327087e-07,2.090811204696984e-07,2.0907891457763755e-07
2015-01-09,3.108214852309789e-08,3.566141794597582e-08,3.5660711690145546e-08
2015-01-12,3.203031657300216e-08,3.5311098542528026e-08,3.5311778990930723e-08
2015-01-13,3.78534390413584e-08,4.329231585572409e-08,4.329229803426175e-08
2015-01-14,2.899264319824145e-08,2.959237161104029e-08,2.959134164587736e-08
2015-01-15,4.215567690946313e-08,4.595874416364124e-08,4.595772413047637e-08
2015-01-16,5.9004857329906993e-08,6.470773363133776e-08,6.470591903667904e-08
2015-01-19,4.3709462937480495e-08,4.729359417202709e-08,4.7292817610940324e-08
2015-01-20,1.8691849854987514e-08,2.175054091446185e-08,2.174956272918037e-08
2015-01-21,6.377027911491725e-08,6.14213469081653e-08,6.142229094332802e-08
2015-01-22,1.573563082506493e-08,1.7205402843982825e-08,1.7206093294999316e-08
2015-01-23,7.371575939968035e-08,7.018880977879808e-08,7.018873933054504e-08
2015-01-26,3.666955344924429e-08,3.7537418756283625e-08,3.753922363732709e-08
2015-01-27,1.4836393598263198e-07,1.3897995996089387e-07,1.3898039915850483e-07
2015-01-28,9.024818114991927e-08,8.903000129826471e-08,8.903411499543592e-08
2015-01-29,7.282610601634058e-08,7.106534263976255e-08,7.106347048375312e-08
2015-01-30,3.818232020357284e-08,4.023866941862991e-08,4.023909007966899e-08
2015-02-02,5.2943840358140296e-08,4.688965419674553e-08,4.689065481362497e-08
2015-02-03,1.6885915880147028e-08,1.8422078003910592e-08,1.8422859318332445e-08
2015-02-04,3.057823757939288e-07,3.0197987882504576e-07,3.019840398539576e-07
2015-02-05,7.441311658806881e-08,7.291122866498345e-08,7.290287267325344e-08
2015-02-06,2.2764140084396864e-08,2.5579491033945594e-08,2.557927551170587e-08
2015-02-09,2.98297390207148e-08,3.3145533301369854e-08,3.314541903099878e-08
2015-02-10,2.5895841226213947e-08,2.72947312490202e-08,2.7293078164228267e-08
2015-02-11,4.619093879418399e-08,4.425422303635133e-08,4.425417890040879e-08
2015-02-12,4.309939272843757e-08,4.3355681598231725e-08,4.3356311441664913e-08
2015-02-13,1.6642968050042925e-07,1.611277411024013e-07,1.6113168762496713e-07
2015-02-16,3.0917782140623997e-07,2.967969725059644e-07,2.9679069697837666e-07
2015-02-17,1.3983932139690282e-07,1.2774674747074308e-07,1.2774160156492734e-07
2015-02-18,9.538030156799824e-08,8.973544480309976e-08,8.973744985500651e-08
2015-02-19,3.1090030877826544e-08,3.440086885480939e-08,3.439994000941348e-08
2015-02-20,8.583940332739086e-08,7.477821068901625e-08,7.477766644483439e-08
2015-02-23,3.8499028185673455e-08,3.995297224573364e-08,3.9955684175786e-08
2015-02-24,1.9830468603387152e-08,2.659742170661826e-08,2.6596098824334605e-08
2015-02-25,2.3743389175997182e-08,2.6596329092563656e-08,2.659427471392685e-08
2015-02-26,1.3335630908691816e-07,1.3158782350292506e-07,1.3158933176895055e-07
2015-02-27,2.89393420968597e-08,3.279661400621215e-08,3.279812049570969e-08
2015-03-02,1.9473968755721263e-08,2.1809476562540368e-08,2.180666885253239e-08
2015-03-03,4.0197693401630974e-08,3.782852516815801e-08,3.782874889052629e-08
2015-03-04,2.752662618276445e-08,2.5662017661500085e-08,2.565511295452659e-08
2015-03-05,2.1228061186693688e-08,2.1924435826514856e-08,2.1925570796231934e-08
2015-03-06,1.5973122859902166e-08,1.6075381454357316e-08,1.6073071984140877e-08
2015-03-09,1.775747361572395e-08,1.7556514152632766e-08,1.755392347800684e-08
2015-03-10,8.454918503777623e-08,8.366625179279068e-08,8.366635593426753e-08
2015-03-11,3.9893005423099876e-08,3.976673711117802e-08,3.976264505140183e-08
2015-03-12,2.4375403610794467e-08,2.3458049447421037e-08,2.3455660930600274e-08
2015-03-13,4.8864934086814306e-08,5.128861535930508e-08,5.129256550272471e-08
2015-03-16,9.645094284965501e-09,8.743837033744899e-09,8.747121517397434e-09
2015-03-17,1.3238409257399506e-08,1.1921582861797737e-08,1.1921490297856183e-08
2015-03-18,8.107413681728423e-08,7.802730655823128e-08,7.80291279498929e-08
2015-03-19,4.7965472396759e-08,4.687896027923117e-08,4.687932134692171e-08
2015-03-20,2.9048294706650455e-08,2.735022453840699e-08,2.7348587597214787e-08
2015-03-23,4.4718277294421436e-08,3.9584732788182376e-08,3.958390865912699e-08
2015-03-24,3.077227970715277e-08,3.001780587918267e-08,3.002091418504463e-08
2015-03-25,1.2154397841006815e-07,1.149563318282696e-07,1.1495137082641009e-07
2015-03-26,2.7561970301058207e-08,2.8522681065895703e-08,2.853250276206875e-08
2015-03-27,1.456313856439681e-08,1.397263816074467e-08,1.3972533657060099e-08
2015-03-30,1.7128726905693396e-08,1.6223022979091336e-08,1.622189008165939e-08
2015-03-31,3.37497992628181e-08,3.326736988159111e-08,3.326473440968084e-08
2015-04-01,1.1498844110158206e-08,1.0175705942682866e-08,1.0173402049771759e-08
2015-04-02,2.2631719664829586e-08,1.8913252205658954e-08,1.891247087079386e-08
2015-04-03,4.3987116772837896e-08,4.4738015824299484e-08,4.474272321530943e-08
2015-04-06,1.966890982166962e-08,2.0829901889070703e-08,2.0831098402205248e-08
2015-04-07,2.8541433772736888e-08,2.7463581151751325e-08,2.7462002273175188e-08
2015-04-08,2.347609079878561e-08,2.2255676160638253e-08,2.225452381888353e-08
2015-04-09,1.5390414274837773e-08,1.3543695215360904e-08,1.3539355218871367e-08
2015-04-10,1.020257421130213e-08,8.990048646156473e-09,8.989307974581561e-09
2015-04-13,2.2152407781217034e-08,2.4504439018798113e-08,2.4504736622725565e-08
2015-04-14,1.9612525031843614e-08,2.2047245189054194e-08,2.2048022826416037e-08
2015-04-15,1.9795161389779335e-08,1.7281011922017946e-08,1.728330257069728e-08
2015-04-16,3.327690348473804e-08,3.179537341872326e-08,3.179268577763512e-08
2015-04-17,1.1479076334792744e-08,8.41546402882387e-09,8.41208720918788e-09
2015-04-20,2.5256308295697038e-08,2.3194298380851803e-08,2.3193878512730192e-08
2015-04-21,4.407993621967282e-08,4.334510703887542e-08,4.3341943446089866e-08
2015-04-22,2.4614878212443536e-08,2.2225948087280733e-08,2.2216725902793855e-08
2015-04-23,1.1413648462656333e-08,8.674264316578568e-09,8.670903789885746e-09
2015-04-24,1.771916088740315e-08,1.4182443379148735e-08,1.4183738157403604e-08
2015-04-27,2.565802134084196e-08,2.57908052980138e-08,2.5787813344468853e-08
2015-04-28,3.534652278896819e-08,3.721545825238135e-08,3.7208640365677024e-08
2015-04-29,1.7965419554820864e-08,1.638176911121274e-08,1.6385972060908733e-08
2015-04-30,2.2628299608757863e-08,2.1339760666777445e-08,2.134591590530888e-08
2015-05-01,1.4365799234238384e-08,1.2437464263413512e-08,1.2437038917804723e-08
2015-05-04,2.4920733806822006e-08,2.210990483778708e-08,2.2109474902329483e-08
2015-05-05,5.1020815712616304e-08,5.503850936632008e-08,5.5042355343153893e-08
2015-05-06,2.0676091162749518e-08,1.7636750636952743e-08,1.7641080669904105e-08
2015-05-07,3.062482940547392e-08,2.9690263629561342e-08,2.968904687343056e-08
2015-05-08,1.3947772179551886e-08,1.1085072401097592e-08,1.107917136543078e-08
2015-05-11,2.3861507232798956e-08,2.1539664881897503e-08,2.1538885627265824e-08
2015-05-12,3.464073866758518e-08,3.154562566327033e-08,3.15391549559166e-08
2015-05-13,2.3545007378255346e-08,2.2393332617723977e-08,2.239719727457116e-08
2015-05-14,9.990443040166115e-09,6.67371262458979e-09,6.675439404577512e-09
2015-05-15,1.2269472802700947e-08,1.263813206300071e-08,1.263910720881528e-08
2015-05-18,3.348902263283538e-08,3.493437209528819e-08,3.493197096172254e-08
2015-05-19,1.5412431859418866e-08,1.2220852656539069e-08,1.2222593711609499e-08
2015-05-20,2.0080119176691917e-08,1.9646908016412786e-08,1.964801035343725e-08
2015-05-21,4.1520030279815475e-08,3.929899528562716e-08,3.929851910116933e-08
2015-05-22,1.2818646696079613e-08,1.000168079683767e-08,9.999205385994414e-09
2015-05-25,3.075801020160451e-08,3.044224564888492e-08,3.0436345388657755e-08
2015-05-26,1.2715521032444868e-08,9.028804932421761e-09,9.033013242530527e-09
2015-05-27,1.049616281028745e-08,1.0483483681320836e-08,1.0482432971262083e-08
2015-05-28,2.615007485783355e-08,2.297506960111358e-08,2.297810926071016e-08
2015-05-29,1.7509046389617146e-08,1.5019427700322888e-08,1.5018973960553353e-08
2015-06-01,1.9539273073456896e-08,2.22358670358057e-08,2.2238188979435067e-08
2015-06-02,1.0701610294965652e-08,8.468735254124561e-09,8.471809901596087e-09
2015-06-03,2.7663827682686086e-08,2.709100526653627e-08,2.709084011566758e-08
2015-06-04,3.6522644269712504e-08,3.746859312910759e-08,3.7472600839626424e-08
2015-06-05,4.069580299046763e-08,3.9431486900226365e-08,3.944615510815059e-08
2015-06-08,2.5247617285097363e-08,2.2283660731116416e-08,2.2280619681981302e-08
2015-06-09,1.448557510981019e-08,1.146647457390761e-08,1.1460899414078285e-08
2015-06-10,2.9716528895770054e-08,3.394211215053717e-08,3.3940795210508145e-08
2015-06-11,1.528159159517832e-08,1.2751628732783816e-08,1.2757010245936282e-08
2015-06-12,2.7491353930262194e-08,2.7458280103013265e-08,2.7461701321026793e-08
2015-06-15,4.164272063731835e-08,4.420497477435617e-08,4.420126511182997e-08
2015-06-16,1.328910035037521e-08,1.1154866134592261e-08,1.115997688337243e-08
2015-06-17,2.5461486525928797e-08,2.3905706225860857e-08,2.3900556639584647e-08
2015-06-18,1.2785355430721567e-08,1.0944083390366705e-08,1.0944625504959664e-08
2015-06-19,1.4634024120141027e-08,1.110667152694197e-08,1.1106286606136599e-08
2015-06-22,1.5784262149910546e-08,1.2401174328284644e-08,1.2398329130371414e-08
2015-06-23,1.2810798481189246e-08,9.00271271858919e-09,8.99905321869172e-09
2015-06-24,1.2654877188084836e-08,8.82447785089076e-09,8.822094555669182e-09
2015-06-25,1.0041821810296e-08,5.520278114436518e-09,5.518773046937956e-09
2015-06-26,1.7731160734933546e-08,1.2820304795221572e-08,1.2819152684682327e-08
2015-06-29,3.113555189663709e-08,2.7699678282581556e-08,2.769716037642314e-08
2015-06-30,2.062319816565887e-08,2.446585982260761e-08,2.4468248049628763e-08
2015-07-01,1.7329577190362034e-08,1.59593245422037e-08,1.596135199720593e-08
2015-07-02,2.940637634168435e-08,2.8084655920071168e-08,2.8073879138183448e-08
2015-07-03,1.1317973178409204e-08,7.738804262565407e-09,7.739028887894372e-09
2015-07-06,4.76307254604208e-08,5.218176119671783e-08,5.218448342548693e-08
2015-07-07,7.010647618654458e-08,7.302886871613262e-08,7.300732843660314e-08
2015-07-08,3.286789452402884e-08,3.088630361158644e-08,3.08948043240114e-08
2015-07-09,1.1585765545392621e-08,9.792023984724884e-09,9.78922917680006e-09
2015-07-10,1.9810070955806413e-08,2.014597143715447e-08,2.0143864277403725e-08
2015-07-13,1.78441577561179e-08,1.5271597323638478e-08,1.5271233145478626e-08
2015-07-14,4.765417135285821e-08,5.3043014932228115e-08,5.305101471421076e-08
2015-07-15,3.1653978958138424e-08,2.9861181043989875e-08,2.9871143437911335e-08
2015-07-16,4.154612907874424e-08,4.2084868968141685e-08,4.2082117484714115e-08
2015-07-17,5.767558111588601e-08,5.656566248341227e-08,5.655510277862685e-08
2015-07-20,6.558546239397854e-08,6.155231744261779e-08,6.157330822009881e-08
2015-07-21,1.1534982250284686e-08,1.20840893387121e-08,1.2087025888056783e-08
2015-07-22,2.1414359540133562e-08,2.073746763467909e-08,2.073552835513666e-08
2015-07-23,4.097371147442993e-08,4.117695462747073e-08,4.118175585331195e-08
2015-07-24,1.2802473159763099e-08,1.0892269634318049e-08,1.0891751866561819e-08
2015-07-27,2.803871276274559e-08,2.7066350509474947e-08,2.705905712216557e-08
2015-07-28,2.1851170705919776e-08,2.1256036550428496e-08,2.1261568206890292e-08
2015-07-29,3.767037433209257e-08,4.010935414865933e-08,4.0117178938992513e-08
2015-07-30,3.5398472698532754e-08,3.8343699170102165e-08,3.833984317938954e-08
2015-07-31,2.5469455004976475e-08,2.379761107757412e-08,2.3802615413012168e-08
2015-08-03,5.295842319809325e-08,5.364005824345934e-08,5.364770269339827e-08
2015-08-04,1.4760748601172336e-07,1.5140886518886144e-07,1.5138836054583395e-07
2015-08-05,6.566173059377753e-08,6.622963580713831e-08,6.619660474365385e-08
2015-08-06,9.211281230057635e-09,9.394816353717476e-09,9.401547613626404e-09
2015-08-07,2.140851468736374e-08,2.1208901377129005e-08,2.1208279804044923e-08
2015-08-10,2.467453153199769e-08,2.7209778452188333e-08,2.72072536968422e-08
2015-08-11,6.07821163068967e-08,5.759344186015798e-08,5.7598842545663344e-08
2015-08-12,1.890667330113886e-08,1.8338067741668196e-08,1.833363048691187e-08
2015-08-13,2.0702351987196345e-07,2.0465994233853825e-07,2.0466695726746242e-07
2015-08-14,1.6321058511791014e-08,1.7485212885682166e-08,1.7478928281555456e-08
2015-08-17,1.5575951114195517e-08,1.7454941701264242e-08,1.7457393276055216e-08
2015-08-18,1.6869226080771045e-07,1.6492258464750671e-07,1.6492880051691318e-07
2015-08-19,5.517019884871771e-08,5.715670403903505e-08,5.7175664024481265e-08
2015-08-20,3.0811672824683466e-08,3.040811582460272e-08,3.0414612730332824e-08
2015-08-21,6.535791218860043e-08,6.326047384530378e-08,6.32498415587874e-08
2015-08-24,3.3677430618705624e-08,3.4808680717179774e-08,3.4802095332721566e-08
2015-08-25,4.072983507893096e-08,3.968068513144689e-08,3.96680598915794e-08
2015-08-26,4.957967141462693e-08,4.897047843336451e-08,4.896270343214526e-08
2015-08-27,3.991018215774386e-08,4.146124703633621e-08,4.1462998624364415e-08
2015-08-28,1.2310310150981759e-08,1.1800281448888952e-08,1.1796234255359554e-08
2015-08-31,9.430355314134119e-08,9.366508953346751e-08,9.366865933002931e-08
2015-09-01,2.1536703688741881e-07,2.1289376804980877e-07,2.128959998094619e-07
2015-09-02,2.1622904343810995e-07,2.0323891423929649e-07,2.0325539419216616e-07
2015-09-03,7.848553558859467e-08,7.84504481142457e-08,7.839882964065836e-08
2015-09-04,1.9079691227154285e-08,2.5828690851602322e-08,2.5807215192650285e-08
2015-09-07,6.449717702155869e-07,5.942692644555644e-07,5.943017407171049e-07
2015-09-08,2.1535883573084563e-08,3.1726381262278625e-08,3.178835426084017e-08
2015-09-09,8.266091327774851e-07,7.561275956965269e-07,7.56165304566328e-07
2015-09-10,2.814060928081602e-08,2.7048531662593113e-08,2.7002114469723483e-08
2015-09-11,5.272958512438308e-07,4.6516780898527155e-07,4.6517791180641537e-07
2015-09-14,1.5025151767944016e-07,1.4136838477856051e-07,1.413143088404152e-07
2015-09-15,5.3845409824294425e-08,6.859608236251253e-08,6.861221523996494e-08
2015-09-16,4.018781257048314e-08,5.260412400953662e-08,5.256220273542968e-08
2015-09-17,4.305654622012998e-08,4.9296272226177405e-08,4.929225209491144e-08
2015-09-18,1.976692531595873e-08,2.8382276983457613e-08,2.83770128659162e-08
2015-09-21,2.4034425647057662e-08,3.587721601287743e-08,3.5873837277277074e-08
2015-09-22,3.9049411462736034e-08,4.153478844742911e-08,4.153077978264941e-08
2015-09-23,3.01511452355775e-08,3.1287767222438194e-08,3.129144056081209e-08
2015-09-24,3.7978129759678333e-07,3.465975919730001e-07,3.466556772470854e-07
2015-09-25,3.1353856708928016e-07,2.752031324801181e-07,2.74978312573593e-07
2015-09-28,8.080422576892397e-08,7.460700136310798e-08,7.462835941540927e-08
2015-09-29,3.1620039416250696e-07,2.6051806067710015e-07,2.60427535424666e-07
2015-09-30,9.839604770084823e-07,9.078588523365889e-07,9.074598613567818e-07
2015-10-01,1.0377476368883425e-07,9.727962702912338e-08,9.729507033412971e-08
2015-10-02,5.535220217415641e-08,4.9026587697729696e-08,4.904902496245805e-08
2015-10-05,8.156228563859026e-08,6.921708325736964e-08,6.920727967542583e-08
2015-10-06,8.796544862261794e-08,1.018391754410135e-07,1.018674994964142e-07
2015-10-07,5.3634865246944935e-08,4.004711052259471e-08,4.00551180648275e-08
2015-10-08,9.35726967170145e-08,1.0245718324882704e-07,1.024742880661407e-07
2015-10-09,1.5405145658439383e-07,1.4571813173121425e-07,1.4572660368928792e-07
2015-10-12,6.375723032576452e-08,7.556091416192413e-08,7.557432919279087e-08
2015-10-13,2.0524218930134588e-08,3.4876695114568565e-08,3.4849944003678035e-08
2015-10-14,1.534253646731758e-07,1.360346113167435e-07,1.360522818953371e-07
2015-10-15,1.272514172895025e-07,1.3569371281676397e-07,1.3566978229903392e-07
2015-10-16,6.745113182160478e-08,7.746736492438812e-08,7.742937591873122e-08
2015-10-19,7.00512273185091e-08,6.237125345110451e-08,6.237100093100974e-08
2015-10-20,2.7192905776604844e-07,2.366563826396613e-07,2.366363056928435e-07
2015-10-21,8.215148477562004e-08,9.100246605427608e-08,9.107919682441513e-08
2015-10-22,9.151167325118968e-08,8.0924912601013e-08,8.091221620059115e-08
2015-10-23,7.316627975435852e-08,8.260093873146909e-08,8.261750997203599e-08
2015-10-26,8.791377100251425e-08,9.552436002412454e-08,9.549184520950862e-08
2015-10-27,4.56243536798467e-08,3.504276427231529e-08,3.509313768666743e-08
2015-10-28,1.3061878518967517e-08,2.450790800052028e-08,2.4532183737830938e-08
2015-10-29,3.8048761535478836e-08,4.641829257583092e-08,4.64106402252574e-08
2015-10-30,9.528408000425981e-07,9.1105387682836e-07,9.111533949634397e-07
2015-11-02,2.718240190008174e-07,2.51502042876201e-07,2.5125016683320566e-07
2015-11-03,3.170219971580953e-08,4.569063772802017e-08,4.569682144770135e-08
2015-11-04,2.3128063437509146e-07,2.03306793585266e-07,2.0337710336846448e-07
2015-11-05,9.116055513212714e-08,9.736778860837207e-08,9.74203385109379e-08
2015-11-06,6.240528656036866e-08,6.995041756597094e-08,6.992868974081982e-08
2015-11-09,6.915350355241401e-08,7.250805817939165e-08,7.251728208920807e-08
2015-11-10,2.220634121399106e-08,3.5506476432258165e-08,3.548836356233639e-08
2015-11-11,7.71309973551534e-08,7.115656006232733e-08,7.115209105284395e-08
2015-11-12,1.1144690478050665e-07,1.0101761114503491e-07,1.0102055379077659e-07
2015-11-13,5.044833253395604e-07,4.591573800112473e-07,4.592734746903658e-07
2015-11-16,2.634188864543809e-07,2.3011163099027138e-07,2.2985947562568468e-07
2015-11-17,5.996982615998653e-08,5.9419098496810495e-08,5.9362518169216615e-08
2015-11-18,1.5267660546016977e-07,1.6166681790628972e-07,1.6168558724934542e-07
2015-11-19,1.4963163509112592e-07,1.168281416034122e-07,1.168547240832622e-07
2015-11-20,7.518243470729159e-08,8.445483432993616e-08,8.446654088621617e-08
2015-11-23,2.348716383006722e-08,4.141112297033915e-08,4.1412639439688625e-08
2015-11-24,8.050255249870568e-08,7.649293352441214e-08,7.650119274492928e-08
2015-11-25,1.3272587363273124e-07,1.1700544852880555e-07,1.1695017695960012e-07
2015-11-26,1.666952442218843e-08,3.0936463113449196e-08,3.095225409296811e-08
2015-11-27,3.768788037472482e-08,2.823974574750993e-08,2.8246040165761393e-08
2015-11-30,3.662810883888699e-08,4.5474282668864257e-08,4.549137431387998e-08
2015-12-01,4.639514025042647e-08,5.5093063248462675e-08,5.507046355163276e-08
2015-12-02,2.171166296529612e-08,2.9374955264630327e-08,2.9346442243221317e-08
2015-12-03,1.0532596334635284e-07,9.544459911577361e-08,9.543926002359352e-08
2015-12-04,1.7836277870628818e-08,2.1091422201775906e-08,2.108468987717556e-08
2015-12-07,6.288391009120381e-08,5.193473334410542e-08,5.195259739086112e-08
2015-12-08,1.1989745629277915e-07,1.0870084785398454e-07,1.086280438659256e-07
2015-12-09,5.3382116663927775e-08,4.669931540881085e-08,4.670167155173723e-08
2015-12-10,2.328646456862852e-08,2.657416212244261e-08,2.6563448719552075e-08
2015-12-11,1.52838474449385e-08,2.0281789407641268e-08,2.02698414912233e-08
2015-12-14,1.6942530447508573e-08,1.84744778563602e-08,1.8462949061847204e-08
2015-12-15,1.1371162381991201e-07,1.1321746133147579e-07,1.1322513916013879e-07
2015-12-16,3.3278737028103106e-08,3.342076239887996e-08,3.342579399480563e-08
2015-12-17,5.1719331058010194e-08,5.2411961144624103e-08,5.241169393835568e-08
2015-12-18,2.0752296263148657e-08,2.3131990593349152e-08,2.311200959778085e-08
2015-12-21,3.459990838816481e-08,3.165937796844039e-08,3.165174808405017e-08
2015-12-22,1.779583274944948e-08,1.9877213929298695e-08,1.987404048118594e-08
2015-12-23,8.70139300069457e-09,1.1191432188234285e-08,1.1186968794773068e-08
2015-12-24,1.4203845272289257e-08,1.4876011158625598e-08,1.487525862764437e-08
2015-12-25,2.8804579371409733e-08,2.7921360029293577e-08,2.791655534488406e-08
2015-12-28,1.3895882828803271e-08,1.1984177268291906e-08,1.1978130799333721e-08
2015-12-29,3.823994397644137e-08,3.671224843216597e-08,3.671160729777866e-08
2015-12-30,3.018820048719582e-08,2.7497129095581844e-08,2.748651966926604e-08
2015-12-31,1.0317873756822002e-08,8.65022604357424e-09,8.652115479862295e-09
2016-01-01,2.31659007009968e-08,2.063734696694108e-08,2.063613575059503e-08
2016-01-04,3.8372338223727874e-08,3.82537305498069e-08,3.8266910960578315e-08
2016-01-05,4.78512470754086e-08,4.4592125432022746e-08,4.4607093178438174e-08
2016-01-06,1.3898378370844743e-07,1.3511693603480346e-07,1.3506167369621818e-07
2016-01-07,4.5460690437908e-08,4.279825150443704e-08,4.2789221464065464e-08
2016-01-08,2.5760719960826518e-08,2.2473191353184857e-08,2.248181123579784e-08
2016-01-11,2.7935706567189023e-08,2.8569983284572797e-08,2.858326447330807e-08
2016-01-12,2.461939518167372e-07,2.364323768509776e-07,2.3642072200329702e-07
2016-01-13,1.0624529346676161e-07,8.698142178579828e-08,8.686518029424133e-08
2016-01-14,1.8996425817492693e-08,2.4198020412976127e-08,2.424111207620886e-08
2016-01-15,1.5431502726120783e-08,1.925288279290836e-08,1.9239812997771677e-08
2016-01-18,3.2049666159880075e-08,2.907966531513997e-08,2.9073111746776904e-08
2016-01-19,3.528960894884206e-08,3.667480617684354e-08,3.6677227201245474e-08
2016-01-20,5.046991049841051e-08,5.187345447155591e-08,5.1836789636576704e-08
2016-01-21,3.919158236104669e-08,4.1478847921686955e-08,4.145735905789716e-08
2016-01-22,1.8001247534677835e-08,2.1192279532468626e-08,2.1198614576389085e-08
2016-01-25,7.964704792308015e-09,8.374396391167999e-09,8.37007557919343e-09
2016-01-26,1.0244465659293701e-08,9.322070971122271e-09,9.323446468411984e-09
2016-01-27,2.6619855446312628e-08,2.542730687046629e-08,2.5424203121225137e-08
2016-01-28,1.4085563615451071e-08,1.3892628233427571e-08,1.3888726526977796e-08
2016-01-29,5.2772611850286504e-08,5.4243336277588704e-08,5.425172561229567e-08
2016-02-01,4.7552829440556015e-08,5.0462146808187896e-08,5.046902387073599e-08
2016-02-02,1.3966849545247835e-08,1.2196031045979862e-08,1.2209135405550918e-08
2016-02-03,4.95356937231603e-08,4.894404648602538e-08,4.894589077210886e-08
2016-02-04,1.1813292130615607e-08,1.0506006188976242e-08,1.0491289831338918e-08
2016-02-05,1.0077837648280175e-08,8.146563818052125e-09,8.144353496108794e-09
2016-02-08,1.61872769276345e-08,1.369330645532714e-08,1.368995538099702e-08
2016-02-09,2.667875968583773e-08,2.4723632450129516e-08,2.470987024207073e-08
2016-02-10,2.1789761084158922e-08,1.8514364360801436e-08,1.852062620890943e-08
2016-02-11,3.6847846950929516e-08,3.462382739777651e-08,3.4630596305244924e-08
2016-02-12,1.4374008780794666e-08,1.2397089244103383e-08,1.2386230337625273e-08
2016-02-15,2.9618738524023373e-08,2.7719974784047515e-08,2.772123021893607e-08
2016-02-16,1.3764699628888192e-08,1.031814306964831e-08,1.0316369858093976e-08
2016-02-17,1.0296660738025397e-08,8.095854366545938e-09,8.091834409516289e-09
2016-02-18,2.3099600860520223e-08,2.0913411982011534e-08,2.0915907371219505e-08
2016-02-19,7.584065713571357e-08,8.30749364373764e-08,8.305474607707154e-08
2016-02-22,1.337198757845534e-08,1.2032302604938154e-08,1.2052505130391952e-08
2016-02-23,3.661037548194075e-08,3.943163701726801e-08,3.9438318995642186e-08
2016-02-24,3.73204741935985e-08,3.431724413900563e-08,3.433214987692844e-08
2016-02-25,2.5083968375521315e-08,2.4285533914013666e-08,2.4308310944010836e-08
2016-02-26,3.181029489285093e-08,3.1322608033682096e-08,3.131808588461602e-08
2016-02-29,2.0516488946182915e-08,1.71454654512271e-08,1.712452228382962e-08
2016-03-01,3.269279375908055e-08,2.8748259316315382e-08,2.874986733211148e-08
2016-03-02,8.577957492183184e-08,8.958936663958734e-08,8.9561366672344e-08
2016-03-03,3.4723161300169035e-08,3.342249491537693e-08,3.344834224755194e-08
2016-03-04,7.808110204569716e-08,7.589594905560309e-08,7.588686423067443e-08
2016-03-07,4.640520767702331e-08,4.547251656680686e-08,4.553864162475295e-08
2016-03-08,2.2355542276646706e-08,1.965669033506799e-08,1.965531809061014e-08
2016-03-09,2.447451153147012e-08,2.1705758768794812e-08,2.1721221682678037e-08
2016-03-10,1.9542568892430766e-08,1.7490449124429448e-08,1.7498138588822474e-08
2016-03-11,8.543472826267684e-08,8.32293798933618e-08,8.324205560916247e-08
2016-03-14,3.9809487403818195e-08,3.9200180220775046e-08,3.9207276698754414e-08
2016-03-15,3.16456121694884e-08,3.078944247790853e-08,3.079055504114663e-08
2016-03-16,6.636470683672332e-08,6.432549375473374e-08,6.43176845534324e-08
2016-03-17,1.9886277935729025e-08,1.8834103259407666e-08,1.8807718071628228e-08
2016-03-18,3.148395119477084e-08,2.9365076553614735e-08,2.9356445640577158e-08
2016-03-21,1.6423211430627215e-08,1.5414141550184193e-08,1.5420585467311243e-08
2016-03-22,1.3379046605507882e-08,1.1143515360103295e-08,1.113542682223247e-08
2016-03-23,2.903181199891223e-08,2.7183811946303428e-08,2.7174833143743387e-08
2016-03-24,4.4881155042542974e-08,4.2441330008017467e-08,4.245011926066338e-08
2016-03-25,2.112834311664064e-08,1.786218701499687e-08,1.7855101791618953e-08
2016-03-28,2.9261932683793925e-08,3.090987209723911e-08,3.091148339822832e-08
2016-03-29,2.265879308209017e-08,2.1362118255950772e-08,2.1365905004433245e-08
2016-03-30,1.9004072911669088e-08,1.8507199511465333e-08,1.8511206950775533e-08
2016-03-31,6.329043602661485e-08,6.120908931444958e-08,6.120747780315255e-08
2016-04-01,1.9902427886975255e-08,1.745695709435295e-08,1.7442039824923932e-08
2016-04-04,1.999772404577048e-08,1.7500841110139623e-08,1.749531403367803e-08
2016-04-05,7.437344517522125e-08,7.886564408665077e-08,7.890515007264567e-08
2016-04-06,1.1230696272017988e-08,9.025869810103509e-09,9.051646852740054e-09
2016-04-07,1.9698019396086273e-08,1.737096804014102e-08,1.7367991857002102e-08
2016-04-08,1.3690870423326293e-08,1.0537138393170593e-08,1.0534102693213153e-08
2016-04-11,1.0368419230749724e-07,1.043244922016548e-07,1.043367983934287e-07
2016-04-12,4.9687461410299085e-08,5.083640142646756e-08,5.078236625492125e-08
2016-04-13,3.4332769241512965e-08,3.259988577791438e-08,3.2612768378228455e-08
2016-04-14,1.6985214868765897e-07,1.7239052881054508e-07,1.7243191840513367e-07
2016-04-15,3.322016400996356e-08,3.3436824338439406e-08,3.349082970484648e-08
2016-04-18,3.914188166082093e-08,3.694363092069201e-08,3.693636396431613e-08
2016-04-19,3.278762107389531e-08,3.0469853561496225e-08,3.047352228662257e-08
2016-04-20,2.1451150773824088e-08,1.97728658876572e-08,1.9761241034895744e-08
2016-04-21,2.4018895001570238e-08,2.1155168086518513e-08,2.1153737602190746e-08
2016-04-22,3.991724989762658e-08,4.230561201000337e-08,4.2311620335272316e-08
2016-04-25,1.9375300790934924e-08,1.9600187754190818e-08,1.9615748678009615e-08
2016-04-26,2.4066674236088492e-08,2.257989312520891e-08,2.2577555599092394e-08
2016-04-27,1.5503156974053555e-08,1.3750224575340544e-08,1.3744640142087905e-08
2016-04-28,1.8354472737282212e-08,1.6755014950831982e-08,1.6749122987872767e-08
2016-04-29,9.725192286365507e-09,8.237194304821593e-09,8.23423762325998e-09
2016-05-02,1.4621505342412605e-08,1.1334573544128006e-08,1.1332796254065899e-08
2016-05-03,1.8301020689141783e-08,1.5532094326643536e-08,1.5528701426491644e-08
2016-05-04,4.143214016539533e-08,4.354291103430278e-08,4.354151878234482e-08
2016-05-05,3.1506438686772135e-08,3.316412714683685e-08,3.314864448056449e-08
2016-05-06,4.041725274117349e-08,4.095938852102651e-08,4.093730739592532e-08
2016-05-09,1.391391643661671e-08,1.498865244813186e-08,1.4993935117431547e-08
2016-05-10,2.1318528038107257e-08,1.780519345512313e-08,1.7810520970784804e-08
2016-05-11,5.373355274504697e-08,5.67775244145994e-08,5.6782221618491354e-08
2016-05-12,3.279986817666984e-08,3.007328773415222e-08,3.007242620359958e-08
2016-05-13,3.5750737679152955e-08,3.400681079272598e-08,3.401524605584973e-08
2016-05-16,2.3436646537122345e-08,2.114627195047891e-08,2.1157703483316458e-08
2016-05-17,2.8620987806981968e-08,2.5341978966244837e-08,2.533902508885075e-08
2016-05-18,8.319267460277744e-08,8.747588174286869e-08,8.748348854867588e-08
2016-05-19,3.777132605825541e-08,3.58396323792851e-08,3.58171015244537e-08
2016-05-20,1.44022609962403e-08,1.2943179325711147e-08,1.2933957214422238e-08
2016-05-23,3.7314269405905834e-08,3.627410678539864e-08,3.6276745225801166e-08
2016-05-24,1.436623554117701e-08,1.2253405430908398e-08,1.2256167507832409e-08
2016-05-25,9.338958370124397e-08,9.728596376681426e-08,9.730054964506507e-08
2016-05-26,2.2582441070936165e-08,2.0789657879036406e-08,2.081684590156188e-08
2016-05-27,5.204040672836252e-08,5.213687548029719e-08,5.2144475613211914e-08
2016-05-30,1.2768451807301085e-07,1.3013635723457177e-07,1.300740054413353e-07
2016-05-31,2.611219436461625e-08,2.537375510223199e-08,2.5283461473601244e-08
2016-06-01,2.2859439225291078e-08,2.157235650568663e-08,2.1566500976619684e-08
2016-06-02,2.6910256102376637e-08,2.7231978165335496e-08,2.7227822551732513e-08
2016-06-03,2.9743532592947185e-08,2.6067171358101988e-08,2.607706021917617e-08
2016-06-06,5.424430121031117e-08,5.475469193534334e-08,5.4763051168635484e-08
2016-06-07,4.235909607799227e-08,3.8579587101896835e-08,3.857423885689484e-08
2016-06-08,1.3480564326991408e-08,1.2447939061181809e-08,1.243510283688745e-08
2016-06-09,1.7857392629726297e-07,1.7441147384786956e-07,1.7444216097970678e-07
2016-06-10,1.3061101513379434e-08,1.2570709994002782e-08,1.2619028720515781e-08
2016-06-13,3.8631404776742375e-07,3.9481504764898295e-07,3.948495212251838e-07
2016-06-14,2.1824369205735832e-08,2.1899743208556656e-08,2.2012021786686967e-08
2016-06-15,2.0048854181573097e-07,1.9039144429842114e-07,1.9040131199936722e-07
2016-06-16,3.119038055212341e-08,3.472823950678824e-08,3.4785647597238426e-08
2016-06-17,2.01672702034007e-08,2.1702861128403992e-08,2.16809908470855e-08
2016-06-20,4.871482982971717e-08,4.880922152925909e-08,4.880763257554471e-08
2016-06-21,3.2084707268545193e-08,3.398482407085651e-08,3.3965720229924736e-08
2016-06-22,9.768684840119264e-09,1.0990006789763106e-08,1.0972596257062552e-08
2016-06-23,2.036643547806959e-08,1.9853647815053626e-08,1.9849348952119914e-08
2016-06-24,1.7914892128512213e-07,1.8012853777823007e-07,1.8017648963921832e-07
2016-06-27,1.4593514262632161e-08,1.5159987120933677e-08,1.5205637319581078e-08
2016-06-28,1.177832407349622e-08,1.148381383754088e-08,1.1473576675923097e-08
2016-06-29,3.229699110674706e-08,3.126519788770714e-08,3.1255689055073495e-08
2016-06-30,1.2409143626339763e-08,1.103233108604672e-08,1.0999284544794037e-08
2016-07-01,1.527012696611359e-08,1.3413314042570327e-08,1.3410432610739444e-08
2016-07-04,4.690137559393226e-08,4.556629974366124e-08,4.557275170926123e-08
2016-07-05,5.7833352303258765e-08,5.50825364106236e-08,5.502833377748884e-08
2016-07-06,3.987813277844003e-08,3.8380030312780766e-08,3.839857776696787e-08
2016-07-07,9.13379526798913e-08,8.730333159663292e-08,8.73672604001641e-08
2016-07-08,2.127615289252073e-08,1.9193148830664233e-08,1.9182928886872332e-08
2016-07-11,4.619634750916951e-08,4.485104842991482e-08,4.4844820161531014e-08
2016-07-12,2.0649177373487167e-07,2.0448528765452875e-07,2.0434742445503573e-07
2016-07-13,1.1069162033986577e-08,1.2058669870580421e-08,1.2099122419155939e-08
2016-07-14,4.2311983958385737e-07,4.052074534779203e-07,4.052306527133279e-07
2016-07-15,7.023100965861839e-08,7.145655196299314e-08,7.158917496092046e-08
2016-07-18,2.4905915730483683e-08,2.7014447503916705e-08,2.697177732151662e-08
2016-07-19,8.648192933935666e-08,8.485636242437865e-08,8.484682735335205e-08
2016-07-20,5.7054747916954815e-08,5.944971701046913e-08,5.9428799161087476e-08
2016-07-21,5.362285555456068e-08,5.23307292939748e-08,5.235669522869472e-08
2016-07-22,5.761048326056484e-08,5.118238040707006e-08,5.118586205899974e-08
2016-07-25,6.749901714511593e-08,6.126213661934031e-08,6.123834949614127e-08
2016-07-26,3.1778476337381694e-08,3.4936011514863474e-08,3.4916823105225924e-08
2016-07-27,1.3525287574875788e-07,1.1925294444841718e-07,1.1932042802960688e-07
2016-07-28,3.424440904730421e-08,3.5246872093564884e-08,3.5250587105500633e-08
2016-07-29,4.392078848016691e-08,3.81629995447025e-08,3.813850783434575e-08
2016-08-01,5.6144897028596674e-08,5.561785778820482e-08,5.564062013264048e-08
2016-08-02,2.8376822934228828e-08,3.034565825272902e-08,3.0335606841018485e-08
2016-08-03,5.989246196480194e-08,6.174085417310297e-08,6.171019844071969e-08
2016-08-04,2.9214300275882796e-08,3.124642102678868e-08,3.1247479953046644e-08
2016-08-05,3.3364059897989644e-08,3.6320320253950066e-08,3.63183667798695e-08
2016-08-08,2.2768306152387987e-07,2.1084974616143036e-07,2.1094744234891567e-07
2016-08-09,1.0980759076732054e-07,1.1107074555395506e-07,1.1106353900502878e-07
2016-08-10,6.014546963590372e-08,5.8519822173909006e-08,5.847959713022945e-08
2016-08-11,1.7278373553524858e-08,2.099041778215344e-08,2.0968791982128148e-08
2016-08-12,1.5813178272414125e-08,1.798795670469007e-08,1.796776857183101e-08
2016-08-15,1.0529379952078986e-07,9.35109738279682e-08,9.349079856450326e-08
2016-08-16,2.4684789099657252e-08,2.5037682041692464e-08,2.5069487608497955e-08
2016-08-17,4.986048267763768e-08,5.301670683325617e-08,5.302244799415303e-08
2016-08-18,2.5013175246332653e-08,2.7057804189041644e-08,2.7071790957568257e-08
2016-08-19,4.358634597460638e-08,4.26351025419146e-08,4.264146866039781e-08
2016-08-22,1.8545783007554667e-08,2.0636311276896953e-08,2.062046494378417e-08
2016-08-23,8.223148632780387e-08,8.152940208357577e-08,8.150740031130078e-08
2016-08-24,2.588872918115258e-08,2.6428096673795725e-08,2.6379064601470828e-08
2016-08-25,4.0875560420140995e-08,4.085866429922218e-08,4.0837632353418317e-08
2016-08-26,9.526579074965138e-08,8.914049841373439e-08,8.917135832509441e-08
2016-08-29,1.2388363635412383e-07,1.237596482429883e-07,1.2382099743539264e-07
2016-08-30,5.460114953090316e-07,5.329347256782134e-07,5.331642416112503e-07
2016-08-31,3.987507412701601e-08,4.3208984968059756e-08,4.335163475813188e-08
2016-09-01,1.3330014974996344e-07,1.3447959434836973e-07,1.3450361206215527e-07
2016-09-02,9.429160672054664e-07,8.691466443203233e-07,8.698363341897484e-07
2016-09-05,2.7835365465113913e-07,2.3295306883662131e-07,2.3271051910036284e-07
2016-09-06,2.4965430711255237e-08,3.6691780054558184e-08,3.680979037432779e-08
2016-09-07,1.1507237483187092e-07,1.0652677109889009e-07,1.0651685584789223e-07
2016-09-08,4.3494703350967163e-08,4.290653404018016e-08,4.289370186409998e-08
2016-09-09,3.3012648788165514e-08,4.823724380202323e-08,4.821903002197946e-08
2016-09-12,4.848230268749696e-08,5.8056129474805283e-08,5.8032606758796805e-08
2016-09-13,2.3316553263802517e-07,2.0095685675147524e-07,2.010316986290613e-07
2016-09-14,5.3789895769798707e-08,4.488568222662315e-08,4.486300088594201e-08
2016-09-15,3.2613797643267434e-08,4.513862059741597e-08,4.517047990454256e-08
2016-09-16,7.03911798912237e-08,6.320472608862505e-08,6.318624716556404e-08
2016-09-19,8.215329338266902e-08,9.144291938934242e-08,9.143900232055236e-08
2016-09-20,1.1324439673191767e-07,1.059971779902927e-07,1.0593791522755363e-07
2016-09-21,1.0696524517813694e-07,8.124416598167638e-08,8.133528431498383e-08
2016-09-22,2.6616991391863762e-08,2.9570653893035924e-08,2.959270511938619e-08
2016-09-23,1.673288744058873e-08,2.8959099571553418e-08,2.8939420205598282e-08
2016-09-26,5.41720916739188e-08,6.215694631778886e-08,6.213635315577864e-08
2016-09-27,1.0960161456772368e-07,1.0743749294084182e-07,1.074292396639198e-07
2016-09-28,5.0716676413787254e-08,5.646298268994283e-08,5.64460977223213e-08
2016-09-29,2.505704052213232e-08,2.8867710322664182e-08,2.888122753832161e-08
2016-09-30,3.198222109387696e-08,3.824211079723943e-08,3.824119860726536e-08
2016-10-03,1.5328993445023522e-08,2.0926629924514866e-08,2.09013773398653e-08
2016-10-04,1.4001742659877008e-08,1.7195218430906703e-08,1.7190793510034343e-08
2016-10-05,8.675862687246974e-08,7.809664380583909e-08,7.809764278577815e-08
2016-10-06,1.3844424266743262e-08,1.797984044254001e-08,1.801979073357507e-08
2016-10-07,1.5403721604814705e-08,1.6823996236609447e-08,1.6821482111795095e-08
2016-10-10,2.70305603168109e-08,2.6164061936642933e-08,2.6163591328902775e-08
2016-10-11,1.1723518705140936e-08,1.3377872942840233e-08,1.3384269819576438e-08
2016-10-12,3.580971883694623e-08,3.583164694341749e-08,3.582791534045807e-08
2016-10-13,3.736473719428825e-08,3.4508123320176975e-08,3.449247431367677e-08
2016-10-14,1.6702820718935645e-08,1.6481733935260186e-08,1.6467288240563968e-08
2016-10-17,3.010782410653487e-08,2.6755870719285817e-08,2.6769320015704635e-08
2016-10-18,5.192121356088653e-08,5.156274471762984e-08,5.1557856902905164e-08
2016-10-19,1.4291242101684525e-08,1.3149118850838683e-08,1.3137601340550627e-08
2016-10-20,8.249087326631962e-08,8.135480484162949e-08,8.134980155898485e-08
2016-10-21,1.890588341692881e-08,1.8502382075613928e-08,1.848000401083449e-08
2016-10-24,5.386580828847474e-08,5.335311611373757e-08,5.336379370955958e-08
2016-10-25,1.5821063797721382e-08,1.3225783192507154e-08,1.3205808424658624e-08
2016-10-26,1.2099426427704795e-08,1.0689826918763956e-08,1.0699072331590245e-08
2016-10-27,2.7255760108921822e-08,2.9322243065121234e-08,2.9326191570099868e-08
2016-10-28,6.83411465146545e-08,7.250738352641687e-08,7.247263503440763e-08
2016-10-31,2.0580831580922284e-08,1.8915214150270484e-08,1.894747755389511e-08
2016-11-01,2.7624824587910465e-08,2.5553753863565134e-08,2.5545031112566865e-08
2016-11-02,1.1176555673547427e-07,1.1370109261962096e-07,1.1376712516839716e-07
2016-11-03,2.0090098405307017e-08,1.9115273081011916e-08,1.9160423027571535e-08
2016-11-04,1.7074942544592134e-08,1.6359503840529275e-08,1.635038089450789e-08
2016-11-07,1.6628886059485714e-08,1.6339182335207406e-08,1.6328192803098447e-08
2016-11-08,1.1366578698341736e-07,1.1502003684174262e-07,1.1504104674732351e-07
2016-11-09,1.2611532417655683e-08,1.1008852347624443e-08,1.0993781766762585e-08
2016-11-10,3.211484758146114e-08,3.182964871461819e-08,3.182366749887598e-08
2016-11-11,4.664099996228623e-08,4.416856764930656e-08,4.4151555629890953e-08
2016-11-14,2.5824052757340255e-08,2.2502581666920462e-08,2.2505641735144836e-08
2016-11-15,3.2945674804695876e-08,3.257771080039513e-08,3.258058445754878e-08
2016-11-16,1.182105773022468e-08,9.942810065247237e-09,9.946476532732867e-09
2016-11-17,1.9291949725278762e-08,1.736299452479327e-08,1.7362884143770106e-08
2016-11-18,2.3713520982426603e-08,2.3236431481175444e-08,2.3229207080099987e-08
2016-11-21,1.927572102224937e-08,1.6005659770602572e-08,1.6001133441284824e-08
2016-11-22,1.5885096833730762e-08,1.4422734298558146e-08,1.4414004379713166e-08
2016-11-23,2.07101150699001e-08,2.0757393157593512e-08,2.0765742751743285e-08
2016-11-24,5.9402474509507394e-08,5.6475388263357855e-08,5.64878020634995e-08
2016-11-25,1.1507228803141174e-08,1.0788343268865435e-08,1.0773286880154597e-08
2016-11-28,9.816255675431727e-09,9.230719347096678e-09,9.226201486712949e-09
2016-11-29,2.595767732178807e-08,2.395211426738401e-08,2.395258719470236e-08
2016-11-30,1.4495268872436883e-08,1.1159583284404576e-08,1.1155196010368951e-08
2016-12-01,3.7245755012996105e-08,3.5971346354458926e-08,3.5961179531191085e-08
2016-12-02,3.4392845736637425e-08,3.73130256526217e-08,3.7321290518224234e-08
2016-12-05,2.76564342134196e-08,3.150387728210884e-08,3.1487824064767905e-08
2016-12-06,1.1570503505431902e-07,1.249587978204671e-07,1.2490085674136402e-07
2016-12-07,8.11352592201871e-08,8.051826316204584e-08,8.045410567480326e-08
2016-12-08,1.4783202744487754e-08,1.4581073048499047e-08,1.4577299042179425e-08
2016-12-09,2.224753630412282e-08,2.2149555995816104e-08,2.215886832683389e-08
2016-12-12,4.8118897998304144e-08,4.665162472153438e-08,4.6656789975722386e-08
2016-12-13,2.0057668878194055e-08,2.050556952608406e-08,2.0519097196560693e-08
2016-12-14,2.693379924111411e-08,2.6600193343536786e-08,2.6607971881677594e-08
2016-12-15,1.5431181038784976e-08,1.3689579348547363e-08,1.3680883388179665e-08
2016-12-16,1.2297606812130138e-07,1.2214799657589445e-07,1.2216622696927704e-07
2016-12-19,1.5084750321667603e-08,1.453062522114744e-08,1.4568675640964894e-08
2016-12-20,9.412092312602811e-09,7.606402982860258e-09,7.60452192005955e-09
2016-12-21,1.2298294662906961e-08,1.0067089441789708e-08,1.0066469071824162e-08
2016-12-22,2.057730345296072e-07,2.1246950981320776e-07,2.1244332996092677e-07
2016-12-23,4.7756126863602296e-08,4.9440755044530756e-08,4.949209956306599e-08
2016-12-26,1.1871620104415782e-07,1.1399950827384861e-07,1.1399387477134496e-07
2016-12-27,5.590027161476582e-08,5.546040070813683e-08,5.550192478412393e-08
2016-12-28,1.8199277149861002e-08,1.9496823685583864e-08,1.9471866967347358e-08
2016-12-29,1.8343116593161703e-08,1.7866517359839298e-08,1.7854890625650353e-08
2016-12-30,1.3682786873131403e-08,1.2505750988451301e-08,1.24944182443054e-08
2017-01-02,1.29220899675933e-08,1.1755806492220274e-08,1.1750970356469117e-08
2017-01-03,1.6828572689019893e-07,1.695047003413464e-07,1.695191743898867e-07
2017-01-04,4.21629902665423e-08,4.129077420953151e-08,4.136042797082902e-08
2017-01-05,1.1803356405532024e-07,1.15750325046622e-07,1.1577066030769093e-07
2017-01-06,1.4124435531241405e-08,1.574029389046758e-08,1.5793645353957147e-08
2017-01-09,9.637491885875919e-08,9.077651065229575e-08,9.078278092930282e-08
2017-01-10,3.626573374009563e-08,3.3288937541273334e-08,3.3247942595318415e-08
2017-01-11,3.6547486501643106e-08,3.828383247771767e-08,3.827083841883707e-08
2017-01-12,2.5832856405353534e-08,2.84271338169191e-08,2.8438478580581882e-08
2017-01-13,3.8272264696801706e-08,3.8252214679846675e-08,3.825625655834723e-08
2017-01-16,4.6540594392187666e-08,4.505416132994983e-08,4.5042969393344394e-08
2017-01-17,4.6425027432867736e-08,4.438435932160586e-08,4.436741312708409e-08
2017-01-18,3.022030482610822e-08,2.985409040423061e-08,2.9865292799179315e-08
2017-01-19,3.156673464551009e-08,3.1351759216021566e-08,3.135217929679168e-08
2017-01-20,8.436829309090507e-08,8.168852569127314e-08,8.167820301728551e-08
2017-01-23,2.8951225069027684e-08,2.9479394994272193e-08,2.9493838428959852e-08
2017-01-24,1.4047031026289084e-08,1.4414816497012376e-08,1.4402015020001643e-08
2017-01-25,1.1251678428940311e-07,1.1105086969572354e-07,1.1106483098418262e-07
2017-01-26,4.4696342690064e-08,4.254794899064732e-08,4.245946431216147e-08
2017-01-27,1.6003062669028984e-08,1.568395967418709e-08,1.5685311808366354e-08
2017-01-30,2.6317822048705758e-08,2.5522497330602758e-08,2.5522320174095067e-08
2017-01-31,4.766813050922615e-08,4.540602175049779e-08,4.543234713419604e-08
2017-02-01,1.9007120671837958e-08,1.565348553132777e-08,1.5649036797859907e-08
2017-02-02,2.5583728916523357e-08,2.40291426270832e-08,2.4030265204924348e-08
2017-02-03,1.7906677620850308e-08,1.6395260560287743e-08,1.6377356994062808e-08
2017-02-06,1.1656625924065197e-07,1.1951293173175664e-07,1.195486843908213e-07
2017-02-07,1.591081947655391e-08,1.612932503121443e-08,1.615775336558055e-08
2017-02-08,2.3973526755733216e-08,2.3365310520969597e-08,2.335777043243315e-08
2017-02-09,7.683258331066156e-08,7.43931053859061e-08,7.438943498290663e-08
2017-02-10,2.028838770790838e-08,2.0002720856388936e-08,2.0022091125392195e-08
2017-02-13,2.6183663052709848e-08,2.5508802665305592e-08,2.5513606557161917e-08
2017-02-14,2.3327894638176193e-08,2.295009259896312e-08,2.2950139045093518e-08
2017-02-15,2.5929221999418583e-08,2.4896625013107022e-08,2.489055232289597e-08
2017-02-16,9.911192077870834e-08,9.898245731988576e-08,9.900082574678839e-08
2017-02-17,5.0136858865447366e-08,4.945666059308865e-08,4.949283628981454e-08
2017-02-20,1.1538512709456814e-07,1.0775983447712647e-07,1.0775539452789441e-07
2017-02-21,2.343947274135764e-07,2.234239317287781e-07,2.2326865281644476e-07
2017-02-22,1.8886155267944537e-08,2.2630944204340552e-08,2.2732856959775203e-08
2017-02-23,1.7826963604019515e-08,1.9988372169586084e-08,1.9994850647106778e-08
2017-02-24,1.7315423673788725e-08,1.761104565995614e-08,1.7603033385791793e-08
2017-02-27,3.064503765282744e-08,3.067786968678332e-08,3.0669110475093954e-08
2017-02-28,2.249413029599281e-08,2.148514618430632e-08,2.1469332661825824e-08
2017-03-01,1.9523961199268737e-08,1.9957346880662265e-08,1.9947395695081517e-08
2017-03-02,7.998143543888165e-08,7.703942105963016e-08,7.702953631894988e-08
2017-03-03,1.569816485244904e-08,1.3848141304591052e-08,1.3836305022154243e-08
2017-03-06,2.3887272547032064e-08,2.3126385918308346e-08,2.3127241290970535e-08
2017-03-07,1.7871607666247178e-08,1.6205976915998438e-08,1.619788886746758e-08
2017-03-08,2.3779590678039776e-08,2.4242432930927374e-08,2.4252566978893653e-08
2017-03-09,2.2046859553808627e-08,2.0588606252661253e-08,2.0587824435818485e-08
2017-03-10,2.5279530126323494e-08,2.3627854655342927e-08,2.3637997270908677e-08
2017-03-13,2.8407964485178368e-08,2.5238327317383248e-08,2.5251671120163424e-08
2017-03-14,6.279580457891333e-08,6.195811998014095e-08,6.196135803482304e-08
2017-03-15,2.30108052486324e-08,2.4421489019563928e-08,2.4419106204632178e-08
2017-03-16,1.2611475932180006e-07,1.1798319299436464e-07,1.1794360515908352e-07
2017-03-17,1.3236756040032214e-08,1.3430785361256249e-08,1.3461226791523897e-08
2017-03-20,1.768310985638745e-08,1.7767948220146034e-08,1.7766487558366056e-08
2017-03-21,2.1322651410947732e-08,1.9449038538300615e-08,1.9443181749780623e-08
2017-03-22,5.6033855985762426e-08,5.2499143293043484e-08,5.246849167656136e-08
2017-03-23,1.6175746312242156e-08,1.5356512227849467e-08,1.5352582634363195e-08
2017-03-24,2.9209737521508352e-08,2.8222790323409498e-08,2.8215941031952475e-08
2017-03-27,1.4911304014979772e-08,1.3522589168868837e-08,1.3507314846820541e-08
2017-03-28,1.1846038333906222e-08,9.03767497418341e-09,9.026599295815581e-09
2017-03-29,1.0920886419370452e-07,1.1434634574551468e-07,1.1438049807856276e-07
2017-03-30,3.939894082364788e-08,3.633535169693762e-08,3.6335142722754665e-08
2017-03-31,3.698401525292113e-08,3.2556270236337343e-08,3.2555135746198925e-08
2017-04-03,2.0826182154074626e-07,2.0822442939567158e-07,2.082663534439316e-07
2017-04-04,1.4098039927379395e-08,1.476943858153162e-08,1.4822046747131092e-08
2017-04-05,1.852983340247451e-08,1.9976100444485087e-08,1.9991535797065294e-08
2017-04-06,1.8258740489260713e-07,1.8088227776579046e-07,1.8093906795432199e-07
2017-04-07,1.7807853036712617e-08,1.9957070121867425e-08,1.9956458949534426e-08
2017-04-10,1.3706545419735833e-07,1.325365970730433e-07,1.32543240575827e-07
2017-04-11,7.981549366694087e-08,8.08531311846945e-08,8.08720086130962e-08
2017-04-12,1.0508725297943374e-08,1.1537047460202739e-08,1.150931458412267e-08
2017-04-13,2.4499941531336484e-08,2.25180188400412e-08,2.2512276264190984e-08
2017-04-14,2.3521667181864317e-08,2.3607396770874926e-08,2.360956343499495e-08
2017-04-17,4.658966557853848e-08,4.203245443601178e-08,4.202060860616783e-08
2017-04-18,1.285277728839502e-08,1.2728288386547495e-08,1.2718401657555752e-08
2017-04-19,1.5514830948852119e-07,1.4876083420200822e-07,1.4877875924369896e-07
2017-04-20,3.0643578172109886e-08,2.773062098870048e-08,2.7807282878436048e-08
2017-04-21,7.371689760733494e-08,6.422613568739783e-08,6.422957652387824e-08
2017-04-24,8.123789507587626e-08,8.458327967200541e-08,8.46307572577204e-08
2017-04-25,4.975688065321199e-08,4.66346643775173e-08,4.6628048442710036e-08
2017-04-26,4.065066853521003e-08,3.708795934096397e-08,3.709384008921146e-08
2017-04-27,9.1519890909352e-08,8.926811684466425e-08,8.925320373786965e-08
2017-04-28,1.6582021111707002e-08,1.9705951277517185e-08,1.9741651298504254e-08
2017-05-01,1.494244479895762e-08,1.7631129404540615e-08,1.7625441896705364e-08
2017-05-02,6.289130809733726e-08,6.263244218121841e-08,6.262124875272024e-08
2017-05-03,2.6025237688838572e-08,2.2125039605621887e-08,2.214813255786089e-08
2017-05-04,1.1767046210713703e-08,1.2526087688777267e-08,1.2533396114131664e-08
2017-05-05,1.8060252969133807e-08,1.7383500427191546e-08,1.73765591939849e-08
2017-05-08,1.5861179114857214e-08,1.4851023103555582e-08,1.4845518088297368e-08
2017-05-09,1.9441737596629244e-08,1.7225163005443132e-08,1.7220857754033375e-08
2017-05-10,1.8784897078858026e-08,1.4646139776521045e-08,1.4645546386225764e-08
2017-05-11,2.6101373615038574e-08,2.576438056773733e-08,2.5775899295610693e-08
2017-05-12,1.4368468117958639e-08,1.2725734411311912e-08,1.2714698060595759e-08
2017-05-15,3.170817185987416e-08,3.0941989298375164e-08,3.095904609794895e-08
2017-05-16,5.185904406665334e-08,5.388389726215746e-08,5.385307716782184e-08
2017-05-17,1.782574822710696e-08,1.6105186584703228e-08,1.6133313698892923e-08
2017-05-18,2.173867667158758e-08,1.991668303614478e-08,1.9917759932965435e-08
2017-05-19,2.1782886149468222e-08,2.1294319228507186e-08,2.1281396788390465e-08
2017-05-22,3.4072775348552815e-08,3.1011930841611345e-08,3.1019154337099443e-08
2017-05-23,2.0235021326956503e-08,1.7897642835831626e-08,1.788803147117399e-08
2017-05-24,7.346352894494637e-09,4.9758634518217335e-09,4.966194649754066e-09
2017-05-25,1.1767600938082993e-08,9.499474299214379e-09,9.497036628925797e-09
2017-05-26,2.386180648374248e-08,2.1356867108975872e-08,2.13591314154382e-08
2017-05-29,1.0248156170411477e-08,6.678120080946499e-09,6.669796308821162e-09
2017-05-30,1.2884987230941546e-08,8.748289595881371e-09,8.742899963137214e-09
2017-05-31,3.361115570060073e-08,2.8059429353483215e-08,2.8059831996831886e-08
2017-06-01,1.4142649671211797e-08,1.0294089520286963e-08,1.028870551053482e-08
2017-06-02,3.1386002031613964e-08,3.144756830950621e-08,3.1455584728861125e-08
2017-06-05,1.3164855630826392e-08,1.1525137957941765e-08,1.1521384106588524e-08
2017-06-06,1.3531470348494178e-08,9.544188839349918e-09,9.551020102077044e-09
2017-06-07,1.6645146499294342e-08,1.3333512340352347e-08,1.3333208620711145e-08
2017-06-08,1.2298295020698948e-08,8.950004219833505e-09,8.950135150471667e-09
2017-06-09,1.2856649507556273e-08,8.05569270447569e-09,8.051915552689475e-09
2017-06-12,1.4239954001744981e-08,1.2195145411782014e-08,1.2196091915065128e-08
2017-06-13,1.0568081030498518e-08,6.628436119447511e-09,6.628304152801603e-09
2017-06-14,1.1322735472725451e-08,7.641635014783174e-09,7.637108637558173e-09
2017-06-15,9.072629350515633e-08,1.0380293853766386e-07,1.0380490065485354e-07
2017-06-16,1.3124056231221774e-08,1.1836227526099382e-08,1.1834874803429624e-08
2017-06-19,2.1645236508096636e-08,1.9837083127025985e-08,1.98137946475945e-08
2017-06-20,2.372965084509803e-08,2.0102818065697364e-08,2.011199106551843e-08
2017-06-21,8.040042682536626e-08,7.902464911125978e-08,7.902838678638836e-08
2017-06-22,4.476620263607602e-08,4.161993521182166e-08,4.164173111822707e-08
2017-06-23,2.9113855997404243e-08,2.9243484295386956e-08,2.9225981001669582e-08
2017-06-26,2.3089300985004998e-08,2.0153577558251067e-08,2.0157680510397597e-08
2017-06-27,3.962609020590183e-08,4.116344699978941e-08,4.11636100228289e-08
2017-06-28,1.4562007152172264e-08,1.265415382099712e-08,1.266238860209875e-08
2017-06-29,1.7497518962121766e-08,1.829477802036276e-08,1.8299437092761527e-08
2017-06-30,2.27791238728977e-08,2.0396461347740308e-08,2.0405140924396776e-08
2017-07-03,5.89812742912334e-08,5.914260823801885e-08,5.914967718287573e-08
2017-07-04,2.04228983784493e-08,2.1125232539427122e-08,2.112039494507769e-08
2017-07-05,4.7911083079584054e-08,5.28317587002157e-08,5.2836206831085815e-08
2017-07-06,6.274410298847215e-08,6.268935380835704e-08,6.269344083149112e-08
2017-07-07,4.169402052281638e-08,3.810057815248034e-08,3.8132284187594814e-08
2017-07-10,1.087488006247164e-08,9.711878112678567e-09,9.695939584821282e-09
2017-07-11,5.297228759157016e-08,5.116124282617036e-08,5.115547413618157e-08
2017-07-12,2.3800327178848608e-08,2.3890473275010236e-08,2.3896897933464284e-08
2017-07-13,5.150018146622978e-08,5.07127822554928e-08,5.0715326388518177e-08
2017-07-14,2.8265250475974596e-08,2.5523148539148108e-08,2.5517695938505014e-08
2017-07-17,2.9453776175101978e-08,2.8785050042316114e-08,2.8779396918132237e-08
2017-07-18,2.442589391025246e-08,2.4760914020108603e-08,2.476654489072766e-08
2017-07-19,1.63608836614272e-08,1.4244140913300517e-08,1.423043822061853e-08
2017-07-20,5.8777401415740436e-08,5.6559995803676295e-08,5.654878279036016e-08
2017-07-21,3.875980090912178e-08,3.8989579387133366e-08,3.897961788422102e-08
2017-07-24,2.3413623250919537e-08,2.3012108772234968e-08,2.300692098238075e-08
2017-07-25,2.7134409920637448e-08,2.5550048201287188e-08,2.553521524225911e-08
2017-07-26,1.6582482675444653e-08,1.65325903043407e-08,1.6533542840282836e-08
2017-07-27,4.966194867958774e-08,4.9422806763617887e-08,4.942626726942236e-08
2017-07-28,9.601260022631031e-08,9.903712843399626e-08,9.906987281562941e-08
2017-07-31,4.722574563456484e-08,4.764933684982952e-08,4.769750664261885e-08
2017-08-01,1.4213135557354042e-08,1.3819225544301016e-08,1.3803495408774908e-08
2017-08-02,5.659827545580133e-08,5.649385429093917e-08,5.650334113307015e-08
2017-08-03,3.540613367248687e-08,3.605325300355e-08,3.606819291968907e-08
2017-08-04,4.342379730688242e-08,4.0851237256629945e-08,4.085943782898088e-08
2017-08-07,1.2036784291331339e-08,1.0954300277713347e-08,1.0947587741356396e-08
2017-08-08,1.9192154948198354e-08,1.8768790955135517e-08,1.8777411939303954e-08
2017-08-09,8.702691591625352e-08,8.611424493564183e-08,8.610740243066568e-08
2017-08-10,1.1376333014549578e-08,1.1902494200153397e-08,1.1905938878462377e-08
2017-08-11,3.824861269676631e-08,3.6660310226751486e-08,3.666016830162326e-08
2017-08-14,9.413638700043971e-08,9.37213236851991e-08,9.371473627473647e-08
2017-08-15,1.5423831149977833e-08,1.3039306141943204e-08,1.3059391704105923e-08
2017-08-16,1.1228015018252005e-07,1.0867804796702763e-07,1.086448584179273e-07
2017-08-17,1.1113038584349912e-08,1.1879561912131117e-08,1.1911410150548359e-08
2017-08-18,2.518968777433944e-08,2.5193129161410874e-08,2.5199577233098095e-08
2017-08-21,6.159060258812484e-08,5.991657661174414e-08,5.991593473777583e-08
2017-08-22,2.2989001222544422e-08,2.3965743245237808e-08,2.3967944940462533e-08
2017-08-23,4.017255224477515e-08,3.8695598371746107e-08,3.8696312437355653e-08
2017-08-24,5.8291033048850094e-08,5.260505355782977e-08,5.263924409809832e-08
2017-08-25,4.5109236344491e-08,4.6795327360500887e-08,4.682197797337167e-08
2017-08-28,5.616103894393767e-08,5.054748509377616e-08,5.053358830129851e-08
2017-08-29,3.659409357776771e-08,3.142028012083125e-08,3.143561851381627e-08
2017-08-30,2.9306829211657474e-08,3.064058174185781e-08,3.066348712011455e-08
2017-08-31,5.261240603205764e-08,5.1481628263271893e-08,5.1443386793882216e-08
2017-09-01,6.053957441099242e-08,5.433289682737632e-08,5.434682814397501e-08
2017-09-04,1.5035470702476208e-07,1.3572230516731026e-07,1.3564721821150544e-07
2017-09-05,1.3772291097853403e-07,1.1482928733773715e-07,1.1470127175324033e-07
2017-09-06,6.553188946285451e-08,5.25697742007638e-08,5.260996109078414e-08
2017-09-07,4.3338927836881444e-08,4.614273606583736e-08,4.6136233451478965e-08
2017-09-08,4.464749030384516e-08,5.123682266347654e-08,5.122000706087785e-08
2017-09-11,2.7106869484245682e-08,3.042711224839988e-08,3.0386122930093545e-08
2017-09-12,2.1994298559829513e-08,2.6424492804509776e-08,2.640688953002762e-08
2017-09-13,2.0292762385676235e-08,2.5231284800862452e-08,2.5221768028426798e-08
2017-09-14,2.1269649938928956e-08,2.326814188346709e-08,2.3234954791782548e-08
2017-09-15,3.5866818690501193e-08,3.516053617327456e-08,3.5134693532272534e-08
2017-09-18,1.1610098208238886e-07,1.1375547158326529e-07,1.1370051650345591e-07
2017-09-19,2.03899961198648e-08,2.2908133782269084e-08,2.2841288093901025e-08
2017-09-20,1.8127879106842784e-08,1.8377682017647553e-08,1.835953582939168e-08
2017-09-21,2.0306935115541687e-08,1.9529610764105548e-08,1.9518297922586435e-08
2017-09-22,1.0743459487844786e-08,1.0732512960710181e-08,1.0719976870388577e-08
2017-09-25,2.4661609135409424e-08,2.485070722045365e-08,2.485486005593284e-08
2017-09-26,2.4418392887646526e-08,2.255418281652793e-08,2.2555832899813486e-08
2017-09-27,3.56302908076001e-08,3.594255427262459e-08,3.595104844878051e-08
2017-09-28,3.680602646014662e-08,3.542221819290903e-08,3.543577996123595e-08
2017-09-29,1.4996363871507316e-08,1.3734595863470702e-08,1.3739851332932413e-08
2017-10-02,6.98569105018099e-08,7.256487873713263e-08,7.2570997352284e-08
2017-10-03,1.7456241720432627e-07,1.7631874085890633e-07,1.7625813300826243e-07
2017-10-04,5.205080748524726e-08,5.194367567222995e-08,5.184320741662329e-08
2017-10-05,2.948365935512683e-08,2.839488963715628e-08,2.8406677544666637e-08
2017-10-06,1.1284678751341693e-08,1.2074393592232882e-08,1.209446429484713e-08
2017-10-09,1.0701185542698667e-08,1.0606944776947326e-08,1.0604484639940198e-08
2017-10-10,1.643527018603007e-08,1.5853680168157952e-08,1.5848433745171445e-08
2017-10-11,1.26154158938001e-08,1.0662238567634242e-08,1.0650714129930778e-08
2017-10-12,3.0707362386765535e-08,2.9009155069867822e-08,2.901566372528991e-08
2017-10-13,4.723667251514277e-08,4.4743406558699686e-08,4.475643534397729e-08
2017-10-16,3.159226805060011e-08,2.740727127689982e-08,2.742763324719594e-08
2017-10-17,1.2975103264540971e-08,1.3150771471797914e-08,1.3134932553920822e-08
2017-10-18,1.613706945589862e-08,1.4625306225164067e-08,1.461612472584612e-08
2017-10-19,1.3995305094570308e-07,1.3910992659295647e-07,1.391578292970127e-07
2017-10-20,1.370403176623094e-07,1.3685213289590536e-07,1.367831744868669e-07
2017-10-23,1.8380619044796158e-07,1.8480155200125282e-07,1.8462787667614477e-07
2017-10-24,1.1997707016678407e-07,1.0687859753417959e-07,1.0660541544811347e-07
2017-10-25,5.977049286479804e-08,5.592265950390475e-08,5.595772746240094e-08
2017-10-26,1.623511955665446e-08,1.8542715224989326e-08,1.8552101702409866e-08
2017-10-27,3.2052430520821196e-08,3.220253861310481e-08,3.2208961778257344e-08
2017-10-30,4.700028825301731e-08,4.900566507561443e-08,4.8998112774958857e-08
2017-10-31,2.4804642047037302e-08,2.540220453203785e-08,2.5404665935810137e-08
2017-11-01,2.3355692913361515e-08,2.426992910919763e-08,2.426188364360385e-08
2017-11-02,3.558618242436047e-08,3.77099579007197e-08,3.773233746028561e-08
2017-11-03,1.902641047440612e-08,1.918695759824629e-08,1.919955448960003e-08
2017-11-06,3.8633769500685645e-08,3.989950255933457e-08,3.9908179920539786e-08
2017-11-07,1.8369911520436193e-08,1.831508739499495e-08,1.8303833079092902e-08
2017-11-08,3.6671961841053215e-08,3.763578282273811e-08,3.762638397016542e-08
2017-11-09,1.0728508039279384e-08,1.0027784478333398e-08,1.001709440305084e-08
2017-11-10,4.8475291963204475e-08,4.7304778157939856e-08,4.730763961702639e-08
2017-11-13,2.1497796085036e-08,1.9960006099605556e-08,1.993822231912329e-08
2017-11-14,2.2600908368463172e-08,2.2239565562247854e-08,2.2236322979041187e-08
2017-11-15,2.8694075575669187e-08,2.82670076471094e-08,2.8273611230951124e-08
2017-11-16,2.725152076401213e-08,2.4138371451820953e-08,2.4153488904609418e-08
2017-11-17,3.4631202688123616e-08,3.342619870840915e-08,3.3423290557710495e-08
2017-11-20,1.6116235724354772e-08,1.4206965663073928e-08,1.4202196671976584e-08
2017-11-21,1.5058114243421174e-08,1.272342345678892e-08,1.2723455233799669e-08
2017-11-22,8.235392623877439e-08,8.6084659236813e-08,8.60864019414982e-08
2017-11-23,2.129806390230759e-07,2.122333051196248e-07,2.12189109911387e-07
2017-11-24,1.6575434111647728e-08,1.7474231959727576e-08,1.753812680556616e-08
2017-11-27,2.4162476896889016e-08,2.431645885511203e-08,2.4316477919813003e-08
2017-11-28,1.5134770814762715e-08,1.565823215520018e-08,1.566551226889128e-08
2017-11-29,4.2704213533542455e-08,3.931451543491253e-08,3.9310493664281944e-08
2017-11-30,2.1569092333576397e-08,2.041863806344368e-08,2.0415906461955962e-08
2017-12-01,5.5272373401106725e-08,5.2905024312930986e-08,5.2927358055253855e-08
2017-12-04,2.7244432445529935e-08,2.5261004448908058e-08,2.526094945959845e-08
2017-12-05,6.734139093860346e-09,7.1050505143082875e-09,7.096600129216765e-09
2017-12-06,2.9083648966022003e-08,2.6737982586781848e-08,2.673672815403825e-08
2017-12-07,2.242405762932982e-08,2.027372652417606e-08,2.0261703991179745e-08
2017-12-08,2.4433758500931144e-08,2.2453543957307816e-08,2.2440463361873313e-08
2017-12-11,1.3663902359146944e-07,1.402812115711972e-07,1.4027059376789353e-07
2017-12-12,2.5248278380167387e-08,2.3129069260336563e-08,2.3143360785032458e-08
2017-12-13,3.03014641370404e-08,2.9257651964838443e-08,2.9233718317653834e-08
2017-12-14,8.886650683423271e-08,8.792888468028278e-08,8.793598814210698e-08
2017-12-15,2.4091256637969843e-08,2.3117818469662174e-08,2.308768070204213e-08
2017-12-18,1.576786628480633e-08,1.4774686105188806e-08,1.4757545624824266e-08
2017-12-19,1.7990974212804015e-08,1.7580485869056944e-08,1.7587876174910588e-08
2017-12-20,1.36066054006894e-07,1.4393925680555438e-07,1.439154768830006e-07
2017-12-21,1.9171708587905926e-08,1.844433190864219e-08,1.8451051496854718e-08
2017-12-22,4.649308779787619e-08,4.5193044121256665e-08,4.521035078420946e-08
2017-12-25,3.115126167840087e-08,2.9946323648612914e-08,2.995826984965256e-08
2017-12-26,9.826990678073757e-07,9.853274553001788e-07,9.852739305018818e-07
2017-12-27,6.369429100015287e-08,5.925282899389839e-08,5.92186937845135e-08
2017-12-28,3.895688512602245e-08,3.53923090689852e-08,3.533642573179604e-08
2017-12-29,5.7301178792870804e-08,5.3524616932402607e-08,5.348900533030503e-08
2018-01-01,6.84619074515789e-08,7.389374138734393e-08,7.390078053075728e-08
2018-01-02,2.2652893440015964e-08,2.6361518145763786e-08,2.635360480185341e-08
2018-01-03,2.8985709133677574e-08,3.258022601518684e-08,3.257265637515456e-08
2018-01-04,9.206046893754582e-08,9.043968521246877e-08,9.043552739617946e-08
2018-01-05,2.2937899079108656e-08,2.5282416520411227e-08,2.5275073739589296e-08
2018-01-08,2.4971569036582733e-08,2.8491587423890434e-08,2.8471102073095946e-08
2018-01-09,4.4141373402519143e-08,4.7969897877435126e-08,4.795105367344902e-08
2018-01-10,5.863601630422218e-08,5.984231339939258e-08,5.982531619123766e-08
2018-01-11,3.800692433831397e-08,3.934270885537255e-08,3.930617388959032e-08
2018-01-12,2.388982122386121e-07,2.3716694737435374e-07,2.3721645305851375e-07
2018-01-15,4.2616762298646e-08,4.263239086228195e-08,4.2722425238516024e-08
2018-01-16,6.866335749829843e-08,7.090778096364634e-08,7.090630855492955e-08
2018-01-17,5.3646174858009566e-08,5.7561898380371014e-08,5.751086014258324e-08
2018-01-18,2.5238631683391714e-08,2.679990029496113e-08,2.678168172932859e-08
2018-01-19,4.1673632044856086e-07,4.0148360814835997e-07,4.0161206368566695e-07
2018-01-22,7.9769281345997e-08,7.19305529597776e-08,7.17716632979115e-08
2018-01-23,7.366636142529058e-08,7.24999850009531e-08,7.251908945244504e-08
2018-01-24,1.1905586739053417e-08,1.809888004191784e-08,1.810500066349991e-08
2018-01-25,2.180311338766622e-08,2.6399069949958712e-08,2.6395785735283802e-08
2018-01-26,2.8619514287391398e-08,3.17435367422789e-08,3.172953874107057e-08
2018-01-29,2.698589310779235e-08,2.9111719673311522e-08,2.908702609951217e-08
2018-01-30,4.263404329257754e-08,4.235605320652744e-08,4.2356613710626225e-08
2018-01-31,2.9520080020720204e-08,3.079774063473521e-08,3.078795193856128e-08
2018-02-01,5.1745429848901574e-08,5.313519268508666e-08,5.311732663921581e-08
2018-02-02,3.339546430638742e-08,3.381369628431246e-08,3.379159849718059e-08
2018-02-05,2.0791230998188433e-08,2.066387004607885e-08,2.0647201590544595e-08
2018-02-06,6.848586382414707e-08,6.458587690519683e-08,6.462238218256324e-08
2018-02-07,1.1014824893909659e-07,1.0822715443997686e-07,1.0824580224736448e-07
2018-02-08,1.2712806473686363e-08,1.3972868685604285e-08,1.3928217963012315e-08
2018-02-09,2.1524090202813354e-08,2.0109182488946043e-08,2.0099659380005955e-08
2018-02-12,2.3427125681615455e-08,2.1889684378915608e-08,2.187869872038871e-08
2018-02-13,1.2222388181145734e-07,1.1518380608770571e-07,1.1518942399017715e-07
2018-02-14,3.1473401520459617e-07,2.932369337968664e-07,2.929998316169902e-07
2018-02-15,5.696562951763477e-08,5.4488129395632966e-08,5.4559476927986776e-08
2018-02-16,1.00673365320752e-07,1.0949868376183059e-07,1.0950828710277028e-07
2018-02-19,1.936064624057835e-08,2.464073464939534e-08,2.4644105810232958e-08
2018-02-20,2.3396479788870448e-08,2.6487665506812778e-08,2.647910917259324e-08
2018-02-21,1.7707037016004482e-08,1.8182027799436378e-08,1.8167096990287415e-08
2018-02-22,1.2758415236163859e-08,1.3552783291831382e-08,1.3543734274928114e-08
2018-02-23,1.1535478323846787e-08,1.0849200223645685e-08,1.0842418290754286e-08
2018-02-26,2.990884119251704e-08,2.783294804367745e-08,2.782949895076583e-08
2018-02-27,2.860574572067529e-08,2.7764498611141924e-08,2.7758779843409863e-08
2018-02-28,8.140522286540261e-08,8.822194237676157e-08,8.824027935126012e-08
2018-03-01,4.474687293522286e-08,4.398236052721609e-08,4.402238077945795e-08
2018-03-02,2.1296072742729668e-08,2.214119507251884e-08,2.2171646425389506e-08
2018-03-05,6.666035285216865e-08,6.399595219304914e-08,6.398931224556304e-08
2018-03-06,1.3216952408544743e-08,1.3078539481132483e-08,1.3080054611537265e-08
2018-03-07,3.521897281680591e-08,3.3784215507796674e-08,3.37740256010087e-08
2018-03-08,1.6647992436342682e-08,1.4655613795815531e-08,1.4658043113848651e-08
2018-03-09,2.98235944469718e-08,2.838696107716033e-08,2.8385216237435126e-08
2018-03-12,1.1690122369589056e-07,1.1230222212957732e-07,1.1230939461087475e-07
2018-03-13,3.182214510302243e-08,3.321040033911684e-08,3.321719686080663e-08
2018-03-14,1.3897155486212579e-08,1.310202663565164e-08,1.3091106207518483e-08
2018-03-15,2.6602137269712644e-08,2.7464077440841856e-08,2.7470259750957488e-08
2018-03-16,5.8873297394732646e-08,5.4075241628713316e-08,5.4091851984180467e-08
2018-03-19,1.7204875186349824e-07,1.6217192939321086e-07,1.6219891686195216e-07
2018-03-20,7.00378052883087e-08,6.517752165698021e-08,6.519335110459933e-08
2018-03-21,5.1186188620990274e-08,5.1935486383700463e-08,5.1914907667597215e-08
2018-03-22,1.4633988776818292e-08,1.532060695973652e-08,1.530329854987193e-08
2018-03-23,1.8660631600053733e-08,1.8941757758525863e-08,1.892584618569567e-08
2018-03-26,3.131734375152634e-08,2.6823043619356922e-08,2.681940557166129e-08
2018-03-27,2.174796363344431e-08,1.7937126401613083e-08,1.79387793982967e-08
2018-03-28,2.0131057936113848e-07,1.864635187339656e-07,1.8646951751356658e-07
2018-03-29,1.0112524315799113e-08,1.1245620146825335e-08,1.1229427268332975e-08
2018-03-30,4.2645102553509894e-08,4.6552641203476956e-08,4.6570852996020854e-08
2018-04-02,5.7099360558211464e-08,4.9559792763764885e-08,4.958568539386796e-08
2018-04-03,2.8023707542109443e-08,2.3970492298474198e-08,2.3970984270400933e-08
2018-04-04,1.4349575977285377e-08,1.444719111058515e-08,1.4450136739803533e-08
2018-04-05,5.5360952840476244e-08,5.640655469317561e-08,5.641139495007548e-08
2018-04-06,7.273750157990578e-08,6.836597814338136e-08,6.84315109598204e-08
2018-04-09,3.606619658475751e-08,3.4637812113583566e-08,3.465190887042386e-08
2018-04-10,3.9145871679774414e-07,3.732973700899328e-07,3.7324526003002954e-07
2018-04-11,3.698319236806784e-08,4.208786856647766e-08,4.21690130513576e-08
2018-04-12,3.77136616288077e-08,3.936317194752015e-08,3.9386951631583356e-08
2018-04-13,1.9794898306817155e-08,2.1929433343181112e-08,2.191708140851889e-08
2018-04-16,3.320571257806714e-08,3.0640914725545125e-08,3.063008372148153e-08
2018-04-17,4.702140787168975e-08,4.317102859087419e-08,4.311863862137931e-08
2018-04-18,1.6538079316620434e-07,1.6178706866180463e-07,1.6173217994963907e-07
2018-04-19,6.177296821677362e-08,5.2560924556400854e-08,5.259865218384692e-08
2018-04-20,2.468844300699595e-08,2.4058738899021232e-08,2.404942038694317e-08
2018-04-23,2.8262466858688e-08,2.9632495288270967e-08,2.9618755891365626e-08
2018-04-24,2.2012468695880942e-07,2.2111297088826752e-07,2.2110045338612896e-07
2018-04-25,6.58908258387843e-07,6.771453227601954e-07,6.770322533801622e-07
2018-04-26,4.017094713612762e-08,3.9140527685442855e-08,3.922841069481533e-08
2018-04-27,6.06146394085829e-08,5.2381960108182994e-08,5.2400170398796294e-08
2018-04-30,1.5882941184242115e-07,1.5052296622542799e-07,1.505667891037557e-07
2018-05-01,1.4393629356754628e-07,1.4537147312820871e-07,1.4538828345020905e-07
2018-05-02,3.6795385636797954e-08,3.3734176668889484e-08,3.3740358653454285e-08
2018-05-03,4.100346443902448e-08,4.50322435600396e-08,4.5046287055104464e-08
2018-05-04,5.081033572181247e-08,4.557605148082036e-08,4.557045669669314e-08
2018-05-07,1.047709862269762e-07,9.040299749901762e-08,9.040058252270904e-08
2018-05-08,6.09016116562519e-08,6.523578017804266e-08,6.52690808049723e-08
2018-05-09,5.063162667829841e-08,5.58765420641312e-08,5.588802351045219e-08
2018-05-10,2.7906812239914945e-08,3.2619543685014834e-08,3.262233908454596e-08
2018-05-11,6.279828091903608e-08,6.042928041273623e-08,6.042311558119665e-08
2018-05-14,6.98070095352471e-08,7.105651997888605e-08,7.108569822307202e-08
2018-05-15,2.86037467592837e-07,2.567491695333354e-07,2.567229353031564e-07
2018-05-16,8.959759869762288e-08,8.602360369351781e-08,8.598334441175055e-08
2018-05-17,4.716692138660087e-08,5.55972355863111e-08,5.559703337339855e-08
2018-05-18,6.586884636013561e-08,6.143590677016048e-08,6.145195382154598e-08
2018-05-21,8.601762980702396e-08,8.776037178310459e-08,8.777241325090888e-08
2018-05-22,1.6216938757693218e-08,2.2246038408477515e-08,2.2219416712247158e-08
2018-05-23,7.545920243699816e-08,6.724095506885141e-08,6.722215224630895e-08
2018-05-24,5.696137314546661e-08,5.6301289000308405e-08,5.628980136305985e-08
2018-05-25,2.2081636571217915e-08,2.438895779623543e-08,2.4366896165775997e-08
2018-05-28,1.4127111714056565e-08,1.5816592037877276e-08,1.579600402253022e-08
2018-05-29,1.5451677194789352e-07,1.6303078213916974e-07,1.630456394138278e-07
2018-05-30,1.7203035691283098e-07,1.634653692174608e-07,1.6331796324704463e-07
2018-05-31,9.492757692189574e-08,9.08530940612785e-08,9.094550598965304e-08
2018-06-01,3.668659569763343e-08,4.1851010183480696e-08,4.1815350325777335e-08
2018-06-04,1.5549289497199663e-08,1.794389066460577e-08,1.792258277283144e-08
2018-06-05,2.0191631690871124e-07,1.8068176130041536e-07,1.8070103634148173e-07
2018-06-06,5.122160760786807e-08,5.054506902256311e-08,5.066807330521007e-08
2018-06-07,5.5324823587143884e-08,5.63606575536128e-08,5.636855362458451e-08
2018-06-08,4.172382602261044e-08,4.025034328492718e-08,4.0240268538797315e-08
2018-06-11,2.2045923825589947e-08,2.5269854327512886e-08,2.5250027088217327e-08
2018-06-12,8.115237864995854e-08,7.821765090842089e-08,7.824167676571803e-08
2018-06-13,9.726954226086388e-08,9.636595943678284e-08,9.640456340831701e-08
2018-06-14,3.219711428596428e-08,2.590035221346064e-08,2.593018212220232e-08
2018-06-15,4.139317641102278e-08,4.4286813311537806e-08,4.427513038647185e-08
2018-06-18,3.961279635519654e-08,4.317706993844413e-08,4.3174825078104566e-08
2018-06-19,9.06212509704152e-08,7.729796827692416e-08,7.730442759906077e-08
2018-06-20,9.059293613716156e-08,8.95121080010016e-08,8.94490465033935e-08
2018-06-21,2.9894255788192594e-08,3.4766729868823564e-08,3.478704438051741e-08
2018-06-22,1.6091212165807096e-08,1.6967571832179757e-08,1.6963994472885247e-08
2018-06-25,5.182816692508733e-08,5.089972327306545e-08,5.089898848992141e-08
2018-06-26,3.261158083046399e-08,3.340588681447964e-08,3.337300523005092e-08
2018-06-27,3.73013829648605e-08,3.522276474085104e-08,3.523725859064841e-08
2018-06-28,2.1920815172372186e-08,2.238668480364344e-08,2.2394684474649866e-08
2018-06-29,3.033057274200398e-08,2.633819059557182e-08,2.6335179770272368e-08
2018-07-02,3.0407160498297836e-08,3.218925899460235e-08,3.2195494821744815e-08
2018-07-03,5.796322652597021e-08,5.8222522539850795e-08,5.8233605971502705e-08
2018-07-04,2.6365846549212358e-08,2.6512900978567508e-08,2.6532478580708122e-08
2018-07-05,1.759320524617009e-08,1.5451536644147244e-08,1.545183197181319e-08
2018-07-06,1.6392896823907045e-08,1.571492011877759e-08,1.571222591338671e-08
2018-07-09,4.2405722866392494e-08,3.809242154103625e-08,3.809726832260475e-08
2018-07-10,3.3472075843520286e-08,3.234394358999633e-08,3.2357029423703485e-08
2018-07-11,1.1685088520981611e-07,1.1465472666294012e-07,1.1467748931553425e-07
2018-07-12,1.613348890105774e-08,1.568162883131549e-08,1.571668785630707e-08
2018-07-13,1.3842846860789183e-07,1.2936934472420793e-07,1.2936510713257613e-07
2018-07-16,3.7210699723836996e-08,3.2347574054689274e-08,3.236170793527485e-08
2018-07-17,1.388822090341131e-08,1.651196864365903e-08,1.6524100069701638e-08
2018-07-18,6.056235417675199e-08,6.417307122905482e-08,6.417655251439074e-08
2018-07-19,3.894685537088845e-08,3.3606430944494485e-08,3.362600904220119e-08
2018-07-20,5.4928033576095736e-08,5.3245243035084554e-08,5.32715360261342e-08
2018-07-23,2.4300058028414846e-08,2.276258197460782e-08,2.2750404388225374e-08
2018-07-24,1.1126452123331261e-08,1.1524285938818687e-08,1.1517688062498489e-08
2018-07-25,2.0562623089743666e-08,2.0609512384126676e-08,2.06094149363325e-08
2018-07-26,5.568632543077295e-08,6.14686766892962e-08,6.148262541436425e-08
2018-07-27,5.074094278452125e-08,5.468938052571352e-08,5.469115768141069e-08
2018-07-30,3.0618482038651667e-08,3.224058448455314e-08,3.2236849317258216e-08
2018-07-31,4.5108552398657625e-08,4.651148549559642e-08,4.648132879533114e-08
2018-08-01,6.965903609036758e-08,6.865877475338289e-08,6.869258438378987e-08
2018-08-02,2.4487460511688233e-08,2.2763820892616783e-08,2.273768259722384e-08
2018-08-03,5.789893071631019e-08,5.724824609632291e-08,5.725986757862778e-08
2018-08-06,2.330682801582244e-08,2.4991581558949348e-08,2.5003838776085826e-08
2018-08-07,1.3297402293374815e-08,1.3261315744185436e-08,1.3255168278661984e-08
2018-08-08,4.441310510367625e-07,4.3513226759371046e-07,4.3518110724390235e-07
2018-08-09,2.5931225421219143e-08,2.80106235981934e-08,2.8097071969389003e-08
2018-08-10,1.2621769549568267e-08,1.4558708261431453e-08,1.4573840450042371e-08
2018-08-13,1.6381579087281738e-08,1.7441233055807787e-08,1.744220571995502e-08
2018-08-14,3.293997152946637e-08,3.224827029886078e-08,3.2242633212812884e-08
2018-08-15,3.478440215258002e-08,3.6090779218193405e-08,3.6107216161728576e-08
2018-08-16,2.833290950422217e-08,2.8577884122265178e-08,2.8593786941674905e-08
2018-08-17,4.102688439460413e-08,3.949960857112969e-08,3.949789814970201e-08
2018-08-20,2.3363547508024128e-08,2.303155019339405e-08,2.3018938937877746e-08
2018-08-21,1.20808212767878e-07,1.1966419677676222e-07,1.196899151689409e-07
2018-08-22,1.9767193950702576e-08,1.9383084179857688e-08,1.9390345948087152e-08
2018-08-23,7.173238860903613e-08,7.134972381856485e-08,7.135211724832885e-08
2018-08-24,4.535813470647389e-08,4.633429790471524e-08,4.6354725705621646e-08
2018-08-27,3.7836576358636013e-08,3.654008538996278e-08,3.653997232074252e-08
2018-08-28,2.861746740451161e-08,2.9361057742798382e-08,2.935827592236096e-08
2018-08-29,1.8777247350939742e-08,1.7539068061518472e-08,1.7537834030423403e-08
2018-08-30,3.094477054868946e-08,2.9472368330007182e-08,2.945922612365103e-08
2018-08-31,1.085390645365646e-07,1.0724945542073734e-07,1.0723783332367939e-07
2018-09-03,2.704619469635429e-08,2.3971069668463624e-08,2.3974392735113636e-08
2018-09-04,5.2603986258774244e-08,5.34274347930619e-08,5.3428526199296446e-08
2018-09-05,4.4872323703486095e-08,4.585887246429428e-08,4.587277527320236e-08
2018-09-06,7.908796309993598e-08,7.320040598126123e-08,7.32252709074596e-08
2018-09-07,3.9064268127505184e-08,3.6232470854227196e-08,3.618951261199819e-08
2018-09-10,5.3027464701167466e-08,5.257001425691383e-08,5.2595517576448826e-08
2018-09-11,8.412979870243179e-08,8.58989392177881e-08,8.591088891161947e-08
2018-09-12,1.8271930539893254e-07,1.80563204934919e-07,1.806429392307025e-07
2018-09-13,2.740424338362643e-08,2.537248435162321e-08,2.537750832444883e-08
2018-09-14,1.894149519638241e-08,2.199659581022066e-08,2.1996829551331972e-08
2018-09-17,4.240592534675615e-08,4.1181716606614523e-08,4.117465881492808e-08
2018-09-18,4.0491078720520034e-08,4.0571016817550634e-08,4.055944638834941e-08
2018-09-19,1.56388575731013e-08,1.7281009967401816e-08,1.7240198005787734e-08
2018-09-20,6.213216796863735e-08,6.059850861523146e-08,6.060266176733562e-08
2018-09-21,6.141280589298754e-08,5.983798114536927e-08,5.984680604216851e-08
2018-09-24,2.1593671896107195e-07,2.0511252955279525e-07,2.0517790199859885e-07
2018-09-25,3.876463866014248e-08,3.9976936573433226e-08,4.001010030523857e-08
2018-09-26,1.848228541688849e-07,1.7221986239720588e-07,1.7219843546666622e-07
2018-09-27,2.2891867650840077e-08,2.5232289462853997e-08,2.527720646450951e-08
2018-09-28,1.6488305843317768e-08,1.96592865098561e-08,1.966681057446964e-08
2018-10-01,2.3242214275222216e-08,2.30767407667736e-08,2.3069603427622707e-08
2018-10-02,8.93863036626402e-08,8.591021480839281e-08,8.591193599147206e-08
2018-10-03,4.5697498299319224e-08,4.183568980411915e-08,4.186975511632352e-08
2018-10-04,1.0605107913633099e-08,1.2669736029820505e-08,1.2664201556354458e-08
2018-10-05,4.881845619828951e-08,4.567842517355378e-08,4.568290725253434e-08
2018-10-08,1.444794044781169e-08,1.3370888064800679e-08,1.3374232389607495e-08
2018-10-09,3.343951271644304e-08,2.8779159391299417e-08,2.8769535485614e-08
2018-10-10,1.968404094802513e-08,2.034325817129543e-08,2.035966549465709e-08
2018-10-11,2.8094302337254728e-08,2.7895335152458258e-08,2.7896834601247082e-08
2018-10-12,1.136647188870728e-07,1.1856815908147095e-07,1.1859655627308545e-07
2018-10-15,1.79018696581603e-08,1.8004641703167064e-08,1.8019521006773946e-08
2018-10-16,4.9768190190655755e-08,4.424684649343007e-08,4.425091570068247e-08
2018-10-17,7.25616857614336e-08,6.832676586557264e-08,6.830671919893702e-08
2018-10-18,5.737652127065219e-08,5.923030949191632e-08,5.926969835470064e-08
2018-10-19,2.7485562469983935e-08,2.708189051749785e-08,2.7082102659707177e-08
2018-10-22,4.27062209574818e-08,3.701254383568225e-08,3.7008953322405964e-08
2018-10-23,2.1442629882099608e-08,2.2059158061088314e-08,2.205218354498115e-08
2018-10-24,1.7179639421120194e-08,1.8476047759327342e-08,1.84609390719797e-08
2018-10-25,1.5965828872131794e-08,1.6148320855793117e-08,1.613569953869598e-08
2018-10-26,6.086196513775274e-08,6.638915454716682e-08,6.638749625611421e-08
2018-10-29,1.415689270835044e-08,1.4272327666044844e-08,1.4285402468230738e-08
2018-10-30,3.2184504010939114e-08,3.131744860954703e-08,3.131290908713768e-08
2018-10-31,2.404906919994143e-08,2.2697800528005632e-08,2.2692323158521524e-08
2018-11-01,7.380231044777975e-08,7.702251243987106e-08,7.701920452407944e-08
2018-11-02,2.5540378459968616e-08,2.4984898958909958e-08,2.4978326778318437e-08
2018-11-05,1.2018428891726931e-08,1.066488673306321e-08,1.0654693555115964e-08
2018-11-06,2.4566284698648446e-08,2.8716510890276508e-08,2.8730906933497506e-08
2018-11-07,2.7863570885226314e-08,2.8175449714490658e-08,2.8173410267267573e-08
2018-11-08,1.2244262539049947e-08,1.180548972735346e-08,1.1810987500876123e-08
2018-11-09,1.425824073043759e-08,1.2333437184200803e-08,1.233684901264924e-08
2018-11-12,2.714603318336562e-08,2.621828872798352e-08,2.6214154446230034e-08
2018-11-13,2.6918284391039888e-08,2.4994208767700217e-08,2.498912684660007e-08
2018-11-14,1.8374131178026743e-08,1.674054141272826e-08,1.6737172269587044e-08
2018-11-15,1.4793238048394047e-08,1.2787960950394398e-08,1.278620929875065e-08
2018-11-16,1.9821564947175337e-08,1.6951916865387994e-08,1.6946519611181346e-08
2018-11-19,1.6380248772497378e-08,1.3369809403547427e-08,1.3363064545051913e-08
2018-11-20,1.6333962868514577e-08,1.3130374029691955e-08,1.3123611920960624e-08
2018-11-21,1.052789737911349e-08,6.875200901575632e-09,6.866454878804029e-09
2018-11-22,2.524631817578449e-08,2.183689374673671e-08,2.1829501804073237e-08
2018-11-23,1.6264693740315344e-08,1.2480162377904246e-08,1.2473869738284967e-08
2018-11-26,2.089630326793679e-08,1.999142613551523e-08,1.9992965704133408e-08
2018-11-27,2.8710978027951807e-08,2.617873889157634e-08,2.6179597394694947e-08
2018-11-28,1.605090675156637e-08,1.1658082339754905e-08,1.1632968244632421e-08
2018-11-29,1.0199305468755354e-08,7.03451839618719e-09,7.031757724426166e-09
2018-11-30,1.2429530154533935e-08,1.02855140162735e-08,1.0280487197630026e-08
2018-12-03,1.192916801331479e-08,1.1001645194824759e-08,1.100080433425013e-08
2018-12-04,1.3611280557525546e-08,9.306134377301908e-09,9.309207415607974e-09
2018-12-05,3.168874644211657e-08,3.579667003798557e-08,3.580539434588024e-08
2018-12-06,2.5992217395385522e-08,2.936033768645639e-08,2.934674545669535e-08
2018-12-07,2.1844347315988137e-08,1.8885475941813806e-08,1.8898501905485793e-08
2018-12-10,1.5971884024319056e-08,1.4773073765880216e-08,1.4775233318453006e-08
2018-12-11,4.2691192028477886e-08,4.8933141000783374e-08,4.8935930656494434e-08
2018-12-12,2.159714070622566e-08,2.1303298619994628e-08,2.1279707871944426e-08
2018-12-13,9.416187293833004e-08,1.003559448245258e-07,1.0034864053635285e-07
2018-12-14,5.848790888708e-08,6.22418208310831e-08,6.21962177888514e-08
2018-12-17,1.5198325375664726e-08,1.3351817174947413e-08,1.3358979567440352e-08
2018-12-18,8.447227141505502e-09,6.791987073398559e-09,6.795835571236112e-09
2018-12-19,2.0124948994686238e-08,1.7707375678628002e-08,1.7716167475836976e-08
2018-12-20,6.066169743375144e-08,6.212112962118846e-08,6.214457352010308e-08
2018-12-21,2.0926618728580535e-08,2.018968063641827e-08,2.018965086375556e-08
2018-12-24,3.786727385820982e-08,3.612658252315629e-08,3.612722794590426e-08
2018-12-25,1.1349958685365247e-08,8.857689599042867e-09,8.842637405605635e-09
2018-12-26,4.3345679133640706e-08,4.3128077886593696e-08,4.313430101315958e-08
2018-12-27,3.409874797432776e-08,3.2364811426893695e-08,3.235732251499094e-08
2018-12-28,3.4149347209391215e-07,3.527921107025796e-07,3.5272124305671675e-07
2018-12-31,1.7590387390755167e-08,1.7682447013507296e-08,1.775206831465219e-08
2019-01-01,7.171158428531852e-08,6.95455754996941e-08,6.947742310366592e-08
2019-01-02,4.782910735133274e-08,4.763147992823229e-08,4.7664343383064426e-08
2019-01-03,2.9991589221889214e-08,3.0113665596833453e-08,3.010611136765419e-08
2019-01-04,2.1119827748206044e-08,2.0708819409753094e-08,2.0712998961630497e-08
2019-01-07,4.5137809962480215e-08,4.401240426044395e-08,4.400463059866241e-08
2019-01-08,2.310541263429098e-08,2.2371105565847598e-08,2.238651038849625e-08
2019-01-09,5.459155726648723e-08,5.4144774560400406e-08,5.41634160276695e-08
2019-01-10,3.8119611540092855e-08,3.7434404060646096e-08,3.7403998784511084e-08
2019-01-11,2.625024421981056e-07,2.6709454356519227e-07,2.6713166879492655e-07
2019-01-14,1.569773224213896e-08,1.6977865905864046e-08,1.7039204341962854e-08
2019-01-15,7.920182347882198e-07,7.844950598861703e-07,7.843934728818931e-07
2019-01-16,1.1475685629428297e-07,1.167854744077082e-07,1.1685946571315318e-07
2019-01-17,4.192673015926924e-08,4.007056559655418e-08,4.003756594357488e-08
2019-01-18,7.605581483266723e-08,7.827513434065521e-08,7.828400240247629e-08
2019-01-21,1.9418837671219216e-07,1.8154189275870266e-07,1.8152869946717322e-07
2019-01-22,8.789223204138288e-08,7.993298481063813e-08,7.990619378789614e-08
2019-01-23,2.715071505394344e-07,2.4140631599089494e-07,2.4116827695131464e-07
2019-01-24,1.3416879712044292e-07,1.323161989435214e-07,1.3242300745308133e-07
2019-01-25,8.613283752118804e-08,9.673581720997718e-08,9.675739306702767e-08
2019-01-28,7.842480549875788e-08,8.159275651230925e-08,8.161758716079434e-08
2019-01-29,3.67225548354758e-08,3.800943544737291e-08,3.801488952245125e-08
2019-01-30,7.076156631049083e-08,6.407996919379986e-08,6.409169996649306e-08
2019-01-31,3.868925119186399e-08,4.086287792149657e-08,4.085722512918227e-08
2019-02-01,1.0083203111030684e-07,8.904848172206531e-08,8.900601995100934e-08
2019-02-04,1.4230306542274032e-07,1.365428615474593e-07,1.3657786218270368e-07
2019-02-05,8.001798341224646e-08,8.177302651740085e-08,8.177075793849935e-08
2019-02-06,4.550057061473985e-08,4.9490885706640223e-08,4.9513169116535904e-08
2019-02-07,5.921364227366246e-08,5.7810675922673743e-08,5.781062118721264e-08
2019-02-08,7.242197354660317e-08,7.672820563033172e-08,7.673689968145759e-08
2019-02-11,2.1158374100996255e-08,2.629115035331596e-08,2.6272987144151428e-08
2019-02-12,5.78742496011053e-08,6.153659383856257e-08,6.151107182149027e-08
2019-02-13,1.9929783684934853e-08,2.108197971931587e-08,2.106064257659384e-08
2019-02-14,5.290645768485969e-08,5.212421777626696e-08,5.212855884595068e-08
2019-02-15,7.008378070368563e-07,6.812486481477268e-07,6.812013134431123e-07
2019-02-18,1.3961724657227067e-07,1.344859364423816e-07,1.3444295526316814e-07
2019-02-19,1.8294886804687055e-06,1.7230450760631843e-06,1.7226824028842625e-06
2019-02-20,1.2134810202964145e-07,1.3700215205836244e-07,1.3728738990205595e-07
2019-02-21,3.3809717864941944e-07,2.7048675717002325e-07,2.7049601666556455e-07
2019-02-22,3.192202327380116e-07,3.3854682112717213e-07,3.385339916996907e-07
2019-02-25,3.755979626514029e-08,6.449605221220511e-08,6.442868822269558e-08
2019-02-26,2.4603393440375685e-07,2.1003559119376987e-07,2.101495736936638e-07
2019-02-27,3.358280381349717e-07,2.872799161662869e-07,2.8721033292844655e-07
2019-02-28,3.906049223446463e-08,6.14911980246404e-08,6.151282035268193e-08
2019-03-01,1.3720020700240554e-06,1.2060335238776537e-06,1.2058489161481793e-06
2019-03-04,1.3031377127951878e-07,1.6105815641046112e-07,1.6131731893398414e-07
2019-03-05,5.079096893978275e-08,6.892079647813669e-08,6.893753724884499e-08
2019-03-06,5.559767163925705e-08,8.384654779041526e-08,8.387621985359109e-08
2019-03-07,7.203378090696554e-08,9.293560932950755e-08,9.290712251392105e-08
2019-03-08,1.9390856501602547e-07,1.5173724857514742e-07,1.5183583760102994e-07
2019-03-11,4.901357809024684e-08,7.031566496105031e-08,7.037344286926156e-08
2019-03-12,3.7048284059691073e-08,5.5508543824323585e-08,5.5479276323502124e-08
2019-03-13,1.2945537506000244e-07,1.2263477951118635e-07,1.2264339583376616e-07
2019-03-14,5.087530173074229e-08,4.3550718942557796e-08,4.35225894429063e-08
2019-03-15,1.1702432198872943e-07,1.1384382233618841e-07,1.1387103984131829e-07
2019-03-18,3.010504032014002e-08,4.40063823580121e-08,4.400264664342654e-08
2019-03-19,8.910750367272328e-08,9.408401720995639e-08,9.40670190989024e-08
2019-03-20,3.232090056586144e-08,3.943338609825366e-08,3.939915257855769e-08
2019-03-21,1.3568484221148634e-07,1.2823192328913636e-07,1.282315089933019e-07
2019-03-22,6.756380445194876e-08,6.17228504885854e-08,6.176428090225543e-08
2019-03-25,1.048145318617943e-07,1.0381925411745816e-07,1.0379779751465924e-07
2019-03-26,3.3303760085618806e-08,4.16865329506381e-08,4.168575743252312e-08
2019-03-27,3.1001634802299166e-07,2.805238628291513e-07,2.806161231398429e-07
2019-03-28,3.121277612494014e-08,3.962328602122131e-08,3.9666351894840964e-08
2019-03-29,1.6582670577129095e-07,1.5923140747818422e-07,1.5924166728902675e-07
2019-04-01,3.5525807856061066e-08,4.368878396516475e-08,4.370313708442412e-08
2019-04-02,6.26485071640763e-08,6.795685023172753e-08,6.793782150614412e-08
2019-04-03,4.872690270525425e-08,5.472412746188288e-08,5.471780595112648e-08
2019-04-04,6.31365360057631e-08,6.672497689027253e-08,6.672062651600792e-08
2019-04-05,3.0781367306941116e-07,2.874727194154393e-07,2.87463067184961e-07
2019-04-08,2.8287469828052753e-08,3.7992719489685e-08,3.8047706799421824e-08
2019-04-09,4.540499698795258e-08,5.223265044717631e-08,5.2227677403378076e-08
2019-04-10,6.241117427724839e-08,6.75548110878156e-08,6.754608096023578e-08
2019-04-11,4.6350584040144724e-07,4.3883001030815165e-07,4.3888637646993564e-07
2019-04-12,9.181182461901361e-08,8.83769176073447e-08,8.843915395136733e-08
2019-04-15,5.984265143408469e-08,6.091043485269935e-08,6.091016726439492e-08
2019-04-16,3.6753726913045366e-08,4.380947072691242e-08,4.381051252181903e-08
2019-04-17,2.566957499688566e-08,3.2727323495838165e-08,3.2722109945964296e-08
2019-04-18,4.828045585266706e-08,5.22871656904181e-08,5.227902659207225e-08
2019-04-19,5.57849650517662e-07,5.353748338691805e-07,5.353890584372912e-07
2019-04-22,2.1471690421352615e-08,2.943220528833992e-08,2.9486823869491044e-08
2019-04-23,8.037181494742106e-08,7.184372379044214e-08,7.184692760851576e-08
2019-04-24,5.125230273628983e-08,5.686717127088985e-08,5.688045722187776e-08
2019-04-25,3.2665426150037024e-07,3.026581650151702e-07,3.0269120899277646e-07
2019-04-26,1.6238478509227706e-07,1.676989575884154e-07,1.677696612862882e-07
2019-04-29,1.8345791418998837e-08,2.2096498229976117e-08,2.2098220395657743e-08
2019-04-30,4.5582440203764825e-08,5.314101378461444e-08,5.3139391595682325e-08
2019-05-01,4.9069208188150477e-08,5.389688471297117e-08,5.3890180257959476e-08
2019-05-02,8.84952817334167e-08,8.993109941332179e-08,8.992391396134271e-08
2019-05-03,2.0801658574782082e-08,2.4978296100993626e-08,2.4990019157053256e-08
2019-05-06,3.646410071687304e-07,3.507728643974172e-07,3.5079088264767326e-07
2019-05-07,5.566282430975775e-08,6.029865105994519e-08,6.031894125530876e-08
2019-05-08,6.56668119822462e-08,6.949043836843793e-08,6.945819900578275e-08
2019-05-09,5.177612904523342e-08,5.4881498306935266e-08,5.4877613513761285e-08
2019-05-10,4.308657321368402e-08,4.189377613687108e-08,4.189935096226173e-08
2019-05-13,6.758875956051956e-08,6.914888563418134e-08,6.91597819844927e-08
2019-05-14,4.2111345415106105e-08,4.6914232346536796e-08,4.691468205656478e-08
2019-05-15,2.811598676180409e-08,3.1524189398237625e-08,3.1516604580356604e-08
2019-05-16,2.7225283553527238e-08,2.8253116617340865e-08,2.8243964438877452e-08
2019-05-17,3.2867291055711365e-08,3.4127717723203055e-08,3.4130303388678706e-08
2019-05-20,3.4161871298146016e-08,3.4703335666698906e-08,3.469601509681786e-08
2019-05-21,1.0479160662887635e-07,1.0037971820421674e-07,1.0039598220428609e-07
2019-05-22,2.155869273632044e-08,2.179202100990027e-08,2.1803765304613786e-08
2019-05-23,6.048018714569253e-08,6.121280995643273e-08,6.122311564534021e-08
2019-05-24,2.2410505750401532e-08,2.4215694492036398e-08,2.4230817087030228e-08
2019-05-27,1.6568276334988734e-08,1.6472149544688707e-08,1.6466432771822664e-08
2019-05-28,3.0656253323756736e-08,3.029129020349478e-08,3.0289150045183446e-08
2019-05-29,1.9075441081231947e-08,1.8549035355391345e-08,1.8539092078223828e-08
2019-05-30,2.1296953126872708e-08,2.058462403920111e-08,2.0585979055788018e-08
2019-05-31,5.2993728593882365e-08,5.452105591679975e-08,5.451607366450486e-08
2019-06-03,4.977521029719176e-08,4.7642433181758136e-08,4.7629702695837766e-08
2019-06-04,2.786039477789969e-08,2.7618024816352048e-08,2.7624819721444536e-08
2019-06-05,6.673059358740739e-08,6.522628266935119e-08,6.523818428658065e-08
2019-06-06,4.3605699962112e-08,4.267356530181302e-08,4.268291716660227e-08
2019-06-07,2.1906964703536004e-08,2.1712169013174304e-08,2.171637572336594e-08
2019-06-10,1.0236643468631794e-08,9.393391979321677e-09,9.39129350993464e-09
2019-06-11,2.1907311517887295e-08,1.9920087131482384e-08,1.9915304101124757e-08
2019-06-12,1.2170696193317804e-08,1.0450440323376125e-08,1.0440872509099332e-08
2019-06-13,1.9851512781470666e-08,1.7722171685123e-08,1.7716672282636227e-08
2019-06-14,2.9843221597380355e-08,2.6910890715253106e-08,2.690904265322575e-08
2019-06-17,2.3839351196654453e-08,1.971002637014516e-08,1.971345904018655e-08
2019-06-18,1.295725760973674e-08,1.0189606780563306e-08,1.0187729749376775e-08
2019-06-19,2.0601178734605933e-07,2.184188248705754e-07,2.1844551841570328e-07
2019-06-20,3.158502583985517e-08,3.048542058012861e-08,3.054863500998302e-08
2019-06-21,1.0243031466457019e-07,9.97344631105384e-08,9.970690031990207e-08
2019-06-24,1.4846747304646814e-08,1.3566320065037674e-08,1.358209843277411e-08
2019-06-25,1.4773400639245083e-08,1.4079426164884558e-08,1.4077668296687948e-08
2019-06-26,6.372984803860978e-08,6.175020166844952e-08,6.175146667489276e-08
2019-06-27,2.70001116916113e-08,2.623960822688113e-08,2.6236561923159687e-08
2019-06-28,2.766905485867111e-08,2.6237064188664673e-08,2.6228222043668002e-08
2019-07-01,3.32888251776263e-08,3.053358707028283e-08,3.0526461827143604e-08
2019-07-02,2.084972928749135e-08,2.047663555819268e-08,2.0464343056772e-08
2019-07-03,3.957160940601171e-08,4.06234748034606e-08,4.062434022647902e-08
2019-07-04,1.6540991029716033e-08,1.4011972879761616e-08,1.4018735163014604e-08
2019-07-05,1.9133629732838667e-08,2.0655200973344353e-08,2.0648251987766682e-08
2019-07-08,1.3248454712618953e-08,1.105877325017806e-08,1.1062771377443596e-08
2019-07-09,3.389578684021503e-08,3.090936412289792e-08,3.0906850612068216e-08
2019-07-10,3.961854539668917e-08,3.8630445650776573e-08,3.863415989699901e-08
2019-07-11,2.3108414637527567e-08,1.9551781471937342e-08,1.954690917551609e-08
2019-07-12,3.0158248493068616e-08,2.954328770294387e-08,2.9553745082544786e-08
2019-07-15,1.107369875210587e-08,7.983120318397894e-09,7.980860332646202e-09
2019-07-16,6.754550343644988e-08,7.300333399305674e-08,7.300169294085393e-08
2019-07-17,3.020994008704144e-08,2.9299131002617112e-08,2.9311697614384156e-08
2019-07-18,3.8247582017758395e-08,4.078634132075816e-08,4.078474391705408e-08
2019-07-19,5.613006478071227e-08,5.550064089636576e-08,5.550464417658664e-08
2019-07-22,2.542561953503596e-08,2.380102223595528e-08,2.3802460040959183e-08
2019-07-23,3.301848593491991e-08,2.9813869697618856e-08,2.9814111893065823e-08
2019-07-24,6.21900746037963e-08,6.928698024020142e-08,6.927133519203759e-08
2019-07-25,5.278634182723767e-08,5.3567637392212724e-08,5.3582812234866874e-08
2019-07-26,5.5382388847787777e-08,5.2777341638456606e-08,5.2789443781791614e-08
2019-07-29,6.040170668466081e-08,5.602411389118792e-08,5.6041481739094834e-08
2019-07-30,2.1764266741122844e-08,2.096596219172366e-08,2.0967759198816548e-08
2019-07-31,6.20135897379637e-08,5.757301045948401e-08,5.7563164025778564e-08
2019-08-01,2.1238420362891552e-08,2.042945580490318e-08,2.044203412432866e-08
2019-08-02,2.993355738391219e-08,3.105276459107814e-08,3.105778314254173e-08
2019-08-05,1.2016088127858245e-08,1.0715714626562306e-08,1.0711627601216433e-08
2019-08-06,1.8305991978343865e-08,1.6187412216872754e-08,1.6180633409680303e-08
2019-08-07,1.1085793108798711e-08,9.089249497402646e-09,9.082307150097322e-09
2019-08-08,6.205342586605796e-08,6.461864237285777e-08,6.462806046436817e-08
2019-08-09,4.5194742211088306e-08,4.283234523788311e-08,4.2847293048617955e-08
2019-08-12,3.389165203385997e-07,3.412208799021239e-07,3.412545407719396e-07
2019-08-13,3.020919259744757e-08,2.8611343148177043e-08,2.8635037280579995e-08
2019-08-14,4.3236881902972284e-08,4.422482986242208e-08,4.4226513976746266e-08
2019-08-15,1.085465211666239e-07,1.0185334132705962e-07,1.0184792845087183e-07
2019-08-16,4.811322881275078e-08,4.791412456297642e-08,4.79209467957281e-08
2019-08-19,3.2429679913043496e-08,3.3320361971840747e-08,3.3317278646488714e-08
2019-08-20,4.662114709735926e-08,4.717781734551047e-08,4.717644706853975e-08
2019-08-21,2.3091317970493598e-08,2.3138347457520707e-08,2.313719933426723e-08
2019-08-22,2.296181323861322e-08,2.33635799515768e-08,2.3360873336515667e-08
2019-08-23,3.361237179397272e-08,3.3523260650024775e-08,3.351690990689862e-08
2019-08-26,2.262488637090634e-08,2.1058377960689923e-08,2.105094675758673e-08
2019-08-27,1.6316772720862278e-08,1.7935806110165833e-08,1.793408486164404e-08
2019-08-28,3.3984828455498434e-08,3.036068680717769e-08,3.035392635811893e-08
2019-08-29,1.4585714473550608e-08,1.3202475692073485e-08,1.319266254950554e-08
2019-08-30,2.101076542817921e-08,2.0239087454079515e-08,2.023612084611372e-08
2019-09-02,6.605340180519689e-08,6.428614349026525e-08,6.428338462258515e-08
2019-09-03,4.1344645214359455e-08,3.992512279072236e-08,3.99171065034537e-08
2019-09-04,3.063760718207243e-08,2.5735099340268805e-08,2.5732372722982783e-08
2019-09-05,1.78439682625738e-08,1.6081246119245003e-08,1.6075598422996388e-08
2019-09-06,4.581571393662266e-08,4.297829843084637e-08,4.299531070376051e-08
2019-09-09,3.924994298464341e-08,4.204414566779346e-08,4.2057775400442564e-08
2019-09-10,3.633094177425424e-08,3.625829178693711e-08,3.627160342053094e-08
2019-09-11,2.9202847099951464e-08,2.7026660603395774e-08,2.7010385829604317e-08
2019-09-12,2.08259573245801e-08,1.872948485001582e-08,1.8716918096497883e-08
2019-09-13,2.0893298611550234e-08,1.874253960409936e-08,1.8738470144679947e-08
2019-09-16,4.3114184518221054e-08,4.039622169565911e-08,4.039116890172612e-08
2019-09-17,1.1871008752563803e-08,9.549644365765671e-09,9.53945598977456e-09
2019-09-18,2.528475197131927e-08,2.155031358091678e-08,2.153817998400836e-08
2019-09-19,1.961658831069714e-08,1.694119597550744e-08,1.6937768209226754e-08
2019-09-20,1.3647457932808023e-08,9.973355022801854e-09,9.969656496912604e-09
2019-09-23,1.0258853623415272e-08,8.61521875231987e-09,8.614400109928259e-09
2019-09-24,4.9407549462108936e-08,4.398198263639818e-08,4.3982713642351726e-08
2019-09-25,1.343322041586565e-08,9.970344389901956e-09,9.970339461374024e-09
2019-09-26,3.3546096162082294e-08,2.9456415936490832e-08,2.9454480747959872e-08
2019-09-27,1.782587448403094e-08,1.8528293879714254e-08,1.853530948901507e-08
2019-09-30,3.1186135121075755e-08,2.8049708935206165e-08,2.803263475943485e-08
2019-10-01,2.12886309476729e-07,2.2503034228299616e-07,2.250029161442777e-07
2019-10-02,2.3679807331098547e-08,2.146104039965939e-08,2.1454317137591575e-08
2019-10-03,1.7181554232493403e-08,1.67405210224709e-08,1.6737946911552175e-08
2019-10-04,3.45357396308649e-08,3.442889159583203e-08,3.4425593562840634e-08
2019-10-07,1.067129838254148e-07,1.1547123210686065e-07,1.154781181061648e-07
2019-10-08,2.0637428162227322e-08,2.0039346878350395e-08,2.0067889580624855e-08
2019-10-09,2.075964650063361e-08,1.9823589985815644e-08,1.98156512804101e-08
2019-10-10,1.9217886438741104e-08,1.825583087436211e-08,1.8247797689283838e-08
2019-10-11,4.617384455753506e-08,4.856837743894357e-08,4.856439117188127e-08
2019-10-14,1.3450653742760701e-08,1.176471985249879e-08,1.1767342571087422e-08
2019-10-15,5.929331719845612e-08,5.8847297899810944e-08,5.8848012187963376e-08
2019-10-16,2.985926966205564e-08,2.8355003789451614e-08,2.8350465127478354e-08
2019-10-17,2.2167828859030453e-08,2.0538085339081532e-08,2.05334562411393e-08
2019-10-18,2.889415944407566e-08,2.9049368136659954e-08,2.905220030801394e-08
2019-10-21,7.380630398503728e-08,7.409774192693916e-08,7.410135116057726e-08
2019-10-22,2.2591031539835823e-08,2.1892849291447286e-08,2.1886374589191488e-08
2019-10-23,9.783890710148724e-09,8.415274653760666e-09,8.409337121495576e-09
2019-10-24,1.0780272399880079e-08,8.978810136743941e-09,8.974991958386759e-09
2019-10-25,1.388974030905669e-08,1.0732369155794876e-08,1.0731309593563673e-08
2019-10-28,2.5653142198621937e-08,2.496946705908735e-08,2.496775772947229e-08
2019-10-29,6.862331889538885e-08,7.014269830385843e-08,7.015690112050523e-08
2019-10-30,1.285990221835874e-08,1.0733961655920733e-08,1.0745448709848122e-08
2019-10-31,2.496155067011836e-08,2.3071030198861914e-08,2.3070814151565884e-08
2019-11-01,1.2898736006463479e-08,1.0302191407924233e-08,1.02975656684715e-08
2019-11-04,5.922565125859626e-08,6.021025123261305e-08,6.021294563585133e-08
2019-11-05,2.7920975942494796e-08,2.8853955330074234e-08,2.8857394600306915e-08
2019-11-06,1.3836106005274166e-08,1.2438694547754493e-08,1.2426302684490242e-08
2019-11-07,6.873134635473857e-08,6.893214204482008e-08,6.891600766649917e-08
2019-11-08,1.6675657064054898e-08,1.5952953280055786e-08,1.595479189474273e-08
2019-11-11,1.9634216771468822e-08,1.925377169642393e-08,1.9263095756689504e-08
2019-11-12,2.8247100290073884e-08,2.9718258774236763e-08,2.9708454064105283e-08
2019-11-13,1.8874058738984696e-08,2.000452269686734e-08,2.0005051558258715e-08
2019-11-14,1.6550582340890785e-08,1.6218675765526775e-08,1.6221019333426595e-08
2019-11-15,2.2103752565663145e-08,1.972695275686277e-08,1.9726700390179916e-08
2019-11-18,7.603775048307468e-08,7.973999592291017e-08,7.977411174375778e-08
2019-11-19,9.192826316414174e-09,7.911746773305463e-09,7.929949549830777e-09
2019-11-20,1.911570537243174e-08,1.6235739429416343e-08,1.623915417738681e-08
2019-11-21,3.338515750943827e-08,3.1596102461981834e-08,3.159940764801654e-08
2019-11-22,6.535004925763928e-08,6.539283363376871e-08,6.53842880274457e-08
2019-11-25,2.2486535229113084e-08,2.1026321391615726e-08,2.1022943906565034e-08
2019-11-26,2.0037368610714495e-08,1.886367514955436e-08,1.8847121269986066e-08
2019-11-27,1.6387860166590287e-08,1.3812249936025092e-08,1.3808162535035034e-08
2019-11-28,2.082033942119408e-08,1.8766118343537315e-08,1.8768270034581893e-08
2019-11-29,4.006728837127644e-08,3.757429314121832e-08,3.7570713787580364e-08
2019-12-02,3.133419465267891e-08,2.9060061203703304e-08,2.9050721847976555e-08
2019-12-03,6.144862386602198e-08,6.452140456290507e-08,6.454211649514478e-08
2019-12-04,2.8515666049406093e-08,2.616003265627807e-08,2.616968417418603e-08
2019-12-05,3.504184053867518e-08,3.274807545726423e-08,3.2744748405132105e-08
2019-12-06,1.439909611854086e-07,1.4937171389547856e-07,1.493946553060152e-07
2019-12-09,2.22463161632964e-07,2.2741746106361787e-07,2.2731447261903948e-07
2019-12-10,2.312835557145064e-08,2.3493920484522416e-08,2.351471734334398e-08
2019-12-11,3.2366435921888084e-08,3.257690370170069e-08,3.258905196504231e-08
2019-12-12,1.2310943283234235e-08,1.1839415568870508e-08,1.183625498268962e-08
2019-12-13,1.6182757244206006e-08,1.5272770282056198e-08,1.5268296692970353e-08
2019-12-16,7.695631743801436e-08,7.739768085058088e-08,7.741413904829137e-08
2019-12-17,3.491884625500897e-08,3.4600212382191616e-08,3.459726094850361e-08
2019-12-18,6.611566954893189e-08,6.855309122243443e-08,6.857735393348191e-08
2019-12-19,2.330333962210859e-08,2.2242832806121883e-08,2.223636085472343e-08
2019-12-20,4.9020003055700327e-08,4.729755438807248e-08,4.730083179702018e-08
2019-12-23,2.14759059098078e-08,2.091051503512277e-08,2.0906020701557598e-08
2019-12-24,2.2480558051946584e-08,2.084261307741445e-08,2.083862329078625e-08
2019-12-25,3.814334588135672e-08,3.6935004735276883e-08,3.6934997443113125e-08
2019-12-26,3.182848754132775e-08,3.001818736754845e-08,3.0029123819781204e-08
2019-12-27,1.0943741231708364e-07,1.0488121017237815e-07,1.0487002249015904e-07
2019-12-30,2.3144855586586787e-08,2.2315443429362666e-08,2.2350508725668996e-08
2019-12-31,1.7016498305597263e-08,1.5752614858626984e-08,1.5756561734203962e-08
2020-01-01,1.998129832591074e-07,2.026258757769402e-07,2.0263978028289195e-07
2020-01-02,2.449297130622041e-07,2.3120676387878162e-07,2.3121054774859352e-07
2020-01-03,3.5166653564746246e-08,3.4978992470842463e-08,3.496619587658641e-08
2020-01-06,5.945288667438186e-08,5.6087085398060244e-08,5.6089223485702875e-08
2020-01-07,2.3815827323350123e-08,2.5931626879081623e-08,2.5938090465307348e-08
2020-01-08,1.3696677245153965e-08,1.5574952205670743e-08,1.5572273663964636e-08
2020-01-09,1.6272663171806867e-07,1.5507827494076736e-07,1.5508470048347422e-07
2020-01-10,4.360337743607935e-08,4.376731409324022e-08,4.379427403694877e-08
2020-01-13,6.564251934638686e-08,6.62578856420105e-08,6.62536429423132e-08
2020-01-14,1.3205254467498916e-07,1.2531032367190379e-07,1.2532655061608627e-07
2020-01-15,3.3949206899314945e-08,3.1653870018342345e-08,3.161867431326998e-08
2020-01-16,2.1174529322802573e-08,2.298703639577519e-08,2.2989879793977904e-08
2020-01-17,4.973250808770671e-07,4.888906335569853e-07,4.889136869624959e-07
2020-01-20,2.515599023139142e-07,2.4692026884504513e-07,2.4691806224731356e-07
2020-01-21,2.440260074196084e-08,3.209931409267857e-08,3.21266262500574e-08
2020-01-22,6.182353510116516e-08,5.871638749829521e-08,5.871679476048859e-08
2020-01-23,1.0602596109377281e-07,1.053140434393404e-07,1.053344924389918e-07
2020-01-24,3.925882871765064e-08,3.9053566759913584e-08,3.904638155548989e-08
2020-01-27,5.527630082194481e-08,6.022957954040536e-08,6.02220446775469e-08
2020-01-28,1.263531929309638e-07,1.1601357971101955e-07,1.1605353598700561e-07
2020-01-29,9.400559029287432e-08,9.674781054730686e-08,9.6770327546077e-08
2020-01-30,1.244646936306038e-07,1.2920439652392585e-07,1.2922029114882682e-07
2020-01-31,1.6410149641665823e-07,1.6191145723059227e-07,1.6183144000394458e-07
2020-02-03,6.932423700001517e-08,5.767253013301262e-08,5.764454386107499e-08
2020-02-04,5.352765852673894e-08,5.9234263581521696e-08,5.928921674855644e-08
2020-02-05,1.4395313820897509e-08,2.0793158230443863e-08,2.078298834289296e-08
2020-02-06,1.0150706359566259e-07,9.297497932687986e-08,9.298650794955086e-08
2020-02-07,6.163301260571318e-08,6.416098329713281e-08,6.41853636634688e-08
2020-02-10,5.437850319141912e-08,5.6864356032734673e-08,5.686318119531683e-08
2020-02-11,2.2135406656327506e-08,2.4627848864595482e-08,2.459841756209996e-08
2020-02-12,2.0385602681238007e-08,2.3138808503292503e-08,2.3123536017702112e-08
2020-02-13,2.152390154630813e-08,2.4044313388035508e-08,2.4032803312750747e-08
2020-02-14,1.9888422862381368e-08,2.056888755742506e-08,2.055379076877117e-08
2020-02-17,7.441618831678237e-08,7.492202058701768e-08,7.490553665768389e-08
2020-02-18,2.024487179761965e-08,2.087915474356868e-08,2.0845363100784542e-08
2020-02-19,1.2410044857076616e-08,1.1782507011469761e-08,1.1770427923095504e-08
2020-02-20,1.7657712662013498e-08,2.005032717205912e-08,2.0050769482896813e-08
2020-02-21,4.759538624257439e-08,4.651248080839933e-08,4.6518278666306036e-08
2020-02-24,7.856915513320641e-08,7.458218607109376e-08,7.459469878046306e-08
2020-02-25,7.986447514866009e-07,7.912589601737949e-07,7.914117578883275e-07
2020-02-26,3.943006091223577e-08,4.307636377627243e-08,4.3260298453468936e-08
2020-02-27,2.949396027684836e-08,3.282460514035802e-08,3.2873996676515374e-08
2020-02-28,3.8888255911950236e-08,4.269001183366389e-08,4.269111789446365e-08
2020-03-02,3.980549795645035e-08,3.717777726347761e-08,3.717233929722973e-08
2020-03-03,3.336588732715407e-08,3.290586702263764e-08,3.290834512243762e-08
2020-03-04,1.596182277244578e-08,1.7951517445034915e-08,1.794223637519536e-08
2020-03-05,1.0151594858841461e-07,9.120335007309038e-08,9.119675285285693e-08
2020-03-06,8.920017540582134e-08,9.255241824562443e-08,9.257143272041897e-08
2020-03-09,2.134183475551199e-08,2.0702526575416237e-08,2.072169404400647e-08
2020-03-10,1.4643247923934812e-08,1.6274401036693004e-08,1.628768095110536e-08
2020-03-11,2.717824431508362e-08,2.7787440125530247e-08,2.7795821607222808e-08
2020-03-12,8.824753585987018e-09,9.568004420503655e-09,9.56542407759686e-09
2020-03-13,3.452884679273405e-08,3.3906262483475074e-08,3.3912071566212566e-08
2020-03-16,3.611965133387098e-08,3.2663391186404306e-08,3.265904337665641e-08
2020-03-17,7.713097253384083e-08,7.47732566250093e-08,7.477825680206268e-08
2020-03-18,1.646334537789428e-08,1.694894991872577e-08,1.695415996309227e-08
2020-03-19,1.2506898536680447e-08,1.2609523227487199e-08,1.2608979570569924e-08
2020-03-20,1.1279015245229793e-07,1.154907227175602e-07,1.1551548631534601e-07
2020-03-23,6.262385224554611e-08,6.452936381585197e-08,6.456191711382845e-08
2020-03-24,1.0095142368573129e-07,1.0421979769473839e-07,1.0424712519625961e-07
2020-03-25,2.8723276832732156e-08,2.8940840854635594e-08,2.8931580990458805e-08
2020-03-26,2.4360011179163314e-07,2.4011456311805604e-07,2.400157780896233e-07
2020-03-27,1.885539691921841e-08,2.076630725248721e-08,2.075821769474248e-08
2020-03-30,8.287917720542449e-08,7.723659540173287e-08,7.714900025589447e-08
2020-03-31,1.3311278198902512e-08,1.5716138408961884e-08,1.577196258630048e-08
2020-04-01,1.829583188753859e-08,2.08558093974296e-08,2.087919411278014e-08
2020-04-02,3.9580844244571405e-08,4.056563276270873e-08,4.055902236002964e-08
2020-04-03,2.9403676998616308e-08,3.072308733610649e-08,3.070553739922042e-08
2020-04-06,1.546814773967957e-08,1.5099134993674363e-08,1.508456579841826e-08
2020-04-07,4.223204405850076e-08,4.136485544987568e-08,4.136331776588713e-08
2020-04-08,1.4449139823109418e-07,1.4480536837386967e-07,1.4481584697504672e-07
2020-04-09,3.03596728369887e-08,2.954662623389913e-08,2.954211139420425e-08
2020-04-10,1.840030801279074e-08,1.877804283092785e-08,1.8778947881839263e-08
2020-04-13,1.500271379131519e-08,1.5545990342257674e-08,1.5550656487110004e-08
2020-04-14,9.25724441509565e-08,8.764170469010496e-08,8.762486435809634e-08
2020-04-15,9.077112756407803e-08,8.933395566428319e-08,8.92887146907991e-08
2020-04-16,1.823094936424436e-08,2.0560162067157708e-08,2.0603212117296184e-08
2020-04-17,2.6420204210594877e-08,2.8478961554723284e-08,2.8474718072880705e-08
2020-04-20,9.807928168800136e-08,9.230764014147091e-08,9.231214198623304e-08
2020-04-21,1.9157742182664395e-08,2.0977292671671515e-08,2.097076735790529e-08
2020-04-22,9.144808077626583e-08,9.128803239814671e-08,9.130755141094863e-08
2020-04-23,1.7254947702843e-08,1.7412662782748232e-08,1.7431349977274653e-08
2020-04-24,1.5493125596217897e-07,1.4737743389896887e-07,1.4736031683107567e-07
2020-04-27,5.5647880673094054e-08,4.956400724252631e-08,4.955796066693943e-08
2020-04-28,1.2364950502093671e-08,1.52164583379731e-08,1.5227521156465976e-08
2020-04-29,4.722499426109068e-08,4.7804561099534814e-08,4.7811594616611386e-08
2020-04-30,2.2328230009458546e-08,2.4964184073169767e-08,2.4957859084194085e-08
2020-05-01,3.438894133408675e-08,3.723991130396785e-08,3.7241147599432875e-08
2020-05-04,1.3747069630521828e-08,1.4533847753839986e-08,1.451620203640269e-08
2020-05-05,7.474915380119493e-08,7.062501720381776e-08,7.062327798458339e-08
2020-05-06,2.1812353563864245e-08,2.2755572542878042e-08,2.2738978090777638e-08
2020-05-07,7.037077987154794e-08,6.924521080734759e-08,6.923392498768142e-08
2020-05-08,1.6799797371775347e-08,1.7161834887523364e-08,1.7124864652896522e-08
2020-05-11,4.886191841635577e-08,4.5299041760511275e-08,4.529462265079486e-08
2020-05-12,3.9194639210108556e-08,3.831869795819973e-08,3.830749460254746e-08
2020-05-13,1.8225062476294242e-08,1.74629020467745e-08,1.7435167838407135e-08
2020-05-14,4.1997221170011566e-08,4.209451367759506e-08,4.2050677592042556e-08
2020-05-15,2.0275173499398278e-08,1.8670567045953668e-08,1.865634444296767e-08
2020-05-18,1.6958985778028657e-07,1.7375452591796246e-07,1.7386334561594423e-07
2020-05-19,2.3528276149085176e-08,2.3163443972203707e-08,2.3220531485504544e-08
2020-05-20,7.311322461243581e-08,6.994951005999427e-08,6.993015774220614e-08
2020-05-21,2.3475540532049413e-07,2.3353881220559717e-07,2.3351156361963214e-07
2020-05-22,4.044518101657352e-08,4.2685498137385304e-08,4.2770193430912154e-08
2020-05-25,5.704338842348984e-08,5.897894406998596e-08,5.900393836700649e-08
2020-05-26,3.9552227049580013e-08,4.151208513532112e-08,4.1499153645402676e-08
2020-05-27,1.527492493475599e-08,1.7162466793960127e-08,1.7155487578114866e-08
2020-05-28,4.7073427845934214e-08,4.763292957967838e-08,4.761469923098733e-08
2020-05-29,1.848752143326912e-08,1.923038736245644e-08,1.9203064916535492e-08
2020-06-01,2.406473817979191e-08,2.3740236631276823e-08,2.3731613237036015e-08
2020-06-02,3.3676722159180316e-08,3.23857228391555e-08,3.238232072752288e-08
2020-06-03,4.0006092775128834e-08,3.9529450089190194e-08,3.9527779829321694e-08
2020-06-04,2.36325740088899e-08,2.3073981414527832e-08,2.3074807091858643e-08
2020-06-05,2.6944547023302328e-08,2.561273681255278e-08,2.55957681189479e-08
2020-06-08,1.4742839571406826e-08,1.3861240324620152e-08,1.3848732285119267e-08
2020-06-09,3.9408857649043916e-08,4.383962694166511e-08,4.384769005408776e-08
2020-06-10,6.919922958045681e-08,7.293693851129963e-08,7.292698550355497e-08
2020-06-11,3.912417609617752e-08,3.779376959309205e-08,3.7790111959351047e-08
2020-06-12,1.593134773691792e-07,1.5956028106938727e-07,1.5954757094359764e-07
2020-06-15,2.503835529659389e-07,2.3706127182152803e-07,2.369506933253579e-07
2020-06-16,1.2632605981726645e-08,1.2070296053510956e-08,1.2043820140330788e-08
2020-06-17,1.1644259490036296e-07,1.1000638193500092e-07,1.0992130783229416e-07
2020-06-18,5.818193145850815e-07,5.577183723911264e-07,5.575362939840254e-07
2020-06-19,4.0435926964293755e-08,4.2586044815801846e-08,4.253441450339634e-08
2020-06-22,3.233543421455794e-07,3.0341057207215074e-07,3.0331343419815886e-07
2020-06-23,3.0604414278264303e-07,2.7088424684917525e-07,2.706953436329316e-07
2020-06-24,2.2798093428154367e-07,2.1325010045415847e-07,2.1319039303696848e-07
2020-06-25,3.175679777938469e-08,4.927805983665288e-08,4.933871161790763e-08
2020-06-26,2.647606650307819e-07,2.3437707462699574e-07,2.3435057843581455e-07
2020-06-29,8.861290052072676e-08,7.538884417890701e-08,7.542125423125809e-08
2020-06-30,8.317999215736875e-07,7.309509225999178e-07,7.307393075168712e-07
2020-07-01,1.4398012273031153e-07,1.581283659323483e-07,1.5840532549262794e-07
2020-07-02,2.263455524213607e-08,4.7227081061371924e-08,4.723399414832387e-08
2020-07-03,6.992158834708662e-08,8.764115468388257e-08,8.762667013736801e-08
2020-07-06,1.652779561027003e-07,1.7107335888449688e-07,1.7108731291924507e-07
2020-07-07,1.1959019251717485e-07,1.2194654089861611e-07,1.218828689427784e-07
2020-07-08,7.149391020477774e-08,7.529066260303594e-08,7.530999511844849e-08
2020-07-09,3.084513471584109e-07,2.8810266055466413e-07,2.8809331103960067e-07
2020-07-10,1.9873016746736962e-07,1.6961923954334908e-07,1.6965174954684048e-07
2020-07-13,2.4614698616816323e-08,4.2867489979753054e-08,4.286583239328829e-08
2020-07-14,1.133048660804095e-06,1.0225229913357273e-06,1.0227044731680147e-06
2020-07-15,1.1961949975946192e-08,3.401862506625655e-08,3.4260275649046376e-08
2020-07-16,6.644086647443773e-08,7.94697530295609e-08,7.955303872674893e-08
2020-07-17,3.111585251009387e-08,4.616762008967484e-08,4.6186221318276556e-08
2020-07-20,5.125688414843174e-08,5.5495125122790904e-08,5.5486518324903546e-08
2020-07-21,1.3889248829276873e-07,1.300242784759693e-07,1.3002739729825779e-07
2020-07-22,4.055061416624994e-08,5.490848241499752e-08,5.488908866687494e-08
2020-07-23,5.0441941807325896e-08,4.2573135576435e-08,4.255956031286645e-08
2020-07-24,2.5528223763741534e-08,3.353503843388608e-08,3.35449192216445e-08
2020-07-27,6.414482062893139e-08,6.724884101641513e-08,6.723275549946509e-08
2020-07-28,3.60641047946498e-08,4.243525397149115e-08,4.237258404427913e-08
2020-07-29,2.792718670586505e-08,3.1866654588192376e-08,3.185490393109453e-08
2020-07-30,6.2211128929681e-08,7.325252345226458e-08,7.325751561595817e-08
2020-07-31,1.8787528348977997e-07,1.8494689462155808e-07,1.8496364966690637e-07
2020-08-03,2.7763869917677064e-08,3.493444811679822e-08,3.4909656566980915e-08
2020-08-04,2.0411578250499154e-08,2.5685425852996037e-08,2.5667313723474926e-08
2020-08-05,1.3827250971341587e-08,1.7483000391387364e-08,1.7463836854803582e-08
2020-08-06,1.3575770928987562e-08,1.7344761282457355e-08,1.732734631399297e-08
2020-08-07,3.428380938520341e-08,3.3402331491986766e-08,3.339858778459954e-08
2020-08-10,2.5613822842300045e-08,2.7749294289089794e-08,2.774598090499837e-08
2020-08-11,3.807394383014447e-07,3.690721911872163e-07,3.690968680301024e-07
2020-08-12,1.2331923625799693e-08,1.7016157889008676e-08,1.7129754902556314e-08
2020-08-13,1.5496005564183534e-07,1.5277787243088537e-07,1.527540991484326e-07
2020-08-14,3.401918366779555e-08,3.4431084813408644e-08,3.4451609475895185e-08
2020-08-17,6.681517543474447e-08,6.77928957429354e-08,6.777617329969539e-08
2020-08-18,6.745765236167067e-08,6.768897092243588e-08,6.767338363116762e-08
2020-08-19,4.0767907622683094e-08,4.1066736513350705e-08,4.107539981559754e-08
2020-08-20,9.329675651074925e-08,9.27221225361507e-08,9.270503482124672e-08
2020-08-21,3.071041368300961e-08,2.891095114067972e-08,2.8894928626449043e-08
2020-08-24,7.986248840763842e-08,7.344818196847052e-08,7.346588945523054e-08
2020-08-25,5.1928531765129593e-08,4.877250205796927e-08,4.877506137234762e-08
2020-08-26,1.0989623216352712e-08,1.4321654532821153e-08,1.432580310049991e-08
2020-08-27,4.955749720147384e-08,4.827675945187891e-08,4.828492987839024e-08
2020-08-28,2.2054404666250596e-08,2.3111849564895064e-08,2.3107948945167396e-08
2020-08-31,7.002990841956372e-08,6.422057127224107e-08,6.422981626310958e-08
2020-09-01,3.716333464441959e-08,3.513348134195096e-08,3.511753889422284e-08
2020-09-02,1.673413943909975e-08,1.674456347388999e-08,1.6743644890460254e-08
2020-09-03,2.164087358295701e-08,2.05723127829659e-08,2.0574462015293873e-08
2020-09-04,2.4618544077207074e-08,2.4615447098944082e-08,2.459799613079693e-08
2020-09-07,1.498930841687939e-08,1.4349929885747104e-08,1.4351630841339608e-08
2020-09-08,5.118092545746505e-07,5.082476366584695e-07,5.082913359517788e-07
2020-09-09,3.755327229716101e-08,4.028670360498455e-08,4.042819063034672e-08
2020-09-10,3.3742429253690854e-08,3.44876473009516e-08,3.451391583556742e-08
2020-09-11,2.988807852959111e-08,3.0999283172945354e-08,3.097506836740451e-08
2020-09-14,1.0520118510806462e-07,9.746274045446505e-08,9.752242265354504e-08
2020-09-15,2.4823644410992946e-08,2.3145507114413478e-08,2.3144807146313786e-08
2020-09-16,3.7306648944066704e-08,3.82808176561191e-08,3.8288789539162373e-08
2020-09-17,1.138133763910125e-07,1.1361530666269378e-07,1.1358980342816303e-07
2020-09-18,5.890875358588093e-08,5.6059236520610426e-08,5.6039588793762786e-08
2020-09-21,1.7446683760888623e-08,1.912312446295913e-08,1.9079620679689373e-08
2020-09-22,3.038439701547161e-08,2.9736052399556498e-08,2.973405104131726e-08
2020-09-23,2.2694710701772927e-08,2.3078645303302375e-08,2.3081801245457284e-08
2020-09-24,4.036139233352645e-08,3.830683938749672e-08,3.83048379225442e-08
2020-09-25,4.47608362450247e-08,3.773353682947407e-08,3.777021763986368e-08
2020-09-28,5.735867315627139e-08,5.597600981135846e-08,5.5991445034045306e-08
2020-09-29,2.5246125111562832e-08,2.6340711445468723e-08,2.6343042188586774e-08
2020-09-30,2.0304239259111072e-07,2.0089268432472622e-07,2.009202714389115e-07
2020-10-01,4.3569208750727834e-08,4.0475529247735316e-08,4.046217058641277e-08
2020-10-02,1.4458583273580015e-08,1.469656786674798e-08,1.4708773273801852e-08
2020-10-05,3.568381050763481e-08,3.5268049731668146e-08,3.5273186438864725e-08
2020-10-06,4.1193158801555445e-08,4.0145092807306436e-08,4.013963217426732e-08
2020-10-07,1.836145632266796e-08,1.917834885393855e-08,1.9187007199004e-08
2020-10-08,2.1741984348505843e-07,2.0485113115846426e-07,2.048710678565366e-07
2020-10-09,8.575179732312993e-08,7.521644089335682e-08,7.514185793706173e-08
2020-10-12,1.934608124847508e-08,2.2558169945744182e-08,2.25963462510586e-08
2020-10-13,5.651519045508118e-08,5.917193588990009e-08,5.919313997310554e-08
2020-10-14,3.192682015220243e-08,3.401990928052129e-08,3.4032597445831753e-08
2020-10-15,6.949378305796573e-08,6.272350434862975e-08,6.27230364780654e-08
2020-10-16,2.6776238687146393e-08,2.831256865847386e-08,2.832255776043286e-08
2020-10-19,2.8958161014327075e-08,2.871174240191961e-08,2.871577649124533e-08
2020-10-20,6.144099707373687e-08,5.8090838530270354e-08,5.8094411463939486e-08
2020-10-21,5.5013139700118364e-08,5.308522460539711e-08,5.308752266865741e-08
2020-10-22,4.396723800637974e-08,4.559701211893041e-08,4.559189544361907e-08
2020-10-23,3.049370124477663e-08,3.025882250716272e-08,3.0232745844083425e-08
2020-10-26,2.1275729081811535e-08,2.1242229946585963e-08,2.1216617075973526e-08
2020-10-27,9.205884994893599e-08,9.062050608845971e-08,9.0634982137795e-08
2020-10-28,1.8713549475499587e-08,1.9101515338306735e-08,1.9103787235841337e-08
2020-10-29,7.321568642479937e-08,7.03786003065699e-08,7.036719634613937e-08
2020-10-30,1.8608266767616156e-08,1.668995041144636e-08,1.666680146147719e-08
2020-11-02,2.370115445067741e-08,2.3484666401638437e-08,2.3482473529428772e-08
2020-11-03,6.106756082244355e-08,5.882211550739407e-08,5.881956975916442e-08
2020-11-04,3.243523816368074e-08,3.4082348481417726e-08,3.408693404482225e-08
2020-11-05,2.040311993317315e-08,1.9811300800564932e-08,1.9822367503831028e-08
2020-11-06,2.8649110382644784e-08,2.7797081122713154e-08,2.7792658728461503e-08
2020-11-09,4.668990502052941e-08,4.9163639115073744e-08,4.917443576271178e-08
2020-11-10,2.001652130004021e-08,1.735822413843544e-08,1.7341769200492447e-08
2020-11-11,1.50729502487634e-07,1.4510796724984753e-07,1.4514590396040046e-07
2020-11-12,1.8971685292237115e-08,1.9791357369335094e-08,1.979261047952031e-08
2020-11-13,1.5536347036051485e-08,1.6058738111450442e-08,1.606338465256882e-08
2020-11-16,2.0589577865293673e-08,1.895004748341578e-08,1.89504457669653e-08
2020-11-17,2.1342673337946915e-08,1.8687484519068648e-08,1.8682988377012468e-08
2020-11-18,2.0397653962746403e-08,2.2398004330751584e-08,2.2397021529053045e-08
2020-11-19,7.089634205885979e-08,7.110717175302242e-08,7.112391427991419e-08
2020-11-20,5.373123737170188e-08,5.4707357167363625e-08,5.470455583397461e-08
2020-11-23,4.4150153705232704e-08,3.921900483301423e-08,3.9197879868500206e-08
2020-11-24,2.8932126827619483e-08,2.821639261210461e-08,2.8222052200298678e-08
2020-11-25,4.757822645515495e-08,4.4731570419723455e-08,4.471574693573225e-08
2020-11-26,9.528509244584307e-08,9.001745579781664e-08,8.9959318712539e-08
2020-11-27,1.614885055636019e-08,1.6065337159959227e-08,1.603866449881259e-08
2020-11-30,2.3501505651783252e-08,2.319310924119986e-08,2.3176355241445656e-08
2020-12-01,1.714920045740692e-08,1.6082474898320352e-08,1.6066385251753862e-08
2020-12-02,1.0913550885761167e-07,1.0641133665826982e-07,1.0644648608041367e-07
2020-12-03,4.643995326502093e-08,4.465340786872675e-08,4.4709440260223214e-08
2020-12-04,1.7949915551905325e-08,1.7583023077631708e-08,1.757977995411667e-08
2020-12-07,1.8153800724022472e-08,1.772976716386427e-08,1.7725652807699792e-08
2020-12-08,2.1018405856395474e-08,2.1297789188533333e-08,2.1308320628214192e-08
2020-12-09,1.3335867181325339e-08,1.1764026395472725e-08,1.1765613774065114e-08
2020-12-10,5.308765156766048e-08,5.3777494945519736e-08,5.3786722543188274e-08
2020-12-11,2.898206055946376e-08,2.7767065577562548e-08,2.7781275455227158e-08
2020-12-14,4.757269098379834e-08,4.3882498263738685e-08,4.3888227298072216e-08
2020-12-15,3.603420859831834e-08,3.6151122207885916e-08,3.6135669895879243e-08
2020-12-16,2.985601720620067e-08,2.6999568130654946e-08,2.7014466591840018e-08
2020-12-17,1.4939529362118687e-08,1.3126616572671782e-08,1.3121038507385465e-08
2020-12-18,9.881843871784188e-09,8.188711953720941e-09,8.186432093901245e-09
2020-12-21,1.7188381131666703e-08,1.5236638977916098e-08,1.523014461412123e-08
2020-12-22,3.396950640279539e-08,3.555987983419747e-08,3.5574248548868216e-08
2020-12-23,1.4846154541484682e-08,1.2231299632260156e-08,1.2228941065875163e-08
2020-12-24,1.6209587518098348e-08,1.360130233688816e-08,1.3595928379645683e-08
2020-12-25,3.682051590364028e-08,3.719439432915858e-08,3.7195019850460035e-08
2020-12-28,1.0800936378512706e-08,7.8065212364125e-09,7.793158080923756e-09
2020-12-29,1.884349828921024e-08,1.728386244979423e-08,1.7280213905879236e-08
2020-12-30,2.926736880920272e-08,2.802471313945892e-08,2.8017770857913144e-08
2020-12-31,1.7380397338213574e-08,1.4159612326906923e-08,1.4157595544152119e-08
2021-01-01,3.477678448647715e-08,3.343719523112023e-08,3.344097035767909e-08
2021-01-04,1.661254106417585e-08,1.4572630190363857e-08,1.456928670291401e-08
2021-01-05,1.595300266215017e-08,1.562698551096883e-08,1.562893159944517e-08
2021-01-06,1.314840240899209e-08,1.0121367609274134e-08,1.0121005706599375e-08
2021-01-07,2.6337805584994863e-08,2.7141212432507767e-08,2.7137012423317696e-08
2021-01-08,1.5299981839004854e-08,1.1378031779894558e-08,1.1386738599118656e-08
2021-01-11,1.8460065371515853e-08,1.4626228229056151e-08,1.4624957520963883e-08
2021-01-12,3.2459190661159284e-08,2.9757152480572827e-08,2.9750079657947146e-08
2021-01-13,1.6014876450803456e-08,1.192207907459316e-08,1.1913278344670951e-08
2021-01-14,1.4330506183777335e-07,1.5307319832869112e-07,1.531101218062923e-07
2021-01-15,2.600469798455746e-07,2.700000733186633e-07,2.6972926171191816e-07
2021-01-18,4.1110700982607056e-08,3.995198520742914e-08,3.989149312396262e-08
2021-01-19,8.396184206509723e-08,8.420275607398198e-08,8.418042799724e-08
2021-01-20,2.2051199171866152e-08,2.2152366220965177e-08,2.2151070814632296e-08
2021-01-21,1.898125957512361e-08,1.8933754285176145e-08,1.8925836231142223e-08
2021-01-22,2.355894656204939e-08,2.3848551854125637e-08,2.3845217051188093e-08
2021-01-25,2.5572894791245236e-08,2.473757957483453e-08,2.472647916588253e-08
2021-01-26,1.8192163796358004e-08,1.7425786096423512e-08,1.7410502818715484e-08
2021-01-27,4.132000171750985e-08,4.084348384569894e-08,4.084797728559244e-08
2021-01-28,1.8061350778080297e-08,1.6779692842299955e-08,1.6785100912730967e-08
2021-01-29,2.9867706654138073e-08,3.166449722579644e-08,3.167316397291482e-08
2021-02-01,1.6031712768211974e-08,1.477349321622172e-08,1.4785596707949134e-08
2021-02-02,1.665001566646063e-08,1.5261774779503932e-08,1.525511610909962e-08
2021-02-03,1.4509779372541544e-08,1.2920112390663277e-08,1.291681804544616e-08
2021-02-04,2.051858120446435e-08,1.9617007176249698e-08,1.9615570631581627e-08
2021-02-05,1.130451666334003e-08,1.1623085705873499e-08,1.1612056388297386e-08
2021-02-08,1.1079671017467262e-08,9.45750297596784e-09,9.46328840240952e-09
2021-02-09,4.222638244645604e-08,4.145777524003233e-08,4.1465576489995927e-08
2021-02-10,1.9189256478451278e-08,1.8307502811049278e-08,1.8306182664867385e-08
2021-02-11,2.261280077317491e-08,2.0231445645680127e-08,2.0220785137377836e-08
2021-02-12,2.3235701626790346e-08,2.22530163534269e-08,2.2239491464225482e-08
2021-02-15,1.7629787578139835e-08,1.506892076461569e-08,1.5061130858771074e-08
2021-02-16,1.3915454236408332e-08,1.1186551553586063e-08,1.118831139318047e-08
2021-02-17,1.1358719037569601e-08,7.349402217663671e-09,7.345802590680449e-09
2021-02-18,4.1816419549514405e-08,4.293235163287932e-08,4.293601114845984e-08
2021-02-19,2.451010886121441e-08,2.7841418632112424e-08,2.7826377383191414e-08
2021-02-22,1.8627172220801595e-08,1.501294624759206e-08,1.5030179512895397e-08
2021-02-23,1.909084080114821e-08,1.5557585464190906e-08,1.5557707193727776e-08
2021-02-24,3.603459550881806e-08,3.85101884878389e-08,3.8525022822041786e-08
2021-02-25,2.5944056300024025e-08,2.718264489036098e-08,2.719302656259679e-08
2021-02-26,3.621596703469245e-08,3.599143785512619e-08,3.5991320069554366e-08
2021-03-01,1.6117210916065503e-08,1.2922567928162663e-08,1.2923684956035358e-08
2021-03-02,5.6551891239635485e-08,5.955345641664727e-08,5.955034559886794e-08
2021-03-03,1.2815164962166528e-08,9.37818144456177e-09,9.388405221782029e-09
2021-03-04,1.7132903176785538e-08,1.3597237694632684e-08,1.3595491246302793e-08
2021-03-05,7.468846498981e-08,7.219635547809738e-08,7.219068044458487e-08
2021-03-08,3.540182758192395e-08,3.24989745213464e-08,3.2474413309384435e-08
2021-03-09,1.755722831362818e-08,1.4124156988457967e-08,1.4106721435383795e-08
2021-03-10,6.206631208432195e-08,6.614985282735108e-08,6.61970085160611e-08
2021-03-11,7.032717841786548e-08,6.99481922044147e-08,6.995035956046248e-08
2021-03-12,4.238493628123224e-08,4.118256835613625e-08,4.120364111108888e-08
2021-03-15,6.177405015982665e-08,6.117802644864975e-08,6.119025864273692e-08
2021-03-16,1.5806381933572075e-08,1.4419473425816132e-08,1.4414376244176846e-08
2021-03-17,2.232088384323683e-08,2.1005017178814254e-08,2.101252703858877e-08
2021-03-18,3.3497620824139226e-08,3.3244783325369646e-08,3.3227148872135044e-08
2021-03-19,2.1225771188803893e-08,1.9909336135063994e-08,1.991735426950097e-08
2021-03-22,1.0841027256480648e-08,1.0104296492388649e-08,1.0105005429031454e-08
2021-03-23,4.373317915918852e-08,4.285004584251775e-08,4.285549254909984e-08
2021-03-24,6.870406695590347e-08,6.853305992042597e-08,6.855567318096445e-08
2021-03-25,3.335000044780051e-08,3.403308230561588e-08,3.4054184809304426e-08
2021-03-26,1.1585100962413758e-08,1.0599813987178872e-08,1.0612710679297821e-08
2021-03-29,1.6549804703414113e-08,1.4171606832962997e-08,1.4170123807945636e-08
2021-03-30,8.668396921355525e-07,8.777380489014567e-07,8.778147721997927e-07
2021-03-31,5.877486475047176e-08,5.8505448996016134e-08,5.8681755468383855e-08
2021-04-01,2.1559439658967343e-08,2.5313959332199835e-08,2.532726391393302e-08
2021-04-02,4.503588130015837e-08,5.0746384993580467e-08,5.076726926296935e-08
2021-04-05,7.046676597739882e-08,6.425889721500938e-08,6.426540297370408e-08
2021-04-06,1.2576351610212685e-07,1.2725297353196527e-07,1.2729163419644814e-07
2021-04-07,2.400962455484243e-08,2.54128704319248e-08,2.5363479397459855e-08
2021-04-08,4.046324705291529e-08,3.984568416558911e-08,3.9850711851021124e-08
2021-04-09,2.409511922672785e-08,2.3398646675870872e-08,2.3393626323682382e-08
2021-04-12,9.721199898726683e-08,9.525435161021756e-08,9.52671771139491e-08
2021-04-13,7.441159857993307e-08,6.892777654280571e-08,6.890869585746373e-08
2021-04-14,9.868235646661081e-08,9.341476364546902e-08,9.340129260267314e-08
2021-04-15,1.221231476771877e-08,1.524211919762577e-08,1.5232008407728997e-08
2021-04-16,1.116135003799788e-08,1.1443793831448489e-08,1.1435980673024707e-08
2021-04-19,3.355897082501875e-08,3.3693453389120396e-08,3.369094489193833e-08
2021-04-20,1.7530472144943405e-08,1.7576016691694923e-08,1.7564151911731868e-08
2021-04-21,2.0851215109098884e-08,2.020166478730944e-08,2.0201376397184807e-08
2021-04-22,2.172857514060786e-08,2.026208446459708e-08,2.0259034321647428e-08
2021-04-23,4.120404946925733e-08,4.02150818295311e-08,4.020088153774377e-08
2021-04-26,3.379361951394326e-08,3.2900874386891746e-08,3.2891966206989445e-08
2021-04-27,9.041111952579279e-08,8.930202987928324e-08,8.933485728334328e-08
2021-04-28,1.9602046600555254e-08,1.9437996710478468e-08,1.944193269930376e-08
2021-04-29,2.1489031233351894e-08,1.9902575084987613e-08,1.9899260420560913e-08
2021-04-30,3.1405334522489345e-08,3.3188988514124895e-08,3.318971846217453e-08
2021-05-03,1.741535693240096e-08,1.5439771994299026e-08,1.5442714511930457e-08
2021-05-04,1.5995723215500337e-08,1.557228687334125e-08,1.557350203827415e-08
2021-05-05,1.536416512702886e-08,1.4030491630213472e-08,1.403039016932895e-08
2021-05-06,2.2019684752035446e-08,2.1397517247817653e-08,2.1398463074295876e-08
2021-05-07,4.1788960305396497e-08,4.053369104744077e-08,4.05405740624543e-08
2021-05-10,5.218247875348861e-08,5.352361919096257e-08,5.3515574922158454e-08
2021-05-11,2.3556302660214086e-08,2.180622272829992e-08,2.181078623819436e-08
2021-05-12,3.1273224813158886e-08,2.9150948254884358e-08,2.915068135868453e-08
2021-05-13,1.9357408243593467e-08,2.052735179875443e-08,2.0530688103779784e-08
2021-05-14,1.1879438285577834e-08,9.95054264295868e-09,9.948624847274904e-09
2021-05-17,4.9440324580119083e-08,4.9414721508137444e-08,4.941279196478191e-08
2021-05-18,3.700710336166253e-08,3.529160299379315e-08,3.530531683765336e-08
2021-05-19,2.7154408600337563e-08,2.7538036011062912e-08,2.753185605727748e-08
2021-05-20,1.8853836095847683e-08,1.680109044637136e-08,1.6789972809726964e-08
2021-05-21,1.80081134145784e-08,1.4882246641815786e-08,1.4870326180875276e-08
2021-05-24,3.143304176102079e-08,2.9865399713755656e-08,2.985958638046484e-08
2021-05-25,1.3827937104749992e-08,1.1194543711565891e-08,1.1179672642847151e-08
2021-05-26,4.164632466206361e-08,3.841102336710468e-08,3.8400671823024995e-08
2021-05-27,2.376436136142427e-08,2.1584701301655725e-08,2.1568679111347877e-08
2021-05-28,1.9747107236304695e-08,1.5513928850476658e-08,1.5503394479554013e-08
2021-05-31,1.339596406052304e-08,9.80566476160829e-09,9.794241511174096e-09
2021-06-01,9.034287730755843e-09,7.034220354710503e-09,7.029588252355324e-09
2021-06-02,1.6918908867276606e-08,1.423546594395211e-08,1.4230501748074655e-08
2021-06-03,1.170201859502193e-08,8.729331385873469e-09,8.727680921273459e-09
2021-06-04,1.3923602540356657e-08,1.2404332107100096e-08,1.2405570621966892e-08
2021-06-07,2.067740653282326e-08,1.66015088826384e-08,1.6608721763715584e-08
2021-06-08,1.3053099820376655e-08,9.466564042595965e-09,9.463044555316181e-09
2021-06-09,2.1134709574213475e-08,1.8388403633606067e-08,1.8382807362914328e-08
2021-06-10,1.3323407788980745e-08,9.073604448667762e-09,9.070746071644024e-09
2021-06-11,1.4400341773668644e-08,1.0728109915212914e-08,1.0727347564501664e-08
2021-06-14,4.096673278271855e-08,3.841591070322013e-08,3.841728017021958e-08
2021-06-15,1.012346049688293e-07,1.0896441139468537e-07,1.0899020239654205e-07
2021-06-16,2.8035657350628627e-08,2.4078218504657722e-08,2.4102881489839113e-08
2021-06-17,1.5161416387261018e-08,1.2743654658541295e-08,1.274895578928357e-08
2021-06-18,1.654678842853725e-08,1.2717595043021452e-08,1.2717152845121407e-08
2021-06-21,2.4314733683797844e-08,2.0672028640890867e-08,2.0671460579392e-08
2021-06-22,1.4592550054014137e-08,1.3368115714045859e-08,1.3367735990859733e-08
2021-06-23,1.532515808002848e-07,1.6711252367656115e-07,1.6710026455554288e-07
2021-06-24,1.520762514697425e-08,1.2153217335950885e-08,1.2195078377167925e-08
2021-06-25,6.364962587916451e-07,6.63302563465969e-07,6.631958741829512e-07
2021-06-28,1.831374981556483e-07,1.7846401127175283e-07,1.7823988204861899e-07
2021-06-29,2.4591433141675178e-08,2.411477970973075e-08,2.4115252358825873e-08
2021-06-30,1.1339482568050364e-07,1.134387428493837e-07,1.1343882163857652e-07
2021-07-01,2.099357092325275e-08,2.105624984056314e-08,2.104443140167086e-08
2021-07-02,2.8563846604218377e-08,3.03153546111915e-08,3.0317942709183055e-08
2021-07-05,1.4519387540896672e-07,1.4286132454805147e-07,1.4286664216773357e-07
2021-07-06,3.7987558709908175e-07,3.6926970090256156e-07,3.692263221589825e-07
2021-07-07,1.669919516311155e-08,1.9801799357499857e-08,1.982878150187013e-08
2021-07-08,6.258711031454066e-08,6.195147858830101e-08,6.1963846698174e-08
2021-07-09,7.236199691187863e-07,7.028247134034461e-07,7.028271399683041e-07
2021-07-12,2.1805139450062106e-08,2.962601146715642e-08,2.9736132965840162e-08
2021-07-13,6.459660306952671e-08,6.79888794036406e-08,6.801242465767532e-08
2021-07-14,3.5757126077163445e-08,3.9590289880330145e-08,3.958550171169608e-08
2021-07-15,2.8417910568145157e-08,3.225508565829412e-08,3.22349031735701e-08
2021-07-16,7.054441425765529e-08,7.182428905889006e-08,7.181796341100544e-08
2021-07-19,3.4448637574516666e-08,3.554580346216429e-08,3.5532342828954756e-08
2021-07-20,5.18332798546772e-08,5.354172864255316e-08,5.3523608642797426e-08
2021-07-21,2.9306516185426646e-08,3.06312040011693e-08,3.059991206387685e-08
2021-07-22,3.3943684909277456e-08,3.5226746769761765e-08,3.519937168862692e-08
2021-07-23,4.4859827924601975e-07,4.34590621785711e-07,4.3475430941572204e-07
2021-07-26,6.085484428014498e-08,6.486670694092564e-08,6.494689072442843e-08
2021-07-27,5.375188812941035e-07,4.973062756987301e-07,4.971890726372803e-07
2021-07-28,6.902574864706784e-08,6.952675732156489e-08,6.966790904358278e-08
2021-07-29,2.1644779327140597e-08,3.047995293296468e-08,3.051459936905963e-08
2021-07-30,1.8057182068330301e-06,1.7099450254612646e-06,1.7099642867476558e-06
2021-08-02,3.920292955873405e-08,5.232691627949019e-08,5.245191431053852e-08
2021-08-03,3.8408180895086986e-08,5.110326765143335e-08,5.120096603077449e-08
2021-08-04,3.6382389271057084e-08,4.4641170312584344e-08,4.4667528186893884e-08
2021-08-05,1.928153374699607e-08,2.4003846183913926e-08,2.400361716861659e-08
2021-08-06,2.313468666757902e-08,3.036245582325365e-08,3.035943571642198e-08
2021-08-09,7.838395972544831e-07,7.332650451924749e-07,7.33341658033109e-07
2021-08-10,4.5023278512243573e-08,5.450527246646147e-08,5.465156717161019e-08
2021-08-11,6.259835996299619e-07,5.73390230773099e-07,5.730071570635134e-07
2021-08-12,7.769098541714484e-08,8.421706682106594e-08,8.435685083979008e-08
2021-08-13,1.0884517072823075e-07,1.1419556376749101e-07,1.1425210332633037e-07
2021-08-16,2.5094932802123292e-08,3.743203118920683e-08,3.7423593188728236e-08
2021-08-17,1.2408298028432717e-07,1.2324851307851612e-07,1.2323715279746098e-07
2021-08-18,4.574121466326172e-08,4.573738499843995e-08,4.576976800118072e-08
2021-08-19,9.358811315962957e-08,8.79118739750984e-08,8.789749195392185e-08
2021-08-20,4.135124844938184e-07,4.008740101621043e-07,4.008661230449223e-07
2021-08-23,5.512288872843646e-07,4.783471706416368e-07,4.783743511317402e-07
2021-08-24,8.629224241700719e-08,1.0044029908231391e-07,1.0051211354778411e-07
2021-08-25,7.204359779148379e-08,7.706234950499861e-08,7.705191766088534e-08
2021-08-26,3.0402860553345613e-07,2.694183739104422e-07,2.6944537279174146e-07
2021-08-27,2.9264018954162262e-08,4.162914193574066e-08,4.164392431196573e-08
2021-08-30,4.361255851930446e-07,3.889281026263789e-07,3.8894325179331187e-07
2021-08-31,2.59830088851519e-08,3.969910634660761e-08,3.972997187371349e-08
2021-09-01,1.959444393638179e-07,1.7198591473154532e-07,1.719916170520773e-07
2021-09-02,1.2202670929275022e-06,1.0881244377572411e-06,1.0881095719270783e-06
2021-09-03,6.612166964832485e-08,8.868265454931305e-08,8.877954726842441e-08
2021-09-06,1.0646096131719583e-07,1.0328644582900256e-07,1.0327595045829587e-07
2021-09-07,4.779319262818974e-08,6.63627625892414e-08,6.635214957664826e-08
2021-09-08,1.347031936354874e-07,1.3336690500625923e-07,1.3336868754587757e-07
2021-09-09,6.743220113345636e-08,7.740405769960546e-08,7.7396946162524e-08
2021-09-10,1.4495489930266467e-07,1.5207636950531024e-07,1.5206610439573992e-07
2021-09-13,1.176336567752955e-07,1.2791491706471176e-07,1.2789710320332576e-07
2021-09-14,2.2760202934555366e-07,1.972677508431369e-07,1.9730174180629295e-07
2021-09-15,2.3034585605949027e-07,2.3248931388852942e-07,2.3251515473181118e-07
2021-09-16,5.6947134514677564e-08,6.660798612470716e-08,6.659143583392239e-08
2021-09-17,2.5498696930662926e-07,2.534891261148105e-07,2.5349531094913967e-07
2021-09-20,1.4645328291078074e-07,1.529247827605584e-07,1.529273127470184e-07
2021-09-21,2.0675172755981375e-07,2.1470406536301742e-07,2.1469814441774683e-07
2021-09-22,5.769271404040092e-08,7.403347543026663e-08,7.400688788640233e-08
2021-09-23,7.681364014439759e-08,7.337159042086305e-08,7.33628041723492e-08
2021-09-24,4.47251715400752e-07,3.94977540917174e-07,3.950441346601778e-07
2021-09-27,2.6931722252176283e-07,2.395409316707098e-07,2.3946059999893375e-07
2021-09-28,3.628333633627939e-07,3.126561182246016e-07,3.124506264822427e-07
2021-09-29,6.741617445856317e-08,7.642707364979885e-08,7.648242838520726e-08
2021-09-30,9.464217990216548e-08,1.0696464564703604e-07,1.0703623080687383e-07
2021-10-01,3.190250799233157e-08,5.128525898027185e-08,5.126560913725215e-08
2021-10-04,1.8303661282072616e-07,1.585142564016343e-07,1.5852516676525482e-07
2021-10-05,4.010067955471939e-07,3.6529334225946616e-07,3.6523968637552637e-07
2021-10-06,7.067211301057366e-08,8.138199554840506e-08,8.147023232445558e-08
2021-10-07,5.699230910092815e-08,7.649194356323347e-08,7.650461731328921e-08
2021-10-08,4.2672068677393104e-07,3.8225384072858135e-07,3.8227883716229836e-07
2021-10-11,1.4176733242733314e-07,1.350418992639465e-07,1.3505652878552573e-07
2021-10-12,6.519952248226291e-08,7.42773148130448e-08,7.426981342610125e-08
2021-10-13,3.773479477829975e-08,3.6605745673643144e-08,3.660284001177089e-08
2021-10-14,9.002123771400003e-08,1.0415940808943033e-07,1.0416489850323295e-07
2021-10-15,1.6436128804936293e-08,2.8178136705317512e-08,2.816774399753093e-08
2021-10-18,4.070366274684866e-08,3.598457689199514e-08,3.598567790908177e-08
2021-10-19,5.5233084690998714e-08,6.294896858344351e-08,6.295515611138927e-08
2021-10-20,1.2146600291065917e-07,1.2447401328934222e-07,1.244724931011075e-07
2021-10-21,2.8100812407360787e-08,3.4913514446298406e-08,3.4899180584181205e-08
2021-10-22,3.8117875634598064e-08,4.091207988361423e-08,4.091258131785822e-08
2021-10-25,4.264279583088048e-08,4.4435512078554734e-08,4.4435584080119696e-08
2021-10-26,2.18692246264076e-08,2.6545707757809846e-08,2.6542764950349208e-08
2021-10-27,4.689878608675381e-08,4.5447374380422485e-08,4.5445434396487534e-08
2021-10-28,2.685861485416701e-08,2.8951696191678906e-08,2.895037848262734e-08
2021-10-29,4.4038119304263885e-08,4.2129852081124124e-08,4.212918281663911e-08
2021-11-01,4.04046385592891e-08,4.0028489459616475e-08,4.00276959757209e-08
2021-11-02,6.594719880922873e-08,5.987381608534391e-08,5.987281554986058e-08
2021-11-03,3.79951552694052e-08,4.009587014822254e-08,4.0102993073805785e-08
2021-11-04,5.8082851895647656e-08,5.802778669460556e-08,5.801740064074385e-08
2021-11-05,2.296440248398795e-08,2.2916319543955192e-08,2.2915698675844453e-08
2021-11-08,4.2364465984348616e-08,4.67641478649639e-08,4.6765200479991376e-08
2021-11-09,2.1910155778364567e-08,2.24442304296724e-08,2.2445126836769294e-08
2021-11-10,4.528322478897107e-08,4.463736514093569e-08,4.463726700908527e-08
2021-11-11,4.2520168452680295e-08,4.328747761909235e-08,4.329477167241643e-08
2021-11-12,1.2248711127123918e-07,1.1665645903406959e-07,1.1666921741868372e-07
2021-11-15,1.5422554424926362e-07,1.4141265874077857e-07,1.4137008135530592e-07
2021-11-16,4.2322418531482934e-08,4.4190124781026655e-08,4.4226967142070417e-08
2021-11-17,2.4594628710306428e-08,2.6695937411158663e-08,2.6705874658126293e-08
2021-11-18,7.630401999872983e-08,7.193245939757467e-08,7.19555834230304e-08
2021-11-19,7.10353727748477e-08,6.572794395345434e-08,6.572569354781209e-08
2021-11-22,2.3752183955135185e-08,2.4142459121457533e-08,2.414147907732059e-08
2021-11-23,3.183898021099736e-08,3.393844831887216e-08,3.393438369005124e-08
2021-11-24,2.7031452387333106e-08,2.583100967634855e-08,2.582927457728562e-08
2021-11-25,4.193305849223707e-08,4.476912625869021e-08,4.4767968652721006e-08
2021-11-26,6.888828419436906e-08,6.62501650941097e-08,6.624977500113565e-08
2021-11-29,1.4007287559096801e-07,1.3832132045489093e-07,1.3834299598478667e-07
2021-11-30,3.835380236455555e-08,4.062913952526084e-08,4.063943128909471e-08
2021-12-01,1.8009492564896365e-08,1.815718921583697e-08,1.8146195259934187e-08
2021-12-02,2.7185465229667072e-08,2.8513204592519545e-08,2.850518188389553e-08
2021-12-03,1.4123501550396748e-08,1.3132528677480538e-08,1.3127441626951244e-08
2021-12-06,2.503166904100233e-08,2.210136290746686e-08,2.2102575986722974e-08
2021-12-07,2.3495604673651977e-08,2.2664305243652844e-08,2.2659148435371685e-08
2021-12-08,2.2878671621209808e-08,2.00738515189092e-08,2.007742027647102e-08
2021-12-09,6.33245845913778e-08,6.143990248983295e-08,6.144177601936141e-08
2021-12-10,7.905073230548326e-08,7.522067177583072e-08,7.52185609585072e-08
2021-12-13,1.4007676789580998e-08,1.348128957849979e-08,1.3488191294883968e-08
2021-12-14,1.2764824422627402e-07,1.2874072783134245e-07,1.287449659042317e-07
2021-12-15,3.1404463446504365e-08,3.310980401705164e-08,3.3117719570111684e-08
2021-12-16,5.406355095324978e-08,5.418995515269552e-08,5.4191959719379745e-08
2021-12-17,1.2279899029581723e-08,1.0532362651550044e-08,1.052880519428151e-08
2021-12-20,3.236650864540442e-08,3.0130160296108065e-08,3.01442673623488e-08
2021-12-21,1.3983065665632305e-08,1.2728540715808244e-08,1.272273687774809e-08
2021-12-22,1.3512653648404146e-08,1.1779047687792903e-08,1.1774526500877277e-08
2021-12-23,9.642194130064671e-08,9.847096015052282e-08,9.848298196110292e-08
2021-12-24,3.0771847807052615e-08,2.9287446181342623e-08,2.9313315805277032e-08
2021-12-27,1.4739144134244614e-08,1.3047333067059165e-08,1.3050140693935575e-08
2021-12-28,1.0127323865723782e-07,9.98213774744778e-08,9.982301412519633e-08
2021-12-29,1.9231234623475492e-08,1.7236919788624965e-08,1.725188765380553e-08
2021-12-30,1.9623413747326465e-08,1.8191834812275564e-08,1.8188987352252406e-08
2021-12-31,6.45058275918899e-08,6.52346008618022e-08,6.525696959012253e-08
2022-01-03,3.2074374545690706e-08,3.180064793009131e-08,3.1807940356126675e-08
2022-01-04,1.9419491367898008e-08,1.915735956295221e-08,1.9138448203017475e-08
2022-01-05,2.3717325211799266e-08,2.2357109084199808e-08,2.2356603678891562e-08
2022-01-06,4.474088306400348e-08,4.409373283743651e-08,4.4101595871727154e-08
2022-01-07,1.4174978347652192e-08,1.1587841298179837e-08,1.15785608168191e-08
2022-01-10,1.2019575469837654e-08,9.995389030262998e-09,9.987783134982515e-09
2022-01-11,2.8727738402568178e-08,2.6743087188481518e-08,2.6738540816469045e-08
2022-01-12,6.730843689021984e-08,7.222876007805245e-08,7.226853947922859e-08
2022-01-13,2.981902885153434e-08,2.7256883382257713e-08,2.7231941543514053e-08
2022-01-14,8.907571587915038e-08,8.908760181554902e-08,8.905898698341217e-08
2022-01-17,3.0277649282394576e-08,2.7552541802917074e-08,2.7533671808505106e-08
2022-01-18,1.1921578403376749e-08,1.0867665389334316e-08,1.0876560521791275e-08
2022-01-19,1.3160104479244803e-08,1.1275142881451412e-08,1.1280510390487897e-08
2022-01-20,1.3731314586610088e-07,1.3920412660289938e-07,1.3921360461199267e-07
2022-01-21,1.745164137573587e-08,1.6393377316264782e-08,1.6372209406154002e-08
2022-01-24,2.6357849119775543e-08,2.4164969051971773e-08,2.41624089077121e-08
2022-01-25,3.561657688047128e-08,3.0933002638953133e-08,3.092180997828909e-08
2022-01-26,2.1736082780735285e-08,2.090069548688202e-08,2.0897319853917857e-08
2022-01-27,1.041297518197702e-07,1.0388593074540737e-07,1.0392565747424394e-07
2022-01-28,2.6854833718235904e-08,2.599526054629686e-08,2.601660417009397e-08
2022-01-31,8.168598396205356e-08,7.873548677358869e-08,7.872992005282683e-08
2022-02-01,1.055180186059934e-08,9.449325146063898e-09,9.441372122944375e-09
2022-02-02,1.8738716517423554e-08,1.83521441627362e-08,1.835109596168948e-08
2022-02-03,1.5557578247126277e-08,1.2607026805407892e-08,1.2594652075315517e-08
2022-02-04,4.7413945133490397e-08,4.485419865265863e-08,4.485243018023988e-08
2022-02-07,3.189093610523185e-08,2.880433236647926e-08,2.8777226240534315e-08
2022-02-08,5.4462309379087264e-08,5.7942575838255064e-08,5.798491708680763e-08
2022-02-09,3.037789680494664e-08,2.759271113207398e-08,2.760217604072601e-08
2022-02-10,1.2330814554877825e-08,1.1292139540084283e-08,1.128770578788237e-08
2022-02-11,1.0531141655501648e-08,7.703601474571543e-09,7.69738208618745e-09
2022-02-14,1.95724407743202e-08,1.6279241273378372e-08,1.6280879925680138e-08
2022-02-15,1.822115443556853e-08,1.4431706790225565e-08,1.4432827137057374e-08
2022-02-16,1.8253064156167595e-08,1.5018512159277125e-08,1.501941081188426e-08
2022-02-17,2.3298985535062776e-08,1.917876662000594e-08,1.9176618130989282e-08
2022-02-18,1.4720137703820421e-08,1.0234063891321947e-08,1.0225989321273403e-08
2022-02-21,1.5013299501522917e-08,1.1062633532765058e-08,1.1058236416416349e-08
2022-02-22,2.3386486579974706e-08,2.518729295522915e-08,2.5200876153023906e-08
2022-02-23,1.656189893022462e-08,1.223367376443292e-08,1.2243031663209335e-08
2022-02-24,2.278653641694133e-08,2.637781939076182e-08,2.638986835034317e-08
2022-02-25,1.9983721853672226e-08,1.5636660979980205e-08,1.564817976177259e-08
2022-02-28,1.340044231344833e-08,9.283180054630039e-09,9.284660364212247e-09
2022-03-01,6.550625498224442e-08,7.481322046523094e-08,7.483464612626178e-08
2022-03-02,8.234965078627838e-08,8.689747507017164e-08,8.683671050435167e-08
2022-03-03,2.123125234630896e-08,1.8749813494948743e-08,1.87906338909069e-08
2022-03-04,2.7440427058292255e-08,2.8116852759983575e-08,2.8121496118170725e-08
2022-03-07,9.478039589584883e-08,9.588682929690565e-08,9.587940983748828e-08
2022-03-08,1.8238134081405e-08,1.6451923490923487e-08,1.6477961913742242e-08
2022-03-09,2.4807109476903293e-08,2.4907597228715788e-08,2.4920445747698588e-08
2022-03-10,2.9583425116130306e-08,2.8493340121003727e-08,2.8486377826313693e-08
2022-03-11,4.415755771222297e-08,4.68328698288828e-08,4.683672153246395e-08
2022-03-14,3.2828096870581256e-08,3.332230652943632e-08,3.333474331201219e-08
2022-03-15,2.1282499143446358e-08,1.9184753972732676e-08,1.9183918303855082e-08
2022-03-16,9.18390962633947e-09,6.749661476616134e-09,6.746831851722287e-09
2022-03-17,2.1582227229396924e-08,1.8605911764928263e-08,1.860308411381529e-08
2022-03-18,2.2062791916872905e-08,1.9035236994315675e-08,1.9023076590133577e-08
2022-03-21,1.4316649561035948e-08,1.0432354813727922e-08,1.0421139261469647e-08
2022-03-22,1.640022141125399e-08,1.3262248760778563e-08,1.3254771680319403e-08
2022-03-23,2.767367272419118e-07,3.003911002436861e-07,3.0043929944615005e-07
2022-03-24,1.6983778653687503e-08,1.5050026772632492e-08,1.5136142032798915e-08
2022-03-25,2.7030651354613576e-08,2.674229080024631e-08,2.67404649317271e-08
2022-03-28,2.431622583468527e-08,2.2946151792425942e-08,2.296045216252933e-08
2022-03-29,6.590959848243906e-08,6.429537409256928e-08,6.430665589182672e-08
2022-03-30,1.7421221929100972e-08,1.5710643542451936e-08,1.5712172245053425e-08
2022-03-31,1.2626258778798679e-08,1.0847906809567226e-08,1.0850554444531196e-08
2022-04-01,2.3664062800889662e-08,2.0346698427685106e-08,2.0352976956667697e-08
2022-04-04,4.135125312634046e-08,4.392385605153708e-08,4.3930774164686656e-08
2022-04-05,3.328012823224421e-08,3.088565030464979e-08,3.088764340577987e-08
2022-04-06,2.926512923226509e-07,2.9735039564412277e-07,2.9737786280724935e-07
2022-04-07,6.654080123211573e-08,6.203921196556956e-08,6.195718684710491e-08
2022-04-08,2.725568210428588e-08,2.7966622885851786e-08,2.7995318319510257e-08
2022-04-11,3.090460200057748e-08,3.0156187977800176e-08,3.017349121072678e-08
2022-04-12,1.5933465627441426e-07,1.5320177165335525e-07,1.5324369525148718e-07
2022-04-13,1.1528910651300035e-07,1.1534562775921465e-07,1.1531563486263804e-07
2022-04-14,2.3145063461823793e-08,2.404004817305533e-08,2.4048854758518546e-08
2022-04-15,3.130311046626165e-08,2.9040203556676627e-08,2.903898869631628e-08
2022-04-18,4.8186976568829124e-08,4.811639381444253e-08,4.811686375435379e-08
2022-04-19,1.5953005096816732e-08,1.6328544279983995e-08,1.630278884338519e-08
2022-04-20,2.0745408485828994e-08,2.029729151778622e-08,2.0296485448144904e-08
2022-04-21,5.046656790738791e-07,5.046479886618989e-07,5.047218028148455e-07
2022-04-22,3.007708857105111e-08,2.9244263399135856e-08,2.921930605005232e-08
2022-04-25,5.075206566932228e-08,4.4077131434204445e-08,4.406925636935419e-08
2022-04-26,2.5823045657771284e-08,3.010921107946698e-08,3.0130234074328016e-08
2022-04-27,1.5049847442812268e-08,1.4686816451834618e-08,1.4685822949196992e-08
2022-04-28,5.879311655626373e-08,5.998387130841208e-08,5.998852578843479e-08
2022-04-29,1.697307781690593e-07,1.611621676542472e-07,1.611358124253018e-07
2022-05-02,6.907275608571942e-08,7.140069517796192e-08,7.143719187551985e-08
2022-05-03,4.607457402943925e-08,4.806829082355455e-08,4.8065493592038564e-08
2022-05-04,5.226337743551554e-08,5.0302414469358825e-08,5.031908706539014e-08
2022-05-05,1.9002481039162328e-08,2.1311090025334445e-08,2.1301150493727986e-08
2022-05-06,7.224109216436491e-08,7.013693759586669e-08,7.017554095689649e-08
2022-05-09,1.2350057436217377e-07,1.1876601210800006e-07,1.1877954379381704e-07
2022-05-10,4.623727009510557e-08,4.2624193217115525e-08,4.255224360467832e-08
2022-05-11,5.439892322380052e-08,5.619413371641549e-08,5.6211662922604564e-08
2022-05-12,5.209559202617328e-08,5.048585638235909e-08,5.049407991139716e-08
2022-05-13,1.8657735319282044e-08,1.9798244945208474e-08,1.979311279587734e-08
2022-05-16,4.810474654392676e-08,5.117002023497706e-08,5.116518252501414e-08
2022-05-17,1.8123760775947167e-08,1.882974045378031e-08,1.882514753306853e-08
2022-05-18,3.149351894114045e-08,3.0871221919219365e-08,3.0868992396821814e-08
2022-05-19,2.643003234188232e-08,2.5918980289088668e-08,2.590380136673878e-08
2022-05-20,8.304704542606398e-08,8.843322309959735e-08,8.845943341826128e-08
2022-05-23,3.943382809685143e-08,4.158676600316777e-08,4.1613836964340914e-08
2022-05-24,1.8389035101535752e-07,1.8173801941126028e-07,1.8174837213372138e-07
2022-05-25,3.135163447564122e-08,3.502295027957916e-08,3.506532413616645e-08
2022-05-26,2.805720116645432e-08,3.187797963192931e-08,3.188571016237186e-08
2022-05-27,2.1282054464625493e-08,2.225007880167146e-08,2.2249699907460345e-08
2022-05-30,3.072949707177798e-08,2.9898750351823104e-08,2.9900965751959855e-08
2022-05-31,6.396156137628546e-08,6.170355921169412e-08,6.170156939461733e-08
2022-06-01,4.0496826032571023e-08,4.0033834096397954e-08,4.001805926408662e-08
2022-06-02,3.5671707196551943e-08,3.6329864254572184e-08,3.6340835564615796e-08
2022-06-03,1.9102282978403044e-08,1.9872283746713235e-08,1.9865810136026814e-08
2022-06-06,6.00401646725716e-08,6.098856671472982e-08,6.099682516906428e-08
2022-06-07,1.1919870673630942e-07,1.1686626798349208e-07,1.1687037885593705e-07
2022-06-08,7.371877312476594e-08,7.062708249924878e-08,7.067244876605581e-08
2022-06-09,7.301621516481953e-08,7.310460573015274e-08,7.310583265973046e-08
2022-06-10,1.1537757229199812e-07,1.0990674398497633e-07,1.099343214018421e-07
2022-06-13,2.1171445999770502e-08,2.3878204536802937e-08,2.388484331545967e-08
2022-06-14,1.1465926417139968e-07,1.109643214139468e-07,1.1099007509722506e-07
2022-06-15,5.360836193409107e-08,5.002150766665723e-08,5.00249287698803e-08
2022-06-16,2.478401423871981e-08,2.503154788535827e-08,2.5037979089562123e-08
2022-06-17,1.2955423816905148e-07,1.2048684262344303e-07,1.2050752364223542e-07
2022-06-20,4.2100194640844126e-08,4.6810297132626016e-08,4.682061225881116e-08
2022-06-21,6.72039472134049e-08,6.952554953719487e-08,6.952501214712352e-08
2022-06-22,2.9560363269118336e-08,3.119670357740914e-08,3.1182225426104923e-08
2022-06-23,7.281079425813668e-08,6.985486572873053e-08,6.984736979714421e-08
2022-06-24,5.2872929055753515e-08,5.322641923496394e-08,5.323069222775643e-08
2022-06-27,2.6777104179109142e-08,2.950199279968611e-08,2.9475366825528314e-08
2022-06-28,2.107702219778461e-07,2.0335438644499718e-07,2.034157950622924e-07
2022-06-29,5.3514818839158255e-08,5.604094614518315e-08,5.6092711938931226e-08
2022-06-30,2.6398901320907503e-08,2.9184688248111828e-08,2.9176200018299287e-08
2022-07-01,4.8385901093442106e-08,4.913782716278212e-08,4.912277546970785e-08
2022-07-04,4.337138592642801e-08,3.9885420161533694e-08,3.986787309485226e-08
2022-07-05,1.892277021381572e-08,1.9555877959197798e-08,1.954409016992837e-08
2022-07-06,4.161307071231651e-08,4.1248161325970096e-08,4.123630956482697e-08
2022-07-07,2.7183376918178454e-08,2.7809863794836565e-08,2.7780115150187698e-08
2022-07-08,2.2604388477118154e-08,2.060692012138132e-08,2.0601767162415623e-08
2022-07-11,2.3718424115650801e-07,2.3815486396016167e-07,2.3819149884940596e-07
2022-07-12,4.9695160277753936e-08,5.1820340030862624e-08,5.188928249731134e-08
2022-07-13,2.5056561672216815e-08,2.6638220989096758e-08,2.663783154961608e-08
2022-07-14,9.015225824595058e-08,9.278465736804802e-08,9.279127985975019e-08
2022-07-15,2.1642106266077e-08,2.1622387286664286e-08,2.159964759674451e-08
2022-07-18,1.252505191227734e-07,1.194731407053713e-07,1.1951347847330738e-07
2022-07-19,4.519606342527349e-08,4.303219782269673e-08,4.2994816607108896e-08
2022-07-20,6.005334868111494e-08,5.838184100436065e-08,5.838887455301284e-08
2022-07-21,3.351280483110446e-08,3.373249795554198e-08,3.372811060097236e-08
2022-07-22,6.535057670193567e-08,6.404311482919388e-08,6.402353894475414e-08
2022-07-25,2.216928014093505e-06,2.167425953552835e-06,2.168058296828992e-06
2022-07-26,1.3119164837516654e-08,2.478047136331603e-08,2.5160171133023844e-08
2022-07-27,1.4176135333314483e-06,1.335751942556231e-06,1.3347934690945728e-06
2022-07-28,3.022738572080478e-08,4.818796910606144e-08,4.858342774387916e-08
2022-07-29,5.155435965154137e-08,6.323510082351597e-08,6.331529131417266e-08
2022-08-01,1.2513898465875752e-07,1.2870466115999907e-07,1.2870508699851855e-07
2022-08-02,7.321329211232578e-08,6.750682467078676e-08,6.751476843286123e-08
2022-08-03,1.5180703807537565e-08,2.759912108836979e-08,2.7608453604193578e-08
2022-08-04,4.577201025207116e-08,5.1624247734386786e-08,5.1627616830018955e-08
2022-08-05,1.2617070486192141e-07,1.2965860563932576e-07,1.296423217677019e-07
2022-08-08,7.869835933304183e-08,8.307899337109444e-08,8.309684230557516e-08
2022-08-09,4.567451150963641e-08,4.451101699385936e-08,4.452545299148088e-08
2022-08-10,3.744071473917998e-08,4.4004126958682844e-08,4.401629789412621e-08
2022-08-11,3.247870518867926e-08,3.436569055829709e-08,3.435215604324116e-08
2022-08-12,4.925000290609048e-07,4.7095266989259073e-07,4.70973575095002e-07
2022-08-15,5.1954367947314135e-08,5.0151969887396924e-08,5.008844992179346e-08
2022-08-16,5.365160859788118e-08,6.096324529258582e-08,6.09866836101984e-08
2022-08-17,7.977678758219544e-08,6.423985299492226e-08,6.426801042492355e-08
2022-08-18,6.438063494215102e-08,6.971974836153426e-08,6.97699563150214e-08
2022-08-19,2.759101025666477e-08,3.4881205765458694e-08,3.4848153346604745e-08
2022-08-22,3.134852936718801e-08,3.862077601747255e-08,3.860489134201852e-08
2022-08-23,6.868042118368027e-08,7.401254276834227e-08,7.399120148429228e-08
2022-08-24,2.4947207028949046e-08,2.825771482253284e-08,2.821904049240152e-08
2022-08-25,1.2051047581058992e-07,1.1126046340740498e-07,1.1130326221294648e-07
2022-08-26,7.652606965224634e-07,7.268461758380592e-07,7.266127526499263e-07
2022-08-29,5.419307781202372e-08,6.235721220037232e-08,6.252101344896608e-08
2022-08-30,3.005131567885459e-08,3.02277637684147e-08,3.024165530167062e-08
2022-08-31,6.139602060075019e-08,5.741814797448877e-08,5.740663283920901e-08
2022-09-01,9.853404106775585e-08,9.189907124520523e-08,9.190884016857404e-08
2022-09-02,2.362727918213684e-08,3.200900506921801e-08,3.204696872737782e-08
2022-09-05,1.4437517419172982e-07,1.268326058757574e-07,1.2683918631359804e-07
2022-09-06,1.2463730626626314e-07,1.1784378466524326e-07,1.178317630564456e-07
2022-09-07,7.594387733286342e-08,7.948520507433396e-08,7.951145329359039e-08
2022-09-08,3.935158624238485e-07,3.6179501389177184e-07,3.618041493960856e-07
2022-09-09,1.252559952073981e-07,1.311987940342289e-07,1.312416423262911e-07
2022-09-12,6.296901583450155e-08,6.384190058666451e-08,6.387668987201385e-08
2022-09-13,3.4707622327601836e-07,3.129941792625766e-07,3.1306811303324384e-07
2022-09-14,2.793173636009289e-08,4.188285133094061e-08,4.195125289178097e-08
2022-09-15,1.1745816579706119e-07,1.1698364395518107e-07,1.1700685163901592e-07
2022-09-16,3.4348598607493283e-08,4.055342877841118e-08,4.057509266509258e-08
2022-09-19,7.167143738786146e-08,8.105535377785971e-08,8.104773432440623e-08
2022-09-20,1.4684801730055455e-07,1.370574106900604e-07,1.3705039427831674e-07
2022-09-21,5.397047530546822e-08,5.821512288014776e-08,5.825080818557251e-08
2022-09-22,7.728647670715939e-08,8.017994051368082e-08,8.016909351053089e-08
2022-09-23,3.110128100419166e-08,3.7552198903705825e-08,3.7551815693394745e-08
2022-09-26,2.0130316444617703e-08,2.6089553663095693e-08,2.6075281600565048e-08
2022-09-27,2.3309153462484134e-07,2.3453948954440537e-07,2.3454856458503536e-07
2022-09-28,5.38963642730379e-08,6.028270122767056e-08,6.023489687447802e-08
2022-09-29,3.119318168354312e-08,3.6226964083597684e-08,3.6214197631772814e-08
2022-09-30,7.376521272343594e-08,7.353513678534521e-08,7.352774619412954e-08
2022-10-03,9.389471280603427e-08,9.575693032281352e-08,9.574580205887736e-08
2022-10-04,7.523347919253768e-08,7.388662248730712e-08,7.388468681755125e-08
2022-10-05,2.0570278761116973e-07,1.886319274156018e-07,1.8865868295037407e-07
2022-10-06,3.391871941870637e-08,3.7920531538226326e-08,3.7940154539307397e-08
2022-10-07,2.48541105026855e-08,3.009357523243773e-08,3.0086759966845396e-08
2022-10-10,2.775173013008238e-08,3.2430965309800355e-08,3.242459593915605e-08
2022-10-11,3.056679451163904e-08,2.9202023338910005e-08,2.9206930291795924e-08
2022-10-12,2.833767653331283e-08,3.206046976773163e-08,3.2055142462689025e-08
2022-10-13,5.402776070278514e-08,5.0735274307093025e-08,5.0745766799924874e-08
2022-10-14,6.999648548047283e-08,6.929185261629658e-08,6.928212894598102e-08
2022-10-17,6.480735146158291e-08,6.690985077624412e-08,6.694185897186187e-08
2022-10-18,3.508848780870644e-08,3.616701652104735e-08,3.615532431172759e-08
2022-10-19,3.4029367971878954e-08,3.5855508331410424e-08,3.584764166348947e-08
2022-10-20,1.3748035923878122e-06,1.3614470637949308e-06,1.3615867510371891e-06
2022-10-21,3.029937535983265e-07,2.701655676168705e-07,2.6955048675916746e-07
2022-10-24,1.587733573259872e-08,2.7640890733046033e-08,2.7702163116776748e-08
2022-10-25,7.190725209625685e-08,8.080556546068478e-08,8.079390202977546e-08
2022-10-26,9.51633647263018e-08,9.905266129395835e-08,9.903047718762414e-08
2022-10-27,2.7638037735138496e-08,3.5091264899819165e-08,3.5076393336147896e-08
2022-10-28,4.608805260502396e-08,4.8495837848261433e-08,4.8479165662014194e-08
2022-10-31,2.829804144981277e-07,2.604433212435693e-07,2.6040661357052866e-07
2022-11-01,4.8568389582158753e-08,4.884653646115531e-08,4.888155449421182e-08
2022-11-02,1.3884395654229775e-08,2.1619980802282444e-08,2.1643076816679947e-08
2022-11-03,2.4534586154186097e-08,2.8292078142106686e-08,2.8290668742838437e-08
2022-11-04,5.9577553136153544e-08,5.833207932912278e-08,5.8344990500891624e-08
2022-11-07,4.40479876962798e-08,4.6034333517570586e-08,4.603540519205265e-08
2022-11-08,1.6625784050026344e-07,1.568661142300056e-07,1.5687276332030283e-07
2022-11-09,2.6589387951731287e-08,3.124980142903715e-08,3.12870617514179e-08
2022-11-10,5.2044580750451e-08,5.3736733108412916e-08,5.3731864226462574e-08
2022-11-11,9.960144294514016e-08,9.271512108549151e-08,9.272978149659722e-08
2022-11-14,8.296025724110244e-08,8.220020890702667e-08,8.220217532041903e-08
2022-11-15,1.0158697270364663e-07,1.0474955106531836e-07,1.0474975722177959e-07
2022-11-16,7.097374024378685e-08,7.666418658614964e-08,7.663005613472096e-08
2022-11-17,3.71426684866089e-08,4.03229941067497e-08,4.029481582271651e-08
2022-11-18,4.622734014049087e-08,4.5951125818736835e-08,4.593387389681851e-08
2022-11-21,3.384722368511263e-08,3.5604089055365314e-08,3.5583680647383027e-08
2022-11-22,5.655847928479025e-08,5.50395011554692e-08,5.502309853058119e-08
2022-11-23,1.4314032290821345e-08,1.8617557018345813e-08,1.8611367636830903e-08
2022-11-24,1.1545951687444752e-08,1.3314741878062342e-08,1.3311580086328518e-08
2022-11-25,4.4897222286098156e-08,4.593910916258269e-08,4.5935477466834814e-08
2022-11-28,1.1861969859576843e-07,1.1905681023025932e-07,1.1910045893953286e-07
2022-11-29,3.182839184067629e-08,3.044867931716886e-08,3.044869000242903e-08
2022-11-30,2.214045984473228e-08,2.3939621547998612e-08,2.3956932953507926e-08
2022-12-01,6.234007683458924e-08,6.160695664962823e-08,6.161212063785137e-08
2022-12-02,9.323204574081823e-07,9.245542311706755e-07,9.246837241686456e-07
2022-12-05,2.437872649891896e-08,3.075298239402279e-08,3.096713369615283e-08
2022-12-06,8.041379966794075e-08,8.630070134467702e-08,8.635099834708068e-08
2022-12-07,3.806724927196267e-08,4.1739261668026835e-08,4.1738702417290244e-08
2022-12-08,9.306635475243794e-08,8.569852695281912e-08,8.572598631881057e-08
2022-12-09,2.611913527183613e-08,2.5679090991032565e-08,2.5665601659712744e-08
2022-12-12,2.9537722957727584e-08,3.302447104799454e-08,3.3029130651283685e-08
2022-12-13,1.376658394836613e-07,1.3721731299308832e-07,1.3719889202797712e-07
2022-12-14,2.2794066674429256e-07,2.275982470938647e-07,2.2762609610314022e-07
2022-12-15,2.048210268289865e-07,1.9202389413917017e-07,1.9204001483564013e-07
2022-12-16,5.862290633114274e-08,5.522684269343435e-08,5.51931191705268e-08
2022-12-19,2.3338302520880092e-08,3.083144105999573e-08,3.0843068073565846e-08
2022-12-20,9.062499379751228e-08,9.090414443602704e-08,9.090926290764193e-08
2022-12-21,3.441178164558878e-08,3.812987881209062e-08,3.812483230333357e-08
2022-12-22,8.543940796048673e-08,8.18929530852966e-08,8.188613357016003e-08
2022-12-23,5.213596719204929e-08,5.285752440347601e-08,5.285561516593711e-08
2022-12-26,3.687714898442913e-08,3.8972224018304056e-08,3.8971214879174196e-08
2022-12-27,1.3724805470018753e-07,1.3112426870552635e-07,1.311284116458589e-07
2022-12-28,2.711414582283872e-08,2.9136567699115447e-08,2.9139218284589564e-08
2022-12-29,1.0208358934128969e-07,1.0151122255113964e-07,1.0151919773737685e-07
2022-12-30,4.6391077888761135e-08,4.7036141726163636e-08,4.705226977755226e-08
