Model,Covariance Type,Ann. Return,Ann. Std,Ann. Std (fcst),Real / Fcst Std,Ann. Sharpe,Ann. Sortino,Max Drawdown,Calmar Ratio,CVaR (95%),Skewness,Excess Kurtosis
ERC,GARCH,0.07898410179806592,0.1418582174912871,0.1425429997702777,0.9951959599552823,0.5567819982153456,0.7976327260196123,-0.20229480527094967,0.39044058344590793,-0.020438334723752328,0.028000623422562945,5.57763288240858
ERC,Historical,0.07900797146083294,0.14319398844014047,0.1669320606343281,0.8577980041462082,0.5517548070382907,0.7904530533645086,-0.20718587100937502,0.3813386070967063,-0.020606475321176095,0.030262530849197198,5.497601128361848
MVP,GARCH,0.045301665635908206,0.12481790439915953,0.10545126039610893,1.1836549314849651,0.36294204628717713,0.5065652345818643,-0.1810001913730408,0.2502851808733264,-0.01822280893029657,-0.34294629891985945,5.94482912478395
MVP,Historical,0.03895519218658894,0.11659877895236981,0.13044704442763586,0.8938399445075337,0.3340960560359041,0.4708010395883481,-0.19802904760161377,0.19671453586423998,-0.016576256377881373,-0.18464764272760567,6.142398617486184
Naive,N/A,0.08604220418446995,0.15771053238974764,0.18330293671544692,0.8603819186736323,0.5455704376917273,0.7849547177737212,-0.21063824870233339,0.4084832869364661,-0.02243926568792131,0.11217620933163146,5.378685251231965
