Model,Covariance Type,Ann. Return,Ann. Std,Ann. Std (fcst),Real / Fcst Std,Ann. Sharpe,Ann. Sortino,Max Drawdown,Calmar Ratio,CVaR (95%),Skewness,Excess Kurtosis
ERC,GARCH,0.0919211928967365,0.1737678275798416,0.15149293643328238,1.1470358398945493,0.5933356726399577,0.8278536915463232,-0.5416309284071485,0.16971186111373346,-0.026566853365316067,-0.3959553700226949,15.034212195750394
ERC,Historical,0.09463959388939225,0.1767431658888623,0.17194045315841455,1.0279324187079049,0.600356907996294,0.8402972454117019,-0.5485423843234478,0.17252922762954276,-0.02698603485130741,-0.3566481271537482,14.200422921340296
HRP,GARCH,0.08880308135233994,0.16287808476634144,0.1403343538048693,1.160642995462241,0.6041559519975976,0.8405149961120533,-0.5009247472139245,0.17727828749977043,-0.024910071086372044,-0.43888551483366434,16.393579460723185
HRP,Historical,0.09312228315624238,0.16751268960266857,0.16210679116205395,1.0333477604600196,0.6156255957580627,0.8611942345830015,-0.5146839714449072,0.1809309951790686,-0.025588476975001894,-0.35898277663909545,14.858799004296595
MVP,GARCH,0.08821499134321154,0.1397055692291864,0.11124497492138745,1.2558371227815994,0.675427890653754,0.9334312482963054,-0.4258419066920138,0.20715432172581408,-0.020819076026333955,-0.79461658612186,21.070072622807764
MVP,Historical,0.09003531628966233,0.13829413970680116,0.13198567482596057,1.047796587691498,0.6927759940225243,0.9736438966791663,-0.39554184647265056,0.22762526163179994,-0.020472186917564143,-0.30735389948433817,18.197501816555736
Naive,N/A,0.09584255741264425,0.18794776553916115,0.1839942788756934,1.0214870086593222,0.5813192990405426,0.8144828860173574,-0.572388125746951,0.16744330132210955,-0.028673959225050945,-0.3335149268402851,13.03474653299448
