Date,Naive,MVP Historical,HRP Historical,ERC Historical,MVP GARCH,HRP GARCH,ERC GARCH,MVP DCC,HRP DCC,ERC DCC
2006-10-09,-0.007167425035578878,-0.0033051687756484593,-0.006166197296971099,-0.006539719733423488,-0.0048880916800942975,-0.005984027956500881,-0.006521951306320384,-0.00573645635773945,-0.006580305660918162,-0.007355464219690022
2006-10-10,-0.002801255295047045,-0.002353273707487835,-0.002907262334381988,-0.0029515942492640557,-0.003450070981942055,-0.002767941533261764,-0.002632085237440296,-0.004732342875082285,-0.0026009191271878507,-0.0027928176508013047
2006-10-11,0.011516822101378166,0.009037745190910051,0.009585265890862171,0.010321563822131452,0.005973761597012794,0.008350765973261787,0.00971082987790406,0.004360834671865099,0.00779542832561364,0.00848390652504949
2006-10-12,0.0064356035914525656,0.007641471801484334,0.005860899620925508,0.006488827350250581,0.005390904106787442,0.006608961933175728,0.00666729765928209,0.005867922648413515,0.006391689476895168,0.0069849896865177286
2006-10-13,1.0786000887774705e-05,-0.0003877505128808689,-0.0006878299968413604,-5.450629325187695e-05,-0.006935032210825587,-0.002531992096011626,-0.0011352104469841695,-0.006940465989178746,-0.0030322774665823005,-0.002080614651135404
2006-10-16,0.014780796146311337,0.009489234390081647,0.012944621432499304,0.013260178211990548,0.004993930272215952,0.009943865191890389,0.01242988644770393,0.009040255780907946,0.009891470357687782,0.012405152613105264
2006-10-17,0.015871289321375714,0.009342469549980414,0.013733242586631,0.014457204017900072,0.007666182434499458,0.011423126619499735,0.013639302314018886,0.0083316510491942,0.010315218122205039,0.013183227986619972
2006-10-18,0.006147614082039121,0.004758276830077346,0.005860101035738419,0.005513176869374803,0.007603979552047724,0.006513793367169507,0.005955375819115316,0.005844219543303053,0.0069078168041829535,0.006121696632746865
2006-10-19,0.0015488323500887358,0.0012983823332917144,0.0010198903458833453,0.0011900547622025748,0.003661251963547718,0.0018285878643984343,0.0012242304834517714,0.002448457237065993,0.0015321855952104002,0.0007908525127642285
2006-10-20,-0.0008819571008938931,3.059861671217412e-05,-0.0007880118725434038,-0.0011740591457078953,3.6574772666275734e-05,-0.0014275853260095062,-0.001353189175503422,-0.0006089743439169348,-0.0015302187161854164,-0.002147775430635379
2006-10-23,0.002534666583587253,-0.0007401753473113004,0.00013996220186429653,0.0006278013038489849,-0.002285612212744592,-0.001192541506801037,0.00016320322779117546,-0.00394423021126844,-0.0013900466027183533,-0.0013444133179216777
2006-10-24,-0.012470021477641424,-0.00889522078353211,-0.011264232136966923,-0.012044550978094648,-0.006421948760188534,-0.010624587151361276,-0.011850255268202714,-0.007204614886745508,-0.00942913178017668,-0.010778667037010914
2006-10-25,0.008354538293449343,0.005604925838639474,0.007174080244845893,0.007894319814783168,-0.000621771906386348,0.0049573659996040575,0.006980164874143213,-0.0013092784425212667,0.0036528577119805394,0.005776658025219206
2006-10-26,-0.002973557064532839,-0.001437317244032399,-0.00220662744340272,-0.0026252929910430822,0.001949677503987557,-0.001420078065335062,-0.0021883773482287427,0.0029831715740651354,-0.0009026883079067405,-0.0015938612517396589
2006-10-27,-0.006757532838318925,-0.003588838293638874,-0.005597724187306086,-0.006077952945465315,-0.0006357925779907347,-0.0038179112732734666,-0.005688040050077836,-0.0006028540565917728,-0.002709868159801232,-0.004810951971394695
2006-10-30,-0.0011221685751305888,-0.0011418642386961109,-0.0013535102486458284,-0.001181435510758444,-0.004264130024193458,-0.002101385587495397,-0.001478141263689614,-0.002687431419335584,-0.002165581752573753,-0.0012289759162054104
2006-10-31,-0.001383984733895005,-0.003248126651499872,-0.0025962544448256963,-0.0019161102781166672,-0.003564818245831547,-0.002986330345135735,-0.0022238730290053965,-0.002928707563151667,-0.0029732634112180634,-0.002548069076180437
2006-11-01,-0.0009094949030261645,-0.0019710985986857166,-0.0011254261525612819,-0.000632482885856378,-0.004042707669438705,-0.0015936003455220282,-0.0012250166298519716,-0.002392308010524924,-0.0016505342647836763,-0.000991235483081998
2006-11-02,-0.0028225346583177213,-0.001433064471802581,-0.0019735787292046725,-0.0019788221024890085,-0.0022933734407700745,-0.0025883739251806315,-0.002469700233349359,-0.0009463955698418847,-0.002912913533139827,-0.0024259782841511424
2006-11-03,0.004590889561092437,0.0013490873369057521,0.003471293202497394,0.004417239083047919,-0.0022758486657408206,0.001908362999344826,0.003720464170929638,-0.0023942560978834626,0.0013996677866368046,0.0028977904589262415
2006-11-06,-0.006649441061801653,-0.010217852634381686,-0.006539790679657043,-0.006766866827316087,-0.012507779219548265,-0.008150276176769777,-0.007300822080894553,-0.011274930078038592,-0.009005542686491452,-0.006777397803791274
2006-11-07,0.005800208127927142,0.003388856597521528,0.005583613640320451,0.005412425553917188,0.002362695570152784,0.005087076464521889,0.005632437214091013,0.0009201126982825159,0.0040383980803619934,0.004811455410574261
2006-11-08,-0.005343252175426638,-0.0032399050128123497,-0.004732959244836299,-0.005001461063968371,-0.0032454967199635476,-0.004946483069872887,-0.005063666601963668,-0.0013388221307991666,-0.003984600653072157,-0.003490244723427738
2006-11-09,0.00561500702890827,0.0025771462925157085,0.004589235628719157,0.004876759309730527,0.002850073730934488,0.005075791653057937,0.0050913959937683995,0.00358750917142614,0.0048760546435244745,0.005839646398528853
2006-11-10,0.004930297443026976,0.0029554026892615326,0.004863459614480314,0.004651695508672171,-0.002336522163893795,0.0023230243809444495,0.003905576990970161,-0.0008424974001801644,0.000847028630410751,0.003175317097931618
2006-11-13,-0.010224055129535059,-0.003319028758895781,-0.00881504421703716,-0.008765302697089083,0.00016444120432157483,-0.006810582729447123,-0.008138732736989507,-0.0043186679080111645,-0.004856168308135844,-0.007865943666792719
2006-11-14,-0.00940030252805657,-0.0035961143298757214,-0.008659718785092196,-0.009121777239412654,-4.6266526442240163e-05,-0.006407262513426715,-0.008089693850240387,-1.3178350851461573e-05,-0.0047679107671203536,-0.006890395694647777
2006-11-15,8.324220845135066e-05,-0.0037533164587917334,-0.0005683970773178171,-0.0005184418910280097,0.001488517501820219,0.0005405699809897246,-0.00015264595843145212,0.0007748243192136073,0.0006957964998761668,0.00014287709824545303
2006-11-16,0.004257895589549365,0.001707664266366038,0.0022131492733303837,0.0035502954870247905,-0.0007815685216873147,0.0020336565792038463,0.003364911296422246,-0.00017299603157872046,0.0017645063135542927,0.0024697865246210426
2006-11-17,0.01121380687993856,0.004899613400035641,0.00912912597193194,0.009981336557123077,0.005980694312104573,0.008195011178899758,0.009545459015374735,0.005934638866294639,0.008659408594053453,0.00846418284949424
2006-11-20,-0.0007623952556645719,0.004101334294321024,1.7634390021337154e-05,2.374329395382624e-05,0.0008231608639082122,0.0002045024919103966,0.00022603889319805504,0.0013923606065131544,-4.727506234525336e-05,0.0004862863364651915
2006-11-21,0.005511365300443938,-0.0007228591488259717,0.0038176856990455033,0.004605658769347265,-0.0005002408220527998,0.0026580348982601087,0.0038627799802759544,-0.0013918855983547918,0.0015133322619700351,0.002693419371696315
2006-11-22,-0.02054383461510767,-0.015794366035877583,-0.01826048462330021,-0.019083355802378965,-0.012180919662231782,-0.016593418366160684,-0.01850893761772099,-0.011796041540228397,-0.015595582521008677,-0.01664521897549487
2006-11-23,-0.009644835685866937,-0.007475770126994408,-0.00803746223605517,-0.008632825967971103,-0.00933016554906041,-0.007252207722571846,-0.008025644580134439,-0.0077048208396285345,-0.007002627387989069,-0.006865087190973229
2006-11-24,0.01196979585439717,0.008983106617481695,0.01048408459955752,0.011502825319705812,0.0026260430564324366,0.007992645942228371,0.010641817109927176,-0.00024649442543500655,0.005631175546836342,0.008313081485573859
2006-11-27,-0.0105567446999828,-0.004099608522155851,-0.006723565026964362,-0.008573835308765432,-0.0033155349559472747,-0.004309669345498701,-0.006868191211515939,0.0016314957488201554,-0.0018445754445094442,-0.0035659947629026467
2006-11-28,-0.010176248750889738,-0.005165274288858601,-0.00952877343021541,-0.009426513395380476,-0.0044571462661731065,-0.006629459846164476,-0.008070536825393049,-0.0033833326503263095,-0.004776973725811651,-0.006037258633134535
2006-11-29,0.001061292714949369,0.004097488767224267,0.002231868489124933,0.0019899578718387545,0.006778284008836399,0.0051473308730016765,0.003385971289800338,0.005578064224438739,0.006303274896180433,0.0042212029609491886
2006-11-30,0.0016453856480767026,0.000699241106417503,0.0018036596915667058,0.0019658412424752303,-0.00021238843498483373,0.003027155781608837,0.002666872026809486,0.00443036154231935,0.004008964343571009,0.0041102630148937
2006-12-01,0.005864461684837785,0.001664290847018135,0.004146502023789189,0.005017326412976253,0.003169737335937839,0.004947295017570186,0.005243543246546967,0.005462731221302253,0.005331738155210264,0.006468571500850118
2006-12-04,0.006451738448342015,0.005957301407333526,0.005276982465762803,0.005906059548141052,0.0062216420615670565,0.004852823795739258,0.005486201843321048,0.005991569625089399,0.004374724958087217,0.004812559518486026
2006-12-05,-0.004257373927528452,-0.0034598544362081096,-0.004096901575247225,-0.004273917843254704,-0.0034018813768056377,-0.004275923889389244,-0.0041763243142904916,-0.003712416970638177,-0.003782434097389764,-0.003948380315297428
2006-12-06,0.01114451692848717,0.005500101182616568,0.008598580946477252,0.009168461881683188,0.003940599225172203,0.005112604414378774,0.0076369395025905895,0.0038831758680832884,0.003551708638316109,0.006115863275862443
2006-12-07,0.00313805757657315,-0.0013115825760321442,0.0027804488447937814,0.0028036508560176365,-0.0010175476876612688,0.0015550536492450195,0.0023291735442620976,0.0016793380345148101,0.0004061359859122149,0.0029463551886237394
2006-12-08,0.0009324937266901312,0.002099906141736385,0.0011997579832296879,0.001201634989440148,-0.001069616562669573,0.0010009358616325237,0.0012574436243557585,0.0023074786520447255,0.0017757477353688156,0.0028085119358705057
2006-12-11,-0.02457659941004109,-0.013665909488280947,-0.020176688800284004,-0.02195991235472583,-0.011689630707019782,-0.015959125478894776,-0.019684216331348203,-0.011201446199744058,-0.014401701059601923,-0.017547038818652494
2006-12-12,0.012220812820978866,0.007132570459154053,0.009732589437566164,0.010265985555379276,0.008202848457084855,0.0067276190305751715,0.008061974235087144,0.008053907933942117,0.005038159835766054,0.007764576565903347
2006-12-13,0.015459273800900286,0.008499875906593957,0.01288127556069818,0.013558638636509857,0.009186883711651772,0.009830739742869632,0.011220622854340778,0.008076834251359521,0.007776445369180429,0.00975170931256475
2006-12-14,0.0017277288992252338,-0.0010866799913964442,0.0015790596190825568,0.001600944253695058,-0.0006230167357449412,0.001647824091772998,0.0016384322034999066,-0.00015618212127199715,0.0015682695202594577,0.0020749032475302354
2006-12-15,-0.0057641603364329,-0.006242763963040576,-0.006521497254295627,-0.006193306791020703,-0.005844905164498204,-0.005469875539675928,-0.005652471288134175,-0.003191484615720719,-0.0046928794650865635,-0.0041459767758794674
2006-12-18,-0.01728225242581871,-0.006189525096903736,-0.012670268666597817,-0.014585531483645275,-0.0066568385907394,-0.00986352634398846,-0.01304723709607003,-0.00604004867034047,-0.009711320481661012,-0.012046365601712128
2006-12-19,0.007598367936791917,0.010310461506209956,0.007228576016699018,0.007717350895398933,0.009695479687890973,0.0075046909159171005,0.007553400391211662,0.0075756552482793005,0.00851346419720711,0.006875762718129508
2006-12-20,0.0057069511878034,0.0018081529448432665,0.005262233485558543,0.005461149874202764,0.001566338513932175,0.0036700765048727213,0.004619135630077764,0.0025030750432293303,0.002605101251766273,0.004367258738634527
2006-12-21,-0.0014700164035210683,0.0004564964873448041,-0.0017111199644164188,-0.0014400114397731256,0.0017475164022648926,0.00010237914636590517,-0.0006326221757559924,0.0011306135454991484,0.001502398662877269,-0.000352750543646696
2006-12-22,0.003417913512770543,0.003798610056772178,0.0035939469068591023,0.003512609134235456,0.003191783362631817,0.0023133298310302752,0.0025949411285592916,0.0031499394237359812,0.0019172641532101409,0.0024541120105499026
2006-12-25,-0.012184464000686068,-0.006595189169989912,-0.010317295996813414,-0.011370143458738546,-0.005479013777751951,-0.00954801006636452,-0.010978772574928963,-0.0048810277562011395,-0.008640524391716697,-0.009913454092443152
2006-12-26,-0.016554644768439486,-0.008822673794242952,-0.014497075580723995,-0.015417858676433527,-0.005312264945458889,-0.011760881949837931,-0.014026420040018972,-0.005696391943049717,-0.009532884452781776,-0.01269833002353582
2006-12-27,-0.001259109309419637,-0.0015629215188677215,-0.001751157465333275,-0.0015641647282108595,0.0007806002004222545,-0.0001877071266872532,-0.000853625063330643,0.0023146090614507564,0.0013152036423158542,0.0004425395722196246
2006-12-28,0.009331727649088739,0.005834573726456016,0.008971992950973284,0.009224799356231106,0.0030109434734284513,0.006131887084766863,0.0080692863165015,0.002661193054001476,0.006130036707992392,0.006771607971196358
2006-12-29,-0.0017540472446464506,-0.0035193800650401563,-0.0017994727998855709,-0.0019845989523072927,-0.0034736065369029845,-0.003933945472711864,-0.00332257172742656,-0.00509470627033215,-0.004912663068074918,-0.004031177515012474
2007-01-01,0.011118868488570133,0.00932727149695789,0.010420713395417947,0.010424146832053394,0.010116237123965366,0.009146023166127337,0.009665413662680589,0.007858101109136095,0.008570623372627928,0.008591505982255443
2007-01-02,-0.010698429194373027,-0.006552686059712043,-0.00808996330506584,-0.009516138520878847,-0.0038563400350787314,-0.007314054686689664,-0.0089172272898842,-0.0016428555786240917,-0.00740618150592065,-0.008132882921042528
2007-01-03,0.005237141184754046,0.002375302459265871,0.004343536159488126,0.0050156901985958235,0.0031779683206218934,0.005584970968013359,0.005671496328282011,0.005311867297901562,0.005592064151211273,0.006447648604767764
2007-01-04,0.007945636880899443,0.008456409947149135,0.006752539960986015,0.007307411687555776,0.006728038672610515,0.006020396893542612,0.006867619457870289,0.004566024928365664,0.0070100511597344095,0.006178221562249453
2007-01-05,0.001101948305462619,0.00020546272115629094,4.6243299157477935e-05,0.0007798686723328174,-0.0024070724551468192,-0.0006144792428969259,0.0002602855647502178,-0.0028670455459652855,-0.0005310996147668279,-9.014608034929594e-05
2007-01-08,-0.0028613391111330655,-0.0030955020346215,-0.0019924579860182146,-0.0022615114241042455,-0.0016435107264394233,0.0001550736233275618,-0.0011592120380278237,0.0014760513839786604,0.0007893854998712868,0.00030196100654955593
2007-01-09,-0.0033033037756281525,-0.0034945067677820685,-0.0030052643689406633,-0.0029051431383833037,-0.002268530958352999,-0.0016942552776387787,-0.002051387741939137,-0.0007465656590179837,-0.0016727620472513083,-0.0016512205005321245
2007-01-10,0.0027337122687718374,0.003637366761388705,0.004046017508371413,0.0038728300523884762,0.0014392974711783246,0.004152861852127598,0.0039043206800242203,0.0016811482563710012,0.0037041393842116577,0.004341782056091592
2007-01-11,-0.002726438213610405,-0.00082497737984355,-0.001163515366612744,-0.002133231447591033,-0.0007410686636808439,-0.0008501562113178984,-0.0016785138889092721,0.0019034020858790246,-0.0008596491072339063,-0.0007077288690069405
2007-01-12,-0.009385438063900908,-0.005106547769807568,-0.007930389900192014,-0.008185368226395928,-0.0020918959281159832,-0.0033371452803525603,-0.006275877297518884,0.0005627041568168067,-0.0038219256715186223,-0.0044945617181330055
2007-01-15,-0.0066780533541934695,-0.0027164972221043193,-0.005848631323979503,-0.006177289707755884,-0.001792792337813487,-0.004274875100810704,-0.005501465772576042,-0.0025004988275790785,-0.0035771457745235047,-0.005262981593919025
2007-01-16,-0.007224088142675389,-0.00034179340509554734,-0.006124858460702098,-0.006782620075640233,-0.001342380278035904,-0.00565700494419108,-0.006445578373658223,-0.0027206520680594926,-0.004060707842661659,-0.006934029442757117
2007-01-17,0.01162375013773187,0.0020647258013379854,0.009944801360241229,0.01031988391315486,0.0015668158994419645,0.006514533111252385,0.008874424228402233,0.0025540021807159974,0.004622267089647192,0.007667360881564722
2007-01-18,0.0012360307576175789,0.0021012118190848472,0.0012099918041730273,0.0013303649407097051,0.0024912928014084734,0.002514720977221385,0.0017550494858573629,0.0012427286240255242,0.0025468340611471962,0.0020203181211129184
2007-01-19,0.00938926610336166,0.005683622837453717,0.008378770339826591,0.00925380612553739,0.000625259978993542,0.005116566519999699,0.007677606965873274,0.00029935651631807225,0.004275482612274617,0.00653863003907329
2007-01-22,0.004689172361124205,0.0015055911063732719,0.0035952028657175727,0.004520248952421646,-0.0017716403448501117,0.001540183770672332,0.0033574805780134387,-0.0020329706053479057,0.0008863364850557609,0.0023945425808418186
2007-01-23,0.0008750022324546247,0.00628685891354297,0.0021622453177263523,0.0014468655290593713,0.0030967653094549075,0.00139424582160097,0.0012457211341598828,0.004420620338241754,0.0021429559074204185,0.0018499360041002166
2007-01-24,0.0107832013751894,0.007097429191889493,0.009530783473733928,0.010464715686364645,0.0022502937909454346,0.00709518462559533,0.009288450869273213,0.004225941152735446,0.0067134343798704865,0.008888774919018516
2007-01-25,-0.006876098673268771,-0.0034220533534357056,-0.005813191123777095,-0.006008959016610249,0.0004470788128969616,-0.002849146206398423,-0.0050176676507458495,-0.0013587649615756092,-0.00224693699397549,-0.004530294335469476
2007-01-26,0.008710067017918988,0.0069211506300939085,0.008868910333698965,0.008322599178667067,0.00281393109742778,0.00571716400317035,0.007335747599535258,0.0032956219295789957,0.0053545587865873046,0.006839116576116133
2007-01-29,0.0015828949582228358,0.0013931905708095549,0.0011002778308635275,0.0015991314170480386,-0.0006381847049994338,0.0002023686296692695,0.0011560541237471966,-0.0016367744681178298,-0.0005868987019305161,0.0002631809439304078
2007-01-30,0.010910468953376551,0.0034830732664778985,0.008509258896381988,0.009636810602976054,0.006949507802522126,0.00852903504221203,0.009293544639361606,0.006071458396196938,0.0075917414075306056,0.008644508285278185
2007-01-31,-0.003121466432622455,-0.00019117892712183782,-0.001527454081083901,-0.0024778700245100538,0.001114960083207217,-0.0017999635801864144,-0.002623061161726392,0.0009811736404312654,-0.0027027103096342042,-0.00252672368721385
2007-02-01,0.0009518484420449891,0.0013572087846802638,0.0005871138942248333,0.001383187958358123,0.002694525168126294,0.0031627589065217343,0.0022389792729136104,0.0027973275102257666,0.0027382908322979294,0.0021562354234057057
2007-02-02,0.007515725440405463,0.006548712072912188,0.006285493006078724,0.007269389153060413,0.008618617615510304,0.008829230226936824,0.008047173556527065,0.008760966035571416,0.009514215365996614,0.008235690959980557
2007-02-05,0.003008854047296783,0.00032995353170783837,0.0028029329946950288,0.002975166721699063,-0.0007494087541682903,0.0015805110503426256,0.0022583058146066204,-0.0003575654054309707,0.0013429640169628776,0.002030679481123787
2007-02-06,0.004396903225182713,0.002217446871820128,0.003993797134437038,0.004359661634108392,0.0010926987672352784,0.0023015118667168988,0.003188841277141252,0.0007829800925063246,0.0015685254676893745,0.0025375639966651597
2007-02-07,0.011388056664574542,0.008714771533187893,0.010325917887015201,0.010809918234860216,0.006776660902501286,0.009545870973599602,0.0101983594159889,0.006914718587685664,0.01023753555761675,0.009790144161656578
2007-02-08,0.006333789740956108,0.0025248890686333514,0.004172434437281547,0.005191717668441065,-0.0007170271321453869,0.0025759994666927355,0.004156544571622733,3.595672196055055e-05,0.0038122585339877,0.003387930219634905
2007-02-09,-0.009623151187481027,-0.003455652737341386,-0.008004473447397187,-0.008337508615070877,-0.0043527500040880795,-0.0061731259294873775,-0.007370947398606997,-0.005081089135900108,-0.005656683140662366,-0.007079796563669527
2007-02-12,-0.009422342294658326,-0.0051796177785849995,-0.007708301142848373,-0.008360349814265478,-0.004869014071800071,-0.005991537090266674,-0.007687457566537992,-0.00467265880772838,-0.0062715429736464046,-0.007294423873811073
2007-02-13,0.004984599040607662,-0.002688434049029964,0.002768644516480734,0.003807160498182638,-0.003729174866485163,0.0016224429395002016,0.0033980705516678533,-0.002650461948907945,0.001261341994842624,0.002785644130870457
2007-02-14,0.006122064539936023,0.009382341120699467,0.00646463526777219,0.006439751095079327,0.004192803610170381,0.005581444141147696,0.006364944829469366,0.002899419882822274,0.0052149291608381,0.005952388741710335
2007-02-15,-0.0117768654396051,-0.009728262181076586,-0.009710589141690318,-0.010752684847736615,-0.005855420524551569,-0.007837093353996516,-0.009782581932246015,-0.0051134573116373705,-0.006208713968554047,-0.008323607374247644
2007-02-16,-0.015749293463916625,-0.010875730164078723,-0.012879392766975362,-0.014274304015591821,-0.006221846571442535,-0.009386237132236852,-0.012440418720995439,-0.005826826867349144,-0.007892575324647488,-0.010964539890361502
2007-02-19,0.004342222904547555,0.005990908910967541,0.0032651444182831835,0.0033448074457809174,0.007830968423232054,0.005272380851441438,0.004610647798493961,0.008417743337102879,0.006162958620775649,0.004320927668387542
2007-02-20,0.004292646396135469,0.005794949079288125,0.005005093560030982,0.004915448074649831,0.0038410658392857844,0.004275567044463191,0.004714475895795989,0.0023790121089819483,0.003616039592450049,0.0037789542942812115
2007-02-21,-0.004355330080788367,0.0016902892323182872,-0.0034986208739703484,-0.0039137697139423056,0.004111489837455906,0.0002867419439105401,-0.002266650938335668,0.0024660547363954954,0.0007975506083730544,-0.0021571559338576796
2007-02-22,-0.008455365707948692,-0.005007370511817433,-0.0075712101050458,-0.008121197814763503,-0.004228033510216944,-0.00672873200952151,-0.007608833930039971,-0.0014232263098066245,-0.00510549399208815,-0.006275485145952664
2007-02-23,0.005947252099226308,0.006652352657787741,0.006392645481617887,0.0060435987534948055,0.0007456213754795105,0.0031939680226136247,0.004818959649899757,0.0019637192217856203,0.0036939144821990233,0.0047702396979723005
2007-02-26,-0.007473404603852485,-0.0030524575946910826,-0.0057384052492821525,-0.006506131013779504,0.0008610306615253194,-0.002974551785245527,-0.005036502093750617,0.000487402524688596,-0.0028721589008160464,-0.004310731772162013
2007-02-27,0.006581431526400339,0.004261464933627002,0.005535068394478149,0.006297478913919186,-0.0017867275579755981,0.002234393412526403,0.004556359123802034,-0.0026218574095725478,0.0007084246866946309,0.002446594198104002
2007-02-28,-0.01630110461466039,-0.00862147013520509,-0.01367837187342169,-0.014457280350408608,-0.003194614376614613,-0.009009213788187642,-0.012191573735873762,-0.0028812835577639584,-0.00742511183867256,-0.010267343527336381
2007-03-01,-0.010888382256676321,-0.008348101922015072,-0.01024470337749972,-0.010739994708863665,-0.001353374116778383,-0.005719741078090146,-0.008291986844070065,0.00021625680261361246,-0.0036852301042538116,-0.006252976704955726
2007-03-02,-0.001568630463973486,-0.003974646252529079,-0.003297179084487123,-0.0021572897728225904,-0.0013238494016959423,-0.0012792032316492064,-0.0016668719151604616,-0.0016213056391483072,-0.0016847438405381832,-0.0015648243485837376
2007-03-05,-0.0019084415511458896,-0.003276382431490532,-0.002665086370904235,-0.0019241252018060706,-0.003539713627312646,-0.003930561719719616,-0.0029655381505253597,-0.006038441979298481,-0.005440316310298066,-0.005024670692050703
2007-03-06,0.005333941961396027,0.005163061053779394,0.00491249209175737,0.005510974159994575,0.004068075467488663,0.0043061831645090365,0.004862718581609915,0.0016976882022590178,0.0047658343671976855,0.00419880595756017
2007-03-07,-0.002806712301939407,-0.005472200943103744,-0.0025018893372357187,-0.0017584623455604298,-0.007115149515126373,-0.002754126065872331,-0.0020882516818114816,-0.005124847292693024,-0.004272552738243673,-0.0006980024902855098
2007-03-08,-0.01491583761468962,-0.0058500748148939685,-0.012452239405783438,-0.013402184802929207,-0.0010429096070885269,-0.009033391603650465,-0.012251417592655689,-0.00394316690838159,-0.00893009777319731,-0.01206157981920919
2007-03-09,0.005668963808839633,0.005265567678900629,0.005105856599260328,0.004885779897527254,0.00599987967251292,0.006094271293669795,0.005581693630002382,0.006485550463370737,0.006099255464727227,0.005776439451940618
2007-03-12,0.001063176060002613,0.0009882439959638667,0.0016471536177411483,0.001314620006421796,-0.00140416073997085,0.0006527254177535191,0.001007886762169008,0.00017760624946694392,-2.7400199005045422e-05,0.0013936357959176693
2007-03-13,0.002733392466365947,0.0009662091179862831,0.0030397365613035188,0.0030862894294263477,-0.00027050497973379883,0.00178774666443271,0.0024540663560155274,-0.001054292721920369,0.0013295206808527915,0.0015707005311169642
2007-03-14,-0.012914282904044505,-0.009039977752351214,-0.011076344160818263,-0.01198933743672137,-0.0022184737057109327,-0.007369365200571298,-0.010185149380343428,-0.0016470705582948275,-0.0066550011294648215,-0.008268265906364758
2007-03-15,0.003647787343669995,0.0059106790335479165,0.004776718781778211,0.004217318190229857,0.00520024494576532,0.00534292543684467,0.004762898976068852,0.003107870299505766,0.005329575101466588,0.003989369500736251
2007-03-16,-0.0016726570933296436,-0.0011998473137504462,-0.0009010900439586633,-0.0011328834713728586,0.0014657471270154154,0.0003000002032038651,-0.0005949049058155964,0.0017785644864045658,0.000887636819973725,0.00043389612195965377
2007-03-19,-0.008863439533798312,-0.006824380263166119,-0.007880465789817381,-0.008453259568211968,-0.004836395957716233,-0.007292948404483246,-0.008255324933921226,-0.005565734907179709,-0.006549527936319466,-0.00768348275507269
2007-03-20,-0.009687360357057528,-0.0006522645055141441,-0.006763070068583121,-0.008761147144910941,-0.001975592340251353,-0.006137616464770734,-0.008050010371803196,-0.002477257221290663,-0.004487521163147212,-0.007347676913609602
2007-03-21,0.00715466902553219,0.003136701334617742,0.006676770676686372,0.006821132552659481,0.004361399157494894,0.006124629619626454,0.006739572753567069,0.006511805997192255,0.0066785522752610404,0.007371474293740299
2007-03-22,-0.0199252365095266,-0.014560652126274998,-0.017515151868469414,-0.018939501147690274,-0.007591075966644878,-0.013121994336429688,-0.016656304063786043,-0.006214878272730817,-0.012048206648387905,-0.014242270943668811
2007-03-23,0.002293262172781363,0.0010612465542485516,0.001486143417980923,0.0018612043352699281,-2.1409392313431752e-05,0.0016273547931116017,0.0021635255707237455,0.002274176934472516,0.0008388955684142108,0.0031498055313812223
2007-03-26,-0.003642505794162254,-0.0008441187805146022,-0.003562384097998361,-0.003471734086706424,-0.003182741295159386,-0.0031477525263123862,-0.0034268692037368043,-0.002636498943329846,-0.003981322106693996,-0.003389050477434874
2007-03-27,0.013781014994437735,0.010745994675501525,0.013269934286075813,0.013838561669355931,0.008018535412261496,0.01144826686214473,0.01275623591623476,0.005967338596323479,0.01091170556130816,0.01133796245691876
2007-03-28,0.007967190516661171,0.0021625062377359505,0.005597713357972989,0.007109343364133824,0.003509346917182965,0.005172396720579009,0.006475296851511603,0.00399321173971634,0.0049163685857436246,0.0058808033235719925
2007-03-29,-0.0018285295642977983,-0.00235706024315685,-0.002158646680736287,-0.002172050417701854,-0.0006075366368849533,-0.0018790395798677917,-0.002017454719338785,7.208576967121516e-06,-0.0025882231411795686,-0.0018692296046622925
2007-03-30,-0.003503476994594301,-0.004544164970132547,-0.00390773215613005,-0.004314592437352216,-0.0010078993770590294,-0.002339360433677218,-0.003315732190730336,-0.0010162674918923198,-0.0026066344901544136,-0.0028307442244783765
2007-04-02,0.0036920059489669033,0.003735594902801065,0.004081226096457113,0.004477363390930744,0.002868319014955878,0.004020464194343765,0.004032029330622189,0.0026214913484299274,0.002988127249589523,0.0033510566694952004
2007-04-03,-0.010100852258069448,-0.00496568451126389,-0.008226537766745867,-0.008566464427214537,-0.006035288570455988,-0.007485685875495918,-0.00880689550681868,-0.007328807690937578,-0.008751434424585147,-0.009042734697660926
2007-04-04,0.007963175665046895,0.004432213788259531,0.006873749123838202,0.007445226944470917,0.0013843344896493637,0.004056509797173424,0.006405988795703976,0.0006920288385434681,0.004661804050875018,0.005610713236199105
2007-04-05,0.0003883098648962413,-0.0008836368887135126,-0.0008726322218477467,-0.00039447951806859116,0.003503800838381421,0.0010694652192431153,0.0005595021538775669,0.0021873307953232946,0.002563008384050214,0.0008069143484448205
2007-04-06,-0.0009038627594406545,-1.9965909544561455e-05,-0.0009176589826294101,-0.0008511533272639316,0.0011270004649905907,-0.0002270901140468684,-0.0008935726023997503,-0.0019848323320029726,-0.00079728608774432,-0.001722689096365082
2007-04-09,-0.0034589933299282727,-0.0034392814614933043,-0.0032786247770594246,-0.0037203439636106506,5.7703547866161387e-05,-0.0023998427813071155,-0.0031517755634613565,-0.0005687486493919369,-0.0009823772065852276,-0.0023477901205379847
2007-04-10,0.004785296435520614,0.003233825061196516,0.003858996953372218,0.004117614668927239,0.0028559833208734453,0.003619379120069155,0.003909275480000085,0.003919554298105421,0.004586432144565666,0.004190285105805769
2007-04-11,0.000359419367923719,-0.0014618502821431845,0.0005219968616110293,0.0007577484436858128,-0.0014726266192948145,-0.0006828635160940344,0.0006201506420309144,-0.0005068679927766606,0.0002911925046382713,0.0006734885141135294
2007-04-12,-0.009186263826884256,-0.009315423415664714,-0.00904074889265738,-0.00922856078045653,-0.004713037027017752,-0.007016734270430369,-0.008445976103630848,-0.0039473749751459675,-0.0066138975630167796,-0.007634020609578629
2007-04-13,0.004134171415700161,0.006522539808969663,0.004135809297699966,0.004235127438428243,0.006082292364633091,0.004923499216651361,0.004237343552484951,0.005135403267251704,0.004920608969599671,0.0035408384190636077
2007-04-16,-0.00325898397078328,-0.0033537193295882783,-0.002946491781622429,-0.0029335673818080554,-0.0005137749107526624,-0.0019620379288467493,-0.0026537263546531076,-0.0010768471317023076,-0.0015299830319708274,-0.0025096127605936935
2007-04-17,-1.3574460321352788e-05,-0.0014050649005041826,-0.000644028672246888,-6.454617656825867e-05,-0.00257449486396355,-0.0010694800701391838,-0.0004801346227991665,-0.00015128313719003916,-0.0017760397394556149,-0.0001161964464543308
2007-04-18,-0.0006119213612895136,-0.0029353315389563095,-0.0005098394227336378,-0.0005278999383109273,-0.0038753684613452855,-0.001686796226736953,-0.0006059315127524556,-0.0015852847649319157,-0.0015644008541358945,8.457366600023164e-05
2007-04-19,0.009979085132330034,0.006941278173950405,0.009192677039947528,0.009678531533201529,0.008292069917895883,0.008868807306977589,0.009576367207693393,0.010026979104515554,0.009376833117439531,0.009813392613261751
2007-04-20,0.008990473042375546,0.0032082408926805694,0.006363915613124771,0.007873227785595516,0.0033496030708068947,0.00598923530688622,0.0073400072553340134,0.0033979468569507176,0.005073295846746317,0.006990928770779226
2007-04-23,0.011308882771593698,0.0057125283149994655,0.010052346073362806,0.011377801947877852,0.006127210802536531,0.008496303291414042,0.010474897302981567,0.005063611007611435,0.007402835107183092,0.008872306209827707
2007-04-24,-0.0073393176388238945,-0.0031992945277198315,-0.006509813197998482,-0.007199525108186999,-0.001618711120110028,-0.004797432302908966,-0.006479779399091168,-0.0021642348779221665,-0.0044207489840153436,-0.005799869041240635
2007-04-25,0.006107451256498253,0.0055500368686089985,0.0051645022064776835,0.005480342601641874,0.005445049233228527,0.0046844752688448565,0.004945806147053311,0.004828726595963007,0.005002250456040969,0.004802307442791864
2007-04-26,-0.0015302860857264733,-0.0030029105374312914,-0.0006959506262105286,-0.0011283609367909175,0.002595424755659881,0.00016017710005811203,-0.0005131387217629513,0.002408470949593511,0.000574124511834917,-0.0005606225133173437
2007-04-27,0.0007831101171049681,0.00596036989004034,0.001939379714514855,0.0013398714179007065,0.009487107951828166,0.004136460447669688,0.0019706096489784386,0.005043212183226675,0.004282779145788229,0.0014478900493575253
2007-04-30,-0.0018952982068307644,-0.0006345547003343555,-0.0013328038900530803,-0.0015722586139059747,-0.0002248024499056367,-0.0006856684931764168,-0.0012195951703219965,-0.00014358312653972582,-2.8898636018626078e-05,-0.001040011859547274
2007-05-01,-0.0019257516486725912,-0.0026160280969254046,-0.0006909870584856925,-0.0010029875373327446,-0.0020837777858833118,-0.0017594543643282279,-0.0011294131944895591,-0.001480463531763343,-0.0012921590283634377,-0.0013943582395032905
2007-05-02,-0.005579877430895719,-0.0023815972002122487,-0.005236232555905662,-0.005742966385931636,-0.0024044948829595736,-0.004384672492313113,-0.005201232068835715,-0.0022301911551794174,-0.0039561098820374285,-0.004696181732390281
2007-05-03,0.008389625617870378,0.007889045536374928,0.00701123910490864,0.00749830207949298,0.0068093696784923274,0.006711900616534372,0.0071615510514266845,0.004655989366043389,0.005580272937605768,0.006226528325756986
2007-05-04,0.012036965633818841,0.00640982923601241,0.011430044505079673,0.01205245415015721,0.005015494027466927,0.008955868694326075,0.011193623657179241,0.005381942807890727,0.008402099359095194,0.01002948316710972
2007-05-07,-0.006681319065461988,-0.005272538104901692,-0.006139272414466435,-0.006322040879325197,-0.005321372185724815,-0.00579812661077328,-0.006211067085716282,-0.005748122149238588,-0.006152008013835419,-0.006143702399907469
2007-05-08,0.002671066950431511,0.0019949013538993476,0.0024063325055474483,0.0021310030967154336,0.005804721109372357,0.00271208720428473,0.002396297759643229,0.0039081868545916,0.002979442189951609,0.0021636046076494164
2007-05-09,0.01242807568440063,0.011092598639231621,0.010595760251891573,0.011505975414147995,0.009879661074155388,0.010386328648955612,0.01121678554183081,0.007082614307453161,0.008909589129263651,0.009982803199159562
2007-05-10,-0.001691245104576966,-0.0031307737195429564,-0.0023836610131616753,-0.0020859317356247686,-0.005982642859707621,-0.0026649111650995927,-0.0019324139259524475,-0.0024038611153182066,-0.0014995205048314864,-0.001116917390349692
2007-05-11,0.002556225115552424,0.0043262745820022985,0.003572006498969049,0.00297566929487858,0.005461405532143138,0.003492613018023727,0.0028676036788004566,0.004665901156509333,0.0033391705275489514,0.002853257993985059
2007-05-14,-0.0028454394406867145,-0.00010097175404599756,-0.002706999256243514,-0.002929219286859408,-0.002877824409210583,-0.0029936554195545417,-0.00316957875103141,-0.0029316709759206194,-0.00347049333536531,-0.003221019135401293
2007-05-15,0.00394397522177492,0.007220268546074049,0.0036509699538840312,0.0035193346427813132,0.006899079734121516,0.004626103789270974,0.003920143958022315,0.004570038231980211,0.004886512014693478,0.004047425448240105
2007-05-16,-0.005824090436860052,-0.005051354207123326,-0.005947258355236018,-0.006422912263783553,-0.007643757512170168,-0.005855253753704215,-0.006196731413874779,-0.0011205218260188499,-0.004305433596698327,-0.0035668791538281397
2007-05-17,-0.007900375826305428,-0.0013902256609298336,-0.0063439187684461995,-0.00765005588355816,-0.002217001753937131,-0.005252660694584965,-0.007061514743603503,-0.0020024703330302485,-0.003249778388511926,-0.005655461549896934
2007-05-18,-0.003992547986403805,-0.002017231686571752,-0.0039039830618632365,-0.00408127498104105,-0.0008990008490499246,-0.0032794934622231153,-0.0037153889464085488,0.00012110604804482783,-0.0012876596706385968,-0.002641611592820059
2007-05-21,-0.0008868234713697021,0.005788900400479857,0.0006987544877541385,-0.0010731637735407196,0.006730053260747937,0.0013684221573551092,-0.0004216117176792933,0.004687740652727923,0.003102533679238073,0.0012312373272418409
2007-05-22,0.01174802140494191,0.005791326436402677,0.010709761644101645,0.011575202244784144,0.008625397989550088,0.009910533532204058,0.010952066960129514,0.007484407443347996,0.008066603556154739,0.009552224773685003
2007-05-23,-0.00639727505865717,-0.005945095355802343,-0.006193692524101402,-0.006624279392045462,-0.003523373825308207,-0.005982019511447612,-0.006707362215171098,-0.0033792461628207038,-0.005708459908139396,-0.005665500159606984
2007-05-24,-0.005162242531587369,-0.003065513489830529,-0.004069772602275812,-0.00512626674868677,0.0022412129101616607,-0.0033160950959315594,-0.004237687355914566,0.0017454948522694913,-0.0015605438535959415,-0.0020967572771323217
2007-05-25,0.005397355005762439,0.0052624214230669875,0.005642652769573431,0.005744697240294583,0.0015552813766541718,0.004258710041826985,0.00510754622634324,0.003800897296705852,0.0034346165817260577,0.00448853472866606
2007-05-28,-0.008882797177447554,-0.002535563601283597,-0.006374789626274802,-0.00802803205999969,0.001486909291049665,-0.005553008344900245,-0.007358664488578803,-0.0010652789466069068,-0.004147931310263586,-0.005418641101786692
2007-05-29,-0.0016740010986975307,-0.00388638949351372,-0.0027107844930935876,-0.0019072448355915705,-0.002161378028787686,-0.0022147171281208244,-0.0018965642057576781,-0.003638683146755972,-0.0030253141260828675,-0.0030036650507936358
2007-05-30,0.0017839304123883348,0.001919150659302149,0.0018367535760825948,0.0021883809746281457,0.004963413550169715,0.0025128075954743423,0.0022908359315283455,0.0024075331195898553,0.0022696310347833926,0.0014679797468419853
2007-05-31,0.008781583571260798,0.009214934840565459,0.008316916669597552,0.008562016849569698,0.0031137063648065677,0.006895917270713259,0.0078118606875288155,0.0031867914106160633,0.006368624327182104,0.005835689668319155
2007-06-01,0.006952915130812531,0.0071495513265329436,0.007215180091973972,0.006872395691048361,0.006403470957028645,0.006576902365925008,0.006781553839753984,0.006209648618360042,0.006784820952542958,0.006811561374520991
2007-06-04,0.0019023665650479415,0.005495296903657465,0.003098820522745127,0.0021969117909352853,0.007912873375379048,0.0045050908614288065,0.0030616337691997675,0.006499861293220555,0.0049154238558157815,0.0032894279539492643
2007-06-05,0.01808303282939816,0.01253167680771261,0.016376389348800036,0.01723829488642248,0.00901846650567828,0.014546017404042821,0.01667473104622541,0.009780434042693908,0.01421153189866975,0.015818518518339486
2007-06-06,0.009765115762745635,0.010758004295668977,0.009648471342755816,0.00914722486808861,0.014330219781289344,0.010913073851800625,0.009649966478366245,0.014971815654429843,0.011537322399798544,0.01083185770302797
2007-06-07,-0.00224533194970411,0.0005021719247231271,-0.0009695697952383231,-0.0017952243233191334,0.0026214165495848096,-0.00022865880344880019,-0.0013736127784454988,8.281580442615066e-05,-0.0016514440141369713,-0.001979725071073357
2007-06-08,-0.013525502312164428,-0.009300456068887963,-0.012323134703382421,-0.01345141847972986,-0.0043605730351465866,-0.010270308326496558,-0.012329907337919055,-0.0051302898060890945,-0.009436480025067695,-0.010717610815357714
2007-06-11,-0.0012827811360631713,0.0013451597156302064,-0.0010901418029861665,-0.0015427650384473024,0.003606658912445493,0.00032784624635584514,-0.0008443287873863836,0.0014304286321924486,0.0005867803978809594,-3.0284563429017197e-05
2007-06-12,0.008636785401449742,0.005990435196127075,0.007467760059759021,0.0077354679037768825,0.006100290563101574,0.006935575539355199,0.007462857302755088,0.005722882860601297,0.006642981150443372,0.007394696869590822
2007-06-13,9.01533728467907e-05,-0.0025895243328890594,-0.000397489617496527,-6.553846727130885e-05,-0.0020991035556561233,-0.0008490083010124216,-0.0002410078430690188,0.0011329541036284585,-0.0017609169946574132,4.0063730791128904e-05
2007-06-14,0.023930274929570894,0.0158770945384894,0.022152083127468192,0.0235036053396942,0.011879642678449986,0.019608675904424944,0.022268688091074296,0.016558078442644897,0.0179412139362658,0.02137040985502403
2007-06-15,-0.015394713010010719,-0.012984824123624339,-0.014235696720537483,-0.014850496530489088,-0.012112704342273628,-0.013146908510687783,-0.014106335157003214,-0.010659245722399291,-0.011185412683535345,-0.012945128011284002
2007-06-18,0.022202159519483677,0.018386598546072053,0.0214900326462506,0.02194251724038554,0.014102838534187256,0.019063988156823752,0.020938691093816297,0.016117156751018102,0.018162306113520765,0.020037895832965447
2007-06-19,0.013355050751367559,0.01316304798052581,0.012805450097139737,0.01232403454704234,0.0150568048485209,0.01299435003093552,0.012899292867691647,0.01318675979828643,0.013155321636555195,0.013303244645050727
2007-06-20,-0.010984381255839226,-0.002441221514571934,-0.00818302267859139,-0.009726575160152406,-0.000464547651744307,-0.0069253537813419586,-0.008954382229516833,-0.004247871393436187,-0.006338527437559138,-0.008776321961263323
2007-06-21,0.002446145939397182,0.005950274700036395,0.003532196828585743,0.0029154378735802844,0.006903766191182381,0.004871394184437383,0.0035909768831934308,0.006263922138640909,0.004570698217772673,0.0036082636874474883
2007-06-22,-0.003101584488692799,-0.005311898828023187,-0.002967090390636029,-0.0026604684854327765,-0.002735875792859166,-0.001925248751139419,-0.002219277104068995,-0.0003257739393398573,-0.0027401309471692947,-0.0024331725345636546
2007-06-25,0.005931153071526696,0.006486931250652361,0.006216153247108114,0.005741225121133731,0.009824758183228699,0.007730373792709244,0.006992563957093356,0.010164503163396565,0.00916448884450971,0.007631036472287134
2007-06-26,0.0021136653132096672,-0.0031644669600057185,0.0012878392455011323,0.002000733660807219,-0.004517569638833319,-8.182434477788103e-05,0.001260536368983045,-0.0020973365637273478,-0.0007250335745707659,0.0006773699549709189
2007-06-27,0.004950895691951729,0.007234934916591884,0.004588048685977952,0.004394501812023055,0.010061335446680753,0.006109839069838197,0.00510987537481733,0.009475970089763752,0.007366967479775166,0.005882455844675283
2007-06-28,-0.010232407479097594,-0.006204772345884679,-0.009285857827500577,-0.010519891436586049,-0.0018406462480317076,-0.006552285217034104,-0.00902850271520772,-0.0019721754107228096,-0.005187259283317758,-0.007718127479978354
2007-06-29,0.0005542307464934115,0.0013500679571787355,0.001067780424612863,0.0011179243076377965,-0.0003453134805930791,-1.3261487298854568e-05,0.000634343995463249,-0.0020672627890522266,-0.00021523492842168146,-0.00020656169673149982
2007-07-02,-0.00825547395426296,-0.00973203227987851,-0.008559136126475186,-0.00849912085267257,-0.009153319302206642,-0.008308755558793512,-0.008389238268869725,-0.00521393244784929,-0.006662849040630636,-0.007758782994681246
2007-07-03,0.013382010784624976,0.014679223225722016,0.013785793988492667,0.013170147488957173,0.012355797991741468,0.013299862338211232,0.013013759534582059,0.011017220613213752,0.012725658527765082,0.013016081440045735
2007-07-04,-0.003140054056302355,-0.0009825870226956024,-0.002206463751227905,-0.002608971951404415,0.0008622961956317177,-0.0018537592446170592,-0.002538831859279389,-0.0008449344589724905,-0.0029768739068479766,-0.0032178545534382597
2007-07-05,0.0016038789581460655,0.003200892424843449,0.0019980369165952805,0.0016589654463419201,0.0045118993149706466,0.0024368877238429842,0.0017847099490031493,0.0015706465138016767,0.0029132695296729683,0.0015891161555072753
2007-07-06,-0.011835615125161736,-0.01012196079618588,-0.011569739269372326,-0.01176307784010433,-0.006523443944269625,-0.009392478520389713,-0.01094707552469365,-0.0037503591176297757,-0.008398509517186015,-0.01004663667581529
2007-07-09,0.010913332909232798,0.007558295906741286,0.01004424299605855,0.010571764313924259,0.005754756495302216,0.00914395863891393,0.010054944492684292,0.006067243097083619,0.008502689766888727,0.009798197712198142
2007-07-10,-0.0064347570235998575,-0.006103902797950589,-0.006014981283099963,-0.006138473647480658,-0.004588633035541578,-0.006470240024315732,-0.006156026662457403,-0.006016337477316225,-0.00642125892780987,-0.006544647849824448
2007-07-11,-0.0017543386634534253,-0.0040954084698729964,-0.0020827725938462605,-0.0019888197662562,-0.0004546946129699858,-0.0015935358085239493,-0.0014697953128919305,0.002472565929460435,-0.0008006204748973733,-0.0009212121754417213
2007-07-12,-0.015607997962626907,-0.009500924626060891,-0.012954010246587822,-0.014773312040476272,-0.005292169806241587,-0.01105013121899101,-0.013041712276200768,-0.005185975690635614,-0.011034326232500558,-0.012376038326314065
2007-07-13,0.00041869795074944705,0.003789194421526476,0.0018949559646288527,0.00035677420775859225,0.002802724309448612,0.0018876901098356935,0.001153593868014502,0.005225309941589096,0.0026770298436471496,0.0018198229329209337
2007-07-16,-0.0015995998024839198,-0.005387853774496909,-0.002720878422752371,-0.0020478146802495045,-0.007011750253095972,-0.0041912002080712885,-0.002764216515987794,-0.005576142470899104,-0.004982282968147178,-0.003016176125660408
2007-07-17,0.0001373127392898521,-0.0012742231907501012,3.185477732792208e-05,0.0007833910045760284,-0.0017508591286302666,-0.0010337176240362567,-0.00010315461911725166,-0.002164675587186027,-0.002803205891787397,-0.0010096176826519532
2007-07-18,0.0027049495090378795,0.005256791406695882,0.004155751060704649,0.0033039714798666076,0.0053776977761739175,0.0037603539545849607,0.0035182219026090866,0.004481943148345824,0.0040249648939654215,0.003629799093678887
2007-07-19,0.009935934211698916,0.00947595802947987,0.01093537394555133,0.010676703749895378,0.008236165619996738,0.009634791000188159,0.010194905206593718,0.009606969177536229,0.009928046237405175,0.010259216613905497
2007-07-20,0.003511863802470705,-0.0008414123697584319,0.002580642679687273,0.0036330314236001637,-0.004980955431788225,8.323298791612643e-05,0.0019754420229953773,-0.002434509020376119,-0.0004987793047729339,0.0014172507424596859
2007-07-23,0.00029305752567321264,-0.0032864186361230008,-0.0007640969770186246,5.68117883492647e-05,-0.0032161411378751614,-0.0018068612760475666,-0.00039366316527811307,-0.00041764150656831145,-0.0011992052040910028,-0.00068816828121121
2007-07-24,-0.011439477625180272,-0.009720096293398095,-0.009502247665669428,-0.010293595346514084,-0.01102094240160012,-0.011941941558451075,-0.01121663632485137,-0.012507466155224467,-0.011014540780442728,-0.01133483445377359
2007-07-25,-0.006046889637814634,-0.004405470909328413,-0.006508384475306439,-0.006761500093393602,-0.005324593400384714,-0.005960368328570942,-0.006476727502364055,-0.005384115507442333,-0.005374404604585603,-0.005814217343054429
2007-07-26,-0.0009140784680772285,-0.0025720923460195166,-0.002621687299311004,-0.0017833504145750023,-0.0022760660873986094,-0.0014639206091308088,-0.0015602044856569686,-0.0028006379816800653,-0.0006517925218241238,-0.0009320927791771627
2007-07-27,0.009236763438179807,0.006742143489858687,0.007849179035110954,0.008500830099305912,0.006854581978964269,0.007490176015049421,0.008222655013559566,0.0075901739486163855,0.007774344455153681,0.008152796073105595
2007-07-30,-0.005959072463580517,-0.007986868183943563,-0.0068176103968784485,-0.005980907258667512,-0.008761493840123924,-0.0067623269084094995,-0.005810884937394012,-0.007436912448021471,-0.005564671016677791,-0.005472431982491033
2007-07-31,0.010788438331061467,0.01091869292316705,0.009452912786314771,0.009682117875047691,0.009994598768730434,0.009653816434124662,0.00999395101397349,0.007270518312737284,0.010126225775422215,0.010194656780211364
2007-08-01,0.012918890190556365,0.008024154514223003,0.011115510346151769,0.012631043559232724,0.008996165397459066,0.011217636773881434,0.012582173981626088,0.009516186939757976,0.011513039075620402,0.012300589090031844
2007-08-02,-0.004561810549373546,0.00020430611821220523,-0.003989751975897793,-0.00480510556532221,0.001150172887717904,-0.0030096809736537278,-0.004076790112654605,-0.00013078502946906045,-0.0021320262271766754,-0.0035989811456793586
2007-08-03,-0.0017143812975477513,-0.004330761223111823,-0.0021249007270383036,-0.001174079426260577,-0.003582473939979236,-0.002263712880970492,-0.0014379642960932193,-0.0011667144119280604,-0.0012301874486519981,-0.0018539599890603498
2007-08-06,0.003735376941579327,0.0075726635462116665,0.0060180003403413895,0.0050984274073848646,0.0028505037015755796,0.003809572509161141,0.00423524353406135,-0.0008803309024749684,0.004001212526545617,0.0034162905149879297
2007-08-07,0.004367074159025597,0.011079718647947878,0.005515719638055527,0.004299651428370632,0.011287890486886498,0.006175257670479883,0.00458500467517986,0.008989694763786638,0.005313127629329006,0.005272801738265276
2007-08-08,0.0191790401540739,0.015019040895997593,0.01833141240088132,0.0189928336518701,0.008850626781329751,0.016380245787799064,0.0177292291722444,0.009105395819756223,0.014502460216209156,0.016730844413944235
2007-08-09,0.0026850655066532614,0.001571724306805855,0.0031751232237464677,0.0027322451937719094,-0.0038950147200111918,0.000672031923447225,0.0015978150810835867,-0.00439776056385921,0.0001430419806218719,0.0011756110443816858
2007-08-10,0.0009395665764819761,-0.0007052673590428604,0.0008150120873646749,0.0009343568111193079,-0.004299195375587317,-0.0009840262017173362,0.0003286330399840942,-0.0049980609657485076,-0.0009356648907739018,-5.196404296292645e-05
2007-08-13,-0.007449202568897251,-0.003194641001473153,-0.0067469593021241,-0.00730209386423919,-0.0031617386302682515,-0.0057651613334773755,-0.006939535371851213,-0.004356157501626434,-0.006527672371878568,-0.006410782459359554
2007-08-14,0.01186929645569923,0.011920076724932338,0.011234297228547518,0.011384765074090364,0.007462051671652814,0.009201367105226899,0.010388781716910378,0.0053714655904060216,0.009352968160582176,0.010085186756347841
2007-08-15,0.012936768352777017,0.008913858401539798,0.011732079969336562,0.012912415231978613,0.003990892918346978,0.00982183725412522,0.011424122557054828,0.0037581845706164962,0.007861626513996134,0.010212913346342667
2007-08-16,0.001752304777469904,0.002137313873732616,0.0020004394215200616,0.002046294297650908,-0.0024238368463576077,0.0008309739388201454,0.0014388051265599167,-0.0035471106312089384,-0.0010002841250742467,0.0006845033835438663
2007-08-17,-0.01342275265031534,-0.00912434161161868,-0.012480520250734872,-0.012751421149988396,-0.0025396310566493385,-0.00922717476699253,-0.010820970502924854,-0.0020192940658434466,-0.006706522470511622,-0.009712449131303424
2007-08-20,-0.007296217781384673,-0.00771840988033079,-0.006917850437507589,-0.006934551418860901,-0.0030756165257532775,-0.006011717969836461,-0.006371460629702397,-0.0027442403617339295,-0.003044057530648958,-0.006110825848599122
2007-08-21,0.016781753557775225,0.013174893913424857,0.015561141479324636,0.01676841775277893,0.005935502485197031,0.011630994600301259,0.01469481397729444,0.003935560002203076,0.010436757787495754,0.01253444856629371
2007-08-22,-0.012616614454228126,-0.0098743023761938,-0.010727462534877663,-0.011531310573939413,-0.008972852438346557,-0.01045994590996735,-0.011396693026245353,-0.007973060036844504,-0.01084600055326268,-0.011187201430765903
2007-08-23,-0.01235380866650515,-0.009270209862164425,-0.010417031695608703,-0.011690836408519756,-0.0018415033564228578,-0.007781523354249531,-0.010089178546199395,-0.0031037282767570895,-0.007231418226305686,-0.009562023415571663
2007-08-24,-0.016874512045215617,-0.008631335354865932,-0.013632881637431704,-0.015298752335045962,-0.0029755730748997067,-0.009786315424513803,-0.013075721748071034,-0.0025569133913427855,-0.009296690035380029,-0.011679597796255603
2007-08-27,0.010280563332786707,0.0073944027142118784,0.008741905099481917,0.009755022942038227,0.0007482001198297894,0.005561753597849828,0.007949699066970073,0.0014998505699075348,0.004888535134859762,0.006833017592802859
2007-08-28,-0.0006701877470655093,0.000312714903329514,-0.0009913903372827937,-0.0010150305799625503,-0.00434884226162513,-0.0027355519122322924,-0.0018355813897590334,-0.005665743176943017,-0.003625657322332332,-0.0021221346573059297
2007-08-29,0.026939215748756018,0.02029301551784024,0.023625316254857864,0.025684802266782825,0.008656495009790488,0.01676184993075247,0.0218894991235008,0.009556667560299825,0.014808189295388852,0.019676639758441805
2007-08-30,0.011771174624258807,0.011771622790893943,0.010960827429223441,0.011370542802820127,0.004813674680420155,0.007604636008959886,0.009616410527436559,0.005191975092018186,0.006659040086571144,0.008955327307970107
2007-08-31,0.00021815441197436947,-0.0015284062002135501,-0.0002547866782811603,0.0003812245834182715,-0.0039265495096063585,-0.0018499380349121797,-0.0009223683849299835,-0.001808924773588072,-0.003067714307981806,-0.0012472948932320538
2007-09-03,0.002236015868384067,-0.002603367000195478,0.0013551619911977841,0.0016305987007600997,0.002786516928094951,0.0007824048563751518,0.001107429226113954,0.0024546795844002656,0.0013711440793739982,0.0008989204496232528
2007-09-04,0.014447978781243043,0.008091575090780623,0.012189282018850278,0.013475383995834811,0.005839387075478042,0.008814154872838209,0.011651427752465304,0.004972878694517124,0.007941911005668212,0.010703275897310904
2007-09-05,-0.009128767707881402,-0.008284527628243499,-0.00826813985928998,-0.008901038724480559,0.005944327803887983,-0.001584908188049683,-0.005507106743443568,0.005977550135630505,0.0009530715299237436,-0.0037559089290462033
2007-09-06,-0.011488896964326312,-0.014180262079749095,-0.012131396074842815,-0.01162333327242493,-0.011527524568690994,-0.011222093869577954,-0.011548434480553649,-0.00932821459658395,-0.010878195204010899,-0.010888750654848955
2007-09-07,-0.0067097590534899165,-0.006338644917358249,-0.005558013661920658,-0.005713496065929302,-0.0018311708798227633,-0.0036566380964599965,-0.004714088652343795,8.759111764033989e-05,-0.0037322878702461537,-0.004487081237303792
2007-09-10,0.001925021439292962,-0.002679930060378477,0.0008803240708985527,0.0015443327110626903,0.0020447877147620197,0.0016578047194033552,0.0018754688161100042,0.0028807285361089896,0.0021293921270519878,0.0023526020127304648
2007-09-11,0.01640626077338392,0.014416818404308751,0.01494795602623844,0.015756104639193413,0.0058670468087338445,0.010644256215078363,0.01345816697154345,0.005802737928039425,0.00955651905538879,0.012351297595242006
2007-09-12,0.00798526860584281,0.009628086171766359,0.007689300102503127,0.007401245699943271,0.011611547280656609,0.009055680335838145,0.007923554717932157,0.011057177836933274,0.009541902305044037,0.0087299543803121
2007-09-13,-0.00643460362707915,-0.0028053125472671248,-0.005163032814990309,-0.006058905715633167,-0.0016940225202666248,-0.0032863002497726113,-0.004795550178398056,0.0017820851861856113,-0.0026411859640053104,-0.0036588094557241657
2007-09-14,0.0019854760299955476,0.0011097963617421325,0.0012789781840150116,0.001801679629198194,-0.004358826698969143,-0.0014035997936712175,0.00018572756755297348,-0.0026686732259022516,-0.0021767447230147674,-0.000466482376427213
2007-09-17,-0.0054066002985291295,-0.0025649076552987093,-0.003978576075438167,-0.004561762956401427,0.0036140412014906698,-0.0005207778418317988,-0.002839092801918852,0.003688574956905999,0.0004276111709848873,-0.0016561760052730135
2007-09-18,-0.00644207905538885,-0.007559093678539575,-0.006481402571745898,-0.006479903327174741,-0.0030713000169660942,-0.0051640957974719015,-0.005958631706678985,-0.0028758713534947633,-0.004618085095511315,-0.005429508591162535
2007-09-19,-0.0033849241240823114,-0.007728760664208023,-0.004151069404158991,-0.003469117682164624,-0.006561598613438191,-0.00527123938299523,-0.00413399410802473,-0.002501692868882688,-0.004870782751353553,-0.004121304352198263
2007-09-20,-0.009149250196575531,-0.0065776879874777094,-0.008251544481556072,-0.008722211990838113,-0.0017869023144804208,-0.004750619234664466,-0.006991984046143096,-0.0020342279249562223,-0.004318368425278329,-0.006001059212564108
2007-09-21,0.008081388849609406,0.007368041750163812,0.00768563784082632,0.007899793025428314,0.007315771302335072,0.007087580057332676,0.007376631612135087,0.007934499537417539,0.0071660509595679045,0.007339138385782595
2007-09-24,0.00372633822737245,0.0054660111472635275,0.004060406842171016,0.004056493447772036,-0.0013635720780689198,0.001510236881205218,0.0026411030058608453,-0.0002999007265767073,0.0008037251930939071,0.0017403261402346715
2007-09-25,-0.01097204100823379,-0.006556806538718929,-0.009516511277918638,-0.01027433699086,-0.009856726075072264,-0.009791195992678192,-0.010516503175933556,-0.005759216328331429,-0.01084766285802885,-0.009753257188972242
2007-09-26,-0.018376344063266603,-0.011264882777033969,-0.01638317148928614,-0.017752726433925448,-0.006787342328978374,-0.01287635210761029,-0.01576910861857439,-0.008293399946172952,-0.011919554295341528,-0.014701723290720281
2007-09-27,0.017003603016508384,0.014774455327971614,0.015674726740062317,0.016169122895875132,0.009550899147916514,0.013258085142777265,0.015083036218961343,0.008768173985063799,0.012410395301906352,0.01410871727277585
2007-09-28,-0.0012388071018475388,-0.0031152490587915693,-0.0017206234847115809,-0.0010585082476137764,-0.004556771104407442,-0.0029173554475788732,-0.0018689696118669996,-0.0018159074550115895,-0.0034426111303467177,-0.00191143707700403
2007-10-01,0.008030103710650716,0.00873029968101946,0.007982810502021653,0.007977976797861164,0.0009603288522392894,0.004958225112409176,0.006637107485410354,0.0015492186612904302,0.003368283159682406,0.005771620864389648
2007-10-02,-0.010565772446937904,-0.007965839294183708,-0.009545375347837504,-0.010096641989729704,-0.0040280319367878015,-0.007205590035430087,-0.008705934740688592,-0.0032203952463665253,-0.0066864107233077785,-0.008304649230886474
2007-10-03,-0.00902439547069811,-0.009616856039892818,-0.00861289816421873,-0.008532850474010312,0.001243675002415623,-0.004722774462413537,-0.006981114754127438,0.0009194979846196549,-0.002626329573107933,-0.0056617358765282955
2007-10-04,0.0008449432994883654,0.001538832472542273,0.00021076174137291126,0.0006913427279400253,0.0015685742716822215,0.0006029433652647853,0.0005767388958153319,0.0017279290490104238,0.0011787716846738405,0.00026356814535222206
2007-10-05,-0.0008647712341346425,-0.0017533869915135059,-0.0006414728132893011,-0.0008679454507533046,0.0021910038905261775,0.00021615723421741784,-0.00020038500081409616,0.001163707843552908,0.0007812384797154515,-0.0001934827721515875
2007-10-08,0.009100952400147522,0.009160968174340534,0.009052482402444717,0.00915148197011062,0.007096380380630096,0.008053168093145935,0.008559346529320111,0.007626481000883922,0.0075642892075298285,0.00827276051057213
2007-10-09,-0.009445048997813954,-0.0020078185030926177,-0.007281204173474887,-0.008861022375091232,0.0034068535258233723,-0.0034631416629766765,-0.006817199010037411,0.0016930975774516188,-0.003213664339756672,-0.005810161522145085
2007-10-10,-0.0026732069232007216,-0.00302620620280325,-0.0029276623817023895,-0.0031735401722450263,-0.0011716157273642391,-0.001879412095871169,-0.002517583778003818,-0.002146191152449406,-0.0016015871549258653,-0.0023724542273727556
2007-10-11,-0.006990404337105627,-0.00898867570805828,-0.0070559090713107064,-0.006888051857006583,-0.002146602973966738,-0.0048022702847788645,-0.005765746977721031,-0.0006282568283704215,-0.0035823131097687533,-0.0049392219990548325
2007-10-12,-1.5384667698015164e-05,-0.0029943225657506067,-0.0013167536260015877,-0.00039500060334873854,-0.002235576414590046,-0.0010656826309459744,-0.0005618117433967562,0.0002159853671419576,-0.0007981552081179899,-0.00029501718555224876
2007-10-15,0.015671503405032094,0.017578724743072982,0.01561301309365204,0.015327646566015707,0.015653673692028747,0.01466046441755009,0.01526833625722479,0.014463841968228142,0.015712551658995988,0.015066242371079452
2007-10-16,-0.007530085712370349,-0.0038450052848854055,-0.006027877806847437,-0.007059129527308028,-0.0012272533839224886,-0.004559611206657488,-0.006237858538712171,-0.0015828371420586462,-0.004537754198856825,-0.0057980850338963386
2007-10-17,-0.00823829138200316,-0.012657106768277138,-0.008136682566247666,-0.008142289659722857,-0.004726431198428971,-0.007223354006051563,-0.007643179233539632,-0.007336107168194772,-0.006726978902727332,-0.007803661173732879
2007-10-18,0.002765726197577756,-0.0008007324419325723,0.0012146795816849743,0.002203249523622386,-0.0006544051052048694,0.000518142885978623,0.0017792127720339668,0.0012992697129057262,0.001081313986500465,0.001495404599386685
2007-10-19,-0.00869245789182893,-0.005786710778915571,-0.007267536412058129,-0.008125084973741203,0.0008540982780236295,-0.0040290145387328336,-0.006672490535606923,-0.0005405931794961738,-0.003484110876684321,-0.005502719612201501
2007-10-22,-0.00353806407315993,-0.003742070671964637,-0.003070097539591754,-0.003250218035771635,0.0030511701334081653,-0.0005711314737566475,-0.0020987702220491844,0.00344722932624264,8.982242487087788e-05,-0.0011982829402403805
2007-10-23,0.004296589333684153,0.0053109779404816315,0.004739883480520568,0.004000264686951249,0.009747170824125462,0.006855756624546183,0.004974417461273806,0.007228798197154385,0.00645597226058614,0.005345609962813969
2007-10-24,0.0024223296959233753,-0.005324236887986666,0.0005785342013278072,0.0013665261645428028,0.00031947865333492587,0.0011425922762826612,0.0019231339176806195,-0.0006570512697707809,0.0021736485218124546,0.0013653095054211306
2007-10-25,0.003493796131790239,0.0023166902279463386,0.0032980475617081506,0.003131137685184582,-0.0008330155593606614,0.0022114204992689235,0.0028449813242588107,0.0008893816061643633,0.002091278705101507,0.002797204476078674
2007-10-26,0.0009241861474529323,-0.0031115935485670487,-0.0011265364622174978,0.00018268819799560632,-0.008378693456336461,-0.0032359694756409763,-0.001047310651417055,-0.0075915072014415275,-0.004364714339892162,-0.0019534005669563648
2007-10-29,0.007221250049607386,0.0038143516989710413,0.005763644363741882,0.007106917449647421,0.00247031810521392,0.0046570736049569295,0.006147170489858134,0.003881183028041857,0.0027911187956990435,0.0049344458031326255
2007-10-30,0.015689782348731862,0.014566547360697957,0.014771160308486131,0.014925865615192935,0.010727728198270503,0.013339723896614863,0.013884977318163072,0.009600750354412213,0.011683521177751288,0.012924179202614017
2007-10-31,0.022623079789201306,0.02393664466709744,0.02280371788176372,0.02254654395357658,0.02040775531188488,0.02119774087308901,0.02166674413153391,0.018270623156547483,0.019861446812502903,0.02013786611324697
2007-11-01,-0.010652168826499775,-0.009556073739943605,-0.010692086984495974,-0.01057643862610913,-0.006681636510283306,-0.009125871994321133,-0.009773815943387665,-0.0075001288868495886,-0.008677625730922678,-0.009407884135092415
2007-11-02,0.012840703915603546,0.010289116422481648,0.01137998940592122,0.0122125660088106,0.0059165213252661,0.009752231924144983,0.011305583097710459,0.007318499157781044,0.009558913461269025,0.010687443230863014
2007-11-05,0.015867231538496673,0.017157615349157718,0.01518140464729445,0.015879843440820718,0.008383311152642126,0.01241763312961841,0.014306113318134361,0.010642499170266273,0.010065954223400286,0.01293896833898156
2007-11-06,0.004040556829818742,0.006408968997980935,0.004393378265235004,0.0044833882641139855,0.005896355422434496,0.004311803968391814,0.004274731632572859,0.004266266643735417,0.0040486539558328705,0.004119461919006806
2007-11-07,0.00754469781667555,0.008258157304125158,0.00746733409135647,0.007525094412868194,-0.0002507756562337704,0.00415813633564821,0.006118153929100645,-8.07734425340989e-05,0.0042268054402958555,0.005544520949067877
2007-11-08,1.5231994647146863e-05,-0.0007174357498817008,0.00029539207897655295,0.00022835567295120818,0.0010706716923560844,0.0005288225230790644,0.0003814028327955299,0.0024157901042873853,0.0011391104477771474,0.0007711666838514653
2007-11-09,-0.005574300360946083,-0.008466919155592612,-0.0059054159532268,-0.005860874870016297,-0.006520260729796501,-0.0049164353054229615,-0.005371082487435008,-0.0074363036344253786,-0.004750350175867446,-0.00519882170037933
2007-11-12,0.0026544088699009816,0.004827487669776032,0.0023662218347122455,0.0026302411811947035,0.004663892175065243,0.002650812918113976,0.0023291276332753075,0.0014000746449991386,0.0013382492613653874,0.0015868389004738415
2007-11-13,0.0043988720750505195,0.002868122830723907,0.003353652965383702,0.003891153333481334,0.0031868196665967297,0.0037560656306003803,0.004118862583909033,0.005519348799718937,0.00409171767994243,0.004472427262695922
2007-11-14,-0.006900261238200978,-0.010472317894854144,-0.006674667441825877,-0.006472956896977022,-0.00493189997380572,-0.005059636727321792,-0.005691547470551894,-0.004299693451744524,-0.004178182980921319,-0.005345833963232738
2007-11-15,0.0021256939629428206,0.00869049402571509,0.002821959810932695,0.0025046595865896304,-0.0010161307669078745,0.0005246576781370305,0.001380336927570891,-0.0012419351242376475,0.0005988111182266831,0.0009129593665320179
2007-11-16,0.00023191060529148544,-0.010334091218916486,-0.0020669498167117384,-0.0007266092923716716,0.002869766255189976,0.0014632027437380124,0.0010905330306907324,0.00403799035546637,0.001751468619516805,0.0018975401240539647
2007-11-19,-0.0005721823281776839,-0.006078834392505339,-0.0013523074054373474,-0.0008661197108537078,-0.005002815545001593,-0.0018206125970006148,-0.0010807047741777653,-0.002328570178187328,-0.0017696565034124312,-0.0010288970270072584
2007-11-20,0.002566064854984562,-0.006478231952799618,-8.266021891412123e-07,0.001169804551846676,0.004613328030363073,0.0027880266251445462,0.003213424125265263,0.004748169917362377,0.006761434138436995,0.004224742238120527
2007-11-21,0.002404574001163118,-0.0017341500327444637,0.0018504323484194174,0.0023078471543114265,-0.0009426729954138402,0.0015866855996999885,0.0022405133296812263,0.00243112485101582,0.0023251293581803,0.002293361337173394
2007-11-22,0.014340145314095665,0.015045857888812186,0.014898570618426588,0.014637504731547901,0.016930289525107778,0.015450769683719168,0.01492528455066644,0.015075561612019062,0.01497332123363404,0.014601558152699035
2007-11-23,-0.002293002931249122,-0.0014596471030665636,-0.0013577178497778952,-0.002493514015031173,-0.00027210525039023103,-0.0009313921511875378,-0.0016271115047992168,-0.0005473451402758789,-0.0010724099419023858,-0.0016171094312361634
2007-11-26,0.0017541497461852629,-0.0037814287756885445,0.0006673210153855802,0.0012075288852140265,0.005687145887670386,0.0034807492758228697,0.0027841965796007173,0.005796157293693538,0.00410859934648089,0.002919343746409897
2007-11-27,-0.003945791068808546,-0.005710334983303866,-0.004011863623354706,-0.0036510471472095407,-0.001770865859817894,-0.003007441356242757,-0.003315624229564884,-0.0011429042798505318,-0.0034715676861977185,-0.0032734588633074324
2007-11-28,0.014417804064055684,0.01942065824509731,0.015355989455545282,0.014633846201807854,0.012751287880687023,0.013430021111901613,0.013810282327070933,0.013665255980034097,0.013077618226727372,0.013586502647400467
2007-11-29,-0.0002545746465223431,-0.00016937728523280793,-0.00014959830749472491,3.897264505292597e-05,-0.001056241946471248,-0.0007189768820012876,-0.00034416936145709176,-9.317704379874225e-05,-0.0009055831536569636,-0.00041720153608781896
2007-11-30,-0.004933110634875559,-0.008016141338522464,-0.005422397607682927,-0.004843456398986312,-0.0035073934083542646,-0.0032264207731046435,-0.003604414409999812,-0.0005337668644258553,-0.0022648095482420416,-0.002977264706788718
2007-12-03,-0.0009430817333918595,-0.0011484259562809518,-1.9385069528254917e-05,-0.0002326038270537012,-0.0007350410758875103,-0.0002527840721764374,-0.0006074805823248486,-0.0003009333506850398,-0.0001455603344945322,-0.0005921845816529991
2007-12-04,0.007494926633063503,0.008348197358188925,0.007720692639626492,0.007517961364689407,0.005268090159108674,0.006214436155956182,0.0068866283789634775,0.003168179882548916,0.004910025961821551,0.005892286575420069
2007-12-05,-0.003134314022364526,-0.009793257555622326,-0.004674691042544699,-0.0038181581155541933,-0.0038780095335154696,-0.0021068403932493762,-0.0023797568506662703,0.0001107540134606122,0.0003098498929623439,-0.0011938064518519642
2007-12-06,-0.00041729458506856165,-0.0004386121164750012,0.0008437764658455471,5.635872321807511e-05,0.0020891230764581437,0.0011814691524438814,0.0003961010470674431,0.002098106961490931,0.0021281988814230157,0.000611998225780841
2007-12-07,-0.0017454790580464508,-0.006050479605833159,-0.0027039409173958973,-0.002209527500447006,0.0011079917402543327,-0.00018768848229866464,-0.000816159843422759,0.0021480811120322407,0.0012258157488149735,0.00024595604095334345
2007-12-10,0.014539066186246119,0.015889493888552764,0.014090260884358274,0.014354273082959335,0.00786523470157996,0.011111196067721707,0.012700242399660944,0.006577446800503761,0.009443157818873837,0.011539029607230633
2007-12-11,-0.009941634318013426,-0.006931337204568844,-0.00825145892614143,-0.00898930612015425,-0.0040365453974084975,-0.007077121490909111,-0.008659201598744337,-0.0037708234153556175,-0.007082487649089808,-0.007820516689632573
2007-12-12,-0.00308985565190123,-0.004708037100780715,-0.0032235184422313434,-0.003403088741799065,-0.004356579756659262,-0.003234722458533179,-0.003020930439013081,-0.00201541494782731,-0.0028446966636078708,-0.0022431666306372833
2007-12-13,-0.013666967716827072,-0.014702799923892229,-0.013241095745141984,-0.013504924733934054,-0.006418793095315012,-0.01104731677894022,-0.012505296552548506,-0.007999761167186037,-0.01066302626006177,-0.012230031893697646
2007-12-14,0.004695486226763634,0.006606165616643178,0.004699134671540595,0.004523816990046781,0.005243095699938083,0.0052410021115671945,0.004993073601490705,0.0027952155501420606,0.004655549660896652,0.004144959436859885
2007-12-17,-0.001385477101771837,-0.005952741903343162,-0.002570122268034214,-0.001820085160788576,-0.0017415390454929014,-0.0014188776205971143,-0.0012366152776379646,-0.0017052721913394242,-0.000729368453418644,-0.00119982875725122
2007-12-18,-0.0050486228434569735,-0.004131968086803606,-0.004899020441942015,-0.004919292820993237,0.0027091084644896846,-0.002343369815640095,-0.0038463905960091083,0.0027578345476113597,-0.0018457807162568507,-0.00312056559443441
2007-12-19,-0.005366134334675587,-0.008799820330894326,-0.006102751180565913,-0.005602338864387324,-0.0008466222077816443,-0.003167568249786923,-0.004144997483072288,0.0010968616768365358,-0.001837880269925929,-0.0027988538310325106
2007-12-20,-0.0008912587113446557,-0.002048211242836384,-0.001206768773843736,-0.0007732148032557618,-0.001149513485472431,-0.0016240158187008635,-0.000981891403945112,-0.0017497726128853364,-0.002200543087892637,-0.0014586252792063714
2007-12-21,0.003293617558366213,0.0037729854471126867,0.00305784741319437,0.003326860783732233,0.0020935748087476114,0.002200457277995893,0.0026772703270732112,0.00016027360326642537,0.0016298469127105086,0.001160503595302842
2007-12-24,0.001961621283179449,-0.002856987182493387,0.0017156849912483008,0.001755381492083652,-9.991436940304244e-05,0.001111596413756688,0.002123959255278418,0.0007173925152557104,0.0021003993679420407,0.0026256545855700697
2007-12-25,-0.0034888585964062413,-0.006730331591212946,-0.003832452748616544,-0.0038616695670906642,-0.006158597364327223,-0.004750774854581641,-0.004283928982478091,-0.005890679573903657,-0.004763608380771611,-0.004615142546075868
2007-12-26,-0.007161370272766643,-0.004129257758607396,-0.007027299329925074,-0.006908372972779797,-0.004712913832734422,-0.00610153961847959,-0.0069694580906852766,-0.003364833311984894,-0.006684058525326053,-0.0065732734889614175
2007-12-27,0.0014305321933261173,-0.0015352399268446781,0.0014777597183606161,0.0016265058477566985,0.005033755672767759,0.0021606839878760553,0.0018573348514545618,0.004410691044617998,0.0017927088466853647,0.0024423534339896857
2007-12-28,0.011738543051915018,0.01658585499907872,0.012432581536788945,0.012095759772924763,0.00822443107581794,0.010494831842331687,0.011023563654358304,0.00746194212885376,0.009976479483925438,0.010489081736126948
2007-12-31,0.015572442512435503,0.01489359914766264,0.015690294952370953,0.015233981619648063,0.009153498102903335,0.013110287243269125,0.014597824191333153,0.009106039523512521,0.013218548217456938,0.013558750781418771
2008-01-01,-0.01802745245355153,-0.01325733580687316,-0.01695838577359554,-0.016840065060380494,-0.012075497050354489,-0.01570358706934427,-0.0169660145416215,-0.014850147249481416,-0.018554935515465165,-0.018248884773433893
2008-01-02,0.005028896335325772,0.010523031335934352,0.00479269288834927,0.005178369681229089,0.00683247212442728,0.005716475045601799,0.004623011612440386,0.004986790815344699,0.004256505415631384,0.00405110672587039
2008-01-03,0.002643820326985624,-0.0033089351428847724,0.001979923321604238,0.0020778821907923017,0.0006532657107340967,0.0018300554032590899,0.0025626127896063444,0.0015203187510970384,0.0027479579550679922,0.0027627885027068366
2008-01-04,-0.01609015203486086,-0.015169938274298467,-0.015605496648140926,-0.015297662549819124,-0.009963093064663031,-0.013186433454593693,-0.014624784696616544,-0.006277501516947281,-0.013538998025668936,-0.014008676063159142
2008-01-07,-0.00734878534693717,-0.001280017828746316,-0.006425858938217122,-0.0066858118293472435,-0.003823328470751952,-0.006490510514936321,-0.007308402809838355,-0.0029077010811640047,-0.006864755516463372,-0.007429695765136635
2008-01-08,0.009777361446712929,0.010005923144569051,0.009256411444242607,0.00925741474216002,0.004216627714872745,0.0076740003364390574,0.008644091324233605,0.00281035763484061,0.006677916532894734,0.0077385579879283295
2008-01-09,0.006637340693565585,0.003682251618659871,0.006718206070831956,0.00622816783810709,-0.004091515666193368,0.002158611604439642,0.004882611656157998,-0.0068649158904352525,0.002747359440571806,0.003799115598657421
2008-01-10,-0.004484538416181794,-0.002424314977879982,-0.0037623503012405024,-0.0040949542733635935,0.0002952108252640695,-0.003207762191772545,-0.004013351888980221,-0.00042931268392520927,-0.004396089334520847,-0.004213595187807284
2008-01-11,-0.0021908179374706682,-0.004979454728743948,-0.002479711132811757,-0.0026393999363361065,-0.0005320882726802534,-0.0013749596706087441,-0.0015868863003443145,0.0008970830241135097,0.00019417708858138205,-0.00034271205104907665
2008-01-14,0.012187496377477736,0.014939687749313535,0.012029652369093036,0.011837059577372022,0.011951753967959444,0.01120826094176186,0.011461559422117462,0.01024430313415925,0.012014994088925368,0.01114073403362803
2008-01-15,-0.004716148649265062,-0.004185248960898669,-0.004297281401578923,-0.0045123340102413145,-0.003247181595879889,-0.004205870902213249,-0.004247799603199542,-0.005094572652696749,-0.004411813959151356,-0.004318716567619063
2008-01-16,0.006413121920519904,0.007839398573464162,0.006622734572276023,0.006503958451427705,0.0021636623209988493,0.004504000353100279,0.005383285749507083,0.0032600164413194577,0.004693806452165328,0.004896336385977307
2008-01-17,-0.015741515374636084,-0.01748443720258197,-0.01459112415203756,-0.015005151790221438,-0.010929428891152004,-0.013683813171527781,-0.014295383751955826,-0.008498483926346667,-0.013183718922819776,-0.013210508255424247
2008-01-18,-0.01414816363489435,-0.020312864918738405,-0.015350801525875535,-0.014869608717087757,-0.005513892005993615,-0.01143757781399668,-0.012672577482983893,-0.004769396594069608,-0.010480570168741155,-0.010861009315454417
2008-01-21,-0.004945447310400475,-0.0030754595055657585,-0.004328148196819148,-0.004771027592338162,0.0019797781886592425,-0.002327176555750432,-0.0036421622717220936,-0.0022062452933797605,-0.0029162578046689758,-0.0032059490474976027
2008-01-22,-0.007956543582751663,-0.012407504638748845,-0.008057695519017694,-0.0081361368999181,-0.003269450476052538,-0.006031316029464273,-0.006756592815709839,-0.003041096871722049,-0.005706115292084535,-0.005130037448088265
2008-01-23,0.0026520553372175737,0.008973273375900037,0.004773215586035162,0.0037027903969948373,0.006267065170664665,0.004564935118375857,0.0036335601184176447,0.005123688914208335,0.004872401045577401,0.0038443875587026444
2008-01-24,0.001158632333708054,-0.0030696852739224845,0.00043438172743703873,0.0007602606637036047,0.0017429947615064112,0.0012613748533332192,0.0016795629769470466,0.00469083115263369,0.004240170279268485,0.0037676080883775054
2008-01-25,0.015304120384522557,0.014890454938999653,0.014354678499303164,0.014666890576271685,0.003480662703342574,0.009837304751776133,0.012199404776531253,0.003911324736524113,0.008945122960563046,0.011266359858457475
2008-01-28,-8.965481358069738e-05,0.001441909352541959,8.477455394362288e-05,-0.0002804923420912653,-0.004786415244519837,-0.0022261292372722785,-0.001221693110546207,-0.0030127344775001674,-0.002306401928304558,-0.0014559585522340157
2008-01-29,-0.0018665727618991657,-0.0025861529643546044,-0.0024218408845476658,-0.0024797046032413173,-0.0016062627182741318,-0.001775968883113599,-0.002082360231240976,-0.0011433357782484332,-0.0011602935693709737,-0.001768261118771819
2008-01-30,-0.006604569660539461,-0.0036716006476920082,-0.005002461810817427,-0.005716037718647038,-0.003353402878396805,-0.004490190357931079,-0.0054240263969641545,-0.0023136401628250924,-0.004652786753666871,-0.005007085409627021
2008-01-31,-0.00398893899949182,-0.007110003490143568,-0.004854932684592805,-0.004421050242562452,-0.003212088735218499,-0.0035208781706836945,-0.0036035047808192777,-0.0030866266754752125,-0.002654312112011059,-0.002827541440459491
2008-02-01,0.004568170157105866,-0.0001901515909474849,0.002646456212531456,0.0037709190413082183,0.0026175870127154166,0.003812934080660302,0.00407605663325139,0.0029206055942876397,0.0038978693762108385,0.004572842309100045
2008-02-04,-0.022436091456311646,-0.014885254200351583,-0.019033812690566254,-0.02034405412194018,-0.01416709532106697,-0.018720607023754665,-0.020337480931183705,-0.012361422363637908,-0.019161214311590014,-0.01954522630772393
2008-02-05,0.017113476405757444,0.017939353571517103,0.016269067076122967,0.01670319761637562,0.00925650207464912,0.013401548578334976,0.015045234769749394,0.004377535101408592,0.01102244429962318,0.01251216935454802
2008-02-06,0.017961101880232144,0.014107163755240792,0.015361736933715786,0.016780438350737947,0.00607522673154115,0.012630276987926292,0.014880257296311372,0.0029941273720910377,0.009637048343043464,0.012661717616729407
2008-02-07,-0.01938954636782675,-0.01880679262993601,-0.01764082785326382,-0.018221607032132936,-0.009375038221093757,-0.013433922688209643,-0.01569796091094533,-0.008418940540355857,-0.013154633475928601,-0.013649536568993481
2008-02-08,0.0009771919056200673,-0.0017291327821843394,-0.0004607995612890825,0.0003863369758045909,0.0034285183128193175,0.00177720015473537,0.0010525965608323418,0.001654745494345189,0.003022312909376934,0.0011030450852578255
2008-02-11,0.010548601122977841,0.0066842820638088885,0.008150318733667783,0.009373318488330229,0.002912122423217589,0.007403824399937253,0.00888835218889139,0.00041853449180240254,0.007607241733675663,0.00747230548960065
2008-02-12,-0.011458880231024926,-0.007808665440190987,-0.01018944922660503,-0.009878418322887939,-0.0061093835649327355,-0.007856639430029233,-0.008756973541633739,-0.005892229754159928,-0.007886611293193013,-0.007869658866526796
2008-02-13,0.0141065457155789,0.011974657450140702,0.012723904817471432,0.013342541853163858,0.005706512732539748,0.010472000592601782,0.012445048987213436,0.0053164650819259585,0.009568904353873142,0.01096578276887672
2008-02-14,0.025544983780813935,0.018321417721433697,0.02314099842657913,0.02385946701917141,0.010642723048836844,0.01841966078785373,0.021243114734303736,0.01122549650909943,0.016892560833420278,0.019940181802812873
2008-02-15,-0.021953194824567035,-0.018619879409903062,-0.019582773634421402,-0.02032971356919655,-0.007748117594949089,-0.014007410541801546,-0.017060223362633353,-0.006064291458726223,-0.010461164713309934,-0.0140584669339614
2008-02-18,0.005418122350947963,0.004033703133515365,0.004638640040215636,0.005032816921229255,0.007569480210654955,0.006114763166376047,0.005726443020602545,0.007223876652397099,0.007166712543828613,0.006097001435333205
2008-02-19,0.017845153271766057,0.018354115470140542,0.018244759861552717,0.017683677874486214,0.003629262852333781,0.010476355343601584,0.014059550881928562,0.00326447052196821,0.007983556412350712,0.01156206302802354
2008-02-20,0.023587619042498398,0.020664426547322146,0.023454521306490506,0.022445180367316908,0.004162348481595357,0.01313820697009671,0.01783322667353926,0.004326494158862548,0.01060013235841284,0.014858604234664119
2008-02-21,0.015357819556302,0.013744421633895554,0.015063765620016989,0.013958593083182924,0.0018903783251020823,0.008241295381412161,0.011272932635492117,-0.00026710131282348115,0.00610696134414801,0.008891381218656624
2008-02-22,0.006414033502577743,0.006891204497762482,0.006081775216906227,0.005995180108123055,0.0028854377480969085,0.004662557322343774,0.005608213860136102,0.003880917872189915,0.005136307441509169,0.0052728313885337386
2008-02-25,0.01892682472505114,0.014551015045249915,0.017895309147642813,0.017388799370935626,0.0036292419268668663,0.010177898663026319,0.014543191452758286,0.006060353912706651,0.009236148370382669,0.012681769313105606
2008-02-26,0.002959472272110908,-0.0009137479645969782,0.001074028860265308,0.0017163301140954434,0.005540268249358826,0.0022462469503352622,0.0020342870448608608,0.006520797081276175,0.0029532455576881667,0.002556194107300014
2008-02-27,0.024298989036875662,0.01687137864156729,0.02345303137501098,0.02288544105609791,0.013197471075888867,0.01800822933512447,0.0204551080882982,0.013285149110409789,0.017042096431636455,0.019598329767711142
2008-02-28,-0.020893331228245104,-0.01808148226317874,-0.018805909496195206,-0.019376267457340446,-0.01170508798871761,-0.015718660858376254,-0.017631461705227003,-0.008073141927802396,-0.01271450777251637,-0.01483131880709676
2008-02-29,-0.019098641027764374,-0.01797336553594453,-0.017510711010441327,-0.017415243852918816,-0.008153149130507686,-0.013115163202169544,-0.014837768140451235,-0.007313324018406453,-0.010847521377263414,-0.012943105734045779
2008-03-03,0.0024043329341900677,0.0002539961248326783,0.0009076304684927372,0.0018825963454338623,0.0064117616102672415,0.0036358958034130584,0.003013160441067697,0.005561655242546815,0.004276821277108489,0.0033024172956521713
2008-03-04,-0.010302579701838566,-0.013588980382157057,-0.011441112466857417,-0.010541202725144583,-0.00796214254493477,-0.009400655578123751,-0.010253605478483752,-0.007419273443006524,-0.009375816037557771,-0.009757919682208183
2008-03-05,-0.005102802487495728,-0.00915838519747103,-0.005261362819720894,-0.004924271513726319,0.003077976523454984,-0.002138588514381312,-0.003497060971902277,0.002405977945239668,-0.00023440801568663794,-0.0018891994709079318
2008-03-06,-0.0037489393024623396,-0.0018193340086274379,-0.0036495719108384783,-0.0034032845568865433,-0.0069484585049856,-0.0043215466578367945,-0.003954280995350334,-0.007606266582869781,-0.006063403254930266,-0.005477799283642559
2008-03-07,0.006049510538737479,0.00426771217036781,0.006103808705583358,0.006238420816124357,0.003130809439938931,0.004920221798055069,0.0060700805649887,0.0032915342217421095,0.006097987545411243,0.006259538556110389
2008-03-10,-0.0024777031717039266,-0.003607089494914617,-0.001957614140584818,-0.00204619112426907,-0.0013117157684465752,-0.0023125695804275814,-0.0019277651523779138,-0.0003665944472197591,-0.0008808748129839339,-0.0006690256170305275
2008-03-11,-0.0028673890330839225,-0.00028507035841252026,-0.001523263214461834,-0.002031364576095984,0.007071566126780837,0.00104207490871433,-0.001098089611542119,0.007480737856264463,0.0009016226340601285,-0.00021175812647999948
2008-03-12,0.003558220037587656,0.003340806560964138,0.003657236505527184,0.00359979656043663,0.007823902205378985,0.006236930762224535,0.005273402828193108,0.007357851230031631,0.006446158363192955,0.006329023861006755
2008-03-13,0.0024004194722693217,0.002986968236591503,0.0024088739136176596,0.0022067422535716474,0.002110109084417333,0.0008699924906423462,0.0015834882181928744,0.00414984463669632,0.00032987492177460886,0.0017537691631135388
2008-03-14,0.0023237051348077298,0.00047241813080400874,0.002085410750286565,0.0020131410288466434,0.0017124160702894908,0.001981825982454666,0.0025365847825380428,0.003111445994027351,0.0035457373728620123,0.003524489401212305
2008-03-17,0.0025366415780416762,-0.0016462637580948458,0.0022015958894465726,0.0020635606944345852,0.00039741770213863603,0.0011164570211048552,0.0018323143578578005,0.0013919613386417229,0.0010970940549601682,0.0023148654399152147
2008-03-18,-0.006740479662186605,-0.004530032101235593,-0.006121471215335905,-0.006099225233449079,-0.006311432875510059,-0.006933177932829215,-0.006581038583587051,-0.006975891348362517,-0.007638225474294602,-0.0071249679344376204
2008-03-19,0.0021693945951619664,0.003926543126190785,0.0021819773271094522,0.001945903469661614,-0.004115865733744117,1.0086858074354055e-05,0.0009565407425806693,-0.006314412458711005,-0.0009709316968493642,-0.0007026852651721427
2008-03-20,0.0008652891198648316,0.0027500867926060213,0.002509702296438876,0.001981116159981422,0.002066515534645097,0.002267520821941149,0.0015682157318310797,0.004094656889884085,0.0009836980639752468,0.0020191756160048424
2008-03-21,-0.010663106116596932,-0.011077206988090671,-0.01116553640385054,-0.010450324714681436,-0.004504805814409263,-0.007845996936203248,-0.00930595885676655,-0.003322148352736032,-0.006916773140381194,-0.008338151813332417
2008-03-24,-0.0032907113159432733,-0.0029040042977468428,-0.00270200028548917,-0.003321905920410595,-0.005821170048041169,-0.004448369071978875,-0.003966612400093106,-0.004728894509621329,-0.0038732782361623475,-0.0043833692503333355
2008-03-25,0.010896894198741514,0.010563079099065398,0.01151481574623281,0.01018637215559326,0.003309841249329093,0.007304452935995798,0.008422549679394153,0.0048683712516817135,0.0075724663268725845,0.007705821706454508
2008-03-26,-0.004997541823317908,-0.0011646870962784828,-0.004079455783271291,-0.003998342016827028,0.0004339130142552161,-0.002508685103794317,-0.003825058236286538,0.0018364277741449442,-0.002953122863754487,-0.0031656262614766506
2008-03-27,-0.0076695415903496045,-0.007461076941947975,-0.007869713783402843,-0.007416978295337495,-0.0015838612876610814,-0.00414377877950034,-0.005943740492130534,-0.0002148550467239163,-0.0045759036792033525,-0.004893656053292839
2008-03-28,-0.00442947126405846,-0.0009604354421530736,-0.00432628925557621,-0.003870499486098411,0.0011109544185354814,-0.0015183300205441341,-0.003225633870391764,-0.001178472842770617,-0.0035255058823489005,-0.002890963050381501
2008-03-31,0.01462533920441933,0.008893607228005695,0.012624936195304137,0.012647601623613891,0.0061762037432306904,0.011010019807655702,0.012496915104834416,0.0041745653452989195,0.009703137563006337,0.011305353374448712
2008-04-01,-0.016619087947632893,-0.01574742594577483,-0.01586197676614809,-0.015556163900497522,-0.006841286357574861,-0.013047932457453282,-0.014829940633919403,-0.005883620845446691,-0.011416256764430477,-0.013589055977881959
2008-04-02,0.019301829226251455,0.019776331753200704,0.01886025578413464,0.017900482085952518,0.008582843380856575,0.014003414780176415,0.015679190511212804,0.005198222280316189,0.00973228175395291,0.012489403305195435
2008-04-03,0.00457496113864253,0.0026497988044660303,0.004306414177998041,0.004275413067317713,0.0017624114221093112,0.003549555725169906,0.004065355067795373,0.0028818040385700794,0.003674409633135589,0.004000761376789619
2008-04-04,0.009926291974062584,0.007889999049696117,0.010252700786561153,0.009699214290225688,0.002976281126561897,0.00723467113874765,0.009071992491926695,0.0046242700778096335,0.007535954021486324,0.009268069324823047
2008-04-07,0.006354054449833946,0.005529174835696482,0.006990960963012549,0.0058774111931669815,0.005429740388018356,0.005568341894286899,0.005187603292782894,0.0030208212004785295,0.004550560570872442,0.003979726068763512
2008-04-08,0.010400714640377284,0.00981618813464502,0.010959728917929068,0.010279171729229652,0.0021190124841716784,0.007098886933869508,0.009108783478548377,0.004014097792839788,0.007122563757376188,0.008863844131552279
2008-04-09,0.013952156151773698,0.01558446579072581,0.013700417575792434,0.013823673909799883,0.009098810900728838,0.011726295252062924,0.01294758778799987,0.008075386870965096,0.0111351452988655,0.012857718843422683
2008-04-10,-0.006599431873373307,-0.008542706520657584,-0.00715876591137854,-0.007145579324197238,-0.008726585058228098,-0.00847641023290524,-0.007529643270501096,-0.006931997484101116,-0.008184010757102511,-0.007460969613938495
2008-04-11,-0.004885048148394966,-0.006890976044199082,-0.005583675994775605,-0.004830595683306904,-0.0051878232998774365,-0.0035808926815731335,-0.0036722646155868954,-0.0031487498876109354,-0.0021114588772431775,-0.002453202050617609
2008-04-14,0.0044581829236023385,0.0039967729687204745,0.004854953595412548,0.0043370177794446185,0.0030203870395628662,0.004048017993949271,0.004149830978659175,0.0037191909277018986,0.0036208638589265707,0.0043535250476562926
2008-04-15,0.0044369015148120194,0.004915975445909826,0.004478889780721751,0.004300864200654564,0.002931499003638205,0.004172850022964525,0.004057021141918193,-0.0008772984547057439,0.002759738643684617,0.0030473591213044937
2008-04-16,0.0013528859332316845,-0.000271268154019344,0.00022836015724259084,0.0010235083438208115,0.0009795809470296568,0.0008332608380476891,0.0012023552322470987,0.0005363487422691549,0.0016680054331852379,0.00138913756026815
2008-04-17,-0.01185314400587878,-0.011208995816306189,-0.012151229229431793,-0.011889093233287795,-0.008488417457588548,-0.009813625839975582,-0.010981169818531922,-0.010860256278116154,-0.011336263450416606,-0.011655600698065038
2008-04-18,-0.003363318166599072,-0.004934878079562721,-0.003677413426183551,-0.00364027725596483,-0.0032112025906302355,-0.0037139552005782672,-0.0036339460688286085,-0.0032487888041972113,-0.003876915332637898,-0.0035601114738316175
2008-04-21,0.005580026436463159,0.002951153846559862,0.005019972393194516,0.00486744099884362,0.002205061929075214,0.003895304158779478,0.004626308194371376,0.004043354953917611,0.004432607537851574,0.005235348260836048
2008-04-22,-0.009033343617599332,-0.009052838494910453,-0.00819872308361691,-0.008178772548226299,-0.006655487438259278,-0.008144603194572664,-0.007866224634877073,-0.005609922474684836,-0.007323249184664871,-0.007765974998913405
2008-04-23,-5.454240995517168e-07,0.0007333329523400156,0.00014110997778393752,0.0002554821282902964,-0.001487843699890301,-0.00026965859493910393,0.00012559090575581244,-0.0019250795600602721,-2.9502918365009734e-06,0.00036710349843116497
2008-04-24,-0.007569423566525124,-0.003717334293728336,-0.007185340450550415,-0.006630453237015832,-3.390231332067728e-05,-0.005464094484959547,-0.006123992951035273,-0.0006501300059992277,-0.0049597019709372026,-0.005806040877748497
2008-04-25,-0.0018183125339091832,-0.0019085392956389446,-0.001961353075465855,-0.0017422019874097083,-0.0024122798835359838,-0.0010903625846112597,-0.0013419656965526494,-0.0007044192339771271,-0.0008237243548619988,-0.0009512904890773832
2008-04-28,0.0005162214250897801,0.000196818679167432,0.0008708625703688355,0.00041365898445255844,-0.00720057157463716,-0.0028970667785499504,-0.000962940148401259,-0.005471038094656655,-0.0025909458822332976,-0.0009937345412877052
2008-04-29,0.004701522862079033,0.0019960999676191804,0.004871733469618222,0.0047657288637199535,0.006609005729774964,0.0057486165545928,0.005361661715453936,0.005586266980821097,0.006240856906654324,0.005386502622967804
2008-04-30,-0.01735146602957327,-0.014670601957033957,-0.01751061394953657,-0.016823861061923573,-0.009973147582594488,-0.014656231583278001,-0.016023391089969863,-0.007405691234234291,-0.013050079718852414,-0.014903754894823096
2008-05-01,0.001099136961692393,0.0033187499568476664,0.001842853641749409,0.0011122458832073523,0.0016896380875903727,0.0011693763619764486,0.0006993417593639251,0.0028177776197195747,0.0003989782679798548,0.000808683927062015
2008-05-02,-0.00039172790512342903,-0.0010344964968211912,-0.0004581728775367999,-0.0003835936659880579,0.0018983304104736032,0.0007612450853302644,0.00021015226917020513,0.0018389020355515928,0.0008540019908021002,7.727071865448742e-05
2008-05-05,0.007896807178099818,0.007879335119603814,0.008244557984667944,0.008195503413583882,0.012868599113136536,0.010492191580247168,0.008969874999848804,0.011434448254956653,0.009547431972683373,0.008727254968079023
2008-05-06,-0.008247544507214322,-0.0076680017212349405,-0.007642505248265485,-0.007994830535106523,-0.005204023195170104,-0.007389045196490418,-0.0075464766516556425,-0.0046807965754149805,-0.007538787287541204,-0.00683955588225893
2008-05-07,-0.012639140687391581,-0.010567218724223615,-0.012352461198717357,-0.012267054475435302,-0.008010320399445825,-0.010771016213150242,-0.011469043679967372,-0.008217159210925251,-0.01006937296577537,-0.011283982118959757
2008-05-08,-0.004542437732598881,-0.002568115558545525,-0.004208839306678702,-0.004426656634536341,-0.0024955673305762094,-0.0032509007724004224,-0.0037843814394671327,-0.0035063597283395698,-0.0030507087249154186,-0.0036497915941448023
2008-05-09,0.006282993892651634,0.006734250967082467,0.006503946242064851,0.006046963539241723,0.005001207849280487,0.0060698994640659976,0.005959548822985106,0.003234690659541961,0.004807253604089068,0.0054525345560128
2008-05-12,-0.0033756266216877773,0.001891018021092039,-0.002057383325221651,-0.0022470732367989577,-0.0016001699721561735,-0.0025393433003551014,-0.0027013204896557674,-0.001897113925891425,-0.003257715927970084,-0.0030425684365494865
2008-05-13,0.0018319326176043926,0.0017823566035355398,0.0017918807332857334,0.0014164982368765067,-0.0010776373494657543,0.0005061345161614383,0.0010024011965956703,-0.0013452036546949264,0.00035215054403603396,0.0009900902680159973
2008-05-14,0.008047791145359584,0.005544155063192502,0.007157907079453407,0.007855851424724669,0.0033926457860158354,0.006002746253451097,0.007344691336562459,0.004826374695409363,0.007851121489975688,0.007215712744805369
2008-05-15,-0.014498223864813253,-0.01290041966265365,-0.013974679279610935,-0.014093499166223822,-0.007012668895548746,-0.011645194974924222,-0.012641808959836132,-0.006691688293441467,-0.010661625674569075,-0.011997959424803861
2008-05-16,-0.011122422507346186,-0.012576579334533267,-0.012151246912525782,-0.011668590895001163,-0.008679934119551591,-0.010658367905313937,-0.010636634420591262,-0.008382197017630766,-0.008965342997531489,-0.009998913534822962
2008-05-19,0.0023462021533280364,0.003218465931077441,0.0023834619627396414,0.002201641506760943,0.0011492048818486644,0.002366548833158788,0.0022225090777767686,0.0012694073237720094,0.002225268790070789,0.0020226783470511656
2008-05-20,0.015103503781729755,0.017701311109080464,0.014875402027303197,0.014902670410019025,0.008233146355889787,0.013589199455680268,0.013914287407841286,0.006581460928849481,0.010785096842484965,0.012788419575082921
2008-05-21,-0.006275880257400335,-0.0019302739812279146,-0.0052574253171336904,-0.0055210771322695695,-0.005360165177380027,-0.004282815473305557,-0.005081817921660625,-0.005356180631487684,-0.005104437442098542,-0.005360755818763163
2008-05-22,0.0045803136064603844,0.005572799791638827,0.00454945804848883,0.004697043781126231,0.0012269929684110004,0.0027420518398395544,0.003952241441841586,0.001914702147711722,0.0036040876895724328,0.004047139248797071
2008-05-23,0.0028029558263733545,0.003264881838104472,0.0023716264508215623,0.0024111487656226505,-0.0011110466750965386,0.000980183639327059,0.0017555760030874001,-0.0019749931148957955,0.0008942279564405631,0.001837860260386348
2008-05-26,-0.00935465518566625,-0.004870649888814138,-0.008190149999261709,-0.00846271219479211,-0.007878226721606763,-0.008753882888848707,-0.008618263846593144,-0.007888898040154024,-0.007940937540892534,-0.008865572784372167
2008-05-27,0.002533026351055234,-0.0012118500501655527,0.0015208762062992598,0.0015340402355465965,0.002795805514386629,0.0018319240546422755,0.0017006462417994417,0.0030031592624186754,0.0016839297642567974,0.0016615929614625102
2008-05-28,0.0005956476331838712,0.0019137883384106047,-9.010708854229055e-05,0.00039226218572219196,0.001523642758867183,0.0006327994058801245,0.0008198965241645872,0.0014196170889622106,0.0011684851565489929,0.001004613277930666
2008-05-29,-0.0020620490704088557,-0.0025006963026856788,-0.0026149352885982413,-0.0022901143190304785,-0.0027849571129479056,-0.0026669643031161927,-0.0022360411802455626,-0.003057682402444195,-0.0022133066744146612,-0.0020016008425300935
2008-05-30,-0.000523515180195222,-0.0009456142271238033,-0.0009191207299954485,-0.0006076138680988219,0.0050175607163884806,0.000859511231901644,0.00031039574172031514,0.0050921017047889094,0.0025822526126453305,0.0010910212214585435
2008-06-02,0.0010720236021135587,-0.004811405031916349,0.0002213549980418783,0.0003778847284139353,-0.002298444991889248,-0.0007613177408456462,9.346454626402156e-05,-0.00032848203122537445,-9.194827261438387e-05,0.00032046606128011135
2008-06-03,-0.00012673154995757052,-0.0018353917922371288,-0.0003319165907552657,-0.000183620183565103,-0.0003685914121837053,0.0001849358423133829,-8.50463756951747e-06,-0.001391531398001189,9.138855575607785e-05,-0.00027825412491500057
2008-06-04,0.007741020582792801,0.006983378724159772,0.007049915163272136,0.007623914389056186,0.004857910182122893,0.007300864872264112,0.007454787816322916,0.0035215261840206846,0.005905306998893023,0.007139469896782824
2008-06-05,0.017686655318420508,0.014336345126981787,0.016181054590951982,0.01658922340726776,0.01009021649298747,0.013691000401180764,0.01560893265521357,0.012022254173436941,0.014717381553621234,0.015864403252220605
2008-06-06,0.018457261327619046,0.014320715216929791,0.01657591555651372,0.01747439696091746,0.009249365021041012,0.013874827079034757,0.01618459412563511,0.00800572160931834,0.012910240746097923,0.015710321175505637
2008-06-09,0.0186882912709454,0.017500098294842115,0.018413414043212173,0.01847598236446668,0.01892965707186045,0.018967649609594517,0.01856847555054797,0.01922545866577896,0.01868709439007543,0.018700240549820224
2008-06-10,0.00878679430862972,0.005517594898479583,0.008061215848016445,0.008088915258625873,0.005034113596621648,0.006277793266797893,0.0074478510819195876,0.005414923964198737,0.006722382551554329,0.00739257070766941
2008-06-11,-0.014481805163284123,-0.019595652822754883,-0.015740134213712564,-0.01507761718908085,-0.01702536213394501,-0.015243150960706164,-0.014230909590395857,-0.016055110496566383,-0.01338538796005262,-0.013867929761742004
2008-06-12,0.0051192504062564925,0.004376104121098567,0.005802305900121318,0.005128472149439123,0.002464472320778066,0.003769811230332376,0.0043212449177478796,0.004240347593890581,0.0035069255218473927,0.004321324051609121
2008-06-13,-0.0066544412304707645,-0.0074463529111635784,-0.006138036764989585,-0.006659334165298736,-0.006510375599847573,-0.0060802037642634366,-0.006668884025104904,-0.006923702741695292,-0.006795773369539293,-0.00663851367253232
2008-06-16,-0.007470111646992406,-0.0035369514155145776,-0.006165911942294433,-0.006327017643258714,0.0011905767415483215,-0.0032000406588866825,-0.005251488511710312,0.0005941553522388343,-0.0032712128866425605,-0.0052430318400098486
2008-06-17,0.0013442092761726254,0.0035467958524686427,0.0013021967778032995,0.001500334738447906,0.0041131125809117375,0.0032195433999366863,0.002200975327264265,0.0030582541029722243,0.0011600764748180836,0.001874269721575672
2008-06-18,-0.0032386066314220585,-0.001753853008682027,-0.003587675980271765,-0.0035320708180045512,-0.0030966460552683817,-0.003685136160741398,-0.003775751796093907,-0.004415246730015698,-0.00419125032751122,-0.0038671795529358066
2008-06-19,0.00732971645791225,0.009092449595194063,0.008322602702049098,0.008084064961117132,0.010191338509699444,0.008789153120637883,0.008324192814236575,0.01092092508900766,0.008206061271844867,0.008050219819134785
2008-06-20,0.0021705348573306527,0.0010572005541134022,0.0017899116844593,0.0017409217409269928,-6.326499462716573e-05,0.0014228608670918685,0.0018202149216217656,-0.0011795403405443494,0.0021149518012446578,0.0018920210162303164
2008-06-23,0.005139075599655429,-0.001955077234078284,0.0025169260718322928,0.003806649165649212,-0.0010655430757187112,0.0024921073262553772,0.004030125668823992,0.0022863585721650814,0.003681304488921011,0.004433737471292609
2008-06-24,0.011008211803807066,0.010644347066235627,0.011326171415689146,0.01085195112456594,0.007226094752765144,0.009194466576739613,0.009946322908402472,0.005856999800063711,0.009358702723847534,0.009637889051363313
2008-06-25,0.010340715295236613,0.007848187851170918,0.010573952845081447,0.010746211434181197,0.006531399903393353,0.009236250009202251,0.01024099576530979,0.00906842308015654,0.00994422160273678,0.009995565666976569
2008-06-26,0.014059864849252035,0.01083384196426107,0.013184988999101366,0.014101894192239284,0.013927505956370378,0.01427496762899727,0.014619525532245659,0.013701295247200429,0.014942879907252626,0.014400824282375657
2008-06-27,0.012579248259667386,0.00793154253145123,0.011267125899401265,0.011953236954154178,0.010103036087873996,0.011422680936213458,0.01181590845115843,0.007287831039526793,0.010687502389802761,0.011542650711923397
2008-06-30,-0.012881307951723042,-0.01093277757343214,-0.012352739441838345,-0.012648409111340242,-0.012001870408098858,-0.012884326929129664,-0.012746477185065164,-0.011474352770757701,-0.013210701238020706,-0.012808612479616177
2008-07-01,0.0183771672906754,0.018784143075396775,0.01734188743688847,0.017600757071997153,0.014349344437845968,0.016698675966729803,0.01736657838346778,0.011450729217157951,0.01670898527588216,0.01734847909349524
2008-07-02,-0.0028659858494031187,-0.002431945209102615,-0.002606614334999424,-0.0026074392264457957,0.0008048535135611878,-0.002241928707411245,-0.002318502786629373,0.0029313527793504157,-0.001502519459899876,-0.0019760627822709154
2008-07-03,0.0011796963691648177,0.004444937787078995,0.002289830474426102,0.001971379396437545,0.006525141262346823,0.0036958729698077786,0.0026241132650550725,0.005309492116042591,0.0030645615153737094,0.0023709587813360855
2008-07-04,0.009726811441202798,0.008430417849988325,0.009259089919809727,0.009038529216650826,0.004791411786250421,0.00751707837978266,0.008364111150404252,0.006904126528227028,0.007683495138375296,0.008748062470996354
2008-07-07,0.0009071768295172422,0.0002961755000483457,0.0006143977240731235,0.0004069087118181436,-0.00034477305422542237,0.00031400350754107187,0.0002620147577494514,0.00022668584361618116,0.0001620643165851643,0.0003069137382987197
2008-07-08,-0.02274152289534692,-0.02129842978617813,-0.022522922871484274,-0.022725126098110726,-0.024913117205785706,-0.023454713582723996,-0.02314616469087105,-0.021748120361139378,-0.02329136914317509,-0.02280945815355606
2008-07-09,0.0010901754101007022,0.0043767966126506685,0.0012152653784589518,0.0013610930143133082,0.002786523608919733,0.0014021576243610223,0.0013276824223387163,-0.002405062976105432,-0.0002128756028265677,0.000885820621506106
2008-07-10,-0.012203402495823967,-0.009899561099465437,-0.01160599043304511,-0.011494836511098394,-0.00624690486635282,-0.009619500194710362,-0.01076460076980601,-0.0064142238912680005,-0.008981379153080393,-0.010867462628443958
2008-07-11,-0.006525067898415449,-0.006580185117933457,-0.007104022796757592,-0.006673799796014235,-0.007647756805357786,-0.007512903113654268,-0.006706447797903969,-0.007311392263452898,-0.006832026087896681,-0.006818985438132197
2008-07-14,-0.00585662550413002,-0.00767064876796697,-0.006026286416701221,-0.005803763568885456,-0.002790078012923747,-0.005092811444587508,-0.005212770434745995,-0.001127820786903655,-0.005085999630386029,-0.0051459107631653955
2008-07-15,0.007758456908925071,0.006304202841437068,0.0069390995703497715,0.006992515372505448,0.005764534332881155,0.006598944027558895,0.006900015667727244,0.007697155849748283,0.00675239318277665,0.007156235798497335
2008-07-16,-0.003468592755245803,0.00010276963372435333,-0.002617242957206445,-0.003054390278046548,-0.0012424393224323982,-0.002221566322740398,-0.002759750057706234,-0.00488431055005889,-0.0022825655508751375,-0.002846292690515284
2008-07-17,-0.0034954240580832296,0.0011194843116144604,-0.002353756525592221,-0.00284598021267779,0.001601505078169918,-0.0013305667208620697,-0.002418879920554562,0.003886147854780475,-0.0005622036220352955,-0.0020522988974430723
2008-07-18,0.009597793483844486,0.008468977046577342,0.008980262379352011,0.009500031220145422,0.011123617572108113,0.009512512180219534,0.009624999270830603,0.01154158813199313,0.008823143247765008,0.0094685568845303
2008-07-21,-0.015138267253135496,-0.013324890254214905,-0.01460123487959597,-0.014947080414533298,-0.010513308555509582,-0.013573475951052294,-0.0141829196832155,-0.005356252784389892,-0.012457378593824897,-0.013582943760707233
2008-07-22,-0.010860344099862251,-0.008822634367649296,-0.009866696754584625,-0.010340114857706362,-0.006693345711569765,-0.008929951070620112,-0.009737024950533968,-0.006440483804614039,-0.0085218929432066,-0.009772771736747954
2008-07-23,-0.010546444550105671,-0.006044407859487122,-0.009220213214249151,-0.009834531206948327,-0.003446378730841859,-0.007293798826730424,-0.008832045780322817,-0.00522666203201172,-0.007383605898981682,-0.008641641448498993
2008-07-24,-0.0013210536953567331,-0.0028655633905647626,-0.0016356737915611541,-0.0014836791383836534,-0.0033358949729025422,-0.002247528387325226,-0.0016198824727821082,-0.0028110669388756726,-0.0019350582358607094,-0.0014431111849608769
2008-07-25,0.004731506771324279,0.0013912343235429336,0.003239323896598423,0.004077834365272537,-0.0025087910485517284,0.0012696973872692308,0.0030934576147587656,-0.000890726603596903,0.0014820137851427884,0.0030514581864291568
2008-07-28,0.007662570861082463,0.0047804771651649425,0.006283821642090404,0.007017495163263776,0.003318707733418025,0.005693656999698371,0.006594024821467981,0.005220095650448453,0.005875110092553593,0.006535419418832067
2008-07-29,-0.004890465077013184,-0.005042528639326527,-0.005494387164348247,-0.005240358780517318,-0.0059795331014531605,-0.005683064483850586,-0.005602384237901381,-0.00672206096379746,-0.006434563487652478,-0.0055944881339711205
2008-07-30,0.012217823369929937,0.01030489411826041,0.012314786488886176,0.012495213193906674,0.009027604639290754,0.011573481650835271,0.011778819550295694,0.006761231021624736,0.009965457405447298,0.01097516783497099
2008-07-31,-0.021433803403063667,-0.01927632163053916,-0.02038752431189661,-0.020977543209540706,-0.018492385304595738,-0.020007898910232136,-0.02052481479015822,-0.01869562966419569,-0.02036698938707393,-0.02027831586257678
2008-08-01,0.008168828737742828,0.003965588653500163,0.007160757186530198,0.007712934179726627,0.00854415805240527,0.0077588527554963704,0.007753841457362132,0.0089884678944121,0.008301697004302833,0.007813912674905943
2008-08-04,-0.0015693486195328399,-0.0040349222387721095,-0.001658240879213957,-0.0014655525486623189,-0.006366199998957711,-0.0030800341078413007,-0.0025247463204938203,-0.009089424904185073,-0.004785750732908767,-0.0034797263803474365
2008-08-05,-0.0025202437525091437,-0.0010208337947563706,-0.001617584185634291,-0.0020257226856619237,0.0009798934680800286,-0.0009552465475166638,-0.0016836157078723435,-3.579304861522914e-05,-0.001121948107874693,-0.0018298117790850332
2008-08-06,0.006530256442321969,0.007745259319574149,0.006205549638784502,0.006259164060183675,0.008620806260945857,0.007111844530325984,0.006836665696359656,0.006829069232130669,0.007569938439319079,0.007062710435889574
2008-08-07,-0.014074685648182483,-0.0116103586493852,-0.013044810312330402,-0.013336269115445276,-0.013393479927863439,-0.01285439492836904,-0.01351023724613798,-0.012649392619796807,-0.012758698634305232,-0.013503368104362368
2008-08-08,0.004947696599963747,0.006387449670478551,0.005991246977516518,0.005461744589977169,0.008821625420023071,0.0066826604890914965,0.005934041525093026,0.008430769055026266,0.006353120200320195,0.005763251695915628
2008-08-11,-0.006373840569448341,-0.002179736302550972,-0.005509076723462125,-0.005973055021263662,-0.0028874635557387673,-0.005051575208296688,-0.005641111964773238,-0.004024409369600357,-0.005869942360272051,-0.005768266614896933
2008-08-12,-0.013027686865144217,-0.011151744247977935,-0.012246076851148313,-0.012786661889277351,-0.012095024460889725,-0.012660365100512827,-0.01285478251691341,-0.00919206747470136,-0.01290184310427056,-0.012622256338937765
2008-08-13,-0.010124154089199977,-0.007179826379364096,-0.009198770031239256,-0.009817248009051815,-0.00749130434961276,-0.009048111630796662,-0.009616890477427864,-0.005398734458695764,-0.008449489826305556,-0.009223690681016694
2008-08-14,-0.003328508195380886,-0.001402301894784852,-0.0026192194924272716,-0.002994404860060307,-0.00032201617012361794,-0.002593712639972212,-0.002869792229826418,-0.0014783981013243297,-0.0027299256548336537,-0.0029833128992460267
2008-08-15,-0.006647172281319502,-0.005970110471284595,-0.007054024452625485,-0.006681882637341818,-0.0055346359927638256,-0.006292429627715812,-0.006596664802210661,-0.006637638336096541,-0.006623717323621436,-0.00663044086154474
2008-08-18,-0.004477510787444183,-0.004311389523669162,-0.0037148270912671366,-0.004373977078896196,-0.005089975949635006,-0.004801453248466814,-0.0047692818270442805,-0.005751008669105384,-0.005215878112245109,-0.00503466765131888
2008-08-19,-0.016727757349701666,-0.01393541393471498,-0.016560693240985414,-0.016558730068768845,-0.014959809776682986,-0.016283425977722255,-0.01648335640451959,-0.012051336848491134,-0.015479975972648385,-0.015879741014010573
2008-08-20,0.008498668146982302,0.01009251394533428,0.009800562524312495,0.009064200151285284,0.012003350828587944,0.01096834877151398,0.009462697066014325,0.011520113830055134,0.008848172459869241,0.008880229442118193
2008-08-21,0.003153368367060816,0.003257628629428355,0.0033371986853185653,0.0030267474408423034,0.0036629123589881907,0.0033668909583768336,0.003190902918890126,0.004607893498681959,0.003567390834207318,0.003528217189375349
2008-08-22,-0.0013181449877414098,0.00349967713343613,-0.0015386269027173327,-0.001121985728740782,0.00390777089567651,-0.00039163814727338764,-0.0007551382535584406,0.0039436919871511655,0.0001588332638307044,-0.00041727738147723237
2008-08-25,-0.013507655979280164,-0.011870685923578206,-0.012505587187764622,-0.013070323938766393,-0.010022300642724469,-0.012622687166908841,-0.012999650193085244,-0.008177027226471956,-0.012560814659180797,-0.013117438780859914
2008-08-26,0.010128466627519428,0.003184167129037796,0.007909399661815364,0.008615259047973334,0.004407488166434881,0.007623851527133629,0.00873616327596416,0.005403728437579414,0.007660667047489467,0.008978386532813465
2008-08-27,0.0016960615958612202,0.0014036170076008325,0.002511554017946338,0.002064947207806256,0.0016912672461795175,0.0017946853042183353,0.0018169681478774624,-0.0006562321077723254,-0.00036446774957021866,0.00084357727099027
2008-08-28,0.010217992607894688,0.00509603287921867,0.008678347415207233,0.00923435904093406,0.005236646663805633,0.007827652357859982,0.00883106886196905,0.005053635310398263,0.007474435014385161,0.008566445216489305
2008-08-29,-0.013427098486638256,-0.012183337793657434,-0.012807223511892118,-0.013057177821772514,-0.011539695649180892,-0.012557303830947997,-0.012861588457049766,-0.01051555226901979,-0.012371394080599285,-0.01277696961169128
2008-09-01,0.005534339763016094,0.004511105259480619,0.005203036084418189,0.005096427403825654,0.00429262861267965,0.005037806777476783,0.0052604803941689315,0.000904859265973279,0.004798001106063765,0.004904811257588904
2008-09-02,0.011922684881846779,0.009389392600080981,0.01023156254918045,0.010846761554157869,0.0081583781017458,0.01044794197224519,0.01107650251167236,0.00701802085081904,0.010168378943882672,0.011528395629874844
2008-09-03,-0.002495882824971707,-0.0009463787158292547,-0.00134847962609419,-0.0015401806762526116,-0.0009979902578588495,-0.00039961712796166005,-0.0011537846221467696,-0.0003468436441385059,0.00021889714984335562,-0.0010705400059248804
2008-09-04,-0.007649272867419787,-0.0027480141365262556,-0.006925546528844473,-0.0072332229811040705,-0.0024810922482058073,-0.0053264003618531675,-0.006617269248202162,0.00039884927753419674,-0.004244800041559693,-0.0057120279849756095
2008-09-05,-0.005553410807720205,-0.0039291544100636955,-0.004986987438246215,-0.004935998553816878,-0.005265886043818613,-0.005214427743297945,-0.005070871886706629,-0.004866029537586747,-0.005288168473692845,-0.004963869762971362
2008-09-08,-0.01388712811279813,-0.013037048427132603,-0.013225749121710262,-0.013516014631659967,-0.010415469592456539,-0.012543874195960703,-0.013376731536913988,-0.008799305288234582,-0.012882284319638893,-0.013361938084703873
2008-09-09,-0.015485990978588826,-0.011774978090435706,-0.014029120595241529,-0.014794379145289471,-0.010169549681438239,-0.013742390100337731,-0.014868593606607083,-0.007049794271086318,-0.014096460141361344,-0.014869477504320328
2008-09-10,-0.006716784675180776,-0.0022580379959662444,-0.005116573539447167,-0.005770768498388645,0.0007687165069882873,-0.003955361225191689,-0.005482829754442919,0.0025284723589968916,-0.0046553771835293745,-0.005365487587122186
2008-09-11,-0.006136778880140525,-0.003977466858964496,-0.004933520672896319,-0.005601867831764862,-0.003426062632732707,-0.004991135691514104,-0.005638883478960022,-0.002975958315794225,-0.004787631915373236,-0.0057047254667071945
2008-09-12,-0.00671685932456989,-0.006137148821220073,-0.0063060036390220064,-0.006732141189322416,-0.004829093646975813,-0.006343851387472399,-0.006670186773747755,-0.005989594123964048,-0.00663361690592168,-0.006768444911603
2008-09-15,0.011092583610546436,0.010198339526939826,0.009938295043990575,0.010367131368570703,0.009937392797234157,0.009319246738519915,0.010070740206739925,0.010870929186865386,0.010654777300376672,0.010659637156263502
2008-09-16,0.002894644929676282,-0.0009340152960093384,0.0008859794409450394,0.001815490348010762,-0.00378075817274115,0.00011306054207294025,0.0012551820678532444,-0.003249868626093999,0.0012237980371290202,0.0018238007266189182
2008-09-17,-0.002817466790936418,0.0013571966562331284,-0.0018527739461950965,-0.0021839411059005887,0.0012609323404664252,-0.0006086097786006661,-0.0017872446534145103,0.0010745658163344718,-0.000993256151745836,-0.0020011401217223668
2008-09-18,0.0074734048271751785,0.005855246150352267,0.006559564268980855,0.007002307513625183,0.005463280863591047,0.0063841009790281955,0.0069503135014732376,0.006104152950857866,0.0065159844819617785,0.006983393706701424
2008-09-19,0.00030918297851734167,-0.0017732160413884701,-0.0010930335952172854,-0.0005185089256775077,-0.002059419053675904,-0.0015471916839628896,-0.0006703174832508596,-0.002490952251668288,-0.000998550144584609,-0.0004520029426708927
2008-09-22,0.01724317999005609,0.012706815452781628,0.015567981632829131,0.01637551394573511,0.009835045697610845,0.01404003944887866,0.01581667506241491,0.008386522576440791,0.013284566762685746,0.015180208951272256
2008-09-23,-0.0028355267235964376,-2.649351542394207e-05,-0.0017006386425082454,-0.0019901714246931546,0.00013899442175069332,-0.0009397452957201624,-0.0015621775975397378,-0.00023733661630342962,-0.0009034085340424713,-0.001211880360145079
2008-09-24,-0.006770729212461024,0.0006100445788119746,-0.004602468267390969,-0.005148210313522195,-0.002865104377858141,-0.003826365560240408,-0.005010950307432038,-0.0032583075470816736,-0.00414117965711569,-0.0053166043215368
2008-09-25,0.0006439929313672987,0.0013135726223023614,0.0009049932879556799,0.0007243363831772598,0.0013274758191379465,0.002109048171133665,0.0012510646723273844,0.003989347819579381,0.0034386512771824584,0.002282633898222697
2008-09-26,0.013239119898850849,0.00932724095683346,0.012213692015069277,0.012532344454851962,0.004636253067992202,0.010426144730705023,0.011879724090265498,0.004428180355477984,0.010368983294178236,0.011716162314913348
2008-09-29,-0.0033762710087545944,-0.0016403426426825352,-0.003003862457417128,-0.0032183127439253667,0.0006791872844706948,-0.0015233332894482032,-0.002470162527708819,0.0010888279270722112,-0.00132385393577239,-0.0023821672327243304
2008-09-30,-0.007494059608109005,0.0010896462059957202,-0.005598038194938093,-0.0064925108658839825,6.46716890675414e-05,-0.003373473980733399,-0.005581756363056689,0.0021981053176149956,-0.002891822160536961,-0.005078702529179524
2008-10-01,-0.02136599776079795,-0.018049072157784174,-0.019406968434838023,-0.020333718984355875,-0.013883883094479632,-0.017326399999771147,-0.01914039133368539,-0.01222203368947572,-0.01615650364169574,-0.01867745892921069
2008-10-02,-0.005066043906995388,-0.007310992453915532,-0.004292022371308879,-0.005001318130278487,-0.005122047602337698,-0.0054115726411148035,-0.005254633403600106,-0.0038856155098689893,-0.005304978694234741,-0.005353028258538117
2008-10-03,-0.005848898968832894,-0.004840653040942722,-0.005093651149189915,-0.005255159554118483,-0.0050650380721452,-0.0048863571540411765,-0.005060022445075751,-0.005792610312202351,-0.006015904381403647,-0.005538259842700399
2008-10-06,-0.004557459233482275,-0.005373498940225763,-0.004302954268601833,-0.004367492018765073,-0.004476919271002022,-0.004829377336997398,-0.00455595605482273,-0.003394014733955064,-0.0036493885221458022,-0.0045081571312175495
2008-10-07,-0.006348842475031868,0.0012521087091632577,-0.004231608623525451,-0.005252815432724933,0.00011738086966550654,-0.002903898153737816,-0.00474902799279775,0.0035176554545237604,-0.0022475555201046937,-0.004434714736859857
2008-10-08,-0.006780859330955069,-0.005260112523973959,-0.006160208442983706,-0.0065866094120017316,-0.004836762533176775,-0.006347865664484975,-0.006672439805675112,-0.0060083585616712565,-0.006429811509083727,-0.006705898573756919
2008-10-09,-0.005496597631360567,-5.7964977739466406e-05,-0.004717899483575705,-0.00528830777339373,0.0029937568588702668,-0.0023686793965972397,-0.004316551146199332,0.0023182790405276155,-0.0018218623982881876,-0.003937949251455519
2008-10-10,0.003210282746398674,0.0014802221148415562,0.0025077313814092506,0.002807074859664027,0.006976941710708617,0.004384152486349047,0.0032620673171894765,0.0024807546766287825,0.0027506686851603845,0.002715587981458434
2008-10-13,0.005110230977865671,0.008897522495055377,0.005954045118634399,0.005650975859956775,0.0053818354765371446,0.006182942705547756,0.0057348308261711,0.008099227440599321,0.006212500446634683,0.006117011341005174
2008-10-14,0.012226249858725113,0.0075713079495736135,0.01082114586586247,0.011829647323893022,0.007913583160176874,0.010700509622845411,0.011657816067984994,0.00659934687549768,0.009425633368080444,0.010801425368657025
2008-10-15,0.018497909872613683,0.013890652385948776,0.017199642849569985,0.017664691795401755,0.012201607513250057,0.015465124690596133,0.01700166475641751,0.012277656623816302,0.015417056357396097,0.016751797666939572
2008-10-16,-0.0060955559131610215,-0.010043510798659283,-0.006336630903436502,-0.006268148172645094,-0.01142489282326975,-0.008194876488028968,-0.006869739816173337,-0.010218369188156107,-0.0076956873942573,-0.007024748446828766
2008-10-17,-0.002975312527866425,0.0006753109128676549,-0.002205290463085152,-0.0023915263761934424,0.004245388256316485,0.00010429712912629618,-0.001410073958139746,0.005581839056497007,0.0009979730903153516,-0.0006762295186988343
2008-10-20,-0.009687270486880006,-0.005563878164709157,-0.007933382145176138,-0.00875739364075001,-0.005370693277896965,-0.006665054078882737,-0.008106595774358905,-0.006592923169405407,-0.005905205413270442,-0.007671915658226003
2008-10-21,0.0075628073102993465,0.008800234953626251,0.006359276224512156,0.006983283895099612,0.009096661140950868,0.0074357000411553464,0.007138852412917673,0.005276523972796099,0.006460361934101044,0.006788394598923775
2008-10-22,0.022844741156905046,0.014863541107676737,0.019553926683631317,0.021274315672314303,0.010915500809631107,0.018151412185196447,0.02004306822949853,0.011588469786412814,0.017456767248869465,0.019605392653961884
2008-10-23,-0.00036925038498425433,-0.003330512680029485,-0.0012177614657408187,-0.0008242058159252386,-0.0049432430933179505,-0.0022441193683410132,-0.0013576529864596232,-0.0026381750528545744,-0.0019501777417534338,-0.0011499983828430205
2008-10-24,0.0004669274265285406,0.00044930963794498346,0.0011194469517354921,0.0009969671613354603,-0.0013692216642993138,-0.000589942095919116,-1.8522169987988946e-05,-0.0028596797222574244,-0.002001639688022472,-0.00063676087410236
2008-10-27,6.437938151204747e-05,-0.0071119055285820965,-0.0015630999442978188,-0.0006906669774698893,-0.009851173235916777,-0.004303621174936101,-0.002047346666127492,-0.009823620102285657,-0.004482755793177473,-0.002549663870491936
2008-10-28,0.0099689493262749,0.00742718960976152,0.00950137380137539,0.009511653503672113,0.0032220270362348646,0.007293815076710342,0.008458859842378708,0.006399744114300221,0.00745514668812608,0.008627202989346605
2008-10-29,-0.007805588274457431,-0.002888048955097977,-0.006079779427983767,-0.0067672932597535596,0.0007826846785854435,-0.004424659716175672,-0.0059724070227572534,-0.0014734003216523295,-0.004882481377155745,-0.005937642027491363
2008-10-30,0.0008165154216246417,-0.0003603621875438723,0.000997798876087863,0.0008947311186655593,-9.366006817679295e-05,-0.00031787735264754424,0.00036280235425079077,-0.0014595256544769342,-0.001025104053091086,-0.0001833000140680774
2008-10-31,-0.006981020859508691,0.003182753762503987,-0.004250622164466922,-0.00561515353685893,0.0023316662442891545,-0.002013690693429382,-0.004307661181247813,-0.0005240153742024356,-0.0033864902367145566,-0.004534637945854625
2008-11-03,0.0001576201301238811,-0.0033041682454667543,-0.000626721525917473,-6.149322553616887e-05,-0.0015592202454421944,-0.0008219783982885698,-0.0003368444714079155,-0.001467181893187397,-0.0006350979797302703,-0.00044349513733576984
2008-11-04,-0.009204353345096727,-0.008810940238714537,-0.009004256885532413,-0.00907245937189094,-0.0019629497259787687,-0.006146437834949059,-0.007975474623358458,-0.001363912456399774,-0.005699808945780371,-0.007197921121159578
2008-11-05,0.005398057093944919,0.0074363519402167455,0.006320061466933868,0.005755053712071634,0.002770955523945462,0.004630224685263862,0.005099743900226716,0.00331900567570953,0.004866564151193575,0.004873811082900081
2008-11-06,0.004435439646896633,0.005859615994860512,0.005046358591978661,0.004685591133172906,0.002324156775040276,0.0028860497499592075,0.003847121119102237,0.0014463869130736384,0.002521985175677033,0.0036244730024117544
2008-11-07,0.003718265284321731,0.006947292083059109,0.003853010677168589,0.0038285775553963397,0.01016478842103874,0.006560899063160042,0.004922200785743458,0.00831460806527673,0.005744012951923949,0.005233744722503264
2008-11-10,-0.00584054203062756,-0.001947039193882949,-0.005054021103836126,-0.0053620191499323955,0.0029094458365690468,-0.0009658291999660173,-0.0036921588636602554,0.003358819088764786,-0.0009433124812098237,-0.0030590789413219577
2008-11-11,-0.004356337042861647,-0.0060190594221527505,-0.004237381555338149,-0.004246880703163813,-0.008133141727249549,-0.004651109135715981,-0.004271617508656567,-0.004222961837387906,-0.004046860600296687,-0.0038889367283474474
2008-11-12,-0.00298790498604673,-0.0036075256113292653,-0.003632373402669531,-0.0032617316014569298,0.00018765275464338593,-0.0018486417833468716,-0.002875412004140987,-0.0007487208737202433,-0.0017947106154165837,-0.002456879567774184
2008-11-13,0.0042077436627450115,0.008904951852741094,0.005358186788678276,0.00486504777173602,0.011495326695254882,0.006330030513084672,0.005183849099433591,0.010173021935302007,0.006167223394035304,0.005382962999010976
2008-11-14,0.00707497078459407,0.0015960636610421464,0.004968664320131877,0.00601299335254879,0.005506805516271029,0.005079328004407024,0.006025736686271932,0.004357779986429833,0.0050319105933818165,0.005902565843967533
2008-11-17,0.0032398657317533885,-0.00038951561796563006,0.0016697608486921922,0.0023608351786741366,5.680360767756909e-05,0.0020025425543674924,0.002560158961659731,0.00447156318719566,0.0032323103564793065,0.0032546248851008652
2008-11-18,-0.009962250808075779,-0.010289963102497413,-0.010157841486904684,-0.010029595862219964,-0.011260399914308383,-0.010164743480097771,-0.00996169729584695,-0.00890273400100483,-0.009746428535224672,-0.009734082999867333
2008-11-19,0.003736501544636228,0.010826127830918963,0.005644144408515128,0.004691954723755831,0.013549116257511873,0.006361003057089087,0.004887279825899649,0.006985088890182789,0.005461813203406551,0.0044570581414915544
2008-11-20,-0.019822214370980418,-0.020080611470334797,-0.019639218557182314,-0.019770012833586592,-0.015476885629647552,-0.017806367808655632,-0.018707447951027523,-0.009970898565693886,-0.01527011233658837,-0.017336206337420168
2008-11-21,-0.009363741510259649,-0.005391300320453096,-0.008117676910091909,-0.008835104788617487,-0.005475828351709788,-0.00797113047076392,-0.008417585694570962,-0.0053033585051041054,-0.007002063864448793,-0.008019012909234124
2008-11-24,0.002318110898595682,0.0007980825624502863,0.002016471174173695,0.002240724206100886,0.0022389574332066786,0.0016386234995156013,0.0016903932109635367,-0.0016809141043145903,-0.00017181746872962922,0.0007242803827354205
2008-11-25,-0.011590915309801053,-0.013231963172111616,-0.011586178180295503,-0.011359998636758739,-0.011181727226620697,-0.011994074801036536,-0.011338978691118995,-0.01343695958374913,-0.01201193518292909,-0.011859519456216994
2008-11-26,-0.01080561448928119,-0.008630831501372338,-0.010146476028678575,-0.010466210553137456,-0.006600832513039112,-0.008622879233428749,-0.009580829319523088,-0.0020208755145663115,-0.007368392668566814,-0.008316072370118888
2008-11-27,-0.01383222989361188,-0.007311559267569212,-0.012005869337365693,-0.013127400924292987,-0.010367561920777701,-0.012540363980097169,-0.013360206569118405,-0.013062954859031306,-0.014101907447176099,-0.014042998605360735
2008-11-28,0.005071946736207478,0.005209165828401696,0.0051773473247573865,0.005286005683193373,0.0019353213569666128,0.004004614637292514,0.004638112433099417,-0.00036412941473562555,0.0022455906485860933,0.0038846350934380602
2008-12-01,-0.009673552674249963,-0.009348369435479675,-0.008769795426653348,-0.00913861549989703,-0.007907114754040712,-0.007913909812449216,-0.008743701490116718,-0.003514209600432472,-0.006991992142007186,-0.00767497967350117
2008-12-02,-0.012559170683010934,-0.013732529755757117,-0.012062448689879823,-0.012271670800382939,-0.011905163204733116,-0.012050903761884113,-0.011907931155946128,-0.008978689602819667,-0.011837830335855726,-0.011400342880853787
2008-12-03,0.016317470670273115,0.011623141802735937,0.014792286358884077,0.015769313940066088,0.01046913914162717,0.01365807848792655,0.014926082347829883,0.008648739852862297,0.012685897219330666,0.013947829097091802
2008-12-04,0.02059244324894971,0.020381060332222978,0.021184287664713475,0.02080611308522551,0.013318807195435545,0.017568633041379345,0.01904251533583734,0.00990151917908011,0.015166523414006594,0.017321947530929416
2008-12-05,0.02144330979650788,0.015273035562368475,0.019016965806960773,0.01999682045106077,0.008326112217555526,0.016215558861720325,0.018707109930831134,0.008165274792894195,0.01622078852010511,0.018357618793440222
2008-12-08,0.007533789070768515,0.008921981413229085,0.007860180299694708,0.0076177102612309255,0.0025286776574233727,0.0035658730235785807,0.0052226271023188,-0.0005982434199683917,0.001945619060963022,0.003841809720221079
2008-12-09,-0.007905561853954857,-0.006814107836918271,-0.007279282412466892,-0.007746213364110632,-0.007302822346912707,-0.00700197607471531,-0.007388024461935427,-0.0019560853682298873,-0.005309513555324941,-0.006287741543159697
2008-12-10,0.0036456466606322735,0.004173433774438573,0.003791820992762318,0.0037696761746246477,0.0060069902443620204,0.004505712370963755,0.004003938853714306,0.0063783235448751086,0.005234961110863967,0.004469728732238831
2008-12-11,0.006086313747145633,-0.001423888923898664,0.004093800261097291,0.004971912024710257,1.3669255724213514e-05,0.00325670650076737,0.004432195938570027,0.0025712247358655738,0.004062923208636882,0.005109268782273357
2008-12-12,-0.025244917699406066,-0.017117350647546825,-0.0220334912923964,-0.023939048675590713,-0.012658562070059776,-0.0200080322051992,-0.022655270815443163,-0.015946981517305225,-0.019843965411968312,-0.022994797872954997
2008-12-15,-0.033760660904921136,-0.02832058647516633,-0.03147981888918394,-0.03279993262233594,-0.01765924475623515,-0.02583981465282803,-0.029351297677506327,-0.01551882880207378,-0.025431657935581553,-0.028034437761748965
2008-12-16,-0.01131830612768947,-0.008607495491531059,-0.010584714659417127,-0.01081184668673818,-0.004970683630247663,-0.007229509755666719,-0.00851292454901087,-0.005246371388550997,-0.006447357858994973,-0.007602852912326985
2008-12-17,-0.019197116482172927,-0.01556288534791006,-0.01928722500957225,-0.01943817154080585,-0.009566801151515536,-0.013078593647498638,-0.01583321012565686,-0.006999826600706416,-0.010880497589313198,-0.01382985104583001
2008-12-18,-0.018120506588097496,-0.006410809560956521,-0.013592198614912121,-0.016167908552839227,-0.0002820395478728699,-0.009747861211342745,-0.014120864374354336,-0.004425369354939757,-0.01148807971577992,-0.014345589143573312
2008-12-19,0.005365431891627193,0.004894317397577952,0.0057281834834150835,0.005595029778081795,0.003577680405885575,0.005447818123546888,0.005456483686285374,0.0030554934752651253,0.005042968371512746,0.005684965589198621
2008-12-22,-0.009111126505253586,-0.0054269795646182395,-0.0070069564838987075,-0.008070234358932282,-0.0023906752189063463,-0.00632011150224665,-0.007897618434071108,-0.003464676290453106,-0.006607653412320502,-0.008113194748987751
2008-12-23,-0.00032031186761616315,-0.0036657097623744583,-0.00010817387612360729,-0.000299576577615035,-0.005845362602862725,-0.003802358783803972,-0.0021103206859096613,-0.005220238247984232,-0.004315363177369469,-0.002671195537332638
2008-12-24,0.016196893234794008,0.015237125408717134,0.01568817550677748,0.015935920212072796,0.005867665647379505,0.010313963363937972,0.012520638877907997,0.003223333824839081,0.007753137312387137,0.011094126395989612
2008-12-25,0.013920682071342005,0.0018430402878659713,0.010401526128975158,0.012104992989556251,0.0023303125037448247,0.00633827879569937,0.009881202838626368,0.004456444033180684,0.0076256556313065715,0.009244350766748122
2008-12-26,-0.005839770993830595,-0.0021782379588757284,-0.005221027832436942,-0.005449668117285977,-0.004954153089845814,-0.004066474554196398,-0.004418341530286862,-0.003647903350879611,-0.004835717612428736,-0.0034953110062091453
2008-12-29,0.002406505346362664,-0.002588331918330966,0.0001093624733889964,0.0015625368257881078,-0.0008957867436840683,0.0003837366758123739,0.0020274579095782563,0.0010028088022846493,-0.0001308484405354582,0.001785697890833049
2008-12-30,-0.01758996852006245,-0.013921231740242734,-0.016564704895539517,-0.01721501235438505,-0.01400891335088783,-0.01556524343292165,-0.016714145730013064,-0.01472359791277611,-0.015690343595695544,-0.01638488196104726
2008-12-31,0.00787979849629683,0.0014650912054348098,0.005927257866197966,0.006987917737778959,-0.0008755705410501413,0.005394351191461144,0.006873319635501973,0.0012140573066576898,0.005603888518281641,0.007077812990611276
2009-01-01,-0.014176132935504238,-0.00918534079247324,-0.012966329968360446,-0.013521491655936302,-0.002413106708711199,-0.009061882475660532,-0.011312007481861008,0.0003538068618245127,-0.0059541474335824685,-0.009786513785289275
2009-01-02,0.006639526372711035,0.008302964509632638,0.007180091725207172,0.006718313692421596,0.0004156039157918734,0.0038948426667684277,0.00497657743376001,-0.0013938877392523086,0.0048911738009027594,0.004569079388863084
2009-01-05,0.0034766799553795913,0.008115917085102176,0.005473095349300516,0.004451386795652823,0.009372723110325332,0.0063783228850273765,0.00478517930103961,0.007561367764314708,0.004870128732873402,0.004408693863459323
2009-01-06,0.01003968252330334,0.010318272073096324,0.010232385774928243,0.010104515577896489,0.001756858557167229,0.0070364884304359165,0.00869805862319728,0.001313719592256568,0.008016540510356052,0.008823965448990112
2009-01-07,-0.013991505523090697,-0.008153149425361939,-0.012233708445037572,-0.013316288200274085,-0.0071268005786157,-0.01060962658601361,-0.012371389996626236,-0.0065748555204327985,-0.010062199639343627,-0.011811883734992201
2009-01-08,0.03334383458749124,0.02548661819846787,0.030859921597595097,0.03180478772646289,0.016800131750446257,0.025767846731732158,0.029395591561987677,0.01844591101606685,0.024420057875997214,0.028970582214930207
2009-01-09,-0.020981691730662666,-0.00983477245033626,-0.018077344939734785,-0.018918121172597835,-0.00239680561910971,-0.011428711302282846,-0.015918060364166098,-0.003917181304994299,-0.011474498171419656,-0.015526612056616873
2009-01-12,-0.01779708039715422,-0.013019953462732659,-0.0171356444061318,-0.017502322128081227,-0.01261696996239614,-0.014452849274905977,-0.015784147061469023,-0.011796641102590044,-0.013166895114620658,-0.015177908494648285
2009-01-13,-0.02346503570491587,-0.014919661743342694,-0.021618694789947157,-0.022344736787137,-0.012952655007607783,-0.017067502196966067,-0.019783088825799378,-0.013018541707201736,-0.015943413219189795,-0.01916502937210418
2009-01-14,0.016371181720050254,0.015399138306849691,0.015386254712119962,0.015630910132969245,0.01891242866776688,0.01590485418877985,0.015429595580211508,0.01988326046527278,0.0178372675464733,0.015999089174563608
2009-01-15,-0.007869896581110036,-0.006671638117237366,-0.007725089768405802,-0.007922559301971166,-0.0038656646174182185,-0.005740697284152829,-0.00656128018155544,-0.005143587163790597,-0.005583069040068445,-0.006655063233938385
2009-01-16,-0.014818554045755272,-0.016722837107397526,-0.01675540955299648,-0.015338095951122455,-0.013408663597376691,-0.013523400385933138,-0.013314138766355565,-0.009439812903410116,-0.011310125638580582,-0.012488746871934464
2009-01-19,0.008396278441060279,0.002822755154276768,0.00715211404320093,0.007674353854503435,0.0052246322820383995,0.006331770278543036,0.007347378166692842,0.004192746263085301,0.007335842255568048,0.007404472246094862
2009-01-20,-0.004572570738254567,-0.0019009947803680927,-0.003243194488511625,-0.0037179469056214387,-0.005711513808284163,-0.006275232517066409,-0.005729914044606987,-0.010635268115210206,-0.007909623581391023,-0.006538805794109259
2009-01-21,0.001721704727140283,-0.008632303169030187,0.00041094403441599425,0.0004895919089669132,-0.0125906308527155,-0.003920185321771741,-0.0010920031476510106,-0.01092440596059141,-0.005107656372002944,-0.0016171403427835962
2009-01-22,0.013096691221063272,0.007395340359287905,0.010791102049332979,0.011805731459283209,0.004262684176514542,0.009333182298651987,0.011042873630149552,0.004109355273424153,0.010280614583078718,0.011046760708053327
2009-01-23,0.002484550309379552,-0.0029585994019446504,0.0004174079205352399,0.001754049640374955,0.0004065820385170671,0.0010773881843719746,0.0018516066389511199,0.00257669719653153,0.0015662676274434961,0.0018427760750925337
2009-01-26,0.01154927558513319,0.009958782050238701,0.01076577429579606,0.011150681934511741,0.00642855762442629,0.009166217477363903,0.010068428270705088,0.005014365388773534,0.00900142459734865,0.009685340742377146
2009-01-27,-0.010934788724363376,-0.0038053923488128305,-0.008650100076538325,-0.009738946704872076,-0.002894028266575699,-0.007478439132772463,-0.0092733732309066,-0.002616642184937179,-0.00806979190155166,-0.008856948128725173
2009-01-28,-0.004067035229401883,-0.0016671579606889475,-0.003611982823691795,-0.0036172223857547925,-0.004820840026439122,-0.0052525541824207655,-0.004640140406484861,-0.006066494127996869,-0.004801396970513516,-0.005010639928634042
2009-01-29,-0.015814016705291367,-0.007451377798360914,-0.012772844691621765,-0.014301715198007603,-0.006728785678663196,-0.011075805795959348,-0.01336002850708684,-0.0076321420910812066,-0.009854444446137256,-0.012863468698619873
2009-01-30,-0.016038435743933155,-0.009938081018293854,-0.015005896651945516,-0.015244211162397492,-0.005105640959189639,-0.012668787629185663,-0.014217731875920903,-0.0071287690646534285,-0.012813277397429212,-0.014140333151220208
2009-02-02,0.0026455779349310315,0.001533451114643869,0.0017593626965197728,0.0022595570526648956,0.007292217104259979,0.003820556144461973,0.003347219782106725,0.006106238038679157,0.005037898165955346,0.003338018389838604
2009-02-03,0.011282146602578313,0.003927364979890102,0.008027362528007842,0.009416337323327806,-0.0005156677347047944,0.006461882996020352,0.008788827504167651,-0.0009705290134217615,0.006883883657987866,0.00862251468080144
2009-02-04,-0.007715214079673904,-0.008903246895218708,-0.008854407477284276,-0.007795302964300421,-0.00397479133296863,-0.007052358941852077,-0.006973454744954366,-0.004255963435477961,-0.00496083535117986,-0.0066465690171638725
2009-02-05,-0.018400736609824442,-0.013500002222392782,-0.01591999676490663,-0.017021969571609175,-0.00469336861019376,-0.012139114009700913,-0.014642475023622592,-0.0044891929607562275,-0.010167505118074183,-0.013952846439472255
2009-02-06,0.009565417584677549,0.0073433553488457814,0.008962797501803399,0.009122695524369062,0.007438690803800663,0.007357276471148255,0.008021863269680907,0.007487787882257901,0.008134522468554062,0.007960714991777529
2009-02-09,-0.010226741334904088,-0.011758669618933792,-0.01041800380235669,-0.010169485427302893,-0.010304776116237147,-0.010782949456143553,-0.010756250432922387,-0.010342448604453436,-0.01119525527801124,-0.010944980072805977
2009-02-10,0.0025496390469492702,0.006849440737386248,0.003929118593021919,0.002943621237948779,0.006868435822441343,0.0049911748620545815,0.003588223648183897,0.009137410861368434,0.0050444345206419605,0.004381781826619635
2009-02-11,0.0193692810873205,0.021388863764474575,0.01956493909667234,0.019048716842481106,0.020413612618048527,0.019180697109554057,0.01918904389009457,0.01863451770049185,0.020117412536239332,0.01938186113967344
2009-02-12,-0.016480259215627013,-0.009881404374559422,-0.013481845579148555,-0.014900072275609078,-0.007399738202558237,-0.0117169529468506,-0.013913173357817277,-0.007954740750751199,-0.010810227916757786,-0.013360426798186609
2009-02-13,0.018506221864757366,0.015236474205551298,0.016379741530673453,0.017433213053472896,0.01515960214180323,0.017325711723854553,0.017162481800250262,0.014504245992963849,0.018445548602096906,0.017649091010585538
2009-02-16,-0.013292272589978116,-0.013844187260407592,-0.012007850676132859,-0.012412890047434288,-0.010709149410689234,-0.011894341710842249,-0.012231531908992066,-0.008470466532563226,-0.013217496726366962,-0.012692770702884881
2009-02-17,-0.01749494878781488,-0.017263105640784593,-0.01745527169199723,-0.01716236873486332,-0.007707516737426312,-0.013425830010281414,-0.01522890128003307,-0.006885131878623385,-0.012639900775326729,-0.014791972044202462
2009-02-18,-0.012624015227811536,-0.012346352425117058,-0.012647645231278482,-0.01227472144582853,-0.005214172374165105,-0.009795911798449852,-0.010977336503321111,-0.003907698302154872,-0.009555139551098213,-0.011068432792424199
2009-02-19,-0.004507246802171627,-0.007487640033198462,-0.004836512977759666,-0.004254005501032054,-0.0017736462411463982,-0.003329093012849116,-0.0037097122123161963,-0.0013800944428279394,-0.003357308953744198,-0.00405269240063344
2009-02-20,-0.008147973016289223,-0.0009765407692143846,-0.0058765819698427535,-0.006780375263692795,-2.0648954572877187e-06,-0.004063383048437341,-0.006094215554607096,-0.0025271122154642,-0.004104097684423436,-0.00589363959360012
2009-02-23,0.010500537743880267,-0.00010702703095177846,0.006866177077121893,0.008663457397475094,0.00036308337581481,0.005857265554329416,0.008052736644278635,0.0016013486248713793,0.004379504039520921,0.007393296646184266
2009-02-24,-0.003642082072885078,-0.00307565622092576,-0.0030610099191001883,-0.0034162185053704386,-0.002487035308301744,-0.003098544414004034,-0.003463828842893202,-0.0019082743938020341,-0.003456105906514906,-0.003559324766107763
2009-02-25,0.018700730527217102,0.005227156827597446,0.014264559361524931,0.016255105564126238,0.006113144968542983,0.013128122910921247,0.015695738410692828,0.00558848330563988,0.013246305471250164,0.015476988756996546
2009-02-26,-0.004756467994846525,0.005133813211906757,-0.000767868522402182,-0.002952027764300702,0.0008937348489315156,-0.0016959169341235203,-0.0026506088903778258,0.0006516401476255318,-0.0005967990010778967,-0.0022066791056812862
2009-02-27,0.016258942317582736,0.011088230572081859,0.015250623604746716,0.015038459136389681,0.008447710138957287,0.012136659292672158,0.013565239998265533,0.008044539076183188,0.011308480346448935,0.012982618663183176
2009-03-02,-0.01371031366840847,-0.005548101906716729,-0.009991328859417337,-0.012227992289314593,-0.007220487870679415,-0.009760656310568216,-0.01133725228743021,-0.008976930030308639,-0.009328963105862176,-0.011422090366418836
2009-03-03,0.008747268213178838,0.003967542780540345,0.007162928632485688,0.0075599263302521535,0.004063085689882451,0.005930826723310245,0.006962294556641879,0.00525231504566781,0.005609683010775468,0.006637891022689635
2009-03-04,0.002865407275380427,0.00027833533314414183,0.0017095865564380475,0.002118116015167981,-0.0027761989214251104,-0.0005705919853967734,0.000830265508982464,-0.0025687649746762853,-0.0008574930941199765,0.0006114915064987514
2009-03-05,-0.027616593300821002,-0.01751203493038611,-0.024098140773485266,-0.025496925322126662,-0.014003807083120767,-0.021123100896047964,-0.02387085479649753,-0.011947936401017323,-0.020452524579750997,-0.023455183905419563
2009-03-06,0.010673208651782895,0.0029890734682898046,0.008894610493149546,0.009509871580196005,0.004711164593332873,0.008360153791303393,0.008980424287791111,0.0035721802631660804,0.007278963074830003,0.0089100907989772
2009-03-09,0.01001927322787921,0.007450678667943578,0.00774086182896272,0.009360133769993118,0.008043447556066452,0.009151888067171488,0.009288707183201073,0.008063937498770546,0.00934694554110549,0.009697621252649391
2009-03-10,-0.0035094995358139203,-0.0018495059234963085,-0.003371090872653415,-0.003793738223988985,-0.0034250295173767764,-0.0037808309147775443,-0.003911750045627382,-0.0026675909876734405,-0.003948812034615168,-0.003667798125438604
2009-03-11,-0.024592316003452463,-0.0204513499336898,-0.023156739084936317,-0.02366857731975991,-0.015867388702320184,-0.020419301123466904,-0.02211643858056611,-0.014216204531370513,-0.018831292639668762,-0.022057581140865867
2009-03-12,-0.00548564033418375,-0.0028122795905023423,-0.004690192960668638,-0.005055995487595499,-0.0044817268897771045,-0.005285851483905146,-0.005256731263671988,-0.0039845350741813945,-0.004280555313575851,-0.005090760574642972
2009-03-13,-0.012147411725452306,-0.0078083007843641195,-0.010288701415462453,-0.010976930055805578,-0.00678650700262684,-0.008677835108593102,-0.00994723912306239,-0.004691643243754928,-0.007873165337260235,-0.010089442143808136
2009-03-16,-0.024009180539490416,-0.005746617856526193,-0.01725794742973874,-0.020195803072924123,-0.007533937242565791,-0.014854926383668365,-0.018343693182783172,-0.007658538835820905,-0.01331212340513832,-0.017773797897310928
2009-03-17,0.02553153206796943,0.005953224372419852,0.018373191428551428,0.02164092540425422,0.0065042585736159175,0.013287575746485425,0.01787161545638649,0.0075886802124087716,0.012655136630640218,0.016835627511076146
2009-03-18,-0.02338807239880547,-0.014916993123924027,-0.01903636544951781,-0.02135689723978751,-0.011965260364836694,-0.01577164306576262,-0.018465062072523963,-0.012368209761578486,-0.015281871751060772,-0.018253377169985985
2009-03-19,0.009336618230092242,0.0040165613709972625,0.0067750707824385525,0.008499526274747815,0.0017323332009100412,0.005175944582005654,0.006517232638663328,0.0030590347347567715,0.0043007045431497914,0.005872562880035126
2009-03-20,-0.007296664142725895,-0.0024359035861380995,-0.004663368524811862,-0.0060255079680644474,-0.004287426392242555,-0.0038147775486285784,-0.005007272087193759,-0.004407704398626366,-0.0036249512954700247,-0.004655008170757147
2009-03-23,-0.011057359706921233,-0.007033722832441303,-0.00894324279310632,-0.010356314266798394,-0.009106230845919216,-0.008751012884746556,-0.00954610839334269,-0.00802334032665919,-0.008506579632200029,-0.009093086279377882
2009-03-24,0.0029523056982843077,0.008227268419355394,0.004141658346463961,0.003711129148762815,9.864514969737392e-05,0.002050764018342255,0.0030271452101713336,-0.003507404821752047,0.0022559891551341416,0.0035993986976188275
2009-03-25,-0.021204621693722503,-0.010957723194043867,-0.01572447743724059,-0.018714470224743707,-0.0066500398434998775,-0.012815692986030247,-0.015797143345441245,-0.005138942632453292,-0.012209721103121907,-0.01507414223372372
2009-03-26,-0.016013132706900524,-0.018422836141770427,-0.0165650479768078,-0.015563741297455858,-0.01646319094383797,-0.01574183811854124,-0.015612061157850632,-0.01396891094947006,-0.01593369947252532,-0.01626729732185417
2009-03-27,0.010774213412872324,0.006882218215144897,0.009283410814580728,0.010218156848692317,0.005652662724640045,0.008584261467181609,0.009698533284747013,0.0040249580616209535,0.00864455886902138,0.009745458544892838
2009-03-30,0.0052219415662919655,0.0028472693832417573,0.004243948080087101,0.00479861037118412,0.006741738996318247,0.006044117822302075,0.0054566574745482654,0.006391900135864992,0.0058541676815262456,0.005248486697006838
2009-03-31,-0.006089149299435492,-0.0007197578622102352,-0.004414034255026289,-0.005283953912537109,-0.005192278445218523,-0.006446401988527861,-0.00637019515828996,-0.00480960980976719,-0.005452772476463585,-0.005851022579094423
2009-04-01,-0.001684659607943173,-0.004282730758323416,-0.003035163663153595,-0.0022068150520112573,-0.002145416610283668,-0.0025824653390177366,-0.002170584500247985,-0.002454218404768449,-0.003079978003141859,-0.0026592516814405442
2009-04-02,0.004950071768010433,0.01639288165697228,0.009640143007015656,0.006971957352248648,0.00506871703746703,0.0062249781474508215,0.005989757567452791,0.004269099945749089,0.004909663076012594,0.007124332655429777
2009-04-03,0.008289294073495768,0.00915281017499936,0.009049903957464078,0.008337770497956143,0.0020702033292776534,0.005764391635669774,0.007198523882542274,0.0011626778816298255,0.005887887782756396,0.007371549805125888
2009-04-06,0.008420555376785988,0.006692623897951,0.007379907203139968,0.007815347961106056,0.004676648938664041,0.00637907250574532,0.007631302613562596,0.004518050853583588,0.006783045186714576,0.007760334331804231
2009-04-07,0.0008818860172439269,-0.00030994430074460233,0.0004907698028080443,0.0007410391608415612,0.001646697617052384,0.0006543045343787579,0.0008383679514532005,0.0015002283549221396,0.0005323100579319728,0.0007925753391895274
2009-04-08,5.316126443677405e-05,0.004273738308096853,0.0014570387025514275,0.0007150419707930844,0.002821669231325874,0.0019602552745798807,0.0009645894097571883,0.003148136333985141,0.0011156038829118753,0.0007913611918795027
2009-04-09,0.0015417845859546642,0.003239423585341461,0.0027070964465099046,0.002099631438400751,0.0037074819078171117,0.0027712824173808936,0.002343225436524765,0.003917185741339146,0.002580283366480307,0.0022982584870174794
2009-04-10,0.010522800820909728,0.0040551001728488245,0.008299367339354768,0.009443666344477464,-0.0008193104498039894,0.0064754934125499375,0.008666767375417272,-0.001199929471710881,0.005250161250960117,0.00826839592009132
2009-04-13,0.009706125977558822,0.004012355360422992,0.007395963218913781,0.008914752591832054,0.002180824738908127,0.0070740867288661136,0.008307805963077675,0.003176631692750842,0.005964795915688104,0.008090964619565044
2009-04-14,0.002851832099190821,0.0018849690465745361,0.0023586298937152694,0.002506327542271647,-0.0019151786287580075,0.0011309659156473195,0.001799800141868646,-0.0024688915919326426,0.00014322086141560497,0.0017404911599299133
2009-04-15,-0.0016492482505897632,-0.001908029394584454,-0.0019529181028716813,-0.0019174215006572126,0.004326883999495212,0.0007322105593072781,-0.00036060412137961517,0.005165272130166487,0.0029293957747626997,0.00016002432657669097
2009-04-16,-0.003755320465926193,0.002401464784376861,-0.0009445460638061176,-0.002573076643228367,0.004560333868391719,0.00016354649935790277,-0.0018696465691865338,0.0046734414441256256,0.0005543418920723742,-0.0016154731434731007
2009-04-17,-0.0003537848366446106,8.356338066839442e-05,-0.0006101391068698003,-0.000609001528271369,0.004464361919765514,0.001066198396163287,0.000338346951326729,0.005140102547320113,0.0018708631188821823,0.0005174946443113893
2009-04-20,-0.0003245977691909152,-0.0053249706595390744,-0.0022830775433195782,-0.0011702305492686804,-0.0010005426200351275,0.00015014996879192388,-8.783297572323434e-05,-0.0009114846542084276,0.0002774527444096009,-0.0002496633339497123
2009-04-21,0.012612020765832233,0.008923130677784163,0.011561636018478039,0.011893882962361602,0.0014811568891563986,0.008254021558741886,0.01058109062525281,0.0007855024978267178,0.007786812051525649,0.010537696127854934
2009-04-22,0.0023258343727570185,-0.0007615298320128305,0.0004786874197122426,0.00154421445106534,0.0014131601786357972,0.0025505674724644045,0.0021761050578583685,0.004034235243220996,0.0016501050900978864,0.0021942728167534398
2009-04-23,-0.005787429383414144,-0.003737179659379919,-0.00474135545844212,-0.005331065874475072,-0.010149121566333963,-0.006594027097007071,-0.0061194046975801,-0.01006433068681023,-0.007061360365078095,-0.00604572562267891
2009-04-24,0.009958442065242545,0.011020215828204005,0.010283096439554829,0.009922036772893605,0.009040639216313595,0.00943533775487393,0.009662272268915473,0.0094708550907312,0.009902395475392733,0.009801995195039215
2009-04-27,-0.005278364317961692,-0.0019323469559378026,-0.004022834957879473,-0.0049655581270615645,-9.190547985171715e-05,-0.004125948733614271,-0.0046218825016008935,-0.0026244480934739522,-0.0036309244481546044,-0.0045095885759165455
2009-04-28,-0.0027257570125761577,-0.003368176675194068,-0.0036243249552061485,-0.002863901342856634,0.002909277884342032,-0.0005244984969610123,-0.0017873942562299794,0.003302498901484041,-0.0007010698815070882,-0.0018896551953170304
2009-04-29,0.0003498885576334043,-0.001962739241305078,-0.0012868696661441081,-0.0004167501655444328,-0.0012107915933405877,-0.0006822132368283773,-0.00028921076144994284,-0.0010236206112392843,-0.0003690234599157405,-0.0001834128632702825
2009-04-30,-0.0111376128284989,-0.008065069722419271,-0.009850368551837962,-0.010412807422071957,-0.007867273939187402,-0.009668157710856051,-0.010252427115588048,-0.007333749138528134,-0.009195769768354456,-0.010225630674448816
2009-05-01,0.003949319482924318,0.0002515797642490547,0.002619317339931815,0.0035782641977180063,0.003507584929182128,0.004290410571276659,0.004062366842641607,0.0033356739270367086,0.004169672048153661,0.003622530334405738
2009-05-04,0.008393474788947808,0.011501971566514557,0.009884895815085448,0.008855527875838431,0.007691605397988965,0.00832101902157878,0.008495362860093447,0.006793137434904617,0.009390524499136577,0.008727238877229926
2009-05-05,0.007830606401684204,0.007620276908832713,0.0073975535684425164,0.007578632686420228,0.004356474290962087,0.006507639261162934,0.007083475206571377,0.005644714335160783,0.006723286362533276,0.007207534046439701
2009-05-06,-0.010820220691703408,-0.015134507885184778,-0.012362004680707805,-0.011569864130918317,-0.01658414875278169,-0.012872030050881778,-0.011859395656389382,-0.015015139163615299,-0.012708005573137116,-0.011736236557333246
2009-05-07,0.0039833653880645414,0.007907104226610562,0.005601593035705177,0.004852621581591388,0.005752904204526121,0.004290220228316599,0.004390010626676988,0.004276086200168283,0.004977957049892012,0.004163063960399116
2009-05-08,0.00709925290865443,0.00942929869628073,0.008816285635809384,0.007989892748573979,0.00441650179963915,0.006107919068724099,0.007258980449789565,0.0027975618833961935,0.0073972544068781065,0.006903077825334725
2009-05-11,0.010991115865256695,0.010125403386426868,0.01031525777066844,0.01090365144828187,0.009406507676569031,0.011204338868425312,0.010985913240918466,0.009938272783639679,0.010311489459989831,0.010835442071800427
2009-05-12,0.0016057675648575298,-0.0015562662345660616,0.0008876942333659876,0.0015156256083694863,0.000743526888598689,0.0009896915643039517,0.0015668286146308663,0.0005541611637163157,0.0008742868056641484,0.0013421311207235664
2009-05-13,0.003926797032243634,0.0059073393550459485,0.005109186349079531,0.004338875499192429,0.0007518904489089984,0.002154798272428371,0.0033939230906347984,0.0008387714148789804,0.0029058383844762226,0.003358097012722494
2009-05-14,0.014274942962413384,0.009252608659466866,0.012086611973467942,0.013385354450776932,0.009485624007445015,0.012820565244954674,0.013625140261261937,0.00963616032985759,0.012324816889537793,0.013691238920618964
2009-05-15,-0.01249454895806612,-0.010948609993889913,-0.012670585333385942,-0.01264886924133024,-0.008463195253349154,-0.011246273466413381,-0.01199865384353016,-0.00796640036274221,-0.010732011785572704,-0.012026788704772251
2009-05-18,0.00570527124728426,-0.00047845186002115625,0.0037603412656443957,0.004710793940630786,-0.0013698239723782812,0.0035995495802763067,0.004572693083960466,-0.0015172819493458611,0.003684303394216437,0.004661154770700282
2009-05-19,-0.004278017031540626,0.0011017038565765969,-0.0026712190528814794,-0.00357079126505222,0.0006739751270852246,-0.0017182284460005581,-0.0031777992217612017,0.00026275734593905753,-0.0017961377564889025,-0.0029376594630224906
2009-05-20,-0.0026869006958497588,-0.00016911572198852198,-0.001968508254619583,-0.002359415965252132,0.0001268692951392758,-0.0013442726525002557,-0.002210028712253731,-0.0004547856504433234,-0.0018836536071906718,-0.002108768912364778
2009-05-21,-0.006513799502745776,-0.007506148414236025,-0.00706846818809892,-0.006809172823957987,-0.001008571791406787,-0.005243186142778411,-0.005827681524210648,0.0015502509998237546,-0.005151704613913566,-0.005756030789883182
2009-05-22,0.01351960992092871,0.006547367649934355,0.010572452565389412,0.012176949593375008,0.013569328049077178,0.012169156499617362,0.012419142737539968,0.012000139938824761,0.011767364560824944,0.011843536351711537
2009-05-25,-0.0007479775816098266,0.003129676631510314,0.0012102638477513583,-0.00013809257419750143,0.0016102184228952154,-0.0010474884805340423,-0.0007973617590613102,-0.0001414082170488884,0.0007184916810341058,-0.0005774942017953144
2009-05-26,-0.001695316613976816,-0.005092169988539896,-0.0034836171571626107,-0.0025248117226194244,-0.002561779459549718,-0.002381522330997976,-0.0020964422005935734,0.0007077299230195955,-0.002430906495827667,-0.0019732148706527175
2009-05-27,0.0070722586268707754,0.0024187671637767583,0.005165735118481063,0.006118794102430325,0.00205294956872204,0.004811202430553996,0.005907387764322536,0.0008616345987324525,0.004269693983817824,0.005478847125713671
2009-05-28,-0.00874473509517848,-0.009643604673130524,-0.008343535690102488,-0.008804633315848132,-0.012120747410135801,-0.00899971444248604,-0.009125271178310967,-0.009329873128163024,-0.008752002598863662,-0.008644298652149773
2009-05-29,0.007347603090581023,0.005400569878297068,0.007100767844336442,0.007175849851873695,0.006410653960110091,0.006105726358236474,0.006805637336567694,0.005676362981976268,0.006794917809938239,0.006908924023930396
2009-06-01,-0.006782611359204327,-0.003487294701106869,-0.00548664226498885,-0.005919764145589479,-0.0033227551146138845,-0.005236583065423517,-0.006003028809017152,-0.0033098949326547666,-0.005530694744417475,-0.005661145739753293
2009-06-02,-0.00020276836450205948,-0.00016721474708492057,0.00037968256735054773,-3.940811863489824e-05,4.579805510918078e-05,0.00021289665089874177,-0.00020323545088818395,0.0012234027867852326,-4.93276218189731e-05,-7.071997210350567e-05
2009-06-03,0.006158187806744708,0.004483357865213922,0.005320085511792971,0.005602414336164374,0.0031971454466046545,0.0046621337252799044,0.0055284614239661245,0.002502873888144963,0.004878890126475577,0.004967062274131795
2009-06-04,-0.005578865311526737,-0.002279616345396418,-0.004033824873979963,-0.005101270971892724,-0.003453961980752207,-0.0040866319723276145,-0.005038407983345539,-0.00091410799355085,-0.004066451339109323,-0.004116572670166296
2009-06-05,-0.007165100536813185,-0.002895122924681748,-0.00570235572311828,-0.006322170025581997,-0.005937698565039895,-0.007423710589319121,-0.006959119313890816,-0.0061310514295939145,-0.008237205005301118,-0.007045218034286704
2009-06-08,-0.021511157418734994,-0.016031081345672327,-0.01950976757487477,-0.020448051621448693,-0.012817280801500353,-0.018481506245792034,-0.020215860294435006,-0.012482092722013172,-0.019134249002261794,-0.0191751325887064
2009-06-09,0.0055597669449369835,0.004900855506421831,0.005095942353667393,0.005106921514388407,0.008985762819313514,0.007095649625929568,0.005745138329226407,0.01041885455103353,0.006276872829653168,0.006457910731638927
2009-06-10,-0.004641585982205765,-0.003620699527225213,-0.0038630064492825023,-0.004446766419318293,-0.0025721126696781615,-0.004011620024655382,-0.004320430966868183,-0.0024119693423552135,-0.003221300477425859,-0.004020706872165047
2009-06-11,-0.012691685402830388,-0.009787571566587272,-0.012405027320312678,-0.012177558659561605,-0.010281163414412986,-0.011843968893840318,-0.012081657093413467,-0.009012105803162473,-0.012367589206822904,-0.011990799205660596
2009-06-12,-0.006076282596864324,-0.004418623687112433,-0.004244772282508746,-0.005057195837320783,-0.0022759971068128104,-0.003879555124657763,-0.004920373717089865,-0.001408046065898061,-0.0029210369499279576,-0.003969203977350011
2009-06-15,-0.004213035305996593,-0.003624733522772927,-0.004284244453835018,-0.003803642617527747,0.0007681393744076725,-0.0015645483566011364,-0.0029272575544798674,0.0008634401349270071,-0.001125088286717535,-0.002614864306365705
2009-06-16,-0.0004662194866049685,0.0025813021413731985,4.4424340341464585e-05,-0.00016189559607493464,0.0039798661303867,0.0007740723082372281,-2.86355783684078e-05,0.0044639254415226315,0.0007062122982868235,9.42651872093414e-06
2009-06-17,0.0012849369534764232,0.0027452572198805036,0.0007780350813268999,0.0011117847008650372,0.0009941985731289904,9.050679334809963e-05,0.0009952034026741163,4.229943775468925e-05,0.0008700220791146851,0.000290190520487954
2009-06-18,0.0017773899745567867,-0.0019312444267910456,0.0012731487665198493,0.0014339783400345585,-0.0023988566633066366,0.0011697737167744027,0.0017235312435515127,-0.00045831341580071516,0.0017728624396045056,0.001876071155950898
2009-06-19,-0.00403062676087429,-0.004391856164045693,-0.003944956568812663,-0.004006317823800343,-0.003169623359078333,-0.002998935638497735,-0.003682075952350372,-0.0014694291182401065,-0.0029289622390977765,-0.0027608810678405593
2009-06-22,0.010130366324842432,0.007878270379199304,0.009656314554482348,0.009673716959935241,0.0019310991354124507,0.007972623960304404,0.008926460192719698,0.001220969885685097,0.007983231237513655,0.008509946380244271
2009-06-23,0.0042859452338051,0.0011893804069871283,0.002538411087270376,0.003710299392530203,0.002970630314860445,0.0033135305455735953,0.0037808569117467883,0.00016280238802335312,0.0024861956031725363,0.0022139820178523895
2009-06-24,-0.0031123924995819507,-0.0022624325480378182,-0.0036047749738196133,-0.003254613536668449,-0.0015606788593067744,-0.0027009853800170625,-0.002938532684322759,-0.0012767786839180673,-0.002372316092449145,-0.0032324581581134604
2009-06-25,-0.01079215143848089,-0.007054039992558381,-0.008909069426342064,-0.009820118657026589,-0.005441781153761038,-0.008811283918041868,-0.009766144182540959,-0.003965278337246914,-0.008350943870268579,-0.009100067920890575
2009-06-26,0.00937825666035863,0.005268203536003435,0.007877420640557409,0.008830974049524931,0.0072588102165820345,0.009419828949581266,0.009358733501249938,0.009613297931285958,0.010087236723438142,0.009019294222047058
2009-06-29,-0.0016219068721682328,0.0010397761006808448,-0.0006534237949443744,-0.0011842243142022868,0.0007826278436862122,-0.0010020363589802184,-0.0014669278922271323,0.0020426217526416934,-0.0007067102534362713,-0.0009666672992327818
2009-06-30,-0.008457327761260292,-0.006233517477034045,-0.00790423898803394,-0.008099806396125286,-0.0045158112038843345,-0.006848096466412601,-0.007758882789671295,-0.004500535460362998,-0.006055662561525232,-0.007470046238220451
2009-07-01,0.006171916888337847,0.0012682505867440685,0.004778696545991279,0.005540878038035046,-0.001572001494255959,0.004137054690454889,0.005156551559817757,0.002923660554898344,0.003353123527982227,0.005875747861894709
2009-07-02,0.008258290815097213,0.005163636854998543,0.007173654043019617,0.007790139679408448,0.0035443329285993475,0.0060616785470692935,0.007463529380528744,0.0024981863123609838,0.005471357838106483,0.006387234254334517
2009-07-03,0.003805885381288121,-0.001324554379073195,0.0020031470198877965,0.0030881323520335346,0.0034362261500904268,0.0042686553240596226,0.00372388403142887,0.004734201165754293,0.003216186060003068,0.00390905488126303
2009-07-06,0.00222963922654551,0.0034659056847876624,0.001253343671596241,0.0015154888328241523,0.005943837094271709,0.002713665749464189,0.0021073840011487377,0.0048491181972984965,0.0028260419211523224,0.0019361301881839488
2009-07-07,0.0029704370826650894,0.0010229578016602847,0.0026952425349322517,0.0032464489205590308,0.0027783670816134975,0.003115684846255018,0.0031071611440358637,0.0029894186572132497,0.0033257699433033583,0.003568945216189112
2009-07-08,-0.005229648588919167,-0.004512721655310248,-0.005414790812386605,-0.00517192717075976,-0.007009043453489405,-0.0057130154497875285,-0.00515170964154954,-0.007400018491821925,-0.006248681968928471,-0.00591597065013183
2009-07-09,0.00012567725560996834,-0.002984976372620074,7.194305317925753e-06,9.102019477680301e-06,-0.003186346808713436,-0.00020955845072856416,-8.601543904362963e-06,-0.0006543203844570078,1.4129845795629592e-06,0.0005363434605589745
2009-07-10,-0.013429909261314377,-0.00888017388150375,-0.011813422419297614,-0.01275295760887829,-0.0071001226785398774,-0.011350010888877105,-0.012376302296076003,-0.006941571803577462,-0.010689110532855262,-0.011778845540476923
2009-07-13,0.0022170369835730064,0.0030954050945140033,0.0025225869953622304,0.002134328657226181,-0.0019664803623846705,0.0005383163654342216,0.0013141240170679858,-0.0023465132835945868,0.0003469335528880624,0.0008975684718204313
2009-07-14,0.014973521494496378,0.016301399387146143,0.015533574182988952,0.015194806763851654,0.011421972928546964,0.012798728834371165,0.014040448410787665,0.009896263165516617,0.012700530200054017,0.013624120884237145
2009-07-15,-0.0061654988584533,-0.0032188242249060472,-0.005110598552282908,-0.0056448150090366855,-0.007536015301591981,-0.007356884223305826,-0.0066291103768607584,-0.00657209853663665,-0.007478800450339551,-0.006084171821265749
2009-07-16,0.005337916024253042,0.013703472180639054,0.009066349679647034,0.006788833107190584,0.012474641630916272,0.007563119668059226,0.005772154192839274,0.009116732140904027,0.006577016036863004,0.006016302981792565
2009-07-17,0.001217156898426941,0.003170953128727394,0.0027750485092461474,0.002194795858792231,-0.0016162753364524773,1.1767808286267112e-05,0.0005705503294219927,-0.000934761744672441,9.841945411692699e-05,0.0005201425299092843
2009-07-20,-0.010539878124121382,-0.006284930219345064,-0.008455166457270402,-0.009838875921583723,-0.007409157679891032,-0.009661771414095854,-0.010461770869759524,-0.010825832760738452,-0.011076501426962149,-0.010539639853693772
2009-07-21,0.0010415080266421572,-0.00026821879573035723,0.0007467524089601607,0.0008492263154631363,-0.0020476789061990575,-9.932126317679923e-05,0.0006160331231646055,-0.0008221491504067924,-0.0005178271566610437,0.0004110874149447774
2009-07-22,0.018832195688506914,0.015889592386157503,0.01753119261892122,0.018360581382473207,0.01563805374902838,0.017026556043684193,0.018046617573806767,0.0133915972870009,0.017020217205548915,0.01735062951490285
2009-07-23,0.01020213709841733,0.010364476179015814,0.01080623223210786,0.010202292903663368,0.008889791574644867,0.010441599204942698,0.010005500222038277,0.010398921810872874,0.010475199531535084,0.009977861712305858
2009-07-24,0.0015709810447097627,-0.001995730983900712,4.1641257795266284e-05,0.0008136083937668737,-0.0007184238541799726,0.0008626776560145544,0.0011897225119332777,-0.001043292283944064,0.0006293384889339837,0.0010995177932193734
2009-07-27,-0.003944918478631321,-0.0005114349189121459,-0.0026099302233032473,-0.0033294523843273582,-0.002232698705118552,-0.002991582927210912,-0.003656996793111711,-0.0028048602075012585,-0.0036449733086658664,-0.003736024044145081
2009-07-28,-0.014168867854939426,-0.009960049750103783,-0.011737383698511406,-0.0133836491089242,-0.00841421509537088,-0.011137410956977734,-0.012660008138099976,-0.008229672493795914,-0.010705649642396953,-0.012468215561995732
2009-07-29,-0.008090955844165748,-0.007678601477953073,-0.007970102588434447,-0.007798411737625521,-0.003758420361154702,-0.006590620221009091,-0.007443579934817923,-0.0023125623782418447,-0.007001317480986979,-0.007331200607616606
2009-07-30,0.014034248574622543,0.011603398455548586,0.01312868540878842,0.013728412046235539,0.0026766169340062262,0.009223306571755518,0.011472137292377393,0.005320390929958618,0.008747364710592453,0.011585952400380961
2009-07-31,-0.01149722877288517,-0.008762763842780519,-0.009925925411827241,-0.010957537050890975,-0.0046928597840558695,-0.0075025386446074815,-0.009476542005216193,-0.0029205981479912824,-0.006331617399181311,-0.008724405866843865
2009-08-03,0.005717825566181167,0.004147879823471534,0.0059569212919659,0.005856291275652126,0.0037324830276959098,0.004842488858067817,0.005447060793277725,0.0044166407069636815,0.005030251800673735,0.005275299974428771
2009-08-04,0.004415944478780354,0.004237564117155035,0.004435292764191301,0.004180539711373665,0.0038275807428018727,0.004662396174587746,0.004678679033673916,0.003489277194428597,0.004404105182460372,0.00489306424669711
2009-08-05,0.009468373683459097,0.0038535420084133687,0.007117458934065901,0.008775050021594843,-0.0007083155886303816,0.004032085316255207,0.006513807690053275,-0.00014672750455646533,0.0024262224474140837,0.005491114510615347
2009-08-06,-0.00784678624520374,-0.008171532032744122,-0.00736300781767163,-0.007284501707120472,0.0023908873045468404,-0.003167970351035443,-0.00551384677846567,0.005302074388940703,-0.0029378110544493463,-0.00466796507671996
2009-08-07,-0.006695411763751435,-0.0043864266796015405,-0.005048837078319712,-0.0057267379388128425,-0.005873705149922692,-0.006496981142272373,-0.006655099815836785,-0.003780193472683213,-0.007418694483728783,-0.0065667517445267
2009-08-10,0.016323844761269024,0.010778613123746394,0.015575201199881983,0.01610060725446294,0.014825655560624762,0.015924341568342104,0.016419001095836272,0.014263280676967582,0.01703317753867073,0.016577035433593235
2009-08-11,0.003380223542665428,0.01025254995828262,0.005532539724098839,0.00391086685278319,0.004617969535311239,0.004598478581412602,0.003967905729616472,0.004479026988972734,0.0042009509227545205,0.004246434003139177
2009-08-12,-0.006008918172839106,-0.004288858622560454,-0.0050776422984858405,-0.00557229167948492,-0.00446469614941325,-0.004926640854014286,-0.005391921227162033,-0.005045536223884817,-0.004546077231988743,-0.004983991979927493
2009-08-13,-0.00057794143383183,-0.0025973355006240206,-0.001262931775197984,-0.0006584188518807821,0.004232492869927995,0.001741670610597934,0.0003371587831724199,0.005373510717181729,0.0021062323974778696,0.0008197658483981574
2009-08-14,0.006670217676473911,0.01073908728886086,0.008038118876975586,0.007526707767625762,0.0034477415578235693,0.00534446563357438,0.005777128234348172,0.006111451342257768,0.0054956475922489645,0.005712199593477685
2009-08-17,-0.0078737083713184,-0.007715565951769254,-0.007175946545466716,-0.007943556419347408,-0.011139229170509801,-0.008627125691958448,-0.007897633866149834,-0.010901980210781148,-0.008911891096737512,-0.007695460252092445
2009-08-18,-0.00402939758137022,-0.001988890356800166,-0.003265373440868302,-0.0038506857347764267,-0.0021783466168225907,-0.003749454785927475,-0.003852814636188362,-0.0005248703771683072,-0.0039057491856367976,-0.0032971689810883387
2009-08-19,-0.0017336193747354844,-0.0018765892659126093,-0.0028071017499180506,-0.0018921102073559126,-0.0061979761726832505,-0.0026460107254433485,-0.0021969401282205814,-0.004474091561313398,-0.0026354267721887537,-0.0024272686836397384
2009-08-20,-0.0032960093771013943,-0.006611492003521513,-0.0034475314976906146,-0.003071137441420735,-0.0029291924674161862,-0.003397686257140431,-0.003189310632963238,-0.0029930449243228407,-0.004215825014388108,-0.0033421576510052065
2009-08-21,-0.001433637557013645,-0.0028798162016093753,-0.00216954069373676,-0.0017071538619989335,0.0027550135812952625,5.618472284352194e-05,-0.0007609092123299632,0.0015785237579126754,-0.00016057705544891832,-0.0008980143250849615
2009-08-24,-0.0066580590378299,-0.006994000744310558,-0.005941605712196818,-0.00633912064397435,0.00041920279446472364,-0.004862922186922636,-0.0054256121232627574,-0.0015296139939529052,-0.004016986672102263,-0.005128475687917855
2009-08-25,5.0105375822839804e-05,-6.861993685847168e-05,-0.0005429806222656541,4.111849888799313e-05,-0.0013722276333179018,-0.0003880581719374332,-0.000380659379878745,-0.0023920840281199673,-0.001405689489761719,-0.0006869032350995674
2009-08-26,-0.007574754120296512,-0.004742333247921726,-0.007501192778966215,-0.007617908339830004,-0.009901873598665234,-0.008040389821924343,-0.007910134768108423,-0.008416386260984066,-0.008432055230972568,-0.007968428370079383
2009-08-27,3.9705940484191515e-05,0.0005919937618303894,5.174309842637115e-05,5.3198344929450414e-05,-0.0015434784326188167,-0.0002695228766089741,-0.00027762389107377494,0.0011250240950966273,-0.001313710236235166,-2.9431285575642896e-05
2009-08-28,-0.004680512106824852,-0.006476363621888193,-0.005397536894950039,-0.004794149836749195,0.00022239802323298363,-0.003101782430025568,-0.003963297214440442,-0.0024749699980901596,-0.0029967496317494513,-0.004357415255932473
2009-08-31,0.010245348870651538,0.006649173540711262,0.009117740660484763,0.009594779712170265,0.007567040644175016,0.008355625016971846,0.009526196831826317,0.005775088924493854,0.010078928281939792,0.00900898011125495
2009-09-01,-0.006273704137116809,-0.009002150668419584,-0.006605330113272911,-0.006371098426007915,-0.0005779445394846761,-0.004209686318737527,-0.005113868549561862,-0.002688030012358622,-0.00439126209148466,-0.00506370606526485
2009-09-02,0.009143297004374329,0.0064253647650338586,0.00818652180213486,0.008541720686568333,0.004401446247819241,0.007479945986566872,0.008483684991098306,0.005679226803494197,0.00800721611941091,0.008582403717875664
2009-09-03,0.01140573060003236,0.012652068444905185,0.01209409470631595,0.011565449776571812,0.00785421676168041,0.010656699436632167,0.011123830834528725,0.010347620116082812,0.010690905638399029,0.011468206483317145
2009-09-04,0.008403252977274844,0.0034945468963261117,0.0059233170974173355,0.0071263243158476985,0.005548082419264855,0.0070685247470578805,0.007694517487803143,0.003119238993918305,0.007573847088241381,0.006965273154329488
2009-09-07,-0.011591113511030149,-0.006028465672501371,-0.00912231249666251,-0.010515181263912599,-0.009918773956198113,-0.010518511891421722,-0.010965070682541267,-0.007346397316352116,-0.010435694295049425,-0.010608622741576368
2009-09-08,0.005598412590933632,0.006092530003275698,0.005110580659899222,0.005087140589557615,-7.386833504574586e-05,0.0034753147778130433,0.004326050012397609,0.0013154058176017003,0.003295617888511737,0.004565031625839433
2009-09-09,0.0010062302047841865,0.0017629142472141979,0.00046068829542345036,0.000940172854242638,0.002370304085342223,0.001191929470445885,0.001218417133136196,0.0025782063308659176,0.0011492740231742182,0.0006101219474214936
2009-09-10,0.005409760823246623,0.0019685181818811515,0.004312337667760069,0.004927430368688368,0.006355071778113119,0.005555071856110372,0.005402891106734309,0.004406444416828137,0.004534577088826985,0.005369031141912339
2009-09-11,0.010983892404304862,0.010433577276770523,0.011362548892068558,0.011027742839321952,0.01136145351237361,0.010715411158619181,0.010973271757844127,0.011495621961446156,0.011004866312184225,0.01117528503478038
2009-09-14,-0.004556875241719105,-0.00097683963937234,-0.0035087691704696056,-0.004203859443625557,0.0005405101743958252,-0.0030505450269759926,-0.0038375447916387806,0.0007495636116974236,-0.00337367917964726,-0.0035112645205994664
2009-09-15,0.01136111820295116,0.012254658638258364,0.011292368195546798,0.01087131450833434,0.0034127038923170705,0.008806069973983144,0.009911849326865507,0.0050981190072501015,0.009074342354829401,0.009757642788649434
2009-09-16,-0.006138605298475208,-0.005061529112649454,-0.005281422911719735,-0.005826019049247622,-0.00048318925331780616,-0.0034441626490188115,-0.00511695933241707,0.0005070597995091575,-0.003202060141428764,-0.004605316457674147
2009-09-17,0.00674001832771931,0.004922459592244133,0.004978936530989353,0.005584793539363586,0.006240892591066194,0.005898876852841406,0.006021625871504677,0.0061200261277232215,0.006140600721548095,0.005706593994852627
2009-09-18,-0.01004455904214463,-0.004546164088485627,-0.008724437156583775,-0.009515008733914088,-0.010697846021234136,-0.009941858187405006,-0.010122530829488108,-0.00838412658428922,-0.009850907464918457,-0.009677488935525447
2009-09-21,0.003546265168875795,0.0007847026508762678,0.003237279303433427,0.003025284684886609,0.005027188080934941,0.003272555427760393,0.0034287552681151467,0.0010576499728776056,0.0031257369525030665,0.0029589122536759493
2009-09-22,-0.0047399924439599506,-0.004034652005326267,-0.0048398714975911306,-0.004857035640963736,-0.003275549873798189,-0.003736564022481792,-0.004625799929897201,-0.002345049744304273,-0.0026890356582272013,-0.004762743957394955
2009-09-23,0.0018815047710958321,0.0012145779793100164,0.0015829523669055323,0.001949248966280015,0.006876251040222492,0.0029099353398183148,0.0024460096988629942,0.006771527609404027,0.003551074695860912,0.002604590223036496
2009-09-24,0.0019472037886685278,0.003059837508035068,0.0020491262574773295,0.0019440101726788672,0.004271684300513723,0.002331298084713218,0.0024029783857208997,0.003072679049381577,0.0037320389586545932,0.0023312289757149163
2009-09-25,0.002698949843522369,0.001961377885937532,0.003563869764865002,0.0029419135327741763,0.0033333653312919154,0.0031945572753870888,0.0026160850664096458,0.003609643875865931,0.0029150636294310583,0.0030919036357588414
2009-09-28,0.000554541062484537,0.0030882366675279993,0.0011837215425418712,0.0007594552086127582,0.003240240909862191,0.0005921333424707687,0.0008371983803350247,0.0024552422912558214,0.0008088477268037852,0.0005418286615128665
2009-09-29,0.00414569683178212,0.0037812748640564386,0.004361537451336606,0.004256941790488078,0.002972945521006576,0.003123146268481758,0.0038764347452007186,0.001986918318675368,0.004050618282786855,0.0037581136437667695
2009-09-30,-0.004717758506433745,-0.0038761176171480116,-0.0040355651562692385,-0.004542796778835956,-0.004803322465762094,-0.005357167187018952,-0.0050791027098568975,-0.005494714166390802,-0.004575953144978273,-0.004826770097616895
2009-10-01,0.006368038712277313,0.002257070458858479,0.0053133158103499945,0.005746519800613914,0.0025543371248908375,0.004339475000493254,0.005519857822085639,-0.0009472943431043657,0.0047231740337203565,0.004780287177312603
2009-10-02,-0.004097144634624517,-0.003888808784057729,-0.004051808962060588,-0.004204238871645449,-0.0021732539298493503,-0.0031777196820472753,-0.004018002764814899,-0.0008652343967253673,-0.0027276548162682435,-0.0033464982453268455
2009-10-05,7.541665533872255e-05,-0.0010497981370982679,-0.0005237027872722066,-0.00010581293640621325,-0.005135447375025581,-0.0016844154687772894,-0.0005425870783450915,-0.005225482928145064,-0.002157279316400751,-0.0014374294424731593
2009-10-06,-0.006265280586182476,-0.00457192516816729,-0.005403190563587845,-0.006027998982543803,-0.004068353925532064,-0.0050549069415837256,-0.005574744206392257,-0.006305663602167222,-0.005023966510051658,-0.006157565537253995
2009-10-07,0.004619296018657071,-0.0002919086939925375,0.0023910626318104367,0.003702768762674724,0.0062549807007841185,0.004871180609453463,0.0050961472533799235,0.0025707853611725007,0.00491353754963475,0.004129481650542166
2009-10-08,0.0009505267431764164,0.0018125375154938173,0.0009019458325938423,0.0008944479366477243,4.1775416513401e-05,0.0007429025659839716,0.0007017478351505346,0.0014489661896071038,0.0010838588380168712,0.0007601474053973156
2009-10-09,0.008706673230061357,0.009671385385745523,0.009156804778955197,0.008618039539679767,0.005934631773497845,0.008133952341968564,0.008470245298811685,0.007819907588016317,0.008274965287742297,0.008319285217298633
2009-10-12,-0.0004151096921656272,-0.00200043676085504,-0.002010741272613359,-0.0010385847499476686,-0.0040266776337405386,-0.0016711337483962252,-0.0011650531140233733,-0.0019797883225417534,-0.0018253235475033103,-0.0017642104923121238
2009-10-13,-0.006510354935582607,0.0020314411937762955,-0.0032851180251376455,-0.0052551977297005115,-0.0038771058373958667,-0.004764499260144106,-0.006066143535032764,0.0010836859139857768,-0.005263945702271844,-0.004228903618489266
2009-10-14,0.007401362477388984,0.0021545584815061414,0.005414808917696634,0.00644086700104296,-0.000991047485397356,0.004043521682851825,0.005967930601883609,-0.0012771464599778959,0.003641847797553277,0.005287571859167839
2009-10-15,0.0012274982939277645,-0.0010582449369324065,0.0005026312230962393,0.0013298231910794378,0.003274071800692502,0.0017650357759839697,0.0017575822514541706,0.0010605345622307638,0.002224402610317311,0.0005144344455982885
2009-10-16,-0.0060352257291271805,-0.0035032164437796,-0.005078223295040263,-0.0057672885654069805,-0.005815512484417695,-0.005865460743980089,-0.005679896986407695,-0.006861053260432626,-0.005978229427966109,-0.005955029734013628
2009-10-19,0.0009737534190532582,0.005438844669177323,0.002425132273169206,0.0015881757143665354,0.0031946086344911695,0.0009842295645821064,0.0006338793589986125,0.003987271964398076,-9.899195725771026e-05,0.0004844308040972134
2009-10-20,-0.0038736381355244376,0.0015044065903548898,-0.0026107128129305712,-0.003335715106876136,0.0016317411623334444,-0.0008731498759336764,-0.0025615732307568972,0.0033480573335518127,-0.0012258747557474248,-0.0008907143876886181
2009-10-21,-0.006973000481580893,-0.008386158076134853,-0.006921206523479828,-0.006744836756592432,-0.007984339672689522,-0.006616391304576252,-0.006565712230160559,-0.007947295146859101,-0.007382282465214218,-0.00629306845748645
2009-10-22,0.010908746757581245,0.004077309230124504,0.008671987325059805,0.009992666813014583,0.005052083774803595,0.008287980927758287,0.009736052820382701,0.0051177033054941035,0.007097310613606966,0.009211340969686788
2009-10-23,-0.00030326849348871754,-0.001420099495729632,-0.0005247494174470679,-0.0004425396221293676,-0.0013695724070770243,-0.00015445505615230282,0.00015747419528655549,-0.002543250286511811,-0.0011534949071936307,0.00017620138359930593
2009-10-26,-0.0181454042935556,-0.012152017371620749,-0.01606359738958174,-0.016931884959105803,-0.0076580759129136755,-0.013281688711296757,-0.015962414240784595,-0.009181445089380347,-0.013585562669693019,-0.01567773463190214
2009-10-27,-0.010956460464227047,-0.005618248222977518,-0.009270852450498968,-0.010563013981273128,-0.010668795579476642,-0.009439351327735657,-0.010091090274432668,-0.008431976852437018,-0.009033307906816668,-0.008831395786757845
2009-10-28,0.0072780830269445485,0.0003336439557726223,0.00426692909403692,0.006163629658361813,0.002748221326406064,0.003636408265095925,0.005318455811492262,0.003149293363917449,0.004428135674709566,0.004604735548787486
2009-10-29,0.0010665543922876441,-0.0023764901330135535,0.00031207103848007733,0.0006357196461186376,0.0015401109961237225,0.0004661662719782633,0.0009754437629234669,-0.00239282393463236,0.001217751420965918,-0.0006901394109336545
2009-10-30,0.009325669471073494,0.006346372263446698,0.00804663137720718,0.008802070908956017,0.0067499644716426666,0.007090353539780603,0.007894351474978079,0.008834616448637478,0.0076719753950833525,0.00866669935851161
2009-11-02,-0.005223506237719722,-0.0020259516942148226,-0.004318064310013692,-0.005071091897093982,-0.004664892038988011,-0.004573086172321439,-0.004803574772107022,-0.005812225099797397,-0.004263815971901064,-0.005738716815065548
2009-11-03,-0.005974904061151531,-0.002663579491546053,-0.003805259263862104,-0.004749555577333364,-0.002251325663535364,-0.0026820767241113597,-0.004036475757303926,-0.0024138625497497346,-0.0014465915477793745,-0.003259184098001744
2009-11-04,-0.0010379224287635491,0.005354235027163368,0.0009811491169606779,-8.179534717844827e-05,0.0022481662031015315,0.0014764559176403402,0.000345920328860716,0.004566552919358591,0.0021526658245181185,0.0016517835900313749
2009-11-05,-0.001303124233280606,0.001071198440479204,2.2115291375968127e-06,-0.0006970805872412722,0.00047436766887787307,-0.00027855987654823444,-0.0005558056242354059,-0.00014641529641634676,0.0005335213349808576,-0.00030817755685763615
2009-11-06,0.0013885911442168553,-6.645828151641275e-05,2.457862025395663e-05,0.0008652314450039444,-8.7357564017565e-05,0.0007059763392534002,0.0009854824450505895,0.00045622425863034444,-0.00014829651206005323,0.0003013612746654015
2009-11-09,-0.005536702778491387,-0.00316900278262755,-0.0052070867872933135,-0.0056317294703903675,-0.0037662282614437936,-0.005513090470513182,-0.005670767627747653,-0.0035147703857181245,-0.005285403580155612,-0.0057352263692019845
2009-11-10,-0.009637969585998496,-0.006677842938553669,-0.008389659042795317,-0.009259135586258016,-0.008952406580798655,-0.008751532975309284,-0.009094051038576634,-0.007821975041868434,-0.009044252812112075,-0.008318247342415375
2009-11-11,0.006019109877559714,0.004494795565866516,0.006167006680387388,0.006089984447649188,-0.000741382141892788,0.004667257520879486,0.0055205891860630185,0.0030599116173077867,0.005275730993963945,0.007255904423267401
2009-11-12,0.0028573630021015983,0.0008373452949519411,0.0015866808216173922,0.0022307549250646375,0.002617529386428119,0.002077964176763425,0.0026832258879843085,0.0023507509620364075,0.002652695268485772,0.0021649336918294626
2009-11-13,0.002054235161546236,-0.0015248351348882139,0.0003853082674991626,0.0018141982289354708,0.0037291019206666665,0.0022273331610702662,0.0020541135080889283,0.000882546829421349,0.0015431919142410155,0.0008982481828050393
2009-11-16,0.001876572858337644,0.00023501543794579582,0.0010201119585224738,0.0017280356859412649,-0.0028158993591038683,0.0005568988981632383,0.0012437097729465219,-0.0006178434087797946,0.0004459768793201313,0.001697213698722999
2009-11-17,-0.005545700494199779,0.0012289783183885294,-0.0033385766932327865,-0.00467741297011659,-0.0005495423801368249,-0.003076246456029219,-0.004340888707498047,0.000603136519743197,-0.002427306921893524,-0.004233812745475407
2009-11-18,0.008702766323181121,0.006625734892820256,0.007836091665483824,0.007994970322090733,0.0032344094232137355,0.0068143678948608954,0.007448008786183236,0.005596924885683752,0.005596171938277106,0.007781286702724266
2009-11-19,0.00667681782478291,0.0020072100520982517,0.005122248771235682,0.005678913422660914,0.0018103726208091864,0.004502915723682666,0.005351798766136895,0.00287047772724347,0.004172003726309992,0.005875254539396746
2009-11-20,-0.002073660521950793,-0.0010245145238773068,-0.001715332663141611,-0.0019623283711256434,-0.0014049525372767935,-0.001552179670304854,-0.0018258442588436896,-0.0013923447908228415,-0.0005212214850487396,-0.0015383981233854094
2009-11-23,0.0007010025010121268,0.0006474396303244312,0.0009507992700963364,0.0007851040446835711,0.001457683347153793,0.00019269356436812934,0.00022919816445488017,0.0011156740364359763,0.0006154354086194136,0.0006544434819952816
2009-11-24,-0.0015533619270056143,0.0011004737113426977,-0.00032059048844057525,-0.0013139454983592813,0.00592864517613001,0.0012142019083933864,4.637728696010868e-05,0.004175259781692642,0.0018809826706245314,-0.0002170240995147399
2009-11-25,-0.016058695656315347,-0.0063912422987950634,-0.013206746747283615,-0.014379080930103871,-0.007111379198717627,-0.01147942240732891,-0.0137756299916445,-0.006755877227575757,-0.01054900204890663,-0.013384952853246368
2009-11-26,-0.009224252291107016,-0.0022114997377461476,-0.007257668209685431,-0.008049894531590107,-0.0011351151700946804,-0.006075041072359233,-0.007661038318160118,-0.001400344975465817,-0.005170507902228616,-0.006603185626836261
2009-11-27,0.006508610580462149,0.0004039905511348252,0.004603028592862657,0.00584355300291195,0.002771322161746026,0.004744590751653233,0.005835838265782378,0.0015183810811290055,0.004543098168410475,0.005035871818478643
2009-11-30,-0.006403833357206956,-9.291037555514414e-05,-0.0034659120980768954,-0.00519785654872007,0.0002016394669226429,-0.0026193447512664614,-0.004548532176390507,0.00039482693680259473,-0.002338823817696234,-0.003466495511770251
2009-12-01,0.0010365941829362235,0.0030002287091634994,0.0022516999099826407,0.0012804593035373735,0.0026319573254469653,0.0015179742332454005,0.0012931498395167829,0.0027987997149188093,0.0023379918549202294,0.001768257786016525
2009-12-02,-0.008037185816405445,-0.005288105462201709,-0.007451151485190266,-0.007518597579578179,-0.006272828038663691,-0.006368672822129606,-0.006951222794297607,-0.005702966626153327,-0.006119157711210077,-0.006945821048610301
2009-12-03,0.015949253075081993,0.00697067152562969,0.012788302755539327,0.014544345248761248,0.007691606455821232,0.012800427338864884,0.014564817088720483,0.006663315398951042,0.011449560438227202,0.012583366076253988
2009-12-04,0.00636361865822388,0.00510871168392768,0.006480766003245542,0.0060614432235504,0.005216431983434688,0.006255421140784367,0.006231819967332353,0.004444121503414777,0.00648343929272821,0.006071351325104946
2009-12-07,0.00995232051577033,0.0037354114508449943,0.007980009284155987,0.008274948862943887,0.0049094297615728255,0.00586437126231365,0.007833334602443731,0.002846612262938475,0.006814671081424528,0.006291044502853005
2009-12-08,-0.016549918799050323,-0.007869274469921805,-0.01377793113522352,-0.014665905768109555,-0.005773153336832593,-0.011060965604638096,-0.013704591835721258,-0.005669701013118478,-0.011120968266630005,-0.011855926195077582
2009-12-09,0.00248682915379983,0.0029224203057476306,0.0030300894193227013,0.0026516296361238645,0.0009406871216541823,0.0026423950327478796,0.002464565851549416,0.002611284647026313,0.0022776810268809733,0.003661770217870952
2009-12-10,0.006109917581857305,0.0032545506528294244,0.005180323397494746,0.00504663034032915,0.005588058951828678,0.0039146210440059725,0.005070395907778469,0.004263089550263777,0.005408539727800976,0.004005768495683126
2009-12-11,-0.0030695597226441107,-0.001226866457390563,-0.002640040853932435,-0.0027392981009389805,-0.0021856417651321403,-0.0014683923335678806,-0.0022262644276076493,-0.00039126619099560944,-0.0003005279252752402,-0.0010301915745621892
2009-12-14,-0.0003323666793464408,0.0014794928465262647,0.0013706735191898467,7.250696365601605e-05,0.0049695383270411675,0.0019022994489239498,0.000682912780771705,0.005344398152408614,0.003099171869952233,0.0028091265839376156
2009-12-15,-0.0018948636876232605,-0.0007252770723229496,-0.0016007184750866932,-0.0010912735168181475,-0.0007953170956055411,0.0006088877706325047,-0.0006690591980326177,4.9782424194066976e-05,-0.00042577773831675714,-0.00032655016708760254
2009-12-16,-0.0014667206878724581,-4.774671701401889e-05,-0.0016975630950678555,-0.0014472897137051133,-0.002396798018642343,-0.0006708351692326087,-0.0009825092023040272,-0.0006527685608499478,-0.0008450728929795259,-0.0010353865990228028
2009-12-17,0.011542844954038012,0.002420990671440082,0.009186922774488293,0.009556951267805536,0.005318189901274639,0.006601969158848586,0.009201187967049274,0.001331745814434182,0.007423564870798538,0.007578144251135566
2009-12-18,-0.003942057327404491,-0.0024077701567354337,-0.003227588562310757,-0.004005269047468896,-0.0032170126767787632,-0.0036450322226380116,-0.004001077115648344,-0.002094327906353999,-0.0038471613862505194,-0.0041305016790671445
2009-12-21,-0.004499656654349038,-0.0006754761786766927,-0.003279111201449192,-0.003953277144126632,-0.003953601523574379,-0.0036777493885105095,-0.00411825559121326,-0.0030946578073463016,-0.0035867046744714193,-0.003709486968968889
2009-12-22,0.007477784007485333,0.007043842857818783,0.007813161163079396,0.0073292924509007484,0.005799661680191637,0.007341855680861098,0.007242108695970417,0.0061288194226265524,0.006700911930160425,0.007580324464918631
2009-12-23,0.006386703248644876,0.0033160850902784755,0.005404744191840116,0.00583270619107501,0.005793277020876397,0.005229284806383738,0.005698571068573077,0.003832162075164902,0.00496617278546041,0.004956257739782588
2009-12-24,0.0059384880933954776,0.007669188704725993,0.007092866326372516,0.006214489249616761,0.0013528798217208315,0.005945822557811065,0.00583381304169861,0.006847138804812358,0.0057262753766949,0.0068563954483926715
2009-12-25,-0.013287471728916866,-0.01196374784225318,-0.012381763488079844,-0.012273411324841055,-0.010389174960825365,-0.010800596790163208,-0.011384463059180616,-0.009779518100497375,-0.008623393888388065,-0.010467602925934627
2009-12-28,0.00919414664032181,0.0030447953810845974,0.006244989847695281,0.007733813937007561,0.0024585463652182504,0.005135575250240665,0.007447005968947984,0.001575653764915419,0.0039001823516404688,0.0053224965613254405
2009-12-29,0.012346252645169864,0.007058580325077335,0.011518196179090445,0.011970311125629296,0.006981086103145184,0.010319003986138942,0.011514961742172813,0.006629404191753396,0.009602294761572816,0.010929294511995202
2009-12-30,0.003517514803164312,-0.0001444646845103481,0.001973855646772771,0.0029130421467644663,0.00026879226821963087,0.0015915682780689444,0.002835236169831834,-0.0007376889202378445,0.0018029886276713647,0.0021829957227956776
2009-12-31,0.017269486009654278,0.008143111316249785,0.013469635998391905,0.015564878475880839,0.007984471032912444,0.012230883987107255,0.014697635503760909,0.008424829740879547,0.01344306129511974,0.013557954016878648
2010-01-01,-0.0170559124452776,-0.008484553896616065,-0.014629234356840715,-0.01576945290438425,-0.006177866457388714,-0.012785658386294974,-0.01485041711806745,-0.005963762087224267,-0.011960204239699013,-0.01315159842061131
2010-01-04,-0.014482820685293052,-0.007432731210590182,-0.01139712656365155,-0.01287964418433396,-0.0022750935238535774,-0.008778035270962325,-0.011234389879812845,-0.0023438419099790497,-0.0072847166218709125,-0.009612037235721904
2010-01-05,-0.01161593788303339,-0.006321708028426021,-0.010441609316176992,-0.010967662640241849,-0.005494066823747534,-0.00965856222943573,-0.010444930699240684,-0.006421094267904159,-0.009947291546433257,-0.010684746859849437
2010-01-06,-0.01378292266406822,-0.005866385082959447,-0.010913103163398996,-0.011888820435764558,-0.0004975493544191467,-0.0068180207991490605,-0.00988983193932591,-0.0011012156302872,-0.006350409206145602,-0.008146644124626512
2010-01-07,-0.0006915328281863475,0.0009661407120307164,0.0004257531259741487,-0.0004063105479036322,0.0021393938585247962,0.001511287263776362,0.0005618977618417897,0.0036318037071452203,0.0023739830920304072,0.002533658309560538
2010-01-08,-0.0008680483659908589,-0.0019269704372452123,-0.0010614221290592418,-0.0010229840357337538,-0.004916782796739683,-0.0024790442021609405,-0.0016758816141053678,-0.004965549697178329,-0.002978977574642716,-0.0027744708738887125
2010-01-11,0.007122841816592507,-0.001721011910016168,0.002116190596147316,0.004747078444777175,0.0008920388084363573,0.0011571683274209654,0.004279806905253425,-0.0005152999706954375,0.0017997334978527846,0.0023928911775761286
2010-01-12,0.0068022375430845106,0.00795288370625169,0.00710969053287247,0.006859599574894126,0.004849056428695153,0.007190496386624945,0.006800210064824785,0.006473386924872315,0.007280383972651627,0.007891346804478117
2010-01-13,0.01497306437601198,0.007003990925041226,0.011518152547136395,0.013375014823815645,0.004307898317118308,0.008950077397257061,0.01212146900261124,0.004603414961046548,0.008398186537774688,0.01086023664660729
2010-01-14,0.0016546379782715892,0.005849631820404655,0.0027492892020775095,0.0020334381645894517,0.006474640179700675,0.004056472036725545,0.0025300864437924897,0.0074323408944134695,0.004384074494316881,0.003298148258830569
2010-01-15,-0.01117609245044604,-0.004386576919561236,-0.008385939459693348,-0.009466493733543135,-0.0026912626446793375,-0.006699847588439667,-0.008456786072414846,-0.002141794129817076,-0.006291796754929746,-0.007377800965674863
2010-01-18,-0.007760586056764662,-0.00640506261306506,-0.007292354191170247,-0.007562490329015459,-0.0031068021171465343,-0.0059351333718223875,-0.006810429211259295,-0.0037265924092044767,-0.005500747099386638,-0.0066865635938854195
2010-01-19,0.011345661718232813,0.007805640040512873,0.010557530126221959,0.011104147746952453,0.008969899186120456,0.01030097475757552,0.010984198872274309,0.008803957606135393,0.010166108683607344,0.01104878224856276
2010-01-20,0.01083723445716589,0.0013798118252605907,0.007246271429228068,0.00907288096734904,0.0005761650764328774,0.005894300575786771,0.008133372175803899,-0.0003652871603476715,0.006906792581221177,0.007469261266942251
2010-01-21,0.0003828710911331079,-0.0006427756107155735,0.00022073170467007408,0.0005966453097756563,0.0021832254275608864,0.0015932088136318967,0.0012213238085527767,0.001039400875502805,0.0017474237683112737,0.0013649536424755748
2010-01-22,0.008029337914416956,0.006399959776590025,0.006349994099838829,0.006964526605940158,0.008162469559983121,0.005867724835978638,0.006695520559915957,0.007732160742736305,0.006145610251110156,0.006090341427049228
2010-01-25,0.013690893825456518,0.005403136611908943,0.01136647964313342,0.012659961336759062,0.007832644937678213,0.010781859341998157,0.012512422344260088,0.006490183022954454,0.009945822200270182,0.011517701500530997
2010-01-26,0.0013031236569076565,0.002582627208732813,0.0015125151376287338,0.0012219331043117343,0.005525764001992339,0.0013052726308788731,0.0014361834771685622,0.004197263403449725,0.0013772987261615466,0.0008640298949569303
2010-01-27,0.013576636024599464,0.013368325327624886,0.014074139689886023,0.013574274066143088,0.010739328693420536,0.014189311204681143,0.013690263000986747,0.012880761557693354,0.013136596994402616,0.013871528038342129
2010-01-28,-0.00101587165471817,-0.004089236443761579,-0.0016884000266442767,-0.0013428671610675735,-0.0022453627247274177,-0.000974715853498731,-0.0009888308451483363,-0.0022564830078003473,-0.0008815119791009129,-0.00027452727456012127
2010-01-29,-0.0009947006618720167,-0.0018358088429768493,-0.0010953533902459123,-0.0007989105329544444,-0.002646223899411271,-0.0012320608532641053,-0.0008749553382337849,-0.00187004211148456,-0.001127003839453966,-0.001098002829001743
2010-02-01,-0.005495923073036035,-0.0071251746892389,-0.006507923152135331,-0.006080445171272375,-0.0025325048096107583,-0.006396852870258596,-0.005798495512165269,-0.004504528374002725,-0.004541999985383294,-0.005892595113355048
2010-02-02,0.005342811167738271,0.0044264542272165475,0.005004964703313242,0.005336227234973734,0.007338956591569579,0.005369948928419355,0.0053373828686407165,0.005437905046954183,0.005371353080331875,0.004982082938608912
2010-02-03,0.003949209378022456,0.0016836678666771743,0.0015594789825597033,0.002502617962025999,0.0009004482763810273,0.0008812451436819302,0.002228505833613781,0.00018824949596396578,0.001278708424014674,0.0015626215798347776
2010-02-04,-0.005271859781485588,-0.003327428080959427,-0.003936478909469021,-0.0045311210055761775,-0.0009948511879447341,-0.0029897416874102856,-0.0041546764480482334,-0.0025363941078175856,-0.0027099668654095854,-0.004176645068855844
2010-02-05,-0.001726679864167524,-0.005080874040649386,-0.0033845554083788976,-0.0027496585061357326,-0.0037352868663583783,-0.003568617317139866,-0.0027495770032675004,-0.005263317902796105,-0.0033186997607803637,-0.0035593642539052395
2010-02-08,-0.002349800993407758,0.00017671043112388318,-0.0012817996450708025,-0.001920789584301974,0.0023711599131277517,-0.00015171320095086482,-0.00126694722362386,0.0022617887117819535,-0.000373309963062729,-0.0012134976819694332
2010-02-09,0.0038685276557977044,0.006339877453565013,0.004150742411111796,0.004102564779685736,0.005849589208611672,0.00465485888568784,0.004089456681171999,0.004509078774556308,0.003971051954219984,0.003340833021438172
2010-02-10,0.004569935277094261,-0.0007873633890480569,0.0032804766719845,0.0038893655459646403,0.002304398899619642,0.0033998197372306915,0.003947768191528311,0.0025228594585280373,0.0038852975916903176,0.004143154902505719
2010-02-11,0.0007399684078466251,0.00168631910691186,-0.00018118604569816732,0.00029970472469154075,0.0036448065758554193,0.00048132110537957296,0.00046254238165666095,0.001991115427441681,0.001509034796254971,-8.1573318571726e-05
2010-02-12,0.003811715263759119,0.0002794446236462633,0.0035833456262166496,0.0035722167316598608,0.0025021089068633096,0.00383324870059476,0.003918196722664691,0.0030860543780981686,0.0038272384164432793,0.0038810434312415154
2010-02-15,-0.0028025069973681704,-0.003345971679200921,-0.0031833551723834397,-0.0031112510267972127,0.0006398733908239418,-0.00238171474443416,-0.0028423447359273712,-0.0008794456603160583,-0.002677203758465585,-0.003110308791163807
2010-02-16,-0.003208640360912174,-0.0019689254631409803,-0.002621172672916061,-0.0030850734407469327,0.0012866391222092766,-0.0019322420150671427,-0.002890371195637398,0.0011389434073898475,-0.0024560210229456203,-0.0022879337065591088
2010-02-17,-0.004957007247661238,-0.0033582689176910874,-0.004994127144314464,-0.0049721555716413235,-0.007737427210783743,-0.005304576678418438,-0.005247939029108806,-0.007572934183679214,-0.005362255985078002,-0.005331904773599572
2010-02-18,0.0047941761723653276,-0.0026663652798309956,0.002996285029753576,0.004110745466245014,0.0002556579495149869,0.0037193213672868097,0.004345383744598141,-0.0009673928675077992,0.0036483277589316465,0.0035933677367516736
2010-02-19,0.012705233552892325,0.011740828489537503,0.011888325258160748,0.012322432730441868,0.013139559867491268,0.012167141301030915,0.012407159279187674,0.010337432835061389,0.011951962236470326,0.012026975258171646
2010-02-22,0.0066245986161828085,0.005235571584819354,0.006124286053846184,0.00631753253317191,0.006300612605572908,0.006594498902195323,0.00644896487740354,0.0042485732141961385,0.005167446834985823,0.005956571835721958
2010-02-23,0.01607014961614528,0.01332907864427968,0.015511784885469115,0.01577195846215318,0.013825514253203997,0.01539250713677176,0.015831098416780875,0.01562737428188954,0.015406756335497596,0.01577076770692698
2010-02-24,-0.008726470058565527,-0.007649318712952935,-0.0077167254143944986,-0.008049741865441495,-0.007399615866601983,-0.007199041656940297,-0.008157912071690698,-0.006996387876973653,-0.008660490408829657,-0.008346693661441584
2010-02-25,-0.012925307156471222,-0.015177679660067445,-0.012786201462685831,-0.012554879125638907,-0.0074915888757225435,-0.009743768112720153,-0.011553541012113921,-0.009607835655036312,-0.011323530939093107,-0.011283169790152425
2010-02-26,-0.0037723765199355608,-0.003609472045101203,-0.0036462596367285993,-0.0034410067246702924,-0.0014361150621216012,-0.002104472659786971,-0.0028806690940240687,-0.0018964813469763975,-0.00218464323021883,-0.0029076947435062728
2010-03-01,0.005412732903751216,0.005185812263309053,0.005983809377895444,0.0054701939418475565,0.005253567447936369,0.005111374980972139,0.0050991704920271275,0.005136142264853039,0.004606082945685097,0.004930080158665362
2010-03-02,0.010029448943807528,0.0057296883957806966,0.008050654770454413,0.008735718957882499,0.005264545587451819,0.0076371603245068975,0.008483511627631168,0.004216234754325088,0.0072200466113869766,0.008615393578363939
2010-03-03,0.0009710178677897474,0.005358665284985076,0.0013662124982045665,0.0009160911117689352,7.569109522620465e-05,0.0007041374037266568,0.0007381191182114222,0.0010432607442105724,0.0007980098325035545,0.0013248996713959293
2010-03-04,0.011038642736030724,0.004123324682322682,0.008597633591039378,0.010050807670799244,0.007389033570090131,0.008956537351755944,0.010127508841065058,0.005937130563641757,0.008680643028222468,0.009780911450556262
2010-03-05,0.001085277569067289,0.0010326000997828988,0.0014669060150971358,0.0013657529287027792,0.00025074856868023687,0.0012279640855592522,0.0012206331684421201,-0.00032827136169044646,0.0010953450544439747,0.0007928660676990162
2010-03-08,0.019727361500522234,0.017446293787844347,0.018916225228192918,0.019148381412849913,0.015456645061733942,0.01718827151594815,0.0182986396863396,0.015356637781950067,0.016329926770083825,0.017846170824572738
2010-03-09,-0.006175499450760569,-0.009851169962474815,-0.00631322804465384,-0.005944506344336853,-0.007982133057774954,-0.0067277670030507775,-0.006299662494215874,-0.004459416993180976,-0.006417513078976311,-0.006573458740199323
2010-03-10,0.017216264230203615,0.010757137934616967,0.01513573120089684,0.015998532748949357,0.012793144589789085,0.014843078955417477,0.015831178635817178,0.011635660682244975,0.013916674438945842,0.015416348840987082
2010-03-11,0.0045264351120088975,0.002007114159324974,0.003539287704412919,0.003939482186262833,-0.002137435953196931,0.002141064115352531,0.003191985786694662,-0.002149358633396048,0.0014728179763983107,0.002954749471238971
2010-03-12,-0.00031564417713347837,0.0019728285638027643,-0.0002896310260898094,-0.0006495550311025333,-0.0033239535563925893,-0.0014714722233089006,-0.0009341240186302446,-0.00024815232066810466,-0.0010255304687012412,-0.0005129874265937806
2010-03-15,-0.0021846665815574706,0.00019647641184095122,-0.0004766776692959329,-0.0011361436334601516,0.002259314958319658,-0.00025816197307593214,-0.0009890411384652076,0.004000281500029734,-0.0003019591165124291,-0.000941155514301073
2010-03-16,0.006645514634474603,0.00618763040620296,0.005902991008428504,0.005964059185142867,0.005535192672993627,0.005472057759923654,0.005706283443261739,0.0034933154749103856,0.005682249861201916,0.0057743639098739585
2010-03-17,0.00017908540682554097,-0.0006414970017709631,-0.0003575623656005833,0.0002002035741628383,-0.0011256140249540358,-0.00040079980960427974,0.00011656009792115896,-0.003490008466685901,-0.0010084548649728076,-0.0003826795344971101
2010-03-18,-0.005322757500023423,-0.00232889296284966,-0.003314141868838383,-0.004183760231734723,-0.006733793856994241,-0.003658157166187337,-0.0045574353536810275,-0.0033772644929782603,-0.0028920830696814726,-0.004038631383458169
2010-03-19,-0.010316422516505774,-0.004341855495244795,-0.008328523548563616,-0.00896951110017108,-0.0037281539955722476,-0.007512871528700282,-0.008537774746095739,-0.003688218350894168,-0.006548646624530141,-0.008052003212775993
2010-03-22,0.006583919663065929,0.004533351502499006,0.005218415629968387,0.005807829553231558,0.0047509054391792205,0.004431934440307428,0.005537603560223259,0.0029868838961604194,0.003873630450041521,0.004920602614846503
2010-03-23,-0.0056428347099768406,-0.0012461043002840455,-0.004508397531884478,-0.0050735178311526186,-0.0014683721918742343,-0.004144669899466713,-0.0049418191480942175,-0.0009380705726586003,-0.0034092672802783497,-0.004439693110202758
2010-03-24,0.007379285125580504,0.003607976731186513,0.0059371360597664236,0.0065722594231760745,0.004344800917923219,0.0052028104460084545,0.006084282526513274,0.007960965855510205,0.006160851895833819,0.006434474130406542
2010-03-25,-0.006711482558364956,-0.0019129816509267927,-0.005022665158951556,-0.006326639540270129,-0.0028161562814826846,-0.003928282867555755,-0.0055957683908701705,-0.0006926250931709177,-0.004186727957006253,-0.005179049299840144
2010-03-26,0.01441515182138553,0.012905154343454184,0.012821270259026019,0.013348154028578474,0.008652398077967804,0.010473057542460973,0.012293662324147414,0.00966545288009324,0.010411128071399656,0.012088761110279123
2010-03-29,0.0023225395186023956,-0.0017998542055088773,0.0005681762602940399,0.001607780233197964,-0.0023949994439480538,-0.00023874844953886143,0.0012424637725485521,-0.0012983463339814039,-4.2276621824322014e-05,0.0013493788526171002
2010-03-30,-0.01116855109574677,-0.006802760585191248,-0.009816556010816657,-0.010534331189264279,-0.00519815154365344,-0.007738735155187637,-0.009568963481058401,-0.005466840476224699,-0.007101078715660458,-0.008948139855162962
2010-03-31,0.01572189979834393,0.013863140630244963,0.01516009796102269,0.015034968336845811,0.01156801940361718,0.013339382541411648,0.01396557400425924,0.010861420803928157,0.011596468470742138,0.013128875126952266
2010-04-01,0.012627587774075577,0.0108510187439812,0.012023703110934036,0.011810916989489773,0.007968448196391531,0.010014837053615722,0.01100052828521414,0.006889887050542276,0.009375398120688327,0.010289820425452234
2010-04-02,0.0016064110268902976,0.0012771390807198024,0.0015277145648004975,0.001600358027225024,-0.0041647746622661685,-0.0006191215794796312,0.0005135986758917355,-0.003393581650376065,-0.001486513535941425,-0.0002717468689018565
2010-04-05,0.0031612524096205075,0.0011058841861999458,0.0030676198586243597,0.003102818404758123,0.002922566671054838,0.004076819334396298,0.003470953531406362,0.006433868271710663,0.004948992989783907,0.003993745175562058
2010-04-06,-0.002658286227817719,0.005950160783460001,1.4893780561076042e-05,-0.0016442257818087835,0.004248203315117216,0.0010894364112163935,-0.0011881043858785745,0.0036472096806869914,0.0005858552372268733,-0.0004632876278438669
2010-04-07,-0.02332789354795539,-0.01602679992361722,-0.021054804655613824,-0.021887412042512433,-0.014294405944641042,-0.01820832345753931,-0.020471512483483223,-0.011904990471793386,-0.01815599983583971,-0.019281446027902716
2010-04-08,-0.022725874916851074,-0.013483119021033385,-0.02032203484666617,-0.021751672103463626,-0.01297530137716385,-0.01750435628581526,-0.01984518655552614,-0.012374889121798738,-0.017046435782047564,-0.01894588282175813
2010-04-09,-0.010146617392874369,-0.008264373164934558,-0.008214497583608149,-0.008743611106295957,-0.003030904267795176,-0.005348673648578384,-0.007661903315042795,0.0032250017181223445,-0.0034244344403360216,-0.005993801236012897
2010-04-12,-0.006469705815981164,0.003916230480488503,-0.0026440619058000214,-0.005132185852016136,0.0013538334548857112,-0.0006696465316360367,-0.0037035199527495344,0.0016807938708667258,0.00013516931894530515,-0.0019041705301974243
2010-04-13,-0.0036662126458756328,-0.0002721214828127483,-0.0034651096576282514,-0.0033630055287471317,0.0017526888357739523,-0.0015965120722354342,-0.002253703320801659,-0.000574593952577529,-0.002322988337025267,-0.0027401142312102333
2010-04-14,0.016622433576863438,0.011261375341863111,0.015358668866064962,0.016119829399820373,0.009668487681042226,0.013638607173084294,0.014997819420240477,0.008752333121671008,0.013118815348947876,0.014445041342371123
2010-04-15,0.003208140062350262,0.007267459702813284,0.00452660467379884,0.003360118537392376,0.0007930279741827917,0.00433217649576112,0.003778338673031456,-0.0015093955728719965,0.0035255107334790647,0.0036384102152575704
2010-04-16,-0.007261136840146953,0.0006426517596753722,-0.00459213165454142,-0.006051971028795511,-0.005236087139049883,-0.005075897403808871,-0.005832555219459579,-0.006019538911857691,-0.005343968422982015,-0.005851053957937946
2010-04-19,0.0015302971021213807,0.0017483363750829817,0.0023479082231072645,0.0026656909246884908,0.002671740192757399,0.0014995956086383266,0.0015924121127866009,0.005396069777311219,0.0018965005986668615,0.001605522380230262
2010-04-20,0.004490336574985543,0.00757302997652487,0.0034916904630630796,0.004019817042926643,0.005891139408166657,0.002544463383009621,0.0026886087981059514,0.002252302309979859,0.001193534630008486,0.0012731159489067778
2010-04-21,-0.00618434626904929,0.0012286726684265226,-0.002648081292148885,-0.004608503015748888,-0.0019813473539271875,-0.0030063718935993133,-0.004199756074466321,-0.0003432854828140375,-0.003764538869547085,-0.0033032189695298975
2010-04-22,-0.0075440837637754665,-0.004664176627911409,-0.007151581252633155,-0.008375349012098354,-0.0005309331643083004,-0.004804568816402899,-0.006122917594418742,-0.00035756290574884275,-0.003643565445872632,-0.005657348190742484
2010-04-23,-0.0032483911770679885,0.00353917132356818,-0.0011181332852965298,-0.0023796091577577005,0.0033922668869670325,0.0007941753444002941,-0.000932326974245723,0.004857519604670291,0.0021320582500201635,0.00012563023535561157
2010-04-26,0.009345589189552639,0.006962318496305242,0.008130631447190506,0.008335635709706635,0.0020168224743004615,0.007787162241528867,0.008444618114367364,0.00017352609186760404,0.007229813647847916,0.008577692816919003
2010-04-27,0.0015220404327960235,0.004201435722952063,0.0020364465927147357,0.0016131299235757623,0.003080062652262905,0.0013647100208409313,0.001297970990604691,0.002826849905730233,0.0014980481449970995,0.0011697372979322385
2010-04-28,0.014695287622540132,0.009814961892702145,0.012267188567039788,0.013538013311748864,0.007326712621760656,0.010418542360675076,0.012238211697235712,0.002016704136286185,0.0077689326353052035,0.010708016475143856
2010-04-29,0.008872101058625681,0.004136586474188242,0.006656659113116081,0.007685059938715044,0.006135788258806674,0.005942677729536605,0.006871619829044828,0.005588844065060439,0.005230842637036659,0.005965007658950139
2010-04-30,-0.0031708193779541594,-0.005712113045665879,-0.0032398313160065806,-0.002814762665454329,-0.0038920549077181565,-0.0029911977896948105,-0.0028608319714034103,-0.0022838022888052034,-0.003334062685156791,-0.002241287525982738
2010-05-03,0.007552172707165461,0.01140818930854004,0.008915638129642245,0.007619839114658689,0.004277266255888756,0.006178097435886043,0.006525013990337669,0.002617656447827299,0.006279643547613789,0.006396178694733745
2010-05-04,0.004196956505875482,0.0007052151907960269,0.0035818546909007765,0.0040036541692796135,-0.0017415546516399427,0.0015880591825576662,0.002872128479381786,-0.0010037261777734452,0.0008999701614584854,0.002415852499094484
2010-05-05,0.0006360464458967652,0.0008267229165803691,0.0016135638974246191,0.0008490117553270338,0.0003893579680380732,0.0015403565670475405,0.001022436989567277,0.0028610698654214506,0.002241798365222758,0.0018324293606308828
2010-05-06,0.007762231266898567,0.007849697214770135,0.009853196127530328,0.00857789703629308,0.004469524643765377,0.00837406054561729,0.007977139245918918,0.00553035612936581,0.00836718012706128,0.00818723055211823
2010-05-07,-0.010552904858599499,-0.008546639703709502,-0.008551166051958714,-0.009933321048468002,-0.005112693846773375,-0.006304851785223553,-0.00831550282600868,-0.003987254863205614,-0.005517945402221502,-0.007610178918712407
2010-05-10,0.00397983148831349,0.0008816985637167818,0.0022097539316174863,0.0031519962017820813,0.0030733233402651106,0.0027201520808479707,0.003055998188008724,0.0025833454688535262,0.001731510280102544,0.0026232097403573462
2010-05-11,0.006664015063509332,0.0032710033033422903,0.005360663123023635,0.005567704415142538,0.00493129673099002,0.006827933372103523,0.006664719834843291,0.005290088499861234,0.007165609977492604,0.0068119810975000306
2010-05-12,0.005278173195094382,0.0032386471899814584,0.0038680637294816744,0.004617540496921091,0.005582648738103213,0.003459836970050034,0.004118659541539227,0.00415777694251096,0.002767674199341652,0.003704182244652632
2010-05-13,-0.00587026972592708,-0.004850041283172901,-0.005007922475639304,-0.0053232094034324495,-0.004111012027235406,-0.004102442835153597,-0.0046476075891472846,-0.0016940452654408134,-0.002474195232377241,-0.0034992537205782437
2010-05-14,0.0017007712638423822,-0.00048050846949609927,0.0014670128771838709,0.0016977684032417617,-0.003484102752890461,0.0005999569304599994,0.0012889308514143494,-0.0017331183217524915,0.0010149105021455274,0.001979511542037349
2010-05-17,-0.0019791414466769908,-0.0027715842331200724,-0.0017469905536739994,-0.0013746377347614303,-0.0017044413119308155,-0.0021161791061733437,-0.0019257866053326023,0.0035677245024070547,-0.0005286947017700827,-0.0005568901831983775
2010-05-18,0.0004002967823899528,-0.0011324359110613802,-9.811073164289752e-05,0.0002814973791982478,-0.0011962306768917852,2.0128583188672167e-05,0.00023675002791523347,-0.0032637463114579823,-0.0006151129680276313,-0.0007085435202918156
2010-05-19,-0.010601536522312882,-0.00509845447203694,-0.009029095289090239,-0.010043150677820911,-0.007235139410808,-0.00827097421935874,-0.009205657083049767,-0.006843233985446284,-0.00848298852025886,-0.008388360326195388
2010-05-20,-0.004783478281366937,-0.004259675085960035,-0.00501785306637037,-0.004504191021262982,-0.005426111684891266,-0.006303484253343594,-0.005672292310429428,-0.0059876036460263515,-0.007058812094046907,-0.005765555123304789
2010-05-21,0.005579076820789508,-0.0006526618814323148,0.002994582943041113,0.004342134870209735,0.0012435865337245833,0.0026781075450794667,0.004080180733114558,0.0004056010559700951,0.0024282449006052254,0.0033654701931866704
2010-05-24,-0.004820515136531256,0.0025429517154311743,-0.003018098191583607,-0.0040792102388942375,0.0016000595084251223,-0.0029464521599709137,-0.0037386797546429262,0.0016913534226405957,-0.002980395115354084,-0.0030617562262451603
2010-05-25,-0.00591913310632608,-0.004036339099088293,-0.004928942220136734,-0.005229658498457246,-0.006126898337287745,-0.005080256447969944,-0.005614837958610841,-0.006599808861800893,-0.00508385442327608,-0.005699152696840293
2010-05-26,-0.015743533128235065,-0.008740597769306246,-0.01252615625952025,-0.01436441715456771,-0.00989656943440631,-0.01130978435189034,-0.01345481821072092,-0.0107899878691744,-0.011925970197409153,-0.013120532235458282
2010-05-27,-0.0001912812609183856,0.0016711465713723506,0.0009258798988915906,0.0005550055244871732,-0.0002548538291180513,-0.00037390263048031613,-0.00023317115996790427,-0.00041192712342041915,1.0198130673710892e-05,-9.006160635949279e-05
2010-05-28,0.009118776320106603,0.004550314464385696,0.007633136990963019,0.008379371292220661,0.005827482946256568,0.006783913486656301,0.007860876893672097,0.0034218201416440497,0.005235409280718084,0.006529812289193693
2010-05-31,-0.006524468673550943,-0.006022239026664877,-0.006425716524422809,-0.006813325900152822,-0.006308789291369465,-0.005290111397927788,-0.005845329019311896,-0.0060647392730015515,-0.006207347130528951,-0.00610856107393587
2010-06-01,-0.0026190951040256927,0.0001227164164165906,-0.0023909894462877945,-0.002420472203440105,-0.0004432665788833834,-0.0015067188869135606,-0.002195369667234659,-0.001539404360769936,-0.0016533095656982022,-0.0025255531674251985
2010-06-02,-0.0006265929216372479,-0.003204538137666635,-0.001332046256327546,-0.0012345857779535452,7.191934382855258e-05,-0.0005413997178435048,-0.0006051829921553953,0.00217548378525545,-0.00029700382979647166,-7.72346350556008e-05
2010-06-03,-0.00012847066172505528,0.0017358986406148524,0.0013541910237084842,0.0006614647206233393,0.0030886355269514887,0.0006192060692324919,0.0005398656844401994,0.004681597422143691,0.0018643062855301373,0.0012277655657513264
2010-06-04,0.011292235435458542,0.010095300345965619,0.01018955495943219,0.010785221352792584,0.008935886564712225,0.00961569656992367,0.0103987062084685,0.006450943701093781,0.01003762339242753,0.009886315400644996
2010-06-07,-0.00013746176631956875,0.0018007683874894376,0.00037807344407592147,0.00022562610331022803,0.00041467916459780874,-0.0004089350285114701,-2.8008004083868165e-05,-0.0005217359389388943,8.274487584891688e-06,-0.00012271335840541298
2010-06-08,0.007117433389886463,0.0026003567175483244,0.0067310551601942326,0.007109579022817281,0.002284236494528802,0.004252175115120771,0.0062528898982245895,0.004235987400118768,0.00533910803591664,0.006839933433519629
2010-06-09,-0.001275017716356519,-0.005000197737601075,-0.0022217317282242632,-0.0016678380722293662,-0.0022177788900267226,-0.0014954848162174184,-0.0018474656309189763,-0.003612175315905297,-0.0015633820015275024,-0.0027481558268089845
2010-06-10,-0.006037997719233967,-0.004135616150321875,-0.004480653383824529,-0.005852562171617115,5.7477143517337126e-05,-0.002949977946171134,-0.004398217565380502,0.0025351871924654823,-0.0014304031842382603,-0.0029090037155623527
2010-06-11,-0.0023661784557550414,-0.0061835655343217555,-0.0037900768094343285,-0.002934043843907941,0.0032709196503601934,-0.00043189993196612875,-0.0013194539884463508,-0.001834047538959438,-0.0009164136618255991,-0.0022220013332163724
2010-06-14,-0.005368950926225802,-0.006830924532269633,-0.0044970296744591964,-0.005176534608305805,-0.003665949765362053,-0.0034740254322876973,-0.00427008313646593,-0.00125560413437098,-0.002846283504772562,-0.003447244473403166
2010-06-15,-0.018693131206985236,-0.016183036838228637,-0.015776557293389004,-0.017243612991125645,-0.012126867800013486,-0.01541020194046605,-0.016905463532731924,-0.010304015359149599,-0.013476488834175182,-0.015444346080731752
2010-06-16,0.0012685918351533765,-0.003688375176375658,0.0008149258099796608,0.0009365119437723113,0.00014880766344682606,0.0015218464984938507,0.0012660594438376194,0.0017874229431589228,0.001751454025494592,0.0018690349853291988
2010-06-17,0.008217330901578057,0.0032446342099583525,0.007139682610372233,0.007579754581623854,0.009769987632757715,0.008448347001951184,0.008202691505097448,0.00767337612710417,0.008059978682684266,0.007391932455475869
2010-06-18,-0.0011698184553504687,-0.0053870592895929326,-0.003365586777032137,-0.0025556169609419754,-0.00018145080928322344,-0.001496378374724494,-0.0016946830751627395,0.0002142602562278384,-0.0013181081061134359,-0.0017396098099417001
2010-06-21,0.010985148800369382,0.00014657731668710205,0.007418368495679006,0.009132373513702996,0.003667039377230674,0.008369370270822296,0.00931045149209453,0.003957135901736741,0.006828759866573275,0.008073521664456518
2010-06-22,-0.008696322969032666,-0.007182815067361625,-0.007310028327405016,-0.008123062575530304,-0.003449937893101218,-0.006074697739140378,-0.0074451253937629636,-0.002030699874822073,-0.005903886513658252,-0.00664495928816744
2010-06-23,0.010507694367271059,0.007787489972818973,0.009704519424571956,0.009682478116155302,0.0074680427964397555,0.009096076871690117,0.009758644816905138,0.008612308564003524,0.010707656559677536,0.010389202362435013
2010-06-24,-0.01150159432218234,-0.005991626927952298,-0.008956516342747745,-0.009893474278014569,-0.008054519320251807,-0.009909162555763573,-0.010391910269858973,-0.006415219118736548,-0.008910312162190848,-0.009277662587467317
2010-06-25,-0.0056857378636776534,0.0006371132024585169,-0.0016931538415287939,-0.003526668727352189,-0.003568269568325011,-0.0036770699848445165,-0.00400474643692772,-0.002528338307939526,-0.0014503028742607338,-0.0015562699088933485
2010-06-28,0.003248111422027522,0.006319071490193284,0.0030039859518422585,0.0034601804667717673,0.007832243869643651,0.005473950983504894,0.00460298103236112,0.004756417522552292,0.006071944269016694,0.003906275406976523
2010-06-29,0.010780153847478102,0.015357733755801739,0.01187825485285443,0.011519066945826717,0.010756483812240258,0.008915289828047346,0.010219497595302496,0.009113850789704392,0.009168475382739905,0.010580428077915816
2010-06-30,0.019773155873352266,0.012790710769299274,0.01613607266619277,0.017433657885752574,0.015080856299951595,0.017281678535552958,0.01829655114038653,0.01319822207690513,0.01576541956868316,0.016660517038517453
2010-07-01,0.011668539704912329,0.012672323486856651,0.011594107692430411,0.011398330436316328,0.0049851438205128495,0.007602400256851105,0.00943542853047008,0.004411313767498148,0.0072791596889345556,0.008642518168512137
2010-07-02,-0.006131986708672765,-0.014039700280327416,-0.008758941711807133,-0.007156447170619362,-0.002414461456999639,-0.004769616165190449,-0.005764338062626773,-0.0034660842479099507,-0.004909447243097942,-0.0070645273533548325
2010-07-05,-0.011133934140868051,-0.004240404802980269,-0.008587113779957134,-0.00922045038410313,-0.003079392162326444,-0.006686298746189756,-0.008754265861203314,-0.003742569494472492,-0.007873626908002196,-0.007401938598620705
2010-07-06,-0.002236784776775802,-0.003595808470595374,-0.0033784900532930484,-0.003109834259365285,-0.0025135504306188494,-0.0020400808923801694,-0.002554849039224094,-0.0014450234124648853,-0.0024116150818859206,-0.0034318600949411193
2010-07-07,0.010981273729249175,0.009658561948950428,0.011133439411966872,0.010708843293200987,0.006700300069566678,0.009724243592024617,0.010166436698973547,0.0075209559373534685,0.010813105706475534,0.010294882433673713
2010-07-08,-0.0008305635521078658,-0.006816811272091772,-0.0033231185900276516,-0.002475019924695565,-0.006024783626508157,-0.003755167048980268,-0.0025581942808149405,-0.003946387741557422,-0.0037961963253703157,-0.003397202222753082
2010-07-09,0.0007714713599524803,0.014323092596130849,0.004164763839171304,0.0025633511647913387,0.0035875398891644927,0.0014463698734659136,0.0013556460510737445,0.00012959131556522507,0.0022444211793448687,0.0010781807107460573
2010-07-12,0.0061878392445093855,-0.0028189442717807545,0.003439406035067538,0.0046541246546896176,0.0016778563757822162,0.004004830822162964,0.004935650623825172,0.0029237426843875536,0.002936599369667281,0.00449069062699281
2010-07-13,-0.0035537505240774703,-0.004429155256790329,-0.003459637376200919,-0.0035839420067727,-0.0042939788526786815,-0.0034172553683611273,-0.0033562387270142935,-0.003871394128557859,-0.002722137526788737,-0.0035782303219795697
2010-07-14,-0.014924369691618145,-0.017224721558780742,-0.014324800813550698,-0.014431433742027044,-0.0100452970533772,-0.012401487535627975,-0.01356053137955937,-0.008407155759387774,-0.012389294051094124,-0.013170114863755855
2010-07-15,0.014651500910610293,0.017942836071985546,0.014291167499670854,0.013890131611404177,0.006165939184965996,0.009375938432413244,0.011936118260426731,0.0038203179370721596,0.008861591566970084,0.01066012108303993
2010-07-16,-0.01759596752641457,-0.015645043318166074,-0.015651563566754456,-0.016501322048213973,-0.0063090615265126715,-0.011366085242647261,-0.014718376763701468,-0.0052210048778229545,-0.012062528221260416,-0.01389939749649749
2010-07-19,-0.005158631653870538,-0.010772352637874016,-0.00616257124376518,-0.005587587290159957,-0.003765026015650652,-0.0027546825376307815,-0.0038808661512529374,-0.003041148182527209,-0.00183057432052669,-0.003158654849358511
2010-07-20,-0.004495555477518454,0.0063440856911956,-0.0012691920353549158,-0.002985560283156996,-0.00040139487169210675,-0.003972089884949015,-0.004425288217732359,-0.0033823053883452747,-0.0036159690541863743,-0.004072713765867597
2010-07-21,-0.025083681885727183,-0.01611699961253321,-0.021641309653396168,-0.023070459830951018,-0.019068628175061608,-0.022136155850548733,-0.023469606034081325,-0.016527502357273738,-0.020350159709828675,-0.022272933719896137
2010-07-22,0.004362478953686022,-0.003612846477050846,0.0015363201194380505,0.003047601602621075,-0.002419786529126444,0.0024817096377498515,0.003646259531277396,-0.004230461647156569,0.001039370532376127,0.0017044281309530618
2010-07-23,-0.013974587792920934,-0.009803292644844919,-0.011575585745935202,-0.012564911601816942,-0.007704389249566512,-0.0103534266986689,-0.011899389007227867,-0.008224524003113243,-0.010092953242569314,-0.011400785851989559
2010-07-26,0.008528438314761244,0.008340250234866176,0.006917719773104958,0.0075885581714658645,0.002085054234596928,0.005004591609262921,0.006632519833525974,0.002093514648390693,0.0035078502257896993,0.005962152290342804
2010-07-27,0.005190879679773053,0.0035182947193093117,0.005298132362050012,0.00553662955105505,0.003706243266976994,0.0044934816089725604,0.005137526384942914,0.002955285307148836,0.004584809445626892,0.005265195883138674
2010-07-28,-0.0061131406137378,-0.0065809466913363535,-0.005780297273068724,-0.005582759024146844,-0.0038468653160455,-0.004177685632111072,-0.004826567254445413,-0.00627167024119446,-0.003997175903033612,-0.004754411863917785
2010-07-29,-0.021843815015781698,-0.016120165986748924,-0.019291364532604494,-0.019930201293090866,-0.012944917439334347,-0.0167880473989781,-0.018956285961838404,-0.01085756969477747,-0.014968725035593322,-0.017609553438836634
2010-07-30,0.0024953981778710332,0.0004298005851468556,0.000748713926555622,0.0014809037606564601,0.00011001587130055057,0.0010000077831504584,0.0013887807611079328,0.0014593058600615993,0.0004235543338546588,0.0010362360755786781
2010-08-02,0.015212293813906541,0.010332197674933097,0.01228992185074107,0.013337699309419193,0.004712214319075647,0.009697398710017069,0.011869601122124207,0.004279756441382121,0.008865693066086422,0.010544428650657967
2010-08-03,0.01670751335469034,0.006114699131296586,0.01283789378744249,0.01443904170581356,0.007228982260564676,0.012497780153993387,0.014142079695980803,0.007530397197976324,0.009957212594603027,0.013407364199328864
2010-08-04,0.0012554242197195808,0.008634956666021765,0.002541828493409337,0.0014999115496054927,0.00365166156130603,0.002177912569175211,0.0016353471168044642,0.005402172632640756,0.0031394626812395465,0.0019746910622853164
2010-08-05,0.0017745025720896646,0.0072667460970956554,0.005220871704639585,0.003415401910849658,0.0052784316005529686,0.00296804067440104,0.003037882540519732,0.004316606551848734,0.0038923109001149925,0.003993136969247857
2010-08-06,-0.010536742571234381,-0.008307533972870651,-0.009035351770998234,-0.009581461152103676,-0.00241268932152372,-0.006136373410864593,-0.008503858996921076,-0.0012122610677742784,-0.006439326822525682,-0.007862099888422347
2010-08-09,-0.011771648561748393,-0.010488571889486598,-0.01102840193300314,-0.011180075404779166,-0.006121149796622594,-0.007528823523566763,-0.009418242047434355,-0.00611613672135114,-0.007023877361901021,-0.009192182546968408
2010-08-10,0.013229616208309203,0.0074068035295955514,0.01019787980138398,0.011320868697251907,0.0071173306899381394,0.00968243750665243,0.011125681430614875,0.006110720073510656,0.009184341894764803,0.01014616781589095
2010-08-11,0.0006152368849958734,0.0017524081188715623,0.0014255128936011552,0.0007904453040976644,0.003723198174135467,0.0010972580478434413,0.0005123588285766978,0.004113892357344051,0.001681408158117792,0.0011192425239134884
2010-08-12,0.020346573769645104,0.011390283401230494,0.015906175445937087,0.017564374383398196,0.006208068204520467,0.013542657301408356,0.016458237870536907,0.005251928756535351,0.01210287821097511,0.014497827511120942
2010-08-13,-0.011282715669793886,-0.011277393132181235,-0.011671942826673276,-0.011340302942480007,-0.0048502943868364845,-0.008887895715653515,-0.010085975781128131,-0.004791409649490763,-0.00848593767148309,-0.009357496473911597
2010-08-16,-0.009328191339084357,-0.007773564768039254,-0.008228322063706828,-0.008324668560871884,-0.0047871129982082206,-0.00703574221408898,-0.007919031502939378,-0.0024495118130376525,-0.005154783684161113,-0.006463811293035193
2010-08-17,-0.007132902142157893,0.00016294458480414775,-0.00397247186924421,-0.005193993714151746,-0.004667273158079244,-0.005722994821358074,-0.005981546052729048,-0.004672262226065982,-0.004593454039958256,-0.004267347239067076
2010-08-18,-0.0014671793097622565,-0.000286355856796483,-0.000566993045592934,-0.0008665366017814868,-0.0019262075365230613,-0.0016049385484403489,-0.0013956845245035598,0.0006996257990083965,-0.0009961271218262846,-0.0010509026725644688
2010-08-19,0.011914864343281595,0.007299118003695426,0.009766674993900937,0.01042265209803217,0.0016941962429426471,0.006438183351891391,0.009183698607455826,0.0009609637857046494,0.005015195884218837,0.00723205574844954
2010-08-20,-0.004569928820868929,0.00511846273051475,-0.0011591187008659354,-0.00257938740495256,0.004606619205727247,-0.0005977694191861005,-0.002463785578322497,0.005004313752820622,0.00041041888043991115,-0.0009369366951744729
2010-08-23,-0.0017227442252036873,-0.001266058098408518,-0.0017133939788408492,-0.0016276361404299333,-0.0015539710729840506,-0.00289066661424342,-0.0021688956671962467,-0.0032363754693957025,-0.002593937640554822,-0.0020219344987735255
2010-08-24,0.005073252752087809,0.007881353713049766,0.005595138063177796,0.005216208249988918,0.004538431231483564,0.004029490754954956,0.004469622644955207,0.004980979369958449,0.004478761277186605,0.004684983170334389
2010-08-25,-0.0037616167561396185,-0.001469288634638355,-0.00225130988766431,-0.0027089179878352354,-0.0009233468643655707,-0.003176598959354182,-0.0031155883759013125,-0.0010999158763496109,-0.002181511226323707,-0.0017785144182710377
2010-08-26,-0.003050966341317962,0.0006777847673615778,-0.0014424544975801812,-0.0024022393986506962,0.0024290527472783374,-0.0011454256912971639,-0.0023454114977422558,0.0007288994179979191,-0.001179373015690488,-0.001712829948668726
2010-08-27,0.0004908135196897145,-5.997437405658168e-05,0.00018097245444015364,0.0004659107063176293,0.006638872766023596,0.002601705465039794,0.0015006213515844635,0.007497007860560956,0.004690418736396973,0.0029696745660423574
2010-08-30,0.0016942236972765645,-0.0005832690812785923,0.0009965582856663602,0.0016162530794510133,-0.0004084783847693174,0.0012133586435441046,0.0016566538634859018,0.0013046833820544723,0.0019022853186936306,0.0013523814072318174
2010-08-31,-0.011298417057226007,-0.0023225892689889838,-0.007934750391648482,-0.009198717807921364,0.0004471072389795605,-0.005807362818360473,-0.008166296321098332,0.0020314308388900137,-0.005084137343405404,-0.005572935553980862
2010-09-01,0.02312315208406379,0.018432614966742644,0.019691166839534535,0.020937507841571223,0.014262466847129174,0.017241411209529822,0.019557086375033395,0.009030181136258753,0.014368956331913818,0.01536834738564874
2010-09-02,0.013300754091161826,0.009036283388345057,0.011687636286306757,0.012283956107519867,0.008059611027570135,0.010877962987614564,0.012044236973651756,0.008186924741210522,0.010914066141177958,0.012112844916689403
2010-09-03,-0.008353388269109474,-0.007205727750730029,-0.007702887814576398,-0.00807070869523785,-0.00807494038900014,-0.007320854664250809,-0.007828090296450041,-0.005363311793034287,-0.007916384295928891,-0.006038711369801497
2010-09-06,-0.0007056196596190167,0.0032789397003520904,0.00046590063498075374,-0.000260934646043709,0.0002851106417149918,-0.0011247752451275517,-0.0009916440979247376,-0.000627496288565843,-0.0015811445330761176,1.4638877171124776e-05
2010-09-07,-0.000850457728095888,0.0040235306584295305,0.0014316081781988732,0.0005339574117158019,0.0032540702570478253,0.0017779708386336246,0.0008254906699134423,0.004957015533968434,0.003740636065248104,0.002380839011744129
2010-09-08,-0.00795516210713565,-0.0029895649052138484,-0.005776433149365268,-0.0066158609477249275,-0.0018706348394429417,-0.0038143762377778057,-0.005782327121710562,0.004295770013626354,-0.0017813182753972923,-0.0017498550391445988
2010-09-09,-0.0015870898631071828,-0.00041458556064599694,-0.0010516357932681686,-0.0011435814035596348,0.000507658141762013,-0.0011021678806558688,-0.0010964643363092774,0.0020203694786304904,-0.0008478513341761973,-0.0011603537111668505
2010-09-10,-0.009942514632047317,-0.009842342303521545,-0.009832512372472735,-0.009554597540844423,-0.008765527917484972,-0.009382582874492229,-0.009526096720509858,-0.009134083506578516,-0.009664227173638684,-0.009609743147621863
2010-09-13,0.0008623960188511859,0.0054443627319598065,0.0027953269523788293,0.002004599996325407,0.005732322788406297,0.0031399943469487823,0.0020708475274389126,0.007060784136475817,0.0044574006297346536,0.004135730026995299
2010-09-14,-0.004194771172059797,0.0016974598814587516,-0.0018807817450798847,-0.0028879144336517726,0.001913775865452827,-0.0011281324774788937,-0.0026989552016694063,0.00011040044477184097,-0.0012424178348554582,-0.002560175791588737
2010-09-15,0.01129341799583794,0.010908057198226517,0.010497875845999483,0.010640221058231036,0.013573257185274468,0.011065150164217386,0.010834007340670748,0.010940389361262515,0.010478129389279056,0.01000514828446386
2010-09-16,0.010220568463503943,0.009730035077207821,0.010169305971671205,0.010252809144356556,0.010762304832577119,0.01037602599147669,0.010339629024201713,0.012510822583945203,0.009769885290988878,0.010829106643110986
2010-09-17,0.008532089004499754,0.006427184554813614,0.007171438899568727,0.007752375536191902,0.008917399382107893,0.007966621111963779,0.007862614931859246,0.005818366763945315,0.007097848298621701,0.006855410102434956
2010-09-20,0.0005176038683394335,0.004860655697686678,0.0021040571676669284,0.0011932006062942424,0.006173270637360728,0.0025372357955730784,0.0014327834141358853,0.004017720093361099,0.0020194823711550125,0.0017983074754803763
2010-09-21,0.01113250975818425,0.004664847134837835,0.008161166317692592,0.009547712559897725,0.0050846215838245,0.007893102745224256,0.009322218293608353,0.001270480889624892,0.005640134017919962,0.006778091472780856
2010-09-22,-0.00536179499055367,-0.002622081560829992,-0.004925122133084159,-0.005088716777656432,0.00035425370993391603,-0.003759919184864624,-0.004801116701048991,-0.003362728124848169,-0.004593277352972547,-0.005276937499303913
2010-09-23,-0.008700344762052392,-0.0008531912843571243,-0.006332927723301296,-0.007334306288326542,-0.00025833678847342334,-0.0057837486158967,-0.0070630463398489995,0.001816569277730773,-0.0043098904014936545,-0.005681471675065941
2010-09-24,0.008870994587401038,0.0023887834182168,0.005879558081288039,0.00691962937744961,0.0005350081748161095,0.004300068819116598,0.006369047129987759,-4.460217727286775e-05,0.002948632313610311,0.004454912876379558
2010-09-27,0.0018748533151682345,0.003513533417606851,0.00223889176922043,0.0017968442595492906,0.00625439311459397,0.002565934421174809,0.0021658750303537033,0.004120673540215725,0.002563217596308398,0.002526260625003829
2010-09-28,0.002496888600202807,0.00411840042326439,0.002532183075784733,0.00275704741760463,0.006169969588251334,0.002381871535989788,0.0024663481075311022,0.0041911924997131145,0.003602701491522753,0.0022467343167322795
2010-09-29,0.005508240112316765,0.005026561132415841,0.005055903903661063,0.005218813366760999,0.0034053865517187365,0.004495241496699887,0.005083303416979046,0.0028744459172587167,0.0034752560453672476,0.0037827684790472382
2010-09-30,-0.004023509328674457,0.0007948714278711577,-0.0014602139365600397,-0.0025800608642858602,0.00048026812381229966,-0.0008354126691119124,-0.0020507403883553987,-0.0012351548033209259,-0.0007061245368891189,-0.0022244915758590222
2010-10-01,-0.0045119167076709266,0.0017934605875280507,-0.0015005325527968072,-0.0025933627120569014,7.879196840621105e-05,-0.0014112777672266041,-0.0024718495553441855,-0.00031731295353165656,1.5956631310931613e-05,-0.0017374829443626005
2010-10-04,0.005215017802250088,0.004745640924997074,0.00453879677903557,0.00490443660473705,0.0012071934379374039,0.0031343294526671173,0.0041339677397667085,0.0007002075841988642,0.0026118064484421666,0.0030404717809520143
2010-10-05,0.0008031924669171797,-0.0053598164886796695,-0.001389981531481732,-0.0003885566937965601,-0.0013864420760001384,-0.0004735265834147073,-0.00021621370021873698,-0.0007684475903834143,-0.00019401133257379577,2.0284282298943523e-05
2010-10-06,-0.0019567997208842502,-0.00479245325193689,-0.002703799240601157,-0.002223478920951316,-0.0033982581439933046,-0.0026059146841335146,-0.00228449120297769,-0.004857027282460291,-0.002185880088010461,-0.002672702175919084
2010-10-07,0.0057234483398482805,0.005476395838553527,0.006089257427049466,0.006120069096227532,0.0035023467459138757,0.0054678577529301275,0.006149349331370013,0.0030532999373620306,0.006346201545104568,0.0056862973749982615
2010-10-08,0.014293663024565584,0.010344845496636612,0.01238623405154926,0.013139230554858328,0.009045371406083635,0.012282074771754692,0.013143433532221804,0.007582968988603778,0.010863742299458634,0.011090049876095298
2010-10-11,-0.007583879327571763,-0.003012173815303276,-0.005661090188199491,-0.005978828607781539,-0.004596565172015121,-0.005143333927384974,-0.005909730375051603,-0.0019596090864133497,-0.0026706501598390275,-0.0036414723687102635
2010-10-12,0.018042385585052,0.010211170365490574,0.014436352086171,0.015922772808984353,0.004965339248790279,0.011503821183604712,0.01409964170994904,0.00324633111359951,0.00849790731426614,0.01075940550070853
2010-10-13,-0.002030431103327679,-0.002961515125201597,-0.0024441307855921357,-0.002580011688428585,0.00023485054788219273,-0.0012949261821821878,-0.0019729074560945747,0.0031943443636024416,-0.0008801875557191696,-0.000642320953406772
2010-10-14,0.0077082600105427,-0.0012290467132216598,0.004156597473416346,0.0054643775997242905,-0.0027461005036080177,0.002031085245199682,0.004529780876149525,-0.004952944174186236,-0.0007208199881413302,0.0007911830239424322
2010-10-15,0.00728105055961259,0.006185416767259921,0.006179474941118146,0.006807566368559392,0.0055141147665371815,0.005227391217725419,0.006148195861316541,0.00576928529850651,0.0032526426894337046,0.005272534324987754
2010-10-18,-0.00011967981757099455,0.0014248506310334808,0.000647515449332392,0.0007086814069683367,0.0037977498577348445,0.0022834626254306656,0.0016451106237775903,0.002334398282958672,0.0034299529688033292,0.0022469653839602977
2010-10-19,-0.013022073639826992,-0.0041744897513513735,-0.00933874938327528,-0.010820093276749043,0.0014993561937384214,-0.005853166974306934,-0.009162792500908457,0.000621771244492697,-0.004372015915468874,-0.006217359913198495
2010-10-20,0.0004665888801984597,0.0012906484987393885,0.0004407366177632266,0.00028995221292338336,0.0006891294149067306,-0.00046567284134413356,-0.00021981408544280434,-0.0009210736466579439,-0.0012661450654386508,-0.0016331834353099373
2010-10-21,0.0030619762140984275,-0.00043795368500920695,0.0018128628458042861,0.0022803602214649388,-0.0016528087780569578,0.0011641601594070128,0.0017227560456927193,-0.0007030259829567953,0.0013431176440874548,0.0012748999746470258
2010-10-22,-0.0015971547837245748,0.0013867918346679442,-0.00021051523094839375,-0.0003988950240199074,-0.0002808997838333882,0.0005884803591325038,1.454359239327907e-05,0.002579907308963403,0.0021845864892573452,0.0021307107637000833
2010-10-25,0.005157375266007902,0.00844608507637945,0.006226994137072506,0.005574601733230322,0.009061531269885181,0.00626824423887995,0.005742719630118076,0.006744994967620377,0.005564079072228223,0.004475705408843567
2010-10-26,0.006794172909857066,0.00863574933083422,0.007114147603194176,0.006914261961254553,0.007516398339411978,0.0067049994375398825,0.006725231399882015,0.005920319471124147,0.007386259914752946,0.006249840790954142
2010-10-27,-0.008429593399740698,-0.006190584476596039,-0.007762416539362604,-0.007613003434376209,-0.002431093169390941,-0.004871631648412644,-0.006154098835180033,-0.003127936507079765,-0.0032240635897679004,-0.004818928112429011
2010-10-28,-0.0029772074842198126,-0.007370437609686142,-0.004727258997461958,-0.0038857913099094032,-0.0090609408374267,-0.005973218420516124,-0.004754784531230127,-0.005735613104284165,-0.006747569636162298,-0.005260752468182028
2010-10-29,0.00230606527504551,-0.0004950392066893627,0.0011482875397721415,0.0013399745186382095,0.00327719055141662,0.0008876981386856109,0.0013570770065476356,-0.0019624675071036046,-0.0014994458882076067,-0.0008395479096192648
2010-11-01,0.005615829532189975,0.008577749458344108,0.007353300593511358,0.007049109355108385,0.004206236651937978,0.008083169712893579,0.007359134030682668,0.006153556329089094,0.008833510384583354,0.008771633227901976
2010-11-02,0.0061713036763231255,0.011790472189440404,0.00805767351069786,0.0074726122585158095,0.008073700103267356,0.0074589481021476445,0.007190462101154704,0.009659838190553272,0.008225158372745733,0.009189924442614572
2010-11-03,-0.0029791026330709958,-0.0018571725445175602,-0.0028818129496356315,-0.0027021604033080626,-0.0045629860497945485,-0.003043936841742978,-0.002715949430391884,-0.0038097394531877438,-0.001967858798714195,-0.002894304230819711
2010-11-04,0.009238432000653996,0.012568468353357343,0.010370842584649598,0.009895885010241745,0.00748246009598974,0.008248575262831848,0.008835689492825871,0.007185310826243629,0.008586432594552607,0.009111868881995555
2010-11-05,0.0066901182912864066,0.007120326585601022,0.005798871471134781,0.006033765008044867,0.004081814200998624,0.004405950370271139,0.005662504768336962,0.0038102209559613964,0.004973226013969878,0.005498015267243694
2010-11-08,-0.0026710775126663755,0.0011453241254171243,-0.000729522620707912,-0.0018892181433645128,0.001336238692045022,-0.001333418882489057,-0.0021382288050633136,0.00016630001061090915,-0.0019044980084560459,-0.0020352161065066987
2010-11-09,-0.002950314423334488,-0.00076405082084674,-0.002111628960104195,-0.002414773377869106,-0.0005915710458244128,-0.002213635712794537,-0.002670760020986984,-0.0008688970823738096,-0.002636108450657315,-0.0022419826450388314
2010-11-10,0.0005065362545653151,-0.0036918499189395604,-0.0010331023282774687,-0.0004242322234374596,-0.0018841905388022884,-0.001447742996337098,-0.0006648606168189186,-0.003623670689682168,-0.0018837079008080515,-0.0019439165927266355
2010-11-11,-0.006853112815786266,-0.0072475140055405785,-0.006747446006030611,-0.006547910007424496,-0.005405373808375136,-0.005614821727728758,-0.006236496506235145,-0.005174854045868482,-0.004616594362534587,-0.005542263263985325
2010-11-12,-0.008105530950394346,-0.009627295568730987,-0.00909157360930779,-0.008581454419889112,-0.012083676102709107,-0.010105156153781603,-0.009128963198659523,-0.009931099022839396,-0.010552444980775455,-0.009593140568808334
2010-11-15,-7.794533695948402e-05,-0.0070723078513930115,-0.0020914807384165846,-0.0013263061043147228,-0.0028454653468079627,-0.0015456836818653619,-0.0010201466187736985,-0.00398842655462639,-0.0026599718123125893,-0.0017341285178688048
2010-11-16,-0.007914132787656403,-0.007408137469703813,-0.00691662805743154,-0.00690342964875712,-0.008368815257828288,-0.006583174415497273,-0.007172915495912036,-0.005861170486781475,-0.005955461161970654,-0.0068709789365764
2010-11-17,-0.001816364275308735,-0.00450169207054496,-0.0028938454578508743,-0.0027524525733868543,-0.004428228553847835,-0.0035400129580918094,-0.0027907505905664376,-0.003277821988619478,-0.0032201226124847215,-0.003452602874917443
2010-11-18,0.004805161964924531,-0.004251473108411563,0.001413415139584151,0.002926121771575696,-0.0013625914764927582,0.002111754243780073,0.003162231221227607,0.0027712953341318958,0.002527876010039787,0.0032480624704689376
2010-11-19,-0.008017774183330273,-0.0068517191944351685,-0.007235132988877124,-0.0075371148409436595,-0.007444892001823411,-0.007407934180804987,-0.0078003633605820966,-0.005392392486953557,-0.007454521698241456,-0.007670931893020372
2010-11-22,-0.01184254792176831,-0.012604811578408648,-0.011884734633977545,-0.01185601623616328,-0.012258213556378683,-0.01135012386477574,-0.011919668622223822,-0.007936564476879737,-0.01147367494176621,-0.011421003876455837
2010-11-23,-0.005698831126381698,-0.0010945791118249781,-0.004204273852739249,-0.0050854515443820025,6.497222597845465e-05,-0.004047884010155656,-0.004858515699323274,-0.0017968292155228216,-0.00411108072234867,-0.00473941747794604
2010-11-24,0.003399159235899507,0.0024528857608072663,0.0022385441459127353,0.0028767374619327324,0.00027791825470835363,0.0023041836982882202,0.0030337840423053652,0.0010455924242738224,0.0023176612571094157,0.0031292958610817934
2010-11-25,-0.0034000203577843058,-0.004737656361065712,-0.00419289484394425,-0.004022009241897884,-0.0034891986898599736,-0.004581512430990808,-0.003930535217097408,-0.007394956067160008,-0.005213564304447749,-0.005101706814489404
2010-11-26,-0.0001416870986458152,0.0016909087880678797,0.0006121262396883154,0.00015379974537155228,0.0007448403399865633,0.0014205181963236058,0.0008038061553410358,0.0005923872865214452,0.0012365242447782698,0.0007939115913337957
2010-11-29,0.005177941450764445,0.005970889567251003,0.005234432859519966,0.005233952785471008,0.004043451857577596,0.004704612394121899,0.004892164852692726,0.0033755876429124587,0.0049170129728890455,0.004745357702420794
2010-11-30,0.007839485541016211,0.0067277631583999575,0.006934528519253469,0.006909006991915545,0.006036090461937871,0.00580197027230156,0.006715748000254207,0.0026559859411008357,0.005556801079885432,0.006329740581517029
2010-12-01,0.009455786574218639,0.006645980787870709,0.00832656479463978,0.008899031700221771,0.0073407743515587764,0.008874079218455622,0.009115893666953756,0.008904049986271145,0.008650492505837049,0.009152738432556262
2010-12-02,0.006634162861790749,0.004715538040961587,0.006161200218307794,0.006151393539692629,0.008911296944721592,0.00763510387591837,0.006902814409810443,0.0086524393879428,0.0063489503547771164,0.006671946893312963
2010-12-03,0.0017379211733106192,-0.001274331071121404,0.0007571268310671009,0.001342800217020601,-0.0005399453552108469,0.0013469659257525635,0.0018238710180991102,0.0003582390236420707,0.0013626961655726078,0.0013942797758952352
2010-12-06,0.007443734976860794,0.005163790456938155,0.006103061398697207,0.006748938230419554,0.0061285281902205835,0.006549088875316134,0.007003844920774549,0.006277958156279517,0.006724694031682521,0.006632086153397276
2010-12-07,-0.013457773254492267,-0.011818842147885977,-0.013480016730924138,-0.01323244184935557,-0.011513230309404987,-0.013740865920995105,-0.013583638125030384,-0.01271752197724274,-0.013720382747486104,-0.013679437049502807
2010-12-08,0.002907733504525778,0.005638890836757948,0.004585593222125928,0.003847568615487962,0.007677528833191394,0.00552879087320024,0.004329267652267488,0.006341064748568437,0.005880187445662655,0.004325587093677585
2010-12-09,-0.0024322831091241337,-0.003940882066112428,-0.0027341092531643074,-0.002488830088223759,-0.0010799469001588902,-0.001160526476872148,-0.0019518441859522895,-0.0014505032924355676,-0.0018219103262884229,-0.0023019865908094905
2010-12-10,-0.003831548615874869,-0.0027932038166362805,-0.004694528331995462,-0.004353781264082812,-0.001715713551410869,-0.0038827456688099726,-0.003822562267514984,-0.004136246849046565,-0.004491666192647181,-0.0048517115626822704
2010-12-13,0.014899669349898614,0.010572346500203444,0.013222094762366687,0.01366545759294402,0.009885497634440465,0.013017559885947438,0.013464132352635216,0.009860821106684181,0.012884284480691566,0.013359658286746567
2010-12-14,-0.008650264850408207,-0.006798520520268636,-0.005664162266763362,-0.006984822792691081,-0.005635984508189695,-0.006259885956041211,-0.0077039530634666065,-0.0053363989068032636,-0.007518723479773559,-0.007424794116409172
2010-12-15,-7.19254110701506e-05,-0.0027002603711254736,-0.001900633731775847,-0.0009740647653502243,-0.0025833678116233827,-0.0013563844236054168,-0.0007093231199426508,-6.805012952548761e-05,-0.001146144747179667,-0.0010028357524570763
2010-12-16,-0.0056195646133514465,-0.0023360525238285135,-0.0042045319458984265,-0.004726793970705634,-0.004319652038833555,-0.005576366832604096,-0.005445106152491608,-0.005030545665472674,-0.0055140057628702,-0.005165980766120848
2010-12-17,-0.01482090869765229,-0.016065699744095108,-0.014083930898635466,-0.014144686760317549,-0.014148875275084238,-0.013143852284766,-0.0138993331366013,-0.012026628676087725,-0.01388999910800015,-0.013440811879108172
2010-12-20,0.011619508180782834,0.006828478051627451,0.00973397449139135,0.010393349493946324,0.004115162174114451,0.008070519464575154,0.009687640438114098,0.003475954633149758,0.008385152742247826,0.009018046191554552
2010-12-21,-0.0009567604449522982,-0.0012874361695700554,-0.0002164956208556834,-0.0005786529253357653,0.000411162262509146,-0.0003619739081831552,-0.0006935977383611958,-0.00026576513118481415,0.00016657240489048597,-7.826411139078004e-05
2010-12-22,0.0054080916819512215,0.003541629888964337,0.004211305216342831,0.004564280848036617,0.00242964882357688,0.004259976895482742,0.004516520396456336,0.0019064126819949845,0.003983417024034486,0.004276615904426961
2010-12-23,0.002152329666584407,-0.00010273089127421642,0.0015971945453787662,0.0020815482858063117,0.0004777795252448591,0.001762634962735099,0.0019972396017191585,0.002495684030923817,0.002167187538387072,0.0021214203034021217
2010-12-24,-0.0046227920989097004,-0.0006368205501431357,-0.003001608656380883,-0.0037135086977273524,0.0023837044124424,-0.0017660017867217048,-0.0030980019453397123,0.0013976145068150814,-0.00143753753566489,-0.0028560256946333906
2010-12-27,0.007066910357048206,0.006866354449574175,0.005674252592134499,0.005723996571133094,0.00791072942721649,0.005870087847813954,0.006264888986240003,0.0038780941011948844,0.006021262217061452,0.005399959650044472
2010-12-28,-0.002508677597429676,-0.005864591462926283,-0.004105172167467863,-0.0036338712848427157,-0.005346702405439441,-0.004604916697445449,-0.003584436003350344,-0.002798786332113057,-0.005139975058847002,-0.0035249390222293897
2010-12-29,-0.00647466473847369,-0.008218312764137092,-0.006391220349841964,-0.0062074287711023635,-0.009756412776081524,-0.006675260329094934,-0.006225364425437863,-0.003945540639541001,-0.00602198550958899,-0.005026448399670924
2010-12-30,-0.01204080890240422,-0.014811495021974985,-0.012478243594921556,-0.011960808185298877,-0.009186256249997138,-0.01005967819244269,-0.010783909761526322,-0.006832034273462906,-0.010733348152818123,-0.010480729797633037
2010-12-31,-0.00047753470870937065,0.00237764594670109,0.0018577652068971773,0.0009343965501897866,0.005108690417267248,0.002507760397868486,0.0009229694240886488,0.0035573975911360467,0.0023465674588236674,0.0013877863184057482
2011-01-03,-0.005437052027583489,-0.004098072606357084,-0.003974024739940352,-0.004582190214306836,-0.004464189985704192,-0.003972555269209366,-0.004570385077126149,-0.0018383944441384692,-0.0038244660596011837,-0.003549843995487967
2011-01-04,-0.008265583594443404,-0.0057163125208028465,-0.008450411949509129,-0.00831006624865882,-0.006989795818472588,-0.007811659637165569,-0.008015818590416668,-0.0063683674566688,-0.0077000777667686204,-0.007527953292350453
2011-01-05,0.009345738422007921,0.010518392737343119,0.009428131580091703,0.009279340425408789,0.0035544958186872755,0.005931423918112966,0.0074382417262763845,-0.002437042813222323,0.007183665287772367,0.0061170217835671
2011-01-06,-0.004281405838813868,0.000733439810605585,-0.002951986247674343,-0.0034950081804029365,-0.006228801057880262,-0.00549508796546494,-0.004976539403734326,-0.00787156914925946,-0.006154143337846474,-0.005605762892292421
2011-01-07,0.003250525689307393,0.0028605676880650854,0.0020753069259717982,0.002594554540598981,0.0015811216872603229,0.003542401402118811,0.003409347196818402,0.004166357522956243,0.0034189446231800424,0.0036990870120758856
2011-01-10,0.0057606075393488165,0.0026388723773516087,0.003970032499061471,0.004564733917073349,0.0016049072187702684,0.0038629352737613587,0.004987598616307931,0.004100148059012376,0.00556919318835436,0.005141449925567532
2011-01-11,0.0032960860643254097,0.0041814649632963,0.002859160376883496,0.0030868884532622154,0.0022016815079242136,0.002051788634069629,0.002774995676164682,0.0031200826298929396,0.0021083438017845957,0.002921202822855573
2011-01-12,-0.01224240390393394,-0.010182154684119649,-0.01018729479209779,-0.010999531218012004,-0.008899318983961013,-0.009583808069853483,-0.0106725495900315,-0.008192178725397792,-0.008881795421316396,-0.010467311828199266
2011-01-13,-0.007468967793054393,-0.002409537219699498,-0.005245369421258639,-0.006141628445690328,-0.0035234565078010593,-0.005523596810577014,-0.006347690915383564,-0.004643740616792291,-0.006287064887590343,-0.006488085891329209
2011-01-14,0.0004154920984769106,-4.0663870368051747e-05,0.0001996838511495458,0.0005010830018321588,-0.0030437317728850832,-0.0016667631555514761,-0.0007401761245793281,-0.005298021626436444,-0.0026021400299880426,-0.0012195949476598855
2011-01-17,-0.007007704417083538,-0.004667888890222627,-0.006172459935623875,-0.006639174872233644,-0.0064472731957729845,-0.006392771068276515,-0.006340517198678675,-0.005689775832268373,-0.005677172983011958,-0.006557565398997545
2011-01-18,0.0069481395430368575,0.0035683796977075133,0.005123625280327948,0.005649572332727448,0.0020209420913275267,0.0045556628636262975,0.005449210838110563,0.004820627700810043,0.004991364147007182,0.005946204993160675
2011-01-19,0.005912787287320365,0.005215235347383551,0.005146763776662233,0.00537690199750096,0.004245099024198007,0.0037758440417741124,0.004497653720493933,0.002849349490066544,0.0021427112641434487,0.004430411042957827
2011-01-20,-0.0022833406532933864,0.0022503092449230877,6.160851276404422e-05,-0.0008299081335769731,0.0035678024326764035,0.00041959657924839355,-0.0006050421330094924,0.0037949995164887618,0.0005488330434371136,-0.00029485563617848154
2011-01-21,0.003408546831705772,0.00586236971451326,0.004087568224733884,0.0033272652382141388,0.005690169943759038,0.004643307052032197,0.004151749669581761,0.006787627793992224,0.0025989540489042007,0.0032934011398813023
2011-01-24,-0.00015585511356741577,0.004849865419995769,0.0010627462621968231,0.0008029243541951558,0.00410521616065207,0.0019480681644616915,0.000982436739655812,0.003978705861948484,0.002127942474282829,0.0009144927090452004
2011-01-25,0.0029074862207194574,0.004958468724366449,0.0032451014866223815,0.003419773181164265,0.004450110446585942,0.003100788181623626,0.0027967605028300646,0.003904532278238282,0.0015707582886923532,0.00338113699467546
2011-01-26,0.014221621161351505,0.010715529146459568,0.011883721631069433,0.012862443569076731,0.01333931713603742,0.01127585809443965,0.012089561801277737,0.009532093408058273,0.010360331081659568,0.012133791796805404
2011-01-27,-0.008824856122558344,-0.004638670232069986,-0.0068727158487031925,-0.007601285337281993,-0.003604368796858215,-0.006634778104226857,-0.007684778551305671,-0.003923137282629607,-0.008137379434317027,-0.007423608074847321
2011-01-28,0.01224094517514751,0.015023694492351636,0.012225679649172427,0.01230835348824133,0.013542432426967954,0.013477831099988569,0.012944395292857402,0.010933897187253683,0.012291152426291863,0.012275299886218338
2011-01-31,0.0003246987284020175,-0.002377423508433285,-0.0007369633671457931,-0.0004302630261396878,-0.0026871413721210047,-0.0005861983303261376,0.00010174370253812626,-0.0003462476944583459,-0.0008825265858505293,-0.0002260604971318081
2011-02-01,0.005935935119841584,0.00699999849826094,0.006188405910429129,0.0060723882346152,0.005526939181440538,0.005290870163420225,0.005451335569739202,0.0041664564097241286,0.00548597747432078,0.0057443124748559615
2011-02-02,-0.002103256932910469,-0.004677280681496976,-0.002398183201024584,-0.0017742382955193703,-0.005612390087844421,-0.0031387278088662596,-0.0025785079980480408,-0.002757028727495614,-0.002998878167135066,-0.0017253309916491766
2011-02-03,0.0066243733569955054,0.000510135445029869,0.004968881558884197,0.005592074185084339,-0.0002871893865105113,0.004703556277688037,0.005627034872076386,0.0039560707674539675,0.005842025497907022,0.006041499732028388
2011-02-04,-0.00701914303325224,-0.007314692247098131,-0.006241926285493471,-0.006232233091328032,-0.008667100111249382,-0.007519682779849157,-0.0071879088093420584,-0.007736736384950649,-0.007627209657252276,-0.006464409331884857
2011-02-07,-0.010591618662548652,-0.0077616174578247765,-0.009149743383503495,-0.009821832609548276,-0.006045914475973468,-0.007625946044858889,-0.00890574366867991,-0.004080770967262115,-0.005706549927774418,-0.008119032981564023
2011-02-08,0.0013366277055457676,0.0007287381917990832,0.0004675690940711963,0.0007566471486102344,0.0020644872962676253,0.0021015302436167005,0.0017162293381183247,0.003033322626990298,0.0015170223458047527,0.001902246798936913
2011-02-09,0.008799994711447434,0.004496926403490198,0.008163314069359773,0.008265852000092444,0.0033393947798989743,0.006349674315550002,0.007267622460085832,0.0014248638758365129,0.006556749611303481,0.008099050258999263
2011-02-10,0.002820032962572938,0.0020751156309277707,0.0038935953180836425,0.0033022881895046208,0.0026647926345673145,0.003616164120660903,0.003315838677169669,0.004384483702269737,0.0053498792771877746,0.004375407912094342
2011-02-11,-0.0021793691532718817,0.00154721610627373,-0.0007461364538741133,-0.0013758013008716707,0.001368497945877456,-0.00026374035098319926,-0.0010269596280920723,0.0020767072017802146,0.00021452175569680598,-0.0010524367494683107
2011-02-14,-0.00031131221421765165,-0.004829070510328548,-0.0018918037275613697,-0.0013081265699024236,-0.004732440606861843,-0.0011594048711546234,-0.0005084164921860257,-0.003279461094474412,0.00025779285553606535,-0.0004739621425605689
2011-02-15,0.01050130875252786,0.009635169478025674,0.0097603371268975,0.01007777077226124,0.008586114026039038,0.007899144731497554,0.008888493252360963,0.007093460244980809,0.008391104982564679,0.009619544302478467
2011-02-16,0.0030681643234693468,0.00220481377648607,0.0031143043837082995,0.003039151406565077,0.000659556457044852,-0.0002839800206633214,0.0005028098513988333,-0.0021201425079485636,-0.0020361549270001555,0.0005670171158604909
2011-02-17,-0.00702805002196627,-0.004233790506153801,-0.005065319203166441,-0.006213041358517191,-0.006778638930974079,-0.00610034129324355,-0.006413488012466995,-0.008596720410990244,-0.006006469799309411,-0.00655123148332537
2011-02-18,-0.0052105155538297865,-0.005404023863687324,-0.004974649296249023,-0.005028415587491009,-0.004594277221397047,-0.003904785536539279,-0.004630409082720166,-0.003895989018431578,-0.002759924364581834,-0.00456878823006357
2011-02-21,0.0027107994083381826,-0.002199634903064185,-0.00022748294094243615,0.0009605546988793456,-0.0016589482070561434,0.00046738975834959007,0.00162349014345331,-0.0025788511972003603,-0.0003109646603103311,0.0008642241487601954
2011-02-22,-0.003873249078635066,-0.0037936953091124437,-0.0041411147066146015,-0.0037017083854088417,-0.004024564006829046,-0.004064415193965387,-0.003718668777934031,-0.0028864758151984082,-0.005144325796071714,-0.004147943990869374
2011-02-23,0.001868720466526197,0.000305804734778814,0.0029039212563983785,0.0021273351780954908,2.3887657370380566e-05,-0.00011633160683621746,0.0003619137775423553,-0.0016839095846213903,-9.159027823735233e-05,0.0008889724895340123
2011-02-24,-0.0009564020681801511,-0.004059071426566474,-0.0011349662759660983,-0.0011862074126647304,-0.0005360125062611187,-0.0028409147794418166,-0.0026676660305392508,-0.0008183867932154421,-0.003811832444842067,-0.0023041715998781687
2011-02-25,0.0004825454698822451,0.0036643648465506384,0.0010861213739603581,0.0011869677370961451,0.004684051006478729,0.001734841220626171,0.0019734894705842887,0.004264962521475901,0.002395942712347221,0.0018956805310446079
2011-02-28,-0.0040581369737076045,-0.005607424191811816,-0.0030864915301294094,-0.0036279452953141833,-0.005251713254851853,-0.005577026547561759,-0.004498544199084797,-0.002846975851248601,-0.0051341548003780435,-0.003405106695773097
2011-03-01,-0.003923697861431652,-0.0034837334547968,-0.0039803759460818045,-0.0035645675942844735,-0.003164657719045616,-0.0017972597717252903,-0.0020894159458474393,-0.0008744714914018514,-0.0016898096758147796,-0.002189342835143826
2011-03-02,0.008368464022618927,0.006573932870061805,0.006060380275840993,0.007296867123406603,0.006965048864327361,0.0053436336205245905,0.006281498925527096,0.002963749839623997,0.005601058273512871,0.005695467489527317
2011-03-03,0.011960585220598174,0.004616968474353111,0.0093427886806432,0.010354609535913273,0.004031795660053739,0.008794044862814543,0.009906796415835695,0.007412842305388301,0.008427909709624704,0.010554742167161901
2011-03-04,0.012293331663365104,0.009056286314642614,0.009338806501569152,0.010597849438701124,0.008462939790935708,0.009141436827416749,0.0104484249003447,0.007781441431174763,0.008181567790290556,0.009991672473751656
2011-03-07,0.0070402640672693195,0.00636129910226968,0.0061700339577765995,0.006583693083363151,0.005794523719166111,0.00431923698410408,0.005573013638590307,0.002559604722784714,0.004770310559838231,0.005210582515634998
2011-03-08,0.0058738192962808355,0.0013523530616623702,0.005401612955308055,0.0056427401456127235,0.003612331623134013,0.004881718440347349,0.005359940731050505,0.006024877451189736,0.0059532340766021985,0.005919301368283225
2011-03-09,0.02387324307499905,0.01332745898954113,0.018320461235661778,0.0204798230580836,0.012867786394878955,0.018460105600234478,0.020305196997878472,0.013482309009448912,0.02009787930125584,0.0196544997738759
2011-03-10,0.004424551260684195,0.0012176259083727103,0.003969044274940048,0.0038306840630577543,0.002343987081792287,0.002424923041601579,0.0031512943318183773,0.0035094620210849303,0.003491545591497003,0.0032117234172588383
2011-03-11,0.004565021156214044,0.0037860434385221797,0.003685105137903877,0.0038209834389943964,0.003740565609366975,0.003479388146150786,0.003281577438992045,0.00044586137193336484,0.002724512104044896,0.0026559843970506147
2011-03-14,-0.008373251744857146,-0.009553951398274974,-0.005741613595695028,-0.007641945468207734,-0.0066805562304022015,-0.007400884005319575,-0.007372516990143518,-0.004609212529204765,-0.005601959909833698,-0.005343004651868544
2011-03-15,0.007510723139970921,0.005803533545963413,0.004791871956096427,0.006522953705838441,0.0014817132581270709,0.005700660371933841,0.0063222952026513735,0.0022642447934377863,0.004103754186474573,0.004915943922216837
2011-03-16,0.0024668185239078433,0.002674664177996444,0.003309176790855739,0.0032226930249488195,0.0025206079014334914,0.00019735237860829535,0.0016585223328331455,0.0013579645705341647,0.0010538681221785584,0.002509588726801848
2011-03-17,-0.00949560285235429,-0.002851996477886698,-0.007329876967026361,-0.007370774248589673,-0.0024540219176144573,-0.006458190016963905,-0.006943899191170333,-0.0037698102950763923,-0.005312442773814152,-0.007204022190897219
2011-03-18,0.009226446306058955,0.0069251909700733805,0.00742038843720727,0.008340843481403182,0.006065984581451467,0.006385978193562902,0.007589567409665321,0.004702646814528144,0.007145642035213617,0.0075963917734680475
2011-03-21,0.0029947899417301915,0.0024487091886442602,0.001990736281676897,0.002759972164557478,-1.2262574630383938e-05,0.0016763977915745798,0.002587902632839034,0.0012543694600055666,0.0018678184232137074,0.0020906020592950103
2011-03-22,-0.0013148765933435058,-0.002901930622948634,4.5368996463235334e-05,-0.000852452924220759,-0.00022871392895673637,-0.0005685942087358953,-0.0012589497370030234,0.0008722302583012986,-0.00040485137614476585,0.0003327726206616699
2011-03-23,-0.01066349306630765,-0.002379061531184057,-0.008123293432864997,-0.008455448753325046,-0.0036211022640466606,-0.005811101298938692,-0.007188041973499981,-0.0005097978764396771,-0.005896133242372481,-0.00713533377033837
2011-03-24,0.00636993302694977,0.0022971032758996035,0.005066893553992369,0.004978467537430475,0.001873996421636992,0.0032407424970550824,0.0044546123262863,0.000707030165938427,0.003803637289796935,0.004145473351779838
2011-03-25,-0.001000609066473257,0.0019144003790738662,-0.00010261758632290618,-0.0004774367197515339,0.0031421993096012457,0.0010641702383373808,7.514778208883577e-05,0.0019057971460310075,0.0005270314442082924,0.00026935855704546263
2011-03-28,-0.006897371255008444,-0.006637539689481997,-0.005653640796785764,-0.005854319433333588,-0.005346291665392244,-0.005139956717704175,-0.006017142406203879,-0.005615147692407119,-0.005891347723971596,-0.005168176132123281
2011-03-29,0.003099948347207393,0.005118191430553143,0.0038125197888008167,0.0035538460329436194,0.0038424573527260364,0.004095535425495678,0.0035076647428975427,0.0028305422010939107,0.0037835980714278072,0.0035392271249403695
2011-03-30,0.010644718286145771,0.011814202868954737,0.009320289071446552,0.01031914701202341,0.00795202379524551,0.009009738084171826,0.009697359173590714,0.007104577963871428,0.009063955316697792,0.009008251854400573
2011-03-31,0.01345495767268079,0.010790686985500564,0.012754583028652622,0.012297257079704194,0.011342045077764151,0.011131142800188787,0.011825797832075713,0.011297068720178327,0.011190009876151708,0.011888331294154675
2011-04-01,0.02261196813580102,0.01821999713972966,0.019264989117764753,0.02051412774573258,0.009978403623748466,0.014720389087307328,0.018106559014487766,0.008895833330351044,0.013263570454497442,0.016851496189770554
2011-04-04,-0.011565869552344621,-0.007118905943752751,-0.00897692602339728,-0.010352880429408073,-0.0031883703589905554,-0.006240515327434082,-0.008413849307849053,-0.0030393320316177697,-0.005842610080035948,-0.007930963894016152
2011-04-05,0.0018461589011184998,0.0019570830776867165,0.0023001806045332973,0.0020247208953327878,0.004021307825047504,0.003274610819384405,0.002535668688170567,0.005091257687429351,0.0038439670043610707,0.0031755449565675775
2011-04-06,-0.005915384796230105,-0.0057444079592836594,-0.004829131966550881,-0.004581693607725201,-0.0019257360268918333,-0.002022067968381336,-0.00358976298557101,0.0005746513267828046,-0.002020031701353897,-0.0028520885612971503
2011-04-07,-0.009907851884185304,-0.007998763325828828,-0.008668496023697791,-0.008578455835247079,-0.0014221928083626434,-0.00584202346721141,-0.006691097766293286,-0.0027185085449523694,-0.003532418041522156,-0.005955084055845883
2011-04-08,0.002654020653591882,0.00594557677777674,0.003060602704443305,0.002959628500583289,0.010447438357612748,0.0046862822502822254,0.0033658980274449135,0.005592928213371984,0.005190910954433692,0.0032391502030826302
2011-04-11,0.005105200569470059,0.0054748532738473354,0.004222111887427937,0.004083423033133471,0.004233769465067816,0.003780329325410836,0.003784307247946872,0.002522679340683842,0.002362754420324631,0.003745666546457471
2011-04-12,-0.017210710119706984,-0.009192575270005165,-0.014622933710361607,-0.014497506191827436,-0.007850934557069977,-0.011724150682024703,-0.012848238399253198,-0.007750834878680557,-0.009407332383660094,-0.012537706118133873
2011-04-13,0.0015797849452960921,-0.0003578353559328118,0.00022328779125513343,0.0009257285167918461,-0.0028319567800696444,-0.0002865609999557206,0.0009209225163073764,-0.0006612780390149453,-0.00013313660029434793,0.0008328207627699147
2011-04-14,-0.0038682028952963243,0.007879447115312077,-0.0005612422141072493,-0.0016883707841769402,0.004764114897964689,-0.0008006023842541676,-0.0018034743461750047,-0.00014447508430670553,-0.0008707871204898243,-0.002056532661392829
2011-04-15,-0.0034355799118332975,7.948716570416181e-05,-0.002832174875368798,-0.0028240869647803146,-0.00030019982887297125,-0.0017670936514095903,-0.0020913340932783298,-0.0017033295034810658,-0.0023081558381843337,-0.002179992392239205
2011-04-18,-0.008380612605253246,-0.008279465474590353,-0.007995609810065418,-0.00789530204550215,-0.008269531880995995,-0.0072265742338498695,-0.007563665562140054,-0.008307116821229199,-0.0074237307026772115,-0.007666287605441524
2011-04-19,0.0024730791877161096,-0.0028155915181632407,0.0014951189954235389,0.0023896213341889627,0.002917607929469046,0.0027673870292346248,0.002926166888401971,0.0057610821024827175,0.004785597991831647,0.0035378989708805264
2011-04-20,-0.005123984589748054,-0.0024577904348072055,-0.0046802839061317325,-0.004012200320381298,3.6292293957851385e-05,-0.0012617068645199847,-0.0023549654355380367,-0.00017565491916671228,-0.0003665410831434901,-0.0022238957886615562
2011-04-21,-0.005339400278295825,-0.003702543426009841,-0.004887416614011486,-0.004493452235487472,-0.003989068855550948,-0.004814990178220735,-0.004411309062143376,-0.006483133200871682,-0.004640694533174172,-0.004665867603911189
2011-04-22,0.005568003505135977,0.0052999762856467125,0.005972367903787079,0.005901133515789692,0.009534119402079932,0.007043597479230224,0.0065442565934203945,0.00866980702970599,0.008047235754496507,0.007039907153173264
2011-04-25,-0.00039992409418587727,5.779279932571768e-05,0.0005484819734791202,-8.171088049790942e-05,0.0027610425256932025,0.000633769548662455,0.0003701733878040958,0.0033733591890674486,0.0010930631304744143,0.0006360589986806886
2011-04-26,0.01651475986223283,0.01113337976987383,0.013995319973648224,0.014709153764929095,0.006188728050367409,0.011602611319703415,0.012828962944320121,0.009082110208872507,0.009737212887736435,0.012660571096313022
2011-04-27,0.0014309739270730315,-0.0008328066927345557,0.0007886039910929288,0.0014903875348208917,0.0034801927888272743,0.0025229493820202453,0.0021951027481070806,0.002486925989433564,0.0035270265923552646,0.002597444661621484
2011-04-28,-0.005390360013911799,-0.004119474437612292,-0.00428069200895409,-0.0047380334870434915,-0.0018293250515080128,-0.002894115123920904,-0.003512256606419295,-0.0017240425659817982,-0.0021541929732167286,-0.0031204090709562315
2011-04-29,0.012497833832017191,0.005864539605792141,0.011204219043078556,0.01159849464222562,0.005236762283200802,0.009231526189823702,0.010568404543185528,0.006922403730301285,0.00915088920455931,0.010584884762476321
2011-05-02,-0.007996295222818528,-0.0030648254017009435,-0.0066487521742906175,-0.007375044265752528,-0.005205447593294998,-0.006301270829646488,-0.006961381846145365,-0.00574329104793192,-0.006324097709689558,-0.007089972530113231
2011-05-03,0.0008808422460395704,-0.0040332048832147915,-0.001578794399034189,-6.531492317018994e-05,-0.005452689528572696,-0.0016354117042697291,-0.00046972201013684156,-0.005327295729957715,-0.002286231410830175,-0.0008314999734291284
2011-05-04,-0.006329859456650544,-0.00959239530891054,-0.006553999927201737,-0.006168796676156774,-0.006992459925987404,-0.007257181379897615,-0.006750745573236183,-0.006627780968172514,-0.0060551755190253465,-0.0066400602520217955
2011-05-05,0.010594969616079863,0.0010877177131680682,0.008722029311474921,0.00899213729669901,-5.271194275524582e-05,0.003974344257838824,0.007112794862524252,0.004222233819068277,0.0038469860653020937,0.006985117177400468
2011-05-06,-0.0022588508258789552,-0.002313844562337186,-0.0015861450258254362,-0.0017891815605376449,0.002390937279992844,-0.0004611700345228398,-0.0013046490327452975,0.0011108255767082742,-0.0005782045716905548,-0.0015430232133275545
2011-05-09,-0.0009180999732307793,-0.0007773730866520445,8.631545534720786e-05,-0.0002772962968011772,0.0002907124449418319,2.1469959044839726e-05,-4.893947585615788e-05,0.0015782923893623568,-6.151761186667937e-05,0.0003502268030550759
2011-05-10,-0.0103545817912436,-0.003784460728621153,-0.009665837144287481,-0.009980017995592894,-0.0033948371560192925,-0.006648169648001079,-0.009021494850798395,-0.006211504876136198,-0.007701358714031881,-0.008989723768721203
2011-05-11,-0.009877864320442908,-0.008585367099989138,-0.008837577488662873,-0.008945266532421337,-0.006293619420443819,-0.006788378484515967,-0.007538217120408364,-0.005969624939176299,-0.00658894377610475,-0.007655853071465435
2011-05-12,0.0007139061112302336,0.003518662633517522,0.0021549050464422237,0.0019132773656553859,0.0007332212047113096,0.000615612223204165,0.001087430845018611,6.6888490910521625e-06,-0.0004104300618495982,0.000916448707840356
2011-05-13,-0.001310991020421981,-0.005941300885674794,-0.0024943317250578634,-0.002050427516001152,-0.004729812496615082,-0.003310909126577166,-0.002447387750780128,-0.0037306741095453066,-0.0031485068778890346,-0.0022128092075548444
2011-05-16,-0.007177733033334688,-0.014436179723013809,-0.008814199509694087,-0.007868321433074699,-0.005856150087253487,-0.00555220514899446,-0.006023655197825217,-0.002674172796257368,-0.00457918376549038,-0.005453531519353905
2011-05-17,-0.0065915657506574465,-0.0012379816965149004,-0.005387602616194087,-0.005066270879143686,-0.004091973142292038,-0.005948320513378236,-0.005654047042629506,-0.0038471567552305075,-0.006629990609263725,-0.00565111361538162
2011-05-18,-0.015966518807165264,-0.00998789363446173,-0.013762170713951027,-0.014539324659198938,-0.009782284185775092,-0.013363117199855168,-0.014177231998993012,-0.010008335356373466,-0.01276154357359982,-0.013994907807427737
2011-05-19,0.019243384940286434,0.010687142710537945,0.016088637110456716,0.016564628057110564,0.00702982957308218,0.013714042639800583,0.015053942483621796,0.005137612134287872,0.011906236881899401,0.014275565664558787
2011-05-20,-0.0019441817400065453,-0.0004138164940301614,-0.0019277250548168645,-0.0013095969425729326,0.0011570230331217068,-0.0015633643959303,-0.0010869766630534627,0.0025717403484715184,0.0003783102265744187,-0.00010124004662215302
2011-05-23,0.010297677080856715,0.0063086681060209315,0.008626310716810304,0.009511952161671333,0.011759143870220257,0.01086104047767722,0.010358051246199595,0.011161306000874838,0.011080152913363728,0.010269189529816591
2011-05-24,0.009390341712389505,0.005339907774617014,0.008133618303857837,0.008921068643809482,0.008457602478273873,0.009216670743794841,0.009217298331415158,0.00701718411937069,0.008890437520490568,0.008577874196196156
2011-05-25,-0.01093665846766978,-0.007613867925977291,-0.009756659198446815,-0.010543637556803986,-0.00891378947831567,-0.009970191918883264,-0.010476814426108705,-0.008825647169725892,-0.009704377059271518,-0.010511138210064441
2011-05-26,-0.006880395787175253,-0.004376927706881251,-0.0056344287059436615,-0.006154557474114752,-0.0030606972728830506,-0.005478019442910154,-0.0059202504936721745,-0.002636719057087955,-0.004640288535796344,-0.0054878725653387805
2011-05-27,-0.012487974930401324,-0.012755415873473397,-0.01175334148076601,-0.011982196708925308,-0.012585908872687734,-0.011489415309548168,-0.01142316745894334,-0.010647892827041927,-0.011608715674174208,-0.010994335182675563
2011-05-30,0.006336929017044524,0.003523245619684534,0.005711987102967608,0.006116796124758128,0.00468246290057861,0.006573393346751111,0.006779494938227604,0.0051160403435595025,0.006859703452084753,0.007053030035334862
2011-05-31,0.0018290935354305926,0.0011607588360171839,0.0021195874500754552,0.00236732635605974,0.0029990946767450843,0.0022909939098572085,0.0026744157086273646,0.003438023787515121,0.0025712886436011217,0.00284935566531197
2011-06-01,0.009291854389868126,0.004116488083417469,0.007515745397710827,0.007646730037211613,0.0045955137792428324,0.007166019279764235,0.007472946156450666,0.003884306653750169,0.007562309104641285,0.007532953307771706
2011-06-02,0.003665336769201888,-0.00592550744481124,0.0010671192058933077,0.002039739705257837,-0.0005603565380084552,0.0019434194880183497,0.002742093006348867,0.0005516798230758013,0.002979126834526058,0.003071879559654489
2011-06-03,0.012354728049471353,0.005677790916239545,0.009707694283715984,0.010830959037264387,0.006120620975460955,0.009979446489454258,0.010828356060217592,0.006448203650638362,0.008524752954052417,0.010579407890104253
2011-06-06,0.010993922793712807,0.004995397853257755,0.008476877381718761,0.009169039917301669,0.005321373291397036,0.007422699871075578,0.008949191932077882,0.004520805215394663,0.007110628642820416,0.008508446102734935
2011-06-07,-0.004760445681369463,-0.00044697742387311834,-0.004011806949072216,-0.004176435565862335,-0.003192024499530932,-0.004504610680524768,-0.004755982881521792,-0.0034064793994559306,-0.00419109612135371,-0.004422450135513789
2011-06-08,-0.01415535231378362,-0.010259468758505585,-0.012822935971700034,-0.01352271161873464,-0.006278826866446652,-0.010858361919762194,-0.012430930052025335,-0.005675400087946647,-0.009146103155418195,-0.01204022005720895
2011-06-09,-0.0016515599973359052,-0.0016399351141097585,-0.0026442707959142275,-0.0024380936063146397,-0.002212615684629937,-0.003425810467793111,-0.0025720721170463534,-0.005269937866877017,-0.0025613697439857974,-0.002679974374792282
2011-06-10,-0.005002603111283865,-0.006583860502925365,-0.005064204377079662,-0.004936046976123043,-0.004388940798566998,-0.004684065939355109,-0.004751935383723094,-0.00667407811424181,-0.004827693090929008,-0.004950300143625075
2011-06-13,0.007840164363400515,0.0034166396917485464,0.005713969649096651,0.0067553966895634865,6.542228902084446e-05,0.004736332532803145,0.006274723207478017,-0.0002935268808208491,0.003622727105578427,0.005738325810555889
2011-06-14,0.0009522357777413948,0.004509803699176862,0.0014554702047069323,0.0013564777077068602,-0.0012382425699658528,0.00017339593309984025,0.0005035968124798007,0.0013017600015083897,0.0002947578775027715,0.0013365116891574935
2011-06-15,-0.022452700887160337,-0.01631698884855437,-0.01940530855744549,-0.020559816929633934,-0.012893786759882064,-0.017366348201618642,-0.019645775210288208,-0.012693569652995063,-0.01707135108412916,-0.018285766189754193
2011-06-16,0.006441697901080623,0.0018210558886404549,0.0047992479416238965,0.005467428491027659,-0.0021758477188881242,0.004432309221768849,0.004984742951636756,-0.00027023071658138775,0.001994439643782764,0.0045751570680550024
2011-06-17,-0.0016025601247924293,0.004750894911168091,6.274989448562529e-05,-0.00032563383149919467,0.004670941797718209,0.0006071896878596661,-0.00022754469709940217,0.00329086469712081,0.0014558567598770278,0.00027807216180231187
2011-06-20,-0.002839297063913282,-0.006988741778921503,-0.004264640098425532,-0.003472995894194364,-0.004574953987415142,-0.003521805955537083,-0.0030854945785289134,-0.004034308978193568,-0.004240583241268969,-0.003687968864392044
2011-06-21,-0.01790132487229723,-0.010047649200419118,-0.015386936758619574,-0.01672945112983404,-0.006418194732620508,-0.013515110449179746,-0.015775925346257047,-0.0072093175393996844,-0.012297929661837403,-0.014676827611359355
2011-06-22,0.016486918302512255,0.01468059709840408,0.015262168358078032,0.016041268373321538,0.01221078367984707,0.0151865012214496,0.015542738813077328,0.011201584069713721,0.013682075976198194,0.014524394885992997
2011-06-23,0.006574878052048927,0.0038747944681278845,0.004930307424480862,0.005388184775559246,0.002160677623773477,0.0034830388964848247,0.004776816526913752,0.0006527062530958805,0.0028274393883651605,0.004668633756792051
2011-06-24,0.00273789175997341,0.0013922191116710891,0.003211831044630964,0.003293682089748451,-0.0007839714797235331,0.0014739256320865923,0.0027217617438441977,-0.000802261607731225,0.0012202587899463602,0.002289830613446897
2011-06-27,-0.016078632795951453,-0.006157555646896684,-0.013043299208124415,-0.014544103456728852,-0.007332426713792417,-0.012815984790252033,-0.014326834638344055,-0.009376529006709156,-0.01139551036198172,-0.014004748239834441
2011-06-28,0.008780193077302156,0.008188891929213904,0.008055179250026079,0.008615025180372049,0.005583701050916101,0.008505307377069338,0.008676344415186943,0.005066161597709451,0.007732922269395814,0.008024508785363427
2011-06-29,-0.009382973240306902,-0.010602814041761777,-0.008523792837552557,-0.009075012074829525,-0.007619853504980623,-0.006981972137579784,-0.008144752988627824,-0.004783206666782891,-0.006896573871201572,-0.008019357610219213
2011-06-30,-0.0004823821238617576,-0.001061733762448891,0.00020056463326745266,4.496703446932315e-06,-0.00028056652095131973,0.0010000632505038354,0.00046789965412097345,0.0007852677000987907,0.0004937289676252288,0.0005858324931866665
2011-07-01,0.002237564325335173,-0.0015278011574529904,0.0016032955963667384,0.0016428495189200198,0.0002201931010128444,0.0026805158112892524,0.0022599085664805063,0.002376961607177819,0.0016706026563058085,0.0017687279501301667
2011-07-04,-0.011715880426939496,-0.0069644571264000366,-0.010327965124094507,-0.010929656966725099,-0.005320124936954107,-0.009228301256794968,-0.01034227557019396,-0.007653830335788703,-0.008503325188715216,-0.01012530613968654
2011-07-05,-0.0018747994658934175,0.0013982563942873671,-0.00110400523366605,-0.001934863087713179,0.0017875437194785349,-0.0006362692428242278,-0.0014800129217173996,-0.0010714663549606929,-0.0009107333503481918,-0.0012333346269446377
2011-07-06,-0.004095932594082363,0.001048995522438867,-0.0027571192874248363,-0.0033248272480714824,0.0017976672150905593,-0.0029759833713917105,-0.003805932392477507,0.0001318877381675243,-0.0017856296372311675,-0.0035551820455128613
2011-07-07,-0.008935662294422553,-0.0040290415749746344,-0.00688002861660264,-0.008114382548323196,-0.004642592718263172,-0.005493882196933697,-0.007489338632655995,-0.002742525079642899,-0.007149705392118455,-0.007736672443505621
2011-07-08,-0.010668481537443264,-0.004033213791592605,-0.008387467427593664,-0.009559751233972569,-0.0033385414224758048,-0.00729046462036731,-0.009041819584093003,-0.0021171075348483948,-0.005759826838018456,-0.008498823541745248
2011-07-11,0.000548793907226619,0.0008548514003998697,0.00011798478062163831,0.0003077108721045718,-0.0009660879672422906,-0.0013374226492158803,-0.0006262905659963902,-0.0034079859848670235,-0.0017641439912913226,-0.000869603021031673
2011-07-12,-0.002582186720550217,0.000969295507698309,-0.0015192463019543245,-0.0014926782488106083,0.0018132427760284564,-0.002184147214169152,-0.0023131610018405357,0.00048482117647852263,-0.0016275731333369459,-0.0023152190735058475
2011-07-13,0.001643256132653148,0.0020247687251016,0.001961066818889412,0.0016352597392590429,0.00018637116238950924,0.0008694673417510845,0.0008699374931180337,0.0002341319582721546,0.00027503455348565353,0.0009739327131192965
2011-07-14,0.011448171404113916,0.009301435617121045,0.00973718641231347,0.010387790674934116,0.010791549824434421,0.009253710076511101,0.010066637028939729,0.007417410134735736,0.008713055366613487,0.009452552263875091
2011-07-15,-0.00025247438060826966,-4.3718323504915446e-05,0.00036399976981638105,-6.212533276439558e-05,-0.004999617731936468,-0.001443249399321278,-0.0005785427042279689,-0.006678169818598145,-0.002501873237615748,-0.0012418299347733974
2011-07-18,0.02493365125866398,0.019503702325525785,0.023306007339392698,0.023835496637977682,0.016761915986298837,0.02171557007325009,0.023138131126254402,0.01617078909360159,0.020374096611677217,0.022404989631121808
2011-07-19,-0.0002285651307972758,-0.00250125418864533,-0.0019065470206671709,-0.0012127672425574776,0.0015071992283242075,-0.0007129816429092273,-0.00032503136510297903,0.0014300944718537156,-3.868151130748121e-05,-0.0003796941362232964
2011-07-20,0.007952555451928411,0.0071359804831117035,0.007094300294013367,0.007531754498065535,0.003967956709939768,0.004572874903312485,0.006188049130082307,0.00466051413349966,0.005565158173368889,0.006591533180114739
2011-07-21,-0.00769928436962275,-0.00852561477211533,-0.006837292821258778,-0.00675603485386278,-0.006934662773251388,-0.007028856744417222,-0.00696595925058241,-0.004519370225243513,-0.006709937592358384,-0.006718579315551421
2011-07-22,-0.006527263372721026,-0.009924778258911027,-0.007360467319202479,-0.006528908072764628,-0.0047583505947563776,-0.0069114488150963105,-0.006691567340655902,-0.0035827043053155982,-0.005310826496164767,-0.0062166438518196365
2011-07-25,0.0010765060976745122,0.003642365541962178,0.0020122286229029562,0.0021735625763725785,0.0025572357725307526,0.0017462749028080982,0.0019886666304906875,0.0011988450461777322,0.0005384409206130591,0.0013503951814255455
2011-07-26,-0.005919268182522863,0.002612261112230563,-0.0032336161566891564,-0.004394029224583873,2.3362048020558746e-06,-0.0026659427059159135,-0.004464795166726265,0.0015865312233247497,-0.0034623309267736158,-0.0041261845586657575
2011-07-27,0.0023161687820454357,-0.0038701957512743412,0.0012798124048549742,0.0023057039996483564,-0.001951328195171853,0.00026835762705101907,0.0018170048679431172,-0.001285093220522282,4.733697757686173e-05,0.0020194056726328125
2011-07-28,0.0070388307522504245,-0.0009073408060670252,0.004747858261047844,0.006209314708221392,-0.0016263555337812097,0.0033967754359305324,0.005642563959367797,-0.0013248630001632122,0.0018078366617322317,0.005255264695436246
2011-07-29,-0.008187475687924994,-0.008718549118159169,-0.007248178580986808,-0.007626435594179859,-0.0025741546340360966,-0.0055829379201163265,-0.0068103416448388465,-0.0014875737358139851,-0.005182663085464778,-0.006550635539060656
2011-08-01,-0.003972709472059521,-0.002121398095993876,-0.002430118093016298,-0.00312032134025797,-0.0015367776205568173,-0.002358236766806243,-0.003060586131207077,-0.0008865096588465127,-0.0022609171763718905,-0.002881844067535111
2011-08-02,-0.001056576275873189,0.0031629231518162104,0.00048222594177960154,-0.0002881098717522068,-0.0027772520912991983,-0.002342708217078271,-0.0015030242926075132,-0.0013983666156376362,-0.0015524467119688579,-0.0013620598727288602
2011-08-03,0.012323034508491926,0.007961594206896905,0.01063049063062027,0.011571453891197514,0.004635626725967734,0.008769559094030654,0.01048398918073068,0.004422428090816055,0.008080317325420694,0.010344738139613341
2011-08-04,0.014128539755501546,0.00958847063286683,0.012036466253847466,0.012922979278475522,0.007478396085657479,0.01146311200854555,0.012526759885840288,0.006616701029751981,0.010382987924377307,0.012077650215966074
2011-08-05,-0.0031995096542725143,-0.0015859990123858747,-0.002911069037748293,-0.0024981451171037783,-0.0037130549864310414,-0.0035513734631551497,-0.003216813292539422,-0.00517228638348044,-0.004723168373188091,-0.003785662326392547
2011-08-08,0.016946992406266626,0.007659919175257768,0.01313743990016114,0.014674157852069492,0.006952270322777565,0.011085705286330683,0.01384012751812147,0.006319305904953998,0.011122609381251314,0.013387287552897531
2011-08-09,0.00758374336818024,0.002975234574926544,0.004670740118256855,0.005467992001379374,0.003951245911245849,0.005129505868584072,0.005810616693073589,0.004965150150033182,0.005815914467929506,0.00586442699261891
2011-08-10,-0.004363113871372226,-0.0009189847366168902,-0.003752417058778157,-0.0036934084255667576,-0.0010537733644191416,-0.003085703548019625,-0.0034155337348263926,-0.0009859885463514573,-0.0019905270341382675,-0.0031402854588467033
2011-08-11,-0.008745746137303834,-0.0024343562345374714,-0.006593690785924089,-0.0075882475181809905,-0.0006806238969778722,-0.005069939671606072,-0.00707754086139234,0.0006416791314607373,-0.00400121780390672,-0.006346862588995861
2011-08-12,1.313360911914252e-05,-0.002970490088449851,0.0003383485345849202,0.00029996813957078317,0.0020283815216863843,0.0010476547389894897,0.001258682392198729,0.004118294697555758,0.001857559151824173,0.0015245842438080803
2011-08-15,0.002413401866776743,0.00345276678186357,0.002023514664711179,0.0021398753164603157,0.0005233155158197444,7.899884746542796e-05,0.0008178463535424285,0.0003512679591479717,0.0010766056857771655,0.0010103125654574718
2011-08-16,0.017114614597920186,0.016626961798148487,0.015402022920194103,0.01670561100411594,0.011589158417947276,0.014267537511450268,0.015762471719723115,0.009450486326073815,0.013541633353908233,0.015384611390228287
2011-08-17,-0.00508602696508309,-0.00037630645616837377,-0.0033682361198510424,-0.004305244803221364,-0.0005160608690766288,-0.0030316882663534717,-0.004188214978622651,-0.0011142115378582895,-0.003041824631802248,-0.0037288135980144688
2011-08-18,-0.0006584884235694144,-0.006940013341881102,-0.0009241580935968052,-0.0011101068401409009,-0.0024139954920918694,-0.0004296815586051217,-8.71148319214754e-05,-0.0011106799197584394,-0.00013577256391295034,-8.499240791004503e-05
2011-08-19,0.0011719647684580448,-0.0039619042061695975,0.0014043992541146189,0.0006423009904585886,-0.0006958735044693132,0.0006419394033778669,0.0012387320689140058,0.0020102449625349905,0.0011527957175345716,0.0015690376623069824
2011-08-22,-0.0019557482305421203,-0.005938324078502699,-0.002975070480819353,-0.0020285160745066033,-0.008700211231134625,-0.0036828925936787105,-0.002777257542478706,-0.008630173557132581,-0.005117196683715575,-0.0032448024029575473
2011-08-23,0.015634548838439732,0.012632242412917494,0.01319068218677244,0.014695896095382022,0.007226992182009617,0.010440093276566031,0.013627945122780982,0.006633200689496022,0.011091231875046237,0.012901237663176746
2011-08-24,0.02224140697451893,0.021614751765291595,0.01989789364632233,0.020770193463437447,0.010527678774994609,0.01599745281522358,0.018837461680066614,0.00957765256431431,0.015173356043608255,0.017813391828437997
2011-08-25,0.0010286440640894234,0.0011676733662833172,0.0012222170942823851,0.001746323654197024,0.005450562092992328,0.002627357626024729,0.002004511664216224,0.002375758645059234,0.0029482772687652314,0.0019274015206427464
2011-08-26,0.00610301923240586,0.007010231619502871,0.00697668453147382,0.006209908467180947,0.004622964983605371,0.005985812775073374,0.0059177451979570694,0.00666614582610503,0.005415299360983283,0.006144410127261413
2011-08-29,0.005051460131273666,0.005221539765969618,0.00438885911719078,0.004197251035110927,0.004867365421902026,0.0048100990427357715,0.004726845919189371,0.006658293785897662,0.005202536608445163,0.004829230272876517
2011-08-30,0.006089751548064681,0.001188091992152529,0.004087413826743713,0.005089699036863848,-0.0005988451044269816,0.002266952558190871,0.00413987827474771,-0.0010511458706824461,0.0026131917547278505,0.003046174694607773
2011-08-31,-0.0004392844597411738,0.009147362901274159,0.0015942595356350786,0.000349451524454647,-0.0028483346530385756,-9.106075708087413e-05,-0.0003765899636321013,-0.0021397504846345505,-0.0016007885583819714,-0.00021392211216242352
2011-09-01,0.0014150680959870154,0.003506508618093207,0.0029001839462958756,0.002157805954769776,-0.0005989908043758652,0.0008144138742773865,0.0013635626896986164,-4.850751311735735e-08,0.00033442640323855244,0.0015808399045300625
2011-09-02,0.001089912304437446,0.005642061590782177,0.0027222703343492416,0.001808750143189819,0.004227243427893601,0.0012269386844743213,0.0011200213040900575,0.002519670080992187,0.0012336181450731676,0.0012016594846362416
2011-09-05,-0.011463893206436926,-0.005735261583182938,-0.008991531217066306,-0.010331638020550149,-0.004464327048655181,-0.006506957816816872,-0.00883463749103297,-0.003723207840880205,-0.006232003208453185,-0.008078872510497215
2011-09-06,-0.007798117908048741,0.0011916826392308622,-0.004862688294481776,-0.006561164345139203,-0.00021763160689247663,-0.004734191786917141,-0.006169184017754126,-0.0008697695573196551,-0.004478543925069189,-0.005596938175035815
2011-09-07,-0.025046192236158782,-0.021115489651747033,-0.022497042289138847,-0.022917885821156725,-0.012034626864480424,-0.017164382246390053,-0.020949102739751924,-0.010555675535933728,-0.016491728555054097,-0.020050361834001884
2011-09-08,0.0023527700433907395,0.0025372025235437246,0.0027351063227085692,0.002313472057709154,0.004837901884077622,0.004177985691620423,0.003281310591614295,0.003774679031817385,0.004549288724642331,0.0038253989836927182
2011-09-09,-0.01832358415365698,-0.0059144464501179606,-0.014788516043175215,-0.016459468641775832,-0.011188064535738507,-0.014214807741040114,-0.01638177919216144,-0.009867720543852654,-0.014057848681103602,-0.01564494246572279
2011-09-12,-0.0004691307454290916,-0.007725869143040409,-0.0023274797572665484,-0.0009755578411847488,-0.003017605898737896,-0.0014893660074125625,-0.0007778130719779952,-0.0027342428545389375,-0.0009936100735161713,-0.001106335238951317
2011-09-13,0.011621593430750421,0.0060855006146798285,0.009577478538733919,0.010868099952265231,0.0027992846165394436,0.007267520142643091,0.009317272209846239,0.002656865346113646,0.006742638996942496,0.008052570550907578
2011-09-14,0.01842053670103483,0.013462769048860457,0.016009057429074547,0.017116571956630633,0.011162894658149458,0.01426093952079266,0.01609284727252791,0.010534272831639768,0.013571144005695368,0.01595793151620417
2011-09-15,-0.01967702188701448,-0.014119622095315032,-0.016606334082926888,-0.01800779677413089,-0.007684167771911943,-0.012856078912913071,-0.015595610175794028,-0.005804375118279803,-0.011398487580992711,-0.014606834083693121
2011-09-16,0.0007895224589200556,0.009272329494836473,0.00391961227830695,0.0017355593321466412,-0.0018785470299060858,0.0013583200729403444,0.0011478950671719446,0.0013941164177562193,0.0008272552391184185,0.0018389339647879588
2011-09-19,0.008524604627366594,0.005204470441049214,0.006503878017409148,0.007903134629096531,0.006761843185188354,0.005038178282038119,0.006554444260975956,0.005072031081240658,0.004980138746165652,0.005707487070021555
2011-09-20,-0.009110048539559656,-0.0002832570113149302,-0.0056200842576741294,-0.007210552533089776,-0.0010259217876009696,-0.004817744483612163,-0.0066570136955358405,-0.00299552940358061,-0.00469227034953168,-0.007076575303348154
2011-09-21,-0.011810931503102418,-0.005360205251351835,-0.009240605107933009,-0.010391202829965973,-0.0039453065572793156,-0.007991675773590723,-0.009667883020412327,-0.00487624970399847,-0.007417443156248371,-0.009568813332734183
2011-09-22,-0.01644784717343728,-0.0067740971282168605,-0.012376053135700005,-0.014700426104223285,-0.007911855175025573,-0.010632133862614634,-0.013206266380665688,-0.00555759244912446,-0.00943458936262731,-0.011922267272465148
2011-09-23,0.0006644749019679708,0.002381671322594592,-0.0002467258260965277,0.00039609066380252855,0.0031138200930231896,-7.096454674249131e-05,-0.000329533388373382,0.0023043642007496423,0.00019537428286819924,-0.0004375868592032539
2011-09-26,0.006216953433745509,0.0026183154100822836,0.004816205749598179,0.00559484114993869,0.00285047636975877,0.004036363332331927,0.004638471630596941,0.0015867068877388757,0.003356329791796453,0.0035074427796575325
2011-09-27,-0.007613831244617009,-0.0077514388758599395,-0.007595228388504238,-0.007073688326223682,-0.00859534372057269,-0.00864426398353868,-0.0076133593080643935,-0.008010677756016715,-0.008694819511723129,-0.008019719173371076
2011-09-28,0.008228226555727414,0.00544601587317306,0.006698910596732777,0.00695984086069279,0.0022662693083859153,0.005524687088078295,0.006441501823788887,0.003336827914846019,0.005017090191364204,0.00623643221285386
2011-09-29,0.010784030383700571,0.006976229274319623,0.0089360551137605,0.009700778489685424,0.006306744225896166,0.008184852238346307,0.009165409506898037,0.006382840963404357,0.008013908223281518,0.008853258217864424
2011-09-30,0.004678625045998919,-8.723952875877572e-05,0.003675371044262077,0.0036925824709934663,-0.0020540441954305377,0.002782311780005653,0.0032841806476604507,-2.991497137450061e-05,0.0018538485693577744,0.0036066585494265446
2011-10-03,0.0020836165123714334,0.0015988890598745975,0.001718710488179731,0.0022249927631696753,0.0015160968395049323,0.0016416228581066505,0.002210238605838244,0.0002859251315643352,0.002081446925264796,0.0019071874910996378
2011-10-04,0.023783126261418763,0.010987193839862908,0.019202980260821345,0.02175074647658981,0.01042232745402738,0.01651641686160321,0.019847067935416796,0.00757314998097236,0.014546801426581268,0.018064555538411575
2011-10-05,0.002531193852643332,-0.0010496181123688109,0.0009941544880542885,0.0014691792981864626,-2.9955097624045912e-05,0.001396690183628202,0.0016439893063520117,0.0024596683997597513,0.0018747622651671403,0.002333339806247503
2011-10-06,0.007186094072322069,0.0037424325416739457,0.006783020986621757,0.006701623480922958,0.004163900927734554,0.005649682381319465,0.006213154634801876,0.003935680071675218,0.005080183962350215,0.005841216355746193
2011-10-07,0.00982565773409938,0.006249524838120246,0.008376794877283267,0.009210561445252008,0.0026137201401348342,0.00455007190690071,0.007068892502423596,0.001344164594632602,0.003257926304994996,0.0059357775082446995
2011-10-10,-0.011900006144127562,-0.0055958621970753075,-0.010155454851815793,-0.010460683212644373,-0.006015388228823193,-0.008504111963759331,-0.009886482499376736,-0.007932186434942312,-0.00853954840187554,-0.010883882496618424
2011-10-11,-0.012531892992931226,-0.009416806415120549,-0.01040428599145704,-0.010766106040165369,-0.011344819641541326,-0.010087676505422749,-0.010596044190879228,-0.012668334947502635,-0.010434972216152416,-0.01099933343246473
2011-10-12,0.000176253222168965,-0.002774905498597602,0.0014190399614664173,0.00037458154562930446,-0.0011983076767572154,0.001715339084982892,0.0012856445037543462,0.0014990205048446281,0.0015452300968608057,0.0017137282826815703
2011-10-13,-0.019324299997756533,-0.0072812557587312865,-0.01605520466117505,-0.01745310048178883,-0.010668597010308423,-0.014618018555926371,-0.016452929255009185,-0.011020319377812893,-0.013920013447797475,-0.01601017329961163
2011-10-14,0.006873787273784293,0.0016660975754696494,0.0056931187679651885,0.006037708417575782,0.005350456396071346,0.00675420709758856,0.006578219969787691,0.004484888495681627,0.006282565065290235,0.006342193383326755
2011-10-17,0.0005054155424875084,0.003233502301989377,0.0006189780775658349,0.0006157351517472875,-0.0005673386425979476,-0.0019727104700881792,-0.0006301021721529798,0.0004888132254861066,-0.0005802019419642868,0.0001439193932002425
2011-10-18,-0.008596147761254613,-0.0031014805584530514,-0.006315887816363497,-0.007591285577940754,-0.0036414826972190895,-0.004914768734485264,-0.006738536350616053,-0.0018021802752701266,-0.00408530025734688,-0.0055588830154995605
2011-10-19,-0.026040083476632447,-0.018183464548828798,-0.022011032520110163,-0.02405500296608276,-0.014774051078454087,-0.019881350059014702,-0.022626062489669363,-0.014257003229108278,-0.019330109021108988,-0.021797263741609285
2011-10-20,0.010125128719778997,0.006741153489943086,0.007677480548689886,0.00898563715479228,0.0035587960382466033,0.00612503551810839,0.007976372368443618,0.0034524496175238895,0.006434333381441615,0.007762720239940846
2011-10-21,-0.009424518698690765,-0.00609258012184033,-0.007393600929839539,-0.00810942796501779,-0.0060645214405663506,-0.006108013387004618,-0.007740366205250426,-0.005827454053076719,-0.007411222267784345,-0.008056263826964893
2011-10-24,0.02655263376997863,0.010235933512221074,0.01948738171204245,0.022872553786310812,0.014444348279121666,0.01925934168801069,0.022026057742011718,0.013732070233368532,0.018315946105316172,0.02158222275670796
2011-10-25,0.005478563377712131,0.003875245061448096,0.005656154239356503,0.005262128196498406,0.007278688139625622,0.006781779523369558,0.005838999534509615,0.0074403979694261935,0.006261841175369209,0.005913087367129366
2011-10-26,0.011694438545471364,0.00904901842676753,0.010697616656662134,0.011448043462062074,0.007290841825824401,0.009330704245305022,0.010564550012785334,0.005338882372081688,0.00863613927308271,0.010026435598383232
2011-10-27,0.011228951847638724,0.002259612808397149,0.008874247456427176,0.010126897124840273,-0.0019684796883376876,0.005602814848471027,0.008642636895393352,6.482564675547309e-05,0.005105432917710706,0.008369609385249
2011-10-28,0.016282443235132282,0.009474342907482836,0.014292771840312968,0.015494417350554457,0.0075674803392162815,0.012538306516482134,0.014534638801020128,0.005274711663254994,0.010014544085672261,0.013078775783720964
2011-10-31,0.00773646108434245,0.009068194248211814,0.007451462929790598,0.007349257544204235,0.010232316041348666,0.008002976365002024,0.007717828187094877,0.009305506602994118,0.008241572735214975,0.008157780667226167
2011-11-01,0.006015336675424088,-0.0001422614444200887,0.004126276000566698,0.0049080058050736675,-0.0030225849632613544,0.0006487078508339295,0.0034935159717182085,-0.0032894137295208514,0.00022251349124191577,0.003166756242601876
2011-11-02,0.005730798862361164,0.0013395674171203797,0.004106323495598696,0.004824743779031415,-0.0012811622369175435,0.0021324179529091936,0.003931658843088881,0.001341959586523167,0.0027907839173637594,0.004006192903481587
2011-11-03,0.007362813202699936,0.0034526480742957943,0.005847636989678273,0.006493291502217113,0.003789261665271715,0.004519890293242623,0.005801338398985445,0.005198229603717408,0.0047801956445694405,0.00571968196006023
2011-11-04,0.0069172991547676865,0.0017619951533951461,0.005335110745745553,0.006144556013242042,-0.0004453424220988156,0.005132551334384949,0.00616181942649785,0.0012078383063136577,0.0035891124291314025,0.005714089773998676
2011-11-07,0.001164815283833276,-0.0024581171454610695,0.0006634757832790772,0.0010109940095199832,-0.0008485984947587122,0.0016483201333070685,0.0014052409526565945,-0.0023159635292405722,0.00016384571604977083,0.0009291869845915457
2011-11-08,0.006612535517572349,0.004180891254402352,0.00536850546485268,0.005851152704329676,0.0035350707487746824,0.0044183122940155695,0.00529465354525005,0.0067702721098743535,0.004744403804896269,0.005397640746845012
2011-11-09,-0.008115813557066476,0.0001586969377256331,-0.0059635241052834465,-0.007101053740049101,0.0009681144590454327,-0.004738472852176101,-0.0063049605357325955,-0.00015012873752939804,-0.003443453395266305,-0.006055836800954673
2011-11-10,0.0028420220746918634,0.006705815672506166,0.00512471196915909,0.004209086585899691,0.0050906931379415266,0.004516561229298333,0.0041920944890414535,0.004513478900229906,0.00402587272672994,0.004136782356365609
2011-11-11,0.00328082540864183,0.0030096162978761054,0.002688799005788667,0.0029647120954909845,0.005042971613505198,0.003530368770262582,0.003191212338081284,0.0041793083346870485,0.003932270659837922,0.003024882138404461
2011-11-14,-0.0077215036599052045,-0.007509754049984219,-0.007371906621229329,-0.007557754800492922,-0.006846971720180672,-0.008249934393466218,-0.00783711304800816,-0.007890378200361536,-0.0079436352365303,-0.007631123829566766
2011-11-15,-0.012680463597452452,-0.005304891101059361,-0.009735448744192299,-0.011209237609851486,-0.0024352997150856037,-0.00914682090736263,-0.01051572344971552,-0.0028146518591641856,-0.007348332145540426,-0.00990417495436724
2011-11-16,0.0007569806256495504,-0.001302112974242764,0.0006347111337627886,0.0008102128678670883,-5.387752256180711e-05,0.001221232845625586,0.0010025305957634956,-0.0011891525074254616,0.0008865003822882134,0.0005059099934867639
2011-11-17,-0.000873825841058995,0.003167423797768132,-1.1832065729744379e-05,-0.0007336452859985076,0.0030374414224798585,0.0007338432550112461,-0.00015975341692597844,0.005303802036952465,0.0020351100494206964,0.0008463103184064291
2011-11-18,0.0036561321515826695,0.003826611592632423,0.0034559118706203318,0.003484906312643865,0.0057610919130626215,0.004260575363087549,0.0038713492525301874,0.0053270785900325635,0.004818795835330958,0.003918866413001876
2011-11-21,-0.0014936727275756123,-0.001481475894495321,-0.0008677953945437356,-0.0008540860259927952,-0.005199380661849218,-0.0019124223826407771,-0.0014866294316744355,-0.005048165542642424,-0.0036650003960023714,-0.001983106910935062
2011-11-22,0.004186863812871033,0.0026727818778768953,0.003500957193629306,0.003751235526600283,0.00263070772939078,0.0036389630571189713,0.0037210516125931736,0.003180657863572023,0.003873025439568911,0.003879263717717407
2011-11-23,-0.004427147354892025,-0.006864810427088419,-0.005449332975963617,-0.005156665869186394,-0.00659538763215628,-0.0054773083189993965,-0.005024043847437265,-0.0061284279702085165,-0.005160050355601298,-0.00450022320416732
2011-11-24,0.008277436251284742,0.005852811203959973,0.007198393481397503,0.0076157424166765075,0.0066710257893407565,0.0058201572569933635,0.007300742839087437,0.007006964885792444,0.007416236064860415,0.007769600077781602
2011-11-25,0.014555912188041864,0.007338653023752695,0.012049474361912837,0.013181376334665096,0.006392038957518054,0.0114905216741219,0.012600580674912099,0.006232040061540101,0.011003235784887488,0.012386461457793319
2011-11-28,0.011161331459295765,0.007305184988124047,0.010279360414726435,0.01100337190253442,0.006479269155829526,0.009142560160035229,0.010485340312552882,0.006332021220671447,0.009037603377390457,0.010245340453907348
2011-11-29,-0.011262505367593656,-0.009547630094984938,-0.01039309636186303,-0.010832413641177152,-0.0074956160134470595,-0.009704633912114402,-0.01047140785944145,-0.008609719447758124,-0.009094470504257046,-0.0099474158309526
2011-11-30,-0.010292330347804413,-0.010203215489581474,-0.009129966382598553,-0.009495547442434749,-0.011471313352326984,-0.009382244476953794,-0.009660065565245013,-0.013616196386793789,-0.011106063747143735,-0.010527655905731348
2011-12-01,-0.009087628239907719,-0.012300821430251907,-0.008789048469061145,-0.008683467597184524,-0.004963936897512289,-0.005439625224562317,-0.007520131645879502,-0.0062407084954372305,-0.005760090762930714,-0.007902680871845424
2011-12-02,-0.004916778446781622,-0.004576470622916884,-0.003474748695911467,-0.004027678467822815,-0.005119056383919851,-0.005296975044289831,-0.004779366550653141,-0.003142975781218582,-0.004464947902293792,-0.004067769231199225
2011-12-05,0.0014209443298849322,0.0018341369365344473,0.002260154308716622,0.0019953874769167435,0.003221398145067722,0.0022152241881998602,0.001847800496597607,0.0012332549434477258,0.002157301496970687,0.0014439294915495893
2011-12-06,0.009670916545190034,0.005764386058288107,0.008306697557288745,0.009015639088649108,0.004212779238792264,0.00841182941362395,0.009017708049733564,0.005301847592922959,0.008323639423623463,0.009460199154824878
2011-12-07,-0.010228714403490935,-0.004186552446059144,-0.007294966073758458,-0.008652056793139407,-0.005961993595960502,-0.00748194316136519,-0.008652365457367805,-0.0053711740693189736,-0.008031485804389615,-0.008766571037006843
2011-12-08,0.00021435763068722302,-0.0003114983426677487,0.0010614487964382135,0.0008084934410157452,0.0021453916878786394,0.001931409334837264,0.0010746768309071175,0.0015826599606756364,0.0015894897370656302,0.0008734264049961027
2011-12-09,-0.002216275904593945,-0.0008440900717314737,-0.0007656152342141453,-0.0011610053990046554,0.0005198075360604015,-0.0006786678935090107,-0.0010893163000307293,0.00019956843407387126,-0.0006042640343355554,-0.0011741864446890293
2011-12-12,-0.0009347871482690007,0.0017519087163255787,-0.0003009834469144268,-0.000417608565649763,0.002387505948686197,0.0002730515143054557,-0.0003120485182750432,0.0003669506523522603,-0.0004990315116114585,-0.0008358470473457391
2011-12-13,0.0038762137164927157,0.0024183953883838427,0.0029186887961925034,0.003020514513444983,-0.0026223687314707034,4.476191422542186e-05,0.0020972091088933276,-0.0003808158168799869,0.0015684802993858327,0.00267966809795972
2011-12-14,0.009646711972905786,0.007170727797408238,0.007675525798946925,0.008481580096161512,0.006929206658176312,0.0068928310241873625,0.00828209791832668,0.006891788487420447,0.00732905698029751,0.008418412008228238
2011-12-15,0.004192891496320739,0.00144627370866246,0.004024823408630862,0.004446297837195745,0.0015971373769003705,0.004550804799139163,0.004360140499452436,0.0003119731873251208,0.0031487596138892737,0.0037863382510117116
2011-12-16,0.010276999842936396,0.005550407938646806,0.007869237756625846,0.008931778512923039,0.0028033537224105842,0.007956144452324176,0.00870198104761144,0.003564974234502083,0.007591703115378268,0.008777635102011905
2011-12-19,-0.003385584497285876,-0.006083868234296408,-0.003960643820319909,-0.003914092260019819,-0.003992614026696595,-0.003772471523064147,-0.0038334651568545652,-0.0038957143036236763,-0.0029880295414690394,-0.0034876590776745653
2011-12-20,0.028122401059378577,0.019500948244431715,0.023751928563088498,0.025787960902211582,0.0170605018355805,0.022722739017452698,0.02501835095518401,0.016743486423753007,0.02224368779754493,0.02464925121507444
2011-12-21,0.015186775599964175,0.013222663048243266,0.013961235254895232,0.014628456741335283,0.011496461436431904,0.012671639780597488,0.014024547578599167,0.011009920494672532,0.01309137022438489,0.013922739757634695
2011-12-22,0.003290028697749303,0.000563377103477869,0.001978699925404781,0.0027067899092187986,0.004629267380941604,0.002854726831197585,0.0029830147991543043,0.005293324727191351,0.0030505835863299247,0.0031263617629726514
2011-12-23,0.004499886664177444,2.4463436760324697e-05,0.002145854529210789,0.003193935685971816,0.00417807088852995,0.0037943068519392664,0.0038328813179220322,0.0037019169575049915,0.0037121538066811066,0.0038922289445852964
2011-12-26,-0.0037410849247440092,-0.002572223355345127,-0.0034337061858964457,-0.0035056525381711445,-0.001808144595999206,-0.0036960073734401133,-0.0037717689262162235,-0.004036565518076962,-0.0030060502073463446,-0.004422653780878916
2011-12-27,0.0011011512307008697,0.0002869563114868967,0.0002965122397557973,0.00047126890080417816,-0.002896116809359972,-0.001056665069681828,-2.9376292134064563e-05,-0.0010802115695063286,-0.001408273282496042,0.0002666326919400497
2011-12-28,0.0021419341966666394,0.005002265612976009,0.002908639793705259,0.0026368451073759402,0.0019003018529106797,0.0022669648311257617,0.002479805932863677,-0.0004701869686768445,0.0023028299129008722,0.0019864868365804256
2011-12-29,0.008086203828135963,0.005910938684045686,0.006281349389451574,0.006977248880374987,0.0038319619441735675,0.0055953041184069185,0.0065228279827880264,0.0034458986381840084,0.005938477399558328,0.006367205003269483
2011-12-30,-0.0026805829875784504,0.0038313323542535915,-0.000805054864724486,-0.0016114721462938686,-0.0013110843664623228,-0.0017781651446457936,-0.001911650013199484,-0.0028600855021294613,-0.0021037701160101507,-0.0023485998234312744
2012-01-02,-0.0010022458237642917,-0.0055660608182144244,-0.0015581296503520692,-0.0012283111614737052,-0.002828846289971154,-0.0007754627950861126,-0.0008843205407031984,-0.0027241849429253673,-0.001295734408295779,-0.0008294222708544741
2012-01-03,-0.007236337430069573,-0.007050225039862301,-0.006149003275178755,-0.006682467225042732,-0.004162735884724045,-0.00545264990978056,-0.006222540663798459,-0.0032074041453156177,-0.005068000063245703,-0.006071284617299666
2012-01-04,0.012110773110467932,0.00847787964185831,0.00861121848078894,0.01011069177177526,0.0010927449851780846,0.005857353839691104,0.009091472434968662,0.001960838011806798,0.005466703531541439,0.008902230135689582
2012-01-05,-0.009290412411578242,-0.006304914323255195,-0.007477877949392586,-0.00839646969082486,-0.006158151941272116,-0.006877579735926509,-0.007985587677156625,-0.005538049534843603,-0.006470041005238958,-0.007710460420785825
2012-01-06,0.008406441533955089,0.008993713559007688,0.00829481128308962,0.00832809642665544,0.005885137805916596,0.0071398524114063555,0.007885885949923122,0.006282597047930327,0.007791391024461802,0.008071084819497143
2012-01-09,0.000169069829346169,-0.003063113417239638,-0.0005156848953312698,-0.00016659576746502758,0.002067498914695154,0.0022557125536732947,0.001096820237380891,0.001015932604348846,0.002325840790474709,0.001448689893210009
2012-01-10,0.014478100453724663,0.010044614088026371,0.01225171003117187,0.013326450167362891,0.007080658308227905,0.011521373167083793,0.013267256937472105,0.006626870153141562,0.01161521736387261,0.012992589463355575
2012-01-11,0.018090898667182165,0.009917624762804556,0.014659340082807448,0.01631887384957431,0.011515541251845729,0.014515024087019324,0.015884033485035864,0.0111121780282597,0.014610575857089136,0.015849726611598225
2012-01-12,-0.02141920351676163,-0.015212161202034835,-0.017273484069743383,-0.01917342771465136,-0.013710483451471078,-0.01628907343645858,-0.018219498342880502,-0.013824663423042116,-0.01631412680496247,-0.017869879414695866
2012-01-13,0.005680479138980621,0.002879529167272299,0.004146483886962482,0.0047836021984795085,0.0025130252099230255,0.0034358925076494184,0.0047732703402825205,0.0025334218164325684,0.003976106841740101,0.004765431194213576
2012-01-16,0.0006859047719205424,-0.0033937473355327707,-0.0007334288663746191,-9.673786666475337e-05,0.0002526479533073722,0.0006501476604239276,0.00013067920029619096,0.0002272586609803895,0.0009936425345926647,0.0002778434840857713
2012-01-17,-0.003937898658009642,-0.00373707107329313,-0.003357285222669537,-0.003538211138264691,0.000621011674510008,-0.0018577611572875297,-0.003228100588169136,0.00035684638421917825,-0.0019687814122084646,-0.0031384145037348654
2012-01-18,0.008799806480641603,0.01179519478537916,0.008265384175609958,0.008405568352502613,0.004853278600644773,0.005833339462049114,0.00768722895345797,0.0038400093565782445,0.005458619020723088,0.007065176969142772
2012-01-19,-0.0005245956204283919,-8.753296283536827e-05,0.00010784229964122538,-0.0003045154999390398,0.0010772539762082811,0.00024645213414764555,9.511561171660077e-05,0.0024052935280032273,0.0007932433539339367,0.0003271298765428199
2012-01-20,-0.0031083478909502693,-0.0018987204113867229,-0.0020220783882800575,-0.002529351694606108,0.0026947375962387277,0.00020640918766301475,-0.001710090281226817,0.0028605647650103982,0.0006465038307401638,-0.0010641837260616516
2012-01-23,-0.0066125691738944115,-0.003516454996994711,-0.005040436667908876,-0.005747673951775334,-0.006256102675421982,-0.006040195735193765,-0.005697882694911449,-0.004732218563084478,-0.0066747882849642615,-0.005809995652342526
2012-01-24,0.004675536441108408,0.0037837406621417102,0.005231395047256893,0.004930202330654998,0.0045489426261873245,0.004998732882242063,0.005131560280923875,0.007394768458133472,0.006077635945324733,0.005946472730544716
2012-01-25,0.01143959344933676,0.009348192617619766,0.00993900127609959,0.010476288404979606,0.006096041041601552,0.008669114621634444,0.009835955033648203,0.005077929978803075,0.009269318798616144,0.00976526462473215
2012-01-26,-0.010806296000652416,-0.007272649521351537,-0.008243042018839186,-0.009337655216918095,-0.006480432243376466,-0.007463527585637175,-0.008990929227138067,-0.007322566052343493,-0.008130434506145368,-0.008755528718514594
2012-01-27,0.00018066815053496832,-0.00046659336403032103,-0.00015049996670646326,-9.321881408530519e-05,0.00024027604968379634,-0.00013638164752105553,-7.009549511316493e-05,0.0003047617312865736,0.00046096550630281286,0.0001930496587541075
2012-01-30,0.014804572266162275,0.004503251281272824,0.010979111385623908,0.012873707590801198,0.01118223083769232,0.01242520585539908,0.012796334450750013,0.009448390956716013,0.011735071658539376,0.012723652831267973
2012-01-31,0.007475296240105678,0.0076833544118417585,0.007010691561428084,0.0072686507868517936,0.006003037859674043,0.006472372544513938,0.007061940383013887,0.0031287465855744934,0.00567729985141785,0.006644784214274058
2012-02-01,0.010602031184193228,0.008075725576258685,0.009838717385960205,0.010175137978442494,0.006928574503360263,0.0098499400438401,0.009968862676716483,0.00810202234322177,0.009733871469459476,0.010260665289702153
2012-02-02,-0.014199868860675036,-0.012347823091785282,-0.012236540015552633,-0.013229062723281504,-0.007970072967072417,-0.01115432547070494,-0.012591062787651541,-0.0073628684108904,-0.010496819230957355,-0.012361518829240747
2012-02-03,0.008838501962505907,0.003386309753051986,0.006540287973049619,0.007840075508516398,0.004195577360566638,0.0062265195599591205,0.007745717656875595,0.00042669328064315337,0.005726882926573973,0.007120842432721375
2012-02-06,-0.028754830157236788,-0.01626675319606874,-0.022053004052535297,-0.024842643359080374,-0.011367620489570407,-0.018630127126980978,-0.023352329501917013,-0.010903172706675623,-0.01849995353336853,-0.02297060856693034
2012-02-07,0.015353830882795405,0.012458664823916887,0.014054310988496743,0.014758193291535715,0.009305863887929977,0.01276501303356592,0.01405281657080204,0.010381753574490338,0.013005610118450583,0.014180987548661372
2012-02-08,-0.016516795535060025,-0.006565854262352011,-0.011820652229763473,-0.013993105718289822,-0.008916686352939962,-0.010846869490704902,-0.0129459424114442,-0.008205129586116633,-0.011921053212905708,-0.012796940427428183
2012-02-09,0.023799287085658483,0.02168185213616347,0.021836271187133383,0.02290148035618267,0.01658222153670663,0.019811351964465596,0.0219664236301107,0.014542164537978186,0.01967024567551845,0.021557978180202886
2012-02-10,0.01960540873136618,0.01183265964320146,0.015194532797637716,0.01721077913993474,0.0075409641589416765,0.011864492370236901,0.015427505990910806,0.007077074846370879,0.012664120494812137,0.015285591360971296
2012-02-13,0.018057361786876003,0.015566942128176331,0.014810743940532056,0.016202211105796005,0.00324606829674412,0.010059127392985312,0.01386922507746724,-0.00023149611213868493,0.010059417924999092,0.013130639824747492
2012-02-14,-0.0003559381051250199,0.0006444952851245578,0.0019907269891490387,0.0013663421753737914,0.0051354161268237775,0.004279528852859649,0.0025343476267396525,0.0038024194165626746,0.003230621966023861,0.002517565039915848
2012-02-15,0.0004191548415852786,-0.007214752402981084,-0.002700213782343308,-0.0011413465120971855,-0.004670522026588908,-0.0028520144066486175,-0.0016031383918078124,-0.0070171414080362204,-0.003258808314576367,-0.0020171380251298165
2012-02-16,-0.00431844493934741,-0.007024748476367915,-0.006430294091255506,-0.005397776652670938,-0.004287545194107345,-0.005457885513768357,-0.005367109998917208,-0.0043416194150193155,-0.006156823985953519,-0.005658893613513238
2012-02-17,-0.006954295485690487,-0.004553305698569821,-0.005233942979716799,-0.0057550431292536786,0.0036552744080009525,-0.0006900497533574024,-0.003406081972285646,0.006309793533568975,-9.427069237921692e-05,-0.0029896445262816984
2012-02-20,-0.0016385428562006865,0.0029587457617474833,-7.189471588819885e-05,-0.0006607766975496032,0.00024952539312428357,-0.00046130850316339345,-0.0004065621955579024,-0.0005095872420155523,-0.0004981211237229388,-0.0009741631508478621
2012-02-21,-0.007606072620261695,-0.006630491882413603,-0.006011230314684646,-0.00653031469238563,-0.0048988899307476075,-0.004656939638681301,-0.005718253334074941,-0.0033541152680223174,-0.004656046452940377,-0.00549880363510824
2012-02-22,-0.006145257364033263,-0.00581570885623639,-0.005235809899902244,-0.005665241552182287,-0.006196952763696251,-0.005938368285201223,-0.005790508434365904,-0.005496334663610325,-0.005177369250829678,-0.005594640954334595
2012-02-23,0.006179015850211966,0.0015113079310227207,0.004672271289988705,0.005192234803007789,-0.00010796460933470975,0.0038853299111192285,0.00451359158348974,-0.00045707569434716433,0.0037737580268133453,0.004435368001940887
2012-02-24,0.006206789590674777,0.007725508245390866,0.005611089302384409,0.005780398524477537,0.003874376542470692,0.004107125208694384,0.0050587761587537194,0.0033070498082441446,0.004153937582400902,0.004759300215035012
2012-02-27,0.0024838772429962575,0.0011607490004561516,0.002300431346591081,0.002316617158150125,-0.0006486997830095209,0.0016781667753793528,0.002001660136273342,0.00011572309171503647,0.0012804241913335623,0.0025670499187955276
2012-02-28,-0.0032703330883819826,-0.006445745360292188,-0.00414550931296942,-0.003796971890820955,-0.004176767380528967,-0.0036544799619037116,-0.0036875997285463757,-0.0024606941650444636,-0.003698458726275944,-0.0034764246318270686
2012-02-29,0.004004995954952628,0.0024924653496189997,0.0025151524737130337,0.003078981604362152,0.005474258353166173,0.002507241024938489,0.0030955967106385263,0.006157335497433802,0.0031784473058431573,0.003130617567557392
2012-03-01,0.009014336573295312,0.005957948622730358,0.006539342606573406,0.007250557211089692,0.00471786466420121,0.005638096664874803,0.006739765828881916,0.008058761337247589,0.006066770206630601,0.0069458851218420214
2012-03-02,0.014899519127902439,0.00962648146445999,0.011990402603222261,0.01325042395287035,0.005399097958513233,0.009438212998606366,0.011903853280432974,0.0035366456082652764,0.0091577908556153,0.011552164037884616
2012-03-05,0.011219501086529915,0.007582545591346523,0.00976085380682079,0.010385241238278553,0.005779949534850726,0.008335232211669208,0.009744635366801147,0.005566778153830887,0.007686713591771754,0.009754119636954384
2012-03-06,-0.0014628318599043677,-0.0005691525813495968,-0.0018392652287828604,-0.001815785007904358,-0.005383016024427367,-0.0027089621024992683,-0.0020571703903766725,-0.004858614864757138,-0.0021748790811360053,-0.0021246666397944924
2012-03-07,-0.010274525072324736,-0.009934782060823322,-0.007915204768573214,-0.008959858717568436,-0.004873588985714883,-0.0052409155509578476,-0.00755233303028402,-0.0025467018910911854,-0.005227897908987034,-0.006786135276961813
2012-03-08,0.016172964129969936,0.008539513204397498,0.011846706186749767,0.013633512986502172,0.005706689123535558,0.01014938518014774,0.0126662264895272,0.003917819112751353,0.009472388190188363,0.012047078663703026
2012-03-09,-0.004964172548052703,-0.0027283917861399276,-0.003982160129865631,-0.0045185695052931685,-0.004760611238444179,-0.0037364872556133744,-0.004143053127545926,-0.003679644324433129,-0.004123468926858553,-0.004066973070625757
2012-03-12,0.007362395042281644,0.007496957350863198,0.007511709776271358,0.007193847642399165,0.006822569185851668,0.007355600431050435,0.0072997570638440035,0.006379203704523828,0.007043524108794497,0.007274895174318896
2012-03-13,-0.014145550578610333,-0.003631592648853932,-0.00971695017542007,-0.011654547963496298,-0.006010284662178789,-0.00901955166584234,-0.010755936344517991,-0.007549947416272906,-0.008953982831755858,-0.010881091506984575
2012-03-14,-0.015079177758931195,-0.011366371796420416,-0.012531923038574644,-0.013582248620086279,-0.007795057869112165,-0.009440262602696037,-0.012149491091811404,-0.004307613077101591,-0.008280227327896017,-0.011301149950521117
2012-03-15,0.009778536113048242,0.009955496624985294,0.008142626822947419,0.009002933134069524,0.002132693173217959,0.004946395423062855,0.007392765535283452,-0.00016978768815234524,0.0043880816241568255,0.006518671938451792
2012-03-16,0.011734768100401194,0.0040757030930786975,0.007847163451415007,0.0093977615155858,0.004505185680238499,0.007219985705349652,0.00880311275958312,0.005731926414014543,0.007189325261568014,0.008719832655439186
2012-03-19,0.00562055733409994,0.0013527623507310071,0.004648761406877311,0.005061495704034469,0.007672791391948319,0.006082241365087171,0.005369685352587084,0.008252182201748726,0.005848625078480829,0.005619475184607481
2012-03-20,-0.014782382810654582,-0.008926252041750349,-0.01146729775390487,-0.012930877468333879,-0.0042548184128952116,-0.008781663074667989,-0.011590204957918626,-0.003711709109884498,-0.008045866835116877,-0.010619512798055841
2012-03-21,-0.0064473056823248776,-0.0006353282982454189,-0.0037912015153013234,-0.00507005031286234,-0.0018090043973082448,-0.0039980927699458935,-0.004755315323328402,-0.003354853774459432,-0.00403461452721654,-0.004629247141783921
2012-03-22,-0.004321375311130193,-0.002490355382048115,-0.003972903003017558,-0.004250270381115251,0.002329815797354584,-0.0019219346275991533,-0.003456564070709933,0.003402413809611815,-0.0017434536250183763,-0.0029903261795638514
2012-03-23,-0.0012562114624532494,-0.002747608612341579,-0.001255087505562802,-0.0011355978443597925,-0.002682988137401643,-0.0014055716744900693,-0.0011166320985063205,-0.0017364623113356181,-0.001156244424966757,-0.0008408024269028758
2012-03-26,-0.0008286287759976529,-0.0026159534641601034,-0.0022273178626837087,-0.001621815224238432,-0.003839194228604459,-0.0035130614380010083,-0.002363792402711451,-0.004064568584915329,-0.0034759115533934404,-0.0025937719673012616
2012-03-27,0.00357590924707174,0.00609039238182163,0.003463762858698649,0.003641383001464771,0.0027627033972357218,0.0023395538740400568,0.0029458780112880945,0.0015545713080336032,0.00191006737028232,0.0024613442126375507
2012-03-28,0.021022517443294753,0.016057446990063617,0.01793098068154242,0.01943088489370437,0.011562334820470976,0.015164272014741575,0.01788685080412744,0.007940742550383906,0.013897901424183123,0.01610799578755895
2012-03-29,-0.00565975751697867,-0.007865968562778436,-0.004058685442157484,-0.0048096602401579425,-0.003060590457054424,-0.0032144893790281293,-0.004071622562155541,-0.0027592823791247056,-0.0018845726736155255,-0.0034792742667548726
2012-03-30,-0.02063269202239959,-0.02084561663054052,-0.017332607889377072,-0.018973710653274578,-0.008577354443884078,-0.012135824654312954,-0.016444974181109018,-0.0061274061586252815,-0.010186469889261751,-0.013687498724922031
2012-04-02,0.017329643409336404,0.014496321294155345,0.014827202445433008,0.01612121452282267,0.008067310118115234,0.010256086991926594,0.01377713868062691,0.004921583926789763,0.009242846201099164,0.010853775632177598
2012-04-03,0.012936928647625967,0.0041362282588122135,0.010482809092381418,0.011292806071076411,0.009210755023437489,0.010453527672252383,0.011425675019093529,0.009643733868371918,0.01128851882452886,0.011839032715049047
2012-04-04,-0.0031134137568678,-0.0018390556973203465,-0.0015330974148983767,-0.002480146143777673,0.0004835895789110367,-0.001237114490170943,-0.0023854541683676622,0.0004992853791261354,-0.0013973676507793575,-0.0017291616943060362
2012-04-05,-0.007160238743834757,-0.0004822392748204951,-0.004694650603723427,-0.005652447177059816,-0.005529727316701871,-0.006896547267027153,-0.006504858451924944,-0.0070896310748984614,-0.007906545801616316,-0.007711481619811167
2012-04-06,0.01718186833979085,0.009876786946622085,0.0133772282657727,0.015048593861888282,0.0037673320229651974,0.009832318506383997,0.013278045749566925,0.0039712791618193855,0.010466457688161013,0.012264333764872903
2012-04-09,0.0018920926330163734,-0.007037035769454247,0.0002931174250231372,0.0010818049712941757,-0.00199912064312302,0.0020345061888271676,0.0017415810733427683,-0.0013811088581165976,0.0017375232273746377,0.002312290380507953
2012-04-10,0.00459010897358203,0.0030193818026120756,0.002161523817789668,0.003324736658024463,0.0014613101346951929,0.001339825282108409,0.002829178183693992,0.0017164441237846884,0.0017709755860573217,0.002432767125018609
2012-04-11,-0.00032185439444742947,0.0006718759279991104,0.0004881670359138113,4.15207898514236e-05,0.00990143677195543,0.003916169944432113,0.0015503416490358912,0.009666646291257575,0.004936100643930352,0.0027337862659364554
2012-04-12,0.006645212227738284,0.005416799063998834,0.003809428130896464,0.005022499428888105,0.004334713059424455,0.0030608476375515448,0.004480695238527677,0.0014797200600611404,0.0026800443691814557,0.00325060592089077
2012-04-13,0.00513724005501337,-0.0012017959222085928,0.002488470642469931,0.003614125991641348,0.0038588510074391014,0.004128927878640276,0.004153935197074077,0.007000381812128698,0.005506695772647285,0.005653496372250544
2012-04-16,0.009753686544704765,0.012116019098742381,0.008317364435890262,0.008919838782422751,0.01289034106735798,0.007441294354858741,0.008392782860914494,0.004576998996219439,0.007325587011153711,0.0058962578073324945
2012-04-17,0.005291040656929313,0.0033033634284822533,0.0049028514386022515,0.005112331426628813,0.005014255907915821,0.0050536282698081525,0.0050626229934971345,0.004925782210662755,0.004980647379139391,0.004756460238133586
2012-04-18,0.006533321599014652,0.0041681892073803795,0.005163313271882686,0.005567471060174745,0.0022849509883688945,0.005144290387443462,0.005357354686975402,0.004551085814162192,0.004149353531360589,0.005320453160882588
2012-04-19,0.016189354510613985,0.010806867932711794,0.013395856155220542,0.014704862032522303,0.012987188020463503,0.013761133448791485,0.014425417783530348,0.010853874971064936,0.01311003770647523,0.013838126354557279
2012-04-20,0.03405395811136569,0.022582107232232973,0.02821601252235184,0.030710440546769302,0.01933002800401229,0.02675852519048383,0.029018919683018174,0.015412362036528737,0.023249423080132114,0.026880739375473972
2012-04-23,0.014142605091198135,0.008488033738304646,0.011777125270773459,0.012527797980485866,0.011315402935984098,0.011898928460881475,0.012329429513526335,0.011825729130831242,0.01271301864668084,0.012804976982823124
2012-04-24,-0.022773334288908265,-0.016995590966399354,-0.019497846945194408,-0.02088477438470926,-0.009194731684583735,-0.01702692900105751,-0.01917160046313382,-0.007165815340607895,-0.014724530444337969,-0.01684813796540552
2012-04-25,0.007441338142090137,0.006726134252716731,0.007507357500763812,0.007493030379297272,0.0030218247928190944,0.0055420031193123,0.0067267100726688955,0.0037779703201874515,0.0057961848569578756,0.006376775487706876
2012-04-26,0.009563933629314958,0.008619971099735224,0.009311928467579333,0.009236626160050276,0.01197880948885599,0.009842137422075403,0.009459135344927594,0.012208978028468875,0.011538703530199479,0.010816669621746655
2012-04-27,0.0085919097667293,0.011705477898811711,0.00789189027449222,0.008332970223888791,-0.00015802879069570785,0.0050805448610315995,0.00635706027704952,-0.002430482915752874,0.0038161921938437704,0.003684660050321309
2012-04-30,0.010273729334758341,0.01221544751085668,0.009725919864255195,0.009964473115560812,0.00881619960135116,0.008383752974463476,0.009222561196778445,0.004403336021545856,0.007670319079756682,0.007272387244967149
2012-05-01,-0.012829907708475918,-0.008059198678829649,-0.009008558395384836,-0.010751142576432171,-0.003883386753538165,-0.007983174693144579,-0.009684706854230507,0.0011692406759982177,-0.00748561669726211,-0.007258488965378396
2012-05-02,-0.011002394573517593,0.0015339186967566754,-0.007921736362831777,-0.009127875922963713,-0.008728010004359632,-0.010077129022927123,-0.010338175656640192,-0.007620258172702399,-0.01199771807548844,-0.011766460966093684
2012-05-03,0.011962667360866375,0.007590641173085277,0.008727878995600902,0.010056069372830878,0.006392211371159862,0.008513428675247736,0.009410505258200086,0.005839580287678725,0.008946224903875644,0.008882947035305122
2012-05-04,-0.005329042172570464,-0.009209375999710723,-0.005378545179472782,-0.005553548586084145,-0.002932354784453306,-0.00376894326251509,-0.004393851991367992,-0.0016426938022566784,-0.0024619858416021767,-0.0028698423399574624
2012-05-07,-0.008604925782992101,-0.009682206552846684,-0.008011881480271432,-0.008335692507219328,-0.007138625296631007,-0.0068397707098205585,-0.007614524578660076,-0.0034814815147988787,-0.007315034520150143,-0.005961103472996276
2012-05-08,0.01074431274352583,0.007236842528237197,0.008300190262337637,0.009284852222854134,0.009885680471275693,0.010333054700564892,0.009421142010385353,0.005118532326853664,0.008859017056457308,0.007804759574133291
2012-05-09,0.010497672942290537,0.0012893204492145927,0.0066674606585535034,0.008654963412585204,0.008708756706558685,0.009765269788407194,0.009508629853247408,0.007926311001354103,0.009219873753547603,0.009982114066013459
2012-05-10,0.008381784284524851,0.0034720372303178593,0.004679630284355474,0.006403945706599856,0.0040317453140912285,0.00557679155884383,0.006140061785377959,0.0045591676970282435,0.004083294538519855,0.006145122932517344
2012-05-11,0.0074443548231724055,0.003299023054117445,0.004302958812033797,0.005828822101247688,0.005177811929790055,0.005616457793402585,0.005787086454512869,0.004031066939776284,0.00426659825902731,0.00517848269076393
2012-05-14,-0.003554569061493762,0.0029028168745377503,-0.0018426101424984243,-0.0026110180346800016,-0.002083430797648944,-0.0033105484735034274,-0.0032541153980892856,-0.0018879262573472388,-0.0037835735013977967,-0.003825600426419107
2012-05-15,0.005118243359783614,-0.0028550490845316023,0.0022876071640818285,0.00356891077422139,0.003928847752207698,0.0037649740565517398,0.0040597788155536385,0.005230757869180369,0.004063379078764973,0.00516820781344296
2012-05-16,0.01755195850556368,0.012844390090183344,0.014436417530617307,0.016060501761286705,0.012375689202307028,0.014848794530578635,0.01575745778732429,0.005609308924938272,0.011833995239535433,0.013558763597088186
2012-05-17,-0.0010346163666263841,-0.0007153898173903883,1.7550780688768697e-06,-0.0003370744710058382,-0.0008646482609209194,-0.0005551184356529237,-0.000563785269942163,0.004082503086407119,0.0015704147265949153,0.001251059844060931
2012-05-18,0.004638669099200632,0.004498351090063801,0.003670169655609623,0.0039946561620280985,0.0029808910926361065,0.0031626848298538235,0.003791063604185574,0.0031582274372312646,0.0033250789912744327,0.0030810969353149975
2012-05-21,0.01992732513468143,0.014204466541287264,0.017030079234366724,0.01847586923899125,0.013232205824596166,0.0168536035185336,0.018008403563254616,0.010513562578084334,0.015106842499140072,0.016550610755730943
2012-05-22,0.007657177016685335,0.002511337800075397,0.004925279643625657,0.0060601606912709105,0.003943174387247783,0.005262460692160298,0.005800993553194189,0.004383940061870373,0.0057592346926007565,0.005912380249231575
2012-05-23,-0.012336374632557434,-0.008672721172388487,-0.009896240510386956,-0.011034175475212793,-0.010203887094773934,-0.010629882261408374,-0.010629210850682913,-0.00825975731650841,-0.009595810756437007,-0.010243453850528272
2012-05-24,0.01072376684068499,0.004427060662305582,0.009460532867916038,0.00979409240994955,0.008394491439165375,0.00866152709478385,0.00921506198969202,0.008840548984202501,0.009610054650061706,0.009999504736508236
2012-05-25,0.013198801535700744,0.006250861626844184,0.00926473214060386,0.010760609330439763,0.007435538304417788,0.00845634983485577,0.009828345434430785,0.004030473481250407,0.00689571452071136,0.009131661037498517
2012-05-28,0.0017160185410243223,-0.003256379074606519,-0.000558534355959539,0.00043651034198743943,-0.0018202517581556998,-0.0010521438429467178,7.838228325729446e-05,-0.003718826747600934,-0.0032833335936527375,-0.0003246363275722919
2012-05-29,-0.003882476937375645,-0.007614949328543341,-0.00292315295112322,-0.003694326081206567,-0.003616492499934898,-0.003316374371084563,-0.003580602604261962,0.0021093367434528165,0.00014405394177297026,-0.0018799176168993181
2012-05-30,-0.004141558718598004,-0.0031333874674528417,-0.004489609072008793,-0.0041501679486311005,-0.006855364357734484,-0.003984180127367454,-0.004016398938957999,-0.006986125382009822,-0.004284601304379576,-0.005045043900042456
2012-05-31,-0.007920867984982038,-0.0012413083365696576,-0.006190861768073819,-0.006792243315473678,-0.0020785010769747148,-0.006614029043256586,-0.0068859949930824005,-0.004890718475482059,-0.006950407073462284,-0.007021537173179659
2012-06-01,0.00031124472567722883,-0.005903263121274094,0.000632124638598297,3.311922531912259e-05,-0.004306255219801325,-0.0029420519103953158,-0.00123985445332786,-0.0003220815813850253,-0.0014061497415821522,9.240622619310912e-05
2012-06-04,0.003841861750414788,-0.0056377646055447705,0.002040750756079346,0.0025895678913401277,-0.0012087438927048666,0.0010051326813540484,0.002420849155648108,-0.001550923244229896,0.0021493274138695284,0.00240311183915054
2012-06-05,0.012182267449320161,0.006722460424808618,0.009783441508232071,0.010857750190577553,0.010695621474291928,0.010572601385468339,0.011157953151211375,0.006639693019688364,0.010333378098004165,0.01070093148600293
2012-06-06,-0.00826722833579574,-0.0031220425410580788,-0.00785136954023502,-0.007893079994908958,-0.002490191135962161,-0.006644201935223526,-0.0071448426168070345,-0.005011182074085907,-0.0059718529010248655,-0.00787053735880261
2012-06-07,-0.0020277339466721056,0.00046756622487542643,-0.0007618049394714221,-0.0011085306942809625,-0.0007351273065026032,-0.0014209080343767777,-0.0009026678169152813,-0.0023232674841449086,-0.00032668956642023517,-0.0009547178409077262
2012-06-08,0.0037908790442149343,0.00016526140698180924,0.0028456174230147013,0.003370775661401204,0.002040478492727704,0.0035050415525492706,0.0036906867391532927,0.002450270148018463,0.003915242839989119,0.003406335179992004
2012-06-11,-0.0036572241364937197,-0.0015363313641267862,-0.0037734590092630693,-0.003514404880784472,0.0007962481106309482,-0.002076829021840809,-0.0024995863363825865,-0.0046558195685705295,-0.0020807590049648494,-0.0035618802110851666
2012-06-12,-0.010143061174260448,-0.007952587405767209,-0.009639221496751227,-0.009720842958592435,-0.005150965844168742,-0.00870939666876036,-0.009187087703814822,-0.008134351781165172,-0.009309838603680176,-0.009753859662315234
2012-06-13,0.0036463824989314553,0.0007786255593120739,0.0029862241571672055,0.0034617209540142024,0.003217538219088434,0.004150757890586609,0.00404221066619459,0.004370673263250691,0.00517118167162689,0.0038972561482151225
2012-06-14,-0.0066892605800763505,0.0015989802021068034,-0.0033372883092595007,-0.004349526965392259,0.0017361536481310669,-0.0025843054567652457,-0.0034424418231669973,-0.0002177844004055407,-0.0030580756009335186,-0.003506097474946901
2012-06-15,0.020096153888982782,0.00555351192062381,0.015329263998980602,0.01710470316603141,0.006413896874018388,0.013973688165991982,0.016087499597073895,0.008403512799716628,0.013344638283480093,0.015846183157888438
2012-06-18,-0.003522007401622562,-0.001408004775513172,-0.0013950771755922853,-0.00220402615590487,-0.006160925162605246,-0.0033037932254578184,-0.003035049906039866,-0.0010778193054954421,-0.002866635567566611,-0.0021899156995399682
2012-06-19,0.007006372350101264,0.0035639429580174298,0.0043629793321235955,0.005568192638610636,0.00581009652271014,0.005701010828534692,0.005681720019122372,0.0017585491567075895,0.004706102257189482,0.004811571062575348
2012-06-20,-0.025722633026942443,-0.012028253497122776,-0.020212289209481482,-0.02252240895261126,-0.01613751495188931,-0.019220232765700063,-0.021629374350347952,-0.013629273630120564,-0.017858864071041203,-0.020474616161161197
2012-06-21,-0.0020449583233933533,-0.0019310357049773241,-0.002564331457116542,-0.002365961012921969,-0.0037757783860290495,-0.002953532374166734,-0.0031546236338210187,-0.000996153475966377,-0.0024455838667651886,-0.0021409713663472774
2012-06-22,-0.005568865610303675,-0.00281987831502839,-0.004664065016317109,-0.005132792771005645,0.0009801645088953759,-0.0028653486084161406,-0.004021813762599913,-0.004522755202667428,-0.002995003173995925,-0.0048264378094435845
2012-06-25,0.013509479083066989,0.010295950682201349,0.01221458068129433,0.012537632525088549,0.009318432383562891,0.010581085207624907,0.011508558550646697,0.009840488053327379,0.010171090846419872,0.01163858253232486
2012-06-26,-0.0008257534852768034,-0.009179773366821964,-0.002389958501696099,-0.002063882660984784,-0.0103210610844231,-0.006339875311510257,-0.004176532357710316,-0.005120461191803316,-0.005676303485686596,-0.0038124010331781477
2012-06-27,-0.007071474370740294,-0.004648486052915235,-0.006118010613357483,-0.006609920016413251,-0.006363914157348716,-0.007255052211621038,-0.006990042518942197,-0.007457741730979683,-0.007489529478675538,-0.007162519978583082
2012-06-28,-0.0008934717585603602,0.0036402338728782624,-0.0010274788696253978,-0.0009172070021816747,0.004711541113844975,0.0005534049612503367,-0.0002407592451978413,-0.0029786527822690534,-0.0009273122960226088,-0.0016111084048924251
2012-06-29,0.0004365604389253708,-0.0001378655275949825,0.0006936909476076281,0.0006018894670534181,-0.0018578978317367323,0.0008808035536889136,0.0008617035546834018,-0.0007195504375591133,0.000324565302704638,0.0007107194225781654
2012-07-02,-0.006316766717353373,-0.0026289269320400876,-0.004391293201931434,-0.005247348598613311,-0.0038258835746993736,-0.0051777010589149075,-0.005493761991127721,-0.003080534176141292,-0.005388134223222707,-0.00560285180615705
2012-07-03,-0.005812649653264668,-0.005302521274999861,-0.005462729469641103,-0.005823968693170256,-0.007204178879493206,-0.006162536518115269,-0.006064904292765405,-0.005158438392103504,-0.005883355195453244,-0.006212154550437221
2012-07-04,0.004605500321573031,0.0016111047288354108,0.003795843643226826,0.003928005540462465,0.001911474929268131,0.0014713759629187972,0.0030193615988589606,0.0005044153232471871,0.0022576251652626222,0.0028453107157278
2012-07-05,-0.0001348568557455465,0.003731587209885534,-0.0006478556444436956,-0.00040479698071405057,0.004010505366469408,0.0004206619105688869,-0.00024437511027164405,0.0030699792584907293,0.0002019541799334057,-6.438151896159816e-05
2012-07-06,0.002791030114296822,-0.002828450353965395,0.0003266297481259173,0.000981004131915375,-0.002102771141977766,-0.0011647877439113774,0.0001541758514727043,0.0013120870148333186,-0.0009876202725107586,0.0004221768466197151
2012-07-09,0.002817265355415932,0.0011476244347359277,0.0015839869037121979,0.0024079155856413514,0.0022564644745703966,0.002662618992228305,0.002981823376159598,0.00011380772244851123,0.0033578089111787612,0.002514560168150659
2012-07-10,-0.004581577023845984,-0.0021989509866346957,-0.004117623808507664,-0.004449553654208294,-0.0028730498223179524,-0.00428211338217388,-0.004650611156389983,-0.001789246697075031,-0.004999057183574518,-0.004016161270194107
2012-07-11,0.008924558654066717,0.009400209241511748,0.008477531871792676,0.008629146610065419,0.010087334632237877,0.0075729177663561575,0.008360607595476077,0.007288215017216215,0.007895399293225358,0.00791553178903559
2012-07-12,0.003390939445280239,-0.0004542073663622581,0.002248730138657562,0.0027038762272886263,-0.00029836914080205723,0.001035507772669586,0.002550238517129433,-0.0009771954691872864,0.0009046218926935801,0.0020109376998564965
2012-07-13,-0.0037156419240589322,-0.002371062972319482,-0.002538140320511695,-0.002810060808743464,-0.00407489938312211,-0.0018547592457580642,-0.00233401874527539,-0.0004244588523503179,-0.0018459372020307452,-0.001464486015463451
2012-07-16,0.00020710918965471947,-0.0030024520013910427,0.0003957171960444761,-3.841340102805901e-05,-0.001610942842281804,-0.002019198436636893,-0.0008279000698829808,-0.001792404167245687,-0.0017242167801593267,-0.0010563353539438936
2012-07-17,-0.010792210970825389,-0.006323757211574632,-0.007874811388826952,-0.009035096292609568,-0.007869870364789366,-0.008637590545396812,-0.008918553067583157,-0.005040728593203814,-0.009102694188577565,-0.008413855717103624
2012-07-18,-0.003287210325051193,-0.001754996497537853,-0.0024926335897788032,-0.0025432878516402635,-0.003222662307740487,-0.0023496903320170404,-0.0024088067899159515,-0.0022521968709614537,-0.001249823683985407,-0.0019661582055612303
2012-07-19,0.010001141009274406,0.0008833904046245955,0.00751737507906558,0.008553496844162067,0.0038216513928652773,0.007721083964477016,0.008474444444600326,0.0033472887127243833,0.007691043048233537,0.0080014452172823
2012-07-20,0.005256507828414803,-0.004099487968346249,0.0036712756019772197,0.004018544349774,-0.0029343959291001642,0.0011837289193312728,0.0030647405109951453,-0.0013335569113254175,0.001885944507531212,0.002776051265087176
2012-07-23,0.0068533502380503375,0.005518565107840434,0.006659787017019303,0.006542647484482522,0.006544852060065054,0.005236786288386641,0.0057759662117193855,0.005513859618406114,0.004847455598488537,0.005217979766825254
2012-07-24,0.00414442997809128,0.002806477860187062,0.002848110388598446,0.003350079341530865,0.0009389199018314809,0.0025226067634378513,0.003400948173655438,0.0008116466295688962,0.002767258872604872,0.002892022212489964
2012-07-25,0.011956120180628194,0.005927416630906679,0.010389901006683022,0.010993180502562483,0.007072795573629387,0.009918110550739767,0.010462540213930893,0.008995591373246237,0.01015065962347994,0.010787196056555093
2012-07-26,0.0020716100695725714,-0.00012633268229389483,0.0006861909867228455,0.0016881957472651976,0.00010849694865444626,0.001697415622671894,0.002032249068961711,-0.0005460687532741204,0.0020792102330911,0.0017788156545870404
2012-07-27,0.003633667592837675,0.0012742901098510284,0.0024753219166113727,0.0032476691412728353,0.0016441533852407098,0.0026964863586533827,0.0032988005777117024,-0.0007867733227596707,0.0030966150702689266,0.0027737574304513846
2012-07-30,0.012195700801871823,0.005544810828882474,0.010344034995369178,0.011047819178930496,0.007246758849251078,0.009547744347422782,0.010891343272719789,0.005293883680334677,0.009597069379135625,0.00991753314099375
2012-07-31,-0.01185094558631783,-0.006513882683929939,-0.00887628133443319,-0.010405479456832234,-0.008328134642241247,-0.009851878224611088,-0.010852543393724323,-0.005516047384397371,-0.009134317372314515,-0.009742196788029234
2012-08-01,0.004030744970798139,-0.003017067956946118,0.002386886352462536,0.003152721532573066,-0.0034131502766472366,0.0013850261236134642,0.0023106121154379267,-0.00016829200745038797,0.0015956538066241865,0.002594953154972046
2012-08-02,0.0015063071019087992,-0.0017373821590166427,0.0005793896576211655,0.001067687938834272,-0.003759096127694539,-0.0006079320153327128,0.0006119096317007688,-0.004997748929232437,-0.002471648942744986,-0.0011277326804585153
2012-08-03,0.004556978550551927,0.005827618707692217,0.005223994287284706,0.004950673515616177,0.009645507777235718,0.006200421715823801,0.005378688125644127,0.004850650652484356,0.005576730528088492,0.004653804135678952
2012-08-06,0.015339282707145241,0.006873731253087767,0.01259026738480351,0.013576157437258152,0.009872623161735872,0.012756163575878388,0.013603827838094551,0.008478634869868662,0.012696799003752535,0.012458153293216423
2012-08-07,-0.002367440476286231,-0.0009235965885642239,-0.0017453878921626087,-0.0022074896017609813,0.00018276617545187612,-0.0013227861828750687,-0.0020616315091654958,-0.0009109214334297455,-0.001505798438185435,-0.002155532686369588
2012-08-08,0.0001904230708074106,0.000634139064161765,0.0005212988789067285,0.0003140149925573432,-0.0008548592369654884,-0.0003992617743602267,-0.00018106397439754396,0.0015084493944270694,0.00019647711919756894,0.0008708860687676179
2012-08-09,0.00839399889766157,0.00811136235756793,0.008046411709432766,0.008686768707534043,0.00897445481838588,0.009590282885843848,0.008906286699108534,0.007223058130634286,0.008967894457704517,0.008504338220222118
2012-08-10,0.0026570971634123364,0.005961339395752052,0.003984335130062355,0.0030300463821024692,0.00528582011199763,0.0031420928636862744,0.003124232444007058,0.007456587101302814,0.004170158799808421,0.004083947367143903
2012-08-13,0.005456371610879307,0.006167319696090745,0.005193506249815849,0.005342570222113707,0.004557690232099176,0.004084789632032626,0.0051308492503556735,0.003552387764243603,0.005088059169383596,0.0056214860129162325
2012-08-14,-0.0008439126168591216,-0.0031717724509435774,-0.0007795192101296422,-0.000805294649296906,-0.003254109846343445,-0.0027131344817296066,-0.001250840807932696,-0.0032831586438089033,-0.0019474358323500196,-0.0013419388185506032
2012-08-15,0.009876500821501377,0.00242407361362873,0.007153651901316005,0.008371267791836168,0.001774786731018052,0.006241518833275395,0.007953763950010018,0.0037104745096387948,0.007101373146034984,0.0082129573774814
2012-08-16,-0.009646585026308108,-0.0003975624212659845,-0.006466656763248313,-0.007740681187112464,0.00014900044490984143,-0.00519613705918287,-0.007061973817181988,-0.00013980797058810168,-0.004552762811904865,-0.006262656523311039
2012-08-17,-0.0023149492111413927,-0.00232976389169115,-0.001936776195649692,-0.002538327032386989,-0.0009846153432313542,-0.002199353458818054,-0.002403729948559974,0.00012631387033135155,-0.0018019481803428494,-0.0021625749712378406
2012-08-20,-0.0041388532761019725,0.0006672589654548311,-0.0022794455537676894,-0.003184360450878776,-0.002323347293980982,-0.0035978959006208733,-0.0032875318174185875,-0.0012530133558334988,-0.003010184036795871,-0.0028741935599406743
2012-08-21,0.003342071081745779,0.0025036392972435095,0.001996075747818571,0.0027611321012350754,0.0011167371581397578,0.002342366325837286,0.0026096969197757502,-0.0013893749400728517,0.0011382042957830407,0.0019639895011402952
2012-08-22,-0.0034941911568788786,0.0014915706509899262,-0.0014239419322028546,-0.0025141897024315574,0.002144779420521825,-0.0015043528455291888,-0.0020194119553822443,0.001615298491830508,0.0006098027327388067,-0.0012290344744665394
2012-08-23,-0.00630681339024286,-0.0019137138642943974,-0.00337792561971495,-0.004828942339962783,0.0003365725098374295,-0.0032139293547079895,-0.004060135856128633,0.00012503469996527627,-0.0027763684470383243,-0.00395887998172384
2012-08-24,0.0015764171434413665,-0.002772383760483166,0.0007537219713278365,0.0011580980652827755,-0.00238911261352992,0.00027250578969062467,0.0011513430554315196,-0.0030123809556354963,-0.0004541790683323388,0.0005962924666607083
2012-08-27,-0.0038490731906454245,-0.005345204356310251,-0.003656771152534488,-0.0038155379326582084,-0.004564719251127558,-0.003977538356293886,-0.003921751291047548,-0.004513128138010192,-0.0038349258329972713,-0.003962044628261885
2012-08-28,0.0013606204110498954,-0.0011316439706354764,0.0006277682738335955,0.0010484919176418916,-0.00012281544554515467,0.0013403408754244506,0.0013820902902870191,-0.001989712566629498,0.00033318085000422215,0.0006544429098709337
2012-08-29,0.0005621334302536862,-0.0019207827167700975,-0.00024809775903666953,-6.17096425968855e-05,-0.002103983922038255,-0.0009687301436850371,-0.00031835789479151,-0.0019236244797551372,-0.0019134495771286897,-0.000785904741672061
2012-08-30,0.0024427748507045433,0.00396400544245834,0.002724068153532322,0.0027166489301142516,0.00059873045696901,0.001712635471695645,0.0022241008462073886,0.002686230539043155,0.0026363437830558833,0.0026826628279523757
2012-08-31,-0.009520410501262955,-0.006098612029348693,-0.00788279927591562,-0.009007020824542189,-0.004425435811265865,-0.007194858298787299,-0.008386172067690989,-0.0036295494006748363,-0.007589794525457494,-0.007833236829806745
2012-09-03,0.0006696282864206982,-0.0005666543103554078,-0.0008801977646406556,-0.0003041437587398832,-0.00043596646739307854,-0.00045460942771502477,-1.5557912625308035e-05,-0.002976503465312974,-0.0011439263655729226,-0.000683042336437234
2012-09-04,-0.00010387076485041113,0.0004973526428286856,-0.0002447960046968456,-0.00011284724509863509,-0.0012621370090908357,0.0014408483777526016,-8.887672540969227e-05,0.002262671164110941,0.0006736476047057849,0.00043072154670587004
2012-09-05,0.00420128578961676,-0.0020915985080702804,0.0025295558252449446,0.0031316526521756316,-0.00034062308206717073,0.0013875561506986323,0.003207803982458568,-0.0013971030853303645,0.0033699766520463026,0.00262037887941613
2012-09-06,-0.017264658907612196,-0.0038782675995987503,-0.01275791189476716,-0.014860908422832275,-0.007204811240784759,-0.012038479570328109,-0.014756035549641666,-0.004786414994287558,-0.01136836229518301,-0.012890471192274378
2012-09-07,0.0020503044913178226,0.00290163747351313,0.002700708888139669,0.0019733029934667634,0.0058092406371663685,0.001645287391859096,0.0021145914260571885,0.00487759470266691,0.002238994225810087,0.0018542140173112287
2012-09-10,-0.008705529979626925,-0.005627268787172901,-0.007015376422767616,-0.00809203242910983,-0.003520538248353411,-0.006416146555078384,-0.007440696115731615,-0.0035704391179578465,-0.0054214815063714505,-0.0065871099440987235
2012-09-11,-0.0015760572445739918,0.0032620465277215516,0.0002596493614888118,-0.0009466621076441584,0.003447426292503941,-2.949901992277404e-05,-0.0005220958753886507,0.003046375885748187,0.0007385509873725216,5.0419563264458844e-05
2012-09-12,0.008432655061371808,0.005779278724191483,0.007306333048821667,0.008153483134235806,0.003965254424525888,0.008131737602870448,0.007758871684315993,0.00430473031127887,0.0067923057894729855,0.0072741028638072525
2012-09-13,0.006843840676475033,0.007282148167321978,0.005871683736007771,0.006459075085792243,0.0053472161274839,0.00704370474479199,0.00637693861362032,0.003259464776818488,0.0055084554314353,0.005859423916639406
2012-09-14,-0.0023771974628351566,0.007507173851129645,-0.00022324611695556662,-0.0008151365002857514,-0.001665794457041403,-0.0016239315863684212,-0.0016922149718440194,-0.00026584628158432544,-0.0019041664438732564,-0.0008890214307816224
2012-09-17,0.00243236069876529,0.0031557597418558903,0.0015232667176123815,0.0019792763689414627,0.003982108336323842,0.0028664745864293018,0.0021491754141393926,0.0023475709189590965,0.00335031951097986,0.002428303253236619
2012-09-18,-0.0033617780221510962,-0.002822327332203667,-0.002539161141623225,-0.0024351150118094855,-0.004842363933126093,-0.0029197648380596686,-0.002746699253117546,-0.0032338545449707157,-0.0025526355947318446,-0.0024881913825898216
2012-09-19,-0.005671004490877207,-0.0014816837985087705,-0.003858509484399919,-0.004471189199772407,-0.0037383026619313142,-0.0038104534621135056,-0.004359652050661689,-0.0019493224666334852,-0.002733514526239045,-0.00319509300911458
2012-09-20,-0.0024611432257721777,-0.0011542752439319681,-0.0016599223899691484,-0.0019253476059629682,0.0005891039559591249,-0.0008792276312830083,-0.0015978426942939716,0.0009365168899828635,-0.0005203738705359395,-0.0010858801595841072
2012-09-21,-0.007145021099465021,-0.0029611150661830177,-0.006223689669191512,-0.006290426701972218,-0.0015272567972508533,-0.004615850517379894,-0.005361813729043652,-0.001220326230194968,-0.003191036654521251,-0.004758842790234419
2012-09-24,-0.014659485950528017,-0.00918811201564107,-0.011959570621670634,-0.013297837574511195,-0.007549428382738865,-0.010448472272713172,-0.012295520750829514,-0.005719060455040559,-0.008976642829148007,-0.010819443845404897
2012-09-25,0.017558608802898723,0.01199423098065111,0.013977623236852477,0.01568390029204436,0.011180092891780014,0.013077264606902173,0.015225712734180163,0.008408087804613773,0.013855949481071717,0.013795224721850463
2012-09-26,0.00639471710298678,0.005340878269024962,0.005349577925208404,0.005622969301584124,0.0016227012451368594,0.0029655548361555706,0.004628308823618754,-0.00107747360279431,0.0027334864042583007,0.0035950163328815066
2012-09-27,0.005130913015768179,0.0014808645616417593,0.0035890286407909144,0.003983452833586698,0.0001157580637574096,0.0029426842684556753,0.0039305622656811146,-0.0017356427094763482,0.0019019691080945922,0.0028032679995049214
2012-09-28,0.005753105664445757,0.004068103120166144,0.004890107412739431,0.005543153952094482,0.0018237177129742932,0.0038202091832704177,0.004843095642021122,0.0031437302972978642,0.0031204779272790972,0.004599064787726981
2012-10-01,-0.0033718350491254157,-0.002728339027847193,-0.0037085637619780343,-0.0036189838727043178,-0.004707856017344136,-0.0043919825891252096,-0.003953044711847542,-0.004684798511762622,-0.003944771481335874,-0.003845928909759877
2012-10-02,0.013562368378244427,0.010110806044338005,0.011449647990231293,0.012790744901911344,0.008289169181525669,0.010032205261331528,0.011904190038727336,0.005858643587553836,0.009541757018068253,0.010900137771759688
2012-10-03,-0.0021284197125714943,0.003786571364757574,-0.0004028978773633618,-0.0011692769566451489,0.001314031165973173,-0.0004599393114826933,-0.0008917381774338207,0.0018508594071169338,-0.00038663391028515015,-0.00048190774813150483
2012-10-04,-0.007754597450392087,-0.002524711794243184,-0.005797883507144719,-0.006976683217582824,-0.0026274259192965443,-0.004964654806806301,-0.0063660518986923265,-2.3299868681991853e-05,-0.003727572089714082,-0.0050361411793433675
2012-10-05,0.004389984557715998,0.007951295102721412,0.0055326439525098525,0.004977400411167121,0.004305569736163584,0.005118354383145007,0.005092692293752421,0.004439123673200873,0.005311281513134647,0.005350010306707009
2012-10-08,0.003039394326643796,-0.002254247301878065,0.00044318944629062607,0.0014837077248097685,-0.00016344005154134145,0.00038832556929424555,0.0012495818677717985,-0.000676264260963011,0.0006197004616972368,0.0009246655690418049
2012-10-09,0.003912363557655896,0.0072729709448660085,0.0042086226519020276,0.004004982679637337,0.006150541624606154,0.003477738691376686,0.0037352883404127013,0.005598552679368263,0.0038473180439231314,0.0036974039200912134
2012-10-10,-0.005859643388431923,-0.002166199939088509,-0.0041108267595559855,-0.0044076002991421115,-0.002601380949492804,-0.0038537351691453336,-0.004354292979211971,-0.0026517279225950485,-0.0032723987126482834,-0.004008771427963409
2012-10-11,0.002163974535611901,0.005126515589082281,0.002643558249814104,0.002348787984085554,0.0017100593108143602,0.0019941772458755835,0.0024833511114046303,-0.001226794269470366,0.0006426844330045256,0.0015296910979278877
2012-10-12,0.008444243789542005,0.00952847400010648,0.008079014103548054,0.008278555137076093,0.002136259081772174,0.005210620972608604,0.007033812256219019,0.004188195375511405,0.0073876160020320825,0.007066440795721496
2012-10-15,0.009468620435738595,0.0030562755273166875,0.00620945744104473,0.007709005817614578,0.0028064719483889,0.004980270497340289,0.006984703723571961,0.0010264119618332845,0.003958402561179408,0.005804545612220213
2012-10-16,0.0005211481858347078,0.005481646253384209,0.0023522865136367255,0.0018928083058780132,-0.0006006020862631134,0.0013199852562264525,0.0017213994634524,-0.0014684798024037216,0.0006157584101116331,0.0011604811636589663
2012-10-17,0.012640176835408079,0.0030918680793554643,0.008357105890341332,0.010187421825744503,0.006349635674070875,0.007331239622620833,0.00915953083147203,0.005172899035428724,0.006383667067386689,0.008322922377093755
2012-10-18,-0.01413465519745638,-0.01456492064225845,-0.013107820513506674,-0.013662487902074805,-0.010035740896939815,-0.01246599422154282,-0.013708949099224599,-0.008262076743119962,-0.011928712359771443,-0.012317562042433061
2012-10-19,0.0068927265876108645,0.0052128634076729075,0.00541554227113461,0.005926071934698962,0.00038835161380568195,0.0036602788063304637,0.005129339850917791,-0.00021711845074212643,0.0032706078061930377,0.004270044638759352
2012-10-22,0.0009848501955005418,0.001364095363597606,0.0008571054572530379,0.0008338107015379848,0.0031495369963638886,0.002254955720927043,0.0016905647521017197,0.0027628840633930896,0.0030739624653755016,0.0014633747616579207
2012-10-23,-0.0038336886350394117,0.004368212817756678,-0.0008132118863279914,-0.0023869907413121005,0.00011550160808981857,-0.0019853234553264265,-0.0024326688410285513,-0.0011140984640773954,-0.002212888116722045,-0.0023293966298018054
2012-10-24,-0.0005076887444706024,-0.006440159291550063,-0.0026462240549233185,-0.0017539585940874458,-0.00022716583271109592,-0.001327999063165608,-0.0013638198414150926,-0.0013950213826612323,-0.0016616508833785515,-0.0014878456078959434
2012-10-25,-0.005530583393711486,-0.0007328044352772345,-0.0038957125889927946,-0.004710494729301851,-0.0018895143895596433,-0.003604908927133721,-0.004363008208350561,-0.003502098532062403,-0.003913700513280549,-0.004695209426661573
2012-10-26,0.01641875818859284,0.013100012373470138,0.014809731881560984,0.01552954508813631,0.009095894614914224,0.013583084668562728,0.015077602655044098,0.008880623799684795,0.013846300680964596,0.014226689286920724
2012-10-29,0.014295761843455823,0.008004870675126785,0.011647200801699231,0.012725710251612288,0.006392613994860241,0.010872982872390136,0.012464132811322637,0.004619415897701318,0.008737471966921095,0.01081406971385146
2012-10-30,0.01390578099195583,0.009713236111154933,0.010847042440574217,0.012392327166584671,0.0032066278083795474,0.007846706458638497,0.010901108089515166,0.0009349792474460106,0.007207084911281525,0.009394504762816558
2012-10-31,0.014997597616284608,0.010336545998505642,0.013237976248698713,0.013875682438043935,0.009247386268913083,0.013129599663388669,0.013710427746773002,0.007729286724193596,0.010434745367250198,0.01186367138055422
2012-11-01,0.012878749426549208,0.007477622787161797,0.010666292492989449,0.01145615056925986,0.0034371265264176998,0.008220285795732751,0.010236774530965276,0.0014618874420089245,0.006473551984889525,0.00865129857088709
2012-11-02,0.0027325524403036816,0.0033882100403863635,0.003078224997520751,0.002991222974949581,-0.002633157619267301,0.0015001038950810397,0.002133440182047197,-0.002887807653178198,0.0013824734271290495,0.0012801293218958065
2012-11-05,-0.0022740573568593714,-0.0066957682930771645,-0.0014991445092626954,-0.0021626107205149347,-0.0020223522389525295,0.0010100882013985846,-0.0006855787422270776,-0.003336487935545085,-0.0004927112792125765,-0.0022441799048082967
2012-11-06,0.008252270169711862,0.0020352399268817045,0.005290079872880993,0.00624436302166842,-0.0006245544667585756,0.0034463750064412935,0.0053966961119975565,-0.0032251027724875536,0.00035815840935105037,0.003229084303017604
2012-11-07,-0.011428371220473466,-0.0037173648732784503,-0.008667637978590825,-0.009581431882526914,-0.0009010840527174935,-0.007450625607246741,-0.008955808988277414,-0.0014685417631709052,-0.004079766253294537,-0.007191424352963605
2012-11-08,-0.011575466791046485,-0.008643128576247161,-0.009519098963533867,-0.01028783452913995,-0.008775516940007,-0.008710940763751895,-0.00975892974891146,-0.005796924228077316,-0.00934290631961976,-0.009846620424683428
2012-11-09,0.00189152905173251,0.0003966987571399905,0.002079529906151345,0.0023574558665893086,0.0027245430403113335,0.0025920449091125786,0.002684334972923308,0.0036548794207891255,0.002582875683002861,0.0024760792647353647
2012-11-12,4.69465847547923e-05,0.002611122136769062,-0.00010611082509370817,0.0001301786595384602,0.003271792955936048,-2.7676614954841305e-05,0.00012256936654009287,0.004746017950176817,0.0019483488373530644,0.00157950718698463
2012-11-13,-0.01539376296796835,-0.012467314179403388,-0.013929953675397955,-0.01474005983135418,-0.010516938242210117,-0.012869605335777412,-0.014163525262665067,-0.008876966791922625,-0.012050884761369285,-0.013836256781681655
2012-11-14,-0.009479168537231741,-0.0030177580545160954,-0.006189968067235707,-0.007575727060354032,0.001162838054863835,-0.004387153912448261,-0.0066400094671466015,0.003941651010873404,-0.0025639154255736596,-0.004990200331428829
2012-11-15,-0.005879383426815821,0.0003294950120908968,-0.0036560163522134648,-0.0046442742947128135,-0.0006597903094408553,-0.0032975702838361487,-0.004272075254551977,0.000469069884313722,-0.0036382095832476757,-0.003348029494838145
2012-11-16,-0.02621319934163935,-0.015433519710922772,-0.020080824536201414,-0.02270151299073153,-0.01042444432666434,-0.01666557324233986,-0.02060377452521478,-0.0067021393637254345,-0.015083749303190452,-0.019228165654832097
2012-11-19,-0.002921333634347323,-0.00182933169486299,-0.001879469124155042,-0.002234062252717939,-0.00260967191129724,-0.0029525134674945885,-0.0026577167068382312,-0.0028534491581279076,-0.002557632636590368,-0.002301145355677825
2012-11-20,0.009714544046483864,0.0037648211711429624,0.006626039403779593,0.008193192647256486,0.004549105054435287,0.0058872364822373235,0.0071802245943326515,0.0038664021552814454,0.005038467018673609,0.006514634288566912
2012-11-21,-0.004400802163330164,-0.0024242622112295997,-0.0029513101744499393,-0.003532508175040805,0.002858580644117037,8.969136657999144e-05,-0.0020278171995464778,0.006104912853501787,0.0012781953083806918,-0.00018564064057680074
2012-11-22,-0.0007377983228216145,-0.0016192386297568806,-0.0011409743992875088,-0.0013509682663414013,-0.0008326653434738152,-0.001203257039001926,-0.0012482405095741722,7.791493287956364e-05,-0.0008999991679998764,-0.0005446723996291869
2012-11-23,0.005266643651870018,0.00434752944393102,0.004450346513253933,0.004681030811626519,0.005363144371639539,0.0045365390429552566,0.004573145139960211,0.006152815033795722,0.004657143241334483,0.005308577674082882
2012-11-26,0.02031303570086984,0.01435339342002595,0.016222912512734,0.01805226265504456,0.009762167134913957,0.013093384469170744,0.016327415537124246,0.00802290725164756,0.011464353868330113,0.014814708944032473
2012-11-27,0.0007735093554022132,-0.002291582578979212,0.00010399629147150868,0.0005348528601845093,0.002777490687364992,0.0021965712570641838,0.0012430538646834854,0.0046459642955059,0.0030187345070427085,0.002312415864722972
2012-11-28,-0.01020253718558517,-0.0029022225538637425,-0.0060172695333495785,-0.007649689976588769,-0.0030734205641792522,-0.0040713272906272024,-0.00651199995110785,-0.0028814533934643505,-0.004596691671536202,-0.006461018070577196
2012-11-29,0.00819964545640417,0.0037232645663585195,0.00596020237008732,0.006755963092610173,0.001266124314850181,0.00512262975654032,0.006480869256423771,0.0029928197140898227,0.0045738480931019065,0.0067305607307268644
2012-11-30,0.01665061040138771,0.0070419559434165,0.012063405187697107,0.014009308945765131,0.0031022432445935166,0.008011099393736565,0.011788893622906915,0.0010128985923931744,0.006581388420724865,0.009980419036823562
2012-12-03,-0.01153375181733951,-0.00550924622639315,-0.008171515896609138,-0.009519480972590588,-0.0004745782462085568,-0.004385897989217291,-0.006998269740593255,-0.0001632007427647686,-0.0031940292364021072,-0.006073884316687428
2012-12-04,0.00937909122189784,0.0029068715061146833,0.006139230036448229,0.007655117939368239,0.0009507282065774891,0.003922798425902929,0.006271257456607948,-0.0003139987746378914,0.002396237160628756,0.004800839209361474
2012-12-05,-0.008575877663015707,-0.00557943767445912,-0.006835519941305934,-0.007484905691956811,-0.004867799879094248,-0.004790301138650865,-0.005834816312923818,-0.005922426863606001,-0.004840431000347256,-0.006035812430755905
2012-12-06,0.012483958143088003,0.004229483681638335,0.009605095590193624,0.011095877899019335,0.013055441795368994,0.011806665529092042,0.01150368456074724,0.013190342187034076,0.012558588614552946,0.012356529743003941
2012-12-07,-0.011243816779410443,-0.007617097529098782,-0.009667559391261848,-0.010204617727553433,-0.007855543967539402,-0.008181167876333162,-0.009334227092694825,-0.007653562094731892,-0.008089093253621393,-0.009315066870874467
2012-12-10,0.001758352679858577,0.0007157285061945018,0.001198981417291467,0.0013882353830090288,0.00016272096121006108,0.0007777456467037425,0.0011416205194632045,0.0015120160656973969,0.0013447393107042238,0.00154063082661815
2012-12-11,0.0014798030177674004,0.0033772550972721582,0.0016216646574616078,0.0017705337747833116,0.003750436037156968,0.0035065815688688495,0.0030065113067589966,0.0035317163181429745,0.0038538817075608467,0.0030186855967235804
2012-12-12,-0.0015043336961719778,-0.0003873616340313024,-0.0004161760766465683,-0.0009398994356852874,0.0013953402503135148,0.0010550520937542274,-0.0001773279570609354,0.0016859206806363325,0.0011930069102501495,0.00019327516125011712
2012-12-13,-0.008619302987651789,-0.006275564121637656,-0.006338198706352882,-0.007426497774042917,-0.004662690647831758,-0.004614785212908701,-0.006089316985332105,-0.0034596334479148894,-0.003935407782188705,-0.005511083951308171
2012-12-14,0.00562611694517412,0.0042602799776754186,0.004663648377309926,0.005408770209032632,0.0027702273379026643,0.003206189992067676,0.0044691112825479,-0.000313881821736528,0.0020453411909435726,0.003397475105891834
2012-12-17,-0.006393056946654707,-0.004077800264885356,-0.004973806271110659,-0.005824480679326394,-0.0033303165464373397,-0.004096557146177071,-0.005078441540264489,-0.0023856292500910037,-0.0038375795014387037,-0.004349015953153734
2012-12-18,-0.006176450902246167,-0.0035894923067104623,-0.0027193703717718343,-0.004105854371298512,-0.0021496968940162287,-0.00041804092825425965,-0.00227750848611874,-0.0015036964791504959,0.0002840168677897825,-0.0019107391450570166
2012-12-19,0.007475057069533664,0.0022401074886351235,0.005011648486431541,0.00603788925580262,0.0006664385323940092,0.0026807281684759765,0.004293476856848999,0.0021293583839008257,0.002787623954581653,0.004238532820459495
2012-12-20,0.007224394931286016,0.0043362655960801355,0.005735662843443734,0.005725945264876575,0.005678447517691421,0.004854043689432652,0.005180782959050889,0.0021804127614810653,0.005607536258445123,0.004490951337907889
2012-12-21,0.014017855336198037,0.00945827442794167,0.011622129292284678,0.012451041864660839,0.008613298236885614,0.010890554810440545,0.011947508807230056,0.008805914992271902,0.011029366367728777,0.011755282417380775
2012-12-24,0.016062181707226175,0.011994092552280122,0.013176810339674327,0.014627510068780492,0.010844940645944767,0.011401216677461745,0.013174804184712174,0.010891229187011575,0.011535546033570654,0.012950804850807351
2012-12-25,-0.008055253418817077,-0.0027127747685919967,-0.0070274255262443575,-0.007270096750028543,-0.002044945625680583,-0.006178564965822142,-0.006889046400756271,-0.002240683350308803,-0.00670806548420988,-0.0064384782245876515
2012-12-26,0.025235870194997956,0.011749597497847208,0.019956490017400963,0.0222080799440878,0.011208805244578457,0.016989555087421282,0.020474235223099102,0.011656354470310992,0.016329288862461544,0.01995675506390171
2012-12-27,0.014673383122123296,0.00780439875550365,0.011525525749681131,0.012965836542725206,0.006445134042098788,0.009375306251681925,0.011206408962708636,0.006439585221542421,0.00916355222599341,0.010584537138955019
2012-12-28,0.005618209236603944,0.005908970943065528,0.004247395925900843,0.005074555607180065,0.003825241648419242,0.002670978193957785,0.0042302772733811,0.0022665823147247632,0.0030666811171602415,0.0037489867922211317
2012-12-31,-0.008213971230315531,-0.0018538085004415894,-0.00559170964042266,-0.006467500404023774,2.9871250810664662e-05,-0.0021259565524662793,-0.00467941199419597,0.0024430452255952417,-0.0023295814767525513,-0.003664192837271152
2013-01-01,-0.008029733570298792,-0.006220838518557592,-0.006157586980983121,-0.0068495112844380035,-0.001914609750094387,-0.0019078631423123937,-0.004390735350883412,0.000420344828220065,-0.0008996963719993811,-0.003263485539251154
2013-01-02,-0.00431501041650606,-0.0007222142625711303,-0.0024769987539150495,-0.003509235519356335,4.431161092366409e-05,-0.0021030095053534703,-0.00327369205042638,-0.0009579975766722537,-0.0023437732754387763,-0.0030128943059640756
2013-01-03,-0.005917603916263836,-0.004898465809883623,-0.005672095211323502,-0.005808176491234773,-0.00334449042961249,-0.0035935154183108775,-0.004359317110924965,-0.0031221302492012715,-0.0034052251739746797,-0.003925521337982962
2013-01-04,0.0020009575708894722,0.0008699440257244895,0.0031193264329867354,0.002647531637723244,0.0006599775010251996,0.002835725035529535,0.002714460796942264,0.0017099941925837747,0.0027113401806546644,0.0028372326472638765
2013-01-07,-0.0013283864486863806,-0.0015470148576841591,-0.0013744435568381341,-0.0015714137984972343,-0.0019992166894224894,-0.0018247477108523924,-0.0017880256950671969,-0.001438436324832093,-0.0016089632438092138,-0.0017583440277048057
2013-01-08,0.007355224869501464,0.0069667379653959305,0.007383475560600372,0.007667572691659519,0.007479773117149424,0.008023941379756705,0.007928491949604322,0.007151779878949549,0.007224569455029917,0.007974831967231033
2013-01-09,0.006359122035955345,0.006314128116483131,0.005770833729590752,0.006198314432669827,0.004759482548979843,0.004590273866554639,0.005422773833425376,0.005045907527216675,0.004706890417506493,0.00523354589123981
2013-01-10,0.012028614465635856,0.012221742691006954,0.010964793103113157,0.011360102369549763,0.010047370289352209,0.009561732678997403,0.010344265040721057,0.010373979494629593,0.010062003091007465,0.010459624013350766
2013-01-11,0.004649034151220421,-0.0006776507858632375,0.002910046956914547,0.003516962557450487,-0.00015926859289039363,0.0018922077771734713,0.0031282715486373736,-0.00040113797736762713,0.0017366370543190346,0.003120630580762729
2013-01-14,0.012324413791286348,0.0051519333513418974,0.010187983207588402,0.010953671919119445,0.00574015485196977,0.009319502463845497,0.010569408611511788,0.00568823405776353,0.00845673588737661,0.010154369314236078
2013-01-15,0.011298676915999062,0.008072799680456155,0.009552349255759873,0.009922521387250027,0.0032036277352789355,0.006845344637437689,0.009107132647995453,0.003051470710882409,0.005516406549158193,0.00868198397600084
2013-01-16,-0.0017980922643123787,7.665056347305743e-05,-0.000970019568853342,-0.0009692518183607168,0.003832577333152898,0.0011619010973484833,2.2812431674124056e-05,0.0025583881096389316,0.0024930166271803778,0.0003022750462891022
2013-01-17,-0.0009344104362962735,-0.0048927458166501125,-0.002744334710791274,-0.0018888430219072827,-0.004568071982862798,-0.00444139906726948,-0.0030556892542958902,-0.004096291962250587,-0.003951924533699525,-0.0034733395810639944
2013-01-18,-0.0031558851978432667,-0.0037209315302645374,-0.0031410253410932842,-0.0030506464087753926,-0.0007637174637693533,-0.002552696733555848,-0.0029401701283567894,0.00047706937247715686,-0.0024758915274559756,-0.0027408741186635277
2013-01-21,0.008704327041465953,0.00280180095094984,0.005592913159784496,0.006488545261513101,0.0008600011641661798,0.003180652821795693,0.00537480546420821,0.001670540821130384,0.00117496781344828,0.004827789115391612
2013-01-22,0.004772449382563382,0.006018169613223989,0.005275193705817083,0.005279460025416682,0.006364460704415098,0.00671294688208568,0.006124475448005873,0.0042020382579166515,0.006010846058096098,0.005845257297720785
2013-01-23,0.007033806337784609,0.006984082374273726,0.0074165370694119215,0.007605932612809285,0.009642298706324048,0.008579467689042275,0.007939679597287252,0.008917315520517333,0.008092917500422736,0.007750272744221798
2013-01-24,0.012215870919878302,0.007429727765223548,0.010811124903322922,0.011673479139851173,0.007682605882112448,0.009809921550150369,0.010825648099034746,0.005314490410048611,0.008402878396314595,0.01002101585278714
2013-01-25,0.0046009018017307834,0.00033624120100506083,0.0025025075211655423,0.0032050739241984427,0.0011953595484566204,0.002085439872339556,0.0029277422729887537,0.002005200857200018,0.0017943689544821506,0.003093564404213378
2013-01-28,-0.000741201793711399,0.0026677967418293758,-9.107230421101509e-05,-0.0002410360511085896,0.0032046973856698635,0.0010455005778335913,0.0003725661080422604,0.004193166522323821,0.0025807873621164212,0.0009321646997060284
2013-01-29,0.004566297304750222,0.002527189990428891,0.0034203620398873813,0.004134612933319737,0.0025428379907199705,0.00315330367674882,0.00379084904404281,0.0001060032945392475,0.0017778889714570312,0.0028928017868272704
2013-01-30,-0.003087732814705646,-0.0053911084294975264,-0.0037715532718423095,-0.0036052113591369395,-0.005420725939268789,-0.004182565561964724,-0.0037704263441855623,-0.006799468908513906,-0.0054793865029576505,-0.0047191436584402835
2013-01-31,0.002948595336089266,0.003029382405301373,0.0011504530809385294,0.0018211488097712447,0.00020930330654866935,0.00022955535091573331,0.001415304244743787,0.0020439366763103095,0.0008674701788915495,0.0020452740161376326
2013-02-01,-0.00677948646979365,-0.001726568965381703,-0.003642470546725285,-0.004423555014865355,-0.0034720869448572333,-0.004104201733563295,-0.004688800190054021,-0.005086686960465325,-0.0036621162842190857,-0.0048566373598766255
2013-02-04,0.010806469012430986,0.003603839755071281,0.007303690929742812,0.008363759774575596,0.003621306872265251,0.0062644931618081046,0.007967018009896742,0.003276969813350572,0.005982410290661377,0.007821239336571306
2013-02-05,-0.0051491485916295154,-0.004282602330365259,-0.005093947603621363,-0.005071236521980604,-0.005389813030143853,-0.005319199715202005,-0.005075619306417201,-0.005879888778542286,-0.005202673220916498,-0.004596575144200532
2013-02-06,0.0026301665305206168,0.000818168502855432,0.0008457238628327701,0.001796329562945287,-0.001028656232306302,-0.0001787221925509952,0.0009097592289715184,-0.0005191045295582786,-4.567944630018417e-05,0.0008072200794839723
2013-02-07,0.005909800415620614,0.0028096223636282502,0.004651772831911982,0.005813225060490312,0.005490971395237798,0.004980525710696737,0.005432834322534719,0.003639591234492645,0.005812752937207399,0.004333882891460972
2013-02-08,0.009844666314653638,0.008439737812893089,0.008720829456501322,0.00902446085225872,0.007874873625095757,0.007847052986072134,0.008551786279813456,0.006653196973973596,0.007571150707985419,0.007498297274656451
2013-02-11,-0.0018484421775006865,-0.0007524846735987856,-0.0006469266888977643,-0.0009346624627563083,-2.7933266832702586e-05,-0.0007508525092646545,-0.0012011000487244239,3.5492841769624306e-05,-0.0008841868577584844,-0.0007681523917603128
2013-02-12,0.013914757577186299,0.010802775830253353,0.01212734034936358,0.012824626885614032,0.012230376470424131,0.012288958026127617,0.012840109633559527,0.011391541914283376,0.012284540790384657,0.012425809616422256
2013-02-13,-0.002028511669237565,-0.001576873261581735,-0.003140692730801975,-0.002807048517990629,-0.0028038266643569676,-0.003402634660618853,-0.0031056430259492895,-0.002426384217637745,-0.0030432008847481873,-0.003158844472519906
2013-02-14,0.012097608200754673,0.009524151877885245,0.011581669852182008,0.011930640215727983,0.00981664161611584,0.010930566955054788,0.011618325307575006,0.008902880067751084,0.010937962135451063,0.01108079341205559
2013-02-15,0.012482144508192183,0.00243651678593082,0.00854943875916736,0.009981231902249865,0.001674071069853511,0.00683338271190026,0.009144948996935742,0.0002990104254338988,0.006276952445607664,0.00809495509596836
2013-02-18,-0.007503413407788928,-0.0043839730368948615,-0.006426540735099406,-0.0069695899700708,-0.0009365640364246142,-0.003608005305769213,-0.005478109306083723,0.0015564749779819476,-0.003316058718954573,-0.0035854030463988718
2013-02-19,0.021225174418177728,0.016349352386568317,0.0202687048236474,0.020382029803386104,0.015667423810486802,0.018710365920403538,0.019813198828579015,0.014876366286133091,0.017818140251880665,0.01882974501142254
2013-02-20,-0.00623360561420494,-0.0038262066097403125,-0.003582892922435965,-0.0046642502155289645,-0.003235615678361392,-0.003518129129820524,-0.004804614446356159,-0.002551665432504846,-0.00449236073789816,-0.00524037078506101
2013-02-21,-0.008555073726772444,-0.003308097285182887,-0.007953322656770512,-0.007937916872129414,-0.0030099041564681794,-0.00611235959410672,-0.007062742533303634,-0.0005341176914602785,-0.004351310331328184,-0.005334832423710911
2013-02-22,0.013806181319010458,0.004729033439322405,0.00993739220625156,0.011496796937273901,0.005370176228359336,0.007856091995402048,0.010174120888554405,0.005912722906436407,0.00734212000655643,0.00953926837864727
2013-02-25,0.012767036518880115,0.007567207783974128,0.009234383788470746,0.010737419288029404,0.00829783589701849,0.009712067126801616,0.011061941424976629,0.008441507453153863,0.00986128583683521,0.01094284473721352
2013-02-26,-0.01323345228139694,-0.005023956078833769,-0.010127491253509868,-0.011399100554415842,-0.004690664910502074,-0.009120995938852072,-0.010888008664583726,-0.003959387129492842,-0.009116079850913894,-0.010442532429890239
2013-02-27,-0.008610887332059614,-0.004844952754095466,-0.007851184492613017,-0.007988202619830131,-0.005484500466452102,-0.006076717283880262,-0.006880828317161969,-0.0019909386056747858,-0.004138420378302143,-0.005512637491364547
2013-02-28,-0.0024371466505068717,0.002486475970342683,-0.00021508759635557873,-0.001116055224923751,0.0021590156383801684,-8.977959834033378e-05,-0.0009158131276867376,0.002417172984967575,0.0004088363294090236,-0.0005174370889580171
2013-03-01,-0.01101574781857284,-0.0036941086136614842,-0.008839774385394294,-0.009525758590091526,-0.002674731562008703,-0.0064470603207370525,-0.008172844081827613,-0.0032304093191729555,-0.005104728307360418,-0.007730442196533627
2013-03-04,0.029084948746235684,0.015553727022056485,0.023245302170510795,0.02508846402221976,0.011944691824663733,0.01748935840157717,0.02226351014383554,0.005753662145771443,0.014974310509903832,0.01946230968672258
2013-03-05,-0.007874913064493505,-0.0025595501843376223,-0.005562649637050998,-0.006408275782487927,-0.003390994854370777,-0.005086324658815422,-0.006170372930364154,-0.003106576691666252,-0.005450070542826868,-0.00603707285222832
2013-03-06,-0.015460885603281849,-0.007303900981251221,-0.012047150524873929,-0.013332733527835261,-0.001837753777331752,-0.007092328317734431,-0.010603262361591037,-0.001671708643835923,-0.005277872448230747,-0.008646928473608262
2013-03-07,0.004182071665520093,0.0021166025917433995,0.0030503607658196596,0.003152899820227484,-0.001136584306340227,0.000633366614788633,0.002078826469980477,-0.003808435240790331,-0.0005127918867559034,0.0006276683569028663
2013-03-08,-0.014287951821782108,-0.010276754877710403,-0.013288247828764366,-0.013931357291350865,-0.00975549076638349,-0.011204762097990706,-0.012592764492856401,-0.011071849403936351,-0.011239394571364025,-0.012090258792732511
2013-03-11,0.0010256888258910468,0.0034485238066415125,0.0023087729941471125,0.001931658641810774,0.0038549430690597575,0.0033656846136334018,0.002610085215485336,0.003455428079696121,0.003831671331285813,0.0027521418327640657
2013-03-12,0.0082406204790606,0.002039643757380638,0.005732919895694355,0.006926239316959126,1.6453567944108016e-05,0.003593851877794929,0.005538430607552103,0.0005870297760741661,0.0027497174405413105,0.004612144631787718
2013-03-13,0.005282589698929696,0.002519424606413967,0.002595530330095075,0.0037896901483449597,0.0028139037892205288,0.0034303885238911036,0.00430978143564964,0.0025045797715421703,0.0035302718274543565,0.0041808201233728415
2013-03-14,0.001409564501781313,0.00019318771779874844,0.0016081375524428232,0.0012563602295205811,0.0012067689842214513,0.0010093645796038775,0.0009032367669274954,0.0011911181751660394,0.00034897490933638586,0.0004912369633518487
2013-03-15,0.00657441392605751,0.003422213159474996,0.005866910420109894,0.006145547366573245,-0.00014742014677870952,0.003523447681877734,0.005091936749096693,-0.0015306659841289871,0.0020828924004896443,0.0031258292729223758
2013-03-18,-0.01235564891667762,-0.005219477681269846,-0.007847977866528022,-0.009429207356840719,-0.00034233232242297795,-0.003686657327302667,-0.0072175916656763706,0.0020279772327853607,-0.0018590181794566618,-0.005384731173467161
2013-03-19,-0.0019580635421989623,-0.001930149686648619,-0.0028011359500179633,-0.0025899843881272977,-0.001953431030876085,-0.0028323010418190853,-0.002742156135142171,-0.0006377095190082116,-0.002743522227974915,-0.0018992023346338094
2013-03-20,-0.0004486844983674354,0.005097022459441103,0.0016553382076660572,0.0002986542069138842,0.006886900203611157,0.003293263705064886,0.0017519763523905496,0.007888606965414935,0.005785106408844554,0.004073783674070741
2013-03-21,0.018083484809212402,0.009539384497779801,0.013677179535557915,0.015611602258204016,0.008781679389955332,0.011704069227082448,0.014286882086674835,0.006926679014941595,0.010951215041481,0.012624353648110764
2013-03-22,-0.007543485715415743,0.0009703733530237457,-0.002479515625346096,-0.004891832657063722,0.0012162756077267467,-0.0013812713642744612,-0.0035536252433503446,0.0015148431059881506,-0.00019729251065592202,-0.002178570754302167
2013-03-25,-0.0072662606190756485,-0.0039642407084740094,-0.005105783672473718,-0.0060225312188461055,-0.004022265688035875,-0.004975751622424807,-0.005763238651393721,-0.0036884094085214425,-0.004212343711492816,-0.005291472320221091
2013-03-26,-0.003695698503428879,-0.0006302307371754967,-0.002762256059544388,-0.003210221175276806,-0.00375200290949973,-0.0032313180028483712,-0.003015630533853564,-0.0017548840702714674,-0.0028977261578366775,-0.0025164351719846323
2013-03-27,-0.009588782247782368,-0.004842776265878812,-0.008540686849345613,-0.0092401080216159,-0.005636840723379333,-0.008522144150305166,-0.008949485950578873,-0.005401452894269632,-0.008420834244219133,-0.008547321145600972
2013-03-28,0.011915158211126542,0.004791118693591612,0.00980935802256555,0.010521603219701747,0.003169083602205358,0.006850066439082925,0.00881323354584529,0.0045366289804000814,0.005979292402696901,0.008523423837174526
2013-03-29,0.008413321988966826,0.0054819341196366,0.00688871288802928,0.007667113886513199,0.00511050543834024,0.006082318811475584,0.007070524934952305,0.006913005829880081,0.006204549850751473,0.007304274199865901
2013-04-01,0.005972549589786436,0.005524054015379587,0.0051767190431530885,0.005193034180494882,0.003909442490524162,0.003919587421953974,0.004533097091122151,0.0025246696963441284,0.003311495337664949,0.0038180451696392392
2013-04-02,-0.005166272310983544,-0.0027810589218312254,-0.0036576780804417064,-0.004446276956424855,-0.0010393956513836677,-0.0027163655140090004,-0.004012200592169002,-0.0009212154805395834,-0.0024332539980854717,-0.003570195631884099
2013-04-03,0.025546845690715303,0.012402513118133784,0.020228139340151774,0.022654488496212766,0.009857291387806555,0.01639995624850532,0.02001142195103145,0.007423132658997078,0.014320686098227675,0.017553208589583535
2013-04-04,0.008849050194309038,0.001984959493837035,0.005026771280015607,0.0068637648106277815,0.0023712878927000247,0.00503577572064029,0.006712390532571888,0.0002666987815715949,0.0036605427583102923,0.005395523147901482
2013-04-05,0.004666267286350001,0.003855149803913882,0.00509316888401079,0.004888938194394177,0.0035314824402548073,0.004631179969158961,0.0046740269104299514,0.0024461027794857593,0.004867341355224042,0.004834067892190541
2013-04-08,0.005558020833899668,-0.0033189040986461027,0.0010751581655976672,0.0033473497844929145,-0.002830627807187458,-0.0009252967972228632,0.0017289984938932967,-0.0015444705135770898,-0.001433430151024151,0.0015778690457173283
2013-04-09,-0.01511178736402874,-0.00746743964370955,-0.010943755631414254,-0.01295506650764855,-0.0048141073103059595,-0.008272272631599686,-0.010974724628564081,-0.0036435661974781874,-0.007097566412727185,-0.009402606855967499
2013-04-10,-0.019689534750874427,-0.008671670749225924,-0.013987380133740457,-0.01644211799887496,-0.003914258552444094,-0.009766002391756623,-0.01377642869499951,-0.0023211631696102852,-0.0077612246021849796,-0.010962741776652352
2013-04-11,0.013462010421165127,0.008960606614373479,0.009979942694426924,0.011805364276628483,0.004809671650300107,0.0072269678042053975,0.009844481778835679,0.007294053266392542,0.007767340690820523,0.010070406580953595
2013-04-12,-0.010313838679062104,-0.005816247844490419,-0.007094175801325875,-0.008584620012265454,-4.159628173960872e-05,-0.003980043435335201,-0.006360068631847682,-0.0027465939784806492,-0.003583283893349609,-0.006197780875533354
2013-04-15,0.01866008928428986,0.009989208908308456,0.014004678679756077,0.016083201249746493,0.007380917734086223,0.011385968165674276,0.014569998631109415,0.00964607679607088,0.011472149415979294,0.014274816748245822
2013-04-16,-0.0019060393429521927,0.0004020166623186494,-0.0013040081958155536,-0.0014244589445786549,-0.0008731590172322834,-0.000785817915594289,-0.0010924575182438279,0.00020197292819701396,-0.0004428214365912453,-0.0010081874906398003
2013-04-17,0.006306059218995852,0.004887977353518869,0.007000566512392448,0.006746561481479452,0.0027737985343581073,0.0058851674395923315,0.006375373110949489,0.0034848376381835244,0.005283915557311669,0.0061197370027255005
2013-04-18,-0.005153068358360047,-0.006609188015183731,-0.006417522693365929,-0.0058794633672432095,-0.007068824059660916,-0.006534432055378847,-0.006067754395467917,-0.0068961581711790565,-0.007063876422797377,-0.006009158159673511
2013-04-19,0.008297145236848102,0.005099487470227038,0.007501294615499754,0.007792058919775302,0.005459073224426181,0.007370488322810065,0.007467704718785884,0.006240569095959936,0.007564010879196337,0.007339230657882334
2013-04-22,0.005263139775814496,0.001773887788821149,0.0035261134242856595,0.004147882621369892,0.0030231508393143702,0.0030289761885688993,0.003595545464731398,0.001958701270369456,0.0017252168541463941,0.0031638996122773655
2013-04-23,0.005045372997466879,0.006158528866136548,0.007080919099414329,0.006005373730938457,0.005638275360939193,0.006463097402433782,0.00606345731091662,0.005480746463741859,0.006702704983864605,0.006046278569914687
2013-04-24,-0.004244720976751548,-0.004189826263929941,-0.004055676710060685,-0.004231326608384656,-0.006315158185092207,-0.005080463952375713,-0.004553946581464463,-0.005593336682262695,-0.005416537872961369,-0.004723019153224817
2013-04-25,-0.002289134639445356,-0.0001486138460242703,-0.0020994328542740526,-0.0024208464036646893,-0.00033520476797543886,-0.0012776174501638593,-0.0016177373135319861,0.001046116776337147,-0.00032375518735472397,-0.0010237650837204848
2013-04-26,-0.004928117153443212,-0.00553525031937141,-0.006719697867604069,-0.005909051923673303,-0.0039581976719637035,-0.005745053060019267,-0.005942917143123894,-0.005375962230723785,-0.006189190561896485,-0.0059382470869311366
2013-04-29,0.0017682331118498151,0.00274250046184088,0.003047084142910217,0.00265862822303764,0.002110765036693829,0.001654278747756921,0.0017620428929210341,0.0019668656348030833,0.0017726872501167001,0.0015096501206210977
2013-04-30,0.014449662759650872,0.009648914144508858,0.01236087045032197,0.013298244674820658,0.0056377863462941935,0.010278405637465848,0.012510055421411481,0.007932205047513907,0.010863315386666406,0.012745244048097959
2013-05-01,-0.00620048839647247,-0.0046023590497141775,-0.005903036671546791,-0.005982776569426251,-0.003734271956950974,-0.0052813868704377764,-0.00583790941073159,-0.004257402789180853,-0.004972615873367503,-0.00546629148645339
2013-05-02,-0.0012214707517315126,-0.0038925684784278936,-0.0029655604918819023,-0.00202163442518144,-0.004990508370682933,-0.0035402987175980893,-0.0023934166067257623,-0.004138463698843298,-0.0038721252019858765,-0.0020292247016976406
2013-05-03,0.010911270700250997,0.005125773268761735,0.006726752862051599,0.008806739883040482,0.005904242254421321,0.007050116160045805,0.008305178725918072,0.004543676795855767,0.007505549523074695,0.00813255623060849
2013-05-06,0.00012018651936895886,-0.0038719731956436965,-0.002697370889643058,-0.0011876859274890794,-0.001261609213217163,-0.001897306605358029,-0.0011328479815826409,0.0007388790990805472,-0.0017750659190713947,-0.0003503914698983479
2013-05-07,-0.007776181512049174,-0.00418215886576323,-0.005934742880014499,-0.006684095127813761,0.0007548592799961895,-0.00342871257737154,-0.005696829789487712,-0.0007479049483443134,-0.003407772900467232,-0.005417926965040065
2013-05-08,-0.0028109029785330364,0.0032679829399868687,0.0014537463224186808,-0.0006214075113522011,0.0032862808559817047,0.001943134319803308,9.079762816655013e-05,0.0018337569179429636,0.0010805505974056384,-0.0003428129242504241
2013-05-09,-0.002229090516961185,-0.0033991169963644152,-0.002992201408430928,-0.0024840893489459503,0.0005649484205692001,-0.0022970458960215323,-0.00265864367437052,0.00041559277985792065,-0.0018333799817566998,-0.0026347410580922492
2013-05-10,0.013256534518997665,0.010871717055866315,0.012268693493517668,0.01278366233811501,0.00936352309618016,0.01142817297748211,0.012654726393256821,0.0108388404243005,0.011922603784205732,0.012638751159196104
2013-05-13,-0.004836729957101382,-0.00040545037465178346,-0.002872215332337835,-0.004048413333241907,0.0046218840090874735,-0.0006998689996352558,-0.0030461951642153373,0.0033393645754269397,-0.0007433800835868754,-0.0030656817621135257
2013-05-14,0.00925086675731257,0.003346655259871767,0.003743112367786905,0.006509555824438129,0.003519358773476311,0.003656796707075527,0.00580352185690014,0.0033512342673518436,0.004705384917211841,0.006236067803046197
2013-05-15,0.0017433272803910604,-0.0022187659459272924,-0.0023948483355165084,-0.0003322469937943051,-0.0017016861481331524,-0.002344682176558699,-0.0010829555345321928,-0.0024924295023200926,-0.0018446876631639242,-0.0008848062511429555
2013-05-16,-0.020492554033742838,-0.0069806632503475186,-0.013697255641592854,-0.01690350612638558,-0.006126396243643861,-0.011900753922083562,-0.01511016250594388,-0.005346256125027815,-0.011635336024627962,-0.014631148634824287
2013-05-17,0.008398381368505792,0.007892353813620856,0.009605170895200299,0.008916209189120394,0.004507377820840208,0.008457995391273787,0.009316462915294643,0.005341441465244179,0.007673023700410564,0.00885655004397412
2013-05-20,-0.018088467405469544,-0.01380719805745989,-0.01618564447587678,-0.016943594829878506,-0.011473023296818763,-0.014120286896486922,-0.015824001384989073,-0.011793910317217104,-0.013875355999237171,-0.015109203698871143
2013-05-21,-0.004999893615549977,0.001419057178365879,-0.001978845148022934,-0.003456061706178515,0.0023685086093521157,-0.0002559290574033479,-0.0021441933713669536,0.0034011625764989173,0.00022173610902198604,-0.0017110213483481074
2013-05-22,-0.010787899790757116,-0.007457364410590417,-0.01034067810790884,-0.01048892228524001,-0.004935175145877713,-0.0081781606576814,-0.009185680070532554,-0.003429273009213918,-0.006519061421940364,-0.008404639757582766
2013-05-23,-0.010130157047397614,-0.00846202437878718,-0.007603233507028406,-0.008798494932246492,-0.008235064941805037,-0.007709021224982071,-0.008334881766684954,-0.008158792695831196,-0.008113366978691916,-0.008513427660155615
2013-05-24,-0.003604285392697082,-0.005303966807174043,-0.005587209853847086,-0.004426410750302701,-0.0077470099631570255,-0.006339693324940887,-0.004650096464107967,-0.006117802000304318,-0.005732912323612838,-0.00480013123009515
2013-05-27,0.014802261373623393,0.015687897791341943,0.014738732095542773,0.014642504826019032,0.010399821710022294,0.01275911609560465,0.013507171692350939,0.009312050055365395,0.011127963452853162,0.012510624559005645
2013-05-28,0.005251989970419757,0.005001943363819317,0.005264405835321506,0.004812987146513903,0.0021961551976659166,0.0038816762862456944,0.004510020558997185,0.0015801309394483098,0.00403992162603517,0.004650157809757971
2013-05-29,0.0026581263746505712,0.00048399563609158314,0.0011461820492806307,0.0019508403203580826,0.004896676576879422,0.0021672206135585625,0.0020132441708724524,0.004919371695234709,0.0029758973233102726,0.00273267358417173
2013-05-30,-0.0018424450497561695,-0.0033968690451010586,-0.00350276429639762,-0.002793828721222913,-0.004661201828738526,-0.0038236346362565676,-0.003148248255780972,-0.0056241854701065686,-0.004423556677032869,-0.0035146612608025762
2013-05-31,0.017416290904286535,0.0074977064401009486,0.012783566774559274,0.014967347652896645,0.010009665066048168,0.012988650909217192,0.014917363638546899,0.010036676197544114,0.013600729443629334,0.014721265920971671
2013-06-03,-0.00300588179148753,-0.00540944787078923,-0.004377398131631294,-0.003709888693966046,-0.0045631838863695595,-0.00429549670971352,-0.003990061860267513,-0.005434917106201809,-0.004519105190337602,-0.004160438037682068
2013-06-04,0.0008792112953535103,0.00539859794562858,0.005161718402931559,0.0030525630428028805,0.006582661053085248,0.005425469030580388,0.0039069437582130995,0.008304854300878572,0.006078221404158368,0.003899160408673108
2013-06-05,-0.00351723208484811,-0.010135832850916682,-0.007460547313335453,-0.00557628878881955,-0.009392846482558559,-0.007494556761300952,-0.005838251649243564,-0.008835989177251147,-0.006583280448132278,-0.005589882232428511
2013-06-06,0.014444942641701042,0.009295236231152026,0.011511365511848837,0.012727590878111927,0.007894225273743949,0.010826813012810632,0.012459182851397355,0.007964631773464514,0.011883963236110295,0.012461590312184967
2013-06-07,-0.015335456020444505,-0.009141864529377819,-0.01152796806015588,-0.01330239567747582,-0.0038613683014634415,-0.008730948530556226,-0.011883213083587307,-0.002514956873234331,-0.007789210870478569,-0.011264689197594047
2013-06-10,0.007394858153785933,0.005403978099224549,0.006174215053846632,0.006856618557531835,0.009586534279178549,0.007960149550645834,0.007471875306528153,0.010061000510314999,0.008672380452645845,0.00810698525678255
2013-06-11,0.007498663240538939,0.008676069091145377,0.008245219121756353,0.00785371062113871,0.005313759572075805,0.007333169099905001,0.007377085516895088,0.005730818600708787,0.00699493980652921,0.007376391824205797
2013-06-12,0.00035425172330527666,0.001907864662812786,0.0020134542337899575,0.001114505125975107,-0.0017631342101547265,0.00038740923864244436,0.000669984201197904,-0.0019739526153733644,7.345833308147753e-05,0.00023191134576139305
2013-06-13,0.0279039097342757,0.019034519596061505,0.0233049340705751,0.025534557144877956,0.019438893411436453,0.02273655281955178,0.02504545638679856,0.0190575891211211,0.023716531088624482,0.024856125217505465
2013-06-14,-0.0006672883721782208,0.0003084831450494985,-0.0007097035799844553,-0.0004779068504738859,0.0002795607588246263,-0.0005301254702875235,-0.00035768521969226086,0.0013671661107044208,-0.000505662541027796,-0.00013227880806698789
2013-06-17,0.005070087406745527,-0.0007330482899421398,0.0018395031956524033,0.0033157547052407033,-0.00015153622710761816,0.0020369924184868715,0.003137079469141435,0.0002478067241495907,0.0021268506331613146,0.0036700681806582924
2013-06-18,0.004111193195874607,0.002215658759631589,0.003936934466151509,0.0040875146247361105,-0.0021027109386483334,0.002004001743435513,0.003159034493065427,-0.002671522032189566,0.0019698902093103765,0.0027266207117906394
2013-06-19,0.00961877928780619,0.010621950735217212,0.012075338076418918,0.010754870324046317,0.002952633698229068,0.00813999869439841,0.009446683548377965,0.001911735405450754,0.008038303077522846,0.008089106563253567
2013-06-20,0.004766763293469145,0.004769142144361194,0.00681071004600331,0.0058110675536735545,0.0029812607310626404,0.005415114754665273,0.005440272784222433,0.0020660354552708426,0.005626887353209042,0.004647725275507719
2013-06-21,-0.0005891173293390839,0.002227145325828017,0.001636141077567821,0.0004712678503635548,0.0012361314301070347,0.0014775114545082513,0.0008668061005319139,0.001604486785609316,0.001494322684098215,0.0003890827620627313
2013-06-24,-0.007887360424752687,-0.008477896116833472,-0.007582153263347324,-0.00778189204690849,-0.009542080147528664,-0.008447008951868229,-0.008067076211190183,-0.010064701128247866,-0.008437345120906992,-0.008407831666925492
2013-06-25,-0.007009536793184612,0.002807683870580391,-0.0009201132336719153,-0.003875717699569181,0.0009780065388391712,-0.001705441436225641,-0.0041295678944667236,0.002959591350380375,-0.0032344010239337972,-0.004107363083300286
2013-06-26,-0.006811017281751819,-0.015479802842361168,-0.01088441027115894,-0.00908128046716783,-0.012889733839038131,-0.010210522049325488,-0.008795282321787834,-0.013481873804025213,-0.00981412514785951,-0.00905884717829264
2013-06-27,-0.008946911692210957,-0.009704238991497083,-0.009249317298637316,-0.009052277457317404,-0.008878151338915341,-0.008921972266912603,-0.008843299108293068,-0.008387837075963578,-0.0085590823117353,-0.008773181215098846
2013-06-28,-0.006366691231918686,-0.0010999002199194585,-0.0034788787467198157,-0.004861542576451439,0.0008775359282964246,-0.0015687676901704473,-0.0037841208473903265,0.00041834262487094875,-0.0023901753046040586,-0.003917878344671166
2013-07-01,-0.003184143147911267,-0.0022960337007013054,-0.0017783355322547045,-0.002601351723977019,-0.002648523318856455,-0.0027702173889671,-0.002970040920043604,-0.0026525982079013133,-0.0031866068056589647,-0.003387604815718648
2013-07-02,-0.008761820093002637,-0.004376909484043678,-0.005648352287375369,-0.006882083617915646,-0.003200473881360688,-0.005408791312564332,-0.006580787257380427,-0.003167574384595806,-0.005610418042460097,-0.006967306682673646
2013-07-03,0.007215447025875621,0.0075808946699145174,0.007495886542953301,0.007250294440093619,0.007414393661145935,0.007813319620746162,0.007475936851938592,0.005217000825675555,0.006851065341687335,0.007126398072788476
2013-07-04,0.0005963653146479064,0.005827868903899969,0.0029626780268534603,0.001810243694971403,0.0015877125626619915,0.0016738486696421528,0.0011599340096852817,0.0012017856792225778,0.0015021303084705728,0.0009639575047868387
2013-07-05,0.008832771437685905,0.005104260773997504,0.005977938941361227,0.007506022232515619,0.006526690706353477,0.006431200183067309,0.007386569170730217,0.004533240522171189,0.00615449390465872,0.007542499063668551
2013-07-08,-0.007427180483954299,-0.0092456663983147,-0.009292263968811776,-0.008411957476081477,-0.009753851263890834,-0.009151113491383978,-0.008508078306370903,-0.00889857630616031,-0.009583818442053471,-0.00816112580503292
2013-07-09,-0.002318710220446829,-0.006365789672104993,-0.003930724172962807,-0.003234125657237241,-0.0037580563196135675,-0.0029780132475409893,-0.002585281992773303,0.00037577722273685055,-0.002201018376580932,-0.0020940588653364234
2013-07-10,0.0032160720398815013,0.004182559002912756,0.0029996656633799468,0.0032218184817931483,0.0060307427206274244,0.0034433405852702936,0.003303504096749732,0.003991880574509388,0.0031446212012078423,0.0032763222741978293
2013-07-11,0.005910602642374085,0.007077955465812913,0.004642026395190069,0.005263294847493105,0.005674941748053053,0.004842134919029961,0.005157697273395989,0.004291286426535423,0.004481869448379472,0.005367001952869321
2013-07-12,-0.011183718622899574,-0.01184669991690357,-0.010364446809524974,-0.01087279359917348,-0.00858367023271045,-0.009756918948765958,-0.010543990976831452,-0.005868304901338939,-0.009164856546331812,-0.010111566783648884
2013-07-15,-0.003289108312946487,-0.0021243697681530005,-0.003683369898444755,-0.0036030987625287336,-0.004240989747997581,-0.0034263490589037104,-0.0037514134025217194,-0.007890814663997991,-0.003476645188635885,-0.004028160614975906
2013-07-16,0.006517409556075382,0.004611117650843877,0.005700390330700245,0.0058078598258008984,0.001780676890912325,0.004744307027863215,0.0054128346018609275,0.001018596983998643,0.004897371107576598,0.005567543568651745
2013-07-17,0.0072796725605766,0.0015661296014886084,0.004263059280938952,0.005677477987541701,0.004642827621549772,0.004783441788211329,0.005769978542676801,0.004669602877181767,0.004919778847711775,0.006042802181154938
2013-07-18,0.00413375660045312,0.004088352789238359,0.004464744644514296,0.004414669210389466,0.005540561462186844,0.005081502284988604,0.00460536937719036,0.005736419618819655,0.005186202339527268,0.00477649286987436
2013-07-19,-0.004489063576257113,-0.0022698839052132103,-0.0029391493092378873,-0.0037954725237635545,-0.002034922569303488,-0.003285534744912444,-0.0038020698455456525,-0.0026439854863652412,-0.003871903819052336,-0.003804484290473864
2013-07-22,0.009077276302937198,0.009007274193755688,0.008800246407028478,0.008990524209531836,0.00821014843998813,0.008263157566747115,0.008711724648043484,0.008476411944006834,0.008408498208886561,0.008700756019916156
2013-07-23,-0.007878053282625253,-0.00507044834777215,-0.006484748114840233,-0.007063886472763681,-0.00444481796731,-0.006318138714936916,-0.007003228091822633,-0.002535337790133929,-0.006592406703270215,-0.0066403855404177925
2013-07-24,-0.00445299171241631,-0.006131874114525981,-0.004235489558026662,-0.004192111108084706,-0.006273292688497634,-0.004201537353992202,-0.004079768473264078,-0.005550003019960892,-0.004893189394354902,-0.004154710100492953
2013-07-25,0.0003876465656600381,0.0021891518532779486,0.0005209662906247026,0.00037665473000991767,-0.0003807862491073122,-0.00011581218607892296,6.556029661242135e-05,-0.001722939274464319,-0.00028722570705219663,-0.0003229370082599159
2013-07-26,0.011644156379578607,0.010383900729820983,0.010645053875975474,0.011140182916570707,0.010915456701566573,0.010812357302685038,0.011182992427194005,0.009913890442955431,0.011256997010330672,0.010991290445593549
2013-07-29,0.007298705119039406,0.008445567390062081,0.007045631445576461,0.007058666508094502,0.007660139420513135,0.00746735301284307,0.007152853679080362,0.006724663725952373,0.006936401685113003,0.007361623256614269
2013-07-30,-0.0028680800193296996,-0.0034258231496127056,-0.0039691683515511444,-0.0034557264804742083,-0.004508847626094048,-0.003705375206185413,-0.0034845187225953644,-0.003943661466424109,-0.003369066249463648,-0.0031197466401891027
2013-07-31,-0.009906502304007692,-0.010550913676139362,-0.010187229873679149,-0.009869316173623188,-0.007913249598707206,-0.008948700477162563,-0.009445745852455723,-0.006189407477783737,-0.009203850331351071,-0.009065367568283023
2013-08-01,0.00662814423097835,0.006305548297757202,0.005410275848858337,0.005995703793450602,0.004770311088671431,0.005307222860247984,0.006050453558972935,0.004911751530054964,0.005382957505203567,0.005892910928482875
2013-08-02,-0.007438483247030447,-0.011279256452935371,-0.009843965534829024,-0.00849408937440943,-0.011383229178874021,-0.009660707062026708,-0.008343406128284325,-0.010262873157770303,-0.008484852833789525,-0.00815063181249942
2013-08-05,-0.00954628437269689,-0.007795265536995166,-0.00842850686505725,-0.009038979051297025,-0.006705945730718144,-0.008273552523466399,-0.008976980943710577,-0.006493226931808427,-0.007705928770649906,-0.008659221400988515
2013-08-06,-0.0003772566649528075,-0.0022468291596964285,-0.00161545887043002,-0.0009897590730202355,-0.000504990293790808,-0.001070245593935315,-0.0007368873300283019,6.139853879560953e-05,-0.0007666178930615386,-0.0006528062181823113
2013-08-07,0.011198038254050191,0.006807348889703579,0.008692113367596788,0.0097317262963732,0.007331906278646549,0.009176269324673747,0.01007683828023187,0.008571892241530765,0.009546439350144986,0.010429125426373975
2013-08-08,0.009789969425028966,0.009844440904559493,0.009309682023283417,0.009408004907088818,0.008307822520279062,0.009057773749592268,0.00910823755938317,0.007731258690039988,0.00837078743803299,0.009185348524714865
2013-08-09,0.0030664110813096723,-0.0014481766317722133,-0.0001622223594068828,0.0013329055072326401,-0.003273035127269508,9.588389400505548e-05,0.0016656336257230286,0.002430048793035322,0.0013956361632685432,0.002690589517418296
2013-08-12,0.005715796603369627,0.0017954872895153962,0.0035770596300825908,0.004679876893817214,-5.129199414100061e-05,0.003676877336816542,0.004615513045729713,0.0018072751592985714,0.004010686564638766,0.004612766294806558
2013-08-13,0.001657619465517124,0.0018191046467694871,0.001633168382664918,0.0017618061860467105,0.0017931905691952466,0.0016439512071764195,0.001740121262718164,0.0003613302429708032,0.0017436099911836145,0.0013262902857464898
2013-08-14,-0.001348714304593046,0.003098397232048189,0.0003335565951356756,-0.0004856667167085771,0.0037143789401041793,0.00036058013453277304,-0.0006531498847290873,-0.0003808218058585222,-0.0003579402146465238,-0.0010770719769355175
2013-08-15,0.0009716324322261993,-0.0016848433158651588,-0.0008762065590086632,0.00015275160646588404,0.000323778411303266,1.5200318173702598e-05,0.0003808975873116349,0.0012077162107706485,-0.0001878723658077508,0.0005018983309985625
2013-08-16,0.005833237766694754,0.0012436068573493664,0.0028446218988946725,0.004184723111135824,-0.002484421263454939,0.0014333627255973536,0.003483336218719435,-0.0022412928490596062,0.0015281602813079775,0.0033974073397038396
2013-08-19,0.00916072724459327,0.001990351913243371,0.004832911483762414,0.006942712061537071,0.0001146017745750072,0.00443148607763999,0.0067203584182644605,0.0027468581400527103,0.00493645740494264,0.006899882315579475
2013-08-20,-0.0016027985141977563,-0.0032999684663859163,-0.0002932512405897647,-0.0009054622622095554,-0.001579813817131015,-0.00021815614899267644,-0.0004516812819757021,-0.0006203739362860006,0.0005641052621896403,-0.00010670324113504215
2013-08-21,0.006511207500116578,0.0030718840844967676,0.003575394714840252,0.005160384949999486,0.0024725020218414606,0.004137081250662256,0.005206561475537441,0.0034766036027031877,0.004496055155563061,0.005219332650204578
2013-08-22,-0.005084757403575169,5.853452016313376e-05,-0.001129501833161517,-0.0030997691516916337,0.0006355564654962897,-0.00127910009146881,-0.0028335290868228835,0.0011545168905933156,-0.0022760167804299902,-0.0028676817940440635
2013-08-23,0.0009411848670122236,0.0025258484286885263,0.0012848032419678912,0.0011324101934075959,0.0011726787460810684,0.001146235500877335,0.0008331965526529039,0.0006760611685152629,0.0006012603680456419,0.0007605340280074646
2013-08-26,-0.004969001320691779,-0.0008745783832911913,-0.002976382679654832,-0.004244744250288868,-0.0012798452883353573,-0.0028149067534868344,-0.004113017795336793,-0.004046553738577208,-0.002380307835825657,-0.00392499386710099
2013-08-27,-0.008315332977785084,-0.004126071984540736,-0.006963385053921356,-0.007660563413549593,-0.0034398503621488885,-0.006136189901555178,-0.007215153519241957,-0.004956482290594422,-0.006933709060120696,-0.007150398691090687
2013-08-28,-0.0034857679434696642,-0.00463369847903472,-0.004658521779857927,-0.0038632241775995446,-0.004645297483008681,-0.004127825189973788,-0.003650075337872094,-0.0036682021727506564,-0.0038049213372681745,-0.003765828535353233
2013-08-29,0.010012889409039216,0.010430641552599651,0.010363583889057892,0.010170096945400608,0.00848091434881093,0.008664708741838112,0.009193276546632712,0.007474575935680239,0.009092884993550765,0.008554488862332565
2013-08-30,0.0017238505838759188,0.006853858017646708,0.003526541070584699,0.002655490256280091,0.004879071412525526,0.002665516445594207,0.0021195677131422563,0.0026518888203688196,0.0011714680900662966,0.0015427855296430426
2013-09-02,0.0021264848942763592,-0.0022943068309064785,0.00028826474465692975,0.0010404352545652085,-0.005557033477945783,-0.0013819892677194856,0.0002560065432015701,-0.004408166286000048,-0.0018826527193777087,0.00017787579610550885
2013-09-03,-0.0015301445430977445,-0.008008096039098023,-0.003998043067774959,-0.002492486386386439,-0.0052340979634496465,-0.002866967550649857,-0.002180205536810531,-0.0017102111655979968,-0.0033435134358968943,-0.0015881342128749587
2013-09-04,0.008169289174142724,-0.0009286854244805465,0.0044489694771781,0.00598264957810013,-0.001435076285339898,0.0028086233490933754,0.005222718357213996,0.0014085748330152636,0.003603893531039404,0.005849113739946121
2013-09-05,-0.011614741053590727,-0.0047978164605257945,-0.008294848138575062,-0.009594405038143239,-0.0015964257153178174,-0.005594087528763447,-0.008087405462193331,-0.0030590505370122756,-0.004233805460976736,-0.008020207423527048
2013-09-06,-0.0046168483345748745,-0.003700350595104429,-0.0033439978638982737,-0.003555309007683638,-0.002831047600624914,-0.0019389933303231022,-0.0027296326969772355,-0.0015175999653356254,-0.0019231783519297885,-0.0028563430957295743
2013-09-09,-0.008484701895304925,-0.007005612427344765,-0.007752171223441295,-0.00796037662716409,-0.005469123579674884,-0.0066290895753610135,-0.0073998933743463224,-0.003264756683508896,-0.006564390914701956,-0.006889655433715003
2013-09-10,-0.01034113023676897,-0.003235205168121147,-0.007660596805901254,-0.00896346953569016,-0.0069603553263364315,-0.008072782570492931,-0.00884435071761469,-0.009121662276923681,-0.008463014388728207,-0.009798708722549954
2013-09-11,-0.008231983476166493,-0.003642251401215324,-0.007290738838225175,-0.007864174333634955,-0.004406955720647865,-0.0059963250535381984,-0.007088731092670164,-0.005194617565852155,-0.005291815420954693,-0.00640610681537801
2013-09-12,-0.016541651894729892,-0.007116897839710035,-0.011610209985750686,-0.013898023652601399,-0.0070189088758726426,-0.010483463558793926,-0.013040132334136478,-0.008771299775459429,-0.010113058609941938,-0.013046761421478537
2013-09-13,0.013341921210823005,0.004615887627591464,0.008658491799644397,0.011059664208324715,0.005489102840172233,0.0072122239458298765,0.009706683982507736,0.005302586158680622,0.00589609805165181,0.009111815902548948
2013-09-16,0.01763761516426743,0.00077309711953788,0.010328792301042888,0.013607863570788359,0.001260333516367007,0.005012596509689438,0.009855545966816592,0.0013519865463755831,0.004105767229625634,0.00890126345845843
2013-09-17,0.008845024566473958,0.005594241441891246,0.007934275058446572,0.008288015332786669,0.004653535919826313,0.007252208135619886,0.007961725460634561,0.0037158124983145413,0.0071685847396985025,0.008072250223437383
2013-09-18,0.011728557166631903,0.009745816535136065,0.009505973209871232,0.010458066925391085,0.010291469179646517,0.010286741753225304,0.010394809325813714,0.009352209501330977,0.010436041063386359,0.01083645199175387
2013-09-19,-0.00852282644862401,-0.0022744225009279084,-0.005611065127077097,-0.007128849697518258,-0.003365184544309008,-0.0051023280547292105,-0.006598594216807974,-0.00466686428596097,-0.005757289456209902,-0.006734863327558127
2013-09-20,-0.008488779090604637,-0.0046257442845183405,-0.006684362814637357,-0.007651609661247338,-0.004652857838546187,-0.006908227582722026,-0.0075582448156212845,-0.005175385494317064,-0.006743134619372704,-0.00750947800550561
2013-09-23,0.01257496069321462,0.005114402254349892,0.00834399583427392,0.010235204751447569,0.00491461409935301,0.006171005732652501,0.008436424137555187,0.004087842986349566,0.00589142398462994,0.008124012046128337
2013-09-24,0.0061772425859853985,0.003170363868727044,0.0047714252131003665,0.005772933999219632,0.003924568348355528,0.002926836615118278,0.0040705434649550565,0.002089431768405481,0.0032549211811354617,0.0031190586218081684
2013-09-25,-0.00475722929319411,-0.0025984070963044337,-0.004324422159479924,-0.004894707842483026,-0.0018190286724490967,-0.004580685619772762,-0.004941803958168789,-0.0007998854915794995,-0.004792896731923846,-0.004865478099868703
2013-09-26,-0.0016910600145052523,-0.0037598508963454513,-0.002203938478698042,-0.0018676615803587815,-0.0016667396092135967,-0.0017825713634053164,-0.001741013152949833,-0.0008620828531484825,-0.002644387205069876,-0.0015974925799406847
2013-09-27,0.010081921600074928,0.003018187721054888,0.006396026426888524,0.00831789508237435,0.0039177890995913955,0.005290216352794586,0.007216530569237545,0.003935347326669891,0.005633459666363416,0.006842803052543589
2013-09-30,-0.006719026188681254,-0.0013016297638123175,-0.0042144227801219625,-0.005221405557865211,-0.0014273390451411405,-0.002555583205235634,-0.004228859208775471,-0.001349991223508873,-0.0025374091744850835,-0.004276855718635675
2013-10-01,0.018976489430870602,0.010215275231764354,0.013154193836449224,0.015651494670624544,0.010149780188998037,0.012203343093055263,0.014790845532270946,0.010085711474460135,0.012569162332446648,0.014832773334912952
2013-10-02,-0.011675682362267237,-0.0027536418097529047,-0.006802179974973788,-0.009237527020484193,-0.003043818400393361,-0.004663062561838793,-0.007137795586988349,-0.0016969715543233566,-0.0037912268995149434,-0.00667857462349708
2013-10-03,0.004154927026180033,0.0015476412662966954,0.002397287088927502,0.003295211252795749,0.0014223240146629124,0.00032342849067568125,0.0018536128732007384,0.00028439532443003124,0.00037598984907472044,0.0009575812311559684
2013-10-04,-0.0004550844477970717,0.001175807100242121,0.0007351990608244208,3.466844325616947e-05,0.000389522322524094,0.0008019841753996726,3.354979071823472e-05,-0.0005418764435558554,0.00031018948898586807,0.0003927705982422758
2013-10-07,-0.020812403870952734,-0.0066236077932372295,-0.01209766813405988,-0.016012480950144625,-0.005135213593789434,-0.008059682379473632,-0.012707164763765766,-0.0027531743608188997,-0.008846351498007499,-0.011813580228936083
2013-10-08,-0.002166988440505113,-0.0019521541016410682,-0.0029532478755759373,-0.00277124720649069,-0.003243958316711426,-0.0037404366281105217,-0.0032888338196629396,-0.003488166020530592,-0.0025750547848729655,-0.0029937119721519245
2013-10-09,0.010784031929071736,0.0044625311890513775,0.008545329731620477,0.009423542083775605,0.005227700458410922,0.007387486476746918,0.008508992144493632,0.004134265148884708,0.007078647587766884,0.00842654274758936
2013-10-10,0.0016093755835575596,0.0017547791395344792,0.0007913660098752828,0.0011693355689796903,0.0016069923876846914,0.0016574239267932445,0.0013461937310843552,0.0010365669957170809,0.0023191499838175478,0.001771053647410481
2013-10-11,0.0130653927093205,0.002428742941092521,0.007437563813805559,0.009916264921823181,0.002011115381827855,0.004140883256742001,0.007447512742481122,0.0014182158101379017,0.0046717003980039085,0.00674503543999494
2013-10-14,-0.006570150390603269,-0.005435949243362881,-0.006038435071046289,-0.0062642737840179485,-0.004082954145180007,-0.005271393131526025,-0.00567565373665091,-0.0006809030213394962,-0.004289563537629548,-0.005041670500512407
2013-10-15,0.023573975223730725,0.010907119149206723,0.017615987464574046,0.020279002410177993,0.01126198746392948,0.012714784940833779,0.016813895570646276,0.009939463019183803,0.011530860319918679,0.015304893966506805
2013-10-16,0.015340683748871209,0.012446349116128408,0.014171599058188544,0.014766846640863918,0.00956265039164017,0.01218933379300724,0.013168479711422876,0.008307635662840873,0.011594310799387886,0.012691620366269696
2013-10-17,0.009771057813647177,0.003893487151855002,0.007270079984794231,0.008607707486876226,0.0024419902669441385,0.004150181111913787,0.006356826350317757,0.0020703635251546615,0.003964086566753844,0.005667938259298122
2013-10-18,-0.010917068050658396,-0.0046767451956851724,-0.007931285587843728,-0.009197141433657685,-0.00431745458996502,-0.005893496674101328,-0.0074546360925243915,-0.0032551277262282685,-0.005836081659765124,-0.006925415058488205
2013-10-21,-0.004288574068955442,-0.0017373071936748197,-0.003246641757903568,-0.0040300415911848075,0.002197950020901507,-0.0015610318656662514,-0.003023103081125411,0.0019162477006422485,-0.0011400304310011933,-0.002160203722680887
2013-10-22,-0.004267906172836344,-0.0014228216031956231,-0.002834711105725307,-0.0035775352691576057,-0.003192471754975501,-0.002806575250318022,-0.003255626317344107,-0.004347472155272314,-0.0027771559265359347,-0.003990978379397658
2013-10-23,-0.010970439212122152,-0.0017460685251218244,-0.004710128840790695,-0.007405573934771703,-0.00041528604113283407,-0.0018278679966030609,-0.005255136624612633,-0.0011572332004158303,-0.0017883072261586364,-0.004931757665253889
2013-10-24,0.0007297363534053414,0.0019578144111902507,-0.0005567836362253553,-0.00019184126522164835,0.003190557690212481,0.0024018637010787547,0.0015710977722025454,0.004274981457381921,0.004128905967371477,0.0029691087585173026
2013-10-25,0.025491362068817525,0.01443169462371996,0.01926840551214748,0.02181304234816417,0.012691973131294443,0.016121326574955352,0.01937765271893066,0.01262798782731922,0.015463399740199835,0.01900991296373511
2013-10-28,-0.0035598593472729867,0.0023399369367451683,-0.0010575624238504666,-0.00197989035203483,0.0015806772028148508,0.001502723575676157,-0.00016744280446900905,0.0002739631826189637,0.0016917524864490385,-4.707884022736586e-06
2013-10-29,0.003189760574013656,0.00038476012612509436,0.0015029627371505594,0.0022360858456738075,0.0011693715150200568,0.001328238901988854,0.0020407843718746044,0.0021214532509836737,0.00048100544603313367,0.0017942881392551957
2013-10-30,-0.0038403459733553635,-0.0025306215043985336,-0.004219414014079437,-0.004165984278626689,-0.0033715553250837083,-0.006246290332334481,-0.0055156144187494816,-0.006138625528446351,-0.006330668927583938,-0.0065089048219766354
2013-10-31,-0.00902628130038674,-0.009523505571833901,-0.009013981572247198,-0.009000781795647006,-0.009629116992382558,-0.009560771471333274,-0.009422495684560661,-0.009531607341469517,-0.009679140151823251,-0.009343210420477033
2013-11-01,0.002371014134341154,-0.0006359552704079396,0.0007617834001447665,0.0017108469389686132,-0.0014046404203650331,-0.0023683895850342696,-0.00012271730052482166,-0.0026283057636544704,-0.002677441448198481,-0.0008093413226616386
2013-11-04,-0.0036458088082733653,0.0008325846430972117,-0.002624339234440498,-0.0030460825565586935,0.003334319310182021,1.8406812317461885e-05,-0.0014012781784495942,0.0006167610443446048,0.0006243069920857103,-0.0017101403337358434
2013-11-05,0.005731450676887961,0.00542673638736213,0.004613154520543672,0.004912604922888253,0.004435939195379657,0.004605282301706204,0.004989774133933977,0.005354943834773973,0.0054756320153099836,0.005311084199975502
2013-11-06,-0.00909146688800111,-0.0002635755516742222,-0.00398169354769462,-0.006188871357786119,0.000312057570092783,-0.0020181616288321713,-0.004804539675361985,-0.0011151685196366667,-0.001714252545912398,-0.0048192212925183275
2013-11-07,-0.006491592883158148,-0.005510461149453305,-0.004873851822485564,-0.00575081094082619,-0.005140223541909794,-0.004740122810918956,-0.005651205792025604,-0.004885261874533753,-0.005522997495959747,-0.00539230541478708
2013-11-08,0.011891991846291416,0.005230682122462138,0.009077183674460976,0.010343899513320709,0.0060301528575383845,0.00819834678025222,0.009372126176165674,0.006670351610171821,0.007309381235129919,0.009249050196691755
2013-11-11,-0.010077316471618358,-0.00747412767088651,-0.008326480497101607,-0.009151564979044013,-0.007959762800221482,-0.008435934820802293,-0.009137856803649425,-0.008505635722836802,-0.008509314210360719,-0.009090430341102573
2013-11-12,-0.004911755417953412,-0.004361110219282427,-0.0037575622554353316,-0.003997257005131982,-0.004477684534916593,-0.004104744342978028,-0.003946244049409797,-0.0037171765925001488,-0.0033945002390812773,-0.0038236906286328587
2013-11-13,-0.0043358608574718405,-0.0012704883827164837,-0.0029063663517197025,-0.0032990636819645314,0.0008898558849739224,-0.00037573153096193135,-0.0017312988011277675,0.0011367057769113842,0.0004068578208495932,-0.001433888495327218
2013-11-14,0.000606461466868824,9.398968766838323e-05,-0.00012301617856214087,0.00014308803981832874,-0.0009410924296308076,-0.0003812704855333804,5.093088947405455e-05,-0.001259162987519713,-0.0011527534784759874,-0.00018761761873586913
2013-11-15,-0.00033600536520805857,-0.004542140075146528,-0.0010827905654197112,-0.0006889088803709864,-0.0030803019285965405,-0.0016491078738896103,-0.001053662313831305,-0.0006584072050541678,-0.00128725519601125,-0.0009110994355159274
2013-11-18,-0.00962867310516713,-0.005541553786233555,-0.005658413669625717,-0.00739995632372159,-0.002968773460650609,-0.005382250246900755,-0.006842196752431029,-0.0026975011458381104,-0.005187096870638674,-0.006420413858599705
2013-11-19,-0.0031378296250408333,-0.0030162014292616224,-0.002827539513842736,-0.0029317665998989106,-0.0033795310404367562,-0.0020819746476480328,-0.002551760241324641,-0.0033575904893420327,-0.0024435283413815068,-0.0027415977753866283
2013-11-20,0.0016431282337729947,0.0007157483189521585,0.0021355422432165483,0.002219621231126956,0.0038230179358573757,0.0030629446026098073,0.0028696310980780293,0.002436524368373494,0.0036288244722297858,0.002342608101126631
2013-11-21,-0.00523889181963888,-0.002878337754111171,-0.004073108840858208,-0.004814947753956855,-0.002292139669006321,-0.003135447228867383,-0.004401647545139387,-0.0015979696261128051,-0.003889159198287695,-0.003870825947074108
2013-11-22,-0.01377273593869277,-0.0050357249809194204,-0.009814280441749479,-0.011265540731949408,-0.0061819920929718775,-0.008525970356044632,-0.010516892850026549,-0.0074899964168884114,-0.008525281704901966,-0.010966664682309002
2013-11-25,0.0017388049586235521,9.292183267284315e-05,0.0009262840005450634,0.001436725118195259,-0.0007483986495688821,0.000837515922058385,0.0011850425761887884,-0.0011380170752459673,6.139980798658407e-05,0.0009568928234586771
2013-11-26,0.009453355730866475,0.004199683866505044,0.006510223492744771,0.00758127929338448,0.00592039899619623,0.004849577420025897,0.006605580053828275,0.005590685495582726,0.004783753551391712,0.005875354169871283
2013-11-27,-0.008091176811106382,-0.005006616565823241,-0.00549841286569519,-0.0068583166360880465,-0.003983538424212396,-0.005695512626260779,-0.00667712133168652,-0.0032415134171026594,-0.005458981746376601,-0.006208537747280696
2013-11-28,-0.0067283266314992485,-0.005660590017227185,-0.00487932600042873,-0.0057009359169200025,-0.004417301399446738,-0.004865271108457692,-0.005289073647472442,-0.0031873912064913634,-0.004424403517051978,-0.004731169991881945
2013-11-29,-0.007042592675236881,-0.0034795941411096543,-0.005029141952921368,-0.006036243651449169,0.00015094545025196027,-0.003947862554688708,-0.005170696935558161,-1.524627922022681e-05,-0.003520203099646513,-0.004336105764141118
2013-12-02,0.011346200464789513,0.005439669741678088,0.009151465461431751,0.010060539928044232,0.004118439880435032,0.007253873928161347,0.008959202852776516,0.006024445661996891,0.006899612599406968,0.009197464418495338
2013-12-03,0.0022138329035170656,0.0011747808269322313,0.0019972165698021183,0.0023254659576514847,0.004069086396041088,0.0022216032065061064,0.002363796205452573,0.00351222785426053,0.002710595063257104,0.0023057772775576524
2013-12-04,0.01440871362557039,0.007056808954101879,0.009726476124048089,0.011778434158603357,0.005607135724255752,0.007927212237198722,0.010302568788355337,0.005453923288366802,0.007600794281704681,0.00965605500133293
2013-12-05,-0.009071341479313544,-0.0031237493949488604,-0.005354334622159396,-0.00720244995905539,-0.005957912625914941,-0.006703547399317333,-0.007263819640819014,-0.005178692854388656,-0.0070481213195841,-0.00642984076204578
2013-12-06,-0.0030102049749215487,-0.005666483374943798,-0.003257775715285849,-0.003145713464090538,-0.005822033853021047,-0.004408037681453036,-0.0038521162874556314,-0.003786717992434241,-0.004180286390902843,-0.0036730922247816267
2013-12-09,-0.012273322288733901,-0.004289566738191475,-0.008948417197668812,-0.01033906420965136,-0.002213135421373136,-0.00750364088849409,-0.009429149643631618,-0.002999351005691042,-0.006981053942086701,-0.00941422862803365
2013-12-10,0.017752401477969526,0.01123166887894933,0.015068209657851606,0.016412063413774547,0.010914621513730127,0.012177499628721167,0.014879411871393522,0.009589244767540972,0.012137507603102282,0.014998688571719043
2013-12-11,-0.019031418535456646,-0.008920392445562753,-0.014132693108416472,-0.016309838508420604,-0.007861595086595119,-0.012614070215905104,-0.015062989711478014,-0.005635500778565228,-0.011454627099970693,-0.01420648531106794
2013-12-12,-0.0016546799069092621,-0.0018847299679884966,-0.0009204323194798025,-0.0012177379454629822,-0.0011373808801643515,-0.0020997904131641043,-0.0019134675798255785,-0.001501176639293389,-0.0022800869271495383,-0.0020058185117454164
2013-12-13,0.01187936445423765,0.007217670886615624,0.008445764582623916,0.0095292759318788,0.0014669128279012345,0.005939179195472155,0.007845782250687439,0.0023228592296640205,0.0041428215144105884,0.00715142256024226
2013-12-16,0.010211151503623617,0.0035228577432240282,0.006021752580699813,0.007956230349333682,0.002708759063400956,0.004055766343204814,0.006533595089106337,0.0013808868494817883,0.0029705369232559953,0.005596404533924737
2013-12-17,0.004127578960609446,0.003013881537193841,0.0029072229575537456,0.0035917251913013537,-5.963124547725407e-05,0.002606553851435267,0.003117245336093255,-0.0006347753783726429,0.0009868448963650245,0.0019746862578506885
2013-12-18,0.01916301927675157,0.013460396742543512,0.01490724074384242,0.016659285425732584,0.009862221091889278,0.011830168740495584,0.01469816458649964,0.008818245827893811,0.01149986453177565,0.014096948383324648
2013-12-19,0.027867512986239795,0.018532375522232192,0.02357874431471041,0.025067013771191027,0.014531097161357254,0.017855141497619798,0.021735883108492615,0.013178897486604058,0.016614111241510132,0.02071229317516976
2013-12-20,0.020182804445953773,0.017814727529984475,0.015860486412578645,0.01754978421690012,0.013800613813355955,0.01131518488957095,0.014568221187841734,0.010167521433308124,0.010765014096715042,0.013424969837761092
2013-12-23,-0.014831912263656322,-0.01299888291896123,-0.013383372130488791,-0.01311355003655379,-0.007152607571230485,-0.009505915167367318,-0.011730858166922986,-0.007400311574750074,-0.009255752356495117,-0.010899227798792932
2013-12-24,-0.03113589625639923,-0.017797444336979495,-0.024751319971016983,-0.026197837046128214,-0.009102866688988409,-0.015580897745629652,-0.02153472631892972,-0.010642899186165788,-0.015508666150419126,-0.020377211035763287
2013-12-25,0.01247514373776748,0.011068043396621485,0.00980006234432862,0.010549691394005523,0.007814764603968793,0.006886358879399257,0.008709689245176788,0.006991857232440113,0.006493151190865909,0.008281915290082376
2013-12-26,-0.0016537214024486824,-0.007543810405614471,-0.0031449935259939554,-0.0022857768750937923,-0.0024828921097435064,-0.0008842623807489014,-0.0014737328098950453,0.0005218036672736126,0.00015012041332540527,-0.0005717300197947139
2013-12-27,-0.011969494533835445,-0.006163244043026261,-0.010092516319140543,-0.010008632381808491,-0.0070018604054806755,-0.009085055706976597,-0.00925888292526178,-0.0045178196401818305,-0.007483387856245138,-0.007665462833860381
2013-12-30,-0.0071006235759303316,-0.0035176319485455965,-0.005248531010035529,-0.005021917571886636,0.0006171236907641653,-0.003066632044615658,-0.004352465655736881,-0.0012696649094388057,-0.002641922880904257,-0.004151962552698785
2013-12-31,0.004417686799734533,0.006187920728645935,0.005830463768121019,0.0050725222440937134,0.005791500973236552,0.005367495655621335,0.005121556474394051,0.006587016959412217,0.004975497693946451,0.0052011051677012254
2014-01-01,0.0022754122735284543,-0.001446223919966072,0.0016534279522517625,0.002011358558708043,-0.003904505446513107,0.0009523752280125031,0.0018515605816129543,-0.0027789471468415705,0.0008570731798926978,0.001719264433709844
2014-01-02,-0.0025782892710146665,-0.0014677142250684172,-0.0018419820309776291,-0.00220960830340855,0.0003658858971511414,-0.0015022574571048608,-0.0018275294239971096,-0.000576360941064169,-0.0016619413326357524,-0.001814455794380443
2014-01-03,0.007979727097850553,0.005455633866981113,0.006415330574787825,0.00679287337868506,0.0027780082390980176,0.0035081946625177274,0.005159547468835957,0.00036835221921416306,0.0028774086838161406,0.0042711647893260984
2014-01-06,0.01051543685534062,0.0040947281523107115,0.008507127822857674,0.009438800617596943,0.0032208125524781916,0.007120104638395075,0.008569164764804515,0.004896719868845656,0.007537305662126403,0.008945831745737154
2014-01-07,0.020369265047580853,0.010930592721217991,0.014589736117853747,0.016910777231083474,0.007576897739872024,0.009671004103016356,0.014030047010670232,0.004963865558088587,0.009849341871568607,0.013334856607755352
2014-01-08,0.015749465552391095,0.014624811211321642,0.014976621977192517,0.01471963651417596,0.01597126480997746,0.01542247013184217,0.014789050124013103,0.014317015666680533,0.014988360898547493,0.013712293809188703
2014-01-09,0.015612010219714811,0.013743565510743183,0.013956664577524425,0.013896765750537332,0.008162265686953774,0.0094908767068409,0.011902747507266387,0.005875817526440175,0.008193892506566103,0.010092729780060594
2014-01-10,-0.003223257014217218,-0.005116673152996798,-0.0032896796309198617,-0.0030938327218676953,-0.0007353029501357966,-0.0007096521625016283,-0.001901100335579331,-0.0002654949115441507,-0.0006396298435109582,-0.0017359712665090399
2014-01-13,0.012203291757222123,0.011435823744194051,0.011477855144046645,0.011276779114645308,0.0036371810231545787,0.007762481467581406,0.009648495061351792,0.002404681881995163,0.00740210196148805,0.008156142524525123
2014-01-14,0.007569290991107591,0.00848420027925112,0.006501660868163617,0.006781267754134346,0.002016712427548528,0.001732009334546314,0.004475606867575088,-0.0012329785555236228,0.0008374622288851441,0.0035208144915790385
2014-01-15,0.02313401232342538,0.019842639636670878,0.020795016614455042,0.020705986097770523,0.006575206206054007,0.012832537565453217,0.016854331507125897,0.004253552582770492,0.01062658034008046,0.013878819943789367
2014-01-16,-0.014374249460437749,-0.008219708213434873,-0.011180105426210063,-0.012325857753386904,-0.007063542322555572,-0.008629799933159932,-0.01083658114636532,-0.007924120242267851,-0.008877045018735208,-0.010893145870804366
2014-01-17,0.005151901973197814,0.005823412587258492,0.005776594479668606,0.004923477571103785,0.003892816989984782,0.004594956469229583,0.004270774200118677,0.0012143985986499128,0.004797126185370981,0.0031043321704207205
2014-01-20,-0.01218233390852641,-0.008033758369617505,-0.00922031421222902,-0.010091706127376754,-0.003205815980868665,-0.0050522413046187875,-0.007885242989845387,-0.004807819601025942,-0.005601312482610976,-0.007808532211919461
2014-01-21,0.019819445529365876,0.014447920579066409,0.016981043584494815,0.017457463232656067,0.009022044868077561,0.011149039204683797,0.014737173625143596,0.005200898791947406,0.009493991536329016,0.012565968646756076
2014-01-22,0.01972981975251753,0.018057956016754195,0.017732645795810242,0.01762627332136768,0.005917208761195614,0.010866955950022517,0.014591205270380714,0.0029440690761983745,0.008926608908386147,0.011400908889211303
2014-01-23,0.012701120127068366,0.007412553216193718,0.010397074911960624,0.011009217015711448,0.004633073218688333,0.00727683643055399,0.00938421328609218,0.004487704801937831,0.007183382314615017,0.008807689336451041
2014-01-24,-0.0017019624590733917,-0.0010185147540612283,-0.0003882197609521576,-0.0008322285790584028,-0.0020763727158077394,-0.0014761911398507577,-0.001288264583281018,-0.001392021209371208,-0.0013817220510121686,-0.001037422429847723
2014-01-27,-0.010194762575848282,-0.01302047669388573,-0.010163970267786926,-0.009351951155143312,-0.005748794803328572,-0.006436306759510457,-0.008179918658634655,-0.006982211313122821,-0.006114193728467998,-0.007848336160798497
2014-01-28,-0.019120142754357694,-0.014543659647650697,-0.01593957419776615,-0.016856624784218566,-0.002980714864602496,-0.008082931423222472,-0.012768648548700745,-0.0030757204036357955,-0.008356115830295274,-0.011147867322481075
2014-01-29,0.004804905941730775,0.012668633670191776,0.007494413085064933,0.006382028548584495,0.004741952760147106,0.0037531104947294835,0.004508743433475848,0.004985966138814746,0.003587956276072113,0.004136428744137444
2014-01-30,-0.02682969683125669,-0.020765508777959796,-0.02259027082061582,-0.023335403407398703,-0.011759977317516324,-0.0167443736567785,-0.020314089989690753,-0.010998114565260897,-0.015587405289921197,-0.018106117619772655
2014-01-31,-0.00926054440448476,-0.009425676633041502,-0.008307777335429645,-0.008124593991053808,-0.006225002089702558,-0.006090525483391285,-0.0074053816350216906,-0.007619802813045862,-0.007334534663798187,-0.007755115847613903
2014-02-03,-0.030000470736926466,-0.018662309130124677,-0.024175848758126395,-0.025710997473613273,-0.011283042514199648,-0.016554782276806623,-0.02155794710129222,-0.010440256034105033,-0.01570337264372168,-0.019641390679361104
2014-02-04,-0.013727179795637756,-0.016729264055065363,-0.013616816733106663,-0.012961715881026903,-0.0031110762545940585,-0.004239867505232975,-0.008368202858513363,-0.0065428102981865965,-0.004239274467713661,-0.008332372628183093
2014-02-05,0.023211476372867246,0.022080523832286536,0.020677239222907318,0.021742218731106266,0.013166618792023854,0.01736405727514434,0.019717838353711326,0.012530722942152739,0.017081161282140878,0.018248264855318386
2014-02-06,0.012610070165136378,0.0018060972442874856,0.0059604824524250866,0.008399143595827496,-0.005780785430552937,-0.0003506265550808907,0.004409198073911824,-0.00709411293737694,-5.9523142098227844e-05,0.0032408305486784084
2014-02-07,-0.012547951598566365,-0.010130172155848438,-0.009643723124035608,-0.010784118977722912,-0.00850325969365251,-0.007669629798854882,-0.009363045555873861,-0.00917719459888211,-0.007953350450221608,-0.009244340501421533
2014-02-10,0.011773176910401473,0.008409399217468527,0.010325273645077626,0.010977649688117985,0.005596010220878078,0.008973844812911969,0.010391800876127899,0.00639543273759724,0.009072559468280339,0.00997461762638685
2014-02-11,-0.012309378198728349,-0.007301367255568847,-0.01070134070861739,-0.011280425430094443,-0.00405787753983311,-0.007472069956098393,-0.00971109529294234,-0.0029855029966142643,-0.0076376346612601065,-0.009056117889805315
2014-02-12,0.01381806766541005,0.014399590835386444,0.011271600818254068,0.012005892220340986,0.005230901577471636,0.006779629922370356,0.009510690045631431,0.005394318469825077,0.006647903195359017,0.009289359304022415
2014-02-13,-0.0095061301480176,-0.00970810060986238,-0.008632321986229097,-0.008341369526584708,0.0018523271045676193,-0.0012083328536509619,-0.004774695741603607,0.003443952525735483,-0.0013343233744442795,-0.00394094002332479
2014-02-14,0.00968641929661973,0.010577283203410115,0.007194369582580018,0.008387868174181135,0.007412387922223651,0.007946182812409663,0.008272273887087733,0.007005787052253076,0.007044547698234593,0.007624760739992409
2014-02-17,0.0002781577210202446,0.00393280574273569,0.0006784275666504858,0.0005094724233658532,0.002617264478057324,0.0027813765704216564,0.00212731688812573,0.002055920509830722,0.002952186612763752,0.002035544084686869
2014-02-18,0.008867812627865623,0.005115562626856196,0.006230806212571105,0.007171352252510754,0.003340392338350151,0.003442802355921648,0.004951360237506641,0.0026423062736506964,0.0031189350838070062,0.004384644278019767
2014-02-19,-0.007194618382613482,-0.006081756377398051,-0.006018425803823169,-0.006618693552893573,-0.002665062118221262,-0.004280515383404682,-0.005386093684202065,-0.0032728112427435896,-0.004302217129513619,-0.005560415134573615
2014-02-20,-0.005323562356250644,-0.008452754537758178,-0.006711542024212314,-0.006164203643110988,-0.011785572816577217,-0.007964336668311978,-0.006892686295438266,-0.011849832251807468,-0.008964274652545234,-0.0073769825602405525
2014-02-21,-0.004741157093375525,-0.0019864123960680047,-0.0027753764705302775,-0.0036019066020985813,-0.0007894980932170448,-0.0019666808980111083,-0.0030792488159242515,-0.0008554192475767053,-0.002198270978348793,-0.0030049771786446744
2014-02-24,-0.0007931640012003305,0.0006221452099053337,0.0004057648413697823,-0.0002654105734900547,-0.002142221272002698,-0.0006838566130696888,-0.0005138257487410369,-0.003091321692010096,-0.0008616925000191067,-0.000608587394579474
2014-02-25,0.017668131647359475,0.014369123921382343,0.015705327534350166,0.016432106120533252,0.007064231108665275,0.01103771729111469,0.01382434850622527,0.005348600641890133,0.01044834206066092,0.0129201226904061
2014-02-26,0.0007392053512484953,0.004236390694316805,0.00231201290190719,0.001950781746362873,0.006871908588069964,0.004474332635604705,0.0029882327660772923,0.007809022489879469,0.004862486110771558,0.003452047187315621
2014-02-27,0.003023763956558012,-0.0003345994772739891,0.0026177414604264815,0.0028031292784505,0.0006595317047588534,0.0014507524909661562,0.0023760487773007988,0.001194452172790239,0.0018216894740947787,0.0024494567311090787
2014-02-28,0.0034330664546393663,0.001199463393930289,0.0023566130240797456,0.0026632802638992814,-0.003569137213465634,-0.00018697659203092964,0.0013832420141930424,-0.0036623616900806066,-0.0013172988865668422,0.0010076144444099988
2014-03-03,-0.009201494191558246,-0.007008711255556799,-0.00784380575484589,-0.008398602034434433,-0.0062928250240246175,-0.006831301550029423,-0.007687525219778557,-0.006807943907361835,-0.006805105881177109,-0.007498255879597404
2014-03-04,0.01759688146092664,0.008296334628404844,0.011552204880818984,0.014167623041713373,0.004910964865625367,0.009561933881334639,0.012526164711729404,0.004635813594500604,0.009591978116032296,0.011736450019179223
2014-03-05,0.012712197049511209,0.015135496722705977,0.012652313534602389,0.012377409727095223,0.009498824823918062,0.009811108353795284,0.011010900595508133,0.007564911172662114,0.00930415774430604,0.010363849502692979
2014-03-06,-0.019634878032482428,-0.016109481155388794,-0.01680212143194082,-0.017767391155687595,-0.003794802786734941,-0.009820103739777819,-0.013782240021499526,-0.0014455402216486668,-0.008156155074753535,-0.012016900429404176
2014-03-07,0.0010137156255896063,-0.0011241259149779026,-0.0006935476519593919,-4.9314202996919576e-05,-0.00467366678738057,-0.002939251527205311,-0.0012868509510588488,-0.005128815004247889,-0.0036090035790835584,-0.0018541295802247948
2014-03-10,-0.00035808333098230616,0.0015780186213083525,0.001315276436782531,0.000521007532575446,0.0036861797113598715,0.0025515377313620746,0.0015355476984089123,0.0014876714606075758,0.002026967311986372,0.001174425203467555
2014-03-11,-0.008170848323169166,-0.005812136267523416,-0.005870337427826944,-0.006840934599884441,-0.0016029222334105198,-0.00375439711323744,-0.005441738482963254,-0.00365256068500619,-0.004276146399732728,-0.005657814544477335
2014-03-12,-0.008371127506634046,-0.001959380523135712,-0.004728240113850757,-0.006220592047926243,0.002811739848770811,-0.0011854999090878948,-0.003981964323714893,0.001053455455370278,-0.0009024390122295278,-0.0037133019894838304
2014-03-13,-0.002560255381787724,0.002050883170704676,-0.000535897777446559,-0.0016670105374301247,-0.0056652128531543555,-0.0031208690587560817,-0.0025251461139390585,-0.004333702973617903,-0.002605922837550456,-0.0026628492309059837
2014-03-14,0.011659917459632574,0.015807083316988546,0.011703187034824536,0.011386989051362484,0.004844613561237887,0.008682106898235897,0.01002750464707347,0.00491483173246321,0.007907359326305707,0.0092860481505328
2014-03-17,-0.010335300583386609,-0.010985001995804433,-0.009597279572093331,-0.009913511783280038,-0.006666571794493814,-0.007932970172760623,-0.009048938956820574,-0.006588502621205583,-0.00782515992181565,-0.008679239182014076
2014-03-18,0.020039289709354646,0.020346229027562,0.017717903334405705,0.018601514356155313,0.011378314834038061,0.014167528600912416,0.01682681388844509,0.010644804156841436,0.014100109250571702,0.016244885685074983
2014-03-19,0.01073114557380661,0.00881217050067895,0.009472287838240723,0.009813530789834601,-0.0003157921253960083,0.004455815615154846,0.007320213034780698,-7.158484608993376e-05,0.0037201094925312095,0.006185265453469091
2014-03-20,-0.027768831619508827,-0.0195812634462198,-0.02130946324188554,-0.023569722173714558,-0.005701833246070875,-0.014108929655146207,-0.019337836676419196,-0.0049468838027695305,-0.012266120123828328,-0.017946329140756
2014-03-21,0.017637901967117786,0.008589604406047613,0.011705796656736656,0.014186885609673405,0.00539252152436176,0.008384656163385573,0.011438717265768839,0.004870749328767188,0.008264017827272818,0.01065317156179546
2014-03-24,-0.019471655061030435,-0.0179840139302182,-0.01768042803339731,-0.01772574357071055,0.00014202536152985168,-0.007414629822280361,-0.012618401593306183,-0.0010300889282383041,-0.006527215986520285,-0.011170718827796966
2014-03-25,0.01358263090466827,0.004307172979467477,0.008491882778392856,0.010108112564045646,-0.0020406087509490245,0.002543120392733522,0.006253551794310308,-0.0013588324506316196,0.0013722930027650904,0.005126431338983162
2014-03-26,-0.016958942517218856,-0.013421296914445824,-0.014705813298275472,-0.015578963218429887,-0.012949362652406537,-0.014285979520733183,-0.014991230203972972,-0.01286346229775237,-0.01361896348732261,-0.014645204243716403
2014-03-27,-0.0026755518958304636,-0.001281149420780281,-0.0015433960470762065,-0.0018512264983678861,0.0036295832241077797,0.0005004954280038998,-0.0008498058724795143,0.004809143127457505,0.0017334861997906348,5.0753532644387533e-05
2014-03-28,-0.0005028689539676723,0.00012692629774058162,-0.0011099835650573153,-0.0007399631836358944,-0.002152614472478498,-0.00022514888466340643,-0.00047170121643269614,-0.0022844555925463084,-0.0009964629292383842,-0.0006967485661106831
2014-03-31,0.005394398538345335,-0.005167290381634881,0.0015010155336450115,0.0029376704801513664,-0.002330016152439107,-3.913038307201688e-05,0.0016433507238866607,-0.0014801863374392932,-0.0007458779908582347,0.0010166750071038955
2014-04-01,-0.010100225281808428,-0.006557904930102665,-0.008574006530463696,-0.009042147239710863,-0.0020467558234044114,-0.004628593893297728,-0.007340253445233813,-0.003005043321319234,-0.005013182769048274,-0.00720089667014101
2014-04-02,0.009462532269716606,0.0037770715069020966,0.00656205441021096,0.00788577798647161,0.009917134202636735,0.007990430324082975,0.008095874900033717,0.009656736137101385,0.008645192947605462,0.00863727699018435
2014-04-03,0.006798771610162957,0.002987206423122224,0.004335118274856109,0.0050937501670802465,0.0010548207380665087,0.0025602024557869196,0.0038085990388194713,0.0004972598404338058,0.0020801947819291122,0.003241448598441554
2014-04-04,0.017309711539134742,0.010326761383335326,0.011816208552956953,0.013206103018576387,-0.0031843112414726704,0.004670441106110479,0.0089884732847052,-0.006146287955098195,0.0006854194281482595,0.006406977587250617
2014-04-07,0.005386250520335034,0.004325093062824248,0.0039028407146122213,0.004132801128249763,0.0005838814914005397,0.0019622428486141263,0.0028488412975034016,0.0014414158692750423,0.00039482607330576514,0.0018272591051871068
2014-04-08,0.008479823551317933,0.00395586425172656,0.005566037317980443,0.0064715830581636435,0.0012378286972665187,0.003046249772091114,0.0050349956692978814,0.00236217983449305,0.0016807407815713216,0.003993250962934791
2014-04-09,0.004752409469265473,0.005883606372578676,0.00452883199179599,0.004633797525032568,0.0005780808569895157,0.0029888023782627116,0.003717886701432027,0.0019690350035332926,0.0029302150562904306,0.004262650222677022
2014-04-10,0.008278097001481077,0.006289608131075708,0.007164668098472049,0.007605727146643204,0.005803612354936316,0.0071153737485070145,0.0073074304856159955,0.0060719335340215785,0.007035870545581302,0.007137949017102407
2014-04-11,0.0063292684183606784,0.002405119824099522,0.004556387467895329,0.0051071488031539936,0.002862000765067485,0.003344200803547581,0.004290837994596952,0.005242095993998053,0.0034938339683332487,0.0039329923073978534
2014-04-14,0.0034652057273127923,0.0006348228523458399,0.001557888611445346,0.002416867244678045,0.0006918913914555347,0.001287392081406935,0.002004032153975821,-0.0010556650913025045,0.001167164636074025,0.0024972885788576704
2014-04-15,0.010988277304670335,0.009420793650714021,0.00815318650497665,0.009077981952264391,0.006717653689232828,0.0074633511338393355,0.008078833767328097,0.006526435441602363,0.006863103934390713,0.0072971635509013755
2014-04-16,0.01918344472171496,0.011719633641936511,0.014557079019356323,0.015755982996335627,0.0003329059233310172,0.007021695837866382,0.011617580425775209,0.0024611477171432306,0.005232595904690163,0.009972468608546503
2014-04-17,-0.010143167813118414,-0.005602703757435101,-0.007406097845153337,-0.008565772095680768,-0.009957996270458458,-0.00816558633089104,-0.008514934509059935,-0.011471452463928777,-0.00841407530009819,-0.009630553844081957
2014-04-18,0.002098263363233377,0.0018345749331787342,0.0008348494760954672,0.0012670597765391811,-0.0017957916259934148,-0.0008277742470838012,0.0006539359524100341,-0.001738635045888115,-0.001048800292011265,0.00046431404114422037
2014-04-21,-0.00128218522305934,0.0003659597063914166,-0.001655015976853802,-0.0014251087439420829,0.000795293016714993,-0.0003479432569744034,-0.0006775290911826826,0.00030268461712901207,-0.00030674378260164836,-0.000975777192906313
2014-04-22,0.0009396977138336204,0.001953855621913636,0.001259123980616117,0.0006335478210219847,-0.0070249187491429055,-0.003829698223267508,-0.0019577537107189347,-0.008860781698309173,-0.0052155930840771525,-0.003638447134343803
2014-04-23,-0.002847173883803511,-0.00020249330032517943,-0.001774070691623053,-0.0019757963298654424,0.0036608735921568325,3.622994261642809e-05,-0.0009022003767825693,0.0027882941754446833,0.001012732364422897,-0.0005856390987117877
2014-04-24,0.00800701245233637,0.0067874684311932665,0.006911304015734032,0.007597468859913414,0.006347985416538249,0.007508781975884338,0.007938983008252132,0.006394379724312005,0.008881886199526345,0.008758223817544764
2014-04-25,0.0017965080427178037,0.004239693643966813,0.0031869393719929917,0.002791115401258537,-0.00025813579850453294,0.0015950538945166404,0.002243504678231867,-0.00013928582769118236,0.001692320951483861,0.002860858901050811
2014-04-28,-0.014652025470873742,-0.011457280986313267,-0.012525105293458516,-0.013383672760181042,-0.009358472740902846,-0.010871339643705014,-0.012498805061603835,-0.008711154597849768,-0.010997033591580885,-0.012362287118057647
2014-04-29,0.0021959177724237833,0.002846082993592569,0.0015355921208453083,0.0016304489803242728,-0.00019345083336963498,8.546700729983314e-05,0.0009221234764307251,-0.0002104856881980366,0.00026460837009567584,0.000941182183378686
2014-04-30,0.013350676617777113,0.009965935494211653,0.011955572161142403,0.01228047764027651,0.0010654811432975198,0.007913624764573912,0.010375019986304412,0.00014839026125845756,0.006759302851806925,0.009283506172183209
2014-05-01,0.0015663780837713581,-0.002940573942014968,-0.0006177128257273123,0.000542803522510793,0.005591902278041072,0.003461914833506219,0.001957919972265021,0.006599656769550322,0.00452521847379983,0.0023653895767974387
2014-05-02,0.014395129892044833,0.011642411559498633,0.013424653664395159,0.01393542576701301,0.012294350548053945,0.013306648539070931,0.014033992615868351,0.012467657891450878,0.014667802681938458,0.014293527336318501
2014-05-05,-0.0029515531713516507,-0.0009235161883374143,-0.0015387419982673123,-0.0019340191222639858,-0.00014429917610914167,6.938723563099103e-05,-0.0011303063362879673,0.00040814512406273096,0.0002411053284054887,-0.0013444838779048673
2014-05-06,-0.010294072903933471,-0.007477346192691248,-0.009178517202176995,-0.010241382176690683,-0.008115091993573187,-0.010441611739096968,-0.010550394982289601,-0.012215947863128407,-0.012676772915687806,-0.012082239045645982
2014-05-07,-0.011503131981480563,-0.011501450129154822,-0.010368680270427033,-0.010478309137543995,-0.007802495175875945,-0.008802788884181068,-0.01009009023949492,-0.00686669531246098,-0.008651937639852947,-0.009445339603196712
2014-05-08,-0.01972663151172893,-0.014901979943272914,-0.01703355652851757,-0.017885054384343624,-0.01665070072046393,-0.017059325040412632,-0.017638421403975313,-0.01756575904879154,-0.016834686803021803,-0.018103869624229052
2014-05-09,0.008071233343167394,0.0041216002262221,0.005446130163929475,0.0062414598025590795,0.0050638002605141175,0.004931325271673392,0.006059006193995131,0.0051640662613432475,0.005461485776415254,0.005658250447861057
2014-05-12,-0.006126472522388848,-0.005692037189955368,-0.005632111484128122,-0.005453681539548061,-0.0017811898184640906,-0.003189840344626327,-0.004212046319971741,-0.0012483872080987224,-0.002115255128166571,-0.0038718110072765155
2014-05-13,0.014830902671641999,0.0039530228644806265,0.010644126373092089,0.012098236271299356,0.005786553507731718,0.0093632667001744,0.011316709617741116,0.004713369677154633,0.00998536418829521,0.010841334978757278
2014-05-14,0.015095729987500972,0.01132476225982293,0.012865148658194325,0.01362657297151637,0.008045183074480766,0.011282180732162805,0.012883024202768878,0.008618103604415062,0.010546904875458063,0.012564194501079484
2014-05-15,-0.01009768267967992,-0.0053478583004779034,-0.007690573161640901,-0.00872613113264542,-0.003836834855115767,-0.007980816891010267,-0.00873398096672584,-0.004293790264432218,-0.007650613515945315,-0.008749251961862825
2014-05-16,-0.0020052041321640957,0.0006119769525252394,-0.0010065414785804805,-0.0016876337425191235,-0.0011769821937761549,-0.0025041139613809493,-0.002482732085218431,-0.002960843963747073,-0.003474423298765572,-0.002853336422874553
2014-05-19,-0.004215339968239862,-0.000583243755933327,-0.002270425275732846,-0.0025438280862994933,-0.000721859514238643,-2.8458783795093368e-06,-0.0011601279240753826,0.00018962583781112485,0.0012208990641462414,-0.0002854572224139096
2014-05-20,0.002409862725963441,0.0012006437080844812,0.003051169317338065,0.0028443815114433946,-0.0006439518278031908,0.002122125126597707,0.0026054976199363367,-0.00021410632225893345,0.002274959628653761,0.002913842017762125
2014-05-21,0.022838010977152656,0.016006170768503525,0.01842405356825294,0.019618671191796944,0.017302153216584903,0.016602027669178065,0.01823110184656418,0.014719352211564729,0.015804144742136206,0.016956036174599287
2014-05-22,0.02145285720336987,0.016727596429618963,0.01688139695956048,0.018366041727681637,0.018066901063934937,0.015127551669561035,0.017076168770334466,0.015675679975365897,0.016507892209377095,0.015850536136631455
2014-05-23,-0.005228951501126122,-0.0037434356493832865,-0.0037138631785404996,-0.00395854366728654,-0.001872036732368576,-0.0024519379032552635,-0.0031525668476409807,-0.0009167331433570514,-0.00159292983037429,-0.0021998522831803147
2014-05-26,0.018526114561910445,0.009091256990020558,0.013664110082779457,0.01557222907850031,0.011146486554035384,0.013000071401939817,0.014782432791272448,0.009774866544109084,0.01242758279923395,0.014268486159554783
2014-05-27,0.0034938420071066734,0.003073586130038164,0.0032110060812773344,0.0035663400754342156,0.00505326054309263,0.004631380595375045,0.004381798372200096,0.005732735771679209,0.005830455152080916,0.004947437934553545
2014-05-28,-0.016321410469730235,-0.008814775896859861,-0.011052256117775938,-0.012930163542367978,-0.007046434159648118,-0.00951374811779826,-0.011689121876176656,-0.00608175106834985,-0.00941738863122088,-0.010664188413503695
2014-05-29,-0.004374355037645827,-0.004209713383531266,-0.004480121397698378,-0.004561005913671701,-0.004652351002226496,-0.006684822324398931,-0.006077204990559415,-0.0060035265371805036,-0.007402866848750245,-0.007038777321853318
2014-05-30,-0.013164600210151978,-0.00835566818143374,-0.009466291575250807,-0.01090327414304193,-0.007446009753606431,-0.009559958453624562,-0.01085378087681943,-0.007258624406732195,-0.011002684153235798,-0.010578688789682822
2014-06-02,0.0011295744284220977,0.0017318245967996582,0.0009901018820783758,0.0010310668136579437,-0.0008135793447592299,0.0006428212047040471,0.00109666340526271,0.00040494153760350926,0.0009738947635429263,0.0014708876969828921
2014-06-03,0.0050949645901996465,0.0016207297495558493,0.004584092277915897,0.0048548107436394705,0.0019222789583732691,0.0042464541981794834,0.004544044300385908,0.0011697901138529865,0.003907171274970533,0.0044608711817062385
2014-06-04,0.0032598722218335485,0.005333155104944698,0.0021514440780123767,0.0023741802541281665,0.006339638100156364,0.0020115722187372675,0.0019456851908294936,0.004143323173386726,0.001653690322416912,0.0015766244664607854
2014-06-05,0.00150359842966874,-0.00047880053571303094,0.0005577937066962857,0.0010591350979824998,-0.00039480055990082086,0.0011102945427245992,0.00128537609087509,0.0009382158660979911,0.0012458405487727475,0.0018516516637281377
2014-06-06,0.0035559027478535565,0.003963730193879966,0.0031734146202104796,0.0032859704599939032,0.004351480072630309,0.0023710925266144933,0.002824527673312538,0.003455129630267395,0.002777854129256019,0.0026089190158340436
2014-06-09,0.0004786836834018704,-0.0014643040381859818,-0.00020708114677459033,4.477493880727934e-05,-0.00020741037185478817,-0.0004979260249916573,-0.00030909434078396636,-0.0006915726329488336,-0.0008677463576779454,-0.0006686990326937314
2014-06-10,-0.003617136578095703,-0.004938855706199452,-0.0027638917286862963,-0.00277415803386194,-0.005324446104864711,-0.0017513941643761965,-0.0018399293037564268,-0.000636984387314854,-0.0011730620194637664,-0.0007950774490226298
2014-06-11,0.011708092398847514,0.0043970729688944665,0.0073405052110822044,0.008924639815823365,0.0030358766476603627,0.0067304623486579285,0.008391917039697105,0.0014741839359428965,0.006987919101951956,0.007657945618450235
2014-06-12,-0.01799925992940188,-0.008852380762540135,-0.013322896551404728,-0.015054649981512513,-0.0071568375608322965,-0.012622307171291203,-0.014407216378917287,-0.007890042270831454,-0.012872779270380885,-0.013928627509261604
2014-06-13,-0.007759829726702527,-0.006245783370394831,-0.006290817338038379,-0.006665523886593583,-0.0049933699087552075,-0.005649290950176411,-0.00612446299146685,-0.005287442700799616,-0.005343998054680554,-0.006078376364568205
2014-06-16,-0.00480222498895555,1.3868383327286793e-05,-0.0021271264057864947,-0.0033041735502834513,-0.0008987144311856099,-0.0019837767355224134,-0.003086794136643256,-0.0005553858928772915,-0.0017071025468141654,-0.0030939485623189267
2014-06-17,-0.0014242187501586345,-0.00010523576173571136,-0.0004329631747850282,-0.0009184699757257553,-0.00020154837340713438,-0.0005967990989799166,-0.0009745533057828881,-0.0013126636861465757,-0.001769255265502756,-0.0011728539411421934
2014-06-18,-0.00037579418061917114,-0.002131288415448629,-0.0012985861858635372,-0.0007384638171228364,-0.002460401924376465,-0.0008841122029255022,-0.00038757244765696974,-0.0017193485858760793,-0.00040787798541475073,-0.00044343974048044466
2014-06-19,-0.0009392416719457009,-0.0029822973522316554,-0.0023471441279124816,-0.0018324643166280907,-0.003959129453878996,-0.0025720821947083916,-0.0021196762214941156,-0.0021331151363663814,-0.0026958497794241643,-0.0016698722617748407
2014-06-20,-0.023354705260836273,-0.010979756507980443,-0.017284345182535965,-0.019630333361501995,-0.010531229109340456,-0.01588976555284327,-0.01850069695490919,-0.009679811990632392,-0.015710027344346233,-0.017863099043115227
2014-06-23,-0.01827406069485016,-0.010974518229474928,-0.013361799943750197,-0.015141776235411908,-0.010840899396369341,-0.012049029588929394,-0.013761037202593585,-0.010034438551300262,-0.011368278659310338,-0.013518584482772988
2014-06-24,-0.009625960656170274,-0.006331718780871798,-0.008451439589730492,-0.009011679522082261,-0.006493944053920564,-0.007919421413913663,-0.00875546379326475,-0.006562214508640141,-0.008035747571021545,-0.008686970015452822
2014-06-25,-0.007290542489175933,-0.007522479101172319,-0.007489955986976993,-0.0071727192228709935,-0.007228841618757809,-0.006039855342626743,-0.006276402280577464,-0.0029043141298801256,-0.0041110911141204465,-0.005126466977801503
2014-06-26,-0.0012291978499270328,-0.0033765694836805915,-0.0003089410574647067,-0.0007177675588682098,-0.0037667516241340904,-0.0008718875598072717,-0.0007206543295007473,-0.0016280763292253475,-0.0013632189668743022,-0.0004962676825569501
2014-06-27,0.016987400307991285,0.012962367755778859,0.014814247987485096,0.015525626384005342,0.012307377253923502,0.013575659252885508,0.014434269183829507,0.010178935703448522,0.013387604045780765,0.013785108960135961
2014-06-30,-0.00017643428343239176,0.0008692671540715402,-0.0007569971540756226,-0.0005513692557188588,0.0012120498568601867,4.796014626418099e-05,-7.19780425388894e-05,0.0007073426182662157,-0.00023649263939529153,-0.0001879720344464264
2014-07-01,-0.015082146908000249,-0.011551571629625945,-0.012476483388255577,-0.01331790573301872,-0.008062421542220699,-0.0100237691007794,-0.011827569989299902,-0.004729710007989385,-0.008403611908928688,-0.010718113784393912
2014-07-02,0.012002116424988829,0.0050531046874062735,0.008739438677905165,0.00998449075431207,0.0058599353543473676,0.007617438694459411,0.009243689761660567,0.004972884089784024,0.0070946310625448206,0.008663315571584507
2014-07-03,-0.002085983481374898,-0.0037819783163767218,-0.0018290259148753263,-0.002243337142979085,-0.006112685601808665,-0.003998484747815945,-0.00311876045032633,-0.009332021972009219,-0.005342247948644241,-0.004333727072374005
2014-07-04,0.007231015076053948,0.0045709640830127185,0.004934886666769334,0.006107336256057749,0.004863729562688546,0.005467424573067481,0.006012465102156028,0.007097827334698437,0.006101646722284748,0.006544659748428661
2014-07-07,-0.014443149791955157,-0.006573134047850315,-0.011287871042271691,-0.012511590302637154,-0.005623893565450011,-0.010175866220926144,-0.012006062960786323,-0.0063669621712617586,-0.01022759346499258,-0.012084969616431351
2014-07-08,-0.0080923899403047,-0.007005773193358156,-0.006036052271166437,-0.006526957708546499,-0.006746300940480898,-0.005511075624311412,-0.005931605576243504,-0.00607781168217536,-0.00497281966606522,-0.005634201378195702
2014-07-09,0.002517736338847776,0.0004790218852475103,-0.00037382237711214295,0.0007777398713899597,-0.0011376130060209988,-0.000266146465669026,0.0005920457159049874,-0.0011926082818689565,4.77713326938467e-05,0.0007539175815263199
2014-07-10,0.006109379177946961,0.003959782126990774,0.00534595733291332,0.0055639278358259325,0.004533995924553391,0.0045755816959196505,0.00516847521096131,0.0021932144592000657,0.0037658683369974355,0.004675464650874872
2014-07-11,-0.008465121380165752,-0.005966388185353888,-0.007064228222317448,-0.007556968548583343,-0.0045757395815327895,-0.0056019912749920575,-0.006479830138387266,-0.0037316725782531313,-0.0059054843464662055,-0.006402763990422389
2014-07-14,0.002521108373872316,0.0033726362899972884,0.0019895553165496516,0.0021192538288632434,0.003643724149051897,0.0018310236709977445,0.0018643485747507071,0.0009302796671590841,0.0013643656806026083,0.0011987364899979092
2014-07-15,0.0015827488487443198,0.00228866667830685,0.0009816714063390908,0.001041170685933679,0.0017729821767658027,0.0006756007049486534,0.0008209498859617081,0.0001523073980811418,0.0010769860963937283,0.00032132886175184616
2014-07-16,-0.014295315706641554,-0.009990475895534146,-0.011337634654260076,-0.012255542878890857,-0.007030332537678596,-0.009404972364750352,-0.011113967211246134,-0.003845841070624023,-0.008277825365464286,-0.010159919814508922
2014-07-17,-0.005283633446540037,-0.005967153032615302,-0.005446685099312565,-0.005548317372816802,-0.00574749019477494,-0.005397658978733899,-0.005413892379211638,-0.006615424292816918,-0.006203934628996599,-0.00575771379162171
2014-07-18,0.0031595479046464536,0.004968697607585115,0.0032531068036687483,0.0029296109400580583,0.0036074180152585456,0.0016475119660324111,0.0019731055046869894,0.0015644180435918642,0.0014415832727661115,0.0010695308171710938
2014-07-21,-0.008221395273320331,-0.005792325525108888,-0.007372518339741507,-0.007729813979643785,-0.005890637443780822,-0.006613187738259252,-0.007164709601265251,-0.006206089606908161,-0.007250407509031276,-0.00736775444455573
2014-07-22,-0.026586966626243602,-0.01642214481604276,-0.02138151283493206,-0.02340749669902953,-0.014032791523624244,-0.019034379007073166,-0.02202404954997561,-0.013064506675278698,-0.020210174083686194,-0.021567869819338226
2014-07-23,-0.002783178891943794,-0.0027736756573975008,-0.0028858903868215213,-0.0024316067629975846,-0.003996372589433195,-0.0025314658723609718,-0.002494852469270059,-0.0028944041711534974,-0.0011242792381034317,-0.0017251828881861275
2014-07-24,-0.008923786680585577,-0.004423959228744501,-0.008191680622679387,-0.008390275353445942,-0.0043244674295989105,-0.007043979513514209,-0.008006471566211926,-0.0033958528958251133,-0.007107417728006826,-0.007289233736874401
2014-07-25,-0.0030638730420233795,-0.001108720898902904,-0.0021419134995759315,-0.0026719735802420708,-0.0032388511879962723,-0.001928159950764896,-0.0023727372896927834,-0.004450655946925952,-0.003051965868469564,-0.0029563506556202768
2014-07-28,0.0003875755737632325,-0.0016511637476966934,-0.00064182065594931,-9.0074691826314e-05,-0.0010588911140827495,-0.0003531017352553789,-0.00018538927036915176,0.0005781042162822381,0.0006946811728714142,0.00034982517221671117
2014-07-29,-0.003427261502135903,0.000535498663413847,-0.0018454094816646727,-0.002760468006256289,0.004126861376739122,-0.000992853614804834,-0.002667945192331933,0.00035234923710958377,-0.002382635178623582,-0.0031874446064189543
2014-07-30,-0.0010095967603815925,-0.0023567201584201447,0.0004170366199320874,0.00039529111513503246,-0.0025289056441619717,0.0008604109462939658,0.0006114624116400069,0.0043550904536908686,0.0032289780883858477,0.002140395124974548
2014-07-31,0.002272790268299074,0.004940150348311967,0.004133961430628608,0.003108414531806547,0.006164094159939015,0.004497237177816249,0.0033246360795953223,0.003784966045116356,0.004038729020438003,0.002983448375502906
2014-08-01,0.0048388961790784,0.007159606050295864,0.006908079666684719,0.005739821649670462,0.008052571854447743,0.005779540892320689,0.005466346500091923,0.008563902296562675,0.006443597850165794,0.005890542321227654
2014-08-04,-0.0010036052947982599,-0.0030578759438695258,-0.0013569774850861194,-0.0011146194562305922,-0.0031947343387367377,-0.001524582633538496,-0.001213293135145621,-0.0036797138537361107,-0.0011215422067407665,-0.0008259172201132703
2014-08-05,-0.010249030239197099,-0.00918784740550782,-0.008506854487555504,-0.009179059642585585,-0.008097691913684701,-0.00866989966548859,-0.009070270392862567,-0.006186649411525913,-0.009693060404663778,-0.008384269153258739
2014-08-06,-0.018126225588909195,-0.009477063855950485,-0.014371764075086002,-0.015974957324772276,-0.010305535822829004,-0.013983074221119551,-0.015372583621081404,-0.014728672563177114,-0.014914474099642305,-0.015934809460285804
2014-08-07,0.004550041769868507,0.0032457306712663225,0.0037190985043178415,0.003985751647418656,0.0018749128175021834,0.0038246831139614468,0.0038237485441103836,0.003242342579772295,0.003034385479037338,0.003752456310243124
2014-08-08,0.004791717534118556,0.0035647115395067708,0.003635466360248696,0.004293081270928534,0.004291986740767584,0.005032791596462749,0.005199055636257333,0.006105230192033462,0.006384937363643761,0.006060937163699265
2014-08-11,-0.0015722925302780189,-0.004056174835508575,-0.002750038132919519,-0.0022335959473159805,-0.003832816403114614,-0.0021098170691534746,-0.0016850691714578314,-0.002840260473879197,-0.0009896053587917786,-0.001044428107537243
2014-08-12,-0.017140974855059943,-0.01240937480566684,-0.015345586725934446,-0.016066543294646518,-0.012138842301414376,-0.014169231290656503,-0.015325543519389084,-0.014450034232158515,-0.014861346636803052,-0.015747256826398326
2014-08-13,-0.0059853019153580655,-0.003562006556537267,-0.005192778651920027,-0.005388978600083694,-0.0037265326484801076,-0.004237122688921957,-0.004960772433992511,-0.003969931357923562,-0.0048093645339877256,-0.005013373612876348
2014-08-14,0.016467144800881295,0.013113323364026597,0.013339881583288582,0.014419289042020722,0.012990663571082584,0.012843939927986714,0.013595509404832562,0.011707244003905437,0.011808623558393627,0.013329542727919197
2014-08-15,-0.007544617304490742,-0.005631803228532517,-0.0058847902163621235,-0.006434545693405402,-0.0037907103928149777,-0.005023461195800882,-0.00566764703815914,-0.003730204824810679,-0.004351455233922552,-0.005625984223756375
2014-08-18,-0.008708025978760747,-0.002666956611315552,-0.005560788678985684,-0.006583332277894982,0.0008675402809987798,-0.002837210570743154,-0.004762604030918882,0.0013156891847128094,-0.002665380848960841,-0.004690321966767219
2014-08-19,-0.003437436843119035,-0.00018915439320821292,-0.0038052563044062016,-0.0034950367756039213,0.0031243996867207358,-0.0016940792134226834,-0.0027139280594185022,0.0003924672343926794,-0.0023994994530868174,-0.002839948669943748
2014-08-20,0.027341901390545154,0.017734327511104375,0.020472538241169236,0.02302727657543957,0.01542534027950726,0.01881863011795648,0.021272080905631707,0.01417447799201299,0.02046704974926028,0.02086631212939949
2014-08-21,0.01077395626859956,0.004308496165277731,0.007448998666168993,0.00887453749132705,-0.0003752081787444794,0.00450452828411696,0.006797635760694254,0.001891593437139516,0.004830597660602232,0.0068761673358543884
2014-08-22,-0.02527174115235864,-0.013079507344980423,-0.019521224588584962,-0.02169331707193911,-0.009242271952344616,-0.016200024331068708,-0.019461112283986948,-0.009819755882750747,-0.016738867432687154,-0.01937485855596499
2014-08-25,-0.023777815863564755,-0.014799683721118395,-0.017922533818159225,-0.019971102895471438,-0.010473297134112936,-0.014906968528085485,-0.017489494616244716,-0.009097676444896119,-0.013579671119492098,-0.0167217679973084
2014-08-26,0.008414414049236596,0.0018006367681473456,0.005509355980239938,0.006848369667378451,0.0037429301268481208,0.005650582259651982,0.006377530793518993,0.0050379883877147424,0.0056705566194519275,0.006762927011727982
2014-08-27,-0.016532154762599394,-0.012129026999954995,-0.012955125365725073,-0.01426850565726867,-0.011374891110113694,-0.012884451315232415,-0.013339300222129147,-0.010802202998734467,-0.013203253206657939,-0.013242451263668409
2014-08-28,-0.0011020218344922617,-0.0012909650012693508,-0.0014052548411561672,-0.0015120923004778852,-0.0023016568590703557,-0.0018369206910381353,-0.0016502937623501523,-0.0007695049253446662,-0.0020221957422208447,-0.0015153605244562218
2014-08-29,-0.001632852734272272,0.004249942021941955,0.0010586255286042512,-0.0005901519890993967,0.006388409298585529,0.0019400845502473008,5.188562669400376e-05,0.003945282563187602,0.0015940948995760706,-0.00031002310447414416
2014-09-01,0.004272804415958786,-0.0012392859924704736,0.0013804748294934388,0.0030800083752200447,-0.0033574395307199856,5.7908550531005076e-05,0.0017238404812118802,-0.002283904459754127,0.0003793889855709942,0.0016993538241982797
2014-09-02,0.0004143395486464474,-6.289506296575098e-05,-0.0006644175504479932,-0.0006502905667266079,-0.0014649413409720813,-0.0017424189792909495,-0.0017693657377829686,-0.0018933928036442005,-0.0021418066806931924,-0.001834118145942476
2014-09-03,-0.004293307879024377,-0.0010205158907463652,-0.0019510217496385707,-0.0030708234599819972,-0.0015538108189725452,-0.002038626265192023,-0.002632967025872679,0.0005824206288378431,-0.0022764476299068637,-0.0025499060972178356
2014-09-04,-0.010833249209225793,-0.0024428126325770627,-0.005441141770008873,-0.007816491630917133,-0.0011561117474279126,-0.004135177348788988,-0.006332459103211674,-0.0008707939776340101,-0.004403550886124763,-0.006428486251383259
2014-09-05,-0.007591292776654601,-0.00321467363810668,-0.004752832237146287,-0.006201474948103414,-0.0012596858829214685,-0.003339600253351338,-0.004749689745717323,-0.0005538731472447544,-0.0031847061064055326,-0.004537392839120136
2014-09-08,-0.023489821024063495,-0.015512955675764828,-0.018313532499705354,-0.020259284797403576,-0.011074317323992222,-0.015487826225755286,-0.017683710266492847,-0.010288652656595065,-0.014453600513352427,-0.017418571911412273
2014-09-09,0.0012669651496686196,0.000649736692770464,0.002140983085676673,0.00169315595920283,0.0013657969029567951,0.002505934537300414,0.0023842971250558342,0.0020426469369283495,0.0029629116123079946,0.0026831961795508175
2014-09-10,-0.01771315823916142,-0.010345453593151532,-0.01338069807001796,-0.015166536955172782,-0.007344906198548995,-0.01005916791845396,-0.012724438101265334,-0.008017449991996162,-0.008801501076268203,-0.012571652093539498
2014-09-11,0.023446943592925207,0.005806118607103894,0.015446369354052747,0.019073210342033242,0.0010470887664664197,0.010401164750927006,0.01532207506622485,0.0021677176905339213,0.009877407209230693,0.014976460292977833
2014-09-12,-0.009919166674444924,-0.0070584816918997095,-0.009156774062629935,-0.009329579689879242,-0.004886365937329051,-0.008149766033696548,-0.00895937240158784,-0.006383585023595706,-0.007873340294785924,-0.00888769705061021
2014-09-15,0.021727038366221807,0.010820783911112297,0.013620752028864924,0.016849655600733815,0.007985047703948478,0.011239413941538379,0.01397716264954818,0.004237402942198987,0.011741339507161275,0.013117748596045198
2014-09-16,0.011877244225382944,0.004143859956438067,0.008118361960905096,0.009742222152442359,-0.00011409841729492776,0.003962887234842505,0.006812856626431829,-0.002024430928481591,0.003920840480064136,0.005690199143750796
2014-09-17,-0.016501218599120016,-0.006414150016671671,-0.01124559204954223,-0.013937089477743081,-0.006793100352271542,-0.009520419724959206,-0.01186030241075442,-0.006950635051091503,-0.010124379999845612,-0.011784664061569972
2014-09-18,-0.0024363359417862718,0.00012770710142095965,-0.0010148753656564757,-0.001461577303752959,0.0017065946011127764,-8.900757680063709e-05,-0.0009734038898305819,0.0024259491982869807,-0.0006143853639217767,-0.0010086312945501996
2014-09-19,-0.012323465795186062,-0.0065254970595258754,-0.00900708844796283,-0.010446123920044625,-0.008124747142530198,-0.008698387691318366,-0.009608443449851345,-0.009557522613114822,-0.009089861085438855,-0.009814589516531469
2014-09-22,-0.01098413012060373,-0.0059178295948766335,-0.008845434841170507,-0.009898785351745265,-0.0012697506133583225,-0.0055578861103435795,-0.008003639325679712,-0.00034120242371604714,-0.005502650881441418,-0.007351902697911306
2014-09-23,-0.007152558814257359,-0.008368287243968098,-0.006598785817133135,-0.006542625223478815,-0.006305709843541618,-0.005133529554348648,-0.005613823818372055,-0.005315959247470081,-0.004867375770250648,-0.005259413658651013
2014-09-24,-0.006772299202709053,-0.005412780771158365,-0.004757828885025961,-0.005362643095651487,-0.004991378079429953,-0.004619662222223986,-0.005050178865869781,-0.004785792181156601,-0.004649096097863015,-0.005041869538481736
2014-09-25,-0.018715090263994094,-0.01049742677976473,-0.013386592696197797,-0.015403291578080514,-0.007873997943302569,-0.011093452759956102,-0.013483881118794283,-0.0061837861029412355,-0.010947653480457342,-0.013251410008140452
2014-09-26,-0.0014042799646811766,0.0004097184917934982,-0.001185527257498542,-0.001363626564184539,0.0006312405325910042,0.0008904423886166857,-0.00010762596319024986,3.5253930796175226e-05,-0.0003304190813913088,0.0001092080549272012
2014-09-29,0.005533688775591461,0.003979881597089063,0.0043815111810479035,0.004812781009503553,0.008022765817190525,0.005213499785772235,0.005077497727418612,0.009405511983296089,0.005855453872476879,0.005705013721688967
2014-09-30,0.003254866896981845,0.004994836050745466,0.0050258420200259835,0.004347927834590148,0.004184363551252845,0.0033253288801884384,0.003442965528030806,0.002777409449927326,0.0024186153420753254,0.002619298851807672
2014-10-01,-0.008188918158398506,-0.011140464344708612,-0.008536104220412621,-0.007909935655759592,-0.01183289994832648,-0.009223750836209299,-0.008523450817416567,-0.011173291882853764,-0.009359575950548371,-0.00839639843755502
2014-10-02,-0.010967844563566365,-0.005543076049838169,-0.008503197490361103,-0.009620777422711502,-0.002353841693014891,-0.006850448356571004,-0.008598297982307157,-0.00220851085201923,-0.006762186087910127,-0.008468091107486586
2014-10-03,0.0040131955331224045,0.0022714016579223895,0.002350173622526208,0.0029635488302652835,0.0023494705624163004,0.002657669761141568,0.0029767202155226435,0.0028160422856873257,0.0025340823335522344,0.00328297890582796
2014-10-06,-0.0020334991055588336,-0.0034597552304944656,-0.00204450813120971,-0.0019280250586799497,-0.004743968318178249,-0.0036595180086165247,-0.0028586358838390558,-0.0045082887517799985,-0.0036897232627995935,-0.0032801950157792525
2014-10-07,0.009084906881615451,0.005642170127753143,0.005834405242030272,0.007007949484677534,0.005199260124590044,0.004472873279320888,0.00549480663184454,0.0024098788303978935,0.0041429464215083645,0.005346314728390755
2014-10-08,0.011459069123060939,0.005429864666466111,0.007694868970274271,0.009317505972989748,0.004561831186747467,0.006893751668214376,0.008300534571327178,0.005301374661639935,0.006939303943725106,0.008409689482985483
2014-10-09,0.003988252417328697,0.0008121461289272158,0.0030934738325643085,0.0036026633007864017,0.002720224553602435,0.002753910356795508,0.003290850791927369,0.003996737233500358,0.0035409240551678156,0.0035390441160509933
2014-10-10,0.018804079669834328,0.013262447286428447,0.01556767140768378,0.01691371251592111,0.011088895405039434,0.013476172664841357,0.015463580762763662,0.011937147978927865,0.01470136753700868,0.01565449534889174
2014-10-13,0.001467280032498186,0.0010061893269517341,0.002479208783932929,0.0026322306350998748,0.0033036199000247013,0.0028736578923593825,0.002883652917208268,0.002698824871903316,0.0027665629405850822,0.0028010663523165835
2014-10-14,0.005375377184636765,0.004269178552527286,0.00394187231441534,0.004240775099069172,0.0028572616270639006,0.00262774871731275,0.0033477722275301325,0.002894003779089216,0.002862780221204675,0.003255249506429747
2014-10-15,-0.010062242212587336,-0.006610752799124597,-0.008274816259619233,-0.009586405331916792,-0.005757062726045148,-0.00661069889779764,-0.008230283687347795,-0.004079872101532489,-0.0073626375061950355,-0.007943573707057006
2014-10-16,-0.003980898703907387,-0.002674170841360901,-0.0027662425371588473,-0.002923103408737582,-0.0034594600590167612,-0.0020856593037748006,-0.002338125462285512,-0.0021614987115832207,-0.0016236758772363302,-0.001981795212751436
2014-10-17,-0.012520382998515212,-0.009823660304222992,-0.010336584689317307,-0.010857409290735864,-0.010830467755832629,-0.010301112319560657,-0.010496600933152411,-0.013151916470734437,-0.010167472451712345,-0.010970510910941256
2014-10-20,0.012444294515230103,0.01003625586324719,0.010524271754762227,0.011518466576352138,0.007663432616677124,0.008523163943908285,0.010203980672244484,0.007967680692237966,0.008950263942512748,0.010014595064536058
2014-10-21,-0.007051578696740002,-0.0040608003295752315,-0.005909463134285642,-0.006643003532723291,-0.004702262160482085,-0.0049928469184848945,-0.00594717509462761,-0.003828198846798081,-0.00499960921923448,-0.005739859405470948
2014-10-22,0.0021080030222448976,-0.002396057212492586,-0.0002254150817652123,0.0009016945480073701,-0.0014473707834243843,-0.0016284763647504974,-0.00036180797867491066,-0.0058176919359603785,-0.0017957916831492504,-0.0013368207589876668
2014-10-23,-0.0011108299575164349,0.0017692192197686918,3.106343774206266e-05,-0.0004838900486728859,-0.000409892927893174,-0.0007559538198540494,-0.0008398395165345462,-0.00040000062241440926,-0.0011758090927560527,-0.000934679842029329
2014-10-24,-0.009380208205047369,-0.0006421517378172314,-0.006704829616656749,-0.008130300572018245,-0.0025588863902431536,-0.006482699666897074,-0.007543497462066506,-0.002420636054538461,-0.007032982312771718,-0.007565218683613817
2014-10-27,-0.015112868371427002,-0.007799694995999196,-0.0117322346018639,-0.013308688086802856,-0.008482725197785035,-0.010996435376213531,-0.012727672812257729,-0.007334509654118304,-0.011035682952658776,-0.012908718381814177
2014-10-28,0.00317883677725761,0.001112273034276523,0.0019026768627015134,0.002313205915196237,0.0010534653046481157,0.0023080692301842287,0.0023959266891402375,0.0023376223390616513,0.0018012903673525482,0.0027991332033727723
2014-10-29,0.01609828298087379,0.006778139908292458,0.010613620853249905,0.012804894347337115,0.006347005754719026,0.008177487554207108,0.011094214335898522,0.004342869082556655,0.00821381093552942,0.010366974875866575
2014-10-30,-0.005563939995619105,-0.009347553996485791,-0.006219735300167839,-0.005563637640090935,-0.007354388318370653,-0.004527190111173862,-0.004915837471499707,-0.008803483013927638,-0.005148812427341443,-0.0041078397424800794
2014-10-31,0.0012381728597150587,-0.00011972951220196038,-0.0004275714786888818,0.0002876719529825156,0.0012417090950926912,9.338277110471083e-05,0.00039335430298592655,0.0008493483202147711,-7.308077427103932e-05,-0.00013730033449566026
2014-11-03,0.013487071155661612,0.005319211436738858,0.008864529521125375,0.010855756759219792,0.004547327897708842,0.008013495582473995,0.009812329394392805,0.0026815595430216277,0.007307326818705828,0.00905716870825235
2014-11-04,0.005754149676081566,0.0014871780461729323,0.004429433161664331,0.0051666815382676035,0.0026009992739146615,0.004016521907468373,0.004765896636957034,0.002115224832265561,0.0035626732123688054,0.004696514011842456
2014-11-05,-0.013519378046662922,-0.01375471249329241,-0.01320568315301529,-0.013425457666816243,-0.007059743914265448,-0.009959531154754453,-0.011771806448346744,-0.007081670532480877,-0.009493240886994991,-0.011045489333652125
2014-11-06,0.006855476215290812,0.0012480274216495335,0.0049400366030381004,0.005784692248852474,0.0060826178900872385,0.004741857773529867,0.005403812794748664,0.005142180567754728,0.005414568626006977,0.004916914319453847
2014-11-07,0.005682049018159718,0.008145437107702325,0.00570105103324714,0.005225900067817646,0.008756378134146203,0.006250898763815016,0.005643830824799245,0.006862454362850379,0.005790163675861715,0.005817737000212375
2014-11-10,-0.0017528564126150226,0.004461541956453985,0.000507563569418723,-0.0004787159075159142,0.002323539776367234,-0.0009602597597084817,-0.001094762237846214,-0.0007310115718528465,-0.0019365986490340603,-0.00231729986533602
2014-11-11,-0.004405907331443748,-0.002711318401991347,-0.0027235389160864543,-0.0032662460514458758,-0.00028147130398115117,-0.0014126410886716734,-0.002519523225894882,-0.000494271190177864,-0.0017976679874942558,-0.00260718334454646
2014-11-12,0.006314046741076718,0.0009680036908892298,0.004044226077115631,0.004674408397904006,0.003607524548507657,0.004313148402850464,0.004721377912223712,0.0034969082338318636,0.005021362840476051,0.005265712519822774
2014-11-13,0.0014312900034578746,0.006602318934509466,0.002989492783065817,0.002237355101286198,0.0024933073665278638,0.001813193846482708,0.0017840197972092131,0.0028024547451097614,0.0023443040983406327,0.0026044623731655836
2014-11-14,-0.0175942686691708,-0.01135079869564859,-0.014239491595075204,-0.015244279136605643,-0.013485767095704926,-0.014330298522633789,-0.01503082783431231,-0.011394642138733424,-0.014031331214095388,-0.014633830817783133
2014-11-17,0.006495184342204308,0.003445877644500328,0.004010380067689834,0.005000592870741505,0.0020916456983255394,0.0032989743496478763,0.004451183815896487,0.0005347699481794699,0.003085205628561516,0.003797100716184554
2014-11-18,-0.017105904355695256,-0.012276153150732605,-0.014580273064774607,-0.015679593923368706,-0.009152066358582345,-0.013211237722639657,-0.014935547814610262,-0.008488113852654577,-0.012838822887060841,-0.014122077244662301
2014-11-19,0.014423059488827716,0.01655418974617473,0.014807665640834244,0.014452057526449291,0.014618823713941076,0.013916614830147056,0.013555852907038979,0.010204960123739504,0.012199438221852876,0.011747856595744732
2014-11-20,0.0033831137852398108,-0.004470691441944119,0.0008075012719748198,0.0020446026880276413,-0.003900751072495323,0.001036989966719526,0.0019519424205687308,0.0006944948270866114,0.0013603986093866371,0.0029263516875015494
2014-11-21,0.0060767530147212145,0.008436022434255896,0.0067942176651873964,0.006226740644189821,0.009062639947897466,0.0075674852778389035,0.006928465434659525,0.007076403426673261,0.008451195837739789,0.007059286648925633
2014-11-24,-0.004676239749807021,-0.004386220289689602,-0.004038821743735377,-0.004361850371375708,-0.005781772816159103,-0.0046195204894570185,-0.004689136111219794,-0.007086368726626047,-0.0058433889688283,-0.004168475740266908
2014-11-25,-0.006074740826647496,-0.0013041733619287843,-0.004878864767882352,-0.005766663884520629,-0.0036120346039303364,-0.005735261967623528,-0.005863286839529858,-0.006851427452505776,-0.004815456979853749,-0.006166329084011379
2014-11-26,0.004409460797399678,0.0018223875628964326,0.0040359160217928736,0.004423657446892548,0.0007339074117156397,0.0032679025711070953,0.003944072466204096,0.0013802136754026417,0.00290875404096802,0.003823768238848002
2014-11-27,0.0034455902769774394,0.006108336149254434,0.0040298713949211695,0.00365427263679563,0.005652651399473907,0.0032918721096431014,0.0032966538942840184,0.002880310526416796,0.003478330343987146,0.002568372027076826
2014-11-28,0.005243994900634208,0.0038426869006582542,0.003920087026495489,0.004456782792796599,0.0042916358094282625,0.00416668454359459,0.004671354503562819,0.0057121066349448135,0.005710011431924844,0.0057845077182059335
2014-12-01,-0.001831523892423803,-0.003617396327190492,-0.0011665478954230313,-0.0012572099425781635,-0.005748639967819491,-0.0023680910050380977,-0.0017016943297574194,-0.007977798849885698,-0.0027408137649054254,-0.002013199501955887
2014-12-02,-0.004394426196482004,0.0011275730608781842,-0.0022006453683890426,-0.003165469052613279,-0.0012305334902039666,-0.0026778693160749434,-0.0033622117780037764,-0.0034359268196754167,-0.0027499657027999502,-0.003841462232620385
2014-12-03,-0.006468088095788471,-0.008528527878473025,-0.006746108633391423,-0.006296162975529818,-0.004208348676125961,-0.005018028997901491,-0.005418857518085907,-0.0023025101153362204,-0.004518286857646769,-0.004937342472721928
2014-12-04,0.012763434098346016,0.008124876389575153,0.010609820426565886,0.011525864391964458,0.006962860068947974,0.010345387303969167,0.011138488551018177,0.0071401982588825685,0.008841144290119951,0.010859064995598189
2014-12-05,-0.011704838213640323,-0.003962586188407724,-0.008411570615599606,-0.009926404829853408,-0.0032622479539513582,-0.008108707179617869,-0.009863495184069926,-0.0035711686744182014,-0.008291215251434614,-0.009637919118511418
2014-12-08,-0.0002344926716388862,0.006957879148807633,0.0028819778169095756,0.001403265752573546,0.004186751132871702,0.002429930686069337,0.0014583449161642559,0.0029940775157824007,0.002836241955737062,0.001946633521515917
2014-12-09,-0.004360410427637573,-0.0030538080077966434,-0.004325847399160754,-0.004290751878294419,-0.002644197754756439,-0.00327874408075135,-0.0036978017083949544,-0.000343015435955385,-0.0020152704508459296,-0.003244874063783154
2014-12-10,0.004567166291219893,0.00042443355442056685,0.002919373008309467,0.003854366744863391,0.0010422438824475577,0.0031321442266776245,0.003743849176663039,0.0005719863450637241,0.0029184848299683708,0.003095841229270757
2014-12-11,-0.0002598700308409363,0.0026155018663502894,-0.00012039915979555893,-0.0004087392931351186,0.0039211364636573265,0.000601151257812349,0.0001719879314654449,0.004234909136218379,0.002234881321323101,0.00047625507689641466
2014-12-12,-0.0037126301262765393,-0.0012586934947087514,-0.00253217108607684,-0.003145482090608054,-0.00011154951129932478,-0.0017479750032352026,-0.0026994567576472672,0.0008276499013528671,-0.0013987992340314115,-0.0024900579818213364
2014-12-15,0.0014789764018838802,0.0007403739206046644,0.0017862979114482425,0.0019539321913886187,-0.0016413034544018323,0.00034598328761203945,0.0010833139477350873,-0.00012061665540885613,0.00034263107016574423,0.00023156368502141866
2014-12-16,0.006815499474736031,0.006280792126394319,0.007121987478913017,0.007157851454396624,0.0007465342594328295,0.0048117788867350075,0.005783883265769063,0.0025673358440998495,0.002855631895170019,0.005201081367095295
2014-12-17,0.005410190593145847,0.005830274812298697,0.005240826504925966,0.005100453331129184,0.004523787935008627,0.004087488691182584,0.0046729233106188595,0.003205630005797877,0.004097482485033277,0.004405144691830953
2014-12-18,0.010897216275744581,0.004574944145629312,0.007694040905337651,0.008965706857698708,0.0029985400709047205,0.006456910926266657,0.008021118414530681,0.0030572692779362587,0.005439218479549757,0.007846779670543258
2014-12-19,-0.005899849745605756,0.0009851372701712435,-0.0023244348303239626,-0.0036458792401061757,-0.002733500054801885,-0.004300419319134718,-0.004488702903494568,-0.0032256450372529777,-0.005056969179638937,-0.004687686415147385
2014-12-22,0.0018389172227644135,-0.00029087654390436146,0.00042147073602794016,0.0008171872574740391,-0.0023573799322091915,0.0008393195708678025,0.001195441567279909,0.0004204705136239273,0.0005192496713861683,0.0016255915144709476
2014-12-23,0.004383224286117704,0.005120395243589204,0.00411862553386233,0.004302465438480674,0.0005508062588754914,0.002035895490042794,0.003415038906751544,0.0030790069466568593,0.0024521651057487492,0.0037706565251596214
2014-12-24,0.0009823307319625219,-0.0016183647103045207,0.0006567706837579124,0.0007824128566968902,-0.0007876754152815746,0.0003616986200967176,0.0005069622406150831,-0.0011969660428888806,0.00031550004013958244,0.0007757350090011883
2014-12-25,-0.003843274130841956,-0.004766394575923538,-0.004764033202010576,-0.004433905311851172,-0.005585930184456522,-0.005301883256442874,-0.005033973067714803,-0.0054763234687379425,-0.006268090785533698,-0.004908899758448881
2014-12-26,0.01083426270991672,0.00469027117973031,0.008340737086781624,0.009654516277610492,0.005231712274901934,0.008440690825206598,0.009406707860283525,0.008117917308213096,0.008059462333357192,0.009618181514564172
2014-12-29,-0.0117150832772831,-0.00685821607671977,-0.00990437384163867,-0.010671632199547476,-0.0021666278590312116,-0.00802935914538283,-0.009926273721342804,-0.003476264862460221,-0.007863112344998813,-0.00942188930470067
2014-12-30,-0.003847145687785547,-0.0011343223765444277,-0.0028356495601118414,-0.003098074654443894,0.0008537637908618834,-0.0018710158496437757,-0.002502571418499633,0.0023545990691880014,-0.0005323970788717602,-0.00216620111751864
2014-12-31,-0.009778618375824943,-0.001457044298818433,-0.006296462155263027,-0.008067030397353903,0.0006758128297601473,-0.004479622553085316,-0.0069709213946739235,-0.0002058454174480584,-0.0038318841873884457,-0.00570348579242741
2015-01-01,-0.006748561682014431,-0.009252594309295814,-0.0074024700870245486,-0.007071562632144812,-0.004401768475910339,-0.005632942109162875,-0.006399130357010008,-0.005214154917878355,-0.005239160536534837,-0.005837209094718743
2015-01-02,-0.009252386573448068,-0.009291703742103863,-0.009359561114022807,-0.009357856962605826,-0.007039889036919544,-0.008223991723998125,-0.008609895681294444,-0.006996224655986927,-0.006569045695759113,-0.008016009336376584
2015-01-05,-0.0064678980058845426,-0.0047249275666295665,-0.0055704272166517965,-0.005830056258540717,-0.00628030640316557,-0.006033346566414077,-0.0059276333846614015,-0.005232812076070181,-0.006399104192519767,-0.006485483185880714
2015-01-06,-0.005928065911473546,-0.006327540527672371,-0.00598636812315978,-0.006034999346768988,-0.002464217420455994,-0.005186457609880013,-0.005487587573830499,-0.0005618514015244269,-0.003833829976707004,-0.004849370792322727
2015-01-07,-0.007925849531923435,-0.002325394769798983,-0.006290806884964972,-0.007091537462471376,-0.002464134980050936,-0.0047479891353128245,-0.005974053138586566,-0.0018800585909997114,-0.0037206398604306967,-0.0047638925476835015
2015-01-08,-0.015288643921884004,-0.009859629718982243,-0.012762476082622376,-0.013604478456638147,-0.00978015746339611,-0.011859241429971856,-0.013253509304926858,-0.009644421148231497,-0.012103126758745586,-0.012377337245596642
2015-01-09,-0.015392631153066771,-0.008511869286094598,-0.014091430657395043,-0.01491161558853582,-0.006944756509733807,-0.011854525705417673,-0.013167025627896844,-0.006850755534242636,-0.00892458202007651,-0.011706871805429397
2015-01-12,-0.004228825982701023,-0.003389653534994208,-0.004308383323289644,-0.004478920960079291,0.001541518445740131,-0.002900393095881193,-0.003956894508041597,0.0004723102760864073,-0.0014941818670458629,-0.003544202270039376
2015-01-13,-0.012867233805590184,-0.011980429733184028,-0.013002045356012015,-0.01306477933532979,-0.009043367618268627,-0.010261592676304665,-0.01143572488605904,-0.009924604045098095,-0.009005047894004026,-0.010852200652834543
2015-01-14,-0.00794499089601386,-0.007046406731741728,-0.00755534308990069,-0.0077313475817122335,-0.0040997556066439955,-0.005859389149510008,-0.006803666977270972,-0.0030061754592158874,-0.005573564641024542,-0.006146173164206514
2015-01-15,-0.0011520839398445615,0.00750664343331664,0.0023388734248765974,0.0007647983980580975,0.004360326947781656,-0.00010239044119686458,-0.000527702890473325,0.0036643354644385617,-0.0002402833414285599,-0.0011631245858132466
2015-01-16,0.0010481050088702037,0.0004353910173744424,0.000989523925345015,0.0010722454261369307,-0.004786252792905565,9.950922147328178e-05,0.0008016344427204114,-0.004477393606669988,-0.0017252036000857673,-6.982864056581661e-05
2015-01-19,-0.008930935341794122,-0.00179621971168209,-0.005806403290608775,-0.007089534639554085,-0.0010187789399263014,-0.004079742560704425,-0.006164248456367538,-0.0007496008284383349,-0.004955887945429005,-0.005300633326692061
2015-01-20,0.004283390832509948,0.007652200989821667,0.005369850180278579,0.004859777921006447,0.002240175039214476,0.003033826046478838,0.003688848329091554,0.0024437099081524583,0.001999868377088987,0.003201532691710085
2015-01-21,0.014272296826497888,0.00999151101424367,0.0116964934485011,0.012749779108361281,0.005711914033456278,0.010080045148302963,0.012090096291273333,0.004748623557735865,0.010052560312477699,0.01133204470503002
2015-01-22,-0.009695930174547396,-0.006814656502732497,-0.009260888137966883,-0.009301435700317495,-0.0013900598749857496,-0.004308729055565119,-0.006708155980534092,0.0004579884740649742,-0.003117031851228469,-0.004337311176840664
2015-01-23,-0.0023533118770933115,-0.003178875106123802,-0.002049618503657369,-0.0020391919315837503,-0.008335326447558633,-0.004239944376563054,-0.0030337980491459415,-0.006421018907290632,-0.0051173937650081935,-0.0036236424699196412
2015-01-26,-0.0017204839293529783,0.0026100820340253517,-0.000652240623928213,-0.0012955502368929839,0.006620654283345129,0.001055889437097779,-0.00033609912437126965,0.004768842800233264,0.002316977291329181,0.0007069194552153935
2015-01-27,0.01035340622307368,0.0001595528304445537,0.007188086223617551,0.008759921823244587,-0.0016860786276624573,0.004532672391886372,0.007011258017438626,-0.0002788819893393413,0.0038640270446510527,0.004754764141055023
2015-01-28,0.00023942002007815155,0.004506467668089931,0.0010083534261915439,0.0007129169381443479,0.002458629493111708,0.002536597871076962,0.0016038728701366356,0.004227492060185689,0.0028664911147970873,0.002623327746735571
2015-01-29,0.006495174983746965,0.004771193213198188,0.006521111371796895,0.006735657381426563,0.004546701303592249,0.005177208553706958,0.00567056243609354,0.005515165478831907,0.0038466340784104602,0.005080917861388423
2015-01-30,-0.008241286818854832,-0.010162319098393269,-0.009492164801560232,-0.008824522129235679,-0.009500977537865496,-0.007332754088397175,-0.007641711887623637,-0.0060694209810127075,-0.006789184592824737,-0.006361576460415019
2015-02-02,-0.0025915207089275416,0.00550932305468077,-2.096008698893037e-05,-0.0012847142602054884,0.005352474218133008,0.0007744450366000688,-0.0007445909318185562,0.002903769912868226,0.0012993301073143115,-4.579513032809679e-05
2015-02-03,-0.00959373045730838,-0.001373235038113485,-0.007672726675653996,-0.00881951973324191,-0.00040953540137755873,-0.006895114697003324,-0.008255889064130106,-0.0060985421611408075,-0.006765476455379726,-0.00849601093501462
2015-02-04,0.017843171665479884,0.009594304502907658,0.014359857959846956,0.015922163424671565,0.010196757936803413,0.015119336956068485,0.016355637750121055,0.01225031062439319,0.014929311261236977,0.01666055915826714
2015-02-05,-0.022567777183000626,-0.008063211801435544,-0.018093571245130557,-0.02037764153961641,-0.006891680769161579,-0.01431233287406275,-0.017896101337740555,-0.007881236211995879,-0.013721654395356664,-0.015716655496067045
2015-02-06,-0.0006873528760211745,0.0011104020025651806,-0.0001001328027782078,-0.0007162283941535286,0.0014611301338767202,-8.714274287036083e-05,-0.0005156648642560269,-0.0012926434853699487,0.0006980167263737069,-0.0008737365610265169
2015-02-09,-0.021615855376039605,-0.01749425698343121,-0.01984150993970535,-0.02062206749084461,-0.01520434211563182,-0.017339711825982373,-0.019169041554896626,-0.013102510111870913,-0.01704456692065648,-0.018025253627285798
2015-02-10,0.012840722446398889,0.008456950035308664,0.010986404766182734,0.0120817875298318,0.009175295995772714,0.010691440399936303,0.01122703517454382,0.012150165635997245,0.009688294332211411,0.011785088372781027
2015-02-11,0.002244594328770999,0.004272310256523415,0.0036769079786840297,0.0030946275384617916,0.005200208793065375,0.004262463489705048,0.0031325763096767822,0.005798541901202547,0.004064752829192164,0.0037759608649508003
2015-02-12,0.005624883389858448,0.00620413510089457,0.0062018393281526585,0.0056937014457674184,0.0026977954417781724,0.004808321496659884,0.005130586235070567,0.0023321031063707753,0.003657941284213706,0.004799908141490228
2015-02-13,0.01597263442646768,0.009456170967391486,0.01375594212275999,0.014932329660391819,0.007932041642285004,0.0125677570393532,0.013739849530399528,0.009475917611520002,0.011251791599589778,0.013640720604349399
2015-02-16,-0.020352671565560976,-0.013341197306345864,-0.016554895155938665,-0.01781853888535967,-0.009105511837405378,-0.014287977702668098,-0.016709485375341115,-0.007470489228175392,-0.013214766989435023,-0.015550260373432545
2015-02-17,-0.02011943613537992,-0.016086208569539795,-0.01833284839969651,-0.01897612349722122,-0.012479879192384802,-0.015763572514334245,-0.017447996849397462,-0.013290146705034034,-0.014810280433753542,-0.016904311184053666
2015-02-18,0.004829659086402094,0.004340854517166148,0.006133302382056671,0.005943040646279485,-0.0018929762165525998,0.0013149109916767987,0.0031855400009817014,-0.0033818370662735964,0.0004091611527650141,0.0019348780447616676
2015-02-19,0.0040474421226031065,0.0035126873900577227,0.0037138866226551492,0.003973104809090966,0.0014541963171259553,0.0035120117488556257,0.0037894518892742646,0.0003690219322449728,0.002738374963836776,0.00388608314656147
2015-02-20,-0.01412106948124947,-0.005193682212940809,-0.010690225070196901,-0.01254909954351624,-0.004619184243731533,-0.008687492139201614,-0.011044591044194085,-0.003356739524262742,-0.008330405934091067,-0.010083262057225872
2015-02-23,0.008755011588821526,0.002018762462190793,0.005107809810052988,0.006377838085470433,0.002441012646615226,0.00412853559825499,0.005651398931898477,0.003313690430710725,0.004831021357869059,0.005399711098238225
2015-02-24,0.003016255424346026,0.00147742503702597,0.0026315741131712755,0.002808283988251281,-0.0041416206754559814,0.0007983201833992037,0.0019470316504539564,-0.0019456606862324755,0.001168424537867807,0.0018710783860718117
2015-02-25,0.0003724924589347811,-0.00024279403949134526,9.072185915082187e-05,6.630998480305905e-06,-0.001552296964712041,-0.0013536527547775012,-0.000590867663118555,-0.0022932297546711666,-0.0017823122832820726,-0.0012946036714645004
2015-02-26,0.001243872086387432,-0.003564367078038422,-0.00015419522132420482,0.000804167978492476,-0.000831557853740561,0.00011870021740412184,0.0007551511543157918,-0.0013714574108997235,-0.00030484967852695277,0.0002950253576654571
2015-02-27,-0.00666999569932103,-0.004779893308928473,-0.004703985447178427,-0.005610180360136274,-0.007216139572027047,-0.006570177900602769,-0.0064150752553812085,-0.007082954935264452,-0.007020130803920832,-0.006907962527514133
2015-03-02,-0.001503812952293293,-0.003072042056236568,-0.00024263019669401586,-0.00039621233320663585,-0.003992508891083046,-0.0013610681068702002,-0.0008785861923421567,-0.002596834954809779,-0.0010517459933069295,-0.0010631316453529882
2015-03-03,0.005882274974125856,0.001233546264941765,0.0037750598148182934,0.004299413757437254,-0.0037540725867084568,0.0009297573296216388,0.0029125090488566485,-0.0027274742305984923,0.00041690008655947963,0.0029386629857950375
2015-03-04,-0.00362285643748006,-0.006811269920919405,-0.004367969277897732,-0.0036171174027095354,-0.002662131861979722,-0.003660640245994773,-0.0036648614621930253,-0.0030830311543241784,-0.0038912378717443907,-0.003568382848525564
2015-03-05,0.00169532032791464,0.004115994642473808,0.0016775949853156114,0.0017912566951125974,0.006270900421128323,0.00429465229233239,0.003238409401835174,0.004420289361039886,0.004580401659032285,0.0035147839835574235
2015-03-06,-0.0011054424905064808,-0.00099699526929109,-0.0008550385359995527,-0.000682176057029249,-0.0063457847022110325,-0.0033373128287637055,-0.002199360401883066,-0.004522769671002624,-0.0038008384836226705,-0.0026448043833474655
2015-03-09,0.0035940776237792793,0.003927983160093573,0.0034794955997659027,0.003694414592551043,0.005932734303023768,0.003494675836345662,0.003388989366504447,0.005649503704111769,0.003862621809519018,0.003450547795757375
2015-03-10,-0.009988307769864258,-0.00788945623479631,-0.009267391170622807,-0.009833104113112778,-0.002372251698863348,-0.0061059338140279085,-0.00816941372508373,-0.002096233524716773,-0.007164290348640523,-0.007233961651530008
2015-03-11,0.01349320435117618,0.00825619391439636,0.011679621903626591,0.012777488418965977,0.00683506225542474,0.009725230639661131,0.011559818419042855,0.007572546130512059,0.01118434945450053,0.01090804518941968
2015-03-12,0.0042819480442306546,0.007952445010500853,0.0043060242223096346,0.0038271049669904578,0.007945403941448825,0.005211587159285047,0.004264438606098153,0.008817359680141301,0.005643326985157904,0.0050480041466234304
2015-03-13,-0.000940573897495578,0.0026461629625580407,0.0001345831990597901,-0.0003278169163835054,0.0010228723589211786,0.0003361166020507955,5.180826136386152e-05,0.0004679804311586988,0.0007269026789014088,8.29241986988194e-05
2015-03-16,0.010267674012815364,0.009354916563752091,0.010090534623212744,0.010112213018072413,0.007879730108377947,0.00881592800396791,0.009638162629531877,0.007433332074427312,0.008900318241957805,0.009113661495166792
2015-03-17,0.001973743728394206,3.280968557617392e-05,0.001188811294172698,0.0017284978116742789,0.002131369651549697,0.0026310161608154026,0.0021619078702568295,0.001348019449015636,0.0019767701931989734,0.002327158515616601
2015-03-18,0.016809270313799862,0.005145844591463833,0.011971629146573681,0.014247174308050115,0.007747837202928043,0.011286386425223727,0.013808684245843805,0.007502643749985438,0.01016019559837722,0.012661005279074766
2015-03-19,0.00039341057569219906,0.00672157640131843,0.0030379655628680613,0.0020652158869329806,0.005625638953989931,0.0035547185961581906,0.002547510028264588,0.004794118879289266,0.0037227124577750015,0.001823099934078698
2015-03-20,2.329702717540627e-05,-0.00422760174637804,-0.0008656128420529985,-0.00023172350386202467,-0.0006465803795957514,-0.0007033949435382159,-0.000420100476833718,-0.0010639881889735747,-0.0004095119061564567,-0.0008461301526475618
2015-03-23,0.007830782935158931,0.00392649646726051,0.005181427996698185,0.006272879487596361,0.007383166533085461,0.006226173161926862,0.006750751853038972,0.006415299462634527,0.006903052415599964,0.006666079286918425
2015-03-24,0.009513720412245297,0.005073758206416645,0.008201427235018599,0.008629783182183104,0.0033016735097401995,0.00629238399355736,0.007517152002658012,0.0044481436084469195,0.005687665900416583,0.007627639435203504
2015-03-25,0.00033274919446113493,0.003773899756247756,0.0008999812584888911,0.0005814939145352138,0.0007762513430800144,-0.00012301974631534485,0.00017609604996549066,0.0018610003444010648,0.0006209678653039674,-7.459578590163218e-05
2015-03-26,0.008708306204059602,0.006028298597712256,0.00836618833623537,0.008598693072756847,-0.000330263855813695,0.0043789613489595425,0.006557769821026849,-0.00026631328384496555,0.004082646295453518,0.005813036846723518
2015-03-27,0.0071807186833272585,0.0005657952059170412,0.004844806159827186,0.005975503445784458,-0.0017247513645153312,0.003261959722607344,0.005289603758971584,-0.001372746597265495,0.0027046002172539385,0.0046942361933604015
2015-03-30,0.012438896681883582,0.008933445430893805,0.010499829956311268,0.011455433516463387,0.009254381587625815,0.010577265066601838,0.011154116073466946,0.009902287140354016,0.010562466330211517,0.01137108140529719
2015-03-31,-0.004351027587303102,-0.004696029269717128,-0.004228932404857888,-0.004070210695803489,-0.005249734912853521,-0.004403691133586518,-0.004574214438523017,-0.004293104897791444,-0.0045780076448808105,-0.004484995841320116
2015-04-01,-0.007447913917923543,-0.005024983599000055,-0.005923152840465629,-0.006592495763717343,-0.005290738870302292,-0.006853568596785542,-0.00715529942370996,-0.0052248601750406465,-0.006640614405194034,-0.006954869593152169
2015-04-02,-0.00032378855834525044,0.003494049136145927,0.001542019278365503,0.0004938085376169354,-0.0003895410405770905,3.504125684861137e-05,-7.080283802929355e-05,0.00037760358547744843,-0.00023421818808577743,1.1116627870455531e-05
2015-04-03,-0.006869655586220658,-0.005848598015387729,-0.005480021827097614,-0.005921253481265043,-0.007289233302932074,-0.006817845440849735,-0.0068307692299725,-0.004580711096198398,-0.006685198181850205,-0.006670086047601664
2015-04-06,0.004922960116429342,0.004248969423831683,0.005368473315064959,0.005020221667990654,0.0033980309304173506,0.00457544691336631,0.004695216785386869,0.0025358085814326525,0.003888734874387012,0.004627443414940924
2015-04-07,0.006319146569035983,0.003152235658733016,0.0048673623043158365,0.005210490223882758,-0.0008560617653541325,0.002908015735296532,0.004720788200472059,-3.0486420319997265e-05,0.003106196264338834,0.003910472614071292
2015-04-08,-0.00221955654260364,-0.0019015875321504172,-0.0019540411400501556,-0.002310033968633274,-0.0011250864284010342,-0.001185323348395051,-0.0017796242008472074,-0.002214788308401383,-0.001068133780012137,-0.0011393536884095612
2015-04-09,0.007582540356300127,0.004845087449162344,0.006266380943510175,0.006889266727468479,0.0043246648130985665,0.006236178050187391,0.006626982606347642,0.004818953217496258,0.005837625996578,0.006735981191088314
2015-04-10,-0.0002006023551117675,0.004802080366617112,0.0016882907050737028,0.000954713315032496,0.008389348334902458,0.002818548091322093,0.0015172621142602871,0.008461498990901317,0.0032269913545961426,0.0016316424656421802
2015-04-13,-0.007462644860363632,-0.007001802951866365,-0.006334696774940696,-0.006579959755710907,-0.006578101656373958,-0.007066949986358928,-0.006976923252230427,-0.005933015285649379,-0.007122094457903794,-0.007196752496507086
2015-04-14,-0.004660949251398816,-0.0013089715833360938,-0.0036013014509420627,-0.004496272183985295,-0.0007864044200741604,-0.0036101703319061373,-0.004176128599076456,-0.0013198921718735601,-0.0026884619556527545,-0.003924739157684987
2015-04-15,0.0007637217551483833,-0.0007154329080703015,0.000900457795784515,0.0008056247533163585,0.000817424409077061,0.001180547588016445,0.0008238812457344036,0.0013625735190854193,0.0007083186040297562,0.0007571983580294539
2015-04-16,-0.012317226086526079,-0.007775086230997763,-0.011198871732338134,-0.011483078045505857,-0.004765418899621676,-0.009801390274627897,-0.010975627656140685,-0.005167036750892584,-0.009305074753286013,-0.010618005219339421
2015-04-17,0.004057171084861588,0.005320272370048951,0.004573326237828912,0.004443792494891685,0.004617867991743463,0.004121187767447854,0.00403866803795605,0.00507083424120891,0.0041660401561582905,0.0039580545323025795
2015-04-20,0.0026687000362664026,0.002271096494276481,0.002734127570695799,0.00273738765104814,-0.0009615538704170756,0.001841606799112494,0.002298508840764102,-0.0004183501930477007,0.0017238644602377562,0.002298117769071517
2015-04-21,0.014198303337498386,0.006274272897021094,0.010409396190778075,0.012137369953040045,0.009884330961703158,0.011272883589050986,0.012636163752981933,0.009119926008578583,0.011204324555152523,0.012036478295123665
2015-04-22,0.010172424642634459,-0.0007859182276339638,0.006292460744681705,0.007892525285326801,-0.004163820250726369,0.004632677529701201,0.007220307249789837,-0.001970595218247606,0.002644015019694246,0.006526564904833609
2015-04-23,0.006372447730218722,0.0003536338209295664,0.0037566012212231215,0.004708406411085608,-7.89975034336532e-05,0.00397205019434943,0.004994143577331078,-0.0011752702279892446,0.0035760711346084495,0.004552169440971809
2015-04-24,0.017662867433252405,0.008399530371856034,0.013755753312710839,0.015582722177922781,0.01217269949576627,0.014904404399939342,0.01592105531466781,0.011326765995629984,0.013237273931312687,0.01493518627132362
2015-04-27,-0.0007982739880167955,-0.001893395032548817,-0.0007156235327527849,-0.0006213574525308907,-0.002303038347304609,-0.001806430926856839,-0.0012908991803965986,-0.002702363721760692,-0.0018449450003614754,-0.0019132341248468965
2015-04-28,-0.0103997307964252,-0.0019081519835295602,-0.007745668756097834,-0.008917824618062564,-0.0012176265662612318,-0.007666190706821063,-0.00868187402649534,0.0010080835171453195,-0.0051565522108123485,-0.00796560405640978
2015-04-29,0.005125306283115805,-5.504524241994879e-05,0.0038568589090473004,0.00459521818489339,-0.0039054635722199915,0.0024095598798281603,0.0037779272049864865,-0.001687003765719619,0.001173630134438719,0.003528473721953196
2015-04-30,-0.00829132930617349,-0.003979634479038818,-0.006626292422985625,-0.007506398289575222,-0.0036373033844863123,-0.006282684771446223,-0.00701808918867064,-0.005070236556320107,-0.0053228288796938195,-0.006956888380529547
2015-05-01,0.01067655706613091,0.0034501729597777864,0.007945625133788825,0.008979007660167682,0.0023263456097222246,0.006428871672757852,0.00835646899094944,0.002131859704515904,0.005285830562879568,0.007402582882026332
2015-05-04,-0.014468849130183203,-0.007578785588195358,-0.011760595345651659,-0.01264744330157419,-0.006564585504747589,-0.010579564417593668,-0.012318855826457531,-0.006314655548688153,-0.009642128845280373,-0.011429014320286646
2015-05-05,0.0009126807965225137,0.00021781015133637283,0.0003197085623967144,0.0004599875868953607,-0.0022005113207136384,-0.0013659586951459968,-0.00024163545746846982,-6.326920019561477e-05,-0.0010938222456511326,-9.293699503287733e-05
2015-05-06,-0.013809540886794758,-0.010579231580233994,-0.012473324031523014,-0.012847993735235708,-0.013164120657996214,-0.01318925339794741,-0.013165284508504627,-0.012683587283654263,-0.01282005340246517,-0.013010045294758132
2015-05-07,-0.004704408944323557,0.0015643182611047024,-0.0017080201098915726,-0.0029866762117670698,0.0030905006170298677,-0.00011717502348396192,-0.002122832360437088,0.0011767921350647192,0.0004222750921742957,-0.001775159006809024
2015-05-08,-0.009731031995696582,-0.0034932131279942213,-0.007346759347650611,-0.00835182191288264,-0.005614152643934611,-0.00659481599723899,-0.008060506916901522,-0.004565635370190169,-0.006969619399048388,-0.00738632615074275
2015-05-11,0.000339847501600099,0.0033569402058586384,0.0008118743059029043,0.0005083382878137144,0.0023062763991696933,0.001557633311949802,0.0010957091800398722,0.004183465216616611,0.0021293477925354853,0.0021770991300837927
2015-05-12,-0.01133796480831939,-0.01320799853882848,-0.012440216796979375,-0.011761885059405452,-0.010890962538896654,-0.011741981874966334,-0.011580739209542057,-0.011026892120707177,-0.011472470588529182,-0.011669379520560907
2015-05-13,0.006432080464825907,0.0013669051268112575,0.004696313356201687,0.005536741314781324,0.0036583551972519945,0.0055833395600211055,0.005876644635243178,0.0033812809729631965,0.004918477312875202,0.005529412082120544
2015-05-14,0.0034926597078202004,-0.0034343922645208025,0.0010018684214587736,0.001974304805193894,-0.00283154967813104,0.0011672966323843514,0.002262008315934816,-0.002756017237526942,0.0006990321407336353,0.0019265649705451082
2015-05-15,-0.004096090566651389,-0.004853079960723594,-0.0035256368639822178,-0.0036757866383656523,-0.004349805380237881,-0.004358367081721437,-0.004098396958394646,-0.004389843918470415,-0.0046897799830188935,-0.0043161196832981474
2015-05-18,0.003435799885550539,0.0013515677173039364,0.003160959095589888,0.003572067787409594,0.002217068980932879,0.002797785602991043,0.003157758814678502,0.0021689355117018305,0.002400575485040024,0.0029907564485256444
2015-05-19,-0.004954143798498567,-0.009100511063521166,-0.006464573326355305,-0.005539731259920799,-0.010510449821074408,-0.007218018617528021,-0.006281347825032202,-0.007260007933704293,-0.008044147641898758,-0.0064130962676188785
2015-05-20,0.0029539757659102772,0.0017215762280202718,0.0024985732194147126,0.002841657494333516,0.004352479128137077,0.0029451501041339867,0.0028586432991004607,0.003770943379242553,0.0025841524506489133,0.0025387263015685946
2015-05-21,0.006692411125328368,0.0035796948939115225,0.005246984987008263,0.005909888599966884,0.0033046720912306426,0.004808312233863576,0.005734923014256488,0.003608246918185287,0.004706943973564082,0.005705305407572858
2015-05-22,0.0040298155627527255,0.004217814367613482,0.002868882026577202,0.0031328185295282918,0.0031347035096620512,0.0029313849105945256,0.003570710699069002,0.004429088814564608,0.0037596826731931543,0.0038146429511007884
2015-05-25,0.0026695487348524782,0.00197259147278972,0.0022252740152914896,0.0025513721305616688,0.00016509922880092454,0.0012361482547533775,0.0021126580438379783,0.0022893110600947786,0.0007634829041802682,0.0022755054426724097
2015-05-26,0.0008077018523324764,0.0005544297637483098,0.0010178048452182953,0.0007589138652215333,0.000573686635783055,0.001313854009270976,0.0010596385619345838,0.00041336685720994026,0.0013470775573849458,0.0008397602462626441
2015-05-27,0.0014533910025573693,0.002679097635942762,0.0019621155003410884,0.00189419763930454,-0.0009511622458011626,0.0016081169485984148,0.0016807707563728513,-0.0002684054800372593,0.0017251982254988807,0.0020843605867710835
2015-05-28,-0.015866636029342684,-0.00655417793037083,-0.012397121058480565,-0.013684704340408027,-0.00842121294062359,-0.012527147409440942,-0.013999011397676231,-0.006273198015849912,-0.01138839474158504,-0.012917508238718733
2015-05-29,0.008857921223908383,0.0027627025748078182,0.006550396764607669,0.007644476142651957,0.0013217040492254917,0.0049293094928481995,0.006980779199764475,0.000645641689215104,0.004184922849691075,0.006536405143272361
2015-06-01,-0.0023856143815883524,0.0013516159122586302,-0.0009080617255329271,-0.00157264879835739,-6.621586923827305e-05,-0.0010978145765704328,-0.0015968033237681034,-0.001020256637330741,-0.0010652117895301183,-0.0015228673613914001
2015-06-02,-0.0010768575087978238,0.0017456425597572878,0.00018858529276477576,-0.00038288987200219005,0.0022206820746550893,0.0004116815694994447,-0.00029737566217957756,0.0012544450066207524,0.0004210024919792943,-0.0002462137379419804
2015-06-03,-1.5927498384638028e-06,0.001390482616716593,0.0005276591094018901,0.0005416425606454833,0.0010246385225429755,0.00022101884368574964,0.0003513750011403527,0.0009167879723257499,0.000691469798367983,0.0005765937845987334
2015-06-04,-0.011225606649946762,-0.005386097918241073,-0.008277730594962951,-0.00935112640068414,-0.007126217707578597,-0.008661561065458234,-0.009577166732622988,-0.008085010275366677,-0.008946886268432097,-0.009530600074937334
2015-06-05,0.010339198386822845,0.007519390697686923,0.009318031077066191,0.009526978069680503,0.006122874983948812,0.008179888448312633,0.009175360526307852,0.006520646893719562,0.008313255242031747,0.009012479435070109
2015-06-08,-0.009373832377746139,-0.005384510129716524,-0.007640687621583542,-0.008173268790911403,-0.0025617179707552173,-0.005920812609171655,-0.007534062960085741,-0.0015727199757534782,-0.00526498292204558,-0.007105749117122917
2015-06-09,0.009850892715500992,0.005953618702173147,0.008136117489687233,0.008399771445394721,0.0017800242444563352,0.006255283046241011,0.00789872990725149,0.0022695447985923156,0.004723854495221502,0.007443475362392871
2015-06-10,0.005384972456515369,0.002737612323728378,0.004215311014688972,0.004650846594321134,0.00021584848742306484,0.002911382138346408,0.004191213390468906,0.0007535455951310777,0.002913527438103136,0.004114664193004325
2015-06-11,0.00345742236597979,0.0011458239285098148,0.0028290980910972152,0.002691167855430221,-0.0047776944804094335,0.0008623147672646159,0.0021661843515283774,-0.004460632222267336,0.00040991499820908217,0.001265049661051565
2015-06-12,-0.007968078616218954,-0.005495460205346081,-0.006418515083874254,-0.007004736005677192,-0.006013594576549042,-0.006960808870397406,-0.0072948032585770095,-0.005363211325424944,-0.007889947119554708,-0.007416869889409927
2015-06-15,0.005942766868354266,0.002013496316459751,0.0037436215813158036,0.004517565009046098,0.0012251933161302464,0.002870176715394024,0.004247448104282681,0.0004750451903525743,0.002651503103478392,0.003942964730637932
2015-06-16,-0.005699915980314607,-0.00325664763315181,-0.004311323867253747,-0.004631146247713325,0.0009257547614702766,-0.002413820972747449,-0.004045656156856259,-0.0010711753939083302,-0.0022281753906164825,-0.0038568329082746544
2015-06-17,0.012019045664195982,0.004055063971196926,0.008329728005376458,0.00955132436373951,0.006032441034388825,0.008368152451300626,0.00966118847306574,0.006571336453529364,0.008045003595772204,0.009078961264924246
2015-06-18,-0.011734818764093102,-0.0008975814029765772,-0.006415879044341155,-0.00831653143776978,-0.0006370329467042524,-0.0054799678953878495,-0.008002588349739104,-0.0001402471880168621,-0.004246624813456501,-0.007087227893134873
2015-06-19,-0.03046324969371461,-0.017531967558866546,-0.023970492245420028,-0.02623271585749476,-0.016325476206142664,-0.02154531245021496,-0.024772182248345098,-0.016709382602399847,-0.02039989306429424,-0.023167764540285907
2015-06-22,-0.0009207214498937466,0.007527894488579934,0.0023616717172916246,0.0011288869482863895,0.007111555562283378,0.0039886417831040966,0.0022246799549561214,0.00823803239290899,0.004422925271715394,0.0031812597660962894
2015-06-23,0.008490129296799376,0.0029409982144896762,0.005946921608389832,0.006743331297830224,0.0007260885367132985,0.003764315776509042,0.005631523891290957,0.0010568986802343971,0.0033776273728747253,0.004678726286774015
2015-06-24,0.0030404118904423516,-0.0012086264343125208,0.0010138761433022836,0.0018574833580762284,-0.0017754433408947445,0.0011219240275908149,0.0019679919294040005,-0.000807085189594936,0.0011802709964867653,0.001773347427022287
2015-06-25,0.0039030176602741218,-0.0025572879130107973,0.0004122780041015961,0.0019327139459748288,-0.0012201053954822294,0.00013246842414127435,0.0011443950166958317,-0.001682917320162236,-0.0003575959049456623,0.001053532159219328
2015-06-26,0.008262595849220622,0.001999107076833262,0.005507180591697525,0.006586108943945845,0.0005285863784783018,0.003641067092586159,0.005458844692490805,-0.0007637880386576201,0.0033668689117218875,0.004775175740138193
2015-06-29,0.0019008053928606383,0.0004886044615650675,0.0020195641582425594,0.0018876817317474703,0.0025287630674042383,0.002141116903788598,0.0021189219207593535,0.0022607902943259095,0.002610008214991355,0.002396598672538053
2015-06-30,0.0037271414632829014,0.0027102042427720185,0.0037389878123592624,0.003664283343800534,0.00426344378594723,0.003857007250657185,0.003781959234369303,0.003857436624823851,0.004225814555103513,0.0037055909132150955
2015-07-01,0.009300343425206803,-0.0011307832944018603,0.004539752022719723,0.006132924197238321,-0.0023157817994976515,0.0028501945398031747,0.004886184547591821,-0.0032738492821575704,0.002060578517514733,0.0035076241796221375
2015-07-02,0.00319427077674983,0.0009693071958736255,0.001654760074280226,0.002328944041601666,0.0009726070145998911,0.001031491397686768,0.0018535188474546604,0.0009118936850427417,0.0013633989188279738,0.0017937780961760907
2015-07-03,0.001049364883858317,0.0012516227200523034,0.0013237162864507823,0.0009851966084111208,0.0018000314570261189,0.0013445294309086808,0.0008073159447932188,0.0008177936949462783,0.0008131195446268169,0.0007856639279475441
2015-07-06,-0.02255271643919099,-0.01423798847255131,-0.018977882044617922,-0.020479402364118604,-0.014577725258995589,-0.01800368761748672,-0.01971576869461833,-0.015722155016968165,-0.018109738948386966,-0.02003406779040451
2015-07-07,-0.01684865664554147,-0.00988360592654991,-0.013779576578067498,-0.014963079503122034,-0.009754136528317026,-0.013027208379971178,-0.014675946545130936,-0.007849584791035369,-0.013188040411268753,-0.01424747158825368
2015-07-08,-0.014759551827911666,-0.001803229318794397,-0.009149852414346626,-0.011449246603536412,-0.0022485945159560483,-0.00735382052824618,-0.009845645502247091,-0.0013478362475236594,-0.006928174432693224,-0.009331015402460174
2015-07-09,0.01649051601881424,0.006262305550680525,0.010918831925571748,0.013199535413933816,0.003926418420702182,0.00866432380819715,0.01118843868863073,0.004175809359211469,0.008213134750645112,0.010511902798871375
2015-07-10,0.030195082537553875,0.01455020584943778,0.02172293537437464,0.025452309809060436,0.011282360908623668,0.017791225469259153,0.02200972787450972,0.010950818720596223,0.016825546663042257,0.02074719241639955
2015-07-13,0.0051739343445362795,0.002238952958910856,0.004069537608490048,0.004402412912906328,0.003168217609741397,0.004439732153759035,0.004678028742425511,0.0030935165790866304,0.004272354543740198,0.004579824086693662
2015-07-14,-0.0044200638307853035,-0.0037156270055358487,-0.0046515413491351465,-0.0043214502639925545,-0.004379255312039754,-0.004837598165006285,-0.004358279247434815,-0.0031802646197737205,-0.0047993786587983145,-0.004097713121554936
2015-07-15,-0.001326862424908315,-0.0007744800348841174,-0.001165235973096701,-0.0012003230229462591,-0.0010739067898297705,-0.0008202330104942757,-0.00105835807682797,-0.0014612266217477465,-0.0007050694019105075,-0.0009575328194540988
2015-07-16,-0.001183700902817053,-0.0019757498959680486,-0.0022847153592066016,-0.0019603665774010626,-0.0029972219328868732,-0.0034708608457362233,-0.002759637973066109,-0.0029293967858347036,-0.0038882177488348546,-0.0026274503574515995
2015-07-17,0.0107535032151016,0.005638976997377032,0.00760956857582662,0.008748707341600825,0.00444791881678519,0.006156509641566554,0.007465727698720004,0.0031032912065469542,0.005761015826732496,0.00674044504738891
2015-07-20,-0.01906331601999045,-0.014542639362710164,-0.016444278728993345,-0.017282796693937175,-0.013258344032607727,-0.015671211831851384,-0.016543282298973505,-0.012432677278773951,-0.015845539246982288,-0.01597594665133306
2015-07-21,-0.019799627402224518,-0.010586820284568366,-0.014895585317675986,-0.016558872738246633,-0.00919234854223383,-0.01154328915504177,-0.014036644793809172,-0.009248124773101773,-0.011472204868377633,-0.013418234342391755
2015-07-22,-0.0097789371305822,0.00316021830618074,-0.004092053722696054,-0.005969147143105369,0.0032235909678721697,-0.0006221010386845416,-0.0033737503955544312,0.0037193942207145447,-0.00044465814479921484,-0.0027150650769667273
2015-07-23,-0.026082974947167048,-0.013647899118872209,-0.018864968519992864,-0.020936773353085414,-0.007177768552722785,-0.012836644890768856,-0.016671666607670277,-0.004722498952614673,-0.011971250716059756,-0.01489570113843608
2015-07-24,0.007739121064477272,0.004152818045298989,0.0058727118184951355,0.006616960353448498,0.0038109281797997774,0.0046347215910749195,0.005916634029913492,0.003372887547978598,0.0046621483321409585,0.005705568615918644
2015-07-27,-0.012550291363741639,-0.005827444160552919,-0.008420265568030771,-0.009710603682426489,-0.002373420689485095,-0.005992249187878995,-0.007691369933143233,-0.0029430318438405934,-0.005516829016045555,-0.006523081397870278
2015-07-28,0.007218263051905538,0.004306287351541815,0.0056959203406963255,0.006228336977333271,0.005235454280024143,0.0056997677847854256,0.006610618611195385,0.004256352268474872,0.006745975614733224,0.006561913923137208
2015-07-29,-0.0008207153777245457,0.0019196847475426715,0.0012264316725940638,0.0005119026795943338,0.0035601880729583257,0.002155704691902516,0.00203084362247985,0.00304690285826803,0.0035107420489863816,0.002078282418317423
2015-07-30,-0.008188979678297459,-0.0018762604129992644,-0.005461974657552271,-0.006397588256811693,-0.0026377413632150404,-0.003975968342616487,-0.005202608885181315,-0.0021818376358994085,-0.0045482897197474115,-0.005355552521959628
2015-07-31,0.0062421773370451294,0.006233373328155212,0.006396805504580438,0.006240074174064469,0.004381434898644843,0.005920919096941812,0.006350407697617522,0.003734150221115673,0.005503749815704451,0.0063404609468620254
2015-08-03,0.0030464500286357943,0.0002496660288475727,0.0012935665971400834,0.001806879763642133,0.0019412187823995009,0.0008087059350021519,0.0007104932990953383,0.002041124723887622,0.0007570151584126439,0.0008535422894901945
2015-08-04,0.00036594521466604135,-0.0015984621447791003,0.0004291116969348252,0.0006181012506150108,-0.0014303866591999226,0.0007788671331383501,0.0014320865011294703,-0.002407807619027036,0.0017608452072899183,0.0005697776597672899
2015-08-05,0.014784489963607372,0.007086238672467049,0.009920210113611994,0.011783777753510583,0.005652067221975532,0.008145408827727518,0.010126959067024988,0.005450680665993746,0.007522188205186797,0.009565724515327112
2015-08-06,0.012452808350766675,0.006437106597015685,0.008100435413750384,0.009297686192987875,0.003672510637817483,0.004823100376653677,0.006833323520268664,0.003917908631351219,0.004858738537488083,0.006725198740600957
2015-08-07,0.0064278847786891635,-0.0015339720364515586,0.0035777609628051543,0.0049410961523668195,-0.0009111939386239332,0.0032074002468405194,0.004268130387766522,-0.001958188197646149,0.0027305825763026537,0.003400533871844358
2015-08-10,0.02412010210674831,0.016689230648653464,0.019845490937763888,0.02106538256815904,0.015335396940816537,0.017206048509091243,0.018935284910164052,0.013532240216804992,0.016262409835685387,0.018000873855834598
2015-08-11,0.019481673594907933,0.009829681408145552,0.01439060404859549,0.016035801567328534,0.006590120678600098,0.011238731133970115,0.01339689797889032,0.004448153829800905,0.010360772795308337,0.012015424807034991
2015-08-12,0.0005472201810661215,-0.0024735260612874788,0.0002739108678320168,0.00045928701712405484,-0.003247540065725807,0.000256772202159139,0.00025845914966038386,-0.00445356681166631,-0.0012497107719465772,-0.0008028217024254047
2015-08-13,0.005526091980303516,0.004648455904884274,0.004492935789992325,0.005004958696622763,0.0029550298038163447,0.004385524661912887,0.0052079549808130565,0.0020937687033912855,0.003947050334950131,0.004778017546615221
2015-08-14,0.016678645468382047,0.00487250838758535,0.01044554217485194,0.012708181850049183,0.005465182922157252,0.007754306947179934,0.010170700203251615,0.005317890449020313,0.00857114029318451,0.009603374013516408
2015-08-17,-0.006089411475271755,0.0003684588173982206,-0.0019209806602966673,-0.0033630285609348443,0.002721544470641657,0.001056370114167704,-0.0006680173973218073,0.002520261409320934,0.0020386369870968313,-0.00023230746306202033
2015-08-18,0.0017237142088413204,-0.00037854229366596215,0.00014777838130908272,0.0007557974677263601,0.0012196202364531672,-0.0006378158854487559,-0.00031035769573839467,0.002349096071209811,-0.0008418351573926675,-0.0004088065101224281
2015-08-19,-0.00365179088665335,0.00014413540195112873,-0.0017393562880090307,-0.0025476079231713245,7.086575847958798e-05,-0.00170749531151837,-0.0018723440283532344,-0.0009863481625326243,-0.0010411987037560744,-0.002140034065245877
2015-08-20,0.01938144014569332,0.006777744947348507,0.012762183386078707,0.015205688201381573,0.005443644131910563,0.009851695399494487,0.01250317800331091,0.004849471304251507,0.00911577091515059,0.01140082991772906
2015-08-21,0.023714687853025662,0.013763692375163172,0.018556947986068106,0.020365968575457583,0.011131083505057093,0.015959354031998663,0.017328824541275933,0.007923768579252588,0.014503922890272136,0.01634221815995729
2015-08-24,0.012045283257590578,0.0033150678126092625,0.008313412243232232,0.009451267042618117,0.004293165156099565,0.007338294361413755,0.008246366983471365,0.0028632915551094484,0.007148867095228217,0.007380910831031207
2015-08-25,0.011443820437042618,0.006216721022379579,0.007525973800517338,0.008472276048567151,0.004576356036509743,0.005079627900024919,0.006155100901408916,0.0008996286697859901,0.004549545159884927,0.004753750546305557
2015-08-26,0.03006312310805881,0.017111051658288856,0.022150388826123413,0.024496604737185068,0.010445845806584586,0.016399499329513345,0.019467733458693903,0.006725667746426023,0.014173082207132426,0.017486187645247675
2015-08-27,-0.008884197576686681,-0.003335064752528316,-0.005951931026779267,-0.006812285797493267,-0.001436375650561983,-0.0036194116810055466,-0.004656637113803486,0.0005881299805496898,-0.002069047431452087,-0.0032722201146622165
2015-08-28,-0.001784012415344316,0.0028366233663672524,0.0008756331340513679,-8.788988816010868e-05,0.0002497919030466367,0.0006639235713108427,0.000368632021383819,-0.00039310378644730193,0.0005493492525450172,0.0002988086344752894
2015-08-31,0.025372316059548483,0.010689740672072512,0.01717488287725577,0.019839941215688883,0.0062253412585024925,0.012166840182622485,0.01516276967954644,0.0052154934900223715,0.010255072263014586,0.014369817929336337
2015-09-01,-0.03533407437130176,-0.018055026801260032,-0.025888684900765013,-0.028999805071723728,-0.01594794503460939,-0.020749673529009582,-0.024082012828760102,-0.014562053675980513,-0.019023448435824597,-0.0228091521633611
2015-09-02,0.003261433272960579,-0.002028657806777634,0.000773281216479571,0.001302455145623549,-0.003082785046414349,-0.0012554697690785321,-0.0005912605114015701,-0.00477297224671247,-0.0015404030068513208,-0.0015020560469698463
2015-09-03,0.023779196757530263,0.007020628016866315,0.014837557612737307,0.017864198067674586,0.003945839401297668,0.00964419274330175,0.012718202434995218,0.0022130070506618527,0.00789164013037058,0.01142535978404724
2015-09-04,0.03508888409699429,0.016369231654812744,0.023474893604186642,0.026743775731224106,0.008217899887993818,0.016442065761164804,0.020241322612676305,0.0037593842102214836,0.013938881238671597,0.018532683650055448
2015-09-07,-0.013403215314533923,-0.006554460969907305,-0.009097113190648987,-0.010415003012364532,-0.0011908117102956695,-0.00469560422799431,-0.006415909591197866,-0.0011967312982266165,-0.003248186774381212,-0.006175840542272271
2015-09-08,0.024455022752084554,0.010943713479768524,0.01627369250912336,0.01891130632705096,0.008232689794560155,0.01220431250141063,0.014745541448946131,0.00966511229587641,0.011618702851656781,0.014647300024498655
2015-09-09,-0.00785346555898736,-0.008626715539699958,-0.007686120827200549,-0.007838207519357376,-0.007917331836595709,-0.007384214697135905,-0.00710610160195424,-0.007814084138728083,-0.006840579039291916,-0.00700275247956561
2015-09-10,-0.003977889030612802,-0.0007243694302520032,-0.002992874666766343,-0.00338215380500706,0.0016737137655999934,-0.002356774091501701,-0.003208178677740592,0.004367341221036103,-0.0012330001325777662,-0.0026434570846357586
2015-09-11,0.002997357233514686,0.000896448003458783,0.002837458738392362,0.0025864854834867224,0.0031881800705055863,0.003597772564857493,0.003085076930241959,-0.0004908560062510947,0.002704943168658991,0.0021271001456724115
2015-09-14,-0.01566210636864651,-0.00522722267309661,-0.009714759002365625,-0.011820301893062157,-0.0033099548941817325,-0.00683487197461996,-0.00903077520188289,-0.0037181704961160023,-0.006606086383471932,-0.008728195145149886
2015-09-15,-0.0046489721620974755,0.0008472200555409426,-0.003206731164189014,-0.00398255439615991,-0.0031035760044083593,-0.004510314409094551,-0.004567059713877941,-0.0026705864296203696,-0.004473797709643956,-0.003948632905634186
2015-09-16,0.03519495632345593,0.014937738286047164,0.022771883801449677,0.02746166244946391,0.010418144440438315,0.018360240861693633,0.022418872135682832,0.00836385819439811,0.018022610459312638,0.02101413728420809
2015-09-17,0.022552224394131848,0.008995033631545857,0.014665549608513295,0.018059649476370065,0.008969002453907526,0.012102613757673408,0.01460183570985496,0.00917359622043823,0.012248446875237295,0.014309741137747967
2015-09-18,0.016885018015659226,0.009492740581927395,0.012588104943227485,0.013890032728026913,0.01209067972707012,0.011760584909928706,0.01229267237915721,0.011071338260258301,0.011865959569734352,0.01194525920332512
2015-09-21,0.0026924710522233664,0.0023268474171094233,0.004067745536764367,0.00376130848348466,0.005428619376885546,0.004622770608160076,0.004518095946526968,0.008261285338587943,0.00458616990472982,0.0048860533180721255
2015-09-22,-0.02502213839400058,-0.01744026175249591,-0.020253809373377507,-0.02210102070531139,-0.01227671860076307,-0.01682744052908325,-0.019123789757650722,-0.01260854601716721,-0.015724689298286965,-0.018938684525551364
2015-09-23,0.019396478071898038,0.008869918120959941,0.013806929567120818,0.015886045738446652,0.008055921005216904,0.011984438878167358,0.013499290361044025,0.007151021331145202,0.011198170692179543,0.0131705446933017
2015-09-24,-0.033811899597392614,-0.01674811520324959,-0.025182924688418762,-0.02839752340661217,-0.01231324001154277,-0.019539925348941556,-0.023673300702412026,-0.010565869384632998,-0.01954365291597604,-0.022626640267768172
2015-09-25,-0.003728359587097496,0.0011593351310774658,-0.0026190957210305843,-0.0032003351189086038,0.00016822806043736982,-0.0018422165796769807,-0.003143436787710119,-0.0008259967422183934,-0.003221428583529473,-0.0032288008200708207
2015-09-28,-0.011795830815814923,-0.001969752731433516,-0.004013479293741629,-0.0070739221506612715,-0.00016238139067425994,-0.002831374970668543,-0.004588542999660938,0.0009945486289164585,-0.002778559958639404,-0.004710778550682138
2015-09-29,-0.007717066755774993,-0.005610131596104129,-0.00649698461283188,-0.006831266519856882,-0.00028094313773996404,-0.003921739398021651,-0.00572271514023337,0.0020991992675460924,-0.0026254394067606324,-0.005064977855287145
2015-09-30,0.02370075054852583,0.013152489528521105,0.01814543885633868,0.02041439137226675,0.01134109897102853,0.015224783044300416,0.017744958303835157,0.013078317203502277,0.01433707511271387,0.017682913665717725
2015-10-01,-3.698369910953847e-05,-0.0015592861715258977,-0.0023914096524491057,-0.0013601862902354878,0.0004715899662464107,-0.0010255429774824742,-0.0012457214324573807,0.0002313219356979701,-0.0004961511265917373,-0.0009946874499873193
2015-10-02,0.0005284180284097495,-0.0020770329226860174,-0.0017328928877139438,-0.000920511581898209,0.005258215698343394,0.0009413216373139743,-0.0004993463454603386,0.006795918380740451,0.002046194231798859,-0.00016680832677207214
2015-10-05,-0.011378157876572481,-0.0073687503192185755,-0.008873757147809358,-0.009563274547348177,-0.00836438607916401,-0.008168632806769605,-0.008910733337774701,-0.010370020771477861,-0.008799250882987053,-0.009104113580918005
2015-10-06,0.0009909260060221303,0.00013989117830370823,6.685343673074051e-05,0.0003967387093712915,-0.004371272205110577,-0.0021807755126719286,-0.0010514741102491953,-0.005085229407376324,-0.003715434090730052,-0.001417093952471138
2015-10-07,-0.01737681751833353,-0.004007416371147432,-0.009704555118613345,-0.012593521930950757,-0.002056593622468572,-0.007064033476040121,-0.010182165436483426,-0.003071098814266704,-0.0082091281061627,-0.010472970380943636
2015-10-08,0.0021567662964867562,0.003281772382591086,0.003518156196288258,0.0028309217620008376,0.0027858154287727643,0.002169549587994535,0.002442931839658602,0.0041806538650734915,0.0026456008630706407,0.0025557997000567045
2015-10-09,-0.009396278770462008,-0.004447570472195461,-0.007202542819976898,-0.007777757000813512,-0.0007282128954146927,-0.004068937250720328,-0.006036605473808687,0.000597602603783054,-0.004030783366279822,-0.005597311137253591
2015-10-12,0.026403458022101534,0.010753266514985205,0.01764178959057472,0.020981780924390847,0.00761568449182759,0.013449201998347426,0.01720437866502067,0.007914546333947614,0.012344447147078608,0.01691814045492812
2015-10-13,-0.004011532875496937,0.004207761267401189,-0.0007152612630463295,-0.0019231070506017245,0.0034263437746671066,0.0018615292846282383,-0.0001219202251637741,0.003574771627669282,0.0013557627523339555,-4.0059121573454703e-05
2015-10-14,-0.0075119578075130145,-0.003982103729398667,-0.006228264028923514,-0.006765905060843513,-0.004856750827495371,-0.005356581282470518,-0.006142724613286132,-0.004820878053209521,-0.005441796513213082,-0.005942509315181255
2015-10-15,-0.02352499468649394,-0.010371991208804943,-0.01781551485070354,-0.019360657333554077,-0.011264415407482797,-0.01512333122292242,-0.01729037403032896,-0.011998065284957393,-0.015427722663725718,-0.0171951897064756
2015-10-16,0.0017894557120865517,0.0044362441579886,0.0027661503338907156,0.002440145378317826,0.003028897495517935,0.0022518434174441104,0.002313666763448019,0.005101749707122183,0.0017279835514574238,0.0024911561762961387
2015-10-19,-0.007568001478674313,-0.0045976509864404935,-0.005766421246655384,-0.0065884781300921125,-0.0031265302810890017,-0.004778591013671063,-0.005900092029939574,-0.004105707681706372,-0.005075397276037341,-0.0060823633687472345
2015-10-20,-0.00033720629121292145,0.00045133593261370564,0.0011836317064313207,0.00108216639708969,0.003162246010120384,0.0022294894990986247,0.002130943340000968,0.0043726338833105505,0.0025774444136039687,0.0028139441700389956
2015-10-21,-0.006648855574265533,-0.004445365237177867,-0.005106232175008163,-0.005577182415213877,-0.005264922130454819,-0.00576743999988194,-0.005529082182052281,-0.0061655919323932995,-0.005001798198848828,-0.005882447300181948
2015-10-22,0.016823658689359755,0.008331729057559967,0.011596772478854378,0.012701635969911695,0.007026640510931603,0.009342291738830832,0.01073075222348896,0.006444656833433093,0.008385939911358609,0.010453133001419701
2015-10-23,-0.005749464412965644,-0.0013456442700934268,-0.0014086050518359317,-0.003084007858755511,0.0011167835360033074,0.0001130299702565285,-0.0016744678709879057,0.00025407281947553706,-8.170332770518485e-05,-0.0017935179532074796
2015-10-26,0.006425961624721754,0.007408719008767717,0.00498274586920755,0.0058730605456616125,0.005155727895299611,0.005665463936973758,0.0056343204026925164,0.006638567133224527,0.005252941721083815,0.005793938537196119
2015-10-27,-0.009918166458073419,-0.0034555420863116026,-0.00486953759032116,-0.006685827806750422,-0.004007041439172299,-0.004762599429126491,-0.005719243608204416,-0.0034020611382250543,-0.0042390122907021155,-0.005355817233962279
2015-10-28,0.012911061962038506,-0.0013325684591913856,0.007093994611629295,0.008968471041294723,0.0006019377571346851,0.005458838767562257,0.00770492559786673,-0.00034531528097569986,0.005855030533522321,0.00766506791658661
2015-10-29,0.00843400243932968,0.005773135695087195,0.007027493774765414,0.007382905709959919,0.0056516333736595925,0.006895303381319273,0.00719715368493179,0.00539023656857518,0.00658354637698122,0.0069207551497383335
2015-10-30,-0.012540877124370353,-0.00620483503779834,-0.009360774160499852,-0.010288407846029135,-0.007455821965534071,-0.008039923230153234,-0.009059731743903177,-0.007182117916151642,-0.008548836079722566,-0.008766590256969464
2015-11-02,-0.004458959013814767,-8.142001178201852e-05,-0.0019546074698412186,-0.003351170908484913,-0.0019487806745744907,-0.0020506731993216176,-0.0028718763092517863,-0.0025414814592288337,-0.002767735813729244,-0.002961768556919764
2015-11-03,0.008831878593044129,0.009775299915525837,0.008358022420998479,0.008202242136938986,0.004974377121702123,0.006872900207615329,0.007903753258978075,0.005815844597454101,0.007435843380254825,0.008575552760061722
2015-11-04,0.01635020213938021,0.0060725109688342105,0.010278134430899755,0.012419952347570096,0.003595069248259364,0.007541886945604537,0.010414629382723417,0.0032957384055367633,0.007699697569656605,0.009984197997197297
2015-11-05,-0.01088080264413449,-0.003836370176704351,-0.007190465021779779,-0.008417295937073965,0.0012973560491744696,-0.0032674327636156297,-0.0063146954715870285,0.0005249155309701159,-0.003373099220691733,-0.005990621625224013
2015-11-06,0.00819445539876229,0.009584316072106747,0.0074335948758623704,0.007733979152660275,0.005731550395484231,0.006423041532744422,0.007118091960826689,0.006328114085655923,0.007102835784645434,0.007209549407860116
2015-11-09,-0.006635289587280324,-0.006978198399979041,-0.004673205625318033,-0.0053494281442509894,-0.009438519516350996,-0.007742059320168804,-0.006383878711597513,-0.006963184204183848,-0.007970290538777292,-0.006224642306994932
2015-11-10,0.012482635583172863,0.009796834593696513,0.009507436774097933,0.010369089177157287,0.007100544024413846,0.008405945130180559,0.009356359690256166,0.004727691967510994,0.007869944278450225,0.008722507346658581
2015-11-11,-0.005627027633172466,-0.006791678567315218,-0.006219331802794548,-0.005943295392144443,-0.0037428582421670242,-0.006636004933892603,-0.006575416710128623,-0.0027318943095503423,-0.005752100601054466,-0.006656441057618423
2015-11-12,0.006425485813345233,0.0036355619047894194,0.005827704639060904,0.005698008898660012,0.006960541097084105,0.006820451428688701,0.00614158072065063,0.0052755099426664565,0.006716171954151751,0.005474150855749871
2015-11-13,0.022540229575425785,0.008596996113871214,0.016852856208471545,0.01880775855545891,0.011768930423661894,0.0164602712811599,0.01821071037044364,0.010477740659561086,0.016003566706334738,0.017501255552198502
2015-11-16,-0.003423471238298559,-0.0026791842514675146,-0.0027034030690586963,-0.0027434559715682205,-0.0016771765422349816,-0.0025260004542818626,-0.0028947862283530412,-0.005793188161334006,-0.0034219316337359418,-0.0030887889266419943
2015-11-17,-0.0052198972618222594,0.00011592921116343469,-0.0018308767313595098,-0.00302749178260886,-0.00484846623462265,-0.002814372388757924,-0.0027894163585916454,-0.0020504349686203405,-0.0027778919597594154,-0.0017339135204087475
2015-11-18,0.0009099873621392085,0.0013101503051704544,0.0016422158245095186,0.001269434458572416,-0.00010656885223181423,0.00023591818332779901,0.000499987137460689,-0.0014374251630728807,-0.0003559599081611742,-0.00015054618777876616
2015-11-19,-0.006358499736917711,-0.0011371030158680018,-0.003370191632785069,-0.004248777899525602,-0.002609491249479401,-0.0047687771918812905,-0.004718705043978533,0.001190663474385456,-0.004389576517126237,-0.0034723849714083377
2015-11-20,0.001193595402188663,0.0001447893632531283,0.001133217796800201,0.0013531607349206443,-0.0020426062045895144,5.7670965008860264e-05,0.0009490707386761166,-0.0001963937739863919,0.00017874081688651344,0.0015940422376048424
2015-11-23,0.009246838795390122,0.009778550293034316,0.008333162050873755,0.008430694512648662,0.0060946847148284355,0.006565231527807969,0.007638093684074976,0.006412339228392572,0.006508671828534762,0.007453217881057794
2015-11-24,-0.01679558353430377,-0.008343372295354534,-0.011508139895745284,-0.013331042945941118,-0.0050934968567406536,-0.00947525853691722,-0.011839685951093415,-0.005916127938712434,-0.008544750269362966,-0.011630496562135884
2015-11-25,0.013566373159704881,0.013151392289141972,0.01185168022452876,0.01242014488716725,0.009376173682129618,0.010185218759493297,0.011576166777930608,0.010434788015418528,0.010584959809977867,0.011753211539501374
2015-11-26,-0.0019318206181531128,-0.0007526822101534547,-0.002027788953778198,-0.0021813225000071323,-0.0005403231455214375,-0.0009088018488541127,-0.0016766995709245336,-0.0024681792850684836,-0.001416222065408368,-0.002032270863467689
2015-11-27,-0.0013081958883728317,0.001749062477773622,4.200769621043321e-06,-0.0005497217828634993,0.002533009899131855,0.001222136370003124,0.00031028780386144206,0.0013447712360550312,0.0012563414169397547,0.00015608052151394602
2015-11-30,0.006004787594868999,0.003446102744588675,0.006400416231435946,0.006193339077376514,0.0011334801794218308,0.003973965666693724,0.005103586228640822,0.0029453602266529266,0.0047783628360031916,0.005435288350531531
2015-12-01,0.022293166793068586,0.01442554766890658,0.0172830651476914,0.019040020167454985,0.012264150019393405,0.015506213223470233,0.017666400656202397,0.011678392441525132,0.015213408693069086,0.01731507797030174
2015-12-02,-0.013632872351165615,-0.004041999650572836,-0.009614483970499021,-0.010831669161580848,-0.00010785998896678528,-0.0074916039024750525,-0.010074634049494047,0.0012721682781340338,-0.007879000146843729,-0.010013756552583297
2015-12-03,0.002879546664571464,0.0005796832427373833,0.0013252564093106933,0.0020042955338936963,-1.7333711370470795e-05,0.002162230961954892,0.0023218649185698936,0.0010543922074404133,0.002349670228190881,0.002713036831268667
2015-12-04,-0.005322538761225681,-0.0007630013754120757,-0.001983728578880184,-0.002907772137186293,0.0011028091569247334,-0.0013798387613923602,-0.0020987557247396094,0.0035561769683993827,-0.0013061629902728633,-0.0011068874142308172
2015-12-07,-0.0104427124002624,-0.0034594114205692694,-0.006562045061829225,-0.007952140848928146,-0.0044515588668085915,-0.007085938660543967,-0.008101774935226791,-0.004459479217005402,-0.006962252216497156,-0.007839895596483126
2015-12-08,-0.0019862273873997305,0.00033457119569479943,-0.001046190225694521,-0.0012579860095278672,0.000712030196449831,-0.0011320308511195698,-0.001284950503490978,0.0003277280085387524,-0.0007694941200351302,-0.0012319657438377707
2015-12-09,-0.0006149297929035624,0.000798076055841701,0.0006814462711446367,0.00022714297942738604,0.004253705736815494,0.00251068403900212,0.001291592525268559,0.005642549249134765,0.0033119479188470358,0.0017905002383016289
2015-12-10,-0.003769627289924471,-0.0011762358667366524,-0.0018917607026072147,-0.00231921628288545,-0.0010481035319962473,-0.0016425285333543371,-0.002141046478863373,-0.0009041291360207815,-0.0007234797053397024,-0.0015803163443269819
2015-12-11,-0.0015412318443788209,-0.005718466312993442,-0.003295956875452477,-0.003058142939220132,-0.0037655059593247886,-0.003594564183593607,-0.0033653262486073032,-0.005929238777370172,-0.003659203392788246,-0.003997624525217125
2015-12-14,0.019456485774232535,0.01088936216029368,0.01500983074651785,0.016219069824422006,0.007289021068321411,0.01227306716335308,0.014851629285669077,0.00745587175691842,0.011251000900934338,0.01449697538861594
2015-12-15,0.017579858741562537,0.007874401101563455,0.012546391969367132,0.013771592865696736,0.0034532975338708027,0.008270211284633566,0.011713730452865168,0.0028313288573569295,0.006266705663726224,0.01080952720931272
2015-12-16,0.010014141327240322,0.0032463425939583956,0.007285718536926611,0.008210282445283879,0.0029417559914286517,0.005376975906224324,0.007042551635016547,0.0024420280455790255,0.005276241834668127,0.006560026011327658
2015-12-17,0.013350399506227628,0.01029427231689728,0.010278252016049594,0.011252932454701936,0.011286932830204544,0.011144173868445906,0.011333239644195636,0.01020308070544651,0.011352945638442247,0.010775919149205837
2015-12-18,-0.0036237007974098123,-0.0007111857945305555,-0.0020009916315691934,-0.002498169319411936,0.0014421391677430506,-0.0012712941560548696,-0.0021087576580307577,0.0010312300360841853,-0.0005086360399532142,-0.0020267830884377336
2015-12-21,0.011139357579304177,0.004688934547400825,0.007393392891108963,0.008333380911905719,0.003785781913764774,0.006147771477053254,0.007468076957019898,0.002103928277766398,0.004920201953549697,0.006514348020501659
2015-12-22,0.001048975850990841,-0.00013418799351527788,0.0004637580538866537,0.00044650809278312664,-0.0016907624782536157,-0.0005912784678573368,3.492693792517265e-05,-0.0027120450733836288,0.00034518180684961486,2.1597370004622363e-05
2015-12-23,-0.017693515473443222,-0.011944951634957013,-0.01398986730427254,-0.015770851716672807,-0.009831266237012137,-0.013426096240710228,-0.015046399400922339,-0.010965309254840294,-0.012926690010702457,-0.014971226706128715
2015-12-24,-0.007717749574797539,-0.0016164241543871194,-0.005426274107176443,-0.006337010979754143,-0.002132180522253835,-0.005084565076102665,-0.0060204345814440785,-0.0024834055048923442,-0.0057678720902654135,-0.00606923569163853
2015-12-25,0.021729605528249207,0.010740856669269272,0.01537678045571833,0.01835153508710441,0.009135800483635048,0.013948410666450028,0.01659142365182298,0.00946166030877671,0.01347246326780338,0.01624133898417779
2015-12-28,0.0078458471304379,0.00831577928747107,0.007920436082430982,0.008564238927739387,0.009721260842739499,0.008818098273891906,0.008321092411420983,0.009439108092644144,0.00837291820111985,0.008456440331065629
2015-12-29,0.019643572067202575,0.007768233230709409,0.01377179191290101,0.01610486904942543,0.01233493826587817,0.014558909458386449,0.01591791892760752,0.012130449968466683,0.013869656279686948,0.01546582768328486
2015-12-30,-0.009539878117734046,-0.007796576611776906,-0.008071880990283775,-0.008464540248784846,-0.007626694605483486,-0.008037727173189624,-0.008397211246276237,-0.007864594423293791,-0.007835042292275718,-0.008481668151352206
2015-12-31,-0.011055439371255305,-0.006423687159899272,-0.007770308623726407,-0.008849867378847742,-0.0033542341936052544,-0.006537833540323779,-0.007997580877024069,-0.002850694300067236,-0.005519817649986325,-0.007649603096583801
2016-01-01,-0.012037929637694678,-0.006038227834606502,-0.008334022611876546,-0.00953744395829692,-0.00306149565312408,-0.006835702974639646,-0.008591337132184074,-0.004161238875051598,-0.005978015747983845,-0.008143466864011906
2016-01-04,0.0011270620964369815,-0.00600190887440033,-0.0008582484509737087,-0.0001625592621417038,-0.002993226720644948,-0.0008880137304819735,-0.00016481553978575647,-0.006429100540091048,-0.0006153918173446016,-0.00044746645595594714
2016-01-05,0.02224730249285689,0.010843696641320788,0.016218950867535886,0.01892906251384563,0.008093686547986367,0.014349295640414095,0.017320374730736443,0.007817644367110965,0.013873900623697422,0.016813196204503722
2016-01-06,-0.012848373862379692,-0.013469668306612892,-0.011634182272080129,-0.01210561503555807,-0.00917696148895053,-0.010001414459223645,-0.010988129471795283,-0.008712052498253797,-0.009559408905944533,-0.011001263992369559
2016-01-07,-0.0005528335651580063,-0.002994776830157031,-0.00179519821897145,-0.001532904753762332,-0.0009996838442636324,-0.00101155946467546,-0.0011782677505104422,-0.0018628647852139135,-0.0013167737052662831,-0.0014817077510894672
2016-01-08,0.0044501695999132895,-0.002709457589347597,0.0007458228059231686,0.0015067294696047284,-0.003418748703159502,-0.0004929520186227609,0.0008651855470540593,-0.00562098897208374,-0.0018282120505148658,6.913372991901312e-05
2016-01-11,0.02300086158485004,0.011132796654253596,0.017145911833029936,0.01933893641156348,0.009809794943217875,0.015563173447927348,0.018502346069954267,0.009061362555609298,0.015798929161816133,0.018216146434398173
2016-01-12,0.006940924699553541,0.004690969436524917,0.005374978397005847,0.005995458642186868,0.0033580477570445133,0.004268386159020476,0.005435687607872719,0.0028013090293885767,0.0047082405326808185,0.005306957670606405
2016-01-13,0.0006893450206943985,-0.003263490862186358,-0.0005192486320390044,-0.0001399810507921595,-0.0018553027538529276,-0.0005889769821327828,-0.00019712555596385073,-0.002453379128832589,-0.0006697260117803916,-0.0006423477296412239
2016-01-14,-0.007538317147457452,-0.0037950197791942752,-0.005837117284411164,-0.0069578573492600215,-0.0033067603090314313,-0.006027072664037791,-0.006713731709233395,-0.0031507335354971078,-0.005507981533983686,-0.006761628787795959
2016-01-15,0.004067409601251404,-0.002288085283048913,0.0008125030090944119,0.0019357798455568176,-0.0015772745101598762,0.0005951384299085483,0.0018498799890949158,-0.0015409278673513827,0.0007992809602193063,0.0017792205847559917
2016-01-18,-0.026967191365232734,-0.015801561459110935,-0.021850211581710632,-0.02373062353952582,-0.010793333538230643,-0.018710058078662217,-0.02220947383224159,-0.01021787942038277,-0.01745240076615484,-0.021929456574737216
2016-01-19,-0.0005386444110322408,-0.0004388769496597167,-0.001487907531401489,-0.0007527814590815307,0.0036241807440238194,0.0008405910352942136,3.1841488476125335e-05,0.004054734423112993,0.0018206708038357444,0.0002984792036633266
2016-01-20,-0.014185269744548146,-0.00591351698607423,-0.010612617297139249,-0.011537007273639488,-0.0035443247280833035,-0.007671803393912158,-0.01002325854630981,-0.0032587687351042227,-0.005369813450040173,-0.009226629022504484
2016-01-21,-0.008522976808023275,-0.007263041088144906,-0.008467436725873467,-0.009273401889235089,-0.007921431605227403,-0.00964785600001028,-0.009741008368431947,-0.007729343307668168,-0.010552843298036851,-0.010215166210227444
2016-01-22,0.003495882809331663,0.004475025848191372,0.0035303684045986383,0.0038149938342624257,0.00048322046306736866,0.0028596066956787514,0.00334815166333291,-0.00012218317771917064,0.002096619438541669,0.00281315893064793
2016-01-25,0.02462720272454022,0.010665407059591514,0.01792342058552765,0.020052861703049984,0.010268951980180407,0.0159014280635692,0.019075082071742466,0.011086905435779393,0.01399061020426351,0.01849413856048132
2016-01-26,0.0033355924008211524,0.009880988752023478,0.004908900420598883,0.003939801614286198,0.003202053737786148,0.0032538475715622184,0.0032713805461723755,0.004474655457130883,0.003164713025011867,0.0033243202726371823
2016-01-27,0.001933307438352072,0.0007770876367578783,0.002574341378744238,0.002342813483014128,-0.0003858153229925332,0.0013282822517930448,0.0022102903735232715,0.0003423844444319091,0.001335694211912708,0.0026213961651122553
2016-01-28,0.0004780190809541285,0.00263536774770623,0.0006010776506395477,0.0005829416928411213,0.0017167756934348688,0.0008462991633884087,0.0004593263084862187,0.0023598217908764596,0.00128401845923376,0.000530527240245604
2016-01-29,0.004352773062853865,-0.0019252231184712087,0.001997255218778804,0.002855771696382625,-0.0014294674269984542,0.0007974277165112564,0.0019055733679951281,-0.0014646692576248954,-0.000498823410020055,0.001668980112149221
2016-02-01,0.017103372067792444,0.009252901882353504,0.013601449311633207,0.01447172558983656,0.009354021726904138,0.0122622706814135,0.014096059917755532,0.008794759183016865,0.012249457034510192,0.013855064718613308
2016-02-02,-0.0023134207337456303,-0.006578920910595865,-0.0035470278112808007,-0.0032691100742793244,-0.0023139490519924477,-0.0025877336946134033,-0.0029861072742739525,-0.0019248078966365156,-0.002987411968828013,-0.003448426050691289
2016-02-03,-0.004315848901079722,0.0011535376408955411,-0.0008635140868477054,-0.0026931913630954263,0.0011880842128630942,-0.0009534039957324048,-0.0024124163321433967,0.002098838431969119,0.00014508087150955085,-0.002327550216648655
2016-02-04,0.007443798020364101,0.005292919687112985,0.006394055674861621,0.0067796936887873915,0.0073383648573230875,0.0068714289630160685,0.0069851522645900666,0.0075970099232458566,0.0077206651726235975,0.0072244256343736435
2016-02-05,0.003369852013535457,0.002711991151879367,0.003691864580074533,0.0037954035386029705,0.0021498175599714564,0.003232879568297209,0.0033128958593282576,0.0021759018788243267,0.0026017766406587484,0.0032054272178640986
2016-02-08,-0.0036072837960852144,-0.005027777408798562,-0.0031966065057951187,-0.003439089872806278,-0.005185708232549269,-0.004086167846166999,-0.0034380653510769354,-0.005676484054428332,-0.0036486347034210276,-0.003453149614014439
2016-02-09,-0.01913482128591848,-0.011573113049798467,-0.014707937627057133,-0.016004796877370442,-0.010650032381456453,-0.013980926682407357,-0.015707088220852983,-0.00973958592562929,-0.012758320343231766,-0.015205124686339833
2016-02-10,-0.008177972343268669,-0.0012337075186161783,-0.00415287636688666,-0.005568983941480754,-7.09887751439986e-05,-0.0032238837574850576,-0.004837795783762755,-0.000922475889597707,-0.0027231888051846287,-0.004544338188496866
2016-02-11,-0.0020031560661253334,0.0027994578653993685,0.0006806591693646613,0.000141296233146182,0.0017288671719184467,0.00132689178252976,0.0006348382034300215,0.0009159455122265125,0.0007419723987767135,0.0009836593348808709
2016-02-12,0.011769131713443626,0.003284124914810782,0.007935474711558088,0.00940897486111858,0.0001744996587080827,0.005880788281847238,0.008308722048187445,-0.0010557659785185303,0.004152069030562311,0.00760409706199483
2016-02-15,-0.01698523687675002,-0.009481790743115504,-0.014627218138571374,-0.015878786053570737,-0.007827177924944362,-0.012921653818287249,-0.015026521273233007,-0.007550707378845889,-0.012312413966753755,-0.015072105709548866
2016-02-16,0.007542123127325162,0.007344519954248119,0.007892745043008409,0.008057412492676885,0.006123879182151626,0.006731399222322354,0.007481490338971275,0.005800001672158439,0.006025747564435413,0.007165118909592039
2016-02-17,-0.009247876840813407,-0.00735422778127881,-0.007698066607472853,-0.008453444711709945,-0.009450328730743363,-0.00875062899318535,-0.008356938982926998,-0.009023564222693459,-0.008042694818001128,-0.008011691089273909
2016-02-18,-0.004749692526250904,0.00016781508769381226,-0.002472558651970269,-0.003005838965026042,-0.0001635201697185451,-0.001587978636475862,-0.0022634066770799155,-0.0003412199987099518,-0.0012360290911366256,-0.0018988052231294628
2016-02-19,-0.0037254624108011836,0.002670409623048542,-0.0006961415721533637,-0.0018455980194509447,0.0007767454663878404,-0.0011024757164250776,-0.0020980557129661737,-6.032763782071182e-05,-0.0008446262190344722,-0.0023333143021656566
2016-02-22,-0.0005201551416602612,0.001541564825656483,-0.0003980720245696512,-0.00033274324254817245,0.00018931552774081872,3.343364115249159e-05,0.00010182936510116924,-0.0008278575712197256,-0.00019640254222141884,0.00011912425720117525
2016-02-23,-0.0003123812324394848,-0.0001600360403373191,-0.0011240064329260946,-0.0009383519669390328,-0.0002629124464355037,-0.0004213845137368555,-0.00040743962542111323,-0.0008008513363904068,-0.0007002723786306841,-0.00047526579403511793
2016-02-24,0.000713659675560363,9.438200603151259e-05,-0.00041898877477519747,0.00012429006860870118,-0.003086889951308791,-0.0012201348589235828,-0.00031895744616416977,-0.0037595326406320018,-0.0020512578972909923,-0.0005274641117041234
2016-02-25,0.007743926414797819,0.005861335085070252,0.007405632651343641,0.007945692006449345,0.0057047343572180775,0.006989557551792647,0.007571573004289123,0.004828474638676861,0.006571084639914959,0.007440149009061425
2016-02-26,0.011585630703655037,0.010406874613563266,0.012414197632394153,0.012271374881136499,0.008923358916672175,0.011526936637928031,0.012055245133698156,0.00871271968401821,0.011453481494835938,0.011934184202918363
2016-02-29,-0.00666004477224158,-0.002844057772674491,-0.004856753434939742,-0.005288004666038071,-0.0034981759007838287,-0.0044297004221197644,-0.005414456057128536,-0.0044462742858495385,-0.005251225162333895,-0.005616846831084654
2016-03-01,0.006709686235176537,0.0011312035499513318,0.002793352172433261,0.0035632386408823713,-0.00048822805446113726,0.0019537915625993385,0.0034394974073108653,0.0009106097391931023,0.0015771224355571878,0.0034543323775344525
2016-03-02,-0.01222716940424462,-0.005239533027868948,-0.009109571368632108,-0.010327366349532685,-0.005771631464456806,-0.009711086388604961,-0.010627059455013077,-0.0029034788382922283,-0.00641791283681159,-0.010036234666884192
2016-03-03,0.007138689405622012,0.009223482846740128,0.006552178475709436,0.006956783585016613,0.007951571386531464,0.007062108516176169,0.007051437183637432,0.008060718901953923,0.007020224644699091,0.007173637099404662
2016-03-04,-0.0013647410472030774,0.0007441449734839622,0.00024243798382195259,0.00048110471446594083,0.0035425824131234407,0.002025772589551611,0.0006663879116524107,0.002886449935416646,0.002301044133119934,0.0008372106042129346
2016-03-07,-0.008944468627933744,-0.013879104683610644,-0.010779920112514385,-0.010928155998178202,-0.011221496879310067,-0.011080555019653326,-0.010363089808433923,-0.008801269590571703,-0.009949092362637746,-0.00959631803478278
2016-03-08,0.01991227440189003,0.013195328924635152,0.017206344662723305,0.018665957435563207,0.01154351081675209,0.017117773437658412,0.018225382234775322,0.010509896782125772,0.01564311073778324,0.01773750771297844
2016-03-09,-0.0130170960398579,-0.007174108184222261,-0.012086676073647329,-0.012693396344761076,-0.008401005390751615,-0.0132054395122021,-0.013264116605612886,-0.007932852098799348,-0.01149299538637627,-0.012474240959381988
2016-03-10,-0.0057184076609684276,-0.0026401922851465587,-0.0035952456347212447,-0.0042686224574599585,-0.0032737752819904653,-0.004829726032827275,-0.005299948725597803,-0.002744000504877664,-0.004836541663028493,-0.004999663360531814
2016-03-11,-0.010248674663314694,-0.004405259122460148,-0.007673688605486451,-0.008513977174275045,5.481599651813163e-05,-0.0065942049666043445,-0.007997154142874496,0.0005540214933075216,-0.005073960340216344,-0.007526042906235042
2016-03-14,-0.005120580410633124,-0.0024923854753331476,-0.004563708449982884,-0.005498558996865244,0.0002097828048048811,-0.004002304244380084,-0.00455156968327719,0.0015468765817125973,-0.001604141627138067,-0.003425999242850697
2016-03-15,0.005075906378064987,0.004505165158078084,0.0033462961891346232,0.004088839747641515,0.003482136892352772,0.0030584883924191786,0.00362534648884405,0.0033277223183709737,0.0037652220358057598,0.0037773799267293295
2016-03-16,-0.0031032176984762128,0.002711835820795816,-0.0007043601302408886,-0.0012553446117518074,0.001630223482730786,-0.002103975673210745,-0.002156042130563862,0.0031052526865296137,-0.0013337655306040475,-0.0014994742643252845
2016-03-17,0.005809152498458703,-0.0011805147122705417,0.002502359714704694,0.0034218161795944724,-0.0034358278446869894,0.0020339314428525768,0.0034026911531097603,-0.0021599290739532373,0.001199768366542342,0.0036231014346690404
2016-03-18,0.007085900552366242,0.008960744022799005,0.00692234385373669,0.006817493190803603,0.006638096511534908,0.006600421324629346,0.006701188480588316,0.005883259915646644,0.006423752974956454,0.006415143438293969
2016-03-21,0.0064618329786674256,-0.000714895674019056,0.0024045042260867344,0.002918167498259683,-0.0012957950283867259,0.0022226530883480144,0.0037480375073899452,0.0008281983770501711,0.0041803314035611105,0.004453625878592993
2016-03-22,-0.001141562652079764,-0.005851403339609984,-0.002634684707178092,-0.0023735586296911304,-0.0057855691999104675,-0.0030031606894348473,-0.0024925138265508018,-0.005923013762224816,-0.003917899944229086,-0.0027753299663620945
2016-03-23,-0.0004219652004391339,0.0008448925938906449,0.001815923183150936,0.0016090743069907543,-0.0020303450562579872,0.00014371642163180098,0.00041908096966158936,-0.00253566592201393,-0.0003361788044012881,0.00030620208942577776
2016-03-24,-0.018950398535281243,-0.013146868723729943,-0.016772933240978394,-0.017583299100863314,-0.009606656578237782,-0.014885009179344433,-0.016588017758379703,-0.009174200545414068,-0.014054020724750371,-0.01606629664993342
2016-03-25,0.006426267436949296,0.006131755023579988,0.004424086207193145,0.004404097669288953,0.006851334203548554,0.004930483405683805,0.0050998096955365835,0.008121075773945163,0.005579479645992036,0.00564475735784864
2016-03-28,-0.015035097844622758,-0.008438521581780378,-0.011348520308006371,-0.012481558543873783,-0.009150741645479576,-0.01120845619016253,-0.012369573773010512,-0.009119130711307433,-0.01138383917095298,-0.01212588643317547
2016-03-29,0.004467706572430563,0.0004812311411710457,0.001133479529774828,0.001043553548816023,-0.0026652069650907606,-0.0008671294242574845,0.001226469297452848,0.0029823061842075838,0.0004119880644182228,0.0021883693973951956
2016-03-30,0.00423457948729089,0.0027762508028708055,0.003891940103184055,0.004051669761475196,0.005598635695887477,0.004466593263428242,0.004100406351611019,0.0036394430036232883,0.004681082127537595,0.0038940939726874735
2016-03-31,-0.0014575918786980946,-0.0005226532903210845,-0.001569439016485652,-0.0017584106652512865,-0.0005819443509157418,-0.0011534817475143955,-0.001478715559686039,-0.00011094550079082666,-0.0020253942296015737,-0.0017937968368146873
2016-04-01,0.009947751934565874,0.01225373887199388,0.009816193084399627,0.00985236914945653,0.007370413852495483,0.009073756000851363,0.009330775023083993,0.00436934311004622,0.006687015338842306,0.008592923839511268
2016-04-04,-0.01247212436340328,-0.01178580488889669,-0.012173644640756431,-0.011946214875309447,-0.0078519307342928,-0.010429464828849544,-0.011188558293016682,-0.010208087527569076,-0.010523675454399917,-0.011256666041139951
2016-04-05,-0.012715753885294223,-0.0067626973030691095,-0.010791694569740384,-0.01136210077901445,-0.0041205526591034936,-0.008936043790785275,-0.010638745618893664,-0.0038516596579185602,-0.008568863958214878,-0.010601229120636768
2016-04-06,0.006161960673123135,0.005055575840647419,0.005412528079310919,0.006126931393568569,0.0029614953274541556,0.004015987255501674,0.0052117691667668,0.0039086887263839465,0.0041104736561643485,0.0055635201655770405
2016-04-07,0.0037740535738086667,-0.002853048047320894,0.0008571875999101586,0.0018743288792519852,0.002468967259596555,0.002230927591697629,0.0028094153962294754,0.0024446032228393477,0.003938305252474628,0.00309036732966117
2016-04-08,0.03530662615692148,0.02469182679124371,0.0299786318130848,0.031719883851672126,0.01563410861876169,0.02556737366493711,0.029506512337337476,0.016423819414625118,0.02561304129540609,0.028746563116077484
2016-04-11,-0.004541035845931907,-0.005509108276274044,-0.004471783663552387,-0.004124029951050323,-0.002570287762932777,-0.0026666107915852555,-0.0031056447089307104,-0.003535583387969332,-0.002387351768626589,-0.002745343357945851
2016-04-12,-0.0001770156167588688,0.004508288345189682,0.0021734756953821766,0.0016585042003773864,0.0018196737870730395,0.0028247155784080213,0.0020789496865709634,0.0008371168131524609,0.001940085253753665,0.0024976519708346245
2016-04-13,-0.004072517531511166,0.00011978395346678994,-0.002875350016341649,-0.0029280104628939263,-0.0020619038797928813,-0.003851075026149564,-0.003832549592823975,-0.0010473320381909623,-0.003762367521703669,-0.003857704760498626
2016-04-14,0.01962659535394673,0.012724220670121689,0.01687292849205546,0.018445112582971213,0.011610111314251714,0.015600906413362425,0.01720719389931613,0.011307017960265675,0.01435334450774528,0.01672312401265752
2016-04-15,0.008548210681601498,0.00748544528446371,0.007064316065104492,0.007528460868888365,0.002551538885753102,0.0035759597360591755,0.005861056095263439,0.005367499646965479,0.005075001665910017,0.005816087442659601
2016-04-18,0.0014611935602339976,-0.00043341038790889463,0.0012038800227014423,0.0014468702481720275,-0.006342466730524854,-0.0007293224766671269,0.0003380654080196166,-0.0044028878856339215,-0.0010674927528376843,0.0002773224870304958
2016-04-19,0.004416815945461394,0.004738840568850877,0.003282002076206769,0.003990616383640511,-0.0007483273457400408,0.0008086210146664996,0.0023648392951902686,0.000549740740276583,0.0012816825146437782,0.0018893614161712424
2016-04-20,0.022149752550494117,0.01793562255033443,0.020577269989773495,0.020274928173566575,0.018516412868967658,0.02092049130578988,0.02072152749045153,0.017415823503615258,0.019348080789813427,0.02009814318475911
2016-04-21,0.0031360947863789956,0.0032984888532388013,0.0019348224422113258,0.0018822281670585195,0.00642074009168736,0.0018486324406650212,0.0020965304121629558,0.005347346191066027,0.004423435597753045,0.0022336215621572286
2016-04-22,-0.0032616310886968147,0.002542556973988974,-0.001730919808031528,-0.0024308493982623247,-0.0003261201490719623,-0.0016260714545159871,-0.0023253349863124884,-0.0031613287040409555,-0.002813360408786547,-0.0024847557943863396
2016-04-25,-0.003938542021467817,-0.01325478713482764,-0.00796867772030685,-0.005956206553595522,-0.0030113217220334443,-0.005180516128649337,-0.004631535295877676,-0.004303668270509209,-0.004169743179651686,-0.004536001401873047
2016-04-26,0.004085839671316593,0.004101113902333253,0.003699161015608521,0.0037925886546363863,0.005316272352864582,0.004813048303814016,0.004419474761615305,0.0030586049747922672,0.005138037178151089,0.004136933382758556
2016-04-27,-0.003161735568987023,-0.006267879487807493,-0.003722177211954114,-0.0032128585645267993,-0.0033369457223664245,-0.0023914690072227573,-0.0027076530764429396,-0.002687757578825778,-0.0017181256489310348,-0.0024775856319749767
2016-04-28,-0.005662230734799545,-0.007153851215607521,-0.006962635880077839,-0.006314045758685216,-0.0027895588219689627,-0.005707035134177363,-0.005621112927353011,-0.0034653809335756236,-0.00452468606092582,-0.0052195654156100835
2016-04-29,0.0021243080098345413,0.00030935784375518693,0.0020747006635890575,0.0025555878231247053,0.0038844749365694042,0.003641841095484155,0.0030671201727052733,0.003767968503469721,0.004437166773981094,0.003198449150166871
2016-05-02,0.008904595439447105,0.008396383702389265,0.0074468390947597385,0.007623004063933347,0.0106361026913937,0.007599719504151503,0.007924747469530535,0.008426358311882653,0.008521312827496796,0.007866829188071689
2016-05-03,-0.0036546067570570884,-0.003865276264194195,-0.00488392907663171,-0.004218983174417268,-0.003247628642292222,-0.004567366799950179,-0.0038365354451028733,-0.0033336428120182005,-0.004257177230127307,-0.0037966204092342304
2016-05-04,0.0012876428211059388,0.0009397454647226411,0.0016754472934712439,0.0018180661078104343,-0.0029691634124742183,0.0008954386273021253,0.0011988141570635769,-0.0014194229900715838,-2.626055104115732e-05,0.0013085711082254647
2016-05-05,-0.0061206883707699555,-0.005801415713305835,-0.006619443528810498,-0.006212374197278603,0.00015665404090214885,-0.00441957781930602,-0.005116246908790645,-0.0012129891092278466,-0.0024450519310323937,-0.004706120995326524
2016-05-06,0.010430957422385534,0.007916859366284168,0.00937716357203211,0.009832063174627592,-0.0008146057535445284,0.00758385832561137,0.00869269144352014,0.00020964000948731076,0.005656207275020364,0.00796862353380634
2016-05-09,0.004000149997963387,-0.0004981926779478174,0.0026623799318807873,0.0032814030809302785,-0.0006094536056672206,0.003502580991867621,0.003506671544478257,-0.00037478856950023953,0.002352720681772391,0.003007171113888374
2016-05-10,0.0006808945102922959,-0.002762024814527031,1.0694770102848139e-05,-0.0001579442554582311,-0.0014305811925723333,0.00024962760948521456,-9.12575499321111e-05,-0.0025927276381603193,-0.0009607602164132256,-0.0007196900694212971
2016-05-11,-0.0057461888404184425,-0.001669908011520893,-0.0026817538190464507,-0.003834843415978395,0.006376592081791088,-0.0013592810527374155,-0.0030427039353535523,0.005407649231216949,-0.0008717283721053626,-0.00211246799087228
2016-05-12,0.009020143997161334,0.011527708725235009,0.009619931063901577,0.009506602923778473,0.006948402898540262,0.007865868804964649,0.008389744817283162,0.007086725381758141,0.007694110620177552,0.007902177059884163
2016-05-13,0.0029583914808284373,-0.00434264154365871,-6.137264436323342e-05,0.00099030417117274,0.002538996252882786,0.0031270767608160277,0.0025198487096307343,0.002801951711948192,0.0040058076703273215,0.002758836246579799
2016-05-16,0.006400506256351912,0.006799432710504094,0.00540806099353075,0.006139642303331527,0.006083265433178386,0.005492779327355812,0.006062208220379173,0.005716933467953211,0.006268924809484933,0.006261341142543397
2016-05-17,0.00919318811233416,0.0048859116059105645,0.00691883428976392,0.0076145743232702845,0.008269074490147021,0.008015812235094177,0.00822564784173685,0.007710076253080178,0.007869557027555318,0.008167366952199107
2016-05-18,0.0026490519672375257,0.006032752816560238,0.004522849977105503,0.0038115102495623887,0.0025499052679420764,0.0030179922347945976,0.002961921709264459,0.005720617828173902,0.00296783237693643,0.0030361311335098673
2016-05-19,-0.0010689098413837472,0.000179246508583919,-1.1197773398752275e-05,-0.00014815528400780043,0.0012859977758159502,-0.0007167780923620359,-0.00054103644518122,0.0025576166566316783,-0.00019137351935683,-0.00016998981163995897
2016-05-20,0.017498816637775194,0.01212921563589453,0.013949827866825748,0.01489755116745628,0.009927836280032576,0.014503991782418124,0.015319976463657126,0.007695846044108778,0.014191182923613876,0.014395551610096646
2016-05-23,0.017856293631641762,0.013418572192158473,0.014021629600557084,0.015310576825308342,0.0060967289206632636,0.011661117137329535,0.014172504618573223,0.007907503413162376,0.010931655080112845,0.013438900971532997
2016-05-24,-0.008433169801205787,0.0012104437239186527,-0.0057777423267547645,-0.006753052248249403,-0.005260397031860098,-0.007583957037594069,-0.00746413827463388,-0.0060068574038595335,-0.007095106835866338,-0.007396138738951175
2016-05-25,0.015522450816359834,0.01639640739278625,0.013967244205769891,0.0149852996110873,0.010986006141834093,0.012414432522777963,0.01377137875584622,0.00945333549591898,0.013184108276104611,0.013290387466460274
2016-05-26,0.006823060884894705,0.003432646239144299,0.005520588456076725,0.0063964855988973834,-0.0010003227467009213,0.0041052082044807925,0.005092873296633993,-0.001273051715310447,0.002518022337324677,0.004337440706134288
2016-05-27,0.0019427234010016559,0.005070923102217906,0.0031706509345510447,0.0023550580836289026,0.006408997508352776,0.004404463456454399,0.00345106779590032,0.0035019348932325833,0.005425565215120942,0.003201874672791316
2016-05-30,-0.0029680046186693065,-0.002094863233912836,-0.0022527949780182244,-0.0023287491148425987,-0.0012990695540404662,-0.0016337119034077752,-0.002225175188979245,-0.0033599970200109963,-0.0025707797675833532,-0.0025031319760051574
2016-05-31,-0.01270386711908067,-0.01127081035452382,-0.011888766734556633,-0.011843723401569806,-0.0068310117918751745,-0.010811152253633605,-0.011391988419089394,-0.009136682644665273,-0.009386167409713653,-0.011167769887983514
2016-06-01,0.01202955828391672,0.015108541652814722,0.011891733458753384,0.012191405540629585,0.010026651969028633,0.009237532257461156,0.010253707134335599,0.006600645705356456,0.006613132140909528,0.009035833318836728
2016-06-02,0.007403930655204061,0.007141321916873888,0.0072839005553222425,0.0073162394214021376,0.012284432968940662,0.009815621888435988,0.00865871848778843,0.009044468587712684,0.010129442767628616,0.008527793684470542
2016-06-03,-0.0025670412519014363,-0.004013167852715438,-0.003794233560080129,-0.003646524407524332,-0.007015132752614339,-0.004120949284751818,-0.003568279612260694,-0.0039945683855402425,-0.004389927847817443,-0.003477633541297709
2016-06-06,-0.00532320166611111,-0.0011512573512322266,-0.003035919521727326,-0.003542408225955196,-0.0009806598469802585,-0.0035692345410544,-0.004270662680786463,-0.0012501471147191578,-0.0038255106954162565,-0.0041824527282228185
2016-06-07,-0.008995101641491976,-0.004761412299716605,-0.007168176910653745,-0.007682123439431976,-0.007275292356206942,-0.007941426704263121,-0.008235709582096407,-0.005047502830172634,-0.007103647628016518,-0.008116473934574264
2016-06-08,0.01417892743066873,0.009378636167752141,0.010976267183487654,0.012233457430950834,0.008412399503746837,0.010723228612989022,0.012056156178998245,0.012898063941091387,0.011652977312836876,0.012555530910245416
2016-06-09,0.0043622089303185785,0.004243807788580245,0.004670157316298829,0.004820637782064541,0.007373208295041733,0.004881208627415257,0.004877301097363507,0.007613852195936799,0.005776841496631935,0.005365998101741987
2016-06-10,0.0035295968379365217,0.007621460460746299,0.004937765397607263,0.0038326121494951515,0.005179389479847529,0.004127882990998311,0.0037702637258674176,0.004618040578278304,0.0024674799037551765,0.0033599713403815734
2016-06-13,-0.00012599113585232136,-0.0034784142055477307,-0.0025171133385673006,-0.0019855988710060224,-0.005714952766149084,-0.003045916389703862,-0.0022760700933894817,-0.00765464429711471,-0.003985074329181604,-0.003180489054481095
2016-06-14,0.010978126419805223,0.0008945310374774973,0.007505382441157726,0.008746248348811214,0.004644156491449891,0.009371971765969933,0.009666265933430784,0.007025437634545995,0.009899805439427922,0.009818311445344285
2016-06-15,-0.009966832024407735,-0.007883029009556952,-0.009179957128839566,-0.009517593974532668,-0.010180226881729926,-0.010154146240450523,-0.010181117193934108,-0.011521322499423392,-0.011205508861899527,-0.010446347910767595
2016-06-16,-0.014485220280497035,-0.002625677223178746,-0.008744772908370946,-0.011446451646482725,0.0015077613913709875,-0.008141536028610341,-0.011158942484228218,-0.0018094067420020288,-0.009725813138402595,-0.011399444863659292
2016-06-17,-0.0036810357433643137,-0.0034775756476473907,-0.003855658381875182,-0.003936745091986382,-0.00427187789998229,-0.003733910803045637,-0.003773714056867994,-0.0031677512387120466,-0.004158648006246768,-0.004023534640500537
2016-06-20,-0.0034046657540053316,-0.0037176123311989384,-0.005162806775056095,-0.0047420633864542205,-0.006308979828532069,-0.005935169489790892,-0.004833249934573014,-0.004644354627652003,-0.005592216442865672,-0.0049868009092649546
2016-06-21,-0.006251379041148808,-0.0020866898918678878,-0.004008027672745218,-0.004496732087112765,-0.00016677117506769257,-0.0037087008613755357,-0.0043793349607536,0.004025137069846529,-0.0031836576628363478,-0.003418036831215998
2016-06-22,-0.007988603370262526,-0.010407280004476549,-0.008625647382669577,-0.008484445418032616,-0.006490931746473971,-0.006875366673142702,-0.0073169485683175495,-0.006751367273910569,-0.00747336891690753,-0.007175710011342762
2016-06-23,-0.0002826847356690587,0.0013374308168845328,0.0007969127172655632,0.00023187398208635024,-0.0015288773021771007,-0.00013818374116403298,-0.00012990568875670405,-6.678657754977113e-05,0.0004621428881494971,-0.00013608616489169112
2016-06-24,0.0030480979894771387,0.00481045605390773,0.0032458175326075533,0.0030656942706501766,0.003226676250775329,0.002687601250524807,0.002785588924319793,0.001878488110439891,0.00236095065866615,0.002413507273973936
2016-06-27,0.002831105927511457,0.0024782496955653155,0.0012912943287821665,0.0014368547158143397,-0.0019694462070593,0.0003458546291308373,0.001301458797673849,0.0006184245750198158,0.0005429695535710266,0.00098220865597054
2016-06-28,0.0005352261461704089,-0.002204016158354416,9.423073312864183e-05,0.000458168854742258,-0.0002935452254786419,0.0002188132881861815,0.00026230640342750355,0.0015794122038164105,0.0004191214577262681,0.0003283953506123538
2016-06-29,0.008895097890798676,0.010085865504340763,0.008854320632076362,0.008201648424064345,0.006733917703306114,0.007986470042651739,0.008180357941543148,0.004985451246209527,0.006493558231630336,0.007530403551936127
2016-06-30,-0.007243813240997099,-0.005134425403183096,-0.004831198237416845,-0.006097984515898713,-0.004835150664347809,-0.00494029493528525,-0.006278980997762917,-0.004668546246613281,-0.0056116596208243275,-0.006399417143893249
2016-07-01,-0.00902492990404391,-0.012200715887489832,-0.009317985718146904,-0.008882061391621399,-0.0076361564254143754,-0.008297984744638942,-0.008694883653002083,-0.008773302715971543,-0.007651881964499507,-0.00847883531204685
2016-07-04,-0.0034422475723181467,-0.0070849053630144265,-0.0058677906006195935,-0.0048289957171789855,-0.008170574089238825,-0.006105789043775345,-0.004778262055503468,-0.006654377768689823,-0.005928153271165693,-0.004816122938159251
2016-07-05,0.0037837255181838447,-0.0012749808214339575,0.0020566863608324493,0.0027546567029159696,0.001356748941801822,0.002560487884583962,0.003115966592290853,0.0019787872460756972,0.0024165541881246977,0.003066373305689263
2016-07-06,0.0022863888326862813,-0.0007649982202222461,-3.0942171818981734e-05,0.0006978052266002344,-0.0024271625489186155,0.0005290948168059639,0.0010219281797128055,-0.0024629397476096937,-0.0001885955278069229,0.0007685296951305265
2016-07-07,-0.0016481536935881724,0.004527140602671231,0.0009146640444119836,-0.0001308076074522102,0.004024699333203374,0.0005489711666595287,-0.0004003467804504224,0.004329163421135096,0.00025673024899974806,-7.153780110891184e-05
2016-07-08,0.0028303506862108474,0.0020530180339801696,0.0020618340155147408,0.002182766601242836,0.00044029370268172663,0.0014655692015750343,0.0018471099063921415,-0.001086897882761062,3.326863531416535e-05,0.0013520762988279422
2016-07-11,0.003977881492735813,0.004642935369935763,0.0034145381095755933,0.003661941698340998,0.003309013510254921,0.0037008704201024756,0.0037154562128638435,0.0019271429270704132,0.0027320696019828006,0.003374624266539561
2016-07-12,0.013135576845938912,0.01658750173126866,0.015143038069603598,0.014453075502059987,0.015227490721408499,0.014402313610678563,0.013898244127894754,0.013486322775044579,0.013342769266147636,0.01381331393277474
2016-07-13,0.003976768976915457,0.004739106667908555,0.004384613776553525,0.0044342036250095695,0.0038703106633568574,0.00432870688939424,0.004302750232144881,0.004259627954182443,0.005200103547793322,0.004536809582417867
2016-07-14,0.0029166725714937503,0.00936857985052253,0.005244056892729665,0.004295944779620031,0.003844809160979512,0.0032831157543675715,0.0034434561561846877,0.002603630793931,0.002995396292696073,0.002996822553209766
2016-07-15,0.00819907913689577,0.006851440224669991,0.00767621281448605,0.00791589042238705,0.003946411222115476,0.0071436429822568925,0.0076940412628259125,0.002043386702005101,0.006165420006050137,0.0076302212083496634
2016-07-18,-0.010329598794310724,-0.012096248487875272,-0.011171836620370246,-0.011117264005109595,-0.009685791387955334,-0.010672481846497828,-0.01075910589526241,-0.007616895547758684,-0.009492662755808512,-0.010149937611485083
2016-07-19,0.004823425627181299,0.008908090025911974,0.006211611476367507,0.006081902255753002,0.005471170474968368,0.005002645408245909,0.0053326852795381186,0.004880501115199998,0.005616852403694139,0.004765108302548615
2016-07-20,0.0039011935233979056,0.009395848463459533,0.005915392303106559,0.005534996993899366,0.003577766178453068,0.0034600212091167037,0.003908311322160962,0.0012794510399241066,0.002739821613302107,0.003293709585940219
2016-07-21,-0.0075377292804672535,-0.006359405269369844,-0.00722455714387904,-0.00761483231406046,-0.003948753907653368,-0.006439623678911821,-0.006905135563723741,-0.003223045347604536,-0.005244030401343136,-0.006637036079945258
2016-07-22,-0.008641329303545442,-0.0097842923530429,-0.008908237300443766,-0.008922871289122836,-0.007400044624245594,-0.008370273644836335,-0.008648980357135128,-0.007499836205799304,-0.00906791211205249,-0.008455822288363835
2016-07-25,-0.0017526639010974066,-0.0020577002562460756,-0.0029783662325653104,-0.002606998817196615,-0.0050405959913220055,-0.0035190690339688135,-0.0027683661541503257,-0.006640467991071208,-0.004446963634727075,-0.0032125376837992548
2016-07-26,-0.003912582350527383,-0.004151467845775136,-0.0036545914458244733,-0.003413829633198029,-0.007938843186285016,-0.005463449989993596,-0.004436020986820277,-0.006834376676818632,-0.005390476542891598,-0.00456348101930204
2016-07-27,-0.0023186488974016317,-0.005815724623977614,-0.004496516135766293,-0.004035365463108231,-0.0031625227507884324,-0.002943181455176913,-0.002806226181843008,-0.0010547969741162566,-0.001351052672930786,-0.001882653497140785
2016-07-28,-0.008036994240169237,-0.005984229607723268,-0.007863227013984675,-0.008019412256848768,-0.0033083998533794956,-0.007613850304850511,-0.007771227689631455,-0.0025896394020979985,-0.006698039593982075,-0.007328837853832981
2016-07-29,0.004309921570546882,-0.002737893314811224,0.001562987382981662,0.0029846520094469753,0.0030269561691607105,0.0035072525157047174,0.003823857602998082,0.004166877820626302,0.004709051906262918,0.004380886181297505
2016-08-01,-0.01586790579814501,-0.015461108200537477,-0.01567856142434154,-0.016032835226745812,-0.013801644340118546,-0.015533590256085472,-0.015893041420763865,-0.012769164009757028,-0.015081470648841022,-0.015214683701515797
2016-08-02,-0.011514090695947887,-0.014943963628767598,-0.013235952619294222,-0.012657209556305005,-0.009924577379214705,-0.0115700110576894,-0.011613000349645186,-0.008290203144740271,-0.010655013099952426,-0.010851138305499775
2016-08-03,0.009291520113086316,0.004713090811249154,0.007824187496769719,0.008699635514630488,0.006936694560190748,0.008668734663821231,0.009106036575986742,0.0066519468494079526,0.008921544641562917,0.0090610919144265
2016-08-04,-0.00010944827543613034,-0.0019425188575783459,-0.000618093599156877,-0.000611365298391342,-0.005558010062140739,-0.000851039747817639,-0.0008117829618135008,-0.0065684707451811875,-0.003103528009099188,-0.0013187564325307655
2016-08-05,0.008862217540162032,0.01562991385390977,0.010432699909693088,0.009780465184385356,0.008338258367332374,0.007939882603001935,0.008363183375866612,0.003998225709366698,0.00510419796605488,0.006810098229926176
2016-08-08,-0.00929697755555503,-0.011774940045278903,-0.010330446256735515,-0.009766692157792134,-0.006948075111722463,-0.008786053803516047,-0.008912868954701114,-0.010051065641785262,-0.00935017789482473,-0.009292544093339017
2016-08-09,0.02451727738838616,0.015141069879756497,0.020339386591486486,0.021934363350375685,0.018256894335929363,0.02308342309357103,0.023255511839825216,0.01850220230712729,0.023532672011438382,0.02339418317995423
2016-08-10,-0.0006855443585686016,0.0019531680534554674,-0.0006436751412434161,-0.0007349906881067847,0.0034559967902751954,-0.0007921823695636876,-0.0005252956380452645,0.0020213883388504605,-0.0008645446254829103,-0.0005765364619294555
2016-08-11,0.00047470641083546816,0.003580582679407751,0.0017266130591926387,0.0012876422478949046,0.002852697701145601,0.001425814510622736,0.0009172214755146513,0.0018999119876064174,0.0010204506844377903,0.0009251410476345256
2016-08-12,-0.004341804413595884,-0.0016709225356366098,-0.0038837438392113066,-0.004230984435139362,-0.0005810748808305899,-0.00340763656830978,-0.0037361410901477488,-0.001013094609152665,-0.002700567159675926,-0.0035924032384926363
2016-08-15,0.0007115928106773417,0.003926993525284361,0.0017137545165066825,0.0016291952250040431,0.00165693350268592,0.0013252658947671137,0.001272808226073563,-0.0009315207662793368,0.0005681820894658518,0.0006817651972788052
2016-08-16,-0.003570955394820885,-0.0038433872494569865,-0.003448931528494237,-0.0035870363701941965,-0.00216172590479069,-0.0027941860054284673,-0.003139760532330671,-0.0036079756258882156,-0.0030037149301436195,-0.0034682965457459858
2016-08-17,0.007083196160755811,-0.004780726094368304,0.003399449167183599,0.005195114157967806,-0.0001721445058280313,0.006236101235003844,0.006185173401533017,0.00490529779188309,0.009076064606117207,0.0068612229954405635
2016-08-18,-0.006554714389429228,-0.0009118471158700014,-0.004074985497548589,-0.005093944178718335,-0.0038634870920245534,-0.005634912948474513,-0.005811273214551882,-0.005355710929472957,-0.006424378930581898,-0.005759287746534669
2016-08-19,0.020865697915990244,0.013688008839138899,0.018568626529188226,0.020149492155756565,0.01468942757734304,0.019001055915463194,0.019805339376318454,0.016094944493470376,0.01908914836737341,0.019522813739530687
2016-08-22,0.008320929370586372,0.009958619360039389,0.008332791029431297,0.008614375958017506,0.010341891539205506,0.008560391233656928,0.008629209971176,0.008913026847656047,0.008199271057492297,0.008293706776314247
2016-08-23,0.007830339570773281,0.008819085420138428,0.008575831350189134,0.008547721956751797,0.002229639710941367,0.006036789193000658,0.007148432739830124,0.0055666428107865595,0.0057625522744992885,0.00728679480668859
2016-08-24,0.004286811596024842,0.004398078205210876,0.004639710752472492,0.004429271778999766,0.004165343691443724,0.004479420402271783,0.004196408384878003,0.003121726869483643,0.004467111302819848,0.004136601694413322
2016-08-25,-0.005096582092840363,0.0012294445991720693,-0.00229780870597196,-0.003277362209787471,0.001237606300284133,-0.0019089480689549188,-0.0033111977882973598,-0.004422932072254637,-0.0036079225481625565,-0.0038296156466810505
2016-08-26,0.008308461281422153,0.008174732782612493,0.008331311164451849,0.008377165469481973,0.005843925717603282,0.007711514424503463,0.007813801953956645,0.0071837994857253396,0.007390056818224577,0.007849694891636894
2016-08-29,0.0031476138948447474,-0.0004692648782863573,0.0021470154989706725,0.0026138924924132834,-0.002281114179493726,0.0019070691760663117,0.00254810112003212,-0.0004389265991792124,0.0016818577346047192,0.00281230941677979
2016-08-30,-0.00427568813638457,-0.009066459616453804,-0.006388518804446908,-0.0054320081903517226,-0.010318546540049378,-0.00681356801054489,-0.005625612989785367,-0.007432883182461714,-0.0064209973306041945,-0.0052481064202518635
2016-08-31,0.0021368698965458233,0.003567644281009308,0.0020128244446953047,0.0019777958959632524,0.005291164173388596,0.0028462536100841707,0.002554781191771216,0.0032030543231611475,0.002813476741303056,0.002453080440425248
2016-09-01,0.0013433190824805319,-0.005960191262117109,-0.00043337046289515513,0.0006048347220386496,-0.0037031801620370786,0.000632889555605809,0.0009842128122399263,-0.005478373423691729,-0.0003584645085495941,0.0004468752949366994
2016-09-02,-0.010077421350224935,-0.014472307978844912,-0.01162593948014623,-0.010949046226273795,-0.01367253528523693,-0.01128148262547879,-0.010867113033750986,-0.013016583680252158,-0.010762899239995405,-0.010907685756810337
2016-09-05,0.027686299199954023,0.03033032965729454,0.028406990503619944,0.028403483899601678,0.020374672232633673,0.02474919894460359,0.026456192497046782,0.017144921050479933,0.02405298482538143,0.02572706308323447
2016-09-06,-0.014196036974689297,-0.014937997815206105,-0.013913285030647149,-0.013691217564893332,-0.011153329491655928,-0.012875520270099194,-0.013129518407571372,-0.010443218847911218,-0.01167566108853868,-0.012582118465526815
2016-09-07,-0.0028630180197354305,-0.005549367478675182,-0.004427404405916935,-0.00405533877249542,0.003811566361083152,-0.00011680716660267265,-0.001689338114657768,0.0022718600337219286,-7.345567601768632e-05,-0.0013495056899774927
2016-09-08,0.022247288318788083,0.021448296183346205,0.02163528728667896,0.022338967656992725,0.013397995693123166,0.019105306441722147,0.021011978951854804,0.012126954683672864,0.01921478868720361,0.020368690831802816
2016-09-09,-0.01936245080081156,-0.015488041275649178,-0.017905737533206123,-0.01873304398578579,-0.007656560490550524,-0.014872886325478452,-0.01722342726776649,-0.00800432845342991,-0.015108291372536886,-0.016763112315652973
2016-09-12,-0.008753801828288221,-0.00024788281315646365,-0.0038477855745265854,-0.005712616807339033,-0.005860183652983908,-0.007515475235020053,-0.008249208610508485,-0.0066208308435098395,-0.008270212514258968,-0.008672661434448115
2016-09-13,0.004094273183426589,0.0030159147866339886,0.003332429853234453,0.0036461241022964774,0.0016924780161788888,0.0032531246775415745,0.003941114954513214,0.002371221548375324,0.0025219719116489347,0.0035619956979342504
2016-09-14,0.01121683493103287,0.01591551264897939,0.013436755856976124,0.012698400393043041,0.0036514477762856767,0.008185894292199514,0.009893534239353352,0.0025754523827536957,0.006794357176364008,0.009142681474636483
2016-09-15,-0.011792906021478422,-0.010332175805420452,-0.010668611038866516,-0.011119648147946637,-0.009689437201099493,-0.01026245216787025,-0.010991973701219737,-0.01204803952206479,-0.010947715727523066,-0.011198803618984066
2016-09-16,0.00996171892697073,0.017265922189604987,0.012940571449311822,0.0115702157066091,0.015237450540673825,0.01156752769003222,0.010744205085209346,0.01341012533180952,0.011858214366407438,0.010614408633416783
2016-09-19,0.008248770452221388,0.005741818922585518,0.007681231049268211,0.008146081219943202,0.004906662260189654,0.006813356031758477,0.007764833697331719,0.005063030737578078,0.006424611126913726,0.007394616564435408
2016-09-20,0.011217856621744682,0.004782934607475919,0.0077673239771689495,0.009250998696280321,0.005464318880553876,0.008831818471013442,0.009906888485017085,0.009609398067234043,0.009412083373996127,0.010385148097206809
2016-09-21,0.004809751840893162,0.0007215973568237555,0.0018162854675285445,0.002858444216844891,0.004014140805552291,0.0034441945771706006,0.0039033936412509185,0.004382200070691011,0.005411626676008918,0.004368324950619007
2016-09-22,-0.00035282611497489125,-0.0006145579901385423,-0.0008779355561843172,-0.0004414102980214718,-0.0031855370115752013,-0.0012873394858650133,-0.0005335301808178095,-0.004049374521449267,-0.0008830413924747482,-0.000626998734578943
2016-09-23,0.005060281249510856,-0.0036212493934121293,0.0015633145292885953,0.003155518461732676,0.002294912155682338,0.003803719997316879,0.00430575015963619,0.0024760421196288185,0.0034075208656294542,0.004285246298161072
2016-09-26,-0.013386795743210667,-0.007964484694557905,-0.0110835921420257,-0.012451332743632637,-0.004342507613341984,-0.009573153136077872,-0.011467326401594313,-0.0034787964834680496,-0.009157511535662799,-0.011215357629932088
2016-09-27,-0.015736924510324934,-0.011744710326153318,-0.014382476102430819,-0.015310594161542346,-0.01296596529129912,-0.01466338456298577,-0.015075357649220189,-0.013892073728267729,-0.013802348234523087,-0.01470637173177658
2016-09-28,-0.009449264713985328,-0.0027443638029068795,-0.005570392598748031,-0.007340743291067042,-0.005762238760041116,-0.007192595086498832,-0.008489479235344377,-0.005260268719248562,-0.007527497215436996,-0.008486517037236796
2016-09-29,-0.012315594187219614,-0.006546836935479083,-0.010172681198885258,-0.011456089254460844,-0.003503131602601739,-0.008747637544161191,-0.010404934124180754,-0.003929975497340088,-0.0074369677993142425,-0.009800366930938553
2016-09-30,-0.001422999346991194,-0.004394115205126559,-0.0027941601074270572,-0.002276079710803014,-0.00011828227178289907,0.000422613151515705,-0.00047243112390638053,0.00119985857144278,0.000536152685225888,-0.0005370825697933457
2016-10-03,0.00019238975170510209,-0.003907318671739102,-0.00019484642275113817,0.00015025921150391142,-0.002688691535819965,-0.00041489076138978565,-0.0002055169096666365,-0.0023145103637851605,-0.001275880504348681,-0.000364935237667674
2016-10-04,-0.0069796701970707975,-0.010167829336307,-0.008571403264201694,-0.008280565419217956,-0.008655059740308113,-0.0077044883142237675,-0.0075751259309142505,-0.007501529668441753,-0.007353621225985929,-0.007066443420683077
2016-10-05,0.009133120937439454,0.009014599687347413,0.008862043489509253,0.009084797581019544,0.007340637299445341,0.00737680085488801,0.00819069874037992,0.005620769009965443,0.007172973257520976,0.00793455595570225
2016-10-06,-0.0004880493487193771,0.007014926913780251,0.0033072626357686374,0.001595763230242797,-0.0019860775660049956,0.0008733371417650737,0.0007941260670194517,-0.0007874433794523572,9.660038577585794e-05,0.0007896965814044865
2016-10-07,0.002573464652862123,0.0008216161487333284,0.0014864885762810864,0.0017710503078733897,0.0057437668992283974,0.0035740888541244686,0.002867306677930337,0.0045450287259261035,0.003035113230831943,0.002657018078102924
2016-10-10,0.01195664274259145,0.006872660210659243,0.009319729653822773,0.010730973138015631,0.006034092877673203,0.009752953870009407,0.011095913631625098,0.004387595788969856,0.009639181006323216,0.010734849987603212
2016-10-11,0.003738426895236735,0.0037727210367142217,0.003940023123500946,0.003785272591602551,0.0014295808953677103,0.0031479659416644434,0.003386022062603633,0.0019394250495141652,0.0027833815728319777,0.0031425391520738533
2016-10-12,-0.002396935378442766,-0.0031907755866377174,-0.002322777957790345,-0.0024963099515250553,-0.0024415618663666816,-0.0024679760911626714,-0.0025198789330013183,-0.0018890518756704555,-0.002725988968721227,-0.0023582326993492053
2016-10-13,-0.006974825148581942,-0.0037759583081913295,-0.005676280225419661,-0.006598048216654773,-0.003950881613762558,-0.005183087876686865,-0.005903038114965065,-0.00123407940953002,-0.004489307720637381,-0.005144697060949666
2016-10-14,0.016509607398626835,0.014977606739925431,0.014856842703272477,0.015473540468401659,0.014932131263675874,0.014135124751759598,0.014933896065545849,0.014003203597928282,0.014494309369428526,0.015217576042771297
2016-10-17,-0.0020178312576051294,-0.0007090856688005687,-0.0009183803353652875,-0.001338391710801412,-0.003482703971035672,-0.0019092053076609217,-0.0015963763456012803,-0.005277572782489637,-0.002183863257559482,-0.0020137120928791497
2016-10-18,0.015315211176869736,0.015298056814317063,0.015474008028588004,0.016021462200559666,0.009654503059857156,0.014180855840111306,0.014794058755713158,0.008524456753145504,0.011715915813730104,0.014142518531602644
2016-10-19,0.0027514817723379714,0.007009811403997368,0.003884586756817354,0.0034299340899683894,0.005560858743876906,0.003486001307325459,0.0030303734272303373,0.007551781632513244,0.0045953460996619455,0.003438465796037349
2016-10-20,-0.01826386005649283,-0.013372986434376455,-0.014935585090674608,-0.017035872294242305,-0.011603445363192133,-0.015823578036965658,-0.016976043071637248,-0.00996336646444318,-0.013725315068324084,-0.016141606988208324
2016-10-21,0.003901942685095916,0.005708864543060743,0.005502948295962984,0.005379719163631336,-0.001190830977331414,0.0031819136225004208,0.0037019226713572717,0.001085149780726713,0.002464967336307078,0.00372423831116242
2016-10-24,0.011752155109159945,0.00723852300296457,0.009448686279136531,0.010292948792493872,0.009632510969217689,0.008987948808917068,0.01005773075249805,0.009175651875649393,0.009903335172648076,0.010361983803362174
2016-10-25,0.009559941668916494,0.013727838271892168,0.0127317403951821,0.011927604320385976,0.011830983459895972,0.01120892455872946,0.010660295750414495,0.010956209736593836,0.009714327189936256,0.009380487647822955
2016-10-26,-0.011751591261002559,-0.009978038151438384,-0.009266146083742766,-0.01040534767033141,-0.008254833741579759,-0.008510045820605883,-0.009710158977413674,-0.008409719909180602,-0.008712300553079366,-0.009746514546883578
2016-10-27,0.007867919769435128,0.006583018046958378,0.0062692630551424156,0.00718489316308446,0.0059298019306210925,0.006459236151107772,0.007205377022002413,0.0023730301832232126,0.005542506364719646,0.006509555920314325
2016-10-28,-0.001307136299948719,0.002315704816802322,0.0012287225534419743,0.0001220833652915143,0.0006804334781485011,0.0006398299056693535,4.968146406225671e-05,0.0008700775533900806,0.0006100486618123568,-6.0511906663118786e-05
2016-10-31,-0.007745338750913766,-0.0047626797605886395,-0.004484631902520686,-0.005969071998770614,-0.0044728537975931015,-0.004973988704510934,-0.005932516075492833,-0.0027334922540644957,-0.004685940027456592,-0.005936487221973263
2016-11-01,0.007143894962189368,0.007245799194461888,0.005300693876680196,0.006228562873265453,0.006173011352512914,0.004940947239771232,0.00567371967901531,0.004076304300113076,0.00455155623156589,0.00530023182693129
2016-11-02,0.02242530341216553,0.019135956961015443,0.02025804755814642,0.021005646005117562,0.016113865344804967,0.019426405484108678,0.020651366426191586,0.01701222999401919,0.019752653961814692,0.02092139690968864
2016-11-03,-0.0027768197792816807,-0.00919218735460492,-0.0054164781827289454,-0.003960755923590464,-0.004703838573702268,-0.003982068503531,-0.003612242665946841,-0.005187451388909636,-0.0051280227101164755,-0.0038415791359747153
2016-11-04,-0.008384870149928059,-0.0035708818349048377,-0.004553700541324313,-0.006405931959324707,-0.006501123155596811,-0.005967113275477609,-0.0068485609573392114,-0.003937942520676696,-0.004933108846232215,-0.0064199273750149555
2016-11-07,0.0030078460786990835,-0.0009259196047263218,0.0007119752754680686,0.0014072473943818053,-3.458070472450725e-05,0.00149066115139318,0.0020747855018103945,0.0009149214573498377,0.0017289147920711567,0.0025417013172586156
2016-11-08,-0.023395459093781268,-0.020322095116713568,-0.020417413042091215,-0.02161265272441515,-0.018931557365544194,-0.020246767770689234,-0.02138417658659819,-0.018396209191926194,-0.02039801237917782,-0.021450470626446894
2016-11-09,-0.010824913521537916,-0.0051753043380273756,-0.007026997500335863,-0.008548062036717652,-0.006798007406031981,-0.008040181576441707,-0.009268976617153202,-0.006909512872970147,-0.008754157330195467,-0.009536907564654529
2016-11-10,0.004627556125577081,0.006489693257923035,0.006267874028040188,0.005444370756503947,0.008817412072421149,0.007191387162749585,0.0058531068278495635,0.009093387604646397,0.00668257519208959,0.005914223006882491
2016-11-11,0.024989313970235294,0.025977619932508134,0.025431079291493575,0.025636557509584712,0.020315506395668592,0.023385165712732192,0.024449029100303665,0.015955530232220294,0.022387156248729445,0.023758494928237894
2016-11-14,-0.0097418189013172,-0.006131604289008941,-0.006629388129089198,-0.008256406721562248,-0.006328720068166205,-0.006282505796247784,-0.007746434255581192,-0.007098733154786041,-0.006641843267164549,-0.00767764596927778
2016-11-15,-0.001306578253323809,-0.0013602328197511726,-0.0022400962076496445,-0.0016426412933329138,-7.517978183968488e-05,-0.002149901589301617,-0.0018660235841130302,0.0001015665975552249,-0.002421208517111917,-0.0019920688533705544
2016-11-16,0.00048181693845594786,-0.0013680477240390898,-0.001178817816881006,-0.0007971396790608098,0.0008404990838410953,-0.00015032929383851368,-0.00021786888564512275,0.0028006393563191345,0.0006431220760749756,0.0005162750345766298
2016-11-17,-0.0008541342003948182,-0.003760253393942703,-0.0022812631560933383,-0.0019649189092125763,-0.0026332398457580286,-0.0016530301063506503,-0.001389653215711939,-0.00356924755415422,-0.0004052353638993589,-0.0010066469280107793
2016-11-18,0.01786400206777561,0.019159836850324075,0.017792632980738077,0.01761303785333479,0.019726552280611598,0.017558834925558875,0.017627025785483585,0.016349934600121685,0.01800505504510097,0.017783643526624537
2016-11-21,0.009419913799481261,0.009970781036037435,0.00885780036800754,0.009146716566926116,0.010622452775010949,0.008929678731571133,0.009202958120543059,0.00756820598690755,0.008228622692511456,0.00869833308352752
2016-11-22,0.004684824848925517,0.003989024407497599,0.0041623037510905014,0.004292765239112484,0.0035441458662617276,0.00403886657891972,0.004293605899781561,0.004008630468576468,0.004458556882209752,0.0044295427840197465
2016-11-23,-0.007859360651669478,-0.0027710216656290365,-0.005932264143916122,-0.006708921071154728,-0.004896539791482413,-0.006200486419369766,-0.006792617110808918,-0.006752159890647813,-0.005819511142711065,-0.007186216246566346
2016-11-24,0.0012547317846640649,0.0008820483444595961,0.002372705022809729,0.002013115296322532,-0.0008526308113218084,0.0017636568049617107,0.0014830575794624323,-0.001161369581205829,2.8212414684869458e-05,0.0012398111406024537
2016-11-25,-0.009161048510936687,-0.008457420948073002,-0.007702514376972447,-0.0083011550139922,-0.010212091111947985,-0.007956701985386339,-0.00855789410647323,-0.009149653119014278,-0.008553227906853866,-0.008657151842848765
2016-11-28,0.007377008926973572,0.007604147493706526,0.0075770807184627476,0.008035085680349052,0.0064398118616622035,0.007361424582705611,0.007531525854664434,0.003419881452116913,0.0059011245690565595,0.006976222156893197
2016-11-29,2.203608443562821e-05,-0.002844958812507792,0.0005819491010359279,0.00045301552770693476,-0.0011681564609929973,0.0011194598137975742,0.0006041328736992035,0.0008506044607681229,0.0014829321046303523,0.0008514328700037765
2016-11-30,0.009667503508544506,0.009218596264209955,0.008078162806624212,0.009122371052203704,0.007688964777137208,0.007580999250841547,0.008612857792699824,0.009122338532751684,0.008316899885676854,0.008567053928009605
2016-12-01,-0.01256042638602295,-0.015204110465123932,-0.012598204484700504,-0.01237429308251825,-0.012121972470947928,-0.011233318070730913,-0.011925090730207422,-0.011508072833478211,-0.01194478688834466,-0.012059389329001524
2016-12-02,-0.020306191789783545,-0.019032744096375342,-0.018157278417141542,-0.01900887981432342,-0.014592068552561788,-0.017300259765527404,-0.018675297256504297,-0.013798930132283949,-0.017608404749856144,-0.018679279422764372
2016-12-05,0.011077708833681088,0.017183853677064764,0.01283659134116033,0.012563474528885843,0.006642746501640984,0.009145749869228448,0.010607381816485129,0.006195422492467184,0.008089482981527008,0.009832080322246028
2016-12-06,-0.0005791399465067126,0.001054997114210865,0.0001790059111199671,-0.0002939519831985926,0.004385658956119753,0.001771629621032389,0.0004096486739784133,0.006591598102879681,0.002058083970872371,0.0007434132717190067
2016-12-07,-0.012864210397091291,-0.013921425939058651,-0.012778640213028214,-0.01304217533630192,-0.0058677814435857956,-0.010010985383820725,-0.011650994061381592,-0.005719171502062359,-0.009666754242965592,-0.01128376142234988
2016-12-08,0.0078031806706644335,0.012191103740348597,0.009046436335079289,0.008875641981981541,0.007744734480939819,0.008216034457923183,0.008153321770741906,0.007459946098423265,0.007805877361214186,0.007601927321885915
2016-12-09,0.014723279363773711,0.01587658884998855,0.013200624216165302,0.013472424292431562,0.006365475982978097,0.010920765521907239,0.01296402500208016,0.0065746901772096855,0.01251860942842642,0.013197790326823
2016-12-12,-0.015007798792488591,-0.01408690393644707,-0.013499815363177126,-0.014150014578158676,-0.00976290113905165,-0.01297756551023499,-0.013810400494364217,-0.011252935532859998,-0.012698300720812572,-0.01420086321135361
2016-12-13,0.01733801071021035,0.012846893854423502,0.014731099400615344,0.015984253277149474,0.01062930532932449,0.014355026784056424,0.015406708927923285,0.011731871472207223,0.014679707030932354,0.015239209742986315
2016-12-14,0.00210488656602581,-0.004965357312234353,0.00022433935705090668,0.001203406718847555,-0.0024469403919795685,0.0015601825075362008,0.0019212477093917268,-0.0040015848393731845,0.00093128432473355,0.0014742614365008677
2016-12-15,0.0005179713852825341,0.0033605179220794756,0.0024222226812120606,0.0014953096199090687,-0.00022205331715186016,-0.00044290738257024564,0.0002510209539057229,-3.393187846267853e-05,-0.0004139575112166449,-1.4013387815481337e-05
2016-12-16,0.005216532579893185,-0.00034226678443971537,0.002438303374807438,0.0034686743711884738,-0.0022619942132862114,0.0028223303796164334,0.0037983576899440763,-0.0031223484465030538,0.002557471149975621,0.003879899259541908
2016-12-19,0.005604467615823561,0.006430261179887653,0.0066745163071257885,0.006792204890039066,0.008514749739883865,0.00691615397851697,0.0062567790798595535,0.008397932096656513,0.0059646393733254754,0.005609971709585659
2016-12-20,-0.01965357876309326,-0.013643636084799904,-0.015612493880263756,-0.01739103697190325,-0.006306371803756927,-0.014177249608504638,-0.016481347974781513,-0.004543781205074038,-0.014506012514901356,-0.016499040402720988
2016-12-21,0.003430565335916347,0.00263432774664496,0.00301376509898299,0.00312623895758124,0.0022969787266966524,0.0029580589770539234,0.0030468686662563638,0.002138662008222214,0.00327957728399908,0.003318606369470789
2016-12-22,0.009659245947531536,0.004415437255505639,0.006146971602567941,0.007622453950823838,0.0016229449045335187,0.004813809049496021,0.006792579202757665,0.0033811741165206133,0.005063265765399949,0.006998672334058709
2016-12-23,-0.004830916356567183,-0.006393325619262313,-0.00494829693189569,-0.004722520841036415,-0.004618446068246573,-0.004354400158669058,-0.004566461398646027,-0.004044015465708761,-0.004872614196867353,-0.004754425521341643
2016-12-26,0.007390400833474642,0.007872601395425116,0.007309558209112943,0.006835884919493607,0.006373552357350709,0.007014894333389865,0.007013601699200178,0.0060221939291214,0.006574600761343863,0.007485585905607994
2016-12-27,-0.0034899976289857193,0.00023906278213359222,-0.002137618412018094,-0.002974087055135466,-0.0013528862491490878,-0.0018179336459727136,-0.002560179384774486,-0.0008509038625575949,-0.00170719587014867,-0.0020675686047275654
2016-12-28,-0.004683762380255585,-0.003314083919326527,-0.004302672827567688,-0.004811389962523505,-0.0064170798643155,-0.005006729304216195,-0.004638825151092929,-0.005918246544865169,-0.005240740191076454,-0.0043331137033331135
2016-12-29,0.007647819622077057,0.0048266385670017176,0.007392367700494118,0.007938694405957847,0.003905924431420571,0.006415442896898771,0.0068080584827208135,0.0023560203073798025,0.005154700927604949,0.00618222632428278
2016-12-30,0.009345518926533236,0.01137196129867779,0.010213831112237282,0.009550109734612455,0.00659800560262136,0.008424695439855467,0.009056455023671361,0.0054159942731768496,0.008278845084166653,0.008606738194777863
2017-01-02,0.0025923423462643758,0.0015273680122362965,0.002758474020264634,0.0029080930784801673,0.008815275003002387,0.004295419958567415,0.0031584875184402783,0.008670311382339202,0.004643912128315053,0.0029878809612207125
2017-01-03,-0.006067342987793767,-0.0049064652701776845,-0.00500323242195766,-0.005538265748382787,-0.006319956171248364,-0.005113497515726539,-0.005565757570896723,-0.0035612857628770644,-0.005545875330628114,-0.005242017552180345
2017-01-04,0.005352493447905227,0.0008447785576264355,0.00231247387723732,0.0036834943028483114,-0.0033758612240286645,0.0013928390178172823,0.002971612688432046,-0.004292707460217593,0.0016610913921655257,0.002677643502368099
2017-01-05,0.015576794529104765,0.01773021625909177,0.015244469009730643,0.015079560916869683,0.009063506188167203,0.012584326531694279,0.013800331613569972,0.007424972238583072,0.012035803843492898,0.013399420214423863
2017-01-06,-0.005587610370047624,-0.003192272176841815,-0.003225615406304505,-0.0041018880351770814,-0.00276105958273265,-0.0028132669356275564,-0.003841441159857184,-0.0015145308246899969,-0.0031055480870234575,-0.003462746452448706
2017-01-09,9.356860327680572e-05,0.002165767624506154,0.0009726686287507835,0.0007393262106529797,0.00539896832757325,0.0021871319476860496,0.0014315951634331636,0.004981247362959129,0.0019255338451715787,0.00131098209260605
2017-01-10,0.004868954383534296,0.0013778054645714466,0.0035194136682736854,0.003986122779224832,-0.003602645530071946,0.0011169618684163662,0.0025808320340738877,-0.0044069190415039206,0.0008698057496705491,0.002141158388206499
2017-01-11,0.00486025837538917,0.005890083677340563,0.005486583584954463,0.005423396942773495,0.008052772797250363,0.0059672103348717975,0.005646951009782519,0.009093609665436597,0.005822774044882628,0.005846295136489932
2017-01-12,0.01722951584075605,0.01549598766596727,0.016556674377774305,0.016959747176333195,0.015304476809220313,0.015763980425566704,0.016365979044225876,0.014547249394014639,0.01587244523920983,0.015862632805272447
2017-01-13,-0.0026766858955016293,-0.009383963520737004,-0.004297243075310986,-0.0034878395267372575,-0.003064421982841181,-0.002568626335240465,-0.0029288972630163723,-0.003928038519806165,-0.003295652199407084,-0.00342648800808365
2017-01-16,0.017971192367361555,0.01701006746599254,0.017148822055963242,0.01763353397302958,0.013127446394602282,0.015606503735909438,0.016658549164920267,0.012826947699676738,0.015357602443657914,0.01644462343955788
2017-01-17,-0.004319427156538769,-0.0034516594012776736,-0.003360528105718741,-0.0031023600436952403,0.0061852815346556955,0.00011557111220494853,-0.001781118204761123,0.008148260612299563,-0.0007196361850420052,-0.0016382556726726172
2017-01-18,0.00525301602548045,0.004029570020812168,0.004969597770820844,0.005293599642188562,0.003943565432268814,0.004751956243540745,0.005099033005220299,5.6513760345211494e-05,0.00396437924650761,0.004100428618989405
2017-01-19,0.006952892594132232,0.011319260654556018,0.008683247401248595,0.008016414985472675,0.010735737450474847,0.007870676018155942,0.007584655876131663,0.01255815134971594,0.007778062903563976,0.007857662830483392
2017-01-20,-0.003840561797188613,-0.007052526037168549,-0.003929849704781385,-0.0040842558210978375,0.0027164824472123428,-0.0013863381626995075,-0.0028903377117242,0.0031435768164249644,-0.0013714570531170311,-0.003258634833322227
2017-01-23,0.013821245115526404,0.008275312320168648,0.011394269291675307,0.012865872607360052,0.011325200316229633,0.01245788201459419,0.01278892440706092,0.00865903229658116,0.011759618457998444,0.011971206995096795
2017-01-24,0.005978750147869638,-0.001842953854473972,0.0023738534155655078,0.0041746263873077005,-0.0011828855897498824,0.003667083353544154,0.004409356721846169,-0.0035179658383930335,0.003887023772935816,0.0036223267096604506
2017-01-25,-0.005828508038977054,-0.006649166787618843,-0.006498970448691965,-0.006190399818473025,-0.005170042741628134,-0.004977989323285303,-0.005411656353738081,-0.00257122787773445,-0.004885743334286152,-0.004678737039076841
2017-01-26,-0.009783375089999824,-0.011163498560217366,-0.008440216341518925,-0.00899113427799958,-0.00789964708510893,-0.007981297860254144,-0.008808643400948668,-0.005356127738570526,-0.007658042577614044,-0.008229068104073645
2017-01-27,-0.019839076795156063,-0.012247726551416371,-0.01500540945447515,-0.017469991197827217,-0.010486122754781224,-0.01619295151547262,-0.017753461138965032,-0.006981054759097494,-0.015064565493933202,-0.016479463233574965
2017-01-30,0.019554667225915034,0.013956152917850684,0.017030440222095766,0.018253112415455908,0.007126760980209257,0.015901719925114577,0.01731134476270446,0.004289070324106969,0.01417207774917073,0.015255882748420158
2017-01-31,-0.011048578595488245,-0.009820598440010597,-0.009305825745197782,-0.009561270389218945,-0.0069587803020783046,-0.008113448221668484,-0.009081791937025852,-0.005148922412789525,-0.008729772375434486,-0.008684263444703078
2017-02-01,0.01711278520814985,0.019381778754003154,0.016885728910035702,0.01700231976238964,0.008695636791246075,0.01308932753752523,0.014989660970698537,0.0068237744771530995,0.011642454524155799,0.013511736634349125
2017-02-02,-0.0012625233671377245,-0.0018589788281277997,-0.0021698459459673636,-0.0017124669081503008,-0.0032654329430399365,-0.002026723512300266,-0.001640949425598448,-0.0019587234906941475,-0.001913057531575335,-0.0017412899147306593
2017-02-03,-0.015938600508796252,-0.015029031932221493,-0.014931789771580828,-0.015492619932908736,-0.0048368578658224415,-0.012642046432613241,-0.014288285282642144,-0.009208658503522593,-0.01123702357269274,-0.014890199702814133
2017-02-06,0.01321831154278863,0.0020246637006233748,0.008915869213274474,0.010849039982014475,-0.006538180406656546,0.006020246056821943,0.009080300929922736,-0.006530146537023107,0.0040957938734484944,0.007357946673923976
2017-02-07,-0.013309694592303467,-0.009938949622748439,-0.012538658660901203,-0.012480028074282279,-0.009294611136196562,-0.01194193426251855,-0.012121778613264356,-0.012746755015224043,-0.012582557857922838,-0.012417077680530575
2017-02-08,-0.006944342083045063,-0.008847915523080285,-0.006269671507510899,-0.006532610782431059,-0.006921208798125855,-0.0060684496127314524,-0.0066969861952614895,-0.007947511380615557,-0.007387734442857452,-0.007230386679467071
2017-02-09,0.01660458204559867,0.011071884774240148,0.013682393278263927,0.01501908920967776,0.0035109201721092997,0.011676700161098452,0.013877624895867635,0.0022494929277556697,0.007902425746610486,0.011943643311407515
2017-02-10,0.017925771502885546,0.016478112995622185,0.01766299326958487,0.018160708813449,0.009900158250274016,0.014817554619596773,0.016585495927887273,0.009048595536268245,0.013150134890046461,0.014600221343632924
2017-02-13,-0.008933850936788557,-0.00953606455170719,-0.00882452164291525,-0.009323500534575535,0.002061098076271417,-0.0039640496950346105,-0.006657750117653349,0.004019217556193055,-0.002695695332323056,-0.004904617200994221
2017-02-14,0.012658333091823293,0.013241557427420503,0.012752488370403325,0.012129927570152521,0.0072639089949932956,0.0100617040041302,0.011351120005619997,0.007200935099605843,0.008255755548325583,0.01015834534257598
2017-02-15,0.016592086671526785,0.015550239152900325,0.015334354709835907,0.015932909118301364,0.0066645594701078,0.012500153471206588,0.014646067798024243,0.007363124099209584,0.012062237778872387,0.014279360961832133
2017-02-16,0.0031783932529334535,-0.00028550123338511035,0.0016951629470762786,0.0022166474028606498,-0.011053182456165489,-0.0012998573291979065,0.0008920436730701642,-0.010411590716905339,-0.003534636599067831,0.00023283554785136218
2017-02-17,-0.003792774518299513,-0.004753139213091506,-0.0042512966244264705,-0.003826850357824596,-0.0051668421564853295,-0.004418929898549417,-0.003939517540768156,-0.004560208593551218,-0.0037740909934027567,-0.0037829680727674564
2017-02-20,-0.020226444763205453,-0.011612202703543018,-0.01713636054481915,-0.018309506270943077,-0.011725838936977429,-0.015284718568960742,-0.01743361037718827,-0.008114860101829935,-0.013090466615492291,-0.015077925925218172
2017-02-21,0.00024304005433806175,0.0021165475615352314,0.002784079817458318,0.00203615100631227,0.007738286740642586,0.003417792450549406,0.0017876749909346845,0.008964932002665016,0.0035328444096973666,0.0020864328216188
2017-02-22,-0.011251899968345747,-0.006333393290061107,-0.009757352592803636,-0.010606971491894823,-0.003109562845761582,-0.006881322886508778,-0.008953876485061185,-0.0013948981955270723,-0.005868693873579023,-0.0072760257526840455
2017-02-23,-0.019409134669979622,-0.016697890282301175,-0.01901423776940314,-0.01920782101912344,-0.009280759234050917,-0.01526073831124719,-0.016901054959409745,-0.010034927561062168,-0.013919102759016644,-0.015577816944456258
2017-02-24,0.02343260350608589,0.01513876588135199,0.02021420163424059,0.021353871825500415,0.014701489496837361,0.018488144182562616,0.020798449264844088,0.013759430694029406,0.01785089255884098,0.019226792126708858
2017-02-27,0.0024540361651312903,0.003876711557413426,0.003160570298929688,0.0030310583262176394,-0.0022386302169281613,0.0002180793513371082,0.0014413146216989414,-0.002489227622080925,-0.0003389544421816826,0.0003824433223977852
2017-02-28,0.030054685494823596,0.023534723538174207,0.026770068452840023,0.02789006831831453,0.014174768058048848,0.021474636036483252,0.025610699045111485,0.012114572739902574,0.0200644851244689,0.02358289064927166
2017-03-01,0.003383074072513148,0.0012847017324246757,0.002164424380790564,0.0025600998288268784,-0.007426982634071377,-0.001286515092346563,0.0010564897598628331,-0.007319742229663362,-0.002565745074115222,-0.00036661188145548085
2017-03-02,0.0033238229950875997,0.0043209686399123814,0.0035250691464208117,0.003324014512510187,0.005150399959655605,0.0036018541111608737,0.003219216105892153,0.006371319519389962,0.0044080277740559115,0.0036555690816677533
2017-03-03,-0.002884621418204336,-0.0023073931887515053,-0.005170399356195676,-0.003955853892809058,-0.003772785645592247,-0.003602246004957732,-0.0031055232739192196,-0.0032764128986872976,-0.0027418560686937044,-0.002441059864408901
2017-03-06,0.014469500585491124,0.011288248034986959,0.013204422307164565,0.01344696696514247,0.017700008986356153,0.013465707284841866,0.013564981333490156,0.014199032349637042,0.013571635221219847,0.013662935949155797
2017-03-07,-0.0005789697481572986,-0.0003738787565481516,-0.0017504266730052898,-0.0012294238564518611,0.0005276483437537394,-0.0017314949477518216,-0.001034323284438976,0.0005575638648933623,-0.0005706755739781633,-0.00015801912868806944
2017-03-08,-0.004810906052257868,-0.001198584754409815,-0.0026947624593453012,-0.0034118830783119725,0.00037081317845832906,-0.0026796775333328693,-0.003828766943654638,0.00229698740661588,-0.002442687914820052,-0.003242043291312502
2017-03-09,-0.0025032174084559378,0.0011113377427174331,-0.0019251419819441562,-0.0023391739150966373,-0.0025601728612864028,-0.0020232127385366727,-0.002052992838600165,-0.002532977646333978,-0.0033507345207612893,-0.0012205480553300063
2017-03-10,0.020603726063370686,0.011956163189164926,0.01772695512232092,0.018701254410221413,0.011600683743047346,0.01630182953723147,0.01812094559844768,0.008261340183176813,0.014836354458426904,0.016357322390415874
2017-03-13,0.001397573533802765,0.002120457264281228,0.0007767053361236176,0.0012638656122510028,0.0009581462309868893,0.0010157574663480773,0.0011759341665786849,0.003841003961310374,0.00039577533215728877,0.0024176576182697307
2017-03-14,-0.014000711983730985,-0.009744385028906066,-0.012824745857333841,-0.013003461287979134,-0.010547827046114788,-0.01244969114807104,-0.0128524662965257,-0.009834882730636152,-0.011827306487702915,-0.012672657791254704
2017-03-15,0.015060593789698595,0.016126605196759014,0.015247621939587841,0.0155788020411316,0.012589748138570833,0.012875607904571762,0.01411692576728596,0.00921250818534336,0.012263484680423042,0.012390259756462685
2017-03-16,0.010414533438447782,0.01050448039753582,0.01167081855687857,0.010705756076241357,0.009487545472468994,0.010501632988421328,0.01008440848833203,0.01217569104444216,0.010462116593699333,0.010238945177658332
2017-03-17,0.013090502120898462,0.00532158375007441,0.01067786346398858,0.011795484644713472,0.0018646755515367985,0.008769372426633337,0.010930743185884273,-0.0026548255252418773,0.0061692601762284305,0.008913335889538798
2017-03-20,0.0036414245162939007,-0.001415891581986073,0.0019424589092595923,0.00224655977187882,0.0013713414948093305,0.00274781382173539,0.002618128555668564,-0.0025900405873138244,0.002808863357280922,0.0018162905208110036
2017-03-21,-0.004518566685276615,-0.008107074372061929,-0.006038407562561243,-0.005594660811295782,-0.007755969843527444,-0.0057502774614641705,-0.005234675661521138,-0.010591130998095943,-0.0064820730039769625,-0.006007861761337163
2017-03-22,0.005542964359742442,0.004051572353232613,0.004357116431544794,0.004589069975572402,0.007483335461895946,0.005770910737199042,0.005490362369252821,0.007281139807073345,0.005454902377609594,0.0065083217463624
2017-03-23,0.0011147410793399537,-0.000632649397333207,-0.0007860827452443875,5.928644242247927e-05,0.004103188633439725,0.0005598510062929662,0.0009227106737952351,0.0027028720491677483,0.0015369205289903487,0.0010764369976121735
2017-03-24,-0.01282684806312151,-0.008446082042030234,-0.010792942059303146,-0.011637040162482792,-0.011931699594987966,-0.010770753272465461,-0.01177538322635574,-0.0063019187509507635,-0.010175396129836756,-0.010521482861898468
2017-03-27,-0.013890959652460011,-0.005923427388198177,-0.011169192388094773,-0.01251058593858223,-0.007874276182742834,-0.010872325725876264,-0.012003869737823969,-0.0008882643825848247,-0.009109644137351824,-0.009776457287636542
2017-03-28,-0.02271334026721017,-0.019337943635564292,-0.01999034726163651,-0.02144845936016837,-0.015804313445154206,-0.018062278836175394,-0.02032093158729531,-0.009921259477681188,-0.01722308509855308,-0.017416366228207414
2017-03-29,0.003589914775476988,0.0044830317039195045,0.004621955462518645,0.00421024128456704,0.0030584359047978182,0.00321380744841937,0.0034394207326653436,0.0010234019870156708,0.0027184794130903356,0.0026898760615834405
2017-03-30,0.009698462454678314,0.01561181892857788,0.011287382306959026,0.01081742654635498,0.009087869055881992,0.008611023010104635,0.00933492861188645,0.01214322598634765,0.010294235525937445,0.00965211032343305
2017-03-31,0.005959555495896662,0.00540589775181366,0.00387060101903125,0.004833296813844035,9.93073984572046e-05,0.002777531883830342,0.0041863560049371085,0.001495008720669544,0.0025540738915812433,0.004512737453273186
2017-04-03,-0.00571292481426422,-0.012436113964425455,-0.007717644563685289,-0.006851220987474593,-0.007929233665150193,-0.005715209849405989,-0.00574472279513949,-0.010673590021141433,-0.007258785565819603,-0.0068658889842945214
2017-04-04,0.0038642107661885916,0.0007198910743002607,0.004128359609888221,0.004165055264276019,0.0009365810932420171,0.0034677518853023503,0.0035631891285459183,-0.0010681641094368866,0.002459369893312635,0.0013448935224420477
2017-04-05,0.00013555612738080924,-0.0010670590901522559,-0.0007724725578477365,-0.0002107353074951579,-0.001554856141909755,-0.0015301137003516097,-0.000694903691099924,-0.0012745466121599769,-0.0018782853126505517,-0.0002487502209099768
2017-04-06,0.013709268317364076,0.012473988250657708,0.01340235021689229,0.014100081933819508,0.011226486430813365,0.011754640662138938,0.013149587045789612,0.004876031071127773,0.010080499994936654,0.01100239785129542
2017-04-07,0.003672663550637667,0.003656806453603112,0.0028272578209400656,0.003169214954704014,0.001892686543643718,0.0023280793765898533,0.003113957195586048,0.002847356812659463,0.003990103478237472,0.0029597744105895885
2017-04-10,0.0014713953199361196,-0.0020148020358308205,-0.00041540765358316634,0.000446444697617121,0.0016924893693837095,0.002083993074105228,0.0018495523394428393,8.157848908840748e-05,0.001678443772705096,0.0013191597090727036
2017-04-11,-0.00849481924068729,-0.003976401653402073,-0.008725624393270959,-0.008254628659456476,-0.002640890389606687,-0.006823730193761035,-0.007376377559656477,0.0009701338288319317,-0.003759581999174255,-0.005037942008898844
2017-04-12,-0.01108287066761171,-0.009140297303920852,-0.00932135722111882,-0.010180606891647015,-0.007761131524299469,-0.00957252662575625,-0.010614105712867916,-0.008479061069103677,-0.01009303041573606,-0.010797998820547883
2017-04-13,-0.007575521709196842,-0.009393833667565854,-0.010239919554990706,-0.00888175392582724,-0.011668709603048999,-0.007389889696828744,-0.007189435315665738,-0.005549764780604427,-0.006070885473942855,-0.005122584746144909
2017-04-14,0.009882577153651484,0.01331013983563012,0.011057189443293813,0.010885260051416212,0.009061670953547374,0.008320062980760046,0.009508336951866703,0.003003397272241193,0.008465057664096332,0.007713234827761761
2017-04-17,-0.0033814307551514045,-0.006069170351900244,-0.003331766350143317,-0.0032152429324376897,-0.0039199207387090595,-0.003876462209496445,-0.0034593952837973507,-0.005582784756926196,-0.004447370783998039,-0.004936276270665951
2017-04-18,-0.010439442629035733,0.001055645644505665,-0.006696748545544695,-0.007737725070221302,-0.00434052608882296,-0.008057406448528925,-0.008715779976417148,0.00046061397228980283,-0.006466083223202523,-0.007070222933418302
2017-04-19,0.01040215362386343,0.010210187014293215,0.011622782446383484,0.010777314736558408,0.007925989956966806,0.010055245481904729,0.010090005374080446,0.004496128992265813,0.007864920099056372,0.0077668094376748265
2017-04-20,0.0017179108391320863,0.002273386174928671,0.0030878002076875077,0.0025958144787834314,0.004280215211436289,0.002850161237458071,0.002385400460352738,0.00323832001340163,0.003171342411606215,0.0013741334360586333
2017-04-21,-0.001233932007486116,0.004622039577057757,-0.0020068870186693566,-0.001480647967096016,0.0036218076779921393,-0.0013835129349383246,-0.0009647258474057008,0.0004985600470277518,-0.00016871633557735688,0.0007182209281344498
2017-04-24,-0.004199142477983697,-0.0016501012122450698,-0.003220426674174881,-0.0037080574428699498,0.00022917984614134745,-0.0023162818990076772,-0.003290562785294604,0.00036591542992248094,-0.0010308485041712334,-0.0025405688522028846
2017-04-25,0.012982348401494592,0.008441623550157429,0.012596775050226272,0.012304388442096359,0.009756870754956015,0.011959668482899977,0.012147358456763513,0.009736836349835798,0.010740917440414721,0.011419184032715357
2017-04-26,0.007932263362925518,0.009112435485972625,0.008044370752702035,0.007711883288300747,0.007581313378346222,0.008179031613185339,0.008107346943366789,0.00782194095304578,0.00793912835480226,0.008468439876641476
2017-04-27,-0.01238269311830531,-0.004326753329769617,-0.010110112118973058,-0.010660014161567033,-0.004780171522294818,-0.009708331145195759,-0.010898326752310172,-0.0025473158596492906,-0.009191963427892302,-0.009437104987423117
2017-04-28,-0.002630115980779779,-0.006504844137266597,-0.0033357650311717224,-0.0030728465012458406,-0.00445654419007524,-0.0034476199531177087,-0.0031535065679633156,-0.001938357172809213,-0.0035100929597023933,-0.002741854313224823
2017-05-01,-0.016554613671591722,-0.013521385779767359,-0.013996986167414849,-0.014847465918053637,-0.014559449355935117,-0.0147826041768917,-0.015567621392290731,-0.011050317466024251,-0.015280001257006015,-0.01476040134696155
2017-05-02,-0.004360802901311356,-0.002904673908333155,-0.0032441802627082295,-0.0034702056243159918,-0.003494368644852197,-0.0034256831838681556,-0.00356324700261057,-0.004748816456298877,-0.002938038056204517,-0.004349089705188769
2017-05-03,-0.002588020782624989,-0.009881258509669921,-0.004986072877382508,-0.004063164175993617,-0.004220257897511681,-0.0031336698030310917,-0.0029054143252655873,-0.0018892839805774164,-0.0030489280415613162,-0.0030433035759205307
2017-05-04,0.00491047505010056,0.010093836887002938,0.006635794361370406,0.006168395558659778,0.006760691148262499,0.005131833573337241,0.00512012932112893,0.005831470985084408,0.005289076191475894,0.004405431577416463
2017-05-05,-0.01256592262790135,-0.013797291428011449,-0.013226271885375174,-0.01266936269750063,-0.013156763785171277,-0.012547306796164004,-0.012572552864702824,-0.013242262455051668,-0.012607880250133041,-0.013261930422550972
2017-05-08,-0.0016075928157228692,0.0017573920590669978,0.0004190266435968315,-0.0005947450247867359,0.0007659603955731953,-0.0010654790701206673,-0.0014007270282879736,0.00027731141190812103,-0.00036444931437751293,-0.0020836245299357126
2017-05-09,0.006473003669896782,0.006406754079342214,0.005470319115540745,0.005720667707069138,0.005516152567947019,0.006229782131726758,0.006240149342600088,0.006167158300144804,0.006132019438597425,0.006647916302686241
2017-05-10,-0.00850638850440777,0.0007220719331284542,-0.006140530120662735,-0.006492053101880613,6.738886837576175e-05,-0.004928761252341207,-0.006373591269454915,0.0035480941406969,-0.004731584834923308,-0.004694685961102785
2017-05-11,-0.005113563096689533,-0.006044353487961618,-0.0053679603742037285,-0.004960061653619174,-0.002887691820427918,-0.0039896037994453515,-0.004543658875967527,0.0005576931628392678,-0.0038380424853486916,-0.0034851506330688675
2017-05-12,0.011967744698341054,0.010464514249260981,0.01220481811133256,0.012193947280985107,0.011137993528042678,0.01208246927227985,0.012044028187443878,0.012076501320689825,0.012319979800032632,0.012059501368428815
2017-05-15,-0.0049640326069955165,0.001372818158879463,-0.004314474603985818,-0.0046228892814484945,-0.0007039586362969086,-0.0042248759086283005,-0.00489768355579856,0.0018465995302079374,-0.0035354200280500736,-0.0036696856519701226
2017-05-16,0.00312071500042177,0.004716300845894583,0.002229268888476188,0.0027946088247075007,0.0026847868320214463,0.0031284454857758437,0.003038139404645035,0.00536405628136527,0.0036187258141793244,0.005012682307542482
2017-05-17,0.010569507261731337,0.009584308745349768,0.010207405587273177,0.010153512494572636,0.011314047634299884,0.010619945702337263,0.010197982376402459,0.010356391147696486,0.010267231905523477,0.010169854818777413
2017-05-18,0.001957020964030276,-0.0015344554933418575,4.0885568189930055e-05,0.0010673978218838087,0.0022781271646656887,0.002107043865773761,0.001691704679368744,0.0010623101701676685,0.0011567898633275675,0.0013487336142712358
2017-05-19,0.0001904098736456028,0.0032449764381685675,0.0023990150921910924,0.0019909678482941118,0.0018336029227250528,0.0014408702632320303,0.0013481957266852085,0.002000393802168654,0.0009130413932687542,0.0011500253919556336
2017-05-22,-0.006522327859897148,-0.0015629652581325981,-0.005469658316265336,-0.005875884266321796,-0.005646149705392567,-0.006642314888962941,-0.0064987308401038835,-0.004733735540687345,-0.0064056836785783,-0.005885963750102197
2017-05-23,-0.004241604813185362,-0.003771160939620377,-0.005709122022794499,-0.005095680980268913,-0.004808211737113766,-0.004566656190036156,-0.004440801800791427,-0.003994629334621802,-0.004036319004750988,-0.0039762685005855225
2017-05-24,0.009641271093792758,0.007469309863858076,0.007954062171228626,0.008326145235185711,0.005353589121477542,0.007240431761090793,0.008074422946190873,0.0028467445902000676,0.0072333244353839365,0.007874490561419423
2017-05-25,0.0025394215267247056,0.0013291387573088898,0.001213226749764873,0.001597260155942859,-0.001321440284697939,0.0010661296472407322,0.0017268569606965212,-0.0005413225170112224,0.001113513406580946,0.0026430470806060313
2017-05-26,0.007460059466507518,0.0012000272800278822,0.006302669937629846,0.006892662314560427,0.004029522955840914,0.007103469779086602,0.007494959960398173,0.0019998620796457534,0.006543682722601973,0.006344144384725636
2017-05-29,0.011655260800530698,0.003009231120087108,0.00820322856871547,0.009246886934497933,0.005170617700192004,0.008552104271885907,0.009487829527379699,0.004282568281519072,0.007832014150390254,0.008892453203570572
2017-05-30,-0.0031928951246258386,-0.005994997200581942,-0.004048917318531964,-0.0038433636541665983,-0.005442253282144538,-0.004305776191148691,-0.003799404686205654,-0.00696310933420019,-0.0047154610545350195,-0.004839633133440047
2017-05-31,0.007432490998879215,0.0029196928334112027,0.005237044859935258,0.005919540199270212,0.00289272743122293,0.00519905820481914,0.006203634497348176,0.0007043706668443672,0.004999783092974219,0.00641319105004734
2017-06-01,0.0036943981478800847,-0.001013774133984402,0.0022988554033880337,0.002979301739612472,0.0008636011028215762,0.002524246225485083,0.0030581635275692687,0.0023103055545592444,0.001936006352294184,0.002899454768285903
2017-06-02,0.005410668964376919,-0.00015613597376562538,0.003406719074020792,0.004041970916380144,0.00047256359121883307,0.003649687082542874,0.004171363263026029,-0.0018463939732183965,0.0017955406466323431,0.0031043923591611566
2017-06-05,0.006369438125877869,0.009996190011566153,0.008623734046794063,0.007970067427330196,0.008946764626972303,0.00827269228491434,0.007763597761719643,0.006759928775331048,0.007608013553181969,0.007330786437728332
2017-06-06,-0.005193092705165658,0.0038843410351703245,-0.0024294045137992493,-0.00344298693230638,0.0014085817563240788,-0.0032129697293591386,-0.0038623570762148507,-5.053329587745292e-05,-0.0026534906240779366,-0.003185375581400196
2017-06-07,0.0071786933920356955,0.006404473749069384,0.006902299686270652,0.006985451721538194,0.004998811303716044,0.005631477120667583,0.006756225604352961,0.003914142674005472,0.006599994931976827,0.006743513248056665
2017-06-08,-0.0012174653631530363,-0.0014222111598378717,-0.0012594690341387604,-0.000947963723769818,-0.0031471904810778106,-0.0016489746905722358,-0.0011377663333665966,-0.0018043996449823574,-0.002279455821158738,-0.0013411333219013333
2017-06-09,0.006503450994019833,0.00803426434527088,0.005803878190977718,0.0065680833632921765,0.007373077147982965,0.006431929614110876,0.00692834861660252,0.009805287844293797,0.007039294726958634,0.007926474359119418
2017-06-12,-0.0038901653699380256,-0.005422176755037977,-0.003272933602118555,-0.003504237088210571,-0.0018685084080125591,-0.0023969945161391726,-0.0033319833635463425,-0.002500519868022577,-0.0034576039937823655,-0.004046436569223211
2017-06-13,0.0008091132888956576,0.005297456627332053,0.0005157683917302869,0.001207167203731041,0.00183059892086046,0.00044706099554225887,0.0011315651814829408,0.0006604254102495766,0.0013431022307042184,0.0010906034129403164
2017-06-14,0.009999893740997745,0.005568613034880876,0.0075681581335445,0.008176383982338553,0.006672473841712545,0.007502269586356913,0.008307931193453522,0.0052599131431583235,0.007454474564384528,0.00833340423205442
2017-06-15,0.010512159224629558,0.010783824967536049,0.011160041517006558,0.010850644155052214,0.00953049161403774,0.00992279691121456,0.01055330812754196,0.009154692763261085,0.01065885723655624,0.010447580468615492
2017-06-16,0.016533618141610473,0.008599171500209835,0.013642811669837496,0.014658426210343523,0.008711562989347277,0.012236793338603391,0.014391914891718871,0.0065784179781176455,0.011994224567549505,0.01363765817173368
2017-06-19,-0.0017556459494242338,0.0030618788683809406,-0.0002361339668549567,-0.00042067184714045247,-0.001510736739307461,-0.0010527581029367017,-0.0008140032544747822,-0.001141636707159277,-4.180297045941472e-05,-0.0009203791975149755
2017-06-20,-0.009276747201456992,0.0024416165852030325,-0.00544045245691227,-0.006185099209881084,-0.002351561523858736,-0.0051605875464639794,-0.006411065861000376,-0.0010015905398519376,-0.005834259044671386,-0.0062452818196627735
2017-06-21,0.003591306017780793,0.0063558878224303506,0.0045851843127100445,0.0043658499699281705,0.005660216639718385,0.004884953788554691,0.004494075791914076,0.005262007441014793,0.0052490830233205,0.004295705627518354
2017-06-22,0.011975155329872589,0.004002306294133007,0.010094793654531697,0.010007817353268722,0.008742884826397068,0.009429257262136614,0.009924216120728024,0.006972284770639048,0.009177308440837972,0.00917281784940882
2017-06-23,-0.004059899894932717,0.003038972193895484,-0.0007479016207235789,-0.0017719664685688086,0.0011759604577425975,-0.00016761884486882206,-0.001542100995940321,0.003457588794026689,0.0004060743415443824,-0.0009371206223609541
2017-06-26,0.007947508458002739,0.008654577777412964,0.008251503544635552,0.008024759259174452,0.0038368463691034194,0.005521849501573195,0.007019739001361991,0.0041490538310311464,0.005943451710477943,0.007436139319705104
2017-06-27,-0.005982988002080525,-0.0012615316891029238,-0.0043077977881611496,-0.004899995748459451,-0.0032330913025617747,-0.004357507837799313,-0.004724166415430275,-0.004000315352847839,-0.0038465529343818528,-0.004318838348104537
2017-06-28,0.0019040077159735436,-0.0003114602975504699,0.0008537752161201784,0.0017635515539218272,0.0007045268478622635,0.0014034938460250057,0.0018515813924833147,0.002618775207763324,0.0015871391272967994,0.0018170491157329938
2017-06-29,-0.007959475147959139,-0.008049468731593845,-0.007966950003488016,-0.008098769627874813,-0.007457336692790806,-0.007855280161433442,-0.007974045980285172,-0.005430481575839585,-0.008207684001468651,-0.00759220481052314
2017-06-30,0.004378186629276248,-0.0018321140973360794,0.0018150584134359882,0.002574132381860883,-0.0017990116244920307,0.003193661113076285,0.0035952046457909947,-0.0005930806705486402,0.003641579567841058,0.0038871529908612867
2017-07-03,0.003706330567550875,0.0020245528312472505,0.0035866341397450263,0.003434157098002988,0.0014063763751130942,0.002150601424803389,0.0026408618919222526,0.00232078675908598,0.0024256547472307766,0.0026043167905369646
2017-07-04,-0.0019214195840326909,0.004177281976798675,-0.0010090633821995265,-0.0009579435899926825,0.0010200449529111921,-0.00196381196065909,-0.0014054742341493842,0.00044474764639579334,-0.0024212142837833905,-0.0013412404660777533
2017-07-05,0.00577545012764058,0.005532854148094568,0.005337701177238419,0.0053309894880448905,0.006460134549674423,0.00508858003265833,0.005226865729699215,0.0038930773799001894,0.004720996117649978,0.00465970397456128
2017-07-06,0.0011174643047986432,-0.0006735359131635477,0.0008173155468911286,0.0005092818000280719,-0.0010013658065681774,0.0005968408133185665,0.0008210607542427084,-0.0009236139871905413,-0.0001848868156095751,0.0011043527654044372
2017-07-07,0.00180665095742083,0.0029463112542278402,0.002241301626064951,0.002404103914383393,0.0018485220124331292,0.0022300406824000696,0.002293676737077144,0.002701957863044946,0.0029347563052395387,0.002354591279447815
2017-07-10,0.00632767596556838,0.0037543416968914833,0.004795169989315395,0.005385897009202889,0.005055559942793053,0.005156512896427934,0.005355946758163643,0.003437069007073079,0.0045283211394482326,0.005120708636038085
2017-07-11,-0.000276316480376515,0.007334738162224186,0.002813300531517182,0.001896193185996431,0.004599306199863484,0.0015267107322010087,0.0012546161820599089,0.004342582219239555,0.0014752771817858612,0.0014219134863076022
2017-07-12,0.0016978735888029117,0.0021131822790361188,0.00117558370526738,0.0013485936161274914,0.001904871915199946,0.0016621575957025403,0.0016498467173409193,0.0013309335229925168,0.0010770218242817098,0.0017444624321425461
2017-07-13,-0.004319087056909865,-0.007673648316888215,-0.006023183646271968,-0.005696037560698031,-0.005188706159772516,-0.005904728526042735,-0.005429912613894694,-0.008528547890576776,-0.005026795833062314,-0.0065146521480560216
2017-07-14,0.0035044675106297163,-0.002445567144408578,0.002116342496178536,0.002196019516364167,0.000604659382761108,0.0019340631707303046,0.002389168343015502,-0.0004639515087766499,0.0015410620962257315,0.002003983389856634
2017-07-17,-0.007052639138754424,-0.0012640616238089875,-0.004191981603452133,-0.005022864026325458,-0.003000543742365691,-0.004877203402976593,-0.005747933696313767,-0.004131425484742213,-0.006011601213961049,-0.005853683617505601
2017-07-18,-0.001751925019346512,-0.003191141207783632,-0.0017782742542852281,-0.002099009164007515,-0.0006107661682905885,-0.0014288403079536494,-0.0018104160446839046,-0.0007031839632989367,-0.0020210202000386923,-0.0019549212326155363
2017-07-19,-0.0018014979949496635,0.0032618100036085895,0.0005655581001609011,-0.0003297534902393373,0.0013116493209655022,-0.0004690946921106498,-0.0007407120980728044,0.0016164562821892048,-0.00040502236222694776,-0.000707767121502556
2017-07-20,0.0007503958854448989,0.001110160414151462,0.0007998874639723041,0.0010190017611746427,-0.00040231399054535544,0.0010243992387899414,0.0011317705053890403,0.00039898052374498505,0.0010093706160427818,0.0012238291346735597
2017-07-21,-0.0006337689627677889,0.0017615727513531354,-0.0005628428080016734,-0.0002646904289020924,-0.0006790292113372232,-0.0012325559026302724,-0.00019379978946587606,-0.0006663850272061733,-6.382255898873535e-05,-0.00033992649287728494
2017-07-24,-0.004991121996231751,-0.004374792910988523,-0.004089063046344821,-0.004442846128381195,-0.000866917714481108,-0.0026028331800913573,-0.003918574073966785,-0.0002470829974836608,-0.0022230506993311527,-0.00412474939412677
2017-07-25,-0.004988858067151991,-0.004611683749213613,-0.004333263647567698,-0.0044957838198066424,-0.002792783707022961,-0.0028840941405290366,-0.004105445512261552,-0.0028807192359953104,-0.003647028969793853,-0.003929914176805882
2017-07-26,-0.008456476652429212,-0.003792090440412843,-0.006601791358735509,-0.007556436054711124,-0.007070784448146572,-0.008400713602404686,-0.008036331293416188,-0.006853905459424547,-0.007477768113514971,-0.008036149655599178
2017-07-27,0.0021208544973518872,-0.00030487941896018,0.001809399825555058,0.002030388795552396,-0.000772154822288762,0.0021866578988061214,0.002372669316428322,-0.0004369183808198285,0.0012682298775661405,0.002151735850132397
2017-07-28,0.0017357314413875002,0.0028116744248989356,0.001391492632139446,0.0016276672129320602,-0.0003230044902826634,0.0011763489139964278,0.0019939411010687635,4.673733518090195e-05,0.0017380415064522925,0.0019150567821937248
2017-07-31,-0.0043248539242983774,0.0006942329162287209,-0.0025755291640933153,-0.0028503355507241146,-0.00034798996167140217,-0.002578848702943559,-0.003021234130664685,-0.0019982271531697737,-0.002873683981588493,-0.002816091755468375
2017-08-01,-0.00028798833440935034,0.0026721326251832878,0.0006446527187773388,0.0004983066270123349,3.6700747561013713e-06,0.0005268411204961687,0.0002477114629169108,0.0026148607862332973,0.00020997107159281825,0.0009317418820766754
2017-08-02,0.005821458090905063,0.007242451083827817,0.005858441918141333,0.006151071887919857,0.005289857801808351,0.005823984541081462,0.005799108109622253,0.00579594083745727,0.005917196835508287,0.0061340004518239954
2017-08-03,0.0027718569831016726,0.0028130326763950997,0.0017627439142522405,0.0021118530725345863,0.003282122432517909,0.001929636655507272,0.002212064022242499,0.0030106363729394126,0.001930202963246641,0.0025976163236038907
2017-08-04,0.0029723219590982453,0.001311649821176264,0.0031649148781796033,0.0031886739597193348,0.001112661927649583,0.002887242800799994,0.003014135007442853,0.00335528979743982,0.003259494766200133,0.003176913438402762
2017-08-07,0.001004139421054484,0.0024555648180655254,0.0014049217304512585,0.0015460714342105941,-0.0006209282879301448,0.0014444725477276155,0.0014648766270921598,-0.0009952042785741355,0.0004952637614341615,0.0009906282749987394
2017-08-08,-0.007598211817444467,-0.0035800784851007794,-0.0063878808911219664,-0.006578050060059515,-0.004733475731335091,-0.006666568329599221,-0.006814853953723499,-0.004219233130037914,-0.0066209267017779405,-0.0064298984353114985
2017-08-09,-0.0037174004074014277,-0.005774540185567334,-0.0032096626006696827,-0.0034373526350831574,-0.005301734242345368,-0.003637225288406154,-0.004030890606978921,-0.004318883107889415,-0.004202792851745407,-0.004194682740636502
2017-08-10,-0.0003324755110617472,-0.0043210610989886655,-0.00014025252907923225,-0.0004239500854186229,-0.0018836185875159561,0.0002954522898743761,-8.866286073905272e-05,-0.002230619886700813,-3.0556068194576014e-05,-0.0011220716127988695
2017-08-11,-0.0010987147639286432,0.00395121995413783,0.0005015498330047663,0.00026412038249601366,0.0022935489287878585,0.0004526027131532828,-0.00021433616982746706,0.002247823734564891,0.00036771946692293334,-0.00023303781407191249
2017-08-14,-0.009710421576108796,-0.0035693450516829373,-0.0070736911744271325,-0.00770441666733046,-0.007590218364230905,-0.007373389549941378,-0.008363567043783937,-0.00639357701132981,-0.00762846571935627,-0.007828690478380418
2017-08-15,0.008468374569546633,0.0022740991621730267,0.006411863055146627,0.0066166154686073675,0.006347672612548427,0.007189838871316301,0.0071724058282700565,0.0045798194808281956,0.007389099252942177,0.00603582745800324
2017-08-16,-0.0035463182861372733,0.0056945983037786085,-0.001766339914724746,-0.001992132072111019,0.0024246981701079307,-0.00218531161073543,-0.00226875413528993,0.0011884529715873171,-0.0009112313723294019,-0.001270025764857241
2017-08-17,-0.007569992289615302,-0.0023203483798337476,-0.005695565275790737,-0.006174258902521101,-0.007605629986918605,-0.006719437772268133,-0.006488996397197799,-0.006188475879016275,-0.006333727417296098,-0.0056796718540863544
2017-08-18,-0.006820556873432748,0.005059263200683839,-0.004452156848485989,-0.004707176161171001,-0.0037150446118979774,-0.005962530850209147,-0.0055655441905921865,0.0002630648611434694,-0.004767836746126131,-0.0028261070453839965
2017-08-21,-0.013123007794024755,-0.0008534815827714315,-0.00876348824192641,-0.009482072781386242,-0.009929970433351754,-0.010985542674478488,-0.011064906088682491,-0.006275488419858477,-0.010304252989203677,-0.007804298410376109
2017-08-22,0.0025753655804849895,-0.005663657489027418,-0.0005697967601783205,0.0005568064238556936,-0.003139687512582534,3.269004726824676e-05,0.0010710990925606456,-0.003403434571059183,-0.0002719534439447058,1.4478707659026924e-05
2017-08-23,-1.854538626278046e-05,0.00319646841687371,0.002015714323325035,0.001203576573722387,0.0018969919298226223,0.0015882700975462516,0.0005559023091932236,0.003268706142299349,0.0012237885314860808,0.001303547153283402
2017-08-24,0.010116922924002791,0.006965569812491967,0.008730551246891372,0.009097841378043814,0.007672419682037024,0.007815640503619381,0.008841159506340013,0.0063838540236846875,0.00888603191613413,0.008292773874882586
2017-08-25,0.008624772132534986,0.002316379508843003,0.006630042786780699,0.007086711173172944,0.0038572710625055517,0.004684704193418154,0.006522213012492006,0.0001380192363198418,0.003807059730601914,0.004570917977956501
2017-08-28,-0.00037588805637001066,0.0004808482671478931,-3.908338773972453e-05,7.417338724313716e-05,-0.0029578836138508535,-0.002632618572917411,-0.0010118023676719545,-0.003060526478606329,-0.00029297580641896026,-3.736081706939842e-05
2017-08-29,-0.00415790625037149,-0.0016128000108794893,-0.0029172627098238424,-0.0032348837987352663,-0.001390623733730556,-0.0012730328831811466,-0.0027790692333891087,-0.001773414866091061,-0.002225915077543772,-0.002632591466186107
2017-08-30,-0.008694549130688012,-0.008713979947492012,-0.009149536587463536,-0.008756795216478874,-0.010058682655225804,-0.008864096996721527,-0.008641229908866066,-0.00691425635059717,-0.0071841819619509195,-0.008190495345635762
2017-08-31,-0.011205110454008294,-0.0027722697883305614,-0.008941252360828544,-0.009440632331508492,-0.006307422036980093,-0.010374424690864248,-0.01003067088796783,-0.005424511585675695,-0.008728493200251375,-0.007124962373241783
2017-09-01,0.005233226305909389,0.004956487040037594,0.005593248116463556,0.005409410897107225,0.003414709025351126,0.005186056221787805,0.005121078241899557,0.006482441518003812,0.005743113162085978,0.00537359883208377
2017-09-04,0.009604407839455265,0.005589409566537196,0.00720140709316941,0.008127707179408361,0.004793856115942852,0.006215949695387524,0.007983718412803764,0.003304638510540414,0.007254838541445263,0.008030174778408838
2017-09-05,0.004485320013992711,0.0036594985497790944,0.004250868754995141,0.004704120984929894,0.0011172924110978144,0.003968353310185524,0.0042428613601717124,0.006230704857790759,0.004778439376825094,0.006525905821563205
2017-09-06,-0.008513469956121122,-0.01001074656067591,-0.008651501098785652,-0.008714431243278087,-0.007191681363845848,-0.008341512761209202,-0.008321054678871453,-0.01079417354727219,-0.009349028893883893,-0.009926803216626423
2017-09-07,-0.0035997750634888526,-8.572438217013811e-05,-0.0026575598450813143,-0.0025150228994177404,-0.0019205921010234661,-0.0031719987805749472,-0.0029132004169574177,0.0012251871794541902,-0.000831065893331373,-0.0012458623172497685
2017-09-08,0.007107722227569058,-0.0036783361435916984,0.00402927795938357,0.0048334625128707565,0.0002756058027728603,0.0048573700346692394,0.005264601303991867,-0.0003766635933826201,0.0028854527814716757,0.0030021010932399506
2017-09-11,0.0006448079402092688,0.0009205983003599538,0.0006381609928571841,0.0006429095203150936,0.004653986612323635,0.0016258574920500202,0.0012089312193068746,0.0021653611634884218,0.0022073031153664324,9.934607975337073e-05
2017-09-12,0.001992593452682101,0.0029296145807156115,0.003375567582294403,0.0031203817214957574,0.004078797617906638,0.0037625119590489753,0.0030750780263035793,0.004895629623556719,0.004227372451808709,0.00346507913941152
2017-09-13,0.01264631677368544,0.00788919662397669,0.011188268120544409,0.011695556338096713,0.007264912629093567,0.011425593011111124,0.011599292567519903,0.009317253346984522,0.010127601618064919,0.010959550827655429
2017-09-14,0.0034968302959754727,0.005723350280510298,0.003798152690094758,0.003932261578043272,0.004822627882380637,0.003528914536482519,0.0038235512606545896,0.004777444865545544,0.004778675373411145,0.005737658173244453
2017-09-15,0.017396075510063946,0.01216263951852814,0.015299007460718439,0.015704621300614452,0.01226664008719247,0.015176929816718143,0.015973317203936244,0.011998964261975553,0.014858977585664679,0.015594947650736213
2017-09-18,0.00024825085193058705,-0.007020849656906414,-0.0009831367441047734,-0.0010650803933767161,-0.004173020021956075,0.0010394223466678731,-0.00018550344314205436,-0.003701680008564967,-0.0005427575973797616,-0.002146410312371172
2017-09-19,0.019055118798324555,0.010220300768059243,0.01607876192549762,0.01712808095241236,0.013763972590877582,0.016435285643484843,0.01768214478056529,0.012708875126924868,0.01624167529502407,0.015861724605206184
2017-09-20,-0.006109110057403333,-0.000741394740721546,-0.004106459081378744,-0.0052281414105881385,0.002967842801690601,-0.0027128138412991776,-0.004561614089682919,-0.0006812668464676319,-0.0016951199020982521,-0.005207196101046585
2017-09-21,0.010110966566405866,0.00695484614533548,0.00977462410690455,0.009310455482222313,0.007215651643164289,0.009752565400322766,0.009588965899859803,0.0070727339017016,0.009428391311551598,0.008927049457910563
2017-09-22,0.013172692382865892,0.009810058980009417,0.010825085690510772,0.011331902714885711,0.007165372137343917,0.009238657537091743,0.010914625177528059,0.007159245842041306,0.010411196745656381,0.011501022083293178
2017-09-25,-0.0007748954295065946,-0.0003169138838314822,-0.0012534233479630785,-0.001386282232960001,-0.00025154489602985386,-0.0010593325092347339,-0.0013196204916844367,-0.0003763772960623246,-0.0005463975178081615,-0.0011381476536282964
2017-09-26,0.015759601433189108,0.004483264963133227,0.011534519701368318,0.013268166114950297,0.004447834345591595,0.011494588474205925,0.013137132485843583,0.00405565358357185,0.00883964170233642,0.01124687730480467
2017-09-27,0.018602028871830045,0.01210197962848758,0.017547702554812084,0.01812255441019528,0.008665978215653292,0.015220949909980686,0.01697381082700078,0.0090322539108596,0.012378270559602722,0.015134106290100258
2017-09-28,-0.0027244963269517086,0.0033954493943721964,-0.00031428250502940625,-0.0013905503357569682,0.003950682984580123,0.00026854486676719524,-0.000857685559801924,0.0058713765465765455,0.0018159840293374696,0.000779485246725331
2017-09-29,-0.0009458007225267018,0.00013076682192325606,-0.00046268035975205457,-0.0006886194616367858,0.0012423117991382515,3.4692342899989015e-05,-0.00042630293695977706,0.0008948252852813976,0.0005545575114558332,-0.00032515732168914013
2017-10-02,-0.0034415373275703542,-0.00421864461741317,-0.004322478739367419,-0.003649755588957415,-0.004213938101015335,-0.004020081432153266,-0.003633313423143103,-0.003706478124759771,-0.0030072788809640816,-0.00448078441130495
2017-10-03,-0.0030171467018390574,0.0017631848839583242,-0.0014229709524806733,-0.002091936961996499,0.0016492814543629386,-0.0004650555342837759,-0.0016703608053441066,0.004064001001974793,0.0006140761477699819,9.599812196259272e-05
2017-10-04,-0.0018790077205170785,-0.002711879495686853,-0.0012988706564203145,-0.0016125469544392423,-0.0020000962111883513,-0.002364202330227938,-0.0022311539803032687,-0.003524489132885167,-0.003653618084922483,-0.0034851608297703507
2017-10-05,0.002843605334921895,0.0019526974058805546,0.002744536673823683,0.002373199298614015,-0.0009836851684090764,0.0009376307996717959,0.0018213533372677393,-0.0012100134652155425,-0.00025150061818979275,0.0017760913498943154
2017-10-06,0.008458268090284493,-1.5459215378821334e-05,0.006249324166945902,0.006376832259636478,-0.0004903151938230321,0.004793839611687778,0.005912661139723552,-0.0019144341998674763,0.00279699797064481,0.003709898185091154
2017-10-09,-0.004570193814909973,-0.00827932622328742,-0.004971267718190342,-0.005188452970534718,-0.0071375061994859434,-0.005318451671159519,-0.005582086842326861,-0.007547848014678005,-0.00618827537566824,-0.006870332657755052
2017-10-10,-0.0014592530928867475,-2.8294947330920195e-05,-0.0010719580767517556,-0.0011677388972609615,0.003283644482678927,0.00028759564217062383,-0.0006322462045307287,0.0017025882051036056,0.0006798494362794116,-0.0012515006147078012
2017-10-11,0.001573585325976179,-0.004614611059087226,-0.0009444398596195613,0.00037212123769791994,-0.0041907163327624675,-0.002696387298971703,-7.444208087614701e-05,-0.005925126466000408,-0.0023957955542094345,-0.0014252585659544348
2017-10-12,-0.0014323141745200552,0.0006490726230923283,-0.00032484510463270944,-0.0006499974587559354,-0.0018661959229573366,-0.0009458800787114363,-0.001199978718513517,-0.0013907869212653745,-0.0019906580454590594,-0.0012289417913442513
2017-10-13,0.001412767637501533,0.007264960277329147,0.003670990382713235,0.0023333792846029766,0.0015617780686223437,0.002376870609706039,0.0016115001979346566,0.0031784346478964665,0.0011636841531610376,0.0028495155883505596
2017-10-16,0.0038784483505027723,0.006647830811527866,0.005348489763523201,0.004777788234863856,0.0035860629598913896,0.004765329221207759,0.004558896451464234,0.004807155712360123,0.004002618919793477,0.005417716845029563
2017-10-17,-0.013019002581170835,-0.006284059060259972,-0.008557166829497587,-0.010385281819207393,-0.010238224640957139,-0.009919378987759075,-0.011131304979351442,-0.009240583240219147,-0.01135077349686664,-0.010595990666512622
2017-10-18,-0.0008916925029356371,0.005337734188303855,0.00045146054809652725,-0.00015580283030258713,0.004988696245752378,0.0009787021928602258,-0.00013489400658406314,0.00445099391504078,0.00307742592954785,0.0012557462339248815
2017-10-19,-0.008584904859661902,-0.006189979830401149,-0.005801374821051697,-0.006998834976280732,-0.006305254050997355,-0.005549353863749329,-0.006800612650074256,-0.006476076113130391,-0.00695471914161816,-0.007278257371074348
2017-10-20,-0.0040618089894850495,0.0004138892437346442,-0.0034456507670980185,-0.004389654390072439,0.0014781183995744573,-0.003178234817448944,-0.004105653955947419,-0.0005997262012376048,-0.001995333259892318,-0.002970416531065556
2017-10-23,0.007887637723175134,-0.0002261293385779073,0.0027632669489034978,0.0046824211003260174,-0.003321978897999678,7.309469996852336e-05,0.004029418964361264,-0.002035282890757051,0.0005421759860684272,0.003004912119493941
2017-10-24,0.014418016027416991,0.010265858831095764,0.014137430744454615,0.014401911689642333,0.008931892420284582,0.013053351527392731,0.01387584356211824,0.009641026183062174,0.011759875756181426,0.012848148447283103
2017-10-25,0.003281578429441323,-0.0004084792695313588,0.0016857225525717112,0.002335420564335111,-0.0030381945314279513,0.0002529410514966468,0.0017108772633900315,-0.002468034883773562,0.0008821681623101263,0.001102208417373296
2017-10-26,-0.008625881997932017,-0.004231155975209289,-0.008115606191297475,-0.008257322411052703,-0.0006746866449796052,-0.0064013074647800705,-0.007333960666101147,-0.0017533014698027927,-0.004988471278062012,-0.006333921291675759
2017-10-27,0.003102357630230035,0.0022314858962915185,0.002718860057577599,0.0028543628659449816,-0.0004887046519522764,0.002978114884000682,0.002853534485044662,-0.0002942807848025364,-5.4273336121624105e-05,0.0016106326661058379
2017-10-30,0.008125470663800316,0.0007608049826486329,0.006081937549107241,0.006751976087191913,-0.004685636212792499,0.004573110276855141,0.00593162787084589,-0.0035296553532824237,0.0019313074808688935,0.0038610900674376225
2017-10-31,-0.004786703089872502,-0.004698142498138491,-0.0033716678887504292,-0.003966122356526824,-0.0063803999174976145,-0.0030040583694376233,-0.004092243286805464,-0.005945888597793547,-0.006210202227361017,-0.005011490478759262
2017-11-01,-0.000898957370166209,-0.0008305740734702027,0.0004221497629655069,-0.0002970214989911346,0.00380455061940399,0.005243053215063576,0.0013194574864301423,0.0012988176075841018,0.0031405792034018276,0.0022635556522592193
2017-11-02,-0.0011503469973130898,-0.000847726151399053,-0.0011048510337161588,-0.0011968151817423056,-0.0005064658153353108,-0.0002966189171292877,-0.000978090925881414,-0.00258707639294542,-0.00023574480294685785,-0.0013608321937834678
2017-11-03,0.010821337939457054,0.007335149688328713,0.009069407770813331,0.009657601357496048,0.010537300620705015,0.009216674679734416,0.009637399892603815,0.009151149383960444,0.008499208953199888,0.008902744887757663
2017-11-06,-0.006410709345542109,-0.0011176125501828338,-0.0047458155109517675,-0.00530045610692953,-0.0009848185185332703,-0.005394886620053274,-0.005045685822641199,-0.0015418791583031721,-0.006093468685484771,-0.005194254249637376
2017-11-07,0.0015904383472424843,0.0017611197610436502,0.0011404848521174848,0.001188861167974009,0.0011777484846065,0.00020674359718730884,0.0006807867548461743,0.0011681619788384001,0.0004751913656555473,9.815132432278162e-05
2017-11-08,0.0011283516782438774,0.00259838541663604,0.001168361785372829,0.0013691373842141807,0.0016176025386194226,0.0002862478267871005,0.0013791891513985632,0.0020235527427212574,0.0007557904524151393,0.0015913670921434697
2017-11-09,0.01414941494001054,0.016326225609552214,0.014553562119432817,0.01436173229462323,0.015359909785705783,0.013637272933263,0.01388651903517335,0.01443389877032275,0.01379136472636766,0.013866259537026027
2017-11-10,-0.006231015304314469,-0.004883206446215427,-0.004786323259539538,-0.005950649932428553,-0.0009323687024453964,-0.0039786478528166525,-0.005746261361982974,0.0002764358311422299,-0.0045977258396765475,-0.005387555283047574
2017-11-13,0.006528333187597601,0.0016136716526051753,0.005540866481315465,0.005917243405435979,0.0067338038303819125,0.006593481306994331,0.006145114059222578,0.006805951754178308,0.006826322740174806,0.007077999434104809
2017-11-14,-0.013486496316564622,-0.011124823618117619,-0.01211789823753684,-0.012759731555593512,-0.011208396197076698,-0.012205296199110593,-0.012354519922646023,-0.009655360233301158,-0.01295372778328785,-0.01280294743458632
2017-11-15,0.011167422842508712,0.006062537479663455,0.009184205419648483,0.009979656442977713,0.006359602260052277,0.008987865729069622,0.009831390842899745,0.00558665454757068,0.010140197649849192,0.00983563909529206
2017-11-16,0.011636567561541522,0.006912423589996219,0.009758085783606374,0.010185043406322647,0.0060257328411454925,0.008877167282695941,0.009254083260051171,0.00743603518088598,0.008556752691791347,0.009360806869973315
2017-11-17,0.010864510130956129,0.005201205751311999,0.009139278009236307,0.009687806489701911,0.005946983032991238,0.008769046147012682,0.009209383731193954,0.005911408025278453,0.008290250573933733,0.00887740208344967
2017-11-20,0.009838075201334506,0.006827110196477193,0.008445350084400394,0.009064492513559452,0.007242468313562789,0.007265980683542006,0.00887263447907749,0.007989785813729888,0.007166403242819364,0.008486570822856532
2017-11-21,-0.007005179620289903,-0.0016670477950192497,-0.005352835906147879,-0.00579444735623158,0.0005816022794145059,-0.004164021697674936,-0.005020000066958463,0.00040007899033978056,-0.0034614494363489623,-0.0044102080833471335
2017-11-22,0.0038912958139223353,-0.00025971691379189643,0.003992573094873997,0.003525923169340972,-0.0034082810926683305,0.0027888318216566788,0.002346051508738789,-0.00257058711346958,0.002135523369944936,0.0019719871405892153
2017-11-23,-0.006933374947470927,-0.00035230327721902377,-0.0039189289041585695,-0.004895257355774563,0.000329111567136664,-0.0027072492717581387,-0.003886800849576044,0.0005263181947829931,-0.0020776947868099693,-0.0036475762760910246
2017-11-24,-0.009528659278775664,-0.004791939737559314,-0.0075371456038382245,-0.008294257404325878,-0.0036140028873880015,-0.007179352506400227,-0.007887339021951822,-0.003966012353843862,-0.006626680220402581,-0.007120814011368326
2017-11-27,0.010559537604980296,0.007044392167292024,0.009076905381519396,0.009532401681477731,0.00679833836363164,0.008869095008162908,0.009266376625306272,0.00719466517981715,0.008585845230721478,0.008823009156883499
2017-11-28,-0.01129015708763692,-0.004267610306124436,-0.00782336304776865,-0.009058728114210712,-0.0032057438368128244,-0.006480155422392775,-0.008183836375232678,-0.002550122210268624,-0.006670090832021192,-0.007798124179153598
2017-11-29,-0.020216724224827676,-0.011447486454982725,-0.016372077693655673,-0.01783077698483493,-0.008639413062193402,-0.013790516848331102,-0.016121355952254057,-0.00845840774226514,-0.012052376955550947,-0.014221040450516864
2017-11-30,-0.01302697437686895,-0.007885935965997737,-0.011285905131454999,-0.012096951551237689,-0.006248756867264893,-0.009696423737468596,-0.011150243595357212,-0.00397851880039557,-0.008730001812992327,-0.009712858116453615
2017-12-01,-0.02709611517099242,-0.011622297789378289,-0.02046620096165719,-0.022777569166436473,-0.0036657218739941655,-0.014247779404450434,-0.01908636866842417,-0.0026262348872871932,-0.01124137125028457,-0.016114306789254407
2017-12-04,-0.006245123635385319,0.000894425974429458,-0.004362559170184022,-0.0045838474914294824,0.0050384263973226595,-0.0008706447192524669,-0.002568993545450038,0.003359145906210337,-0.0004904641750778094,-0.0007435389473315901
2017-12-05,-0.00959517568053414,-0.008878295465333919,-0.009696155225567216,-0.009517277015248626,-0.007221039343218161,-0.008649677121898791,-0.008700320274293905,-0.007808489390399576,-0.008296061787955278,-0.009032199994722045
2017-12-06,0.0031056707898360347,0.0014226018236156435,0.0026803123185250577,0.0023993274078943916,-0.0009256697903765598,0.001066180088128199,0.0015755534864880794,0.00045246260480236167,0.00038704098717157187,0.0004795014210878801
2017-12-07,0.00046034082141632737,0.0009519699590503361,0.0015188883820722587,0.0010046418687397196,0.00132632663526433,0.0021798609273169234,0.001263300100550424,0.0026225604162575245,0.0027790189412932875,0.002085710338847857
2017-12-08,-0.01832383492090195,-0.0111929146782912,-0.015278179324957675,-0.01632607013110099,-0.008952241036517705,-0.012210358693711676,-0.014273524081531708,-0.008793521203904198,-0.009594934450525505,-0.012719557090617784
2017-12-11,0.006102193620139529,0.0027897801743073103,0.005267803308584007,0.005424233710061177,0.002670957195822554,0.004508666742802037,0.005033817572027477,0.0036807471249846735,0.004243725590046266,0.0040332920921180015
2017-12-12,0.005606112408230723,-0.0011874697520153354,0.003066263687339532,0.004102150022996742,-0.0013413752489428443,0.003012837367873944,0.003926752123295518,0.001168112183754566,0.0036807295596466005,0.0038985547492598194
2017-12-13,0.010686380256778927,0.009956828076949087,0.009591646461045267,0.0099361157334803,0.009934920922825663,0.00953383025574106,0.00965989704496395,0.008639812890842924,0.008974865830330359,0.010005538307071626
2017-12-14,0.006149333318999917,0.007334142366553831,0.0063370842008714234,0.006002372171678427,0.007631249699237008,0.007855132918757946,0.006089034737500887,0.00858514329926141,0.00783380044504578,0.007587627249466822
2017-12-15,0.01056055970621217,0.006221972411066812,0.00813837705510001,0.009279098997516222,0.0047372058877759304,0.007402130925508121,0.008942627961361138,0.0033641181728500946,0.006665604057953578,0.008968046639788119
2017-12-18,-0.0005607710781549979,-0.0033974568412976636,-0.002199867426105895,-0.001577749649111393,-0.0024700746611416857,-0.0028466955555449536,-0.0017478268308543932,-0.0031726881783316063,-0.0033783705426516653,-0.002161877363500486
2017-12-19,-0.004062862743859252,-0.0013864405043162442,-0.0026119525706528313,-0.003007051271597505,-0.003904890785877413,-0.0020746420008603828,-0.0027538015512591496,-0.0045148366095617565,-0.004277476978973738,-0.0031916767676635205
2017-12-20,-0.007146692891612627,-0.0052482159803060036,-0.00631319345749537,-0.006501861101905093,-0.003727256850659444,-0.005878710708938972,-0.0061114854293145005,-0.003008469576215589,-0.005259225561726977,-0.005358570499604642
2017-12-21,0.0007268627805248062,-0.0002631860005612996,0.0009194003226946634,0.0006316610489238705,-0.0006796888575663074,8.268008824963147e-05,7.152735000870436e-05,-0.00030887553147285196,-6.777697293691709e-05,0.0003987152263000837
2017-12-22,0.007605895802923479,0.002063708424921984,0.005242608246075253,0.006067810236926929,-0.0015444780319182616,0.004444815467078644,0.005525705654981561,-0.00020291988980636333,0.0028467938797642756,0.004408161387808196
2017-12-25,0.0005406432976045039,0.005181854512562811,0.0028452061163573017,0.0020569483729868665,0.003940762042215162,0.002649084287166925,0.0021443684224526915,0.003249489196699873,0.0012765955929392447,0.001561793258008759
2017-12-26,-0.003976089418642914,-0.0023596263787453164,-0.002528489397657041,-0.002898223874700956,0.0009006369667452496,-0.0016851980242124087,-0.002312974975520854,0.0013006543321449904,-0.001035834303043437,-0.001055196638387157
2017-12-27,-0.006506242408572893,-0.008308191193308945,-0.00710081411875052,-0.00710438630519683,-0.006664870077070617,-0.006820780894413625,-0.007036462178723335,-0.005660389959653234,-0.006342756179200659,-0.0068970443154448
2017-12-28,0.015354093732196539,0.0132751051086486,0.013904738501444136,0.014264940056157638,0.008843664672979479,0.011445005395002594,0.013053536656570275,0.007368383329067196,0.010814809774637668,0.011597527758768544
2017-12-29,-0.012537417878686008,-0.012421496872109139,-0.011153323431686069,-0.011876429435523805,-0.010546415567652234,-0.011024011754453444,-0.011682291365871511,-0.0091351114740289,-0.011277407672110717,-0.011947160653099642
2018-01-01,0.0019596317865977486,0.004216243866629998,0.0016417866042435225,0.0018475539762032867,0.0009249848423980023,0.0015098616109909813,0.0018756448077219545,-0.0004657503328813206,0.00022667420472144428,0.0008830818143541475
2018-01-02,0.007004781090286238,0.0077950965038795506,0.006029820163187427,0.006447785922310656,0.0075681475844799895,0.006736239809062239,0.007052059801334387,0.006091275639435789,0.00802024187855066,0.006628718234819253
2018-01-03,-0.0031153963778182137,-0.006491061130452391,-0.005311822349961526,-0.004662781337208988,-0.006201193279074091,-0.004766290923395866,-0.003963117148158113,-0.005141834223273634,-0.00368131338634059,-0.004530693678106434
2018-01-04,-0.006517455046664122,-0.0030519340659223015,-0.004550492337529244,-0.0052792937473701285,-0.0022750985886356156,-0.0046328416357998,-0.005274068516117003,-0.00222003071540966,-0.00499251769776432,-0.004711080130570311
2018-01-05,0.001514891190736778,-0.0022197709877356253,2.2516554373019915e-05,0.00013904623842098118,0.0012924439698347445,0.000887879343865805,0.0002966256187419969,0.0004823884325828587,-3.1402250761036754e-05,-0.00033506333991883963
2018-01-08,0.0025077471363330606,0.0027274911478345487,0.0032020580082396943,0.0025633666745670247,0.0034782100525594384,0.0029399430867436127,0.00234146302332916,0.002510271551428467,0.0017359790473001624,0.001988508749932283
2018-01-09,-0.0005886454011744258,0.002003949949495043,0.00044306978474506487,0.00020649006136230774,0.002771307854074756,0.0005189135861185523,0.0002701493480892214,0.0027399263702070353,0.0005989546255054101,0.00044029502635911655
2018-01-10,-0.01152945477091083,-0.009038301297119133,-0.010581818347019545,-0.011285316364196163,-0.008817341669179135,-0.010860861322655957,-0.011003477931846417,-0.007547553960897235,-0.009741840280612868,-0.010289517025136807
2018-01-11,-0.006151553159973067,-0.005756139471243538,-0.00544160758476353,-0.005741628921977271,-0.005770829731591376,-0.005012429507450511,-0.005005956542793233,-0.0050778445211570045,-0.004943027793071653,-0.004826712957473389
2018-01-12,-0.0025465848539232283,0.0003857626209160525,-0.0013352321004003187,-0.0016241456239315388,0.0002593248802547077,-0.0012988956988526645,-0.0012637281621281637,-0.00028448793794833005,-0.000593988447247451,-0.0008279329939366864
2018-01-15,-0.008037196557211468,-0.005593030416238487,-0.0070698518377105835,-0.007435575663370164,-0.002853581179015352,-0.00642929370776546,-0.0070218572186914185,-0.0029298311369992946,-0.004928167426662466,-0.006700819756801146
2018-01-16,0.008782642599796997,0.005255158452660114,0.006842743949580843,0.007705031632190051,0.004561521532631563,0.006909896221998002,0.007399328363310476,0.0032182929970705487,0.00658028266010513,0.007016383867922471
2018-01-17,0.007157176661969578,0.00414879284745151,0.007037967422207414,0.00730075047397194,0.005872242210395173,0.006972230029145932,0.006513920108769167,0.007438834305026898,0.006365529121446167,0.006641313209243549
2018-01-18,-0.003975270675874554,-0.002872063920295709,-0.0035848534306268665,-0.0038726213834642254,-0.00021466760365274062,-0.0027968743639887883,-0.0032151663498326544,0.0010001202476743742,-0.0019292187845684206,-0.0030244100407901264
2018-01-19,-0.002589443429349858,-0.0036077971682311194,-0.003401272055682858,-0.0033208504520935156,-0.0032486652000892624,-0.002836789916541682,-0.0026656132323028547,-0.005383796389859086,-0.0036721960383220287,-0.0033530942880828363
2018-01-22,-0.004966258144190938,-0.0042306663206175266,-0.00531131397274498,-0.005003800558575744,-0.003455832316233698,-0.0039615922764784095,-0.0035652228639750927,-0.0013257089624486573,-0.0024698288185758255,-0.0025764544454290883
2018-01-23,-0.0024408324630740275,0.0016280852124388456,-0.0013808000733335213,-0.0013353641751033818,-0.0014472200040287486,-0.0016720261450604568,-0.0015876255095673697,0.0007931627350217241,-0.0018135337290547948,-0.000843736184336974
2018-01-24,0.0027087855643526115,0.001357053704750033,0.0019733672754318476,0.0022836639939309844,-0.002736232337338995,0.0009243197950077331,0.0016795538712608415,-0.002406944493330343,0.0004636045507140363,0.00139371637351271
2018-01-25,-0.0008774536705116187,9.321882714785623e-05,-0.0006645637346617272,-0.0008249982048625926,-0.0004973800176152343,-0.0007904710440415075,-0.001393553874720177,-0.0003974110632176675,-0.002606312928118637,-0.0016586216581291335
2018-01-26,-0.007691926988433684,-0.0005258647099229963,-0.006351213101437603,-0.0068754966119835,-0.00010043160276218543,-0.006194956797450524,-0.006368710668862021,-0.000523369013728403,-0.005751163409750459,-0.005555550418072097
2018-01-29,-0.004844399603857186,-0.0015422093236454604,-0.004361663822969319,-0.004334534863962847,-0.004603062638508626,-0.0048662732572096745,-0.00460929232394669,-0.004608946751861076,-0.004977059745028711,-0.004668807032124023
2018-01-30,-0.006820374981756361,-0.0007714336131835475,-0.004670644571354465,-0.005155142237338817,-0.001118400853767687,-0.005155889479271036,-0.0055672394143357895,-0.0015077620824514026,-0.003808306937302608,-0.005360301158947367
2018-01-31,0.004004804336108947,0.00621896353507112,0.004451598461534978,0.004501996364714156,0.007775294624021933,0.005411381336528853,0.004916000718757418,0.006545957437766203,0.006109359426403893,0.005563218701936545
2018-02-01,-0.0008554080631745231,0.0023346054762543034,0.0009540085883366078,0.0005414987109482183,-0.0006339521385061442,0.000506925422824267,-0.0002923409023292134,0.0019339496139696433,0.00041644117576988826,0.00017942176707919089
2018-02-02,0.0008821162644168101,-0.001944472891224125,0.0005574852076377645,0.0011484959893555136,-0.004204986125986299,-0.00020299520823774397,-0.00010979915216069447,-0.003448925169989625,-0.0012575202222130377,-0.00028062009559881584
2018-02-05,0.004428192155650157,0.005661718618027667,0.004711379955472106,0.004592359649590927,0.006331161440728428,0.004709611619168719,0.004294497015464582,0.004466953099173443,0.004175597921311391,0.003811614943281416
2018-02-06,0.004577206872881101,0.006431381847111339,0.005302874153603643,0.005483111522992523,0.0014932308948139017,0.003823130875372893,0.004034103153029767,0.004551460920259709,0.00412175471559495,0.004565837565688735
2018-02-07,-0.002513920398769409,-0.0008027072039282768,-0.0017055151933246249,-0.0017773503717586348,-0.001392832278306777,-0.002027630010931425,-0.0020587147465018774,-7.559244244825791e-05,-0.0017281840484337785,-0.0017270309164594266
2018-02-08,0.006659726401268884,0.008210708050097715,0.006306644711097764,0.006127726382273657,0.009725489604887949,0.007741719733317165,0.007789868204232997,0.007938550921610776,0.008471946026824995,0.007718566739409294
2018-02-09,-0.007014282310643605,-0.008195142707361325,-0.006492478411287639,-0.006636526839325918,-0.0057025320092771725,-0.006151327554211994,-0.0065497365317620515,-0.003957388407116347,-0.006758186878994543,-0.006265138238451429
2018-02-12,-0.011841162780312442,-0.007454810739131568,-0.009700783570870009,-0.010367088649455347,-0.0065103027085327,-0.009711151615934499,-0.010643355184293268,-0.006405091781147121,-0.009695872961120067,-0.010206532237540755
2018-02-13,0.0003333727210992343,-0.000405661376686961,-0.001402112576657455,-0.00034324689079623383,0.0008524156596847465,-0.0006937825779463891,-0.00012922852286090247,6.869585720337135e-05,0.000792643227345291,0.0006281420221627698
2018-02-14,0.001583476212076107,-0.001742157032800451,0.0016102578067620499,0.00186930694558618,-0.004873618728297724,0.0005291926430710525,0.000731819140898704,-0.0014930760077739302,-9.74282736915244e-05,0.0012515915797388644
2018-02-15,0.0031193181821722593,0.0023003110197872267,0.0027441839967266013,0.003075728421544799,0.0030237396550536477,0.003008932430124789,0.003031832047426075,0.002294098253664778,0.0029555205992810585,0.003163390657815679
2018-02-16,-0.0016823180876979205,0.004814376687904742,-0.0003891118739270949,-0.0007890153958377555,0.00450371558693452,-0.00021044626605459804,-0.0007459121842112726,0.004257795776954509,0.00036123961098866175,-0.000471224913183077
2018-02-19,-0.005010604793895701,-0.0009026003770309377,-0.004503963727610638,-0.004178737914392272,0.0007646199607633797,-0.003152129387818503,-0.0036605283301258673,-0.0005313440609697739,-0.0016767541452593626,-0.0033312445518299816
2018-02-20,0.0012128886934177352,-0.003182507719722505,-0.001118405060321015,5.602502217927352e-05,-0.002104591621101548,-0.00015194806960738827,0.0007837303882518576,-0.0004961584360957394,0.0008852238582006677,0.001166835077593742
2018-02-21,0.008311523714174651,0.00925808078674173,0.009784288999437063,0.008987618502364292,0.008177817538065568,0.009080508736009296,0.008645274138414871,0.0068561971974168134,0.007970905269311102,0.008248336284890634
2018-02-22,-0.00842660140778062,-0.005323552240200868,-0.007995887727788697,-0.00778969828362186,-0.00652979733460235,-0.007985503609264644,-0.008030759255296172,-0.005118087317719011,-0.008359032112183473,-0.00739134357830773
2018-02-23,-0.0008640722147158497,0.0001223241103456285,6.107839997016029e-05,-0.00013810413789072662,-0.002759254932455102,-0.0010752433404143114,-0.0012770301209865664,-0.0019026275093789735,-0.0023003637718487235,-0.0010891285253118443
2018-02-26,0.003621389881430792,0.003904940444818372,0.0035847512830227135,0.003305445582068245,0.003633569772150569,0.0029230022046586868,0.0035173481548820273,0.0029642853593012664,0.0037976274585493908,0.003204146500310534
2018-02-27,-0.0012643664390925569,-0.0005635684433087373,-0.0010889486037473084,-0.0010897979164237181,-0.0013562612791562234,-0.0012645009701710563,-0.0013975510632259214,0.0028136178147324387,-0.0005192242876113085,-0.0006628632718086447
2018-02-28,0.004430826463121651,0.0022813504252021666,0.004609192709914556,0.004434320504295819,0.003105246823498664,0.0042866755168582404,0.004182216861594368,0.002878161103986754,0.00347257205939977,0.0036996319321318527
2018-03-01,0.0014452679514302957,0.003637746933781827,0.0036541555659130864,0.002626049982500378,0.001121839984530748,0.0018260411144195299,0.0016444736565248697,0.0002707626721429879,0.0007881034612735593,0.0009562411751726785
2018-03-02,-0.0007721443580001042,0.0021490745029115743,-4.5764351810362314e-05,-0.0005812428587087526,0.002410114723637058,-0.0006566286527109888,-0.000420414594408669,-0.0015442311229729722,-0.0016159862323195107,-0.0011252747090686466
2018-03-05,0.006129722569117035,0.0036855012923779906,0.004012603568163575,0.004891150886544571,0.001455650658700014,0.0039195722755773765,0.004985070766066357,0.0003703363895390943,0.004513067863315623,0.0046027179197585255
2018-03-06,0.0016927136070503668,-0.003524933083884463,-6.40662719095797e-05,0.0006913296071764385,1.7445211552669093e-05,0.0009113972897920597,0.0012814106383536306,0.00028021155684920807,0.0015171932671871335,0.0011692467731854173
2018-03-07,-0.0060660232629276,-0.0022848616891220086,-0.004156813273109905,-0.0050405939290490975,-0.0023784713589026785,-0.004718064045278414,-0.005341268252695541,-0.0029465539771467153,-0.005457943861852943,-0.005173806703090977
2018-03-08,0.0004986617716884467,0.0008131843265599681,0.0023427543502172465,0.0015112284603893134,0.0021667650449543885,0.0022201486231485656,0.001115051598542971,0.0013530569968587258,0.0010502787841106809,0.0007504888293297096
2018-03-09,-0.0064698781862631005,-0.00326980260113352,-0.00630359201763786,-0.006170732315514793,-0.005120450976214275,-0.006635727244090672,-0.006315612488087541,-0.0028838173473428874,-0.0048983139842410095,-0.005399015352371861
2018-03-12,-0.004927341714943245,-0.0057133171140413275,-0.00575685997818598,-0.005723922797282288,-0.0022613861610867314,-0.005091426952955613,-0.004913800558967507,-0.0030309775271500916,-0.004486279004031979,-0.004712328581142788
2018-03-13,0.003555200294571792,0.008087626698584538,0.005747356469752551,0.004458534381315049,0.0049308240170558015,0.003870014059855098,0.003529662096730002,0.0038087129546640064,0.0047165676297684644,0.0029525925026894217
2018-03-14,-0.0071498492472339414,-0.0017653513179722857,-0.006726098815625248,-0.006859602432429113,-0.0016382635254263977,-0.0059707532451065415,-0.006113853893341292,0.0001605768808170538,-0.0041716582842332706,-0.005079844715174531
2018-03-15,-0.0021427221255728712,-0.0018886172713017402,-0.0024384452882333374,-0.0019280776151402446,-0.003311401678695036,-0.0028870159663048067,-0.0025579823750774278,-0.0033630369000662297,-0.003000761482811698,-0.0020301683782523172
2018-03-16,0.0020648962012521643,-0.0008093987771157218,0.0015556902153348595,0.0021441583851258272,-0.002072488564608843,0.001170634488343758,0.0017069950041777027,-0.001252679708252824,0.0018553769626585837,0.0018512675327242434
2018-03-19,0.00993287359900874,0.006497993289322546,0.008582259689436933,0.009578606995647387,0.007147737606450377,0.008897685652402565,0.009488712606459782,0.008135913202893308,0.010483949085802191,0.01005583762175788
2018-03-20,0.003032661911681611,0.0036091109156364265,0.004849284929896003,0.0038575648513434757,0.0035130350181142855,0.003465026823893824,0.002941540056020875,3.258691501195621e-05,0.0022717841930681715,0.0022068246958382165
2018-03-21,0.012900073881390917,0.012588992864430049,0.0125230547922488,0.01252206472168993,0.011627557987153203,0.012143944651809235,0.012601425395466048,0.009887801689316467,0.012282007634712988,0.012342076903456789
2018-03-22,-0.005084339707934427,-0.004649267405129609,-0.005483765239282956,-0.005406013860390524,-0.0033757270673646644,-0.003822287129076729,-0.004123945939227935,-0.0009401080746034296,-0.0026597648261472706,-0.003339653865433778
2018-03-23,-0.009927470319136322,-0.013105689613228888,-0.012438256019505545,-0.011214486220449738,-0.008095800294313005,-0.008583113869681802,-0.008885147875399735,-0.004121727123040708,-0.005263160346315576,-0.0073089312166860765
2018-03-26,-0.002671328960345387,-0.0020675162443877237,-0.0033730496096672224,-0.003332450323515479,0.0007340877070434182,-0.0020041899786458206,-0.0024123979217990366,0.0007047199135947757,-0.0006680191152985682,-0.0018469192542048818
2018-03-27,0.0029898820459750564,0.0026530143066667566,0.003105374291686669,0.0034172026618846107,0.0027245745706621083,0.002033737023671156,0.0027713641100799435,0.0021247809434912224,0.00305276914239494,0.002986414978328522
2018-03-28,-0.0036561651280815344,-0.006265191342015086,-0.004071250220760714,-0.0034286937003097373,-0.004092034095568131,-0.0025394119129220627,-0.0027752666070119947,-0.0015236892115750855,-0.0022996592763776524,-0.002144305455590967
2018-03-29,-0.0013777282999956064,-0.0009799088865134475,-0.0010140085606208382,-0.0003464864659818989,7.649603515891279e-05,0.00016953305274491903,-0.000696057207498435,0.0008800172556671093,-0.0020423886816577363,-0.0010738539381009993
2018-03-30,0.005144703901989622,0.0029980743761595097,0.003078796643414483,0.003708874379533489,0.002595545115064546,0.004079618040856436,0.004776741247880967,-0.0003103349015285417,0.004073992709764607,0.00391497396716689
2018-04-02,0.006956705909399119,0.006384904230316124,0.006814903740209877,0.006193221316594055,2.8378482247459758e-05,0.0037616052825981683,0.004870886813272968,0.0015157683788546983,0.004815239598266796,0.004190760904470903
2018-04-03,0.0006116512859486445,0.0019885698556025844,-0.00012795668960152717,-9.564361882674621e-05,-0.00031206386207960346,-0.0008136448137336938,-0.0001278769406829472,-0.001122958913768013,3.421105734191521e-05,-0.00044411173116465363
2018-04-04,-0.00419897179673534,0.003922960557972033,-0.0008265117542177736,-0.002271353670722398,-6.971845796588383e-05,-0.002247289675428865,-0.003334660791815436,0.0020960461223866744,-0.004089211222153666,-0.003016842770638739
2018-04-05,0.0003671523903241436,-0.0007847186426378494,0.0006736936774425217,0.00037028855786114256,-0.002235122870039463,-0.0011185353346540028,-0.0007494437533720477,-0.0015257542862869844,-0.0010595115021947432,-0.0011971162103071586
2018-04-06,0.004978663871351374,-0.0026259208181640403,0.0026173422395345813,0.0037395015091981065,-0.0015825111341539744,0.0016974062939185686,0.003196504190716265,-0.0016040370846697183,0.0018465147689137318,0.0032078881628252454
2018-04-09,-0.012151381087296853,-0.010271070759883205,-0.012244612661832632,-0.011815565172818343,-0.007831262318787058,-0.011200030722434029,-0.01091004601357426,-0.004697602175504079,-0.00978789247785894,-0.008872704919239749
2018-04-10,0.009083149483781972,0.004770023869540063,0.0073188635542149605,0.008302602039023999,0.008084390533338537,0.008718916049272218,0.008752867039220513,0.007979472275664978,0.009434667536634578,0.009037944164907108
2018-04-11,-0.003636273254097766,0.0018944063577597259,-0.0019656267412782036,-0.003068417283666691,-0.0012251476113631643,-0.0032346681319375126,-0.0030881163400988676,0.0002806646837674176,-0.0019170401593483488,-0.0028002856401186937
2018-04-12,-0.002741305867126398,-0.0032873261442363244,-0.0022043086678112944,-0.0020810484266045037,-0.004273705605155054,-0.0036992826413220214,-0.0034897625347571903,-0.0038123550236406345,-0.005820013907095856,-0.003973999345802559
2018-04-13,-0.00750243815971241,0.002201917425197486,-0.005223834015376072,-0.007107857538657281,-0.005621469959952385,-0.007013026879324369,-0.006987956844395349,-0.0027329180734326775,-0.005035673674202545,-0.006791330157038811
2018-04-16,-0.0037640747564817723,-0.004328765807071755,-0.0028516519125056927,-0.0030125925210063853,0.0014557386572919828,-0.001494718492123348,-0.0022761814681180326,0.0027021178455521877,-0.0012315596132232987,-0.0015118300382905847
2018-04-17,-0.012099625671441627,-0.009757635700519351,-0.012066697371706736,-0.012039162027840833,-0.01148998000057655,-0.011997173832623553,-0.011834511974638806,-0.009023667955200931,-0.009544183358932812,-0.010449044239214667
2018-04-18,-0.00277222206505523,0.004918772780168501,-0.0022886638495738243,-0.0025203110454126154,0.0015038303537904252,-0.0017831852127606629,-0.00165513080825197,0.005843140966759641,0.0018288114209703554,0.00039245811976207357
2018-04-19,-0.0035426106926909062,-0.00916769158615216,-0.004381327315562733,-0.004106101089578429,-0.003705279744000145,-0.003459873805228497,-0.003434612968818418,-0.0027678136978991352,-0.002120429155278658,-0.0026391194359387526
2018-04-20,-0.0041786515012738334,-0.005222388677400658,-0.004529867916621688,-0.004487689543938744,-0.0023768601311093818,-0.003814872286150295,-0.003878817150174463,-0.004835283928497858,-0.0031201487502864333,-0.0040486775578927325
2018-04-23,-0.0015312673461891357,0.001131901380583944,-0.0006025932779210041,-0.00063630509805368,0.0011776625476682678,-0.00026467060856594227,-0.0007151270117258246,0.0024495774158119765,-0.00017328986776032895,-0.0008937469093914796
2018-04-24,0.00447246871559992,-0.0014490980593864222,0.0026063738116588464,0.003522277610319424,0.0015274592061251813,0.003243284074588848,0.0035731197749959698,0.002236813838418783,0.0037000262393436234,0.0037026975905245507
2018-04-25,-2.961578194971004e-05,0.0001708365450676652,-0.0001066875486389618,3.1950125760626946e-05,-0.0027341478311819767,-0.001569384242815497,-0.0007773312997946258,-0.002106747101926265,-0.0015206188051831715,-0.0008237852849748428
2018-04-26,0.006670742319620837,0.00528861646411416,0.00626818839495713,0.006340013193971039,0.0026938875300202003,0.0057560121223176886,0.0063104305645456105,0.004412321027847943,0.006455137519771892,0.00631474929961251
2018-04-27,-0.008658457938239605,-0.012265305076831545,-0.008546632696149636,-0.008556810326206588,-0.008350014576730236,-0.00847360984748935,-0.008716182023549623,-0.007035630643588808,-0.008185689255138628,-0.007781386569503779
2018-04-30,-0.0081407497815158,-0.011438638618270769,-0.0075222117449275094,-0.007766317179730642,-0.0009021410075946701,-0.005167636926026842,-0.006818629195899373,-0.0040651885543192545,-0.0052716730519347665,-0.0066423531529464785
2018-05-01,-0.007834658831654018,-0.005447833101470012,-0.0068001017443757306,-0.007333402320119364,-0.006098024513388811,-0.0065180374080437975,-0.00721550966160478,-0.007629552367897197,-0.00581050446832676,-0.007622890830218165
2018-05-02,0.005661347109350956,0.004881661312855057,0.005065563963699615,0.004944198298641567,0.0040990711231130295,0.006177944300145732,0.00578648675544291,0.0027600023523755013,0.006483370394209764,0.005996578839815747
2018-05-03,-0.013486353123744577,-0.00884124328533753,-0.013667330451891946,-0.013536785878199398,-0.0047318992225137135,-0.011052942270089794,-0.012200094100713654,-0.007411225116738196,-0.008512171145732661,-0.011513330048213533
2018-05-04,0.014748468842834983,0.01374477218778214,0.014438107410751133,0.014392098947002774,0.005825643295596539,0.011966639665147438,0.013405707568388436,0.007300850845906481,0.011435796016435296,0.012909182356023674
2018-05-07,0.0029397440746750103,0.00961871614822063,0.006404864953851508,0.005043070368849545,0.0009197955144424341,0.003163320064736741,0.003060034205999207,0.001812250923729719,0.0004998832043154877,0.0023877078311804745
2018-05-08,0.01007561093133913,0.0138053029900429,0.010573896133956762,0.010147952997155318,0.005918552783974906,0.008906002328969986,0.009842874117572453,0.006152849998423804,0.009300331084425073,0.008991018864885847
2018-05-09,0.022850596248580324,0.02252614329901892,0.020993661494298266,0.021564983616617406,0.015722872781439357,0.019826708321107223,0.0208259863590059,0.015018983853198886,0.01879691687839191,0.01957376571983116
2018-05-10,0.0025481095310013746,0.0033751134509034664,0.004765425458936878,0.00369294209437232,-0.004874219856066397,0.0016691511535311676,0.0026188101131812136,-0.003263084540475192,-0.00040561573501518566,0.0014644513114874247
2018-05-11,-0.008502877387388641,-0.006438274976043434,-0.00741754995512911,-0.00795876490000591,-0.006248279777214427,-0.0072322531402668755,-0.007414148556648903,-0.0038421359683643574,-0.00529348005541852,-0.005954569101618401
2018-05-14,0.006493254268759907,0.0027252356816460654,0.004017800601062049,0.005211711275676656,0.003937091847643126,0.004081603483928831,0.0047463878034412765,0.007772993438042386,0.005324304321028039,0.006590224908827436
2018-05-15,-0.01038876846507275,-0.009529047579072802,-0.010493281210875338,-0.010555928681635685,-0.0036934077719462666,-0.00763640767849727,-0.00845273628811083,-0.002281177211892249,-0.004839479949658387,-0.007575679643678557
2018-05-16,-0.012699473918730386,-0.00656181562090663,-0.010564954429178375,-0.011299650697937036,-0.003595377119733234,-0.009018986069582513,-0.010595076394327219,-0.003810702419224876,-0.008980798156013603,-0.010247220879781027
2018-05-17,-0.014793314679028557,-0.009177421695861332,-0.012435469837440039,-0.013404054293893353,-0.004982292661648513,-0.010691419097925814,-0.01227830399895613,-0.003452514657589445,-0.008702439723603184,-0.011304435672697233
2018-05-18,0.004369247014954336,0.00439883370860672,0.004669771021128533,0.004347516524806361,0.0013877821577044092,0.0036748814565601418,0.0037139351890786987,0.0013310680156506383,0.0030412343355386007,0.003274340013599941
2018-05-21,-0.0038361713378558537,2.668933563243492e-05,-0.004395989469164752,-0.004116513274112554,0.003977667474844626,-0.0011328851972163267,-0.0023221747897722578,0.0022087579430412063,0.0007388131218117877,-0.0022645135884111767
2018-05-22,0.006284173325024733,0.0026378750717035437,0.004854652612636068,0.005418035372008134,0.0006879765352891809,0.0037492627758144437,0.0047101048849402805,-0.0009082032977530963,0.0017938466879274806,0.0038895904759266298
2018-05-23,-0.00383196662852181,0.0020402533379764165,-0.000497733910440834,-0.0016141318442258745,-0.00038821062021465735,-0.0009719868843205415,-0.0020697841477099743,0.00041920101994241676,-0.0009536621298240622,-0.00238586352290604
2018-05-24,-0.020549101337829723,-0.015106000896242922,-0.018971215672915598,-0.019459128365703515,-0.007103286019053634,-0.016545458889056786,-0.018106772510962488,-0.0070834077448799215,-0.013528592634405867,-0.016624761527032517
2018-05-25,-0.012967762093287205,-0.013178824035806058,-0.013478226549472505,-0.013217850033606648,-0.008015603516007386,-0.011637835438997435,-0.012836373561424641,-0.009140118547300569,-0.01102340967272597,-0.011849335564831587
2018-05-28,0.00014459354461027196,-0.0027766830126312314,0.00023778846127564535,3.417283759366008e-05,-0.001681852585633803,-0.00021469160084108818,-6.388558955372492e-05,-0.0037261983396948972,-0.002711934310201669,-0.0006779395774441088
2018-05-29,0.0017203906361835664,0.0036740745293935007,0.002794855936780083,0.0023894477233494804,0.005165875685289478,0.0036827190646686603,0.002889595368976483,0.00612796061612908,0.003941615068688398,0.003365594504876279
2018-05-30,0.004632945444495329,-0.0003297507743222905,0.00504085608049154,0.005161889504434303,0.004481121588626902,0.0048413616109188595,0.004338350093108678,0.004098758470939989,0.003136034665864207,0.004352053387278065
2018-05-31,0.012949024979783674,0.011393836104260924,0.01157327448235379,0.012036979248608137,-0.0008851313592531662,0.007628934716870317,0.010236903975353373,0.0009236258041922518,0.0054812840735696255,0.008975203596386816
2018-06-01,0.002341974864009666,0.004727323502765612,0.0037382294032388685,0.0034305720407907803,0.003041836456722402,0.0021034040785476993,0.002330259995387607,0.0030786573945287277,0.0022689651201204253,0.002178129442529153
2018-06-04,-0.018906468938278964,-0.009872537724323394,-0.015204394022028112,-0.016390056298201783,-0.007533897695684022,-0.013515312259902768,-0.015577642323020946,-0.005746990740083557,-0.011406720959304506,-0.014322897904023524
2018-06-05,-0.004279507020417128,-0.004486864618384212,-0.003499051090801397,-0.003551276725818564,-0.005432419280355871,-0.004637670444717079,-0.004470255964665992,-0.005638971427779027,-0.0062801354798996956,-0.005408824925054789
2018-06-06,-0.0019267137112556343,-0.002261816416377238,-0.0009111303728635001,-0.0012699710471335557,0.0028379956788386895,0.00014719598842449777,-0.0007519392524644175,0.0014988730716218868,-0.0008305225905886893,-0.0010335424281264771
2018-06-07,0.0075134635946227935,0.008300094097148047,0.009264089277748244,0.008601219904719404,0.0076595105317180945,0.008772546861149033,0.008012078633432562,0.007613889964666054,0.008051700772918391,0.007435613061166579
2018-06-08,0.009770816642790114,0.005118491835972794,0.007351780829371268,0.008660909864262933,0.004579689477367088,0.00559496924098557,0.007178526609831204,0.005571718770232215,0.005364970774266897,0.007611709255468835
2018-06-11,-0.00437788175702325,-0.0005774630983877982,-0.002595223283353487,-0.003488779624849281,-0.0016033049628906282,-0.0021787919493989616,-0.002876051500402932,-0.0008925324645745469,-0.0003271946715035501,-0.00232355984447985
2018-06-12,0.024705998609662716,0.01676285492515417,0.02265491794012231,0.023211068030023263,0.00937912441752764,0.019630593362207405,0.02100831688116145,0.008450339057936018,0.017811338065828908,0.019150530550394285
2018-06-13,0.001598409035930004,-0.005034800119041005,0.0013436064416503246,0.001193449601740726,-8.982558400238982e-05,0.0016949929910583528,0.0011123819820291203,-0.00274884439654155,0.0007997687526823949,0.0010410287405888674
2018-06-14,0.006346314066330683,0.005498830379251363,0.004133590409217458,0.005242568608768927,0.0035939407171878823,0.004654149714636624,0.005785915000632524,0.003874503950558328,0.00423930930586125,0.005751939089770675
2018-06-15,0.006598067873979874,0.008572394753760149,0.0073434528479721095,0.006810515772458059,0.005817875536932027,0.0070242881784270406,0.006556489441933433,0.007222282466982088,0.008114727440512892,0.006938212784103781
2018-06-18,-0.004301587106804283,-0.0048682223325541285,-0.0023521794580041444,-0.0030827352392919227,-0.0077744478256678295,-0.004744265496685607,-0.0044770590686994405,-0.008943923814125676,-0.006672975711837337,-0.005519702426846962
2018-06-19,0.007923821412590515,0.00245328871111683,0.007072942694903439,0.007498408027876158,0.006526107802214742,0.0067038015843472465,0.007117464306487742,0.0046904520923591875,0.005505436948105347,0.0066503852533172925
2018-06-20,0.005462094282865371,0.002228049607502225,0.0052343872293203475,0.005307243276461593,0.003667462790092335,0.004504155878237492,0.004802198185617446,0.002613395014540165,0.0039944815717234405,0.004552641481527342
2018-06-21,0.0037158410969333477,0.003728724647295678,0.00275690856641142,0.003115330082536838,0.005744103970016345,0.004410426653764343,0.004278818178049315,0.005292073347113568,0.004309774859822424,0.004017880270371421
2018-06-22,0.006464032848797041,0.0004517858725445745,0.0023773890185947444,0.003920054019935337,0.005316413514243612,0.0050688967505949645,0.005622973976988188,0.0039010843825078023,0.007443440806413237,0.006210524647735749
2018-06-25,0.0050358920340556335,0.008359715774129084,0.004707852567275461,0.004907297558130352,0.011639425499596845,0.006744725908611304,0.006308001954627773,0.015006284226237065,0.010511811736122034,0.008144483294391991
2018-06-26,0.00554212216270189,0.004662418395762424,0.004651740253998282,0.005100184068022928,0.00400751490456952,0.004170630105805095,0.004881019004650655,0.003021340476062395,0.004479839303683564,0.005165713077755818
2018-06-27,-0.012798259885168028,-0.005815383849213429,-0.011343233344394021,-0.012221252665927773,-0.006728465675279849,-0.010720902664787979,-0.011203000322588808,-0.006252747244726464,-0.009045810155621004,-0.0104992481859566
2018-06-28,-0.0043533973317702035,-0.011487618403284272,-0.005380242902402577,-0.005040211390757499,-0.0046833156385159835,-0.004173736651532756,-0.0043283646620358995,-0.007042435233274746,-0.005511918419135675,-0.004718619914014233
2018-06-29,-0.019981621256820237,-0.0175828741241828,-0.016474410602456357,-0.01773443326941626,-0.014173705086865107,-0.016599118482474085,-0.018328596796243324,-0.013083477491140916,-0.0166245550556402,-0.017455361653849644
2018-07-02,0.01858617679914798,0.01705421540876184,0.018337818390776528,0.01833683011037679,0.01600750991623201,0.01754603631479723,0.01804479040121265,0.012103293929791592,0.016937075131777002,0.0170077917823257
2018-07-03,0.013856242796279394,0.009129458391694323,0.012430286638757115,0.012819388470915127,0.009179728611043547,0.012367031490619462,0.012963033624032061,0.008195210705876477,0.013251608053114428,0.01288212807737077
2018-07-04,-0.003774293043383392,0.0010068485620271517,-0.0024751140725189913,-0.0030513336271990044,-0.0030103465041100286,-0.0030960834746442956,-0.003263022236696056,-0.0014544623741117313,-0.0020097616975272015,-0.002491935252172839
2018-07-05,-0.014439103919481888,-0.005781810786122277,-0.011092466348886942,-0.01227152362879158,-0.01229290706404429,-0.01320696083144235,-0.013504454655160147,-0.01033051885409475,-0.01267766559694028,-0.01328149717826188
2018-07-06,0.009443054819473273,0.0017757118928898308,0.006418768567555855,0.00797037718028104,0.002326467537222765,0.0069110680723247775,0.00804814009102195,0.0033731842562136904,0.006893782739585186,0.007990953736423334
2018-07-09,0.005238348380092406,0.001845394073656026,0.00372707818518192,0.004490429051930089,0.0036765357942032395,0.003394074851070794,0.004358453270528306,0.0029170194924530435,0.0021363039388484495,0.0034485823435814744
2018-07-10,0.003964973227008395,0.005055335330058641,0.00301267123002269,0.0031756264118261157,0.0017414245257056926,0.0018543043010739169,0.002578266657744299,0.00011577624654135477,0.0007639943869901522,0.0024962054203776507
2018-07-11,0.011330722777002089,0.012907019520431051,0.011221044034497973,0.010861836930360136,0.007806633298563792,0.009657419132752976,0.010262189274673261,0.008517866258416884,0.009553898117889537,0.010171796840472425
2018-07-12,0.004950376408118906,-0.002710795303064062,0.0011310710600758167,0.0024594493190435163,0.0047859717213392106,0.0035391826940418536,0.0036102307877834416,0.00010640946151529995,0.0015387547972569582,0.0028611103742806065
2018-07-13,-0.011687463030595646,-0.00814189641580243,-0.00908492274332473,-0.00997660031348313,-0.006101584916964664,-0.009909537059388573,-0.010519343088889244,-0.005402974483063483,-0.010750854214761185,-0.010438203433931093
2018-07-16,0.004013294852581284,0.0009180993108073299,0.002314923961610482,0.0032887437093900296,0.00021822458132292333,0.0019820015254590206,0.00333264379853615,0.0032229339328220252,0.0036063104092700637,0.004469882027336558
2018-07-17,0.0004513670446826268,-0.003947030647923011,-0.0004887268409012879,-0.00020840574618230523,-0.0037072228388638218,-0.00045393142305028,-4.3653691567335784e-05,-0.0020519826534001195,-0.0001507636000506185,-3.752078452945451e-05
2018-07-18,0.013491993693943272,0.001770750842918778,0.009827671491619006,0.010736705353822762,0.0034392060529151447,0.008943603508986042,0.011056303298436543,0.004001265713875712,0.007377958805761642,0.010398602724373207
2018-07-19,0.00661281966905336,0.0031759424754516097,0.006979141560517377,0.007141716846020607,0.007414384525993523,0.00765628699556431,0.007312210041525047,0.0063091253984115525,0.007249465419240986,0.007175783791879109
2018-07-20,-0.0036575833822254378,0.0022047776559162013,-0.00021583109542122614,-0.001659009642591247,0.0005509602012534476,-0.0009428272912224145,-0.0018131029644024022,0.002467244735735896,0.0005734088298205986,-0.0007868086448504785
2018-07-23,-0.010597781885904545,-0.004928725010307944,-0.00587521808484559,-0.00807005325596244,-0.004300754550437658,-0.006706551341207012,-0.008303124525026573,-0.003437072612707537,-0.005841885238217159,-0.007760428746847459
2018-07-24,-0.005097901194888399,-0.004724538241244192,-0.004205077868442819,-0.004602135232604221,-0.0037369140518588306,-0.0036875607356687823,-0.004648362193054867,-0.004711975211411312,-0.004481628264852988,-0.0051791799586355936
2018-07-25,-0.0009681054828289959,-0.0014210495392215083,-0.0013657140101064336,-0.0009221521174715974,0.0012526763591222956,-0.0004224357004973811,-0.0008671684773701172,-0.0008295220092897626,-0.0009216142846075748,-0.0014526606963423117
2018-07-26,-0.012083681126674684,-0.0054278009525552395,-0.0071250380593732565,-0.009248248602172993,-0.003362030779011649,-0.006651730122784416,-0.008785488895064808,-0.0030097686269935364,-0.004525044654552168,-0.008094725923831314
2018-07-27,-0.0036235304603630114,0.0010042071532909702,0.0005465881790538418,-0.0015858225184803842,0.006100837393085978,0.00253300679038726,-0.0005662809912900801,0.00474058851051673,0.0044411268339941135,0.0006865992127833564
2018-07-30,-0.018287959471512627,-0.00782285622932366,-0.012674494850696383,-0.015178052896045902,-0.006665622356748724,-0.01267005280801492,-0.014503733592720724,-0.004665452611038456,-0.009458509404533855,-0.012715302224214464
2018-07-31,-0.011790642525916994,-0.007790847877311435,-0.011068262834298737,-0.011431525306920154,-0.007916042786390576,-0.011811659798151908,-0.01144012926445881,-0.009275363651236712,-0.011458494361586524,-0.011428271304650628
2018-08-01,-0.006251274765188053,-0.000847815059512369,-0.002543582984076309,-0.004209228059686154,-0.001242830232577985,-0.003415769182562922,-0.004346608574620436,0.0002900761244404304,-0.0025451973788200855,-0.0036721475886443145
2018-08-02,-0.005260236081270242,-0.002728752884133101,-0.00665696345612643,-0.005975586124797205,-0.00504977268432405,-0.008129716396592657,-0.006932649193815532,-0.0052566463796175356,-0.008635064879659038,-0.007505444660982574
2018-08-03,0.001321170803610272,-0.0037713686819214054,-0.00045823800683808535,0.0004725565595997683,-0.00297894377169583,-0.0003821330203387374,0.00018234328530297716,-0.004931783490866426,-0.003045171113065681,-0.001162539628214665
2018-08-06,0.005559742302993831,0.004014797130861281,0.002341949817380007,0.003415563343177608,0.0037865219669099837,0.0019376374945176966,0.00275122837620545,0.0033885718871558,0.001916262041106398,0.0026867086256734396
2018-08-07,-0.003096647660425722,4.719923183404973e-06,-0.0022331822432778425,-0.0029064736745786357,-0.0009108894903273601,-0.0029825649051610226,-0.003327760056137552,-0.0027826014717298175,-0.002402884779439396,-0.003526216683586547
2018-08-08,-0.01882458582029356,-0.008489056059386324,-0.012955598629178833,-0.015412230704238139,-0.0071995580689961924,-0.013362829877435867,-0.014894431834570732,-0.00617611053047229,-0.011794545639090548,-0.01397429126527705
2018-08-09,-0.005393615403892271,-0.0006002449697599666,-0.005051061428982373,-0.005129724455103624,0.0010832132018328,-0.004330040966489479,-0.004725149513457483,0.00224324880058413,-0.003079119668817687,-0.004027672670239735
2018-08-10,-0.004753166497124095,-0.004096142507937772,-0.0031446182834220515,-0.0038582436329648306,-0.0021507829818580015,-0.0031274648213179823,-0.0038635969321664243,-0.004415932118279953,-0.003881825988261034,-0.0043974480675768035
2018-08-13,-0.0038475876457331193,-0.0022010636843967646,-0.003488670983253117,-0.0039055560835894454,-0.001394954394838832,-0.003735032876480915,-0.0038411989163208426,-0.001971491736960651,-0.002928433517540796,-0.003716372492078235
2018-08-14,0.00708164149544932,0.0031377338522851073,0.0031242803158282317,0.004681431862249674,0.001776662955597974,0.003683644426597521,0.004807308587294168,0.0025333931748550143,0.004796162267766357,0.004938667278382658
2018-08-15,0.0022050474376629214,0.005965734318812421,0.003880251583761929,0.0030904650277316925,0.006225057859827965,0.004260676844238809,0.003674588654328792,0.0068536603895550385,0.005447509129073103,0.00403307542956588
2018-08-16,0.008433827180379438,0.0036808163854307185,0.009508669149772775,0.009302596534442431,0.007955656395742583,0.01082460689602116,0.010061876824937865,0.007150995230565282,0.010645906424144425,0.010053215277333605
2018-08-17,0.00010862563497093802,0.0009441896687820694,0.0003246115520401105,1.142379285790085e-05,0.00024222321283340342,-0.00013826643124892346,0.00018032236854859107,0.0002680264962846568,0.00017259948071401965,0.00036788106284779687
2018-08-20,-0.0018745413262237776,-0.005228932119569318,-0.0031207843474840846,-0.002313776346723362,-0.006115917641100976,-0.0031538392429075746,-0.0025609515377529313,-0.006562969984774125,-0.0038293569611793643,-0.0029702180928872224
2018-08-21,-0.003960831942791065,-0.0013971296097319286,-0.0004440283950946089,-0.0018235965571875568,0.0011469716106216055,2.2328955013861673e-06,-0.0012383113371856602,-0.0001954843773703807,0.0008029497700170474,-0.0013362754488404072
2018-08-22,0.0073453427316361175,0.008338067434200847,0.00931362008878267,0.008733594093508046,0.009390338524518427,0.009716528689257986,0.00902902864460331,0.009969359015540524,0.009135189654837061,0.008989795590294225
2018-08-23,-0.0025396808402371462,0.001826347085355895,-0.000391607320975651,-0.0012754960944606486,-0.0018395936823054626,-0.0009938351017849678,-0.0014883720373255471,0.00013743628687357123,-0.0007717999934965247,-0.0011303623548535313
2018-08-24,0.01355537123494166,0.004829219481745195,0.009542339332971661,0.011302067628378598,0.004940763266447101,0.01035398776622154,0.011007560509519232,0.003430771197413751,0.00783213776008962,0.010134509065151676
2018-08-27,-0.005013366951611475,-0.0031911372524130455,-0.0038408292924041465,-0.004532731435868742,-0.004008247126382258,-0.003907420442089915,-0.004492578648314871,-0.003268202845210788,-0.003899288137328094,-0.004660556175511976
2018-08-28,0.0029933994601296643,-0.0015664998462705526,0.0026676532396210373,0.0025379021927343093,0.0013124729232321108,0.0027015217649226653,0.0029448150281450314,-0.0014510544304749962,0.001379332923940213,0.002196183541567809
2018-08-29,-0.0025579109123055055,-0.0011094184210770353,-0.0006562157190700413,-0.0015765476456709449,0.0009975206117731616,-0.00015880499396903058,-0.0009888524469974236,0.0014636505725231785,0.000452565350792522,-0.000278660483032489
2018-08-30,0.003591890760817895,0.0013886512061467293,0.003925896484626046,0.0035448738182182193,0.0012964558008570215,0.003813305692796032,0.003862535459231209,0.0013159607341473034,0.003963833385844717,0.0036852356557068866
2018-08-31,1.719596622584696e-05,0.0033166906450308176,0.0028064064893535967,0.0018888289174170403,0.004016538817988913,0.002061787032759055,0.001454438884334719,0.003410759525573681,0.0012623144928307628,0.0014754338834008784
2018-09-03,-0.000626494140684386,-0.001986108698734057,-0.0013978943038229774,-0.0012774015500424118,-0.001525327474778182,-0.0003714301305212109,-0.0006033437887738025,-0.0009280847168454676,0.0008864699814359334,-0.00042580562746663553
2018-09-04,0.0017359123988882619,-0.0007534859893951751,0.0006961536706728833,0.0013844734139998316,-0.0021352984840530276,0.0009750600283795485,0.001061672777508571,-0.001881638552331255,0.0026864746857588884,0.0014830141239001726
2018-09-05,-0.002812398931634208,-0.0011437730191540263,-0.0022763729059129822,-0.002446348596019998,-0.002441808863512973,-0.0023727584209576325,-0.0025033252419774943,-0.000545805449957415,-0.0024022545772282022,-0.0017147138278210683
2018-09-06,0.011372094511293618,0.006439715496928455,0.010660989671604781,0.011237067910029097,0.005489978257643857,0.01049637355238886,0.010991364626091515,0.005019710395709032,0.010113753119470381,0.010615675270587044
2018-09-07,0.01882469636432771,0.00857650883795591,0.01200796518131364,0.014947769112084286,0.006443900884214981,0.011873232642959586,0.014870555051762935,0.005548907632785038,0.011572817843529926,0.0143434133330409
2018-09-10,-0.005375748291186477,-0.007840046028978476,-0.005875838685182155,-0.005714097084729142,-0.010117435904286487,-0.005942298630682963,-0.005891577117713931,-0.009927897300401334,-0.006975866600175351,-0.005990143917782964
2018-09-11,0.005504465471514619,0.008181829246743266,0.005214361914080978,0.005439203804986192,0.00843599531830952,0.005822297623045314,0.005686901478293871,0.010802003109825042,0.008811570191607387,0.007051426182475673
2018-09-12,-0.00989850303392592,-0.004845198136496531,-0.007259259696007714,-0.00825348145398963,-0.0030202832002114155,-0.006731270816253909,-0.007893191403941846,-0.003971975216227053,-0.006001100124723435,-0.007282993876092991
2018-09-13,0.007824087706012728,0.0065869397538831365,0.009426566898312227,0.008831979811182222,0.007579351482752905,0.01054648997090779,0.009549576925430348,0.006353848852893362,0.011279541122468872,0.010014067915509406
2018-09-14,0.005387156986841779,0.002617844184988005,0.0016721171409361801,0.0035217191425931382,0.0003120697090690516,0.0014516746989765572,0.0030852791249242895,8.861188661013486e-05,-0.000431365959667418,0.002424503094897057
2018-09-17,-0.0036760760180059027,-0.0016337333057213632,-0.00393508479144411,-0.0041510341680838225,-0.00030380413416764007,-0.0030096807706248008,-0.0035701875934207594,0.0029585614646794323,-0.0005335604494134394,-0.0024758147464520874
2018-09-18,-0.0037054708868160535,-0.00435400982716172,-0.0033326723530593405,-0.0036811195340231695,-0.0032257367009023152,-0.003163638547684533,-0.0036784329592304266,-0.0028627223179410466,-0.0026534625711265303,-0.002802934910475452
2018-09-19,0.014098396936206958,0.0050280595652616444,0.010586205594554698,0.012380131501758873,0.002236213568376444,0.009891656688324701,0.011601885602309014,0.002107014161819576,0.007695037829978046,0.01068715896616812
2018-09-20,-0.006940487190642219,-0.002190131494048453,-0.004223678781254847,-0.005361532777939271,-0.0020234813065892476,-0.004006532885958536,-0.00514375312516846,-0.0020764920022980915,-0.0035039999441798253,-0.004922165505696574
2018-09-21,0.009283701836371394,0.006404255180161744,0.006487308583247975,0.007727233099970032,0.005270439415011374,0.005714606092227514,0.007026465857886022,0.004574243622200713,0.005655644773930435,0.0063083926416407365
2018-09-24,-0.004124536340778917,-0.005600015476204145,-0.005852368289636423,-0.005002947699824456,-0.00926609962754854,-0.006665033166082135,-0.005741785654461595,-0.007390345899230821,-0.006321893519596,-0.005507277161919455
2018-09-25,0.007454170933188342,0.008751903219551993,0.006004791603845483,0.007030957093585588,0.006143626699961713,0.005060632738478565,0.006183628377890438,0.004659665121895529,0.00411277291759804,0.00504262679723344
2018-09-26,0.005313633007706153,-0.0029095542743597935,0.0011727702511250548,0.00323884137300956,-0.004581076904909165,0.0005020583397270517,0.002657104044560654,-0.004079387189753425,-0.00131978953005929,0.0014801820494196871
2018-09-27,0.006854537633784963,0.0011322068097026072,0.0018978498708150937,0.0039908101985643984,7.86153427099201e-05,0.0019215152658680346,0.003674587872077195,0.0014190685294779293,0.0010891076500891828,0.0030670579914358065
2018-09-28,0.004015364302756064,-0.0011123785093285488,0.0019802120409420088,0.003077937175926415,0.0005382120590395889,0.0025256971299802977,0.003016093556253985,-0.0010895767416972957,0.0003565628401229759,0.0016372495782854823
2018-10-01,-0.0163299547952922,-0.011085322679278642,-0.01423360723283662,-0.014789847409754753,-0.013698619039992255,-0.014661083740222791,-0.015063465630333672,-0.013376566735860962,-0.01326494418389701,-0.014727779464081547
2018-10-02,0.005533125547645845,0.002037866255640175,0.0019346263193023017,0.0033766750967798576,0.0003092806875546472,0.001848588749087554,0.0032346289878979473,0.0022369077863597653,0.0031071677754457294,0.0036615605577983157
2018-10-03,-0.015151212032683548,-0.009530439719078965,-0.011628609365415321,-0.012726605468142638,-0.010594427331967027,-0.01165354412147146,-0.012857108894609448,-0.009312172391757745,-0.009447043198072658,-0.012165723330179068
2018-10-04,0.00788116408877193,0.004900505585461623,0.007695147350799791,0.00789507741213602,0.004132818150457629,0.007176002772128598,0.007627652519513584,0.00466139986931946,0.006290085879062435,0.0075408377784966785
2018-10-05,0.004080003323329473,0.0012935373253089022,0.003357617570059368,0.0035981522507251285,-8.83404860374526e-09,0.0029023572195394642,0.0037450177244515714,0.0015079431153908196,0.004158952739361732,0.004220775718556169
2018-10-08,-0.002242816912249257,-0.0006381169673642662,-0.0026305279235177004,-0.002124583138665148,-0.0017697494983066608,-0.003076733399913212,-0.0028504129142997714,-0.0024502175541399884,-0.003582570124372908,-0.0035845652115457094
2018-10-09,0.006550349911210285,0.005165475676438991,0.005301895494267628,0.0056769915996228715,0.005721082039356951,0.0052943865453143335,0.005458239022006817,0.004227281436687047,0.004751296813002792,0.0053921451090594985
2018-10-10,-0.0048450509358900495,-0.004400423351636373,-0.003697023977504821,-0.004501699086000621,-0.004326377981950236,-0.0036680065287639785,-0.004261615373254313,-0.003220943747464289,-0.003678576493228558,-0.004035570349326889
2018-10-11,0.006083645733262477,0.00014039671272247922,0.0030528299441032747,0.004789856888844035,0.0008571170196489675,0.003968220417029489,0.0046843511579526265,-0.0007431578287742102,0.003903600909261673,0.0036509369635318034
2018-10-12,-0.002365528340563028,-0.006361302281574277,-0.0012464169022251559,-0.0018992969887706712,-0.004220511383454473,-0.0006853057587318245,-0.0014171261430276916,-0.005464082152518479,-0.0020374406688297153,-0.0016365873131282127
2018-10-15,0.0005527424503337652,0.00297883027614243,0.0028182424829741315,0.0011317726681800977,0.005440020745798968,0.003977390894366772,0.0021857315128366306,0.005717976541449232,0.005650231667320815,0.002823713656498139
2018-10-16,-0.0072079305808460115,-0.0033593889698434465,-0.0053367780056006175,-0.006654632146695594,-0.003768692142743335,-0.005083749432528095,-0.005854554139357093,-0.0024260732933464313,-0.0031212205991596464,-0.004956034724362346
2018-10-17,-0.005513402586700078,-0.005235912525124897,-0.007038015359813077,-0.0062999555655625095,-0.00649305715843862,-0.006728139564815772,-0.006026325063328564,-0.004783846763224853,-0.006645008363632243,-0.00613095523420748
2018-10-18,-0.023872524803813078,-0.016733638557396957,-0.020729740174844635,-0.021780221595728677,-0.015939950976121997,-0.020892489592011954,-0.021644137939909158,-0.013880293317917514,-0.01838651523409529,-0.020501693997244663
2018-10-19,0.0009328977554448059,-0.008863712452270911,-0.002101203179535216,-0.0005478966502842075,-0.012110338272698806,-0.00354330009609094,-0.0014745208518300856,-0.00955782597899657,-0.005004501907545533,-0.002329319802736096
2018-10-22,6.767131064289167e-05,0.0022827398762739204,0.0006552839254234666,0.0007039597249902663,0.0022687238058165526,0.0003227520316262389,0.0004051435740144438,0.003238277612976015,-5.336881571449403e-05,0.0005170274350754234
2018-10-23,0.006548013496588512,-0.0006756017655136226,0.003745715650167014,0.005616281372797127,-0.0015414392947564748,0.0033404818323636842,0.004866856317672141,-0.001529758795448144,0.0010875920138890827,0.0037540926790582407
2018-10-24,-0.0006316279244602541,-0.0030886483394896302,-0.002479343180278648,-0.001146088343319862,-0.0038686957236917507,-0.002752086980004509,-0.0016415985117849141,0.0010850628692948838,-0.002973194292832826,-0.0015157749753216265
2018-10-25,0.01745325108695872,0.009452108475469956,0.012553861321698223,0.01498683290312064,0.006298011910055745,0.012074136215561415,0.01421611357751651,0.005390706282000668,0.010342321136361132,0.012932528005547894
2018-10-26,-0.0005045977098681043,0.00481580231363421,0.002818794262839708,0.0014057036017196545,0.002915785331591092,0.0023558771766543085,0.0011905114132684247,0.00487758050420517,0.0034170595884546184,0.0020047233327777914
2018-10-29,-0.0006103483500199403,0.0006228826811209842,-0.0016320648367743606,-0.0007716774918746783,-9.950877202513642e-05,-0.002266623970232029,-0.0011119322352577399,0.001012176290989153,-0.0021208927338305372,-0.0011804875029677309
2018-10-30,-0.008354023694474244,-0.003934544546578822,-0.0041354466576368765,-0.006082358446844793,-0.0022181152176450336,-0.002577653201087715,-0.005179519814288325,1.6155129679118474e-05,-0.001378072135315156,-0.0037838235673219867
2018-10-31,-0.007685800288135591,-0.008933548222706866,-0.00905862568322957,-0.008498194307117846,-0.009592531563642925,-0.00796407934237675,-0.007759371957709371,-0.0055088310180539946,-0.00638054772211738,-0.007267972242095411
2018-11-01,0.002236557724751176,-0.0011724604226973634,0.002093767805476654,0.002600336910337564,-0.0018200632592201282,0.0018182482559154778,0.0016822042597692821,0.0014997283470175038,0.0013739330036788289,0.0019136059302087283
2018-11-02,0.004042888958154078,-0.0019481221443113927,0.002227707061773998,0.003653033664521521,0.0028302716101840097,0.0032248612223668705,0.0037073573951582617,0.002897525774798959,0.0030259581275990932,0.0030321419116658976
2018-11-05,-0.00945725682256171,-0.0044143656117064944,-0.008191168748163724,-0.007916510272269583,-0.0034168476388196645,-0.007228174082330452,-0.008014690088598897,-0.0012856060046121387,-0.005515238462398875,-0.0071745313014920375
2018-11-06,-0.003258522973538902,0.0018100233751956463,-0.0003825514249388151,-0.0018555263876135486,-0.0004861467506733774,-0.0009871638135274807,-0.002044114968130728,-0.0015907923799727275,-0.0013588731407343513,-0.0020095433960615194
2018-11-07,0.011131583490749053,0.0035224748477058476,0.006450798031159666,0.007913418175640174,-0.0005751415743976418,0.005043393659244444,0.007017954461061127,-0.0012729404094413699,0.002182258335249543,0.005627573504950911
2018-11-08,0.009302941662852948,0.006291465447633149,0.008868750881417586,0.00898482572841619,0.003455605355929814,0.006657542355455126,0.007351784162564767,0.005265965521835003,0.006343448326782575,0.007470753053391732
2018-11-09,-0.012663159025051884,0.0003769588603506069,-0.006952764397120115,-0.009678613241389966,0.0008200575217542916,-0.005209873284828026,-0.008082314451905437,-0.001262818406429722,-0.004249552177547522,-0.006732546606738166
2018-11-12,-0.002689591808082148,-0.0017444810585285353,-0.0034715342535205362,-0.0030051525084898723,-0.0057733750916255655,-0.004583661851101373,-0.004107791291940499,-0.003730246422265049,-0.007102723944135025,-0.004361054596725977
2018-11-13,-0.010609598348442661,-0.008548178069540446,-0.009648916518273709,-0.009558844394076949,-0.003732550654045097,-0.00674700808229467,-0.008094583785461684,-0.0057901110125614386,-0.005381938921225848,-0.007475060748050932
2018-11-14,0.004282973451778416,0.001247607142354834,0.0016307833143496264,0.002614202906815688,-0.0020139904885654314,0.0009161614136150575,0.0021710445722282756,-0.0024986399372810553,-5.902836592963645e-05,0.0010772187040748449
2018-11-15,0.002368841655459031,0.004815834517903461,0.0008534838007052681,0.0014640073672405052,-0.0013146042691734028,-0.0003953753001625371,0.0010224570866601557,0.002306895301031231,-0.0007548111386584955,0.0011276805106612553
2018-11-16,-0.009189625820287484,-0.005871662861036353,-0.007871742437365326,-0.00763689766227893,0.001369374378438426,-0.002920844229898467,-0.005300305401321204,-0.0006747912484601493,-0.0017916490928381323,-0.0047058103168271526
2018-11-19,0.003286651521238637,0.0029721770459865127,0.0020565235151230876,0.00251222239792237,0.000272998799086821,0.001428170425512576,0.0021237722038547346,0.002813034114419466,0.0014707907984383706,0.0023450965762443765
2018-11-20,0.004268270967125121,0.002544763658658411,0.003748169121111644,0.0035629910239014517,0.0018207081114109958,0.002404834384636567,0.003028167114234259,0.0013289288925624199,0.002783778417641436,0.002403835716665803
2018-11-21,0.0018103415612837903,-0.0031145413888982176,0.0013535071213039984,0.0016068780821347772,0.0010378724096051783,0.0014237477895409079,0.0013173625451043947,-0.0018007106148059115,-9.5884837368998e-05,0.00011142956196241727
2018-11-22,-0.01306110798768445,-0.006608962642884242,-0.010342622340427265,-0.011257948676481444,-0.00234327371926657,-0.006312022093891034,-0.008996775051785533,-0.003019162238507289,-0.004136268039229618,-0.007304326786813031
2018-11-23,0.00026492285239965163,0.0013008554413906914,0.002098183800474329,0.0017969779521773699,0.0038736121933438117,0.0020956486400760532,0.0017592155544376986,0.0019109075038650225,0.0016427711420454738,0.0018567216451683688
2018-11-26,0.0005305761871794434,-0.00920748011241268,-0.000620324996479904,-0.00013273503625488292,-0.0057428561564139,-0.0018327464988880937,-0.0009734489477195574,-0.00590059907732976,-0.00197378340986043,-0.0019337343995069478
2018-11-27,0.001579625313359978,0.0066457696286499335,0.0017538857187646695,0.0017086757788138396,-0.0022143007538639736,-0.00034826901742801564,0.0004822289266144253,0.0013026816491525928,-0.0007994709055736404,0.001612891759758428
2018-11-28,-0.008308294712575659,0.0003154802338900531,-0.004902653099423282,-0.00599022662304316,-0.0005457953624132816,-0.004460410004600068,-0.005927059782326882,-0.0006799929328517029,-0.004591382730085969,-0.004476589307288226
2018-11-29,0.006893442312745801,0.004710620174542601,0.006165538618404742,0.006643085934324722,0.008045704969112943,0.007660985689306177,0.007409463175905184,0.007136690065768558,0.0074873910839652336,0.00734661167026851
2018-11-30,0.02312088919520039,0.015673202654885365,0.020645879866865613,0.020865688804745375,0.01403793453677471,0.01678780202635366,0.01949084031167403,0.011446932237258345,0.0159890902297688,0.018010850785118437
2018-12-03,0.0004272411913179841,0.004287288445269155,0.0024442401930073743,0.001789997256367748,0.0037803684575199448,0.001840167087018063,0.0011436769359354226,0.0002878225726163919,0.0010301376611603352,0.0007256683515448614
2018-12-04,0.016050097108075922,0.009878812364807033,0.013349091027645477,0.014348763333981385,0.008651262388102987,0.009223586332262501,0.012520231529665082,0.008058410058031429,0.007913167369128393,0.010942457681360152
2018-12-05,-0.0011743121572839188,-0.00221012897853623,1.580154643399112e-05,-0.00048662980572478087,0.0012131817733407324,-0.0002662301392198918,-0.00093581735466719,-0.003285057102957234,-0.0014841002310115314,-0.0018971869682882225
2018-12-06,-0.0007082293903868386,-0.00011932962003236014,-0.0012480646334126488,-0.00024409852152973421,-0.0004042005129391013,-0.00125734200956229,-0.0001575202467495318,-0.0004365691524417237,-0.001466650018882354,-0.0005405189721093828
2018-12-07,-0.006807874882720277,-0.0006857948489300547,-0.0051307436279672824,-0.005528667894462047,-0.002130077652664375,-0.004344653370210172,-0.005254455451016216,-0.0016712330114840857,-0.004154850974415036,-0.004295225735210684
2018-12-10,-0.007118875959559956,-0.004623345543245505,-0.006378848190699782,-0.006005527855472703,-0.0074897898743038205,-0.007186304965497214,-0.0062013805313068104,-0.008165610094006182,-0.007438049948244707,-0.006347464313540607
2018-12-11,0.007813346596440285,0.0021400382508491855,0.006780169383592494,0.007132710050830271,0.006277903375285998,0.009283236575594822,0.008018843119576236,0.0041855636697376575,0.007731284723092813,0.007693804836150342
2018-12-12,0.009319848140229459,0.010809416470761724,0.008034466450468347,0.008262166127142034,0.003266430387169228,0.0062720724346672085,0.0075579432221846155,0.006462022021342273,0.005940773611112782,0.007521778449799177
2018-12-13,0.00020788869967147683,-0.004116517121611318,-0.002361936228067796,-0.0008609143096220961,0.00015723402133072106,-0.0005669222401025742,-0.00010364686315478266,-0.000835735048564934,-0.00018546466562230357,-7.571513226456439e-05
2018-12-14,-0.0027216283878598313,-0.000404141065042829,-0.0009513389628760249,-0.0021190313225961654,-0.002172672095244965,-0.003358005728486102,-0.0029169729360951635,-0.00015304711671249027,-0.0011465225453310968,-0.0024015571895639187
2018-12-17,4.045885988457343e-05,-0.004065250929726316,-0.0012451055838407221,-0.0009170054639832115,-0.005257557243603106,-0.003525285641679421,-0.001657039215818612,-0.004290518263037391,-0.0039997235987006,-0.0023610926653401254
2018-12-18,-0.009241198391454208,-0.013866641774322286,-0.009519757065073242,-0.009038607454733172,-0.007552534758130447,-0.007819824554697097,-0.00877300078638621,-0.00999732071656212,-0.008030118126110763,-0.008971351275746886
2018-12-19,0.012300866824296541,0.013869918178300633,0.012503953050250649,0.012556685292479441,0.009634056819672221,0.010665996275485368,0.011580073316643347,0.011274880341446636,0.010729403217388578,0.011375034051023247
2018-12-20,-0.010815605453446397,-0.010332841133802395,-0.009178172105700488,-0.01015081665977946,-0.0066594282247889325,-0.00853097257451163,-0.00967912374984714,-0.007257360308818961,-0.008179787959576634,-0.009538708018300035
2018-12-21,-0.001516442406048868,0.0011993141055854917,-0.0007930190985930841,-0.0015264406338508785,-0.0016907446700424877,-0.0003922904099304958,-0.0012649132397559715,-0.002866337288332077,-0.0007975186367484843,-0.0013933647647117464
2018-12-24,-0.002184900497025244,-0.003105693114465513,-0.0012418702062894083,-0.0014492677382018648,0.0007258591677365978,0.0010849909703336547,-0.0006994580184580546,0.001261427487330602,0.00025331937038952645,-0.0003589572092147497
2018-12-25,0.006921355460040024,0.006063165967445938,0.0057361343802575515,0.006561985042748297,0.0034759997796165454,0.0060178392402951975,0.0068179844190421335,0.006398949731840853,0.006367330747337752,0.007019625730169121
2018-12-26,-0.010529794005432969,-0.012372769874486211,-0.011454829816322842,-0.011165453971094919,-0.010069242514243903,-0.010766667082326542,-0.010841156888359071,-0.009363279356614074,-0.01079788547414684,-0.010726976554074286
2018-12-27,0.0014469258326867962,-0.0015143748370128884,0.0011997488528996403,0.001273008297604017,-0.003257407999542883,0.001329965243983544,0.0009786611566950931,-9.265455170992531e-05,-0.00031711529968936336,0.0013887167676094325
2018-12-28,0.009208524954771091,0.003281002372895525,0.005657033511951459,0.007054719567112899,0.0011969096750539254,0.005628284290897012,0.007000961799766836,0.0013415637768630084,0.005312122701075284,0.006776019558764723
2018-12-31,0.02150139395217532,0.014662901157883601,0.01908204362088095,0.01945205191349153,0.012144874382216786,0.018737405570200094,0.019490904049588753,0.015337644298323516,0.019245168185231476,0.01956358816522319
2019-01-01,-0.0010032724214656952,-0.002184179414916443,-0.0012545113790622953,-0.0013959845399632576,-0.0018903882587099075,-0.0008406148144768366,-0.0008810934911692714,-0.0019156494734150487,-5.330745830112171e-05,-0.0004905930198703112
2019-01-02,-0.01575867990654034,-0.013504142364157534,-0.013573640920052643,-0.013852387047065928,-0.006236079015990992,-0.01223929403484414,-0.013520919536083698,-0.007403797520213806,-0.011996118700287606,-0.013356010490028991
2019-01-03,-0.012261840016054792,-0.00934665408041413,-0.011747855697101572,-0.011844531654748192,-0.013849719221816659,-0.01232031944480605,-0.012155867589372038,-0.012343187841386882,-0.012981991977605523,-0.012111814663947063
2019-01-04,0.00012908079733242595,0.0020484531381701476,-2.8208142186292307e-05,-0.0005856415212577293,-0.003105316934354896,-0.00269899636674098,-0.0011127457267807728,-0.0060924717553528795,-0.0019094160512922453,-0.0014577649866809317
2019-01-07,-0.011803676081252767,-0.005560914402521044,-0.008469727915357494,-0.009511573469541568,-0.0028554607296583656,-0.009480190417081036,-0.00976283666329536,-0.004766143120017774,-0.009640891849039379,-0.01005310980310914
2019-01-08,-0.0012792494162892076,-0.004927231611491445,-0.0023339096292537276,-0.0015838964320440407,-0.006060950399107035,-0.00217463329148726,-0.001733822914705585,-0.002743577446720602,-0.002747011275106459,-0.0020748040123577116
2019-01-09,-0.009471105454520012,-0.006561275605835748,-0.007386128259985414,-0.007692429695255187,-0.0017013306629942715,-0.006722274836595377,-0.007319283358591111,-0.0019563537367134343,-0.006865840309094984,-0.006977040560274039
2019-01-10,-0.004014788371685785,-0.008562967545516331,-0.00465242083047801,-0.00393425912907297,-0.004272792063996889,-0.0039386079910911365,-0.0035957922388231145,-0.004049284817547516,-0.0043069488557845315,-0.0030671049640267345
2019-01-11,0.0074968265282613356,0.007419077024246157,0.006671639342374913,0.006692570131276554,0.0032818125471518744,0.005975424804465002,0.006189306903630065,-4.142788306626954e-06,0.006388817458775842,0.005436293891533106
2019-01-14,0.002541591714157354,0.0023870828569279023,0.002321406481200272,0.002317914937876475,0.0005517902028391308,0.002967271388405024,0.002726515684727371,-0.0013895705330986274,0.0008096934428116764,0.0027656673965856804
2019-01-15,0.001998553992209162,0.00219561332003515,0.0015049308783265936,0.0016440501293804033,0.003403250857365814,0.0016063175953719977,0.0017682474534681525,0.0021389319479421243,0.003097564957779353,0.0018111479859368451
2019-01-16,0.011109475012762049,0.005597613212204422,0.007814815371177453,0.008787431798526368,0.0032780868438768707,0.007226347892457463,0.008570856230469825,0.003398223675425971,0.007932494099008203,0.007522985579484498
2019-01-17,-0.002019224358421612,-0.0017340283943373391,-0.0010480715666787432,-0.0016259642136846608,-0.0041478227755407104,-0.0009109871190056129,-0.0017388161750960807,-0.0021172978623595906,-0.002229524718804332,-0.0018157404327734383
2019-01-18,0.009177272312848261,0.0017747518350188507,0.005445440412249036,0.007168827423487345,0.0017261280701248438,0.0066336575154353206,0.007617495629068438,0.00541029440573082,0.005814871719299619,0.007266917157905173
2019-01-21,-0.0006335423228460701,0.0004081532927224796,-0.00010809285376034428,2.090909864160828e-05,0.006790880488654061,0.0007520020818498896,0.00038000578407126895,0.0056459550300680394,0.001491231115220648,0.000752833870747871
2019-01-22,0.005568681493031136,-0.002736785325051172,0.0019445967539630793,0.002977875516905204,-0.007060553719655194,0.001146720625213593,0.0026270553900367144,-0.007554657315796631,0.000651450820887467,0.0012819596404718414
2019-01-23,0.01769071118237986,0.015038982588291727,0.015197810474441686,0.0159039709560147,0.013248446887089926,0.014858855218678801,0.01575962936957609,0.01305775548544652,0.01489178385168688,0.014731663081032798
2019-01-24,-0.008690255318006379,-0.013060155770498905,-0.008916946424591066,-0.00855397108797562,-0.006929708448226268,-0.006188172186989527,-0.007562744957282708,-0.005632565295424441,-0.0071330134476500495,-0.007275714121047883
2019-01-25,0.0010246058886227427,-0.002366166378626966,0.0011073558342935552,0.001311417132156656,0.0017139325894806046,0.0018938335952327634,0.0012325605499250436,0.002762921730123935,6.750681204259479e-05,0.0007786944105236948
2019-01-28,-0.0058972931818790375,-0.0004362905783397153,-0.004588819276746481,-0.005160088193148504,-0.003028836186552475,-0.0059739596811749784,-0.00527711794673924,-0.003931317588272476,-0.004771791090959487,-0.004484258099695992
2019-01-29,-0.0031538380773274977,0.0014895861552122192,-0.0017642034866914846,-0.0024423241584246025,-0.0020475602604018706,-0.0032153795820323294,-0.002890184956865327,-0.002122552845540193,-0.0030647434899130355,-0.00271766142963048
2019-01-30,0.0015956435070443309,-0.0027886867431262674,0.00017843085249302781,0.0007470768904633829,0.001279921708265297,0.0015140254387286944,0.0014217055652450128,0.001485898923291984,0.0021934644644416856,0.0010557658953223026
2019-01-31,-0.01202988780519676,-0.0069380742240321425,-0.01058743165186593,-0.01042362896334148,-0.004158545925627033,-0.008267580292386056,-0.010225196214020071,-0.005974898455803457,-0.008251427909502507,-0.009797305599738682
2019-02-01,0.02358327353148204,0.0225003398792194,0.021655690531579896,0.021816474482999615,0.016486873724916862,0.01892613140515187,0.021119476214770394,0.013415061058887012,0.018403041836315914,0.020169175007356488
2019-02-04,-0.010140298540543435,-0.00896467728343553,-0.008821372504767111,-0.009030600131884059,-0.0041632047803912275,-0.006206430145675013,-0.007864352984836454,-0.005011938272966532,-0.005599599347466233,-0.007485453583791157
2019-02-05,-0.004703134180326307,-0.008812033571576894,-0.005965837526481055,-0.005172077546625076,-0.002529174448086202,-0.0032199420720608884,-0.00347197776118513,-0.0018616693807186335,-0.0008974115102262648,-0.002650272386821584
2019-02-06,0.019051959063909996,0.010883342720631184,0.01450100568469015,0.015789081178638753,0.00861329732658378,0.01293556739465318,0.015558958577693627,0.00710937175937798,0.012504215550919628,0.014635037186597977
2019-02-07,0.031180611209019826,0.013064066679222996,0.0224955729725691,0.026049918058822508,0.011768404205274585,0.02156037551154366,0.0250375918561605,0.013487600009845835,0.020602466277803044,0.023558010046548672
2019-02-08,0.021376110152395933,0.020385507767698874,0.020211110877650373,0.020331371148188282,0.009165336030066085,0.016128775055437528,0.018001967752311332,0.008600655990003592,0.013758352080759817,0.01627754969091666
2019-02-11,0.006820568527045712,0.001893901765617878,0.004311444067584658,0.004802897973324116,0.004109165907899559,0.004601723008569536,0.005126174573623965,0.0016424353431625516,0.005510221039295882,0.0048608759449728645
2019-02-12,-0.025195828183366742,-0.02095037109991149,-0.02104473850790034,-0.023083523701593722,-0.01369301865869077,-0.019163509937648815,-0.021741463091553115,-0.016985667002770932,-0.01855976573948981,-0.021041001420709637
2019-02-13,0.009782964253404858,0.007299353208135351,0.008679444057334784,0.00910684825530872,0.00159864993305181,0.006868207747454669,0.0076966247066398985,0.000991496310404516,0.005024015286724248,0.006136151404540158
2019-02-14,0.021871522066108318,0.016669289492436512,0.018545709391660115,0.019502945319983755,0.010333673861062431,0.014867457064982714,0.01774938007332305,0.008391691644097587,0.014624509415305909,0.01651653595183178
2019-02-15,0.009894471657985848,0.00639988256920998,0.007280398926499787,0.008265534967463628,0.00368212156322989,0.005353729816695685,0.007260409557494407,0.0038107581243700395,0.005815342818227931,0.007249304490003938
2019-02-18,0.0069622884327456,0.002710135076662734,0.005223503629284254,0.005985202735693473,0.004742011119375,0.006009304963077167,0.006228921388740094,0.0047314498000476934,0.005748960989827134,0.005905436256439467
2019-02-19,-0.002490991994533731,-0.005346761048951709,-0.0032116450396578733,-0.00275458122654626,-0.00014067323586541836,-0.0017325604742346457,-0.0018137700020148806,-0.0021569376604273494,-0.0010285195754804466,-0.001585533452306498
2019-02-20,0.00659482336727768,0.008080003989282325,0.005949787479707425,0.006145207082679516,0.003060850154468664,0.004437510349759366,0.00526139037466633,0.0009819460789057821,0.003917185996868522,0.004375497578616994
2019-02-21,0.005080594177464315,-0.001787484686000651,0.0011520528009092423,0.0028260165060105535,-0.006473149420878954,-0.0015230037267548457,0.0013181138457096786,-0.005593160299364186,-0.0022156400357892236,0.0005058083742346398
2019-02-22,0.010961156277808692,0.007415880399629149,0.010013150682232297,0.010415619193019587,0.006385503349661592,0.008835672266491734,0.009659584604837068,0.007598226186437795,0.008101181940630031,0.00951617929961146
2019-02-25,-0.0057922323189487646,0.0011856923932904717,-0.001806092254313052,-0.0033528269065132843,0.0005625587077822125,-0.0018347606964730367,-0.0034547337763686237,0.0002891041279433626,-0.0025123554096897482,-0.0031357495336779007
2019-02-26,0.017185289394326952,0.008108315236967423,0.012768650213569543,0.014136418793828653,0.00599666485931305,0.011248489090295966,0.013278944092583123,0.007619992761638716,0.009965043557962572,0.012611250171259192
2019-02-27,0.009731303221207188,0.0014024882546810336,0.0059347023871045845,0.006737838467453461,-0.0044596901571281045,0.0032746385778614773,0.005461332909490801,-0.0057336435522076235,0.0018605970175169517,0.004035381723191511
2019-02-28,0.01438069780925133,0.015407655487526428,0.01441370678865539,0.014181476678435168,0.00502015834131031,0.011299626886848602,0.012490545257546781,0.005803360628045873,0.010792310644814007,0.01183708746492984
2019-03-01,0.005176503513554698,0.00043175010800355906,0.0028644714871643995,0.0037733410558589142,0.0058763058789848,0.004016560352783527,0.004246674949344609,0.005019747535214059,0.0035661330446397077,0.004189461487029922
2019-03-04,0.013090913039057295,0.011243240287411194,0.011901833847061338,0.01221490660256297,0.007744514959914683,0.010818015546585125,0.011542127038291161,0.008146846628449556,0.010246278378281959,0.011024422958883395
2019-03-05,0.013052858339191786,0.00762570445870403,0.01083646327631027,0.011219712991198172,-0.003341986023316923,0.005413989411998887,0.008385804497829108,-0.0016663490583506135,0.0028099003827837254,0.006523282429995669
2019-03-06,0.006527662667777934,0.0007701712465966182,0.003360450507494228,0.004926184127810318,0.006150848137404408,0.0053289318465403746,0.005868599553880971,0.0034133016016959505,0.0066118547562916685,0.0059689177440036545
2019-03-07,-0.004933360143205556,-0.005273050267954549,-0.005519852983712159,-0.00495492846102441,-0.0008084378607337017,-0.003953908204893719,-0.00396289714641429,-0.00013231163494709097,-0.002518784615495706,-0.0032226651913158655
2019-03-08,-0.02741265239633872,-0.021289554392800447,-0.025272827005947462,-0.025742180860886976,-0.01899638420897043,-0.022818715449142823,-0.024329472702623756,-0.017424795578681485,-0.02195063916998974,-0.022953769191066176
2019-03-11,-0.026906422369727956,-0.020059053638217028,-0.023107060477380204,-0.024942195015210333,-0.02292992316154918,-0.023373890124828045,-0.024978904229723597,-0.022452286319256443,-0.02445299117948274,-0.025470670871189816
2019-03-12,-0.01508483159208307,-0.010106049293911568,-0.01330809555954171,-0.0135314151436019,-0.0038367923041511265,-0.009194892579147407,-0.011225305138796382,-0.003344970562400018,-0.008277069196275688,-0.010431263421270431
2019-03-13,0.0027421665041200693,0.006577178850726284,0.0030987465163672123,0.003201856905189482,0.0069717832844513605,0.003618769446606107,0.003192444008248918,0.003286133565557847,0.0028404525656462454,0.0028695234046076656
2019-03-14,-0.015919227312282125,-0.010390641321608607,-0.014910526678225122,-0.014537802849124759,-0.009600893889290862,-0.013029857652347432,-0.013276914727554434,-0.009481568184850353,-0.012350840457501233,-0.012601501860853959
2019-03-15,-0.015224702099316367,-0.013609814183563662,-0.013629477788544064,-0.013982917480925838,-0.008961926873434889,-0.011609321880336365,-0.013280549937090935,-0.010359838968900137,-0.010859604116137955,-0.013524484724476316
2019-03-18,0.008343850342088954,0.009200893059811088,0.008114938107621539,0.008425007481651647,0.006434811294744769,0.00571249722405498,0.006996425537716622,0.006951157224589055,0.006717692146638532,0.006768427433462287
2019-03-19,0.0035372891701046516,0.002447075298909418,0.0035354246196683814,0.0031371052116557774,-0.001566682640543049,0.0024622264452971443,0.002920599830418036,-0.001514884244778969,0.0023527532503442306,0.0028702090294900895
2019-03-20,-0.0027069032868876075,-0.004156366977522974,-0.0022974566930408225,-0.0030077000656155706,-0.003086631952516017,-0.002294159892230918,-0.003119596809227021,-0.0036430476920474852,-0.0031718992567112414,-0.003136052501633513
2019-03-21,0.008585241057174509,0.0019510956251833633,0.005271274150636662,0.006337082827820639,-0.0018752990386809998,0.002632150009177492,0.0049304790655249064,-0.0005125164253740877,0.0019972412730173694,0.004619454007443569
2019-03-22,0.0065595492510051034,0.004914780392462292,0.004639063724714232,0.0052574019983793185,-0.0025511073016553087,0.0026173642156968047,0.004425549464270873,-0.0023572113236938197,0.002348306218141305,0.0044615110222188115
2019-03-25,0.006421057666395225,0.0039666810177396705,0.004335895062249628,0.005419382927547289,0.00023513303672073604,0.0032205140220133988,0.0048905326426818,0.0003452811967481484,0.0031797323050337667,0.0048596037874664155
2019-03-26,-0.00956907707428023,-0.005070709592717826,-0.00743329826305672,-0.008126555415052694,-0.0020532493184280964,-0.006024713717210695,-0.007114577709188441,8.346532080683033e-05,-0.004748474107728273,-0.00627217962648996
2019-03-27,-0.011061035335186431,-0.01583482844332318,-0.012931049145975648,-0.012068394474657906,-0.014811729120681183,-0.012803112148285889,-0.011882732997280376,-0.014959650297465599,-0.011742951827840908,-0.011291503303506478
2019-03-28,0.0025156800368209,0.0018648225253112827,0.0029013213031054974,0.00255467450656921,0.0035837461440766383,0.003210680743104266,0.0025322849937849945,0.0019784283825796667,0.002461845790162176,0.0024201468480573585
2019-03-29,0.00025406183549314676,-0.0026202509420355513,-0.001297389240611957,-0.0007443726669857931,-0.0015519644715014103,-0.0005419795631413926,-0.00035197441071321833,-0.0018980052394971247,-0.0008582894979188849,-0.0006370104720335723
2019-04-01,-0.02670027957453258,-0.01917852048935076,-0.022388492365758128,-0.02413033649581653,-0.015560831160468913,-0.02092537131428207,-0.023422148942013887,-0.015846416232369043,-0.02013423957256233,-0.02302729953105631
2019-04-02,0.006383376968160048,0.0063314695828200485,0.005967767870421081,0.006199839265747187,0.005665642420051853,0.004992868072468903,0.005409670178951442,0.0059063383446393836,0.004384558626162827,0.004563827246456098
2019-04-03,-0.006207995860235238,-0.004867279015885462,-0.005697466388551176,-0.006355510808761844,-0.007491577449376008,-0.005690893438731304,-0.006195799299444138,-0.009427295336628894,-0.006437384518790723,-0.0062852298089928205
2019-04-04,-0.004549965825288438,-0.0005451244899998819,-0.004044631035580615,-0.0042595164471948,0.0021600361189428874,-0.002725328984266806,-0.0036127203115136064,0.0017422395334953933,-0.002569836682240534,-0.003371542919815562
2019-04-05,-0.017733805043450346,-0.017058005033346646,-0.017054074749448755,-0.01692095660981552,-0.013579098056918704,-0.01577880084175265,-0.01610953033922724,-0.013039435639437214,-0.01563030190593795,-0.015777053682586417
2019-04-08,0.017179956134619312,0.010674396552065257,0.014417931619946867,0.01533961082885904,0.00860769353020796,0.013124887223172621,0.014692104973547782,0.00944182718526232,0.012402435390968414,0.014501804542622398
2019-04-09,-0.002083724480503979,0.0026715849900447175,-0.0019217084313029043,-0.0017921915812575406,-0.003495212530796543,-0.002664244342014621,-0.002072477434955644,-0.0029645606647450418,-0.0020681952177776797,-0.0017492215184379267
2019-04-10,-0.0007498469172252387,-0.0011173047244130707,-0.0003646038337477009,-0.0005430371343677631,-0.0005092895148515186,-0.0007857407193184729,-0.000663650865482035,-0.0010898585732846966,-0.000776656558267641,-0.0009216750597708101
2019-04-11,-0.0031003794440024324,-0.002620431862823125,-0.002549517466189366,-0.002371797689268429,-0.003926953158757462,-0.0035558194782217,-0.002973352265591478,-0.0035703839486551647,-0.004101615546994619,-0.0033437970283491936
2019-04-12,-0.0031566454710123537,-0.004377344707162223,-0.00338685284443363,-0.0031455479594114655,-0.004350554143366603,-0.0037365321529305717,-0.003375287644018732,-0.004053289304891683,-0.0036805304951669227,-0.0034574158680229505
2019-04-15,0.00868770287972942,0.004545739498529322,0.006465320134120711,0.007275488169182998,0.006205039093374776,0.006908441197885473,0.0073490270250644585,0.005414422128048546,0.0060589420974890285,0.006813323154841733
2019-04-16,0.003425587997895496,0.002757103357422297,0.0028131578206900265,0.002883476924846917,0.003756289074388519,0.0033136182325765873,0.003068683518939963,0.004275833644453941,0.0038232603161660883,0.003409382145219242
2019-04-17,0.0024505008345039325,0.0038367584981422453,0.0027964880878856846,0.002685469047855271,0.002919995740779946,0.002846305785164649,0.002704237090684458,0.0032121856781563984,0.0033342020313980036,0.0028965078926499466
2019-04-18,0.00564263496566908,0.0019074400552907544,0.004434223704619544,0.005038671515238846,-0.0013360732633351802,0.0028175688216880435,0.004339566876212286,-0.0014320137503359698,0.0032404644924426407,0.004788483351599426
2019-04-19,0.0008525016816067765,-0.0002878527915626261,0.0002599859646050806,0.00044182789480773366,0.0006545525632120075,0.0010993448032614594,0.0007457656661222778,0.0006265817396478024,0.0009312620432424534,0.000543367590798205
2019-04-22,-0.01062446236385961,-0.00892778608110023,-0.008913507534730525,-0.009485609112268256,-0.006470883032443808,-0.008624915151095425,-0.009404317872724555,-0.0062575772471734625,-0.00873727319451345,-0.009545568958489126
2019-04-23,-0.014962056785257527,-0.012254284191202114,-0.013691166103823926,-0.013563822349495713,-0.0051459048429546295,-0.011757522351815597,-0.01258800560265605,-0.0057458392328131325,-0.010555920628693038,-0.012277524792146388
2019-04-24,-0.006109926194291404,-0.0017911772032862538,-0.004433098511687383,-0.0048943167141121124,-0.003754922082050527,-0.004314871374847762,-0.0047893407395419585,-0.002837561444450243,-0.0036333287169680872,-0.004590237020164478
2019-04-25,0.0019231373181434197,0.0007267691663084275,0.002366661212116039,0.0019165166586883053,0.0036106536980173853,0.0030529531845651103,0.002468138929112129,0.0036911248441393596,0.00352545369044055,0.0028027274096289467
2019-04-26,-0.003987763566215996,-0.0038451686267453322,-0.00443830385449695,-0.004091323833499749,-8.50886024225117e-05,-0.0027780246921800256,-0.0030272606419284864,0.0011595556126935413,-0.0021232662465864305,-0.0023447790511580413
2019-04-29,0.0061142040307642365,0.003056068777425258,0.0029224336587780897,0.004747055679054757,0.0008617552416672059,0.0032737810349254826,0.004855676283743282,0.0011756599296277592,0.004867875687521783,0.005326067235848164
2019-04-30,0.004907737703628401,0.0070628545120534625,0.005531234725959289,0.004651076584905933,0.003913251177634747,0.005222330659424346,0.004477443065208364,0.003578775507186327,0.00406822417521191,0.003938758790820396
2019-05-01,0.004970027203246685,-0.00285596846262659,0.001362752902742903,0.002927267166712655,0.0010360753776950116,0.002503090698547039,0.003606175056154015,0.0006569126880100473,0.0026006063392634005,0.003477398419646338
2019-05-02,0.006621561967407041,-0.0006109861561824914,0.0046017902517068165,0.005024419117355405,0.0026940705745919225,0.005374343564263251,0.00556577303300454,0.0017961035795979186,0.004453789867553626,0.004912999316168065
2019-05-03,-0.0011731890289283786,0.0009632164467934246,-0.0013150702381775625,-0.001395065496855974,0.0004152083281070418,-3.8035094280464143e-05,-0.0005968970048516598,-0.000908657777272559,-9.842950127325611e-05,-0.0005601500412483196
2019-05-06,-0.009675188640719812,-0.011364067775107234,-0.009120716362708947,-0.00913084565992639,-0.0037407550978412196,-0.0072013779600111905,-0.008031790286529561,-0.0033963220217428924,-0.0056808747587590025,-0.00695275885928337
2019-05-07,-0.0009130537789852067,-0.0005535197219614929,-0.000818495640355299,-0.001110239847104677,-0.004508389773112298,-0.002090476254493878,-0.0016476579376852873,-0.003673094636458707,-0.0019419280666278516,-0.0014508899469007908
2019-05-08,-0.0040697033808461125,-7.76952310908019e-05,-0.002090763026994069,-0.0028624860749920655,-0.00047494138246872986,-0.0015116650855696578,-0.0026519411473413523,-0.0002393396447011309,-0.0020012038966433776,-0.002950680569420716
2019-05-09,-0.005006019601363265,-0.0017794856348150034,-0.003711544997121896,-0.00442449286792268,-0.0013513257238693122,-0.0038122421569357634,-0.00442230217144024,-0.0004230440739081409,-0.004053771718837806,-0.0040574387529580536
2019-05-10,0.006206464210847029,0.0037574602666843315,0.0030819263236272487,0.0048619920648955706,-0.0005149383946669861,0.0031863887520875434,0.00487871896483405,-0.0007579647903639408,0.0042475450986010355,0.00473909983873777
2019-05-13,-0.016013342847848833,-0.005456098565710166,-0.011480857006557432,-0.012932085202156163,-0.0020810804202454625,-0.009979194152239579,-0.012208491973999647,-0.0025329270617477917,-0.008441281007426138,-0.011186670220014516
2019-05-14,-0.016122769125615388,-0.008160657888419465,-0.012229101864033032,-0.0137724106338184,-0.0058338457106674735,-0.009778781890346755,-0.012142207643612735,-0.00511208293952814,-0.009209888155373047,-0.011657529048680892
2019-05-15,-0.002561232339693409,-0.0014212167390900143,-0.0011177346735495863,-0.0022011557052925568,0.003159343574936191,0.0006917440191982482,-0.0008084301495021595,0.003960842342843218,0.000504433289470807,-0.00036814096609638636
2019-05-16,0.006698136123937326,0.0058700947083318855,0.00512870009280908,0.005796514218121551,0.007335180048421819,0.005547282237471585,0.005827223430226125,0.007181363876406444,0.00613744067079014,0.005924770478596075
2019-05-17,0.0004669176215177373,-0.0010166986025077485,0.0003556025283988351,0.00037247865903089483,0.001287381419529554,0.0009736685597712125,0.0007373771611667301,0.002927631100388739,0.0014236381964300993,0.0012709790275811095
2019-05-20,0.0031753126558802247,0.0012919234683341774,0.0026153591931796782,0.0027318774891398334,0.0002972541743362367,0.0010963071082701337,0.0017667234824816358,-0.0008040810855964864,0.00011202209573246691,0.0012349403585911745
2019-05-21,-0.002624171185817259,-0.00361089907519363,-0.0025355705835544695,-0.0024826087478861947,-0.004523006538434293,-0.0031962415727542215,-0.0030301370451621956,-0.005281146731379582,-0.0035360050939010623,-0.003256289754655972
2019-05-22,-0.006287901524800965,-0.005308950719837169,-0.0047091854645762155,-0.005701941478819972,-0.004706930552875077,-0.004873287810355231,-0.00551027267306714,-0.00591199961541522,-0.005564725421042915,-0.005677728511985225
2019-05-23,-0.0073932132267614525,-0.0123705665512297,-0.008394795372528296,-0.007779800964237471,-0.011827737030493113,-0.008880924002016788,-0.007787116340742806,-0.010563780595271743,-0.008578696479685122,-0.007534897941648522
2019-05-24,-0.0073473083789384885,-0.003402865076749917,-0.006322184282983034,-0.006510883016992652,-0.005163701051506875,-0.005980356098510331,-0.00668233590092715,-0.006788078184056023,-0.005580302288007877,-0.006356216932919212
2019-05-27,0.000644664829829722,0.0033209886335678895,0.0012094905125095146,0.0009008414036171253,0.0019397283330127024,0.0012011864467880162,0.0008737269506453593,0.00026686931776609413,0.0009442699244892605,0.0005792847085019925
2019-05-28,-0.007980998156862817,-0.005400909394790876,-0.0063235969517076995,-0.006948113724863925,-0.00364936006440697,-0.005929020135882035,-0.0065322242831211685,-0.003058253297819391,-0.005477018556258373,-0.006051288877238492
2019-05-29,-0.0010577019117293807,0.004182183545500706,0.000591005588996385,5.826488058779944e-05,0.0010286683938209862,-0.0003043173837230517,-0.000300303308113925,-0.0008622393973735099,-0.0006187818435839931,-0.000839859495862072
2019-05-30,-0.0058628913008811345,-0.00675997787982463,-0.004905679250038375,-0.005355646140433823,-0.006261196951658166,-0.005026451503580831,-0.0056197468157048736,-0.007186825996855495,-0.0053940372902629985,-0.005760050219445034
2019-05-31,-0.004356621544572947,0.0032032668691552857,-0.001606338134994001,-0.0026519464867469367,0.0028181902241100065,-0.0010152027873521208,-0.00221507261102738,0.0012158540117346295,-0.0005602160838704684,-0.002333036797307231
2019-06-03,-0.0045120324071270534,-0.005140677598564292,-0.004983678421870641,-0.0048304615917179605,-0.0029046506372896186,-0.0043978592146602935,-0.004543434191153106,-0.003939587617070028,-0.005231576088532974,-0.004733872881576784
2019-06-04,-0.00689311266699455,-0.005479891955336713,-0.004979327476057005,-0.005746082338886738,-0.005008102042430629,-0.005451996128310377,-0.006052026529856813,-0.004767171457667363,-0.006048512610650869,-0.005769820479917698
2019-06-05,0.018237355315533277,0.012223874040665494,0.015748126404612872,0.016332899906890574,0.011980740190013162,0.014559991679343742,0.01584521729883903,0.012068385811448312,0.014186694681693757,0.015437397149546062
2019-06-06,-0.0029286888117914245,-0.003107981565117268,-0.003564876517596849,-0.003362793444917078,-0.0013643218627674703,-0.0028952542000055814,-0.0032872516977103805,-0.0016701130063725422,-0.0035195486866251846,-0.00343358056955656
2019-06-07,-0.007231703480199858,-0.005736175773200847,-0.007028576022285682,-0.007153352036754046,-0.008425752692211685,-0.0077219430129383815,-0.0073290561140216814,-0.011073490068301939,-0.007691595776591953,-0.007677576053435331
2019-06-10,0.005543190633134243,0.0022751906577216374,0.004196181054522574,0.0044823703648182445,-0.0009391294849327991,0.0032046577040381052,0.004052471766804899,-0.0005275960853161621,0.002117942313584642,0.0036607469910245882
2019-06-11,0.002053195249390294,0.0009757202185247671,0.0018850446480305205,0.0019288243914972192,-0.0016635556096186166,0.000679268649184106,0.001358117975972517,-0.002108356396787525,0.0004722923323441375,0.001146494131768483
2019-06-12,-0.0010439880263087842,0.0009744655183514528,2.1620793887011658e-05,-0.00021797105939425077,0.004079934208815139,0.0008704290252374847,0.00010079545058938599,0.002085972309066486,0.0011030170979082765,-8.371979047816502e-05
2019-06-13,-0.0038913928554193955,-0.005008391314374805,-0.003974949486360679,-0.0038712869097332625,-0.0021959971633525033,-0.0034730743247706197,-0.003660887599063911,-0.00383323417977266,-0.0031916360732491267,-0.0036322096265442028
2019-06-14,-0.0002869543649999251,-0.002118005368254794,-0.0005338004932510243,-0.00044088440831291376,-0.000860977260679352,-0.0006902669110578907,-0.0004341598406779612,-0.002249135584503348,-0.0010299786857225213,-0.0009090388516472814
2019-06-17,0.01718313062887078,0.011547078747151662,0.013641893359752189,0.014812782411220748,0.007466495994102207,0.013361756689409976,0.014797615960435273,0.010194110939134138,0.013710424896662188,0.014408214913916417
2019-06-18,0.008457754718838695,0.007421732972924477,0.007338738135570511,0.007398224840931,0.000969186664889321,0.005193622894277494,0.006347727458114294,-0.0012194223284589523,0.00471508664215925,0.005425597147542538
2019-06-19,0.0073895383835480555,0.007061486827286245,0.007087022023345657,0.006888695158705493,0.007679145785206565,0.00710530463282022,0.006972840659115631,0.005696759566528264,0.007121896318651455,0.006638971378180258
2019-06-20,0.009684520515904849,0.005676763974900911,0.008195626084760654,0.008692784367098971,0.006725486666716574,0.00909700996532492,0.008916441665792307,0.009472339320185652,0.008799985647390596,0.009021224829487196
2019-06-21,0.0026915404772929197,-0.0003200839764525565,0.001300640831101374,0.0016035945366330573,-0.001453975239162797,0.0011118890685284377,0.0014705901690066359,8.154107139857203e-05,0.001110384339793713,0.0015083348322080248
2019-06-24,-0.011395509272583482,-0.007407700100516501,-0.009518828816111768,-0.01037283640063047,-0.005057577369702582,-0.009575545214288161,-0.010086499273495031,-0.005211094479587897,-0.009145617023686325,-0.010096236732719421
2019-06-25,0.01173504162768535,0.009238604960662089,0.009331903711445877,0.010494113460023602,0.006838522820082904,0.009293144914795493,0.010409514759358585,0.006555129752137567,0.00827828796566088,0.009773359141089788
2019-06-26,-0.004830397911087636,-0.0007589266925198679,-0.003793490661058607,-0.003882319258768252,-0.0011430741868696526,-0.0041282509267398515,-0.0041510962678243946,-0.0024700287250453146,-0.0043833291572189514,-0.00445981783565208
2019-06-27,0.018865743305196192,0.013215916156239516,0.015826669372784652,0.016720448795235487,0.00937976231287485,0.014372858789841292,0.015795069667047024,0.010067884829194185,0.013219175878863787,0.015359354314621543
2019-06-28,-0.0033393097761729162,-0.0028772999874711047,-0.003219926369449455,-0.0033615876657672183,-0.0062909060868766575,-0.003976886058732143,-0.004041460159982746,-0.005270174118636839,-0.0049647277167362835,-0.004520035368016595
2019-07-01,0.01164725441840564,0.00813788911335922,0.010509362998673,0.010619519375787867,0.003583338335541031,0.008687169184582233,0.009699056819416851,0.003577787078881123,0.007946616393873285,0.009197001572787133
2019-07-02,-0.0005903776256845905,-0.0008131275503318047,-0.0001441620072364369,-0.00044030666233396687,-0.0026688002322693416,-0.0009190683763597995,-0.0008397611946834305,-0.002475387577018706,-0.0007366407729921809,-0.0006319789542209575
2019-07-03,0.007739332798144982,0.00729979182222551,0.008313686705929912,0.00784268714253411,0.005474407541209647,0.0068421899910855455,0.007111016044969887,0.0054365090676005146,0.006982038534159241,0.007020910324034402
2019-07-04,0.009557622117242648,0.009160168668875146,0.009808932492398004,0.009388237488875406,0.007217484101524896,0.009328490647424914,0.009343722971997925,0.007721863264332995,0.008060897948657386,0.008618145513765496
2019-07-05,0.005886885113953744,0.0025179734299327627,0.006292946867589411,0.005870211339403353,-0.0010536118605606326,0.004079550184615588,0.004722332295912013,-0.00024471787110857957,0.0030690343504868878,0.0042575924328980275
2019-07-08,0.006321898661346248,0.006214062042843471,0.0050790165952487865,0.005426849682076851,0.005862914847436507,0.005616498595306663,0.005472287006741627,0.005362077324653214,0.004742758308742934,0.00489703215374937
2019-07-09,-0.009534295778788282,-0.01169535501938701,-0.008293284742674767,-0.008993171017098955,-0.009129230684877698,-0.008463081096371172,-0.008893568400046403,-0.007514093817306278,-0.008139168443853428,-0.008737315052837591
2019-07-10,0.00479309257962468,-0.0009925587270337433,0.0022689936707214198,0.0032034504063607194,-0.004365148289879772,0.0017272252823008483,0.0029379384986214507,-0.004027046022720748,0.0013079832210678433,0.0022671048669002936
2019-07-11,0.0033640379822357236,0.0055114890876579725,0.004554730443402377,0.0038227607349525794,0.0013273294051043827,0.0026212083512373585,0.0028098336921968947,0.0008935840744601631,0.001305578136572949,0.002176305939949996
2019-07-12,0.007777865501681358,0.0059127055916137206,0.006909172208529268,0.007290392240183241,0.00021979973089436555,0.005220687304460236,0.006210474288002477,0.0007987462157585945,0.004734601998022558,0.005208684681111464
2019-07-15,-0.0005476716315910846,-0.0017302189859154105,-0.00018021651193256272,-0.00011642535931155606,-0.002817199249669722,-0.001086802519009833,-0.0009205850354460088,-0.0011957399291457893,-0.0011040090064829977,-0.0008434486667325825
2019-07-16,-0.00799946165156551,-0.006981778534251415,-0.006080168535457786,-0.006644740526506321,-0.0047189374541039,-0.006766590640509773,-0.006853194381473804,-0.004738926046838343,-0.006056285884113333,-0.006814906473708637
2019-07-17,-0.005632563940674018,0.0008864421365566422,-0.00572256421981987,-0.005857915716984019,-0.0021487904999276664,-0.0048455884821455575,-0.005040427011615112,-0.004557243822469248,-0.0052364879417514665,-0.005904377784542447
2019-07-18,0.00835646120696909,0.00948527372409691,0.00695849120361669,0.0075512862377862255,0.0028882499430316066,0.006124023741289619,0.007019323359640284,0.0029584278114647145,0.005993421026900592,0.006899188096468389
2019-07-19,0.018955396142913417,0.012098573189738726,0.016675016093347095,0.0171177482508571,0.011467963418047677,0.015336541761338918,0.016326277425709357,0.011925486370444327,0.014153477718451546,0.016155511491671826
2019-07-22,-0.0045477319325872845,-0.0007631195824505665,-0.0030347244481085944,-0.003733907607107012,-0.0014266066285637535,-0.003121157303799915,-0.0034584941752311416,-0.0011666135028171043,-0.003213389552839452,-0.0039004369949817708
2019-07-23,0.004057065108667546,0.0021222581890623093,0.0026330298529557705,0.0033296102086923796,0.006940223094546338,0.004716538344998744,0.004237719297093712,0.007107420761360839,0.004492005058257975,0.004408181464972349
2019-07-24,-0.014537554517441209,-0.008631394017405314,-0.0109999149630986,-0.012336334870809762,-0.00457315658488433,-0.009626136122217965,-0.011284667963100015,-0.004939270331589585,-0.00884272901966865,-0.010979342548239623
2019-07-25,-0.02029599800363391,-0.015092169941867573,-0.017099095419695898,-0.018227188438485142,-0.010179817454629703,-0.014743883693733362,-0.01656250108619406,-0.010015005413111067,-0.014231901599877195,-0.016424363113452523
2019-07-26,-0.010999253461008718,-0.006398242225798434,-0.007738960520737748,-0.008954315700653526,-0.0017364914120263641,-0.005886742149775914,-0.007534117965900311,-0.002309452310432114,-0.005612301623827531,-0.007541187340733169
2019-07-29,0.008250415090143015,0.007722705631174165,0.006083158537636413,0.006933444857030402,4.831200340604802e-05,0.0032863400482192606,0.004968935492140503,0.0010836135737806174,0.0033353284396420158,0.004326914446326713
2019-07-30,0.010356418769943865,0.002912322539729617,0.008057627041382798,0.0092020296585833,0.003218045962503968,0.006048554545934559,0.007347389405081728,0.0030555917028518564,0.004946874720044514,0.006865906700580293
2019-07-31,-0.004715790402019748,-0.003654812106923755,-0.002947525088818015,-0.004101260373222448,-0.006283716237648118,-0.004317714997563615,-0.004100215965690768,-0.005708537431292182,-0.0038309005964831666,-0.003492853835218246
2019-08-01,0.016155830212569056,0.0062337936656846615,0.011954582819156734,0.013595383270846195,0.007047094414217359,0.010663914592352164,0.012513928015812192,0.007189573596045662,0.009881496265428114,0.012139614936456766
2019-08-02,0.005866053729311593,0.004642558955270326,0.005092754550926726,0.005339701829206067,0.0019282301943279734,0.00454920099733469,0.005111928881784911,0.0023195062281806678,0.004114843743128205,0.0048198992210850555
2019-08-05,0.022941232201832307,0.017870548942034326,0.019485636430445874,0.0209481380167702,0.015385738630778745,0.01816831897941351,0.0199353607836128,0.013936560543288623,0.016889362608012437,0.01904486808337924
2019-08-06,-0.0026915363288015914,-0.0058314528400962296,-0.0038570921951309733,-0.003667466931910335,-0.004123958164364283,-0.002742969078650348,-0.0030633728814800643,-0.0017451420741148027,-0.00212631452185974,-0.0024400976147294084
2019-08-07,0.004368319609556526,-0.0005552225148598433,0.00252126595644242,0.0025990420538914982,0.0017766030978894065,0.002708440330366546,0.0026444782027237324,0.002677738805975549,0.0029504235561057524,0.0031497030193963216
2019-08-08,0.014645318819141329,0.007031574330318424,0.010730565747078202,0.012107010385751016,0.0018436332923019716,0.007436832616555034,0.009758812881159873,0.0013684695073616915,0.0056954381392249065,0.009015947241251432
2019-08-09,0.0022560482964013584,-0.000688742706716261,0.00279232970892207,0.002694239380250707,0.004219490742332299,0.003958031860196387,0.003535617249960099,0.005755900176068529,0.005322417633542242,0.004173130089916377
2019-08-12,-2.016392884029994e-05,0.0011390646770013113,0.0014522790563700205,0.0008666549361484588,0.005408261821563398,0.002604806478242905,0.0015801564762600862,0.005723882465076713,0.0035268780864388116,0.0021103079244806366
2019-08-13,-0.008745364645629694,-0.008775654666045907,-0.008775276544157995,-0.008666344003338655,-0.009887212267360557,-0.009219407194031137,-0.008975188066081885,-0.008235226026340525,-0.009129248354668773,-0.008943041682088704
2019-08-14,-0.0030387550450046152,0.0038656763438882358,-0.0018793589038977876,-0.002397051794441163,0.0026932411254698696,0.00021151469371183396,-0.0009032497714080989,0.000720806421060427,0.0006488755309186356,-0.0009785577298877524
2019-08-15,0.011202502398925063,0.015329092944385891,0.01237203035944301,0.012205852126947025,0.014075178402204847,0.01146471499563173,0.011699915457139998,0.011226307450056927,0.010705085617070731,0.01085671749476913
2019-08-16,0.004326031656723961,0.00036397575848678976,0.0023155630922773174,0.00328380414239815,0.0004904246957964098,0.002078311582875747,0.0029052082006231217,-0.000672687114299686,0.0026224653400341857,0.0024170904210261135
2019-08-19,-0.007150677312449449,-0.007633831396955504,-0.006752809411763705,-0.006887061076933265,-0.007815776208411673,-0.007564079381575328,-0.007512482600083414,-0.007511670438587803,-0.007727529998023619,-0.007518401333609814
2019-08-20,-0.0007253126280841737,2.9739830562647285e-06,-0.0013091661393771492,-0.0013602112662106647,-0.0036283983113164497,-0.002099843605212426,-0.0017530055397030342,-0.0049401845878011,-0.003032637779405656,-0.0020658190053961523
2019-08-21,-0.002706600254070768,0.0006789055526372767,-0.0011741137430734128,-0.0015444505119850405,0.002440431505714269,-0.0010741584244999824,-0.0018402742769012548,0.002111090032042684,-0.00038417361544151873,-0.0016213157028659442
2019-08-22,-0.0015538463323031548,-0.0021878693282202377,-0.0020589686790315476,-0.0016569688192957788,-0.003802015404196002,-0.0032992790360333313,-0.002685875131222759,-0.003846367353939728,-0.003449121901888841,-0.002894230939633702
2019-08-23,0.002664562222367328,-0.003151536544000466,-0.00028701432063926724,0.0009221781035728682,-0.0036079918903166863,-0.0003529035362631605,0.00038519483121013387,-0.004610958701791956,-0.0013094182530932752,0.00044045229358014026
2019-08-26,0.0017100171897814764,0.003899643059198876,0.001270764061720664,0.001798115543244494,0.0004873262427245173,0.0010385116172237918,0.0017206686243849134,-0.004411253524426173,0.00012210268811618796,0.0007215034574010737
2019-08-27,0.009440586942354612,0.007091148124534374,0.008104176638311422,0.008222457413424866,0.007751256123919914,0.008867366525236564,0.00912696798316004,0.009849073596533753,0.00857513436719759,0.009734705704598223
2019-08-28,0.007930097098934885,0.0012976707413061561,0.003991135769861653,0.006063253709112093,0.0017495211761402452,0.0037325083144046367,0.0054080645508280956,0.00010120670163638046,0.0032145616573562297,0.0051421366198651786
2019-08-29,-0.016391028982984834,-0.007126118587167607,-0.011621897820551341,-0.013151631146832043,-0.006479315564158594,-0.010842997244576935,-0.012210099972434385,-0.0076280053313561025,-0.009999354599962929,-0.012565949037863122
2019-08-30,0.0028780074720484716,0.002140203484588099,0.0031175988066503013,0.003057798227311448,0.003044230442147189,0.003419276565789664,0.0029902727050841182,0.004304710636908959,0.002960159428818887,0.003080138764034457
2019-09-02,0.0032240386747586225,-0.0003518070837220666,0.0012917627274779964,0.002515599817399794,-0.0005179089700497741,0.000874886717734169,0.0019381785548522323,-0.001142426779978667,0.0008695745325124626,0.0016265498656233834
2019-09-03,-0.0016114250548402431,-0.0025408834661970747,-0.001803034596365105,-0.0017731504701371525,-0.002170029597934775,-0.0016215467954238116,-0.001771629141185449,-0.0020918900384928607,-0.0019131558176769259,-0.0017418861523520457
2019-09-04,-0.017458018032980194,-0.008562041401396492,-0.013891393426707421,-0.015194994463187617,-0.006558139386024897,-0.012334227233698591,-0.014274578208627764,-0.007878379814501901,-0.011788868504818084,-0.014485486986642981
2019-09-05,0.009494574547999957,0.005533828293003751,0.007937043868069482,0.008734309244686322,0.005767180131762917,0.0064451876007345366,0.007737289790739732,0.004253679264548227,0.006400278262335579,0.007532205809943848
2019-09-06,0.007945311397575372,0.00781572595659119,0.0073266443044197604,0.007371093929841477,0.005584502184891038,0.006615369019963957,0.006907517752747339,0.006980417614934176,0.006636327444964785,0.0068040298397498145
2019-09-09,-0.0057728159324133,-0.006682556373642012,-0.003967239887545881,-0.004892534785624569,-0.0033652790803657684,-0.0028206003255760725,-0.003991845195853383,-0.002584123281871298,-0.002411318092998105,-0.00332861850186017
2019-09-10,0.005512335875874852,0.0036427931939659874,0.004670365740402804,0.005048841940414661,0.001458519506524869,0.0033387847444847907,0.004373831464125066,0.003444244486114467,0.004172687808663866,0.004777448690187924
2019-09-11,0.00304266903626349,0.004365437290714702,0.004501139295926215,0.0037405408610291513,0.004332655744429648,0.0037157958719036266,0.0034587606455425135,0.0049225781052602,0.0041125490487028404,0.0036807295000746976
2019-09-12,0.013118135453276558,0.01019970946036497,0.011553268884221923,0.012187869493833547,0.005352707764155529,0.008774847643122863,0.011123299284289123,0.0032595970731550405,0.008534578903579781,0.011172752504564176
2019-09-13,0.0030011756474344065,0.005997966946300615,0.004199216929934524,0.003713736039600235,0.002892741730470938,0.0033661005524920906,0.0035211138390720542,0.003472268168130732,0.003143918483713648,0.0032540032042001066
2019-09-16,-0.011748216137039469,-0.005137412285624032,-0.008701127473240478,-0.010134786628342995,0.0033956674738984116,-0.004492292860808544,-0.008092580040875763,0.004532827868818368,-0.0041380751307635855,-0.007557513385404224
2019-09-17,-0.0023891439493066713,-0.0007934723722147208,-0.0008871609974251404,-0.0011659132444667986,-0.0024892654258176217,-0.0009205606640165787,-0.0014841545563206715,-0.0012864908846983436,-0.0009036164735534147,-0.00173437701774537
2019-09-18,-0.0025027926917872145,0.00093989572300468,-0.0020277422116191657,-0.0019093422661805581,4.964931415774032e-05,-0.002661038148574324,-0.0019584755524135744,-0.0010928239104417425,-0.0022565529944079676,-0.0020690430748743216
2019-09-19,0.002869449082488762,0.0027872809121478603,0.0013311906329922518,0.002487233209431894,0.003299697286753167,0.0017571245897267662,0.0027022830441167933,0.002577049543566856,0.0019919073439065293,0.0023185617644227996
2019-09-20,-0.0015807739729871706,0.0034803924742432546,0.0004858568729391166,-0.0003075911573429124,0.0013332727069053085,-0.00010755531018225017,-0.0005317612599220478,0.004145197239072029,0.0010876261624208627,0.0003337932799098997
2019-09-23,-0.0026402097534019564,-0.0022936928325867356,-0.0037602007136401383,-0.003481905105552352,-0.005227974475263242,-0.004272964040226257,-0.0034845856448968426,-0.006289082406384594,-0.004177873619847783,-0.00403070220002022
2019-09-24,-0.015505699389264715,-0.013431979601978394,-0.015060548717891087,-0.014776935641484412,-0.007450148304510629,-0.013343732830894295,-0.013786756344687179,-0.009040416369466175,-0.01169348302003781,-0.01329564784105386
2019-09-25,0.013220647971581956,0.00806614590197774,0.010619247227867001,0.011420920323262695,0.006923851839784501,0.009845037342929519,0.01104682776445265,0.006747753122583244,0.009111072077779614,0.010443761371734972
2019-09-26,0.003532197470591747,0.007883083812415537,0.004427150286587356,0.004169820688938675,0.0007780532927463835,0.0015757892204870672,0.002855027493245288,-0.0009918223328215792,0.0005289609506786697,0.0012865301165674303
2019-09-27,0.0013828763806011946,0.0016081450630360816,0.0030814502859555226,0.0021019318563955114,-0.002852293021331498,0.000488718255882814,0.0010791388487843001,-0.0037608944148875834,0.0002756232729363983,0.001000806591044956
2019-09-30,0.011702402000096646,0.0032419714272549083,0.00927915084267994,0.009842773016608186,0.0036641804074655226,0.008610349182585075,0.009343432719934208,0.0036473907071572498,0.006086666285631148,0.008707552198466084
2019-10-01,-0.004632551348535241,-0.0051456682418205,-0.005940726114781469,-0.005347598847216806,-0.0033420101903797184,-0.005364846505827914,-0.005054689543239621,-0.004542648411974826,-0.0039821504757697745,-0.004987414387654265
2019-10-02,0.005477200262422821,0.00075238134424227,0.003156281288720253,0.0040615824490828345,0.00021830438935532825,0.003003058619863941,0.003988074272709641,3.7544801911870707e-05,0.0026300416551279238,0.003598029483858456
2019-10-03,-0.004682631294716577,0.0007966160383781062,-0.001236849385830796,-0.0025913130521504346,-0.005120694895940803,-0.003893080132266191,-0.0035189575531723305,-0.005048156916762858,-0.0038691983648942996,-0.004042350366762704
2019-10-04,0.014367125002482162,0.007525386172400728,0.012241959611051012,0.012812788725379276,0.006039312804296593,0.011283128887328298,0.012650247714702134,0.0061172816422159215,0.010409629403271614,0.011701056955821354
2019-10-07,-0.004541225860010156,-0.006551742033915731,-0.004452248319445018,-0.004333473344276362,-0.004932935843413588,-0.003918296898937301,-0.003986374827176675,-0.004457504813235813,-0.003509664960565928,-0.003579296026677392
2019-10-08,-0.007822900904466357,-0.0016720736774675782,-0.004733589324115384,-0.006254734139027662,-0.0036463059268370124,-0.005420872694557821,-0.006736634771409067,-0.0032081898206745008,-0.005034542940615894,-0.006383851419328401
2019-10-09,-0.008113001759890714,-0.007893007141806185,-0.008827590231670457,-0.008052635713197365,-0.0050581028851172105,-0.007147564875892964,-0.007468387922869746,-0.005520515838573825,-0.007116288535609083,-0.007353649374475024
2019-10-10,-0.008685790789231262,-0.005425361353905256,-0.007568560262824708,-0.007828426370610875,-0.0038378204863431797,-0.0062036756995992315,-0.006867153699188999,-0.00481241086201889,-0.006172047775189093,-0.007184393579325543
2019-10-11,-0.01704540974985269,-0.007225268641319782,-0.012739639600739872,-0.014338879191421405,-0.0018949170699182893,-0.009961128630062377,-0.012983294319855343,-0.002939842103069523,-0.009942560798227196,-0.012323772595321691
2019-10-14,0.002911956564609186,0.00235849133751187,0.0025499059143989644,0.0026471245570616198,0.004125826951737244,0.003056440743308686,0.0029985403706056513,0.003576149492913183,0.002505723128195969,0.00238892083567821
2019-10-15,0.009258851718785932,0.0018289435548677346,0.006194726763057545,0.007228938848479416,-0.004098242692432974,0.003067522876352591,0.005700614747510047,-0.004298954201471861,0.002153122835344634,0.003654169816321051
2019-10-16,-0.0014174674909459561,0.0019433448092405214,-2.252209325115384e-05,-0.0009403383502741836,-0.0014990051039840413,-0.001506957293609723,-0.0018150902709993533,-0.0020193458517558938,-0.002058110980403205,-0.002720765591736507
2019-10-17,-0.008282058150601457,-0.010422114403859983,-0.008434099533315975,-0.008065167608886648,-0.008543012202338551,-0.007380401010117499,-0.007217098439305181,-0.008306841633458184,-0.008020081992993089,-0.007139936412142722
2019-10-18,0.002096745415764545,0.001206398327034508,0.00199695944122924,0.002092131512585027,0.0006278534663064494,0.0016011237283732882,0.0016136368852319727,0.00011477070031995495,0.0005608798302734197,0.00103797102362857
2019-10-21,-0.007001216823575351,-0.004366736010734673,-0.005761162395015118,-0.006498641558075224,-0.0018723043117272464,-0.0045914277052707675,-0.0059296139541176185,-0.0015963971621248962,-0.004581665553709424,-0.0053722715146535815
2019-10-22,0.028260554517881564,0.018506942999315212,0.02268795906481902,0.024430225231086844,0.013969849116932886,0.01912201237842459,0.022426933270750293,0.012292045905331062,0.018693464765558776,0.02097062362862978
2019-10-23,0.022558617515846757,0.016343220867050645,0.017781342838547154,0.019304661366855935,0.011803134719630792,0.013617421667178276,0.017196982358568036,0.009915800729193958,0.012673994877535621,0.014985317306547952
2019-10-24,0.012524327625164089,0.007001557501191691,0.009970129053740617,0.010742626065450622,0.006217707899754066,0.0077287271133803515,0.009374148863628085,0.0054430211790332805,0.007760961139630984,0.00835297972410265
2019-10-25,-0.001997967942593326,0.00017074895716007177,-0.002486365357774023,-0.0025464283696068346,0.0014640589498160494,-0.0020939635666431533,-0.0019047048837741443,0.0011295364229138016,-0.002497372738911041,-0.00185136176509626
2019-10-28,-0.014754226170534901,-0.009389122210225365,-0.012399464040109276,-0.013506889447567283,-0.0071366968238170125,-0.010208865976803372,-0.012063444010596447,-0.0061581579498030115,-0.008718848388126532,-0.010566344143840833
2019-10-29,0.015640633825934502,0.01056009145883996,0.012340650218010563,0.013548674779502612,0.0014142740060543169,0.0065715201715761395,0.01050533505714002,3.993647978761672e-05,0.005796787054416441,0.0078008084464573635
2019-10-30,0.0015079133890261165,0.0022768735556668585,0.000489006832360861,0.0012591756206226101,-0.007534729485546343,-0.004132862620060629,-0.0015747778215564612,-0.00907015048230897,-0.007105918210339901,-0.0047310446305464104
2019-10-31,0.011577362815100356,0.011748554078963247,0.011021487857336254,0.010608666312254655,0.008879883656653709,0.008727186500040895,0.009830691274776537,0.009399778992856156,0.00851113484211763,0.009756558974657104
2019-11-01,-0.0029899137830650124,-0.0005668372116627296,-0.0017993462683056904,-0.0023858959619791342,-0.0004652078464431053,-0.001391469193303685,-0.0020962577848644415,0.00043624116534002333,-0.000795012856933397,-0.0011928210358853608
2019-11-04,0.0012543378222038548,0.001247223644622819,0.0007099593923927117,0.0006551660217333222,-0.004400576579263182,-0.001977581356963798,-0.0006283464036130892,-0.0030315919262072777,-0.0030664337310621903,-0.0013366162685627403
2019-11-05,-0.008776200212281204,-0.005491722914304109,-0.006616896055754995,-0.007561482751099691,-0.004445159008424793,-0.005012956255862622,-0.006489001251024473,-0.004044488634698196,-0.0049471010003765414,-0.005466915239523362
2019-11-06,-0.012183637117566759,-0.005236274548485076,-0.008719653062536414,-0.009787053984402605,-0.0005039131557117438,-0.005665480127289846,-0.008077116084015068,0.0009585415709723044,-0.004956355406989799,-0.006337388221801299
2019-11-07,0.01313542230063014,0.013923248066726623,0.011656060323041562,0.011878455942651689,0.009978082013956113,0.010347573193346893,0.011548739176255651,0.009160691071927518,0.009134547156793849,0.010815138407385128
2019-11-08,-0.012944710575780283,-0.009637437926253156,-0.01116339424245183,-0.011815695537784832,-0.004872090774688975,-0.009352012191073844,-0.010733936811771594,-0.005781855948648773,-0.008825183930000868,-0.010091681859727752
2019-11-11,-0.006345190884817775,-0.0027796300824882714,-0.005355155962463498,-0.005770214960369224,8.819114069913425e-05,-0.0032888302003353242,-0.004680108707165287,-0.001040966626369988,-0.0032557304391473973,-0.004247045974983488
2019-11-12,-0.01779362325593503,-0.010699276887855547,-0.014280839387229793,-0.015563427402339736,-0.002241116727700665,-0.009038839627650175,-0.012932132798294749,-0.0028425210727046624,-0.0072487161592028615,-0.010551458866728813
2019-11-13,0.026630867119384005,0.021045826366776765,0.022735912922031254,0.02436939418057049,0.006226552778951122,0.013923700482941337,0.0196435447386909,0.005685504046927026,0.011260302545277101,0.015401534217813762
2019-11-14,-0.00042064590006374303,-0.006663445625285425,-0.0010903055645784532,-0.0008962681644677506,0.004995844276510564,0.003754324760710359,0.0017280546436611033,0.005261721644306938,0.005556821112622012,0.003194706589527474
2019-11-15,0.009257948538965,0.0030167883527010275,0.00657249439295482,0.007651045468962447,0.0011919828732473992,0.005303739386327999,0.007199712250676171,0.0006359449829371755,0.004888115498596912,0.00570126849873831
2019-11-18,-0.007654799434533954,-0.010433126182325392,-0.008135531569913423,-0.008200246255336219,-0.0069019530702988385,-0.006092464384869545,-0.006709389661626597,-0.00567527827184966,-0.005255634548674948,-0.005277931431208471
2019-11-19,-0.009685476563601636,-0.010925237789630282,-0.008699584571113639,-0.009127957587406366,-0.00632595713839923,-0.006776435320603791,-0.008137923575142647,-0.003970121054208353,-0.006289486907464337,-0.006337110060690487
2019-11-20,-0.01553829726972178,-0.003567097827979371,-0.010221429572733087,-0.012071286088594424,-0.005562999381241385,-0.008719031617813955,-0.011215287014352926,-0.0053877503730132,-0.009109945722378665,-0.009863417295486565
2019-11-21,-0.010102029206268237,-0.0045052182206635205,-0.008341682978550313,-0.008747244414411659,-0.0054772238711348065,-0.0069603249771559295,-0.007954396225952731,-0.005332430490435636,-0.007233627824856148,-0.0075528478351355455
2019-11-22,0.009173876278654403,0.005926499602322499,0.007811953427945717,0.008482644548737595,-0.006102152836471864,0.0016962309288084398,0.005310270752028279,-0.005316357535705141,0.000914329465497854,0.0017764285076158348
2019-11-25,0.01768053299849348,0.01039025494327439,0.014616587630106537,0.01556924463876097,0.007420838450387768,0.011309351879760454,0.013764725578676362,0.005216192822428134,0.010971072413509253,0.011245874914506793
2019-11-26,-0.002679761703042738,-0.0005866628050108513,-0.0014860823532444334,-0.0018948436944368208,-0.002118308396304891,-0.0018934768940970237,-0.002252948619615447,-0.0002865219728496182,-0.0016578237445641353,-0.0016524839266250924
2019-11-27,0.002065547975521609,0.003773082135155148,0.0020287973020900463,0.0023144229256792936,0.00042676064221436327,0.0010372197618244705,0.0017261604608398429,-0.0013165300493414023,-0.0003313341055151131,0.0007611727188192585
2019-11-28,-0.0016932214901933529,-0.0030809894390217973,-0.001619196974713133,-0.0016214086954750018,6.222250915666194e-05,-0.0008950809512580093,-0.001439519203906503,-0.0013822809892873877,-0.00010867654411050864,-0.0006882223535722432
2019-11-29,-0.0022181896348310026,0.0016170611852570627,-0.0014091332141364932,-0.001210811379622867,0.0018056119838629758,-0.0006651226261972232,-0.001053435308476569,0.003143537991108003,-0.0007888860642767392,2.1599120255011428e-05
2019-12-02,0.003008424786421049,0.0032682866194104765,0.0031598875759659695,0.003237808660574437,0.0017224964855513392,0.0017359068712985426,0.0024401871283352694,0.0025331031545612337,0.0021958025206321174,0.0028490106372862645
2019-12-03,-0.0045800883965413375,-0.00266317267059335,-0.0027761834741927283,-0.003534457547868075,-0.002739143829734725,-0.0033526290383231183,-0.0037952701682424372,-0.0035870844194474394,-0.0025817513770793887,-0.003595510306899752
2019-12-04,0.0022208624389967735,-0.0006720017118488908,0.001048383370374939,0.0015705166433424012,-0.00010869570688076813,0.0006574524683584659,0.0013232892658860962,0.00029105930305362016,0.0005899893212935048,0.0008537226935907416
2019-12-05,-0.0012624873981560425,0.002120981925451959,0.00016354049551492444,-0.0004846747129121365,0.003542728172090337,0.0014269638511477112,0.0002840783627728882,0.003572896977520612,0.0017927817712615202,0.00117116174402776
2019-12-06,0.003881577236312772,-4.946357766555387e-05,0.002106965038152886,0.0029395864236814173,-0.0013958790729795556,0.0017827511828898412,0.002782664968342896,-0.000392562580394884,0.0017962242068394474,0.0025024787064475973
2019-12-09,-0.009560507024369613,-0.002842842666803014,-0.00738979558043229,-0.008146667501676697,-0.0045738062358290366,-0.006356385819504817,-0.007542697983609736,-0.003458528183906129,-0.006359091134311878,-0.006587302299142506
2019-12-10,0.0023152261743450975,0.0056811571611525835,0.003034502689429841,0.002754324939918451,0.009254476291423286,0.004852009523047762,0.003642815761240925,0.00756245720375559,0.0055759193572071375,0.004914701950378353
2019-12-11,-0.0020854937363012915,-0.00712017532366549,-0.0027568660955845647,-0.002489738467722047,-0.003926366616789245,-0.0027808556131734274,-0.0026419889554931686,-0.003172756343932992,-0.0023328716814826622,-0.002848047519981578
2019-12-12,-0.0005026502384450904,-0.0013785637227219372,-0.0017329133972765476,-0.0011874458664289378,-0.0008984436174916954,-0.0005394859087923809,-0.00036039668215215315,-0.0020029093691320554,-0.0002611443740553332,-0.000207141308417369
2019-12-13,-0.004487164778670838,-0.0034745226363088744,-0.0024163979044808936,-0.0032837930446008023,-0.0044587253441548125,-0.0028450631704201035,-0.0037149111022481973,-0.0018422330219475258,-0.002649015520973741,-0.0036613029439561684
2019-12-16,-0.00146003943291384,-0.004200621460253906,-0.0018000371339085275,-0.001724361689158349,-0.00023439350021736693,-0.001516101791770641,-0.0014065065867201465,-0.0022194548755765098,-0.00061120702350137,-0.0007280262265212389
2019-12-17,0.004596807691928051,-0.0002521022223251901,0.002261031381237677,0.0029544278027291426,-0.0012087031143351856,0.0011825881629847768,0.002555735430066264,-0.002129329389004342,0.00045999125961015963,0.0015661655135383867
2019-12-18,0.008735288918873874,0.00789437928261072,0.007143351847502144,0.00791113226991591,0.00020996580978827062,0.004909727091501281,0.006797987613943013,-0.0008663411515688058,0.004285265735898269,0.004743603786136363
2019-12-19,0.006864638910992316,0.00917632113264144,0.006266396034924959,0.006488772403327792,0.0012169692440391344,0.004340751424639855,0.0054976251315213,0.0021238044380205157,0.0025718749925054407,0.004562875516798126
2019-12-20,0.00033009894211466495,0.006728182891860168,0.0028868524708196563,0.0014433337200894236,0.007759075583065211,0.004339140593334401,0.0021844238731827392,0.007640218103873941,0.005551204767298312,0.0036869102267822473
2019-12-23,0.005811269852023182,0.004771444606591402,0.004984181327629678,0.005005969196133497,0.0003177931843516557,0.0033373247903303316,0.0041722504849948105,-0.0005004063251357049,0.0023019481510120343,0.0030158721106450237
2019-12-24,-0.00882660188763773,-0.0078000439125738286,-0.006616519975227497,-0.007395880728141235,0.0037278848418746957,-0.0036915832834566453,-0.005951519898493407,0.003771864946034764,-0.0031745566034007133,-0.00324371750657515
2019-12-25,2.7633801847670725e-05,0.0014887820900941762,0.0005977219679533796,0.00027993754848965047,-0.0043982301605611784,-0.00023538293566505164,-5.146102613662329e-05,-0.0032745567744509874,-0.0008833544817046235,-0.0007460255114772885
2019-12-26,0.006117467332229287,0.0007867058636779056,0.003291815075458393,0.004504399326418662,1.3732462102344911e-05,0.0019747185299627823,0.003843839539179994,-0.0005954719069428682,0.0013444109359406209,0.002182801495223874
2019-12-27,-0.008714005334999664,-0.0015241061117312604,-0.005301205251941554,-0.006723545583235846,-0.0039188869031299145,-0.005409879853966015,-0.006632615742286907,-0.002104921452231512,-0.005293501162907388,-0.005364416510027836
2019-12-30,0.009211955885748413,-6.334146938158369e-05,0.0053559135848741946,0.0068397186154305345,0.002942644480757206,0.004982058972790693,0.006847727176099383,0.002299923507181223,0.006194781566954521,0.006499200499194391
2019-12-31,-0.0007496198266253584,0.0020242603526603453,0.0002548934683956894,-5.313071698620497e-05,-0.00507734673524185,-0.0022609586288773187,-0.0011007587540727837,-0.0014340276999829094,-0.0021980700279831122,-0.001551371242690669
2020-01-01,0.0031618498878238643,-0.0031382040679243106,0.001653756129882833,0.0024753933260968086,-0.002721867547444856,0.0009566653926402768,0.0020156351214577484,-0.000364570290276367,0.0017858827107715136,0.0012652139492899117
2020-01-02,-0.005372461973748299,0.0034696977510078053,-0.0027778096174514433,-0.0036824546378151357,0.0001056428345755922,-0.002692058133158426,-0.0036340752541781374,0.00265529100940487,-0.003350527443275131,-0.0023941329679708634
2020-01-03,-0.003127824293403969,-0.005979351122013199,-0.0034156041311492746,-0.003203920740870503,-0.0032166994495703705,-0.002688625368069242,-0.002819953268585529,-0.0035334975192715667,-0.0017586000198414053,-0.002890113378639758
2020-01-06,-0.0053386194314787305,-0.00487261733569655,-0.0053894066553352715,-0.00517812739957213,-0.0037624064622540088,-0.005051233223342111,-0.0048899672231979,-0.004741631568314197,-0.004924132496467504,-0.0055980219983358115
2020-01-07,-0.008287942075390298,-0.004923038030275939,-0.0052889164419401835,-0.006267165514324713,0.0015310831663721824,-0.004099911780239607,-0.005680966906590812,0.0009359026127091497,-0.003894389844195767,-0.004323179641612773
2020-01-08,0.013820972862125247,0.00980066949686842,0.011624494214790282,0.012373095268119583,0.00609398602015232,0.00951190713444694,0.011196456678576272,0.005312533213278847,0.009380509725579467,0.009421150186978755
2020-01-09,-0.0033962456463686452,-0.005221773990737866,-0.0022316162487205915,-0.0026919570783923152,0.0005183909977217738,-0.0006579784513417453,-0.0014869463996101118,0.001396960447242801,0.0002640872815840023,-0.0001851602972823274
2020-01-10,-0.004791565091832428,-0.004368845625355,-0.004706661346613683,-0.00462585709855623,-0.005254881539056067,-0.005449715203361349,-0.005140482796182955,-0.004841401862162531,-0.006184227018039223,-0.005030810756417647
2020-01-13,0.005187398616544714,0.0019323557963450977,0.003129394746974601,0.003938241206267845,-0.0002872526887605087,0.0018394924268911872,0.003116860100143448,-0.0005017347402951344,0.0011410080884879381,0.002072357955208881
2020-01-14,0.005040579975493342,0.012381727321233216,0.0073414700279688105,0.006440004922938947,0.00812557338172648,0.007000372874158334,0.006114532703666686,0.009083971133301505,0.006710823285259515,0.007173864535254149
2020-01-15,0.004212044124326075,0.011119671912826146,0.006348310291056869,0.005534960498670749,0.005743024182422118,0.004995735940464208,0.004528870097875615,0.0058246003462611995,0.004593715126046227,0.0047605404400239415
2020-01-16,-0.0011572286899348416,0.0004450021219191136,-0.0002488484364913113,-0.0006794132079138704,6.64278934803253e-05,1.9906287983761928e-05,-0.0004367188416751766,-0.0013578746705420475,0.0002684637372005749,-0.000695803851380461
2020-01-17,0.005429831831647691,-0.0016446245862677955,0.0025180920645377913,0.003850104794311804,0.0021185496191213904,0.002936466310864194,0.003894160731168883,0.001876677270970406,0.0033095594919219096,0.0032661776785156693
2020-01-20,-0.010620401443867222,-0.012453191009829001,-0.011003907432126314,-0.010775006423576095,-0.008809831091601716,-0.010710784503469628,-0.0106207061075978,-0.008981434224039742,-0.010051737845699682,-0.010682394948839713
2020-01-21,0.006354050363148733,0.007772610970561811,0.005390881172665285,0.00589317513398413,0.0019222975159776112,0.004637925312735769,0.00540193655835397,0.0014133892625336486,0.00338651945086732,0.003775364851066998
2020-01-22,0.016567877349157767,0.012806215951180366,0.013903820126533795,0.01530227822627439,0.009619017916389527,0.013200395455721603,0.014722018346668087,0.009591116619105833,0.011388982510103007,0.013211015598131093
2020-01-23,-0.018790841797333147,-0.017703763354994573,-0.016334906833677554,-0.017194131165602755,-0.005523028995111812,-0.012565729132373527,-0.015123986358956953,-0.00477902154853127,-0.010067122085826163,-0.012784366950192694
2020-01-24,0.007328156571709377,0.001559125575044007,0.004263792342380723,0.005485502834005285,-0.0031038824834219714,0.0011707856817824158,0.004090221171161312,-0.0024391119078748247,-0.0001318751274110852,0.0021767165967778723
2020-01-27,0.0019335997872882427,0.0037288768991401433,0.0037667547042492533,0.002820458230910594,0.0035168959604181538,0.004088978338794735,0.0031825207749456297,0.0021173538097543076,0.004194126776861484,0.003847864677444912
2020-01-28,0.016679800565401637,0.007871756331985225,0.011830008420214977,0.013712079871997407,0.011180105611718893,0.012157991390952194,0.01391157083752348,0.009931276885900342,0.01149483892877301,0.010915272679642873
2020-01-29,-0.029012558018488788,-0.01760680453031671,-0.022224358889098683,-0.024814641538769222,-0.00934783157655894,-0.018126634387494178,-0.022677435512339028,-0.005871555320867694,-0.014875672830406028,-0.01698363727004426
2020-01-30,0.010889132529156242,0.006536443546233173,0.007004092008101814,0.008303975887698822,-0.0012371002627974415,0.0028548818643545637,0.006059699495454707,-0.0007837317051938575,0.002622183450637694,0.0029968335551697756
2020-01-31,0.00507542447950482,0.00047521205878808814,0.003464533744845788,0.0040325889530203884,0.008047868311616524,0.006887325702516822,0.005774280659108344,0.007083662629305154,0.007103870664486145,0.0077967497913884465
2020-02-03,-0.006835909107428817,-0.011209487833607312,-0.007675354917125121,-0.007527310334941806,-0.00902071540017002,-0.00631944440778387,-0.006703506332748299,-0.010306813691951078,-0.005209016008578149,-0.006897036785745159
2020-02-04,-0.008372232668295121,-0.004918537578261772,-0.006646872025802608,-0.007322803324448346,-0.0019072099601595838,-0.005158711829940321,-0.006700161821645567,-0.003700003617008507,-0.00457607289230777,-0.006587374977548022
2020-02-05,-0.01967124399987985,-0.015751122560551223,-0.016941715597738494,-0.017954456046323397,-0.01167969487729803,-0.014256649440866576,-0.016371516107596684,-0.010329155410270685,-0.012724413453366612,-0.013129813591571282
2020-02-06,0.0006713407727565457,-0.004298413161484271,-0.00045680952969706645,0.0003132855483323205,0.0010366778333967819,0.0005916793231652839,0.0005460513607342676,0.0008637373308606477,0.0008057637050908895,-0.00036696871004970877
2020-02-07,0.004314833843584109,0.004002634266758065,0.004238105235867762,0.004401179580042047,0.004676674769882316,0.003973811333755073,0.004152573352914191,0.004559940758624981,0.003800257375936811,0.003987861566720152
2020-02-10,0.02038685966734355,0.015512758024221807,0.017304583048724842,0.018531762615361158,0.01065842049573984,0.01570052627300189,0.01761803474104462,0.008697006404202456,0.013324321159517982,0.01604939575903397
2020-02-11,-0.002821752200257599,-0.005971287039375106,-0.0033278010512685086,-0.002983669373825215,-0.0054428882592302275,-0.004455910432064503,-0.00325574524298633,-0.004136839508664614,-0.004477037974628506,-0.0050429002770828735
2020-02-12,-0.00754311589766643,-0.003310427257353199,-0.00438236499446687,-0.005625912834628544,-0.0006584061806756969,-0.0025191048048128772,-0.004899338939452158,0.0011218564627930583,-0.0006558649121610749,-0.0020933275618559843
2020-02-13,0.0023454945632306323,0.004140512182702505,0.0026930907795337244,0.002303860715868744,0.0011108934666563819,0.0020649689228080526,0.0024178806031140976,0.0006829700483963475,0.0016751313112104427,0.0019273471286056498
2020-02-14,0.004887693539152194,0.003169559415645562,0.004411790210200328,0.004739784901285349,-0.0003058483602341733,0.00249812742388289,0.0037717091258273605,-0.002766770758833581,0.0005593722291059589,0.0021492239083973352
2020-02-17,-0.009910872244477176,-0.007814257414142878,-0.008341566197468397,-0.009122038084960371,3.344849503195135e-05,-0.0046520148302301445,-0.007086634795260505,-0.0003920167932651708,-0.0025443850036885873,-0.004522890765369381
2020-02-18,-0.0013463338266679337,0.0010089907037138524,-0.00036333443497826856,-0.0006568443395440493,-0.00393335755921409,-0.0020394683435334127,-0.0015454315995599988,-0.006588082660183181,-0.0031772151084278333,-0.002042578571206821
2020-02-19,-0.010122939512075102,-0.01501828704609487,-0.010223428899253983,-0.009979115416837159,-0.005498682795303633,-0.007559412894227013,-0.008818490342596519,-0.00601604505475839,-0.005393074364016814,-0.008519315860985976
2020-02-20,-0.009950256455735218,-0.012411284208695639,-0.010197439628247817,-0.010185644167821084,-0.0065532890931003784,-0.008714166677840085,-0.009497871968010108,-0.0027885362519368684,-0.006535965612730732,-0.0081979925077863
2020-02-21,0.002059665531384036,0.005383638610688912,0.0037298922430315518,0.003163553472967262,0.0019085217126846299,0.0024803827288535363,0.002451131424020314,0.0021701478348099545,0.0019082093197202443,0.0029061040834610363
2020-02-24,0.010207326595484068,0.008871168781835692,0.008961436631425013,0.00929046758041352,0.005392338463975355,0.007612807983637948,0.008775604019957584,0.004565149753100295,0.006707440728264569,0.00727812811925177
2020-02-25,0.007786295302465662,-0.0012682018123642003,0.004498582328667844,0.005801368567130094,0.007520923760391485,0.006862065429604103,0.007213791973633921,0.006291504269488435,0.0087637918939929,0.007215079715198192
2020-02-26,-0.003050921746143187,-0.008477538038805243,-0.004676035711919102,-0.004000737347720329,-0.002809118474341621,-0.0031791384636880027,-0.003015075096418407,-0.0012930204997567696,-0.0023477222400307696,-0.002806270760969398
2020-02-27,0.00027649161554976764,0.00046486619738450585,0.0009973500920774647,0.000646474103157324,0.0038225091151067314,0.0020576297632945995,0.001292523704916837,0.005902288031682357,0.0035773836073034193,0.0027800826999377914
2020-02-28,0.014649584140428162,0.01400988281285187,0.013920549310171948,0.01416086659681115,0.0133755726217335,0.013932766290168708,0.014042379463093724,0.010541146946472901,0.0139054425359042,0.012748122864643996
2020-03-02,0.0024899990662912153,0.005039827813949627,0.003618182514316226,0.0033809341912660607,0.003408807932813618,0.003101787636934583,0.0031652309606471363,0.0007730785351358627,0.002368290363611303,0.0026722233293590136
2020-03-03,-0.0008843255380391879,0.006542811741201637,0.0022714030721118217,0.0009482974942787159,0.0072112902346155305,0.0027926668482689543,0.0010754719029584248,0.00594741877364191,0.0033592594970459633,0.002205340908964404
2020-03-04,0.01548971929054943,0.016385974109087487,0.015199596136272975,0.015215401587273858,0.010801917396493277,0.013436304081691608,0.014411045079857132,0.008081609238403953,0.012272880355325144,0.013722208385077872
2020-03-05,0.005457714023803684,0.000861190917853083,0.0030050405669388436,0.003864700399988985,0.0014818221199717208,0.0026619827532510243,0.0037399048098465393,0.002288703533766645,0.003702448134699443,0.0035657215227897776
2020-03-06,-0.01803899095552397,-0.015380795980047157,-0.015937586956127348,-0.016450010406996673,-0.01430670819740576,-0.016028057247324812,-0.016738043987790885,-0.010623222666766519,-0.01527782608663153,-0.015490006813682067
2020-03-09,-0.01640413603927615,-0.017856836193879233,-0.016406213340081743,-0.016034060345618828,-0.011410243652269836,-0.014343951040729941,-0.015307722260986867,-0.002647493413830193,-0.012229442801831691,-0.013757461092667067
2020-03-10,-0.00672618735906283,-0.007260826570538503,-0.006701309354258167,-0.006529452885315368,-0.004268730466945314,-0.006063299359085561,-0.006333824383251141,-0.001551907982839218,-0.004825619559222893,-0.0056462532600797255
2020-03-11,0.0021379224077575643,0.00498908141523291,0.004357968105539456,0.0037303676081297255,0.012639198473483715,0.006521647728148228,0.0044742198275573575,0.009938382843496019,0.0071111417798082055,0.004913478668659987
2020-03-12,-0.027468902853283517,-0.020564859878363984,-0.023494075748165755,-0.02502425537887032,-0.016115134648261753,-0.022501237646333938,-0.02446925236800057,-0.01490146903116818,-0.02146680413836166,-0.023306796095894144
2020-03-13,-0.024599927407690125,-0.01910301917665458,-0.020331957597352845,-0.022059155167845845,-0.010932350199865049,-0.017438685146217714,-0.020385048216500223,-0.010706315808079236,-0.01493849133833769,-0.01810029075945674
2020-03-16,0.020222265135222628,0.013469887196389196,0.016430524190822693,0.018059699857147615,0.008601749516599977,0.013424849239726866,0.016478259015153762,0.010141049530794088,0.014369188735416927,0.015017803507709981
2020-03-17,-0.012698331252098738,-0.008653605767486416,-0.009781592962472718,-0.010813629762866928,8.777073902455079e-05,-0.005342353221062357,-0.008677900956450157,0.0007867740052101002,-0.0047950188977614605,-0.006261188494697922
2020-03-18,0.03765892935976134,0.024552980611177055,0.031119771573620003,0.033278401315716355,0.013589439715683271,0.023996696881361856,0.029790330854288838,0.015287250427760135,0.02397225354253507,0.026913523085053015
2020-03-19,0.00518467157381064,0.006993761716850511,0.004403928823220271,0.004467370442129415,-5.394888694609801e-05,0.001362988403944998,0.002567461411679073,-0.0004927957935024763,-0.0002671322199394588,0.0015821516817744463
2020-03-20,0.015274599444085268,0.005332658257254819,0.009970221795202905,0.011946906691929327,0.0025253080887499557,0.00706612405464857,0.01007388863993186,0.00685745170378671,0.007575430594076948,0.009661368623048894
2020-03-23,0.008572186127751902,0.007356248325945947,0.008707772714741546,0.008501629809120503,0.004910104812939631,0.006450963872271398,0.007650625938310007,0.0011173098766210643,0.006954805193181812,0.006225389946863391
2020-03-24,-0.014647395567349064,-0.01048893444373511,-0.013168897254531409,-0.01370151422804522,-0.007387160732208464,-0.010042625389741211,-0.012322730848018826,-0.005650469418103765,-0.009917988607773265,-0.01036698657188806
2020-03-25,0.00569783211482755,0.012121680949214397,0.00780288115740424,0.00683323259136559,0.006900530897122836,0.005990657599032279,0.0058411226469250455,0.0014492527183234127,0.004586976878771409,0.0047233795650636345
2020-03-26,-0.019356453597721535,-0.011073061730592415,-0.015227562537476036,-0.016858262631141097,-0.013929851642930813,-0.015022436012854912,-0.016476876786874484,-0.012897864958945182,-0.01647601958287792,-0.016123213411560422
2020-03-27,0.0035377096098130334,-0.0004652813090775254,0.0022761935800907906,0.0027741058466010937,-0.0040495202100572225,-0.0001996859045740873,0.0011268632717242877,-0.0014504576520844026,-0.001236749121195202,0.000761217641908285
2020-03-30,-0.020694797912309215,-0.014581023992218167,-0.016671896553021592,-0.01808069518641886,-0.005560720078293002,-0.011395510369709205,-0.015018513777690368,-0.006045939396051692,-0.009238641867936659,-0.012949380166294322
2020-03-31,0.0017890153510753404,0.004386546889979526,0.0030381967350079364,0.0024643016257468453,0.006749526851574927,0.004890948994609179,0.0032030906615982957,0.007384392503531068,0.0048319437019532785,0.004322866066292175
2020-04-01,0.003847696253946875,0.0044717749461422596,0.004709897098145177,0.004488607619131724,0.005135742733755944,0.0048756699109575585,0.004593099311148929,0.00760173603043901,0.005387629916969949,0.004986305393758883
2020-04-02,0.010482377384788633,0.008175158273383998,0.009203757335346063,0.009631368217402292,-0.005413236111917352,0.0026999351808307814,0.006259110779678778,-0.0013937179916040376,0.00025128242745453555,0.004021166552373501
2020-04-03,0.015969192377808028,0.017076007530761883,0.015651207099475206,0.01570150736737075,0.022210456370239218,0.01847901340138458,0.01716271157407734,0.013413356609591975,0.01829173887498947,0.017160098741903607
2020-04-06,0.0077513184372999255,0.008152731611350328,0.007382503515094729,0.007443952985093816,0.0048711631977014225,0.0059370518555514895,0.00680138840866551,-0.0006713280009664757,0.00423904826483934,0.005652892523388298
2020-04-07,-0.0012715737870109267,-6.126127433936368e-05,-0.0015178502840680341,-0.0015205100206381328,-0.0019208281717458808,-0.0014063128881749432,-0.0018095736326839695,-0.0052282589800116686,-0.0017459948777405199,-0.002135132718595001
2020-04-08,0.0180531178278176,0.01587523898661969,0.017328307400976684,0.017596502016300697,0.012740070565186778,0.015531548949485385,0.016388444151289816,0.009881693993101237,0.015138298903980774,0.015493984773474745
2020-04-09,0.007515164625343962,0.006753519876964598,0.007534174541205196,0.007735426357826869,0.006143609228960845,0.007077809282818759,0.007447272377886005,0.004598319789063998,0.007234968476797832,0.007296825458065426
2020-04-10,-0.0028299823975076466,-0.0007949690554892586,-0.0022193164189452386,-0.0023280228393195435,0.001115572142221577,-0.0013984142201511895,-0.002266045529184746,0.0002783348510220218,-0.0013744667259173449,-0.0017563161360094615
2020-04-13,-0.010327112693048202,-0.0008166483619305165,-0.006338405861489926,-0.007850445032822617,0.00044448524602813677,-0.004612642878863427,-0.006913303175168473,-0.004982080129189992,-0.00501702710282248,-0.006402680218424162
2020-04-14,0.009239289096670378,0.010383578555212436,0.008194878836853103,0.00862335442380635,0.009221935416723337,0.008863042220961237,0.00962165596046649,0.00710417974027,0.008747631392926891,0.009134861324811228
2020-04-15,-0.002719626609605008,-0.0038903912612399116,-0.0017243036810468126,-0.001999774217388506,0.0012277816380614759,-7.333475015980362e-05,-0.001186580387583125,0.00471004622420379,0.001355445803089994,-0.00010889611913689201
2020-04-16,0.011149405873121632,0.006661437895868039,0.009726801468621593,0.01015489465279229,0.0046263140212969844,0.007751844532425167,0.008779920404595076,0.004459821300342837,0.006685538810700553,0.00804414605652104
2020-04-17,-0.0007935222403132602,0.006309110636291582,0.002117116020552645,0.000916453224838687,0.008797696548834333,0.0035021615593557875,0.001995359030336541,0.007275301863197026,0.0036192808586064107,0.002465764853804231
2020-04-20,-0.00859898310090057,-0.0064886367756309404,-0.007186726024735579,-0.00769951274778824,-0.0004606724300374454,-0.004973430463511064,-0.006331195640038589,0.002568580974934509,-0.005559613397718044,-0.005571851826729146
2020-04-21,-0.010038477482876895,-0.011683610046214321,-0.00819727432182138,-0.008912732740385731,-0.006822435672420357,-0.006947079722064986,-0.00788481801093377,-0.0005538290930233725,-0.005160296266809583,-0.006368183514074532
2020-04-22,0.016807955767404348,0.016905454318975277,0.0154844109879968,0.01598238140534569,0.016790130770023337,0.015367543840229647,0.015269926159296343,0.01628301961833367,0.015257814176869777,0.015373831223040924
2020-04-23,-0.015486459815751807,-0.017372390072267874,-0.014554418680363113,-0.014802324138363354,-0.012326699528435459,-0.013041771091134136,-0.013700651560606847,-0.009594281534214932,-0.011464964843453052,-0.013359663910028519
2020-04-24,0.003719179117286364,0.0005311539156234169,0.0022484084518583636,0.0027249048262507625,0.000557145700311068,0.002498613976132935,0.0026841293330965854,0.0034387345004280867,0.0028689357707543106,0.0034049674333571645
2020-04-27,0.009287919707162251,0.0027474295171106,0.006759731359246013,0.00761448522514474,-0.0031700787679399545,0.003148737546712299,0.005651358665430983,-0.0005826333910686765,0.0034206020202269816,0.004848397715156771
2020-04-28,-0.016071113562652783,-0.016642692909005552,-0.014430898934731262,-0.015134570388797397,-0.013624042318467589,-0.014337569835427888,-0.014806885485310728,-0.010867354134836416,-0.01332284691999619,-0.013913818396158684
2020-04-29,-0.016769643685284774,-0.00670597548606322,-0.011690141544799082,-0.013755288697239076,-0.0041793621885614085,-0.009541318412358946,-0.012121363770769888,-0.0065151426072805885,-0.009236607240145855,-0.011304312847286169
2020-04-30,-0.011933926284194207,-0.005943488468142855,-0.010353773779875342,-0.01092519299248118,-0.0069691459214811236,-0.009567162140990959,-0.010858405796956627,-0.006721266428714512,-0.010059774293602275,-0.01000028298515887
2020-05-01,-0.009415575192039949,-0.012077982585339764,-0.010928132274431124,-0.009958807603799857,-0.0053676662483976845,-0.008028897967106152,-0.009025645045826702,-0.004685665965356023,-0.008524215859808115,-0.007976198105352772
2020-05-04,-0.005140600355681979,-0.007197219455197912,-0.004974036064780307,-0.004870919449519784,0.000568893355893163,-0.002509241206414603,-0.004105313434104474,0.002547350404896287,-0.0011364612838423716,-0.002129523497823582
2020-05-05,0.0261961426842221,0.02746426339001129,0.026061833437037496,0.026150482617752102,0.025180041017174748,0.025459659094207332,0.02583399623742455,0.022065437372490893,0.024623099326406495,0.025431063747383797
2020-05-06,0.006027171737533754,-0.0013771902700949745,0.0018663060228618633,0.003486200033989917,-0.000790638998572013,0.002262812863460084,0.0030249488212652498,0.0003248972472338352,0.004278572648067858,0.0034336343645338108
2020-05-07,-0.001300774638770763,0.001331797472559515,0.00024333652349040058,-0.0005376603404564362,0.002070244369758223,0.0008749079028436135,-0.00042214863848988315,0.0021517949531708602,0.0007322050692790683,0.00017359601348565512
2020-05-08,-0.02552048014772068,-0.029220613367103132,-0.025654874109410586,-0.025704068954874426,-0.021913457252986657,-0.023404251115106023,-0.02422857276231849,-0.015887519853788223,-0.022344791600219738,-0.023449619347518658
2020-05-11,-0.015548884594669965,-0.017375713365609835,-0.015406460762089624,-0.01548480078390091,-0.009931440849168416,-0.014013215336232898,-0.01453565845678495,-0.007470829651061273,-0.01226479297556815,-0.014085079825347124
2020-05-12,-0.011077910905954669,-0.0036809586239692216,-0.006839928794553085,-0.008212015233581837,-0.0006642634300318973,-0.004672991067978138,-0.007038692781602851,-0.0008372931954345741,-0.006571773627628508,-0.006848962208294007
2020-05-13,-0.01298827233053812,-0.01130081469962807,-0.011928783543458943,-0.012094922664607433,-0.0071746152401936936,-0.00948225631186117,-0.010946471308197703,-0.0061377953460031165,-0.010322356634650864,-0.01021134315090344
2020-05-14,0.00017490954484622456,-0.001704767538155183,-0.0005629652380307881,-0.00024959323658113597,-0.0014318605367042991,-0.001962547859983621,-0.001267192876799328,0.0024192186238096713,0.00023516677986235024,-0.000962009635610217
2020-05-15,-0.009335127533091181,-0.004304281056431103,-0.006328920547040595,-0.007458342752965974,-0.00366586312467998,-0.004596384880720228,-0.006544251643674115,-0.006902248007690237,-0.004617586206511204,-0.006252676206117136
2020-05-18,-0.012213387733107539,-0.004820169577285149,-0.0092762256585881,-0.010278536592623455,-0.00042206252839349645,-0.006671033911907598,-0.008647479251110979,-0.0012005805649401013,-0.006806612188650196,-0.00785450291947043
2020-05-19,-0.0022366347433881995,-0.002386791727237214,-0.0027258057711843087,-0.0027965710878609107,-0.006192868046714484,-0.003974244369907454,-0.0030371523486326657,-0.0062687594986637896,-0.003131745456903645,-0.0033303697702570245
2020-05-20,-0.006533425560454553,-0.00971902237588762,-0.006607377486015031,-0.006634174343365773,-0.003643354599310644,-0.004580589226395593,-0.005713726762413884,-0.003246324125538047,-0.003420156855621581,-0.004678093006862061
2020-05-21,-0.012716481178062677,-0.01237070134377638,-0.01149102808870206,-0.011913021423504144,-0.008548723172351225,-0.011069524974714695,-0.011437645375350858,-0.0034952030745839524,-0.00998663712759229,-0.010841824791520072
2020-05-22,-0.008497811073054917,-0.01131715420321655,-0.009268817358809356,-0.008933388722796254,-0.008338571392206728,-0.008108817806889657,-0.008341662419208862,-0.003195830795714949,-0.007862210757193622,-0.00784399534050928
2020-05-25,0.025332010871197852,0.023128249928872746,0.02299106183410604,0.023991519037234843,0.02088387736038766,0.02235856673879355,0.022980695437724963,0.018592237380150367,0.021253544467897623,0.0226832850059282
2020-05-26,-0.014462964691307922,-0.006390931590329996,-0.010942467253788446,-0.012316111139967556,-0.005223735161143939,-0.009207184240086264,-0.011075208832669214,-0.00640039968810735,-0.00936691195692041,-0.010742564328923954
2020-05-27,0.011327712182899186,0.010018222150992795,0.01043616413273507,0.01069587593448551,0.007321145967795761,0.00966956786224138,0.010480876661128402,0.005352306808588336,0.009999100686697071,0.010194981099213463
2020-05-28,0.009331381627833535,0.017661223433300233,0.012541373492110486,0.010961617708634686,0.013797109668050478,0.010054057222929735,0.009927694783938845,0.01181535985488269,0.009816774116291338,0.009331271372961636
2020-05-29,-0.009017234149031106,-0.0019286478216209435,-0.0054005502430923835,-0.0066884425659043956,-0.0042025253069475355,-0.005605238549736935,-0.006405989141367918,-0.008070720042315904,-0.00566871925035195,-0.006898502647531557
2020-06-01,-0.011098594800673656,-0.010404100192881183,-0.011128771496728085,-0.011219155934470648,-0.012045608686858333,-0.010411775255753097,-0.010631025132832983,-0.007396751757982822,-0.010030375576301376,-0.010653177665921443
2020-06-02,-0.020829672334338745,-0.01328221515535466,-0.016777789537714582,-0.018417273598207995,-0.008514378610906426,-0.01485324792410836,-0.017434385370487582,-0.008121595408410176,-0.015020761759027002,-0.017005436955309428
2020-06-03,-0.006948052650220804,-0.004023174952974218,-0.006408249649755282,-0.006637149653204055,0.002648658577216745,-0.003926536404984193,-0.0056296561854096705,0.0028145732991737837,-0.0037837323812668355,-0.004585239394026885
2020-06-04,0.012088576825480146,0.011959764117630778,0.011510955062675299,0.011792609596911419,0.008067885013202325,0.008803477905429569,0.009861841885838496,0.0009334974623720349,0.007287271850472399,0.009303286937645039
2020-06-05,-0.007493779489251451,-0.0014724954397792311,-0.003521257944702705,-0.005174940380075155,-0.00237710578667627,-0.004971838051932798,-0.005567762387149733,-0.004759728524765916,-0.0047007867034706274,-0.005781469683469043
2020-06-08,-0.006090325140951647,-0.0027281158422753915,-0.003545934013698071,-0.004437118463458178,0.0005917326649547139,-0.001388746050020595,-0.0029390908242341585,-0.00027361293409333687,-0.0011054164730404104,-0.0028715177231815048
2020-06-09,-0.0046621280432981305,-0.002725758286862723,-0.004146916645317633,-0.00446052653154605,-0.004123092371213444,-0.004052352760035016,-0.004280923463290565,-0.0031743368144475648,-0.004781804456201355,-0.004297151188926929
2020-06-10,0.0012156144421624493,0.0038853120831090493,0.001994000765714432,0.0018470646534662905,0.004688267046884409,0.0017203887795504968,0.001803703249325439,0.004191613307875652,0.0014796901022577913,0.001689132813025962
2020-06-11,-0.006439419730745244,-0.006998737272735811,-0.006282056616299436,-0.006420052268259591,-0.007567991668524732,-0.0062123083119993705,-0.00600108013767231,-0.007553977109615584,-0.005342080728380605,-0.006282137774883512
2020-06-12,-0.002191094211053346,-0.00432336392769006,-0.0030132097991459883,-0.0024298079638953585,-0.0032062390364664406,-0.0017177404434232102,-0.0018448784773580362,0.0017434240344864627,-0.002860947113618284,-0.0016796849470676056
2020-06-15,0.003906900304747829,-0.0004816181033100442,0.0021017637621443264,0.0027392463791935384,0.001153090945283708,0.002992777473449282,0.003257153317911321,0.002215285851843163,0.0037638623766060864,0.003318979201911265
2020-06-16,0.0030814072077145482,0.005057149946392725,0.0037388820695523073,0.003593801941977448,0.0024328280874803543,0.003394003826023617,0.0034661486852158863,0.0016448167510241252,0.0033343231930564876,0.0030393610839853924
2020-06-17,-0.012737875629352247,-0.013695161156080049,-0.013238094638927222,-0.013073668292848062,-0.011659821309903506,-0.011836466748629149,-0.012300221742641781,-0.008507565999299804,-0.011445505473956508,-0.011836601634910737
2020-06-18,-0.005059588812223348,-0.0008165884287976155,-0.003070356209700531,-0.003925798523242152,0.003672869760111608,-0.0015441013177505125,-0.0031199748625507784,0.0019937983382098956,-0.0016483570337461062,-0.002654022555647839
2020-06-19,0.0019076358004432858,0.00019456041862020435,0.0017062972326562509,0.0018935772265713524,0.0009773270201107742,0.0013249870664922003,0.001495498698773856,0.0022892550789341826,0.0002112801586588997,0.001588471845474393
2020-06-22,-0.0011945193288113165,-0.002629825474662506,-0.0017273205903823863,-0.0016457628810921943,-0.002338339353183616,-0.002044998723995217,-0.0019130426961372349,-0.0035418752945096665,-0.0021747347752387736,-0.001883907728870704
2020-06-23,-0.0028926486194813528,-0.010623977284882402,-0.0061863883483168625,-0.00506027001817011,-0.011180409883596698,-0.00630844203521197,-0.004834532952163628,-0.00907003692298658,-0.004987589365059275,-0.0050513080207579275
2020-06-24,-0.001837666466144472,-0.006581637895154646,-0.002820669246004881,-0.002495241300571882,-0.006462162316511977,-0.001512250543696636,-0.0019043319639351353,-0.004545163476880276,-0.0016619982929009236,-0.002236579633311253
2020-06-25,0.0007030129253324802,-0.006355400113613685,-0.0020144537981995336,-0.0010478006628749092,-0.004285968796954198,-0.0005898347646560165,-0.000490913935270898,-0.004341139580810172,-0.00067430513377853,-0.000754315924248905
2020-06-26,-0.005018535502538279,-0.006708661296795038,-0.006030204488234214,-0.005755327804158328,-0.007213441441163315,-0.005423099797018827,-0.005214294036655076,-0.0056056112159629246,-0.005269033826485581,-0.005695950921112525
2020-06-29,-0.014894012277167357,-0.013328201660298578,-0.013457288633604292,-0.014015051462110462,-0.010088135413475086,-0.013530694007899968,-0.014194605416165462,-0.012288113411611734,-0.013055350847245295,-0.014067026476477174
2020-06-30,0.000414439858101634,0.0010352074884587559,0.0007975349622302286,0.0007346330115045596,-0.0003924256056212494,-5.7690732929049915e-05,0.0003110944904007873,0.0004566895741642263,0.00016326191750093422,0.0009783229989113185
2020-07-01,0.006365418865502681,0.007354716999117494,0.006122520243992957,0.006419827175503823,0.006218367946923875,0.0061507100090940625,0.006377856239774493,0.007899458309915008,0.005908386168815394,0.006772334689532089
2020-07-02,-0.011280232705306537,-0.008617440692737288,-0.009829904760457087,-0.01040936377958901,-0.0059877261113607805,-0.00901151644867737,-0.00990751862360506,-0.004317255777827933,-0.00867672460296709,-0.00987205605218966
2020-07-03,0.001975422550966721,0.007721011092681529,0.003821160949454061,0.003234167946532196,0.006035488401566758,0.0035447517298807796,0.003099107743721019,0.007005404371329238,0.0032927451186504086,0.003160499199953426
2020-07-06,-0.010481623839810217,-0.010230350162453217,-0.010147591262163691,-0.01044280434349898,-0.008375153075198316,-0.009700028347981116,-0.01005671973680844,-0.005480790505835387,-0.008002879443455568,-0.00966524314382089
2020-07-07,0.00216679216653759,0.004334300948778846,0.0023030043661227406,0.0021723807013940277,0.002415773318820369,0.001570981283855799,0.0016393819803428578,0.0013833844628958758,0.0004625224853251897,0.0012508457118760585
2020-07-08,-0.007218901525135379,-0.006414964468007267,-0.006792624219675303,-0.007295496867607998,-0.005382313211384826,-0.006811245874315364,-0.007039463438961224,-0.005725853943757908,-0.0062621957477722034,-0.007039303979118339
2020-07-09,0.008597807339598917,0.0046364250039199195,0.007472068339804849,0.008032617443740175,0.005507022299341857,0.007292231100730406,0.007812874246738044,0.005640151954171557,0.006665950056928827,0.00771464649917597
2020-07-10,0.005447135162664818,0.002148318530624138,0.0036381741029432035,0.00462550273708473,-0.0025079617471415183,0.0022462211538063492,0.00360570485243783,-0.0011189907816522293,0.002299256872807298,0.003315912198021298
2020-07-13,-0.010916922490714076,-0.007919366000548766,-0.008823314404379001,-0.010117734070264506,-0.005161923495264675,-0.007874775839030845,-0.00892807216671887,-0.0018577588522735722,-0.007205576142351511,-0.008883182685358593
2020-07-14,0.020243590651550347,0.011650674678889805,0.016047432724517252,0.01797911477255676,0.014348055148844852,0.017125949167345222,0.018038829004614065,0.014946106269523751,0.016326669526796733,0.017733816545239423
2020-07-15,-0.0039720505797467,-0.0002666040509364809,-0.0018542136079078286,-0.002566446835222891,-0.0007913494511589958,-0.002084276047457312,-0.002525023414111205,-0.0002847409241082399,-0.0015619576658314482,-0.002004470068716957
2020-07-16,0.004716718837297407,0.005894156499005598,0.005079144734617236,0.005180183684770467,0.004658352953283318,0.004859906061142061,0.0048859616972865005,0.0009653939239004927,0.003553350423368018,0.004664336249759371
2020-07-17,0.008204097598714322,0.008903969252692656,0.00853567144664602,0.008498209065817885,0.0037277473046597454,0.0066902945920168655,0.00731128755746191,0.0025953527044499936,0.00531540993118873,0.006740060800795256
2020-07-20,0.009287629884012327,0.01202466217789211,0.010171262493090971,0.009773192141841136,0.011194286237575124,0.009405382496703973,0.009291300621062426,0.010131413716208515,0.009956716996913917,0.00952077831034348
2020-07-21,-0.011385260713025702,-0.009420014718271141,-0.010552417112987489,-0.011087754692109764,-0.0070524126646124286,-0.010080942886672828,-0.010553558416780962,-0.006781303395774763,-0.009015347657103878,-0.010190781104345903
2020-07-22,-0.014324679434660093,-0.01329763738852674,-0.014489568960265764,-0.01473395656264187,-0.009881787497950767,-0.013760261934537499,-0.014440116828691618,-0.009977589610480786,-0.012147449794642662,-0.014404345937442109
2020-07-23,-0.002132628362872757,-0.0039021520941366905,-0.003431694227812865,-0.003079240486260959,0.0019389245201630878,-0.0012749397592266565,-0.001939509546082574,0.004137191042093091,-2.9238440438117408e-05,-0.001469234533475472
2020-07-24,-0.011933913391492412,-0.010759275974793758,-0.011392001927029272,-0.011539837771965433,-0.008339982179037642,-0.010457517928947668,-0.011025192794242411,-0.006394935585019246,-0.010701600405071954,-0.010281998684926408
2020-07-27,-0.009165460127360081,-0.011325748914059686,-0.010136467350214673,-0.009567125102573737,-0.005219673372057532,-0.007552545660470589,-0.008345424177005123,-0.004245932597871316,-0.005740439210580872,-0.007603702346073993
2020-07-28,-0.001981820376971477,-0.004567966702619497,-0.0031428781392395244,-0.00246033054967032,-0.0016963816574349089,-0.0013898309178704826,-0.0016269079478846704,-0.0015441614082678523,-0.001290964633648417,-0.0013365877748683364
2020-07-29,0.0004570924822540068,-0.0028378076953400333,-0.0011561218498212789,-0.00044219410080503785,0.0012300674121876742,0.000920720297726163,0.0007374608840522434,0.0015216546124738883,0.002130593067510178,0.0013399439108792155
2020-07-30,0.0005446665158046482,0.0004766229910742048,0.0013458708755587079,0.0008110816350748173,0.0013079800457289625,0.0009046644473760246,0.0006055367536115241,-0.0013309145230284702,0.0008048333950312347,0.00028066988531150194
2020-07-31,-0.006557908919545552,-0.00763554884479567,-0.0074054302990720355,-0.006933152173536294,-0.007762980474528947,-0.006849064040356234,-0.006607074102890631,-0.0061418477203231125,-0.006854272630805958,-0.006362513603670239
2020-08-03,0.006997247487668057,0.008832769061565049,0.007854782754069811,0.007522468056619047,0.008604181443641279,0.006324514930665659,0.006650611895667957,0.002344744908588714,0.005772678506019702,0.005645265481292627
2020-08-04,0.0074311770022301715,0.008631289679976062,0.007398526472917721,0.007388816540575993,0.009067458268871675,0.0076758606812317165,0.007683877605616729,0.008509924970536265,0.007949649480811338,0.007724405493868325
2020-08-05,-0.008990801995958586,-0.011329818321198504,-0.009247974053894215,-0.009113744432451387,-0.00871578166291953,-0.007905746290917115,-0.008404384972557466,-0.006489038173330242,-0.007154040902997538,-0.007985906391478892
2020-08-06,0.0005911125327222599,-0.0018695774979149427,0.00030259131163390407,0.0005764024043752869,-0.0013396811542135678,0.00046512185504510306,0.000919512352575369,-0.0006244706204702188,0.001221720538325366,0.0014943284970299064
2020-08-07,0.010601133736809487,0.006017302299424321,0.009042578615919172,0.009873931600340446,0.008093964795436559,0.010119907275702333,0.010458354295481476,0.009017232966447075,0.009619539505891561,0.0110199553834045
2020-08-10,0.003270015645039148,0.0036114300276215427,0.0035570520939194328,0.003520535255891799,0.0015934977303146969,0.002793839716991986,0.0031890344172560425,0.0003315138235930881,0.002550977504212293,0.002853523555885751
2020-08-11,-0.0012578304954078412,-0.0042781653009322795,-0.0028834804129185265,-0.0022917850349040148,-0.00037312879547601874,-0.0008777339998977673,-0.0016214232978313259,0.0006967216356374983,-0.0007304800550633761,-0.0013870408340364015
2020-08-12,-0.0035491681830761568,-0.003557708972289686,-0.0038216531392583075,-0.003792368111522837,-0.0036285597133671743,-0.0038815026805261166,-0.003696095711697711,-0.0028319960867106975,-0.003709067494598539,-0.003729760344188371
2020-08-13,0.011549670270805334,0.009933478320472755,0.010631221038913896,0.011217578985688315,0.00705578756068892,0.010201399119525334,0.010916600417991251,0.006262379168460397,0.009807541656527974,0.01036257180033906
2020-08-14,0.004611721481487807,0.0025355649059286556,0.003461633648096596,0.003923656783863416,0.00032454242132140543,0.0024614388376191787,0.003541955183099077,-0.0007155275822907647,0.002401197797961885,0.00308785228550823
2020-08-17,0.0007068091112876207,-0.003577179899798999,-0.00018640896685595543,0.00011041060467675834,-0.0029942867635774917,1.5499912210836797e-05,0.0003714301637640638,-0.001174313606299049,0.0008386966420914632,0.0006520890658445744
2020-08-18,0.0030602138928330636,0.00217514123355822,0.0031084545065767077,0.0029093490099736385,0.0018397570331616375,0.003247294244556276,0.002866829693797479,-0.0008404564368362788,0.00333192866075005,0.0026194179969323272
2020-08-19,0.00534359182421329,0.008507880354050812,0.0062617699642981695,0.006000012587922043,0.0046517257676070844,0.00435655850032135,0.005080277574777581,0.003985294355351332,0.0037633299106973883,0.004731909447333038
2020-08-20,-0.003583548344587628,-0.0020799057915179553,-0.002517010883124504,-0.0028465628740361737,-0.003982140777371024,-0.0033417251961858074,-0.0035059212289167974,-0.0036466321325313578,-0.003954280265625165,-0.0034859272097801375
2020-08-21,0.0006380552943037188,-0.001791210388749409,-0.00034088384436481434,0.00015907701836681554,-0.0021042496302012825,-0.00046069748482491235,7.903172545109527e-05,4.1421640839534035e-05,-0.0007166273407512858,-2.287622295171765e-05
2020-08-24,-0.001043180579435865,-0.0020843942454449316,-0.0015688102268972548,-0.001114288624001647,-0.0036822844919631725,-0.0020001596542708056,-0.0015912262227023577,-0.004221702831777807,-0.0023747111219909467,-0.0018502224149855584
2020-08-25,0.008101058331256628,0.004693659677844186,0.0058634997022042334,0.006643262454409715,0.005651703313383827,0.006752090056449722,0.007256204335845506,0.006653380774624962,0.007015271435566017,0.0071773361234865884
2020-08-26,-0.0015407009623537027,0.0006817736725324153,-0.0009252548741199851,-0.0012806820338111535,-0.0005043118049090634,-0.0007338782806715072,-0.0015126881049596363,-0.004296996973161882,-0.002364709161148726,-0.0020391867482630888
2020-08-27,-0.009272189083873505,-0.006865635378417778,-0.007754753548569138,-0.008169180906930862,-0.007416551350954537,-0.008382844424134839,-0.008589295330474145,-0.006210649110901523,-0.0076511093520506,-0.008652247646801725
2020-08-28,-0.0024794989113474664,-0.0006453883903726476,-0.0014121202809790345,-0.0018411827033282258,-0.0011250157969632246,-0.002270603640535218,-0.0019553545782278192,-0.00016929980630642216,-0.0011513912230036727,-0.0018968361794081678
2020-08-31,0.0003374359586019171,0.004615302167675139,0.0026379382536805274,0.001613233426088767,0.0040909106105293525,0.001554708791951409,0.00093991482144129,0.006000271462429652,0.0018332677971470979,0.0017309444320923184
2020-09-01,0.007823551468187251,0.002843217586377067,0.00548155959110419,0.0063920100522694145,0.005255193260649271,0.007415342987438844,0.00741740512104383,0.002917397924247833,0.0067535233791464755,0.006580697427411408
2020-09-02,0.002005200278346164,0.00026473855999853413,0.000868046345115836,0.0013086330883718134,0.0007527901882999899,0.001003979845484615,0.0016300873686105888,0.002642140560907613,0.0020774073727578557,0.0020225761997845204
2020-09-03,-0.01683681436203499,-0.014248655019540868,-0.015646931328104574,-0.01611319104942288,-0.011276705389612895,-0.01556348787910744,-0.016001981452042457,-0.008796702554646707,-0.013907232318284057,-0.014906576391007342
2020-09-04,0.008086568952717421,0.005427770137547805,0.0063777927795409806,0.007204079190787693,0.003859838297446183,0.006476590900090784,0.007087663326681204,0.0038273530723769156,0.006283542579532897,0.006504581056302028
2020-09-07,0.0006346310602338701,-0.003098693265455421,0.0005562193905161994,0.0005870198100244028,-0.0030187242997635755,0.0005980313429938544,0.000750707300921416,-0.0008659981487207924,0.0018005704814851864,0.0011231812497685123
2020-09-08,0.0019764255700434052,0.00044737834552344147,0.000924959425138816,0.0014047844434004197,0.0023845440747107816,0.0021546708114044133,0.0017316799698328111,0.00188934745480962,0.0012365227040171956,0.0016537462732635344
2020-09-09,0.0021641447681377546,0.0007394546001002755,0.0016940635701911955,0.0019347894297876422,0.00040311149750671404,0.0014217700497480834,0.0019347860842025,0.000505000894712726,0.001985740801830671,0.001478961734498796
2020-09-10,-0.007148993334771703,-0.002840743346607555,-0.0061041643524913924,-0.006663251571783491,-0.0037760259227418436,-0.006292134065839394,-0.006790662436348294,-0.0068235732122997605,-0.007629848981302034,-0.006823396533607418
2020-09-11,-0.006396993521369909,-0.0007353659045767902,-0.0032132444017490824,-0.004560214005537744,-0.003341382424760786,-0.00480066946778035,-0.005194079997368872,-0.0026696726932788906,-0.003962196421289366,-0.00428946715612466
2020-09-14,0.0042701684975932075,-0.00042931813510826977,0.002274032680543492,0.0031642131329612244,-0.0007726631986499921,0.0018441000498583549,0.0028007297459375913,-0.0005121154880597389,0.0017285743246033825,0.0021986037873595876
2020-09-15,0.004221250869851145,0.0041221531860724525,0.004542014117364213,0.0044597396640140285,0.0019904440296136805,0.0040000005355511625,0.004312408123851474,0.005257698949345357,0.004700808107169108,0.005259792081755199
2020-09-16,0.00026386785655430067,-0.005796607293181433,-0.0021976115050410527,-0.0009555116177517586,-0.008687491986845708,-0.002606069463469529,-0.0010617372955139537,-0.006847654852377816,-0.0025761945672676534,-0.0014714700729406838
2020-09-17,-0.0054187804624838964,-0.006112904389471652,-0.0051082596736501396,-0.0054162619477827745,-0.006600879358258482,-0.005137535271954707,-0.005232473233711565,-0.005115077020742431,-0.005211402689597078,-0.005362664483744561
2020-09-18,0.014680021454700265,0.009069171578491408,0.011766666265494496,0.013110392404416471,0.008224822408546162,0.011441735169193334,0.012713416598259641,0.006260162548200832,0.010308756101203631,0.012238757223860253
2020-09-21,-0.00011543849887774016,0.0008971543554285866,-0.000730414326224671,-0.0004714086928863104,-0.0012400005091740551,-0.0012759887743843956,-0.0006219811066187075,-0.0018021156696741425,-0.0008898230269576146,-0.0007207245222644598
2020-09-22,0.006463300464662813,-0.0005377702709036258,0.0030762776624086996,0.004452401530272931,-0.0005183705431027752,0.002884159419573651,0.004515232292342297,0.0013680165658711552,0.0032767666984834243,0.004379642484585666
2020-09-23,0.01123014352758811,0.00965347470739153,0.011128115587812015,0.01082441609507101,0.009487115055546003,0.009995784540454578,0.01010025748693244,0.005238974002635954,0.009342610342466973,0.0094011238299474
2020-09-24,-0.005457869336468968,-0.009496639306034171,-0.006531175259498978,-0.005939150386238379,-0.007416014177170416,-0.006027189610028905,-0.005540169973812459,-0.004150943139579866,-0.00452697142314773,-0.005711810507500359
2020-09-25,0.0119760282662702,0.00790602239338134,0.009647868400615378,0.01054966740709018,0.010327729329561164,0.010279827486565418,0.010935149778602993,0.011533885817084144,0.010847942907956432,0.010813023661988996
2020-09-28,-0.008458136752022671,-0.004016916622234246,-0.007433588284767256,-0.007603482124210137,-0.0037220714461758675,-0.005780826277888451,-0.0067768005733854775,-0.004605141325823792,-0.005847294608452014,-0.006829048677520877
2020-09-29,-0.0026674382053002432,-0.0066189801083191835,-0.004700787275369156,-0.0036967752821157607,-0.004433022254943464,-0.003176285017069347,-0.0027512798414850437,-0.00043071431767760515,-0.0014638575996902548,-0.002272693045966445
2020-09-30,0.006569323413308625,-0.0011085743198747666,0.0029505585222466824,0.004150717861083564,0.0023450638082407327,0.004378925469231687,0.004948989996951703,0.0025668555892512934,0.006077690021370374,0.00439107970505237
2020-10-01,-0.0019655831866772777,0.0013154568761033492,-0.000741431973739215,-0.0011325174774154956,0.001507163179770954,-0.000586412860906993,-0.0011669173102637487,0.00115116297529827,-0.001616371854163079,-0.001216961664221916
2020-10-02,-0.0018823121259163855,-0.004724296562584884,-0.0039372745727714875,-0.0030110854321985236,-0.007075772413389414,-0.00391072232913503,-0.002732141472347238,-0.007026089939591196,-0.004380639866880753,-0.0034837286900121223
2020-10-05,-0.012400718821307,-0.012388851193344763,-0.01203067298529803,-0.011897423472157054,-0.01251185078148842,-0.011457854314785187,-0.011621888430708993,-0.009727770825946225,-0.011452830040335371,-0.011244654243854346
2020-10-06,0.012060785394678364,0.009160862630317457,0.010474471193025803,0.010927558881561161,0.0064670139197433585,0.008391099967972826,0.01001762991611721,0.005384086065618243,0.008637353052845631,0.009425394927597752
2020-10-07,0.0036324282502062655,0.0021116328115775573,0.003611243695147426,0.0034362075379559265,0.004345869446255701,0.004531344940043036,0.003740328795239556,0.0053625025750234645,0.004937473700356243,0.003921446210092494
2020-10-08,-0.007597099042951694,-0.010352271804189184,-0.008021566777492106,-0.007437447248331175,-0.008835167588098769,-0.008241811413676081,-0.007629070331339971,-0.0032259175712447963,-0.007439008658029822,-0.006759028653210097
2020-10-09,-0.0004481921001404654,0.004673072853104587,0.0021340286867972402,0.001127391408053846,0.0007880487432998518,0.0017803015497559471,0.0008370868152538513,0.0005239548674393912,0.0001786056302326422,0.0013569076762758314
2020-10-12,0.003961339527546626,-0.0002959437067241444,0.002246804141266212,0.0028375940205012107,0.0010931378910870038,0.001890147555499766,0.0027013169032541473,0.0011355599950555462,0.0021667368841598034,0.0026470780044218767
2020-10-13,0.0034005333871924837,0.002606480743277073,0.003279916398904792,0.0032200478885275885,0.004801553593429597,0.0036463914373274786,0.003321801426218851,0.005634893504720573,0.0033444194306233577,0.0034889467908361116
2020-10-14,0.007709190448803804,0.00401843788884193,0.00565248456464329,0.006273467526840104,0.004401244727914255,0.00529296415913727,0.006097377682805272,0.001361380762183284,0.005579270167611394,0.004787301889775719
2020-10-15,0.006218863378547601,0.009227958739015385,0.007296428346441397,0.006716260817379416,0.0038403991018709505,0.006441785508676912,0.006142632716017227,0.003476500295019447,0.0050647727014654365,0.006934074688693892
2020-10-16,0.0024752348106278355,-0.004495574583444517,-0.00022720919899044123,0.00036759717344381215,-0.0032160282823827657,-0.00027172807270581245,0.0005343963495059167,-0.0028550591131395464,0.000278882352669374,0.00032515377673036916
2020-10-19,0.004412303834479658,0.004201948008981438,0.003902895130315276,0.004192125832128246,0.0033196107867519142,0.0030899391345995397,0.003786206747205867,0.0027051332311496257,0.0036460140353158366,0.004115544800555204
2020-10-20,-0.003333896754297516,-0.005406782644948871,-0.004501745277245117,-0.004145817610076374,-0.002611034671917256,-0.0035044959033474488,-0.0036393390945596016,-0.004697760800135731,-0.0033635325002744354,-0.0039048983981122554
2020-10-21,0.009604204049736387,0.010113843132885325,0.010167401816353339,0.009968403974959683,0.007426355730991263,0.009320652759547965,0.009674086342987831,0.00903405971709792,0.00984467360986363,0.009613315432603908
2020-10-22,-0.007269291015495782,-0.005148950894289794,-0.006248847807672986,-0.006435623794412204,-0.00644311905815298,-0.005454127159440381,-0.006426601153191047,-0.004951766154788206,-0.00613972932196305,-0.006204867768439204
2020-10-23,0.002996616891010273,-0.00018300908250490355,0.0015937369592911033,0.0021381685797536853,0.0026658978902198704,0.002457610699941881,0.0027231504499398707,0.0017630452319412626,0.002236083474223882,0.0022095695095714074
2020-10-26,0.00020702936889938073,0.0014357816333290252,0.0012788490119461926,0.0005609381577389438,-0.001432003658160097,0.000911792622829033,0.00031547014029564835,0.00046317147341090603,0.0005217451412582452,0.00046824849020254966
2020-10-27,-0.003602350615272476,-0.004472894808918548,-0.0042959337041945655,-0.004271326454605706,-0.0070961004780696335,-0.004903189590375834,-0.004420910544401857,-0.009022562451838079,-0.006087518168678696,-0.004413777874792801
2020-10-28,-0.0009960195146845319,-0.004605225457292805,-0.0024569305500068417,-0.001829452717006852,-0.0020424164594765593,-0.001774406106639037,-0.0015804041400201418,-0.002319199582230036,-0.002262762983356481,-0.001811381996050243
2020-10-29,0.002161717765653881,0.003660441155136196,0.002808836963513528,0.002422686641958993,0.002592401499271091,0.0020472968003995007,0.0022354939853206357,0.002615350003782213,0.0021790745420062763,0.002385920168946898
2020-10-30,-0.00012813514484455446,-0.00211844350361734,-0.00045816908197438,-0.00023966952678455833,-0.001641638499727649,-0.000393182313135676,-0.00023594632053947073,0.0009169407030689136,-0.00014017039026259503,4.3050518875542565e-05
2020-11-02,0.009674696702001606,0.015174360505658013,0.01207031557483762,0.011072977724482014,0.01042830543767237,0.010721191541119834,0.010521833571364159,0.010783521381937389,0.01080959357683331,0.010702755993194035
2020-11-03,-0.0038743986023132004,-0.00010175242336685208,-0.002785110264483137,-0.0036638717760801853,-0.007290721212489082,-0.004569903607420267,-0.004254913043901465,-0.006114483765786494,-0.005148599234146789,-0.003921085602869967
2020-11-04,0.010419073698549886,0.003320450791013174,0.006845786594420478,0.008195660547041683,0.0037848369462230025,0.007263627368580661,0.008734529419350157,0.00722901662162978,0.008394608371378842,0.009121954057482728
2020-11-05,-0.011267545256446132,-0.006225668446108945,-0.008911162618345347,-0.009903767332978486,-0.00983744803315667,-0.00977655855435855,-0.010298170082759128,-0.007534412074134744,-0.010522758089444029,-0.010094213253237228
2020-11-06,-0.009382912029277435,-0.002820030756623626,-0.006244315460054661,-0.007229772162292036,-0.002904658822824535,-0.005149742517548628,-0.0068981720159957405,-0.004520047449806719,-0.005608205686262413,-0.0068105622610878935
2020-11-09,-0.003702232430723318,-0.0003976593910887116,-0.001684999993878722,-0.0026298540890128397,0.00011460705205879052,-0.0017694201113332975,-0.002508786753735337,0.0009146058166689119,-0.0010167575369526283,-0.0023330605717881703
2020-11-10,0.003281710035766494,0.0005132967971648306,0.0020194662790358198,0.002703991172622322,0.0041871648920028814,0.0027734691461578365,0.0028580718684561024,0.0007307736425787859,0.002672099564661412,0.001934352211999224
2020-11-11,-0.013017097732234584,-0.011015563961721653,-0.011374595778807284,-0.01195659034641694,-0.008177297865473276,-0.01070883141461032,-0.011621982096200467,-0.006159117152775395,-0.010093945638329327,-0.011709463623762573
2020-11-12,0.010954812815189507,0.004783188227158064,0.006893234583662311,0.00845896752890729,0.004193483717901625,0.005941505180447226,0.008239545674271875,0.005119648201024063,0.0068574986522613735,0.008506071196804577
2020-11-13,0.004207411687904505,-0.0007315154808161806,0.001891955941667467,0.003277575037615943,0.002250606178578307,0.0026907024974107685,0.0034126146650135247,0.0036094529855117408,0.002512137135984638,0.0037913735323051867
2020-11-16,-0.00044346792909055743,0.00202361762755765,0.00030007940008780487,-0.00018353488571665189,-0.002280200194897164,-0.0007057254936688739,-0.0006047005264803174,-0.004337225776218867,-0.0010885397105080408,-0.0011269036435038737
2020-11-17,0.005475058814229383,0.008678162117702337,0.00646266684965191,0.006261614391594117,0.004666047827469599,0.006077378815031453,0.005898707369762279,0.003357024817901122,0.0050049593020018435,0.00578932229650464
2020-11-18,0.008763505770680968,0.009519467433142914,0.009398239579376133,0.009432680306840524,0.009902039806928276,0.009688445552472391,0.00926569292602597,0.009989038861717425,0.009098714602112423,0.009248841049291912
2020-11-19,-0.0055824968927233876,-0.0019865209860361333,-0.0041985579649530536,-0.004668992129137628,-0.004546265044365283,-0.0037549638214107173,-0.004641596884965793,-0.006367871167028083,-0.00417274059793471,-0.004652236852302205
2020-11-20,-0.0009885713652346695,0.004520591570146282,0.0009616544015274009,0.0002519349022980233,0.0003340452792890414,0.00016370400204479552,-0.0003051669190612394,-0.0020859617841566536,-0.0009674289042711504,-0.000731873069060307
2020-11-23,0.0019784000776261745,0.003419294541376683,0.002814666041585756,0.0024561370752418377,0.0019023955031727269,0.0019418540598610257,0.0023076398637271733,0.004006404069098357,0.0023550401185605807,0.0022858936573282307
2020-11-24,0.001211687178251486,0.0032797204752301745,0.0023164670264779197,0.001998522338944042,0.003331514640484645,0.002632592991886007,0.001970549187196635,0.0011539960004711691,0.00216879494635025,0.0017115182657705397
2020-11-25,-0.0007223397197676507,-0.002253851094335735,-0.0016677146671576493,-0.0012443303366644898,0.0001065017850168104,-0.001409621139101258,-0.0010104126561424343,0.0006220682199982175,-0.001404446671303461,-0.0009663327968529867
2020-11-26,-0.004933965114386596,-0.0029734395138881764,-0.0038110120272781822,-0.004049232747029841,-0.0008384427968923802,-0.003901470162670617,-0.004093767612717292,-0.000510479344489223,-0.003780915190685352,-0.004083849425569053
2020-11-27,-0.006725364418643798,-0.008059001420040346,-0.007745967918407093,-0.007481899147301019,-0.0071094395955159095,-0.007914807051056738,-0.0074057367704042365,-0.006975936737934063,-0.007233753561368572,-0.007247044343104414
2020-11-30,0.0026976185430085398,0.0011089996894551035,0.002116092649460777,0.002262427156413338,0.002975374479541548,0.002714131261813524,0.0028340920105283107,0.004532055102783872,0.003962076031267747,0.003214361361417284
2020-12-01,0.015033811433481814,0.013152089846183879,0.01476083357774205,0.014697805081578696,0.010725858399090571,0.01346736955184702,0.01443238279796799,0.010994802152731742,0.013625085732430708,0.014125639246787003
2020-12-02,-0.009235941231291012,-0.0022062256896785426,-0.005855097179147228,-0.006855128895606688,-0.0007764464258523951,-0.004705392904035821,-0.006774878855435373,-0.0013224070664955567,-0.006127625700293793,-0.0067700945287269
2020-12-03,0.002240290831751812,0.0049801699552174394,0.0032339764388555903,0.002855338054671197,0.0027589835912489313,0.0027367530025617093,0.0025536449438976483,0.001976640928666118,0.0020230717553808564,0.002714175806879604
2020-12-04,-0.001504943055826713,0.00023887381828613385,-0.0005515598205263483,-0.0009158811743728013,-3.831113716046275e-06,-4.444791658064773e-05,-0.000777331573039497,-0.0001947859325669432,-9.71541695631295e-05,-0.0007447624938122788
2020-12-07,-0.008413852758375584,-0.012321093574913844,-0.010343472214321414,-0.009766586064926752,-0.01164421521112824,-0.010618317396411725,-0.009462613956741195,-0.009860611681147158,-0.009285234160503641,-0.009194439658247955
2020-12-08,0.007668426992654576,0.011206477959256667,0.008697451304940707,0.008509420367724285,0.008872856902881976,0.0074266531301967476,0.007711764371393981,0.007856950605972468,0.007141938113569557,0.007868563197726441
2020-12-09,-0.00011998492880493927,0.0011931722394353805,0.00015766690204910283,-8.183095778768745e-06,0.0036781302089392565,0.0013041991307898293,0.0004948407750853256,0.0037026147257521735,0.0018139484399661843,0.0005690621930338757
2020-12-10,-0.0032217029770624794,0.002434250173308783,-0.0017121712854032411,-0.002340874809753535,0.0020724316934037645,-0.001542044203028503,-0.002439081245727115,0.0004958444848386367,-0.0018054044243445144,-0.002968457661213564
2020-12-11,0.0016914401101721932,-0.003947912970754364,-0.0016025218439361666,-0.00029890992742309663,-0.0015080269244228672,-0.0001146326025456279,0.0007297049101699926,0.0003850385655348454,0.0011065382186570272,0.001387696621826029
2020-12-14,0.0011615150491353088,0.0005741785472894723,0.0013229470686615397,0.0014199948640922777,0.003191231951007012,0.0022909803492559,0.0018671461188151106,0.002796537577484992,0.002259324798378648,0.0020835123081539564
2020-12-15,0.014412487303257615,0.006299814271795601,0.010054149868375717,0.012039644396087512,0.008129403424640191,0.011870544484878565,0.013384451805427577,0.008795917077809579,0.01301197668503451,0.013602447065706125
2020-12-16,-0.0007188285602902633,0.0028267763973801596,0.0010342725889365134,6.747539736129404e-05,0.000470193300433408,0.001150041150047132,9.677475009262082e-05,-0.00042632857578628336,0.0009228146660791303,-0.00022056468329212375
2020-12-17,-0.008031295072201683,-0.007409915727679017,-0.008446761511965328,-0.008369113540525941,-0.007649110123104097,-0.007643972836603563,-0.008154562456962888,-0.007947689498360777,-0.00781290060361517,-0.007985855385208795
2020-12-18,-0.0029209029188785873,-0.007239053725053735,-0.004337400455837193,-0.003940649399697516,-0.004456981678279237,-0.0045410581528217975,-0.0039359446887773375,-0.004658329663138061,-0.003572943474908774,-0.004238811779766816
2020-12-21,-0.0023607800291276515,-0.0038152515475380344,-0.0022829103171945198,-0.0024641438719139597,-0.0019659552531607893,-0.001979318473853242,-0.002259083900695291,-0.0028212793411696024,-0.0016088301933557814,-0.0025176224392347013
2020-12-22,-0.01394730654092613,-0.010174274343516032,-0.0125582206947914,-0.013341659592046473,-0.011093561841870825,-0.011980331159647029,-0.013126620742964112,-0.010445330558303212,-0.013105784062497294,-0.01274951883444242
2020-12-23,0.002579174258942052,0.0017082533091623553,0.0023116666840146127,0.002345879326032918,0.0019447322052832394,0.0026180042985994856,0.0023072910781800626,0.0018856088897141188,0.0019983975833639533,0.0023535653642827725
2020-12-24,-0.008558498164664252,-0.0032518580152703924,-0.006382438073744057,-0.0075512628934741866,-0.0021794610089997946,-0.005571539308207418,-0.007174915895961087,-0.002757160204586606,-0.005691033890242947,-0.007298915115374949
2020-12-25,0.004726279845442383,-0.00218750410268842,0.0022333528425928506,0.0034036815085545236,-0.0010141956032807542,0.001853019207402662,0.0033318449516039905,0.0015532493725589624,0.0023566776756918095,0.00336073321737973
2020-12-28,-0.0016427180044824574,-0.0007378093135714803,-0.0013882539823861784,-0.0016451764975532468,0.0003021377663152691,-0.0008943668250640524,-0.0012887908242318336,0.0007167054588217425,-0.0007719340542938768,-0.0009037486446198395
2020-12-29,0.01056505646141348,0.002965628004391263,0.006774654303180805,0.008580592355299732,0.004436212313199572,0.0073240014199595915,0.008925605807748704,0.0058967075897893295,0.007876199333780587,0.00892883702730285
2020-12-30,-0.0023359798922462094,-0.0005033574256696483,-0.0017710642492740902,-0.0022722223868570923,-4.253601619774727e-05,-0.0015507375971917092,-0.001893270911069167,0.00030610609158010504,-0.0013500449674981319,-0.0025025528595999935
2020-12-31,-0.007489886026001424,-0.00042330794421441276,-0.0036700314303503845,-0.005371680946039681,0.0009365004711328062,-0.002650097618238867,-0.00489385079434812,0.0027039611603327796,-0.0018830643058991292,-0.004166110573774917
2021-01-01,0.02358793570909179,0.009428417123122923,0.01554106310725345,0.019547250349451595,0.009001389569928575,0.014459194825161559,0.018749500754496662,0.008506353992500104,0.014662743786709953,0.017728659400150892
2021-01-04,-0.0006714667197773583,-0.0007431603091072603,-0.0012206985260175829,-0.0008077190668180911,0.0019090242661479184,0.00014693095133400114,-0.000708518114430623,0.0017870065280707337,-0.0002918767418761403,0.0003077841969287842
2021-01-05,0.006416326373758219,0.006568310540011613,0.005393724901507024,0.00590914249526886,0.005769781814015662,0.005283463924433018,0.005636325043416601,0.004843252579428858,0.005571112394922029,0.005668493104775241
2021-01-06,-0.008683450367022783,-0.0034129762886497828,-0.004690849891912596,-0.006696791678475145,-0.0012304623376830914,-0.0038142582194991004,-0.005878016142604525,-0.0028016749783777994,-0.004323222260639192,-0.005379458221090427
2021-01-07,-0.012883512441286271,-0.0051363833888330435,-0.007657775767862751,-0.010445220551916323,7.778755947485116e-05,-0.004606724754678604,-0.008347478277245135,-0.002026895036380205,-0.003756588979999087,-0.007067426238768659
2021-01-08,0.013378454469852086,0.004535290148961035,0.008507853342862415,0.010742482987804891,0.004274257567075335,0.007688027539629161,0.009989553842010501,0.004051528003091054,0.007708488866862151,0.009694506630347766
2021-01-11,-0.006159916315672698,-0.004959449801748783,-0.0055859302864771365,-0.006013616113291764,-0.0035163723924959145,-0.0048330003578322955,-0.005683713769679022,-0.0018017123248952327,-0.0054367109809516645,-0.005047271276261256
2021-01-12,-0.0025934792430104547,-0.003051594928054957,-0.0031055561780116703,-0.0028897491054983293,-0.004037835926164579,-0.0035402482146338343,-0.0032056758328310453,-0.004877869828118331,-0.004339455022379646,-0.003518254374397012
2021-01-13,-0.012016941476175047,-0.006008322283241219,-0.008941114236829417,-0.010278074353088251,-0.006639734388199092,-0.008128198687697208,-0.009499944762578871,-0.00782173594916169,-0.007826171085916656,-0.008999091703141504
2021-01-14,0.017810672512599712,0.006466524308323951,0.01118992887593473,0.014564810578077125,0.004405331496355913,0.00832951438997842,0.012477348773491936,0.0028040290174777827,0.007699034481705169,0.011418831460121126
2021-01-15,-0.006888358619239421,0.0016932785667886918,-0.0027385523600337303,-0.004585743481132942,0.005089045732618924,6.852267799484224e-05,-0.002852752850387663,0.005388807111267768,-0.0010907741201195975,-0.001907756220779877
2021-01-18,-0.007801404896034647,-8.382654426730696e-05,-0.0027354823926116767,-0.005284522862730179,0.004546838059614977,0.0004192747257847351,-0.002744291741555216,0.005645265294959234,0.0010795675546155792,-0.0011271893909243769
2021-01-19,-0.007343560772462121,0.0006047489097911196,-0.0030350257396571934,-0.005208076307907539,0.005745135078578434,0.0005570816984667992,-0.002704803681568224,0.0033318351747000374,0.00082503073923057,-0.0010932360246529438
2021-01-20,0.002626427245291163,-0.0007575762557728849,0.0013157595183261872,0.0023034085094466583,-0.0030492578161821493,-0.000488632060929528,0.0010946713812252096,-0.003534626431654697,-0.001007436065562528,0.0006734464075772717
2021-01-21,0.0035111083723629033,0.005380317518976163,0.006020828244547083,0.004697031509038441,0.007788900666561016,0.006741887886053677,0.005563144755341476,0.007992864669706723,0.007655259872496156,0.006392195698133429
2021-01-22,0.010760032264702568,0.0048708719821262125,0.007473876318708994,0.009017306426254867,0.0012608460997367565,0.005828620832974307,0.007986342608907737,0.0021967685314745466,0.006467120446222108,0.007105161916479474
2021-01-25,0.0025927130075209526,-0.0003858207540254899,0.0010276508869149215,0.0019274202187378187,-0.0020804930571783897,-0.00031792726088075707,0.0009159547081951658,-0.002239060455871189,-0.000878834730047684,9.745461134791356e-05
2021-01-26,-0.004192277758677365,-0.006421244658626257,-0.004939130100920952,-0.004711629009378493,-0.005766528555388617,-0.004802311375032731,-0.004593133166711394,-0.0071295419870035515,-0.004833046993243384,-0.004488152822007763
2021-01-27,-0.007623512127946652,-0.006098748143188892,-0.006896812009678399,-0.007443118462380438,-0.005635558341545166,-0.006457955103541191,-0.007364993519910046,-0.005756205971522155,-0.0071072305177823925,-0.006968568746797188
2021-01-28,-0.00843495945975703,-0.006799157965240221,-0.007384498638875692,-0.007670938855754206,-0.008399441874785696,-0.007942580217609407,-0.007693079165534744,-0.008918142435978327,-0.007585858239947285,-0.007743562655748049
2021-01-29,-0.002341298764011679,-0.00014861952609546147,-0.0017404210212422777,-0.002066993106376591,-0.00028255549214839526,-0.0012360936440356518,-0.0017657231847514332,0.0002211883816083393,-0.0014561351567136116,-0.0019514612329648573
2021-02-01,0.004190608807941976,0.004778894764808417,0.004871790321128167,0.004450887271425064,0.002689959161141342,0.004105364507185794,0.004333182433770455,0.0026847038607205054,0.004320224822944585,0.0043371700185936835
2021-02-02,-0.00445686346365326,-0.0003035515868190508,-0.002585939735961218,-0.0033269426514433986,0.0013485066492764375,-0.001245250073015458,-0.002739677469767221,0.00136003455924949,-0.0009548862764824362,-0.002928325156290379
2021-02-03,0.00444486681012779,-0.0011147763395585875,0.0015106110123037642,0.0032101510611839412,-0.00010065811978410277,0.002324015541596447,0.0034841862636219023,6.149247472331254e-05,0.0027216791429509612,0.002964777526157203
2021-02-04,0.007781467903672512,0.007326952087761018,0.0075975160245820295,0.007746284126131542,0.011429142350939392,0.010126186570441398,0.009123804151084602,0.009461469921751231,0.011049735709568242,0.009588258305228248
2021-02-05,-0.0009208188452121124,-0.0017858840716580282,-0.001037864689825918,-0.0008725082838680898,-0.00121854522510223,-0.0007349750612504202,-0.0006946687497055848,-0.0007988052783357569,9.024835033510925e-05,-0.0005573839331947106
2021-02-08,-0.0017648802386394102,0.0015895083637262886,0.00025053577684208683,-0.0010363815622462802,0.002657069205192597,0.0008574306846595992,-0.0006027698716490892,0.0016750820725000004,0.0007400716392442774,-0.000220378482199024
2021-02-09,-0.00018930600155631083,-0.004610790200435866,-0.0025931189359464923,-0.0016057463507775926,-0.0048095254605886595,-0.0031918769879980546,-0.0019426046450398138,-0.003499725000271514,-0.0013903053307769975,-0.0016985042191983712
2021-02-10,-0.004169180574816744,-0.002029219431983975,-0.0035140298620823796,-0.0037511614150449457,-0.0025517081029402533,-0.0029117015191107987,-0.0036261395778093286,-0.0020411683108056966,-0.0034999816328810107,-0.003938466391747331
2021-02-11,-0.0036685067901569557,-0.0006517737239480903,-0.0025617940907809444,-0.0032534396438440583,0.0008573603155110909,-0.0018811397700381205,-0.002720595898875078,-0.00017697111587866576,-0.0017931800645870632,-0.002424485035500301
2021-02-12,0.00048451349450107095,0.0014649014480909717,0.0011218429372408245,0.0008695868393495676,0.0009253317441151321,0.001233684305443683,0.0010959904144296484,0.0018961463686575364,0.001531776508671534,0.0012763656834924308
2021-02-15,0.0037462481473580223,-0.0027699747314611223,0.0004807543565947814,0.002338763057136317,-0.002987789254202955,-0.00027484897517116025,0.0017298425233731596,-0.0019987213053351827,5.259888655628764e-05,0.0013197361704970767
2021-02-16,0.012056768947820595,0.004590612982047437,0.008898228958133414,0.010212493700851866,0.004863511868748338,0.008855747130392277,0.010152396118672469,0.00415720223391447,0.008338042344979701,0.009899966134711669
2021-02-17,-0.0009409068827983535,-0.0026533946048934443,-0.003023125845944219,-0.001712367896371858,-0.0005242236223103047,-0.002081669836190181,-0.001573455535661905,-0.0002998772528881588,-0.0012956435217387208,-0.0019777142946711956
2021-02-18,0.011399481504342557,0.004299986660762922,0.0076683693580961165,0.010039034973400085,0.002639355064270932,0.006847730439995647,0.009239252889984728,0.002922123704170776,0.006341843686670234,0.008010888229280422
2021-02-19,0.00476185471966617,0.0023790050657339634,0.005496103419417864,0.005396201231668396,0.0023227374496785913,0.004335089173940876,0.004700518852230662,0.0016958972345424428,0.0040428309023112785,0.003961769274872573
2021-02-22,-0.007016957157544801,-0.0022691039198932117,-0.005439892840239824,-0.006384116601719114,-0.0005170525317013119,-0.0040719686951277145,-0.005458040897375782,0.0005619884881302717,-0.0028533065823281856,-0.004445557481795426
2021-02-23,0.00926223227384737,0.005579037052723779,0.005811523291434861,0.007632321000032638,0.007534287845162302,0.006750719788783277,0.007803999601083023,0.0067243961813827635,0.007106382772078534,0.007254555339698987
2021-02-24,0.003299148366939786,0.008887393125527554,0.004825793179809246,0.003979256298058953,0.010194815330772933,0.0068859545089785534,0.005319017815799576,0.00910206034766925,0.007757548842774797,0.005726704936373395
2021-02-25,0.004120858493791291,0.005822295087953844,0.005525077393955913,0.004643154852767228,0.00465732340542635,0.005267340129535114,0.004754282596521886,0.004071935301888541,0.005370311312794529,0.004613419742589331
2021-02-26,0.005115982701490607,0.004748919639859128,0.004285821274750745,0.004722713354316399,0.0012277350987703883,0.0035865953009297513,0.004369148983307536,0.0008029590970908274,0.0031130067691680363,0.00373180294470421
2021-03-01,0.006509841087401602,0.0070802898518609325,0.006849473331461242,0.006859950976594531,0.008998421850668903,0.0070248248863922225,0.0069804408731655165,0.008966947757098609,0.007853371317990243,0.007166158138287582
2021-03-02,-0.0011389375870232143,-0.0033178986675359567,-0.0021820827868122006,-0.001991127492281586,-0.00360095084846912,-0.0016810391656261192,-0.0016748196278497662,-0.004132666808240426,-0.0018435625631181285,-0.0018058365543617283
2021-03-03,-0.005401025815029548,-0.0037218114770218858,-0.0054392852965791105,-0.005187398266255361,-0.0017074385682496196,-0.004939171227682837,-0.00520113117627885,-0.0021279419885080753,-0.004806964473999753,-0.005216737170936181
2021-03-04,0.008129760145753728,0.0029026589774960865,0.005893830815985268,0.007067052257480277,0.0019030487096376447,0.00507757512371021,0.006655849088722521,0.0005279382952443346,0.00435490170809949,0.006036301845474323
2021-03-05,0.011388667193324098,0.00914598973331504,0.00992980937742094,0.010418454303189106,0.006283269658974744,0.009897094214840418,0.010489950707007534,0.007142238542152679,0.009813104453894494,0.010011190386960855
2021-03-08,-0.004709632368789851,0.0009278764946150098,-0.002501852059949572,-0.0038075239000789907,-0.003383327280026327,-0.002593932740896032,-0.0037996619637921114,-0.0037833796738032666,-0.0034268119501188465,-0.0040793614139403855
2021-03-09,0.003925551209393641,0.0019329084296009214,0.002589748229637534,0.0031030620738037307,0.005430281422230898,0.003591598890257952,0.0034347862030252863,0.005105716492365797,0.004205590718278529,0.004005333310842074
2021-03-10,-0.00034172369084961574,0.0035640053796013316,0.0008809037647166118,0.0005870864070876003,0.003936240023086013,0.0009956919271802978,0.0005123499240651253,0.003882279680542222,0.0006358569854114648,0.0009962605492725984
2021-03-11,0.005775946971420032,0.004466209738345217,0.0035834559580625314,0.0046762788915741815,0.0046591498495995864,0.004859471937269433,0.005132386343521089,0.0029707267041076957,0.004903442949143244,0.004874683518863554
2021-03-12,-0.0038615272679571877,-0.00308516245567525,-0.004639339489010186,-0.004270306606550034,-0.0025204048119040756,-0.0031651481229479916,-0.003642493225400889,-0.0035427219428110224,-0.0033861162063965056,-0.0035875316351841047
2021-03-15,0.00817101466786041,0.002060956986428497,0.005587809661411924,0.006983946434440558,0.004216617509251286,0.004547950986604654,0.006398985981861172,0.0032089558383794348,0.005042085125936513,0.0059156440647585296
2021-03-16,0.0021683931997140693,0.0005688909277636878,0.0010725164310123603,0.001612904729494824,0.0010882839322081672,0.001073596208250427,0.0015788048620168915,0.0010172094185545433,0.001176711417016696,0.0014523642755066568
2021-03-17,0.016667316804475973,0.007439553336094029,0.01290703736142862,0.014417062614193288,0.00676279176818162,0.01209148237301294,0.01419543573356763,0.006509544166192871,0.012452223558658826,0.013681461624306834
2021-03-18,0.008900905458681718,0.008254758667885387,0.007918760683406134,0.008411589700231259,0.00959409028954994,0.008620752810283516,0.008710254472340528,0.006949707546529238,0.008409027850688533,0.008306742565760139
2021-03-19,-0.0006558523387034665,-0.0013431969938524357,-0.0009644950973154431,-0.0008453275579540787,-0.0007459136852578929,-0.0006658397231441571,-0.0008542264697151136,0.0003656709121471202,-0.0005112948810011009,-0.000692033144647608
2021-03-22,-0.00940993977697524,-0.006584945197993131,-0.0080738006925275,-0.008913351770778455,-0.0055257192680717715,-0.00718184262746191,-0.008287031638127385,-0.0075780475687590165,-0.007063722437298137,-0.008613692750725765
2021-03-23,0.0025951751824235814,-0.0007002788962446882,-9.964417183017105e-05,0.0009073658218432534,0.0008881984133473075,0.0012281188036773472,0.001453810232788344,0.001942690273220249,0.001876974070678994,0.001512493099890655
2021-03-24,0.0185979936220948,0.008297291165381804,0.013988577277299186,0.01579825496669285,0.006710453295612595,0.012988679248039148,0.015237251746247571,0.007001071042234797,0.012958805918080962,0.014737832971727816
2021-03-25,0.009784445294390043,0.0006486123768598695,0.004423260567853804,0.006886140952880426,-0.0015440865684522853,0.0034749907463897944,0.006131132039124854,-0.0009250648440476406,0.0028736510764622025,0.005561959698729524
2021-03-26,-0.0012924072187834312,0.002045021628098498,0.0012240987028502293,-4.771695996108605e-07,0.004651664747306938,0.0009363461607165835,-4.93383788828794e-05,0.0029079811427277225,0.001474075362476679,4.5995056981107396e-05
2021-03-29,0.0010486254919108706,-0.002220631373698323,-0.0016698083537425301,-0.0002565328742920592,-0.0008491894718468673,-0.00111617077338666,-0.000256406682812238,0.0004315844949815961,-0.0005100947790266375,0.00012376140270875524
2021-03-30,0.004881020207865738,0.0015224797698409898,0.003502986429370747,0.004226404592633237,0.0023116065821910947,0.0024557248347423233,0.0036842101359251256,0.00155326453936655,0.00280411031642136,0.0032211654520732935
2021-03-31,-0.000731984513347439,-0.004034231866241633,-0.0019189993778474523,-0.0015110887116284166,-0.007638919470462691,-0.0033488077313748033,-0.0020548262556380203,-0.006728446702904511,-0.0036148278324298344,-0.0019578051607360702
2021-04-01,0.00227849912456235,0.002159913547219894,0.0019524143211520073,0.0022116605465622996,0.0015463389104428682,0.001773152693810509,0.002060498800307009,0.0016861074941607601,0.002026084418273122,0.0018687199509459518
2021-04-02,0.0004543885137293646,0.002347903929454054,0.0011794611526796395,0.0007155915640872923,0.0024811258632477795,0.0018377639497020315,0.0009580492068623769,0.004003352489128753,0.0016967862916377197,0.0009388096894829001
2021-04-05,-0.016606648892883102,-0.011050534488857733,-0.01240322903246327,-0.01416372285159917,-0.011197445744780987,-0.012319048390685317,-0.013807197582214714,-0.008516836059955346,-0.0119973995049788,-0.012974733370836766
2021-04-06,-0.0002145078601798467,0.0022719073809598367,0.0003552793971284274,7.365823284621875e-05,0.0014984236146986518,0.0005966888504183032,6.159711649389443e-05,0.00034708899774416047,-0.00010792587236241324,-2.9742265937882095e-05
2021-04-07,-0.011117295494742052,-0.00929089017084439,-0.009682923521224018,-0.010170481765504058,-0.008215589816934266,-0.00928563831626017,-0.010105923880927792,-0.009296857202964137,-0.009400872515843095,-0.010204316170501326
2021-04-08,0.009895910272319508,0.0042847729157893255,0.007544971516168619,0.00867188248689521,0.004830210351980835,0.0064635213854333795,0.00822943893244621,0.0037651481987033275,0.006560241158876767,0.0075975594862689455
2021-04-09,-0.0002631987010590642,8.281642615837193e-05,-0.00011688474585580533,-0.00021249086795072092,-0.0004725994820327095,0.0005637066169639215,-5.932346953374523e-05,0.0006484183392374554,0.0006642908279652637,0.0002061550047218752
2021-04-12,0.008836526052048876,0.002912128600099262,0.006008555517358571,0.0071022902602309035,0.0018488192439081175,0.005451697939851563,0.00682120064989622,0.0011803881134431204,0.004967360310242919,0.006427989125943334
2021-04-13,0.0008367304076601911,-0.0002948531612008143,-0.0008859745444108613,4.5401570126557544e-05,-0.000706436163134927,-0.00025310662920985383,0.00012407278045722947,0.0022192123118047746,0.0005245826864463954,0.0004985225293232531
2021-04-14,0.0019178084297790665,5.057951918940873e-05,0.0013759536638866532,0.0017940048431659417,-6.779293342762394e-05,0.000917365731835984,0.0014972785195053184,9.94349853826737e-05,0.0013785237021728403,0.0011627236335773894
2021-04-15,0.007842827715392575,0.00438864060577604,0.007048069461981221,0.007167887164660769,0.005260669081707636,0.005414936036857387,0.006624404383706262,0.002199175973046419,0.005430385221506517,0.005971706582994507
2021-04-16,0.0013090609235320017,0.0027765568522557516,0.0018108753818053547,0.0018519558930514268,0.005052782858624427,0.0031719906656686447,0.0024027079059598666,0.005252605941063804,0.0037688110215001736,0.0027672517176358102
2021-04-19,0.008182248741839482,0.0061154442571234036,0.006597229890670908,0.007334181763875458,0.008032292139956265,0.007699374338683729,0.007742332363838589,0.004413281109512113,0.007286638459325534,0.0068009042949379594
2021-04-20,-0.0009159076561804369,-0.003187882817495824,-0.002504412822371016,-0.0015923255281217186,-0.002009746460525763,-0.0022978954094192705,-0.0016007064906223833,-0.001846952697335924,-0.0021724165243053317,-0.001361637191451548
2021-04-21,0.003547562340684207,0.003213632803584554,0.0027692864518060745,0.003175865264010147,0.002420655638885716,0.0028909778593486646,0.003238663075113557,0.0009486875913027326,0.002679896196564613,0.002667561876103175
2021-04-22,-0.0005990645193345578,-0.0011325918083280317,0.00011606826872467835,-0.00018022931519534602,-0.0016382201912401584,-0.0005937272523949266,-0.00042053656876706036,-0.0008820205795543323,-0.0010130296873025468,-0.0006631859203405366
2021-04-23,0.003930339837267427,0.002561012127511253,0.003806399395361648,0.003858334735638236,0.0038882957124233286,0.0028710115222838617,0.003575576775394662,-1.8510481938349699e-06,0.0037368243910769205,0.0029066008754716766
2021-04-26,0.001473757856099267,0.0022992421831049548,0.0013595381535469464,0.0016116870442515197,0.0030676126895241573,0.0024951961110926124,0.0018709092239146408,0.004376201283583292,0.0020934276873845192,0.0023995765570408167
2021-04-27,0.0010674304860411876,0.0017205553491188574,0.0022127510930949335,0.0017408873412341208,0.0005138967802327254,0.0009696142046933254,0.00122119787063113,-0.0005088451904298186,0.0008729371287834464,0.0005967382431801838
2021-04-28,0.005834902868776526,0.005400804924658331,0.005527604455134005,0.005371471570279507,0.006347666624505699,0.005298275020561682,0.005352907675115093,0.002908164563321769,0.0049639174721618495,0.004148561607919987
2021-04-29,0.0008397326343758671,0.0018938109813977366,0.0015759953214209421,0.0010375574293051137,0.0009648562847184294,0.0009171912226384471,0.000819238181591686,0.0007696213521439788,0.000988448270296649,0.000573920884677559
2021-04-30,-0.0017214625116709348,-0.001969772143484927,-0.0018626700331108026,-0.0015611011563109178,-0.0025230198367849344,-0.0019684518301934517,-0.0017110468051128036,-0.002237802189110627,-0.0011965908935185343,-0.0012519135993876995
2021-05-03,0.0019104299987340312,0.002807580287736089,0.002245877977259614,0.0023239527838689877,0.002461579862091723,0.0024012899614660466,0.002262169408837167,0.0022672905162053336,0.0024031024587045646,0.002294576031366624
2021-05-04,-0.0020284019106421303,-0.001595742353205809,-0.0023778815667342412,-0.001865225010023952,0.0013249302176465694,-0.000659953705038685,-0.0012088534368577264,0.0013986245631485428,-0.00033474747433559493,-0.0005425696453308371
2021-05-05,0.00014768802721509822,-0.00016310086176607452,0.00025525941291149046,-0.00010529857381302854,-0.003226258012355099,-0.0010887596945299283,-0.0006375481761549118,-0.0037680479510724396,-0.0013148897035876184,-0.001577741972951019
2021-05-06,0.010506872495004815,0.010462520207399795,0.010540051957683483,0.010309746680613463,0.010364370014208646,0.009777900201606293,0.00997205020297165,0.00683260748043768,0.010038733600933547,0.00835278145282592
2021-05-07,-0.0073068624062468945,-0.0052898116475640355,-0.006325925524605092,-0.006625987571013847,-0.006134031901035897,-0.006700631737904916,-0.007014302763064251,-0.005855817435407085,-0.006429793677917184,-0.006599330735753806
2021-05-10,-0.005231226436294256,-0.0010729526264690037,-0.003389620831991791,-0.004396561645522712,-0.003608815632262008,-0.004313534936446928,-0.004744733650668631,-0.005800058761056492,-0.0055076345915942015,-0.005896467652061865
2021-05-11,-0.008259369520251858,-0.004824499469956334,-0.006715697181428837,-0.008081204771700157,-0.007117144198404479,-0.007098374664971652,-0.008147068163992577,-0.007837389068574563,-0.008122894156462501,-0.009382922736213661
2021-05-12,0.010653210268527058,0.008899059847482071,0.00957453807186659,0.009870307685210022,0.008050124853337559,0.009471936692492022,0.009925510108500513,0.006153200137343218,0.008668730852689155,0.009249194408198935
2021-05-13,0.0018594590114136,0.003545309007721986,0.0028749580603941727,0.0022403589892956433,0.004246613263174659,0.002796363888173836,0.0024306503507716126,0.0047760131633574066,0.002858177257546668,0.0025936544702633846
2021-05-14,0.001373644101533289,-0.0012200592391952148,-6.708793783150035e-05,0.0010446894845168586,-0.00041643046004646855,-0.00029514409452591206,0.0009072989379443896,-0.003451040038331632,-0.00021917825222972365,0.000175184086416591
2021-05-17,0.008525849621881187,0.0042758165150726946,0.006547247318916316,0.007233590784626376,0.005935644963112052,0.0072732476608623475,0.007845629595146342,0.003898139246424348,0.007468149429716853,0.007061901508613744
2021-05-18,0.008803671974545235,-0.0002424393902800137,0.004481948091761945,0.0063794184637755436,0.003526070077340515,0.00582153219928605,0.0071331042221656205,0.002308085571903762,0.007096952004881807,0.006453406401468298
2021-05-19,0.005855674668041599,0.0017255440597065963,0.00421230621457358,0.004753851337525816,0.005226463160764139,0.0054731307896165315,0.00556932399003518,0.007514816142895064,0.00764045931064139,0.006184242795195916
2021-05-20,0.005444712847288091,0.0042580939570122656,0.004222176732190164,0.004891064659180433,0.0038141807776623793,0.003816903199702182,0.004738201475869008,0.006630673171082346,0.005643049345075424,0.005315153833299391
2021-05-21,0.004680699583344383,-0.0009079784321784912,0.0019172332453059049,0.003308724389796458,7.850162998845889e-05,0.0024139271303944554,0.0033625188536141604,-0.0009542688719326176,0.003326941645903192,0.002872642120844704
2021-05-24,0.007035078392970906,0.00022424399042275667,0.002730157586004811,0.005049403689716847,0.0002505116769337956,0.002169976269874585,0.004459070514114982,0.0021488715888635657,0.0029082621018079458,0.004905801826467382
2021-05-25,0.010042612268669648,0.0020132911187986657,0.00609521048711259,0.00797340018385162,0.004109023562493208,0.006777553488736654,0.008087933918855317,0.001470804965835848,0.006403173921211591,0.006917997828243649
2021-05-26,-0.011409948744249165,-0.005770938757428401,-0.008382385838747952,-0.0096789203506773,-0.009005045911510079,-0.009002494169632946,-0.010093606965605573,-0.0072313438459357116,-0.009618794992321655,-0.009394103548029609
2021-05-27,0.01256325710216788,0.007020565843518289,0.009575259407146763,0.010884687604897136,0.008644021017627512,0.00941722306592263,0.010989153536207219,0.006050089502934952,0.010253044851035176,0.01034400795365209
2021-05-28,0.009421885923301732,0.005373572318449149,0.0064533653752054665,0.0076945481555599216,0.007152561350192599,0.0065533628563276825,0.007525251508668118,0.005718920197294697,0.00629392218408098,0.007155080503790545
2021-05-31,0.00712445172645082,0.0052015359824195695,0.006295371372570191,0.006367104691435532,0.00607304319607449,0.00598685348453043,0.006197464026018729,0.002489460368999552,0.005814699245705102,0.005254569918979435
2021-06-01,0.0020866239291363886,0.0024471789447833014,0.0030147570311243044,0.003047420217534569,0.0020450622423151543,0.002407292777516501,0.0027731238629478128,0.0010679896696612623,0.0016760593484028696,0.0025782488479904053
2021-06-02,0.00489240822245951,0.0035548941727638894,0.0053415875285398595,0.005205949045172353,0.0019897844313538915,0.004720601730428431,0.005023445254394465,0.0027829366769809294,0.0045061049447068235,0.004931666875808816
2021-06-03,0.001348126014724782,0.0017738056016569637,0.0010134862457353844,0.0012362168584478805,-0.0006292556307927466,0.0006136023910807697,0.001104389075061718,0.001540986924770671,0.0014581611707875641,0.0012175920763264347
2021-06-04,-0.010190382045627056,-0.00809141393845536,-0.008257591643045181,-0.009165313608218595,-0.006439387639223693,-0.006492162043074123,-0.008069835202967113,-0.00702944327046251,-0.006043409184085413,-0.007846848445447918
2021-06-07,0.00701734489492023,0.006659953763345605,0.006493915771744074,0.006790658498136093,0.0039634944777717784,0.005783066422411887,0.006480980547375337,0.0048891870262735004,0.005923939466213168,0.006301345387244028
2021-06-08,-0.0045764177946787665,-0.0009656015505203897,-0.002821997220133765,-0.003267416463773931,-0.0018248137128649145,-0.0025212957444621376,-0.0029665321634586572,-0.002258881409738289,-0.0019873128435859977,-0.0029292755597887243
2021-06-09,0.016802803430238766,0.01341622347818694,0.015187347305578136,0.01561385020413475,0.009671924763877016,0.013491809113486353,0.014994689465731792,0.013328845330064842,0.01434872453495184,0.01475845613052007
2021-06-10,-0.004485334035281507,-0.002972400636300998,-0.00440775295129936,-0.004536059645020907,-0.00436676948671999,-0.004264092210727988,-0.004557114049428934,-0.006427913270109831,-0.004805996258678724,-0.0049036791952251635
2021-06-11,0.0022811807173477305,0.0013653382531526592,0.0015880181984759822,0.0019134969976961624,-0.001441748255701425,0.0002691144239661547,0.0012168612396683542,-4.223811857406723e-05,0.0006975443800369963,0.0013416700944086646
2021-06-14,0.005652478541363193,1.529493733043452e-05,0.003412920250969176,0.004067795643064143,0.00017989295241149783,0.0032742280127266987,0.003783857309264782,-0.0009483744881757517,0.0021110150410972306,0.002767916141306115
2021-06-15,0.003649920476008761,0.00042207604847210867,0.0014005996483450467,0.002014141745150466,-0.0010515975076461626,0.00032163810887841926,0.0015738213834353143,-0.00037031382109875555,-0.0001642206727900941,0.0017183108188247864
2021-06-16,-0.001861552431450808,-0.0012172694762646596,-0.002011076245994614,-0.0022181173438555746,-0.0006577367227545983,-0.0017895058766472793,-0.0022064897352325197,0.00025005096955577066,-0.0021958823883803102,-0.0018084327485196061
2021-06-17,0.0011490951978678776,-0.0015186303398326828,-0.0006241902924889464,0.0004220948477902109,0.0011263397313094892,-0.000826477454097696,1.545740714381516e-05,-0.00021515760539891904,-0.0011923190688499785,6.890919222457548e-05
2021-06-18,-0.0021492795906782325,-0.0019605487559550827,-0.0012346442437538574,-0.0015315928654169308,-0.004766451573967823,-0.002304064499505043,-0.0019524086057991497,-0.004104582440711435,-0.0015808986280980708,-0.0021976287777254466
2021-06-21,-0.0025344723018959625,-0.002820420503838239,-0.0026270142319690937,-0.0027019797263472256,-0.002469607036971855,-0.0029889647031482447,-0.0029637433844036387,-0.0030272577432322034,-0.0027435967855391485,-0.0027835526810343625
2021-06-22,0.01537022632974816,0.008763163003177699,0.012133841386672284,0.01374904842706881,0.007052706283123378,0.010792048660550613,0.013110119883661397,0.006746868370277381,0.011885979268676516,0.012435829670907506
2021-06-23,0.009613507039955449,0.008491458994864809,0.006922372683708655,0.007931187230016068,0.012380776416890837,0.00850264623264474,0.00818633463363816,0.009387645512672016,0.008190208316533498,0.007828222560366083
2021-06-24,-0.014082460645862938,-0.00926596595220508,-0.010855809142135464,-0.012040068583686003,-0.0049175640375398455,-0.00905114626518444,-0.011033372388935758,-0.003588185597854565,-0.01039520769814195,-0.01056046706325886
2021-06-25,-0.0033430711902207033,-0.003649647774011222,-0.003577722672035044,-0.0036329087370148283,-0.009370017431228228,-0.005382349149164356,-0.004267395335451285,-0.006649343288009368,-0.0042547455402419665,-0.0036818393861703935
2021-06-28,-0.008145675135441954,-0.002283792812523666,-0.0045297477716872425,-0.006004648251718314,-0.0014829239837084174,-0.004107223903063506,-0.005702545391687908,-0.0015672900209954266,-0.004618743659691504,-0.005341976263474657
2021-06-29,-0.004006891905952825,-0.0005465122171527392,-0.0029525999603777775,-0.0035857222354835905,0.0008079467896957571,-0.002892220673374246,-0.0035650747223261448,-0.002175686310084357,-0.003470645350612145,-0.004050862853201775
2021-06-30,0.008461256690224017,0.007370250962996483,0.008657414201033387,0.008774126507879565,0.0037347609219922084,0.007185175223447304,0.008225064792409809,0.005045606386504531,0.006632308627553263,0.007717196951815941
2021-07-01,0.000573350099446257,0.002865301635295303,0.0011655508775991752,0.0010206944585162692,-0.0006924916220873989,0.0011556268005963322,0.0010340906852968068,0.0018797520357114461,0.001614763510270345,0.0012024658434139912
2021-07-02,0.010512898256746617,0.009385129114704016,0.009610724871571552,0.01002636903049181,0.006182012676812176,0.008017017130919513,0.00933176766917887,0.005368204331556381,0.007662879335831763,0.00796805373876941
2021-07-05,0.006415164152021813,0.009151781200285924,0.00829470216352357,0.007653855863446912,0.006905756880737801,0.007191447788909233,0.007095153361015516,0.00509768655905618,0.005947214106330367,0.005879284710004873
2021-07-06,0.0015235605513126416,-0.0010211116630467476,0.00017893239893385093,0.0006423277806522076,-6.788051215311786e-05,0.0003845547360705748,0.0007436107202356546,-0.0009094669896143603,0.0011823442681828666,0.0007549280636056643
2021-07-07,-0.0009243771365201603,-0.0012476926954617662,-0.0019998861703454107,-0.0016686548145369295,-0.0017953133570903779,-0.002152454548199678,-0.0018547281471417154,-0.0025930906296250944,-0.0026338192392157955,-0.00222659196671382
2021-07-08,-0.006571429770700243,-0.0034772689104070054,-0.004674839818413212,-0.00531936152954926,-0.0008209927376040538,-0.0033514987647919048,-0.004809237854598414,-0.003427845912838734,-0.005045258181107792,-0.004690580810848832
2021-07-09,0.01699724722734275,0.00960556207353247,0.01316273182865424,0.014991496430331042,0.006927015583031437,0.01202946634104829,0.014701454026418093,0.009672391557529858,0.013377719619911188,0.015263916843382797
2021-07-12,-0.0025021298407581494,-0.00416489499367434,-0.003145543200308354,-0.003033458814869272,-0.0035194297974503463,-0.003008065557360662,-0.0031919097331476465,-0.0036611270818890373,-0.0015537815758815965,-0.002653967210165087
2021-07-13,0.005123439925140305,0.00487224760612448,0.004799270792253507,0.004908591454209521,0.001094214874578503,0.0035957653750442464,0.004442257358550528,0.000786249467687572,0.004045608706464421,0.0043213501227974405
2021-07-14,-0.007638335541596097,-0.004183394868282231,-0.005626870534473194,-0.0066509189210667286,-0.004763756814844644,-0.004843165592963494,-0.006298002618123633,-0.005157549572071596,-0.005313730861470911,-0.005794383700459593
2021-07-15,0.000978283408898939,0.0018722914756228448,0.0012000614422957856,0.001311661396995678,0.0007406824761102548,0.002056550684221392,0.0018176007168135833,0.0002681965686539556,0.0019849657108284013,0.0016182473141339582
2021-07-16,0.0065571595522395665,0.0030574697049370325,0.005742482767298496,0.006281242249660535,-0.0008426751509504893,0.00272591702397329,0.004817029668891415,-0.00014531066871992238,0.0024135606985749014,0.005198830829191703
2021-07-19,-0.014011387859275914,-0.011563467231734181,-0.013075060568023766,-0.013774856876395125,-0.005671720763184784,-0.010210353181560938,-0.012543849966223597,-0.005488764819200798,-0.011066429648859177,-0.011609276163839555
2021-07-20,-0.0077382122275974075,-0.0047737338224940196,-0.006988871032885591,-0.007258787217433005,0.0008671646742723915,-0.003732338243682465,-0.005845343140178483,0.0015085984617766446,-0.004540604855950647,-0.005533267124024466
2021-07-21,-0.015619968848485488,-0.011922114112710935,-0.013540578598728592,-0.014517418336636334,-0.010551738750170792,-0.01155673236694188,-0.013458953103697269,-0.01068243142310532,-0.012041347666991165,-0.013566019022293152
2021-07-22,0.01980878484126647,0.013565727001875416,0.015589553926792732,0.01766026213855354,0.011496395054638286,0.014647790141610884,0.017314659998932003,0.01257801777944656,0.016096415652575802,0.017534446015672334
2021-07-23,-0.006960839740977387,-0.0035311450907042907,-0.004232623881282427,-0.005588381879556348,-0.0019833415284410405,-0.0020929641349409778,-0.0039056766572387325,-0.0009321721352306689,-0.00264664888787014,-0.0036980630209613174
2021-07-26,0.007821441850205169,0.00732101783838468,0.007758943549029729,0.008344555854518543,0.0031326878301978223,0.006576754457215284,0.00808153558061453,0.0030848511813732493,0.007016275338664002,0.007423825666171169
2021-07-27,0.008306730963168585,0.005107699064391458,0.006120079024152902,0.007268034477149188,0.004809673130985015,0.006304419245726889,0.007565429998888318,0.0033219714032568515,0.006319126185931001,0.00708959824498967
2021-07-28,0.009482044429182546,0.006075870291447849,0.007733257672084104,0.008716047186298814,0.0008206103237966555,0.004834987324407125,0.0075914897786941715,0.00020816906542520108,0.004382520880846563,0.007117869036469937
2021-07-29,-0.005835073830530391,-0.0036910227266959694,-0.004520202560573283,-0.0047991465337799966,-0.006430269615432915,-0.004758319628806795,-0.004536412135862977,-0.006108343762212698,-0.004574092961188381,-0.004739089691840559
2021-07-30,0.007371860441085287,0.006087912903473214,0.007064549147646204,0.007578509953804158,0.002097821320153459,0.005423175127555302,0.006773853508408756,0.0001605038844592066,0.004728855760150585,0.0057207406244017545
2021-08-02,-0.005451106791572902,-0.005059691624240248,-0.00471383888173893,-0.004852109149657724,-0.0009213721370759931,-0.0037919866462083895,-0.0046568647058184975,-0.0017686788571351642,-0.003955570379118978,-0.005091933562362372
2021-08-03,-0.008666236687827178,0.0012230955342917849,-0.004445691465410406,-0.006452398815374849,0.0048019304329149914,-0.001939692833113904,-0.005545226690900851,0.004781049291530337,-0.0022222517236548667,-0.005076186601543631
2021-08-04,-0.01957911863720596,-0.012121528145136562,-0.014205774965745377,-0.0168125729168227,-0.015528921941550089,-0.01483198718396439,-0.016670615272664224,-0.012718769165713573,-0.014328372679406676,-0.016056549587661118
2021-08-05,0.0017640004182986058,-0.0013002568209939946,4.182411041142586e-05,0.0006970018135656897,0.0007078257878729843,0.0012339924734454666,0.0012751812301095011,0.00013068262753979099,0.0006374373999429306,0.001156550298010428
2021-08-06,-0.012711394248113406,-0.010218034413165933,-0.010852696242461324,-0.011996898517762755,-0.0036239032836379304,-0.007745491812888972,-0.010352737245176047,-0.0019432379628492313,-0.007619026055194933,-0.009782145820885213
2021-08-09,-0.009628068568220072,-0.006670625906434302,-0.008900473568313916,-0.00920248887620223,-0.006059234865355423,-0.007671861672623459,-0.008484405881505341,-0.006991234826000392,-0.0074725409547786725,-0.008363169856973274
2021-08-10,-0.006833228382453926,-0.0037886397854154374,-0.004942347298866556,-0.005653221189550139,-0.007471566279115827,-0.006022064919977366,-0.00577340706480356,-0.005386905972647016,-0.005638522310183136,-0.0054913729920345045
2021-08-11,0.010414972320890614,0.00507652292890759,0.007050953821427619,0.008550279298375374,0.005006169963013063,0.006476313664328437,0.007964666666314457,0.00419075048071571,0.006284655849714049,0.007608619970042474
2021-08-12,-0.00020184698294078984,-0.0036784990787345206,-0.0021139668059382277,-0.0013133330865675585,-0.0016407015789559054,-0.001834884592598729,-0.0014808770970349272,-0.0036779558584969507,-0.0020819361253000546,-0.001708966675040946
2021-08-13,0.00397989770953755,-0.0002866737191602464,0.0012668569436045107,0.0026629790354564253,-0.0008112634685875086,0.0004716858397360024,0.0018025885034858025,-0.0040151466768378885,0.0006861233337065453,0.001159067646547829
2021-08-16,-0.00020489229526243768,0.004970215428449221,0.0022476378283313725,0.001285878516041672,0.002730728210286637,0.0015003026092310634,0.000844724516744666,9.545759500362294e-05,0.0004736050004816583,0.000500529865187449
2021-08-17,0.0036800260655951433,0.0030823764347225335,0.004262735693524755,0.004004578710999018,0.002321149320239524,0.0037880823349034642,0.004003771315931548,0.001134407991494113,0.003447371113278086,0.00384841012838244
2021-08-18,-0.0018231522011857848,-0.000560693056687378,-0.0022768646989831387,-0.0018415110613582142,-0.0008395669255146787,-0.0020149011401615624,-0.0019451018978797752,-0.0019245349511261,-0.0023116127323614677,-0.0022968689194038383
2021-08-19,0.0015627872658336983,0.0020496110942473944,0.0017804459316344001,0.0015240651519892179,0.004817845757140393,0.00240277183651183,0.0016716352335504059,0.0066038218643393876,0.002881663609756835,0.002322619777735957
2021-08-20,-0.01972332975968505,-0.015238582529977007,-0.016809387650507435,-0.017986281995291176,-0.014500488612665285,-0.015636655453088455,-0.017123186171603466,-0.012925735714847453,-0.014697517224895096,-0.01687734675920649
2021-08-23,-0.010409359192068424,-0.010818953835482592,-0.011269623285691033,-0.011168176287834064,-0.008773100005922574,-0.01051403738529666,-0.010764309165958497,-0.00932646820984695,-0.010346593419006123,-0.010460417298669422
2021-08-24,0.002610345582813034,8.794066741235618e-05,0.001731907195470228,0.0020897566934079403,0.004266354229923497,0.0028847227604551495,0.002766718657031042,0.005720483430051715,0.004144520835844379,0.003110261627958799
2021-08-25,-0.004599488274731556,-0.001540144064629989,-0.002764201888856399,-0.003750882930501298,-0.0010658546341039132,-0.0014390107690454013,-0.0028853117652563043,0.0015940925641713122,-0.0005605901061563889,-0.0021394871194169163
2021-08-26,0.0028603007703498218,0.006166440082001845,0.003937742973033842,0.0036089982724967218,0.004454715612225879,0.004410635343509384,0.0036536218255112107,0.004414129688330215,0.0038329790737177127,0.0034588327891982296
2021-08-27,-0.0011542677929563538,0.0006666477225485412,-0.0007311377310152967,-0.0007258098990174933,-0.0032383661946437936,-0.0033431194447356427,-0.0023811101249744393,-0.004718168196201189,-0.004075629987943197,-0.002885049043618082
2021-08-30,-0.0069832871545496555,-0.0059504582264517936,-0.00611279575553525,-0.006558827239335652,-0.0082782646353885,-0.007166985169854034,-0.007037800175969666,-0.00828233833923564,-0.007668264145082371,-0.007234424924312033
2021-08-31,-0.0032871172999002773,0.00015078939660084778,-0.002709888337081301,-0.0032544923390340763,0.003381120031772822,-0.0014789442866457447,-0.002353212564563334,0.005408907105765914,-0.00046698376483411685,-0.001730028350764412
2021-09-01,0.010302282337684376,0.009565057587836323,0.009225278503942391,0.009716985991980787,0.0069541284645247,0.007403330786487583,0.008825894335368734,0.004561471312470422,0.006832536363117203,0.008592012002606397
2021-09-02,-0.0008036540325193631,-0.0007075074049118779,0.0006647365232013147,0.00014876600360902437,0.003976004811776956,0.0006435621037366168,9.115192426212282e-05,0.0026759978891268688,0.0006061522471134673,-0.0001232013177077107
2021-09-03,-0.002955944890449702,-0.0015993210088229848,-0.0019227290265987351,-0.002625490525116403,-0.0018002056221705365,-0.001949945585045576,-0.002568163605688567,-0.00185398483894883,-0.0017920626926305472,-0.0022249946271342136
2021-09-06,0.0025928708106224274,0.006436485885621401,0.004424528767799751,0.0037195559928813182,0.008334304588329289,0.005216268958481818,0.0041139852691287615,0.007632015071572074,0.00551477121401911,0.004226289849668774
2021-09-07,0.006313989590997826,0.0033914252923412658,0.004994463733880572,0.005827870633924537,0.0005280013985722309,0.0037655799678579793,0.005235437322378633,0.0010036331623242134,0.003176715788752338,0.004834203563838013
2021-09-08,-0.010411943287875092,-0.009602835387815256,-0.010523504468869072,-0.010811130438240557,-0.010669931255577358,-0.010318550131483972,-0.010593372012998481,-0.006801293457412649,-0.009665436754736745,-0.009819292613295394
2021-09-09,0.000501237249507902,-9.911367831194617e-05,0.0016727104627629608,0.0014526500358844618,-0.004328742527416107,-0.0001496773439304544,0.0007674768328835846,-0.004467841708969189,-0.0011572386886671282,0.00011405919484364091
2021-09-10,0.0005105489683678854,0.00127982316837838,0.001581137491028839,0.001268436701835185,-0.0006174791198335638,0.0002740668818452807,0.0005990999001499464,0.001040205049191556,0.0001392713742887075,0.0006085140216343099
2021-09-13,-0.0045700265355348435,-0.0021122180023882553,-0.003402193973424006,-0.003956040168906716,-0.0019081785124474004,-0.0033664156272805723,-0.003785778673087936,-0.0020215751832006745,-0.003932519336176332,-0.0037048207187306836
2021-09-14,0.006912453354759318,0.00622529614571965,0.005025401652756223,0.005678189587115412,0.0072177922172729225,0.006020057516831212,0.006052279641586722,0.008040832947353138,0.006774736966861816,0.006362916719861111
2021-09-15,-0.0005052288211537803,0.0015940281530038014,-0.00033370446708302914,-0.0006521914533927919,0.005771635798115904,0.0011617032253443682,0.0001634386262656662,0.0035020739681552726,0.0014379652541074428,0.00047622381729972574
2021-09-16,-0.002953430261193546,-0.0033381629389521716,-0.003073629010454604,-0.0030262066878203875,-0.0037759842894442563,-0.0030392701293200375,-0.003045815433898924,-0.0037669156421373806,-0.0034623185587263627,-0.003054997222862954
2021-09-17,0.004779349491487839,-0.0006010946482479795,0.0040098875050269545,0.004602668364315443,-0.0028165001842068715,0.0028871697817520747,0.003934195336025903,-0.0007547500151928732,0.0025682172464704944,0.0033343794887581435
2021-09-20,0.003615192889759866,0.004204556988455677,0.0025737907028591245,0.002834395873284601,0.004358674443368349,0.002545418730450111,0.0026983788791377084,0.0008568813031866185,0.0021931171876476974,0.002599260499933198
2021-09-21,0.0009832881650877479,-0.001618820138414856,0.0004960367860824544,0.0008491578428972968,-0.0016208668677450966,-0.00010830724546140313,0.0006253556260691351,-0.004288958358763195,-0.00025320010549423344,1.77336850093468e-05
2021-09-22,-0.007537405041991185,0.0002750264733024643,-0.003322886800082525,-0.005272235126858704,-0.002598182784024683,-0.004424463408727597,-0.005891663026038829,-0.003366446974926496,-0.0053272420129514275,-0.005967927858857025
2021-09-23,-0.002791049893279718,-0.003760849293663271,-0.0025133940025328094,-0.0027336464279251738,-0.007933320994935822,-0.0036510692338074247,-0.003235000217291617,-0.004000302965801228,-0.0034284172304983596,-0.002936081762419329
2021-09-24,-0.004152828034133527,-0.004134589755976581,-0.004704779853672791,-0.004427965288078095,-0.0056133834006130146,-0.0048846365377054335,-0.004477562279176395,-0.004605606259029726,-0.004556532070184138,-0.004325103037434497
2021-09-27,-0.0017931476079583453,-0.0014669609757149704,-0.0019956429943548404,-0.002175420113175064,-0.0023428921032070393,-0.0021151515031692103,-0.0021684729877851083,0.0003328230354664452,-0.001269588052492443,-0.0016160508808796825
2021-09-28,0.00027563760889548483,-0.0026251213213144275,-0.002066301793885783,-0.0013272581261559724,0.0026389940181250626,-0.0007158378839194901,-0.0005882737467128862,-0.0009851959521592901,-0.00030941058243483255,-0.000570375547554347
2021-09-29,-0.0038885003764186354,-0.0028770382386835713,-0.004167625960864951,-0.0040636169648460285,-0.0048524254729895855,-0.004421549696791871,-0.004161786364110465,-0.002768406822112879,-0.004398031104361766,-0.0038709869301180033
2021-09-30,-0.007039469679933186,-0.006922128687895546,-0.005127508712611584,-0.005726656318002843,-0.007383332166944201,-0.005907130206850075,-0.006104789932650956,-0.0058933300736628835,-0.006285776669785026,-0.006448350102976841
2021-10-01,0.002969359551908246,0.0052202042778408675,0.003752399831592923,0.0037826963435882988,-0.0015577420685359833,0.0022406892128861156,0.0029085841258000844,0.0005534538238691766,0.00057567255234936,0.002766857113023047
2021-10-04,0.0010291234273247518,0.0006214304901193124,0.0017376124947181548,0.0015197274760485602,-0.0028266120405935347,0.000813535175222091,0.0012172028411563396,-0.00022148780412212243,0.0002683013282540614,0.0011992975329144784
2021-10-05,0.00974691838042574,0.007096275812010999,0.007602256319167999,0.008394266262374606,0.006248354339164264,0.007991629827131641,0.008554242388115307,0.004132357925664687,0.00810635643989066,0.008378456943438639
2021-10-06,0.001887025735219705,0.0032123582171093013,0.0014496891715691795,0.0015028048497203184,0.0010270383057642274,0.0013570385001295815,0.0013371755378668304,0.0015289628795891463,0.0006509418240085996,0.00133424228564194
2021-10-07,-0.00803654624786243,-0.009237933300860535,-0.007788751057011822,-0.00803428582595711,-0.007225023682796872,-0.007001114053156288,-0.0073602511562389505,-0.003994851483276607,-0.006511068337602843,-0.006655383176772167
2021-10-08,0.004851670203460223,0.007987841175962629,0.006395396737349568,0.005661588013970764,0.002713863753649015,0.005136741469695005,0.005153823528548429,0.0009308568002124318,0.004579947767992865,0.0042598211640336725
2021-10-11,-0.0016060918691847004,-0.004711862012203305,-0.0037334506294535164,-0.00279677591562022,-6.826796825776249e-05,-0.002227845992964106,-0.002155781523518696,-0.00029490727131920025,-0.002848423244137255,-0.001493842614896268
2021-10-12,-0.003032886762286635,0.0018158935683318944,-0.0012459121636676507,-0.0018692549703982486,-0.00024723885791677613,-0.001821452255056255,-0.0022358270815585612,-0.000193555316291949,-0.002224169330540926,-0.002310102264581837
2021-10-13,0.006078650374608641,0.006788367373442794,0.0061500586225256,0.005785980620134357,0.010376455795281903,0.006633809711917404,0.00608593634657284,0.007422620730990648,0.006358558920970703,0.005874036462410137
2021-10-14,0.004788844679393334,-0.0015741192300240403,0.0010451305978302905,0.002278361512251692,-0.0021771560777621435,0.0017979832331271872,0.0025058034333851342,0.00025010409926351507,0.001708558472138133,0.0026711007029684986
2021-10-15,0.0031395409017924703,0.0016990521607078701,0.0035749641803666243,0.0037079103832642346,0.0014727227902791018,0.0035596044732673082,0.0037214541245684796,-0.0021749245172388854,0.002712967683569767,0.0027804758585769918
2021-10-18,0.0050764740995854485,0.0014144369751485364,0.002796368210391087,0.0038930107235923828,0.0017127615651466588,0.0033345654013259285,0.00421453885362566,0.002593903286947752,0.003911421945583804,0.0043093095904820355
2021-10-19,-0.009359368233550214,-0.007983343569488932,-0.008495236244615678,-0.008678119280874697,-0.0065166174184017045,-0.008722574078142586,-0.00883339403030925,-0.008184575290355323,-0.008535042318443264,-0.008676075120523707
2021-10-20,-0.0031651402191823497,-0.0028321274006912756,-0.0024512800793927703,-0.0027050836661559607,-0.0031690619807502873,-0.0022882769975809403,-0.0026777876307786386,-0.0026986101161103893,-0.00203015954201069,-0.0027026528600805344
2021-10-21,-0.007693977974771338,-0.003787267697714203,-0.004719523574437501,-0.005834612427961794,-0.0022034011749878513,-0.005205567823705959,-0.005941326095884936,-0.0028236219579731436,-0.005885279863014903,-0.006366437353316323
2021-10-22,0.0009313841449800631,0.0010853963966170888,0.0015413681500116017,0.001116228560810839,0.0021827039503921064,0.0010855564829874709,0.0008588692977942181,0.001302648284990493,0.0011210527677190107,0.0008402549333454967
2021-10-25,-0.0017644270166017328,-0.00044837621192939103,-7.617875442633704e-05,-0.0008045625677512991,0.0010745396496336657,-0.00030014003821765556,-0.000930598734114052,0.0015033800182329138,-0.0009312976459527889,-0.0008324292135879485
2021-10-26,-0.0012835955055381376,-0.0030244912708516924,-0.0005478533003231423,-0.001085763419115704,-0.0012288312214887576,-0.0008979814561398403,-0.0009773427213340957,-0.001658371599624342,-0.00010759666037929438,-0.001180448316487115
2021-10-27,-0.0033571759882465857,-0.004729389668744366,-0.0035257151707337453,-0.0033439909689800817,-0.004623334800466061,-0.003345387119415566,-0.0033447650493695358,-0.00836594287759862,-0.0049159709290335085,-0.004029452001910738
2021-10-28,-0.003560470092442203,0.0004705363130519391,-0.0023815761058741947,-0.002894613584360606,0.001034408909273976,-0.00234329569482572,-0.0029110126825973026,0.00032200921713299024,-0.0023146037305006306,-0.002578748158557742
2021-10-29,-0.009533699123280504,-0.005325641106578072,-0.006990290294953572,-0.00771021772212821,-0.005392064450324363,-0.007007537217494031,-0.00789857687191653,-0.007291481982863446,-0.008174507435209866,-0.00817769227777787
2021-11-01,0.002565493101445826,0.002655274924787232,0.002762093648515096,0.002762514512995917,0.0017033320861885581,0.002351217732407207,0.0023831231499642502,0.0027009804206845622,0.002251025653394745,0.0026707415417643876
2021-11-02,0.001928754749340067,0.0017346609136117408,0.0019087225517882,0.002301008276457628,0.0028082913587876845,0.0022310883149982974,0.0022386458016228072,0.0034844854736097997,0.0024510267488819792,0.002555900475610162
2021-11-03,0.0024696128230876635,0.002498387605327279,0.0036762654874087364,0.0033375891461391305,0.002061225570679337,0.003525368815531227,0.003371641912818024,0.0032851363439316827,0.004022525590710924,0.0038024535374594493
2021-11-04,0.005344151545515707,0.0030727797652929656,0.002778086517612355,0.003430028408335728,0.002285734951810836,0.00291786806584593,0.0037806247616396504,0.002208278343962311,0.0036611868291469563,0.003482566200810666
2021-11-05,-0.00041710931044502964,0.0008241422689716504,0.0012570487035885591,0.00048569626339523,0.0015456496977228618,0.0008923896833656908,0.0002753657785010688,0.004108905038091359,-8.603615001456788e-05,0.0010316590337839937
2021-11-08,-0.0022461127096102818,-0.005842585858016447,-0.00418755657778358,-0.0033599499010117384,-0.004995661509675786,-0.003487573168145408,-0.003071178070580216,-0.0060507579082302865,-0.0029048046224710022,-0.0034105480290069767
2021-11-09,0.009591596985220496,0.006562446014584111,0.007762824508613209,0.008166103254899193,0.006330261036135765,0.008340667171815364,0.008496451254092596,0.00776911176323547,0.008034425266514766,0.00849979203460749
2021-11-10,0.008137749861392818,0.008612611623474375,0.00706650319504587,0.00753612459076658,-0.0017806406033850086,0.004638201052006519,0.0062178299855326635,0.003615939435235749,0.004120728376326044,0.006563672097243289
2021-11-11,0.0018175068454986398,0.006219589528588587,0.0030767175209054365,0.0027376893279393855,0.007084747605584862,0.002945176350319878,0.0026258169540409604,0.005728607335580005,0.0026266320663665965,0.002695483639150398
2021-11-12,-0.0006319258607766498,-0.004532423396964136,-0.0018649848943095293,-0.0016273890627129806,-0.0003452711192977187,0.00034553542175075336,-0.00040049448207013505,0.0007428166292231531,0.0006144915569077369,-0.000519820055471798
2021-11-15,0.004857408577688682,0.008364270577786659,0.006064403526197193,0.005691436685228979,0.0110094701326795,0.006920119718218709,0.006313009214369725,0.007998753068469533,0.007876965995403662,0.006294802310653935
2021-11-16,-0.00046180941953344323,0.0005520622884862547,4.506889357491772e-06,-0.0002635224043263662,0.004581795710438152,0.0008795582505334298,0.0003585070370419885,-0.000546520056894817,0.0025420498924200174,9.409126155746073e-05
2021-11-17,0.00040943570893259285,-0.0015168297282601717,-0.00037442646783591993,-0.00027963719594858993,-0.0012605464842847525,-0.0012137177105941976,-0.0007864411559235229,-0.0013118142826691326,-0.0005231318687577424,-0.0007118713039293567
2021-11-18,0.008643968498559085,0.005467912993168067,0.007367093796503799,0.007802862643572661,0.008404991234362669,0.007335887392688534,0.007851396929175358,0.006779257549761386,0.008303423651806474,0.007914948406746003
2021-11-19,-0.0057494550796834965,-0.008202070263828909,-0.005942898043409084,-0.0062537815762826465,-0.005194515514709952,-0.005185516641648569,-0.00576572627076577,-0.00328783868462712,-0.004576146773334955,-0.005392257943345524
2021-11-22,-0.0002004807309180512,-0.00459733513044458,-0.002435708619642263,-0.0016831840061337644,0.0018467201598388883,-0.0007244065611164974,-0.0009680192460445047,-0.00321692431152254,-0.0010443341942086848,-0.0016857203124172049
2021-11-23,0.00538476062267379,0.006258263166987632,0.006492031747064031,0.005952400794216661,0.007666496933186107,0.007392086089391459,0.006607676513632033,0.009401752815704434,0.007217678610877298,0.00684394659080767
2021-11-24,0.0004911333946997498,-0.002186573393886171,-0.0010231285466717477,-0.00046707318262451114,0.003821941785596694,0.0006417700043099828,3.155145436473106e-05,0.001118775613391243,0.0009360833229989929,-0.00034146045399030545
2021-11-25,-0.0060292812548202734,-0.004522646150803888,-0.005614070479456501,-0.0056555674326183025,-0.004701966558787851,-0.005803226061912636,-0.005743703374421982,-0.0032078514401205904,-0.005542270312443476,-0.005390734120748086
2021-11-26,-0.010260948204297016,-0.0033195338807413544,-0.007863070895703372,-0.008521782660343868,-0.005853288059455952,-0.008601208176434061,-0.008919436853427332,-0.004116057675341955,-0.007514897636022977,-0.008364232500186586
2021-11-29,-0.0008473170347695902,0.0010130686465985583,0.0002369294243413922,-1.6609380212306846e-05,0.0039013938801530923,0.0019154809936337003,0.001057741771540499,0.0050098567210064004,0.002078647702591807,0.001399852912867594
2021-11-30,0.008023933353393131,0.010761197688346158,0.00806083965051374,0.008153796072497554,0.0049028677351159455,0.006475747158390943,0.007303613935562447,0.0065489731762569114,0.006999627424267185,0.007817434680929658
2021-12-01,0.009543389166752236,0.005392210697925615,0.006108984920778049,0.007434273582638928,0.00978762994257698,0.007933216650603647,0.008302830786125925,0.006474851830152284,0.008777042854583472,0.007632057955519578
2021-12-02,-0.0030938736695620417,-0.002248214670233284,-0.003084892566797448,-0.0032362543080961537,-0.006042421271472143,-0.003592345740076941,-0.0032257712625205492,-0.0016801032156246176,-0.00344676461633997,-0.00270735606240613
2021-12-03,0.00047998237852353576,0.0035618043306777647,0.001546616244086918,0.0009425938830089908,0.0012410255073511678,0.000601988160731981,0.0004963632223542458,0.0026014134200760264,0.0021486492850311123,0.0011233978881719509
2021-12-06,0.003207236800499391,0.000766981020372981,0.0010023036670616658,0.001858994040447648,0.0007494648468275855,0.0012353110739979911,0.002142370628367418,-0.0012145918242822962,0.0015566485224434157,0.0013035111740247185
2021-12-07,-0.012067702636366917,-0.01173893139273452,-0.010951838533999947,-0.011348570466365282,-0.010505638958471564,-0.009998432573295024,-0.010964272532329677,-0.009786924290250187,-0.009072280171943059,-0.010207036835105043
2021-12-08,0.0004942324372152473,0.0001084030938878211,0.002011316613996339,0.0012005604509854884,0.006518177904264455,0.003608339299044694,0.0025978619292494898,0.004820287527122602,0.003491635259473602,0.002057558505871304
2021-12-09,-0.007581441758184537,-0.006006744410640863,-0.006334076894865093,-0.006836673492735534,-0.0007426351755012162,-0.005294680824862508,-0.005866003094117667,-0.0047068875906008945,-0.004155042843808521,-0.005754689689301928
2021-12-10,-0.014093170685913203,-0.014509720663913872,-0.013945726645457235,-0.013945088575921583,-0.013880391217911958,-0.01499546809496044,-0.014077780498734871,-0.014473295244796569,-0.014735464404831644,-0.013214165765148111
2021-12-13,-0.008126029265131951,-0.0007547310205002766,-0.005319106575195409,-0.006284027433394401,-4.391153426364092e-05,-0.00491043044895112,-0.006309003455170714,9.795756769381825e-05,-0.0033437733572093675,-0.004623692581705363
2021-12-14,0.006480804954621444,0.00988268546732951,0.007739620814935622,0.00711508524933957,0.01117336826620452,0.008536457088258231,0.007539337322666428,0.010772157990581066,0.009501365971897657,0.008445673859105662
2021-12-15,-0.014043498884113492,-0.011162570614831169,-0.011105428762662628,-0.012336004875333262,-0.008774982798571251,-0.01094389342829305,-0.0120904756422191,-0.010370746543089338,-0.012497348813144571,-0.012977662166289594
2021-12-16,-0.003970663018106779,0.0006260094485572854,-0.0028305067152374352,-0.0029788854682361032,0.0027146357279215216,-0.0016669953316876818,-0.002322276552819913,0.004938429944150169,0.00041680314326075774,-0.0006845502927267377
2021-12-17,0.0006007078537866306,0.006419821956101801,0.002737720531188259,0.0019457798215531952,0.006560452736336098,0.002276825719758957,0.0015413855225709927,0.0059473763712751815,0.003071304322845414,0.0030339764200237873
2021-12-20,0.0023735029609761593,-0.0012808952000198381,0.0017296509363142754,0.002006793655784822,1.0754201601459457e-05,0.00141362332859174,0.0018869183048249027,0.0014086607431966769,0.0006454787198730827,0.0017408216285645928
2021-12-21,0.00164066611302216,0.001350311866145315,0.0006231566416958767,0.0010500283144461164,-0.006846737856529783,-0.0016808381641773007,0.0001321275790124865,-0.0024524472822806676,-0.0040491948665482,-0.0008971735267639946
2021-12-22,-0.0010542652125720142,-0.0025713448229549574,-0.0010680844668199407,-0.0012174427483081507,-0.004287833097436078,-0.002186784679299114,-0.0019427271804443036,-0.0022983851010858203,-0.003376746895603744,-0.002377101449283492
2021-12-23,0.009942328685421664,0.006885312696916612,0.009035152001561464,0.00919750289065302,0.005401699745295696,0.0078310891626594,0.008245549227259952,0.005375220552928495,0.006981583092598775,0.008541887673629844
2021-12-24,-0.0015158070620078234,0.000846657485313651,-0.0008967510352895225,-0.0010144712923948473,-0.006387228289800095,-0.004119337306108473,-0.0031077708438365104,-0.005196734044017659,-0.004147802960884905,-0.0028567674802050247
2021-12-27,-0.008364777677099422,-0.0010332294422702448,-0.005729823079208329,-0.006782841088736946,-0.0012153968926702508,-0.006497076886711195,-0.007394203323330961,-0.004174587348119707,-0.007253000888827299,-0.007549477274403471
2021-12-28,-0.009728855477211917,-0.005974237914030511,-0.007050059252858065,-0.008121480789663682,-0.0011281219576243506,-0.0058641851672731615,-0.006919471727975912,-0.0015066164133210602,-0.004200150957564097,-0.006736248263262357
2021-12-29,-0.001894009554254339,-0.00210470369563287,-0.002949176332323722,-0.002964404746086391,-0.005180562968839286,-0.0026707350482993997,-0.002985576849602989,-0.005493691549760316,-0.005100006662905554,-0.003958493081808623
2021-12-30,0.0025666469572203088,-0.0020707781545798998,0.001392750280409638,0.0019381979657810966,0.004523679504949474,0.0032678095784777206,0.0030228848121929275,0.002994185289396656,0.002840402777122275,0.003702180235662267
2021-12-31,0.004132581797464896,0.001805655939998596,0.004128087555975268,0.0037625799663409953,0.0029349423705082867,0.004129636037726314,0.0038120542309205696,0.002536690074097958,0.005042763618452684,0.0026574306822284566
2022-01-03,0.0019654304180878324,-0.0015464744142277276,0.0007364239328504496,0.0008583789620211224,-0.0059802906442032455,2.4435178410886493e-05,0.0005216714676059553,-0.0029130449771428424,-0.0007541037076199686,-0.00013378354903847978
2022-01-04,-0.008434656216132819,-0.006526776933786449,-0.007486279296288867,-0.007825844669983928,-0.006262462234713828,-0.007860635533144311,-0.00782810105133347,-0.0053518727428301105,-0.007146058967084423,-0.007749747466182955
2022-01-05,-0.005054089733172784,-0.0035772577215945622,-0.004510739039133349,-0.0048260576173917435,-0.009080393145918353,-0.00531383336672997,-0.00528122456364577,-0.008610384519607939,-0.006127476889122407,-0.005786016201763999
2022-01-06,-6.598694540826955e-05,0.005079046281754707,0.0017416003870265317,0.0011266409605652505,-0.00019809795092295968,-3.453958602217533e-05,0.00020853288953226468,0.003615837294985713,-0.00036685012767645464,0.000996207187788034
2022-01-07,-0.003438428711867836,-0.0013278887809556883,-0.003436885850525928,-0.0032932722276172166,0.00015880922939626174,-0.0025873456557010677,-0.002786382751908345,0.0015768459579443839,-0.0029723724109900207,-0.002240198360001222
2022-01-10,0.004272103604783917,0.003963774545293619,0.004504328834015636,0.004372418124165556,0.005619390989482831,0.0044309258653958405,0.004253534292613104,0.004466827766431036,0.005289054322352493,0.0047806722589700534
2022-01-11,0.004037411749417297,0.006524080665657239,0.004014854102869503,0.004202594514291835,0.003757662053117672,0.003781439570461842,0.003849267678153856,0.003917732100086058,0.0018227426271946179,0.003800643218664579
2022-01-12,0.005937195159563258,0.005860234202555326,0.005773259549499032,0.006014791329327807,0.003040332344405039,0.005368745398764085,0.005516848936541363,0.004406890866537783,0.005024203436169383,0.005510032395497522
2022-01-13,-0.00037724912879921746,0.0009186715902980147,-0.0002088793844479131,5.292220405039849e-05,0.0019198319829549781,-8.100985236014768e-05,0.0001365526160719277,0.0003646353712483119,-0.0004136790903027654,0.00013047224609796793
2022-01-14,-0.003303985859237746,-0.006354755482016916,-0.0030521852713083497,-0.003335988119632316,-0.006471761932179576,-0.0050549916851923005,-0.004164246799831961,-0.006941130780029114,-0.004601150089591832,-0.004527274135108117
2022-01-17,0.00884951312449922,0.0025773651378520057,0.0062713495470922975,0.007507551640822285,0.004677078588630756,0.007754719085109496,0.008001658454069416,0.004557903966795562,0.008290477732783907,0.007800650766486061
2022-01-18,0.011188951244958778,0.005921383657452761,0.00863946236181623,0.009672687507770616,0.010298063950234582,0.01003825922620516,0.010127760389035956,0.00873594138065803,0.010599906186199437,0.009550381090132731
2022-01-19,0.008188586317773305,0.0028507259762042825,0.0050009096717258394,0.006133081442776023,0.007797338375839402,0.007564239768446113,0.007731271174279186,0.005150159147109923,0.009066380867754908,0.007703821148114853
2022-01-20,-0.00681384564780696,-0.010795278941163722,-0.006497920870375595,-0.006643627565937837,-0.004267274311056335,-0.0060855431411992456,-0.005682790271400395,-0.005299224835628502,-0.004529015226902855,-0.00632510412901266
2022-01-21,0.00804977803277862,0.006995768824059612,0.008001456635817528,0.008281973510600782,0.00868941670745027,0.008946145606415934,0.008542941223915523,0.007288719872071914,0.00854397910984006,0.008732951176799508
2022-01-24,0.010837340550677643,0.012118886062705725,0.011004049518467784,0.011218353869609121,0.012461678927270903,0.01057290295119584,0.011023817343539077,0.010201741529665131,0.010524553125766056,0.011204394077436897
2022-01-25,0.011627753049528566,0.012438257362278993,0.010620618009901772,0.011072354174038734,0.006551575796196918,0.009107099848177258,0.009837216349318112,0.005551618562681826,0.007228466073125217,0.00952476883730724
2022-01-26,0.005316822390660336,0.00854389800000055,0.00544596064166436,0.005418058159669892,0.005544698097644352,0.005003261128889269,0.00465991097580587,0.007302367324987236,0.003487176335672526,0.004545201135643939
2022-01-27,-0.008172140792603644,-0.004875331453254361,-0.006637810175094017,-0.006994633206178769,-0.009404830190744451,-0.008087277094899759,-0.007998177572685283,-0.011006179086806123,-0.00861970001018586,-0.008330780637421764
2022-01-28,-6.087327802939413e-06,0.0013752553882750984,-0.0012916918303564895,-0.0006942553439264199,0.0017283239752310386,0.0003509660785250279,-0.0004819148209377344,-0.000635803701098725,-0.00255503997221207,-0.0010392957540001913
2022-01-31,-0.0012432177203485217,-0.0007130644298619648,-0.002278285018262549,-0.0019719796684003477,-0.003578328135763309,-0.0016269439588698642,-0.002083001015886321,-0.0022938790986792856,-0.003183898939240093,-0.0021774192719675733
2022-02-01,0.009465743363213708,0.004445211695472739,0.007013201193787788,0.00794940750902784,0.008316955170321494,0.008294810333224989,0.00891198368152546,0.008047706047050962,0.009090807042645421,0.008925823089044105
2022-02-02,0.0019486030681654665,0.005941558167993355,0.003155727399247077,0.002962012123908675,0.0033177531241688207,0.002158112254007305,0.002183070282365751,0.0036803776339224825,0.002106484750813431,0.002184875245087259
2022-02-03,0.005452419142035536,0.005925193602371648,0.00585018850504615,0.005687122168519965,0.005414569795982205,0.0051256611951184805,0.005297392745588825,0.0046388906545629105,0.005476273389048547,0.005075387316906044
2022-02-04,0.0019004605736834268,0.0006962283684615045,0.0014331620561969238,0.0014734474956596966,-0.00019117153032510714,0.0008621958773775695,0.0014585492516203669,0.0008021169814307338,0.0010337052296431892,0.0014429369040944717
2022-02-07,0.002348035581180463,0.0007505250044212985,-0.00016969360306506864,0.0007315340908100598,-0.001408616398751672,0.00016849621075509802,0.0008486076165086232,-0.000487443423048739,-0.00015164610890572305,0.0006722425466483273
2022-02-08,-0.006980584606269491,-0.007432217487891579,-0.006060345244313092,-0.00651536617677273,-0.005930931677541773,-0.006001365944581005,-0.006312618730830111,-0.006135895690304705,-0.0057646607326334864,-0.00623938306522942
2022-02-09,-0.004529796932270513,-0.005174289449065839,-0.003722177587122122,-0.003984356934260136,-0.0005838548431429391,-0.0033317203936557016,-0.0036364375653077374,-0.0023481444102175786,-0.0024884951760660856,-0.0036210663865314796
2022-02-10,0.004551678625145383,0.006630004572602877,0.004060391212263648,0.00442489327916773,0.004223449019959524,0.0042037379037580536,0.0038052925260430026,0.004963222977798054,0.0029328639278816127,0.003929927152578783
2022-02-11,-0.00511446586736275,-0.004725555629771727,-0.005124112759550936,-0.0053923081611896295,-0.0007656376772967599,-0.003825108932700827,-0.004575184812349642,-0.0020535905929466303,-0.00387304520509113,-0.00446391461153639
2022-02-14,-0.0018127609318022708,-0.0004894308282381576,-0.0015678719987360923,-0.001873281113101144,0.0015551193410101583,-7.204109619696197e-05,-0.0012893598728824784,0.0029016596422672958,0.00035389950899045175,-0.0008381383936166831
2022-02-15,-0.006066101088404108,-0.006536210054091551,-0.006744054948667699,-0.006736010734235465,-0.006403337014562638,-0.005432342032831272,-0.006020795112167465,-0.0053751830004105106,-0.005079886468519423,-0.005875841806846527
2022-02-16,0.0029518891618860454,0.0004571944871951672,0.0015678626874124912,0.002027405807455862,0.000402021512599271,0.002288393633881114,0.0025889459266654757,0.003008505404354489,0.0022133851934342808,0.0026783028323660307
2022-02-17,0.010699619239682656,0.007707949133954006,0.009470810684617526,0.0098850576226579,0.0008902757985171927,0.007372410104167226,0.008640494417405664,0.0020663246196424012,0.006785835103821913,0.008265436629476541
2022-02-18,0.0033416189888635373,0.002792065317052561,0.0023133653445974733,0.0029003482755773913,0.0017930281769176215,0.0019736952839159994,0.0025864542502800347,0.000312918240118254,0.0019909497760017825,0.001937707106364428
2022-02-21,-0.0011382422327137487,0.0009203390351160134,0.0005185506872034118,0.00018349735923894883,-0.0013217807640064638,-0.0016686655963484842,-0.000534042390611833,-0.0008987167038629895,-0.0002429640269840938,-0.0007877008394975293
2022-02-22,-0.006460017182188471,-0.003423005036679916,-0.005546523965682004,-0.0059539745064569605,-0.0009692271442121037,-0.00474228230835072,-0.005821842703424673,-0.002550162043913229,-0.005282981958687927,-0.0051720320472907755
2022-02-23,-0.0018668825195155003,-0.004706395234028049,-0.0030433794763095046,-0.0026629548973344797,0.005613763138382355,0.001014569337076443,-0.0003379070715952004,0.004223113700415393,0.0032098390262089715,0.0011027379025103645
2022-02-24,0.006139057596619368,0.004105708777653483,0.0054030656131378585,0.0060357035816782645,0.007087087661752145,0.006039518316178549,0.006314481948649142,0.005792230501152851,0.005539723963152499,0.00630131742623341
2022-02-25,-0.011784009196451173,-0.007642106555639128,-0.009826906578937922,-0.01079473805683917,-0.0017599745287109059,-0.007456111517788577,-0.00960730404961807,-0.002946425509975481,-0.00713729671576302,-0.008452050951426204
2022-02-28,-0.0029724938651116695,-0.005332631537059651,-0.001861775699400825,-0.002429096838867273,-0.003983463414535926,-0.0034573220130191817,-0.0021834745342834694,-0.0024910247047345013,-0.002605910183186677,-0.0019431142151812297
2022-03-01,0.0032053284703355,0.00018547438679306083,0.002523013508310079,0.0026088620705393417,0.0009846348773532299,0.0026921127372241394,0.003005651885990668,0.002939645451144779,0.0025810420601422024,0.0034634952561558574
2022-03-02,0.004984802777093789,0.00013005513441899375,0.0036992065989998046,0.0042224481023454,0.0012157464907245341,0.003883539098854749,0.004846451402305885,0.0027777682387584157,0.004668220545741564,0.005515838677972118
2022-03-03,-0.009518484638479041,-0.009123577820250972,-0.00965844760893797,-0.009766972236604277,-0.008855128371521248,-0.008520589316471039,-0.009519690132456127,-0.006962292910287937,-0.008940437673477297,-0.00879276385235972
2022-03-04,-0.009736582020228313,-0.006493129211884496,-0.009218763621427706,-0.009444850291956186,-0.005717810969176895,-0.007288410139101198,-0.008673478920625532,-0.0064261929914978255,-0.007151879543569439,-0.00811803811422318
2022-03-07,0.0015346695097016028,0.0013025841268092808,0.00036921082536434113,0.0009704111233848067,0.005600313603172591,0.0029916218938159655,0.0018134388194235296,0.004722515189143017,0.0031480734810998,0.0022707866186557624
2022-03-08,0.009209739915693183,0.007806214407853229,0.008193900909951646,0.008510213558845958,0.006551740614048729,0.007915100156973498,0.008641078473343278,0.007000031677427021,0.00789455023006047,0.008500327645255101
2022-03-09,0.0043985946101849915,0.003978937348180223,0.001917800721482843,0.0030405997083291503,0.0007843805407905524,0.0028128297387997048,0.003531387385982576,-0.0003920828324507353,0.002805163156572643,0.0027641956763173603
2022-03-10,0.0032507543751285617,0.00642522881639751,0.004930739683649765,0.004333362524738371,0.007194045706697683,0.0051114645551300075,0.0039012341621238456,0.007421555716688788,0.005599468413873154,0.004332461190140968
2022-03-11,0.01730871250768007,0.014047286080878685,0.01665993650152653,0.017193380259727276,0.006396750236670634,0.012328841809386759,0.015336524251119199,0.007111293578696554,0.011269197289891064,0.014074061596693221
2022-03-14,-0.006818738331897944,-0.005146688822713741,-0.0059083411414575515,-0.006791204513983962,-0.0053467596908871595,-0.005905921107767442,-0.006644316483111812,-0.0045078601884651626,-0.004681808476999616,-0.00569214682952246
2022-03-15,1.1862956705854799e-05,-0.0006684185889838101,0.0009371026267483984,0.0006234811060288337,0.0010948640207772975,-0.00031774286328289936,-0.00023041745763008326,-0.0014141814365433714,0.0004954301001081074,5.8970621117149236e-05
2022-03-16,0.0076069435082386505,0.01025239874231021,0.008057722613665774,0.007944756701142364,0.014416477865466737,0.010422234000859287,0.008617241719516056,0.010886240691504678,0.01030832582003649,0.009264680607777187
2022-03-17,0.013310638004097708,0.01355228708514522,0.01197416370647808,0.012573095179674754,0.012060552449817408,0.013333030506998744,0.012620019165587415,0.010562780926024473,0.012389884105332483,0.012759637848813732
2022-03-18,-0.009856079307150711,-0.005862050538068764,-0.009180348201247135,-0.00941226811739404,-0.004690567334393325,-0.007719879302514165,-0.008876252372185589,-0.006803605885931541,-0.008796554318180272,-0.009695493504135566
2022-03-21,0.002617275192508428,0.005065178926580538,0.002194438495646489,0.002130317334475551,0.003759305111192379,0.0035518403902767837,0.0024590649247953067,0.001662906629108507,0.0015614245383843706,0.0021854736604727254
2022-03-22,0.0001155365684477605,0.0030591504529917657,7.060866035901725e-05,0.00022594139817999626,-0.0007176975371908645,3.861526994475284e-05,-4.2927696915495694e-05,0.0003121127951002389,-0.0009613691802072832,-0.0006037762594186535
2022-03-23,0.006922276405829875,0.0059503539022287555,0.00650831254831119,0.006414247913174798,0.0017684778930326939,0.005727084372749713,0.006143526159253732,0.004047441408452368,0.004411161593050661,0.005599850257975492
2022-03-24,-0.0012271537733599125,0.0026221698740063193,0.002448470561954963,0.0011684728441925252,0.0009960630312104701,-0.00046522241617763527,-0.00010607749050040027,0.002225043266859572,-8.518281941849448e-05,0.00023739394946042935
2022-03-25,0.005540642970998766,0.0009964524968906208,0.004462581389414355,0.004755103645988523,0.000325312838133307,0.003080649552350767,0.004412171247806906,0.0025524309493523134,0.004684643137031097,0.004531929442010085
2022-03-28,-0.0007514195710256466,0.0007868857127373285,-0.0005750515386973021,-0.0007556361788625399,-0.004705664173162871,-0.0015095466490696596,-0.0015068675108276253,-0.0018816095648321873,-0.002270788770829091,-0.0015682131354134432
2022-03-29,0.0003613966678597258,-0.005999274623647133,-0.0013785755573947345,-0.0008280981105263097,-0.0058883130271683015,-0.0021641666484815136,-0.00105648042634654,-0.003999517760770344,-0.0019572477256681875,-0.000616731343219934
2022-03-30,-0.006587629334748546,-0.004950236462683666,-0.0061578464190295,-0.006429697701871406,-0.0002005368183400913,-0.0045263913812845225,-0.005675186104015739,-0.0011176101802627958,-0.0027040943172979004,-0.004674329959638235
2022-03-31,0.002850667758726999,0.0037804335878453,0.002801501476396684,0.0032133624238803726,-0.0014417802027663074,0.00048065838934685523,0.00209423244015694,0.0003440096274178739,0.0007074560997084589,0.0014990597397535055
2022-04-01,0.0008538686279082608,0.001151033794732248,0.0018813800218873133,0.0014631635845010482,-0.0004653047313598613,0.0005743348344837695,0.0009396879513661194,0.0004827955348323254,0.00071445458890107,0.001108681673718248
2022-04-04,-0.002083897308761795,-0.0006208565088678952,-0.003083144766282686,-0.0028127353716544956,0.004216751333221858,0.0005225373001433997,-0.0011160717025013867,0.0029719016375591156,0.000713456488699471,-0.0010055245357976084
2022-04-05,-0.001466277199599464,0.001674447621472952,0.0006507055153408547,0.00025117608014157966,-0.0016868830190905904,-0.0020083712872775994,-0.001475361197108449,-0.00366357721897681,-0.002893298547851142,-0.0022101136723311487
2022-04-06,0.005825928937876812,0.009600848963708497,0.00791935629022622,0.0071438577202453946,0.002508890086708515,0.005051485672837419,0.006358944613525264,0.0035775534124793396,0.004661974625141507,0.00538156796081779
2022-04-07,-0.00960594750592525,-0.00833073954615804,-0.008646286098477174,-0.009268093344499628,-0.008798951898653984,-0.009132110376155245,-0.009282731457503912,-0.006159643900435108,-0.008376445790140075,-0.008987092926703077
2022-04-08,-0.006791248139901951,-0.002732098768341018,-0.00452556409080096,-0.005546167566064186,-0.003731048617780286,-0.005522853572373032,-0.005695583312041785,-0.0029283691644371723,-0.0045911931831871255,-0.004930377422141419
2022-04-11,0.0026179629911584623,0.0016106884065065774,0.0014133184866012005,0.002019989263617683,0.0013829367371060997,0.0011805576828105568,0.0016810449129791571,0.00013459661416237445,0.0010599799330903714,0.0015450138070505215
2022-04-12,0.0120831204115186,0.010406057618095987,0.010555079823678648,0.011327639240900522,0.003651615095025207,0.009534704171551889,0.0104880267766998,0.002228518906910004,0.007151736384998664,0.009001501158493852
2022-04-13,-0.0013740580803675018,0.003319354316717149,0.0016999101544068473,0.0004281879141865286,0.000759509444346218,0.00032308785668022644,0.00024524078046539444,0.0013091188695626421,0.0006650277976649743,0.000505883376036298
2022-04-14,0.0021443379539680674,0.0023278867731295616,0.0029880866869349543,0.002498174297131728,0.0021693840205543324,0.002260740075469281,0.00242880671210588,0.001426883072134455,0.0023893569924662295,0.002204990328856571
2022-04-15,-0.008596242920258623,-0.00678043038691889,-0.009149995871130745,-0.00911486958822838,-0.0020268974475752266,-0.005460435866908364,-0.007796991459167124,-0.0026769053910982166,-0.005494959635228502,-0.007757149339289726
2022-04-18,0.004913899562697832,0.003259152793558151,0.004326604026441583,0.004251947315241811,0.0018709801042262608,0.0034965122277252902,0.003732830109421048,0.002678467226010728,0.0021947238799624458,0.003473995164600341
2022-04-19,-0.005189476559201989,-0.0039396174405960105,-0.005240109292110828,-0.00513601004999531,0.001997186374670612,-0.001571589217219116,-0.003426084673134433,0.0005954548575051177,-0.0006598947092197882,-0.003360118343268992
2022-04-20,0.0036565288891206027,0.00010264654744229773,0.0028891626275135973,0.0027888043609065605,0.003388368401228581,0.004993882172620756,0.004543253908511069,0.006849574821720328,0.006456617313469248,0.006210509006322029
2022-04-21,-0.010727209458136988,-0.010721919626510035,-0.011493619902224639,-0.011090134432065746,-0.002397793783615043,-0.008426556091038595,-0.009767014459005963,-0.004859808175920577,-0.007205725942900587,-0.008953228284885761
2022-04-22,0.004572258385922456,0.006913055483421138,0.006096411124816292,0.005568541249519443,0.006393523726886174,0.005266866515198698,0.00516070077061892,0.006012580454365146,0.006080911188067306,0.005462025979587004
2022-04-25,0.0076981869769394695,0.006502362857502053,0.00872644124412325,0.008232857845655861,0.0025709717112993857,0.005289945517252814,0.006359246618949044,0.006747325165969986,0.004963784454005804,0.006602904789523745
2022-04-26,0.0033285104994582593,0.004582608806231958,0.0027954917469681373,0.0035263221696975044,0.0029259412096303006,0.0012253623498055255,0.0025468599594939967,0.0013873575365836999,0.0007558605502906435,0.0015919975208840142
2022-04-27,-0.0015381372660963066,-0.007314550051588209,-0.0032666978181735695,-0.0028703590954263225,-0.0003680668108136942,-0.0011815394727674455,-0.0018004839107618187,-0.0015496081852455212,-0.000494645428895657,-0.0019646401885002884
2022-04-28,-0.0004643983791281503,0.0020129965779431824,-0.0005775433818721032,-0.0008213309440179284,0.0011601455893326396,0.002224305657317016,0.0009953723120768032,0.0023479531861088088,0.0005772527710101727,0.0007531687981257029
2022-04-29,-0.013234044736257444,-0.012566195097328592,-0.011541687540687184,-0.012474297614156304,-0.008706151765882852,-0.011314127613383018,-0.012737436078505526,-0.008963893592815131,-0.010771564061782923,-0.012520965123443584
2022-05-02,0.004228309194504343,0.0023153344186315206,0.002476700125952247,0.003139729615983189,0.004762453330985794,0.0037439401949472817,0.0038539388419853715,0.0042924435314264375,0.0039113482939237,0.003569841043437272
2022-05-03,-0.000554672728460659,-0.0010780572011227507,-0.0008128680316776826,-0.0011540395996625374,-0.00427481768561655,-0.0017507218515799838,-0.001428240313214646,-0.001525855062138981,-0.0017084487708809437,-0.0012494777731142381
2022-05-04,0.0075897938350777405,0.004224049477626668,0.00757424901248438,0.007239028393790203,0.005971396637609816,0.008488060000810593,0.007914682493162628,0.008004000280982915,0.00923890997984489,0.008958547787227378
2022-05-05,0.008436571217091737,0.007179677047737698,0.007889823525218942,0.008233420097860877,0.00013748593106166496,0.004957924968859384,0.006729294433529764,0.0014173940772919114,0.0053402904584527455,0.006373704468932706
2022-05-06,-0.0014647526056648097,0.0014239830119229246,0.0009278624520332457,-0.00022974173134127085,-0.003704823193857565,-0.0015632670443437302,-0.0016283108609030927,-0.0009835232230154256,-0.002628088131204964,-0.0023625376023149736
2022-05-09,-0.004841267723476594,-0.002648032303609771,-0.004611058581420635,-0.004433685696607292,0.004137061987979029,-0.0011926294384112524,-0.0029452575296026184,0.00029898321899013425,-0.0003606606916320976,-0.002885110834546789
2022-05-10,-0.0019852642621825956,0.0026196449263835575,-0.00018879660589454783,-0.000582593335630821,0.004162724280727614,-0.00015975341246687869,-0.000969062563241252,0.001969704837001096,-0.0007303917631784618,-0.0006040600076715474
2022-05-11,-0.003947481054621171,-0.004471786143506407,-0.0037876954465311252,-0.003917813661934,-0.006158812361530597,-0.003765547319349083,-0.0039295315136274045,-0.00390343497963086,-0.004203988601439224,-0.003919243026425323
2022-05-12,-0.0023447185099396695,0.0033802863045562237,-1.8560057344574332e-05,-0.0005598122928904825,0.0028927194008425694,0.0008289375445422742,-0.0004318905133944284,0.000589576950730919,0.0005750454004256333,-0.0007862183906730547
2022-05-13,0.010891818416454813,0.0037168359242034654,0.00725771365852812,0.00872351430418905,0.00825328930724556,0.007540302820428613,0.0090662241545989,0.006244751946302252,0.009036312500966703,0.009042151309070157
2022-05-16,0.004089407276536727,0.0035524081372124705,0.003160952255773619,0.003692551843978764,0.005749530731282482,0.0041029581179801156,0.003989440588784365,0.002319326920790621,0.0032416367382668287,0.0031517226227228967
2022-05-17,-0.0038646802850271778,-8.02106968549321e-05,-0.0022728949415418143,-0.0029294351414266284,-0.0008359101756941767,-0.0018291490542622357,-0.0026648831840162535,-0.0004585764413648219,-0.0024705856534888992,-0.002350315218007437
2022-05-18,0.008023197815659522,0.005697584016777002,0.006469185659290222,0.006686043132255515,0.009396792655525399,0.007726192245235852,0.007476318778044222,0.004720502596402776,0.006664886853565255,0.006054265373673484
2022-05-19,0.006803060021370655,0.00557700944156414,0.005955573319987195,0.006600482714907763,-0.0018953254427158672,0.002731204822944644,0.005195911828616673,0.002028844623324755,0.004642828627074991,0.0063448881974697
2022-05-20,0.014211347136975583,0.010700878052087415,0.012307689634367014,0.01314300763291354,0.006801245304622228,0.010370746936936959,0.0125200428004284,0.007270070527327643,0.010373004915126938,0.013819066776792788
2022-05-23,0.020094487129999505,0.008729572076246805,0.015253192659417047,0.01630116987241692,0.010656788849520815,0.014960627173368657,0.016944302645979903,0.01010951471609256,0.015463290370943739,0.01614782904838208
2022-05-24,-0.00013617957744904707,-0.0021879079798967638,-0.0016402112649502865,-0.0013050488595565124,0.003963069248208884,0.0017388503847328707,0.00016911595028124005,0.0022046143687084463,0.0014592835262998705,-0.0006572987033574007
2022-05-25,-0.000321729455816655,-0.0029996398011488123,-0.0011319651679652099,-0.0011021707609228937,3.7942698249970874e-05,-0.00017626297934292268,-0.0009330910325284769,-0.0004346053077535217,-0.0011987513533368022,-0.0010825982797320055
2022-05-26,-0.0077592621375900395,-0.004003637937854632,-0.006758628647949849,-0.007025488507851674,-0.0028811265906412142,-0.005084177346536323,-0.005842639858826049,-0.005401567923161377,-0.00487193789953011,-0.006234424511174286
2022-05-27,-0.006459183134405744,-0.002814811917186688,-0.00515210767721741,-0.005388318507113965,0.0008491510605812547,-0.0037256457965367806,-0.004898747512670609,-0.001234658583287751,-0.002037826795317166,-0.004373072034615566
2022-05-30,-0.006142536031124246,-0.009596965683307701,-0.006329146426456211,-0.006413973182785471,-0.01146688666463247,-0.008183515083046933,-0.007226543433421662,-0.007625536153011314,-0.007201523591470749,-0.006565530004023823
2022-05-31,0.004423942205640241,0.004279029399059109,0.0015319942131539754,0.002815790912618965,0.0032969927015127354,0.002370037518844237,0.003180098642904694,0.0017970623085634685,0.0019583000704588294,0.002797380967413332
2022-06-01,-0.012059280853703891,-0.011685730271354888,-0.010108189454403504,-0.010805859304448218,-0.010617006374953886,-0.009473355060317656,-0.010431076905243808,-0.005140776782512679,-0.007620521639054245,-0.00809446592839369
2022-06-02,-0.011338459587950434,-0.008393246312992098,-0.008403374323124213,-0.009419171289466455,-0.008231366653056238,-0.008687995579893526,-0.009347488272564375,-0.00738367302763665,-0.008097576888120961,-0.009252543678843095
2022-06-03,0.003425223550236778,0.003278262418757727,0.0033210272415660214,0.0031339187584558115,0.0017629134727012996,0.0034414989972060273,0.003160028446275387,0.0010402102211339859,0.0014844745188362651,0.00227142744519937
2022-06-06,-0.009358602491481127,-0.007754473562562758,-0.008806578775038987,-0.008894646763187852,-0.0069683889425270484,-0.007949904221144721,-0.008262018671093552,-0.007696447390228567,-0.007864598642753795,-0.008410473683247766
2022-06-07,0.009635195133544938,0.009049307303565568,0.008007001949416725,0.008505575559467404,0.0037289864592635613,0.006857521972331915,0.007761372588044324,-0.0003854660837818713,0.0038336850887954466,0.005106648255264634
2022-06-08,-0.00956549200078749,-0.008168095582676727,-0.008341167748048495,-0.00835235950692903,-0.004557252835687309,-0.006609735581034615,-0.007439419076391118,-0.004322801323681125,-0.00579639403717469,-0.006623351709907133
2022-06-09,0.005075434502584519,0.0039784385450865045,0.0033198035860244612,0.003932526305256534,-0.0005279825133338578,0.0020768833629958294,0.0030698081142166433,0.001374973286134118,0.0020039227868420273,0.002456464568542982
2022-06-10,0.008314662650228621,0.004801104070158546,0.006202977054844849,0.006797492603009658,0.005524394657534515,0.005153482583456714,0.005870528316109791,0.005468969116622535,0.0055773288923663955,0.00580876873965952
2022-06-13,0.0027092934856900452,0.00513610685540522,0.0026014672445957565,0.003119493284550412,0.0032234508511379545,0.0015537198946526942,0.0022773777631668324,0.001761883916157947,0.001223631359912547,0.0015996241593849714
2022-06-14,-0.0013143308904307593,0.0008134707961688914,-0.00022933807742442358,-0.0007089722729718417,0.0011074777874369168,-0.0004754693773159069,-0.0006616995119530511,0.002198199148428559,-0.00041432071244706936,-6.996209970666634e-05
2022-06-15,-0.0005530135567183292,-0.001537340674215515,-0.0005061845119245234,-0.0006667647072139404,-0.00017356114659605737,-0.00011300559252147568,-0.0003505754337620459,0.0032893499095085765,0.001444115144616287,0.001415754028226468
2022-06-16,-0.012268208497457689,-0.008114613490273426,-0.010119209429861553,-0.011056517221919693,-0.0076936742699028615,-0.009307844122189879,-0.010900674369085261,-0.006166781991037151,-0.009638335550501642,-0.0100930470557129
2022-06-17,0.0017482502939980549,-0.000984472443499529,0.0007297246122064394,0.0009421153166946361,-0.002836689366435552,-0.00014827328352151614,0.0004872477003281528,-0.0013747754523887323,-0.0004841149127730038,-2.087881112933232e-05
2022-06-20,-0.00887110725661544,-0.002992012000352151,-0.0063230580532350755,-0.0068911190551859125,-0.005501123068680891,-0.006183226317025836,-0.006713344951372213,-0.004648583146485974,-0.005613419161107025,-0.005281047610296241
2022-06-21,0.003529752956912713,0.00254232877422389,0.0020411077781867792,0.0030123107631352397,0.0007734582859888484,0.0015029459046642657,0.0030022663616020573,-3.070634159740848e-05,0.0011084449810851993,0.002434824516627465
2022-06-22,-0.00672934533420011,-0.004412446121238589,-0.004881573316839916,-0.005672042209471595,-0.001046764712418602,-0.003649311995170157,-0.0050355253282257095,-8.544735597970643e-05,-0.0033615831897094717,-0.004101557440866266
2022-06-23,0.002216178433698479,0.0042344918735948145,0.004336193336349936,0.0034828180993242697,0.007936180610716104,0.005302089100330809,0.0042167616790487195,0.008143582392285964,0.005601289994475511,0.006998771381025115
2022-06-24,0.00823794122483057,0.004445741780284118,0.006477682370602533,0.006963187227007284,0.004082795384012128,0.0066926386010395245,0.007014350129653568,0.005045970806764721,0.0074036698998376504,0.0067292676757488845
2022-06-27,-0.0006620966980790399,-0.0005221348866150111,-0.00045528745720824215,-0.00040175252760576985,0.0057076659035399935,0.00085679996371546,0.000127291604681945,0.0028025932216413363,0.0015552206106110855,-0.0007583534366950584
2022-06-28,0.001012279413839856,0.001001523691651185,0.0015604337046175587,0.0012969045393913525,0.0016292122964576272,0.0018750926099679877,0.0014386768623870783,0.003894379772895862,0.002345416266033462,0.0022712941030076372
2022-06-29,0.0004856644022188661,-0.0018322336950484797,-0.00036936088158900926,-0.00019285450224604261,-0.0008265758141939861,-0.00021018603692046778,-0.00011943108334611097,-0.0016781234316916027,-3.558044589035969e-05,-0.00042282775308144505
2022-06-30,0.004630623370974085,0.002984122776542142,0.0042796184855937724,0.0043323288833843066,-0.000109796794344863,0.0034516723901554247,0.0037877445539613586,0.0010229771624743478,0.0028242185702975764,0.003847526032977111
2022-07-01,0.015723489227607246,0.011966521370521566,0.01483348578956245,0.014668143605717665,0.012823203784529946,0.014364686900806944,0.014479453608566173,0.014063856427542376,0.013592219272504646,0.013472719304377323
2022-07-04,0.003736665393244243,0.007164115337308097,0.005657276165230485,0.004692915276982346,0.0075132339661707626,0.004996182254874082,0.004702554415955573,0.004024546046690336,0.004846735930853718,0.003591749341120609
2022-07-05,-0.006342411785883462,-0.004993896044613644,-0.005622627871339936,-0.00594120936601894,-0.0026258892807924372,-0.004190995312083112,-0.005216226263784707,-0.0016954384656202581,-0.004006690083177222,-0.004425729423408131
2022-07-06,-0.007059627124439971,-0.00015380674701281905,-0.004614839068478704,-0.005335353896486317,-0.0036017667006214005,-0.005795006687837945,-0.0059229002820418986,-0.004266240041597924,-0.006585820692745825,-0.0059608196195628516
2022-07-07,0.006721061044006271,0.005736586993730475,0.005081814345323732,0.005661018795770412,-0.00026001056486157914,0.003301017820300789,0.004781056428020403,0.0010088754367847397,0.00329054038712151,0.004608635826530705
2022-07-08,-0.0022336663640227794,-0.0014384731530625583,-0.0011111231248261966,-0.001317646071394618,0.0055394759527902515,0.0006478621208971802,-0.0005734678003594951,0.0028089426541766382,0.0011888366036392206,-0.0003926273174192918
2022-07-11,-0.000551166481945975,-0.0017825152675655653,-0.0017037331614372375,-0.0008143600335972501,-0.0032668152887240787,-0.0018147188494475053,-0.001069313628341062,-0.005707340825508611,-0.0015581633898095193,-0.0020348732721554574
2022-07-12,-0.007671466747737554,-0.007910273607975471,-0.00697608718846221,-0.00720206228489606,-0.013793988199131801,-0.007916368147636521,-0.0077250054522387535,-0.0062265256001645675,-0.00870088039417305,-0.006515153489849879
2022-07-13,0.009350891874227996,0.009270224095144552,0.009351776410683188,0.009193631681935877,0.007696970773153122,0.008623014950300822,0.008892375393382723,0.006636825684893877,0.008133913515039115,0.008521305697958503
2022-07-14,0.005757677474649503,-0.0009447882508126781,0.0033884000803161562,0.004281018115067425,0.002346545145097245,0.003494375406921879,0.004605220580274683,0.0035237959417484532,0.005645013306669888,0.00493839280077113
2022-07-15,-0.009212583671861507,-0.007526270608892105,-0.007892911467542119,-0.008114727076646289,-0.005074575825216643,-0.006433227535955766,-0.007640719044144539,-0.0047762038073075885,-0.004569738514739852,-0.0068229843071025975
2022-07-18,0.010010737915586931,0.005701894114055195,0.007893722994093633,0.008917638909435865,0.005434178830120873,0.007303839444483762,0.008578517940996289,0.003739913865800526,0.007662862124188985,0.007433978662826135
2022-07-19,0.00016454819034650292,-0.002262740775727856,-0.00074283826844046,-0.00025961830709841927,-0.00464675831329131,-0.00169925016047201,-0.0005266278409092884,-0.0021020448177919704,-0.0005651845489336171,0.00034106703731451304
2022-07-20,-0.008610836447925818,-0.0053523382616128545,-0.006988540329409876,-0.00744788302689503,-0.0032565853445870596,-0.0049533568588722154,-0.006545041972468191,-0.003121954355033152,-0.004600085585662939,-0.0056326251131790794
2022-07-21,0.012441628902248647,0.010655387822559481,0.011200944940445767,0.011851729406315181,0.014681973570294105,0.010972518986753332,0.011972348187812676,0.010593423921165357,0.011729051084786057,0.011047157983068434
2022-07-22,-0.001348157955709972,-0.003872967248361059,-0.002522824603489404,-0.001901937998604275,-0.0016298855960681369,-0.0026384999395949738,-0.0021634825508828337,-0.0026274371034052946,-0.0024893273082403633,-0.002329338852890328
2022-07-25,0.0021423048321638216,-0.003155417202358679,-0.0011353846432484715,0.00012328456749455263,-0.0021506898774243943,-0.0013449777180667422,0.00010308925668156554,-0.004041413567279051,-0.0010727062978195256,-0.0005798196252214671
2022-07-26,0.00370551978294853,0.005387726526978831,0.0026608573082362863,0.002766849787168013,0.00168987158194156,0.0009385797928542772,0.0018989091930230462,-0.0008973509148541003,0.00022324621826541602,1.3949307362759455e-05
2022-07-27,0.0030062143070075376,0.001503570525572151,0.0029717395096444665,0.0029661709874093667,0.005353937876688919,0.003737649359379036,0.00318965498891699,0.00374092432073736,0.0045838907471107415,0.0038211159211696266
2022-07-28,0.009155301741342159,0.00444981135474487,0.006407866911251059,0.0071839250851573055,0.009118180966144251,0.007153715288896967,0.0077822085185528245,0.008659465979329761,0.007576290280945974,0.00796266153206937
2022-07-29,-0.017170500301428637,-0.01616906316162825,-0.016093443476865588,-0.016395401514670782,-0.0131105110027947,-0.015180711544006353,-0.016107105689229906,-0.012740227632997314,-0.015304584864575643,-0.014857232870375658
2022-08-01,0.008794558013278886,0.0054136312640029605,0.00809488699456451,0.008157013852887474,0.006654895229781355,0.0077184022670262475,0.007638699808598881,0.003062900991676498,0.006543623245129471,0.00628448369213408
2022-08-02,0.003654763673645034,0.0025082696049556485,0.0016503011298387715,0.0027836989708578397,0.0023387189297445765,0.002201878121110168,0.0025859307556110878,-0.0019267220724885625,0.0010950473630630952,0.0007289129374037362
2022-08-03,0.006503173136801488,0.006179205867507864,0.005285430838787297,0.005888320225383437,0.007482419005305996,0.0060272632049731545,0.006004885056948961,0.003624475782624925,0.005909940930794777,0.004164040522899537
2022-08-04,0.008516750595340294,0.006335677653155347,0.007787404502887396,0.008155747777433442,0.006332210452785203,0.008065788850574629,0.008059361195290382,0.006502496736447538,0.007784410971695355,0.008081882588863554
2022-08-05,-0.00448448531065071,0.0021160264719322086,-0.0021248044847845815,-0.002773822547849414,-0.0009839097995374413,-0.002644217309813346,-0.0028758869670248988,-0.0010815916725072094,-0.002639346461118297,-0.0034625325284483033
2022-08-08,-0.020694835174788206,-0.01536108467366104,-0.017649090605386775,-0.01875953531793262,-0.01252429960482404,-0.0159799419074792,-0.0178681565155685,-0.011211609292294478,-0.01588194299640977,-0.016638256293833864
2022-08-09,0.0016685647143190874,-0.001090020468766828,-0.0005005362954523251,0.0003766908722648843,0.004330352887180089,0.0013869137395168263,0.0011643163676637869,0.0029097295747293472,0.003267538753791044,0.001112089546337014
2022-08-10,-0.005768661792210139,0.004701124886811847,-0.0016558957199489521,-0.0027901800711624958,0.00038375949126878695,-0.0017245059417999586,-0.002703560441937758,-0.000597399394387077,-0.0035361946453726922,-0.0036463211973285503
2022-08-11,0.011321976827747937,0.003594253254066704,0.008850712571460306,0.009704392751281876,0.008996087669638664,0.010042770544617552,0.010304107801889728,0.008574339481573379,0.011782798324413424,0.011646076427883179
2022-08-12,0.005568635537181121,0.0066458453493729586,0.005598714567229601,0.0056662825404574235,0.0051679674861642155,0.005352902905553458,0.00565083023108226,0.00374954970527952,0.0050373343667842185,0.0046683365681519096
2022-08-15,0.003095503215065909,-0.0002351587218750728,0.0005351886715763143,0.0017689176028112819,0.002700911813210194,0.0016317425593943558,0.0016645872578942011,-0.0005748747046123714,0.0014957060500606634,0.000934104915262246
2022-08-16,-0.003962149010554361,-0.004886521758692641,-0.006367463421981467,-0.0050538132393629365,-0.006466709375472668,-0.006044391248501757,-0.005465903782740256,-0.007229183258866123,-0.007087142782286504,-0.00605630478208774
2022-08-17,-0.003317189363226003,-0.0012891835535039364,-0.0017401058368935463,-0.0023960903053839022,0.0021825313116352607,-0.0019365644533725357,-0.0023683411359882722,-0.0018403186761503099,-0.0024231540026098397,-0.003058058072450409
2022-08-18,-0.016195894551535917,-0.010973927098567593,-0.01321795590618735,-0.014333338945118346,-0.009935084088871449,-0.012352502484465178,-0.013826941907595813,-0.0074716684474878114,-0.011997822884756815,-0.012671185967027099
2022-08-19,0.003496089961540383,0.0032454242481960716,0.004144270029254216,0.003704945105939439,0.007201421965139065,0.005466375850350147,0.0044594749409352374,0.006955106307258152,0.005734958369603138,0.004982387529761878
2022-08-22,0.0033446353463786327,-0.0008205199662341123,0.0006671281542975915,0.0016388339000088514,0.002180769067113175,0.0011734800122380484,0.0013894176678721504,0.000985995896280345,0.0018962415755419126,0.0010106949575885427
2022-08-23,-0.004204641445564539,-0.003975363900048712,-0.0030896614639398523,-0.003769689102038898,-0.0035078014481921826,-0.0033989168746477727,-0.003565079653443104,-0.0029219668584621328,-0.0018882560143672622,-0.003156875052239827
2022-08-24,0.0015368049386454974,0.0025676520596591423,0.0008895168127507347,0.001271291208994496,-0.003432798044084251,-0.001177466978705688,5.0113478682112245e-05,0.00033828147276637743,-0.0005050112313570443,-0.0003554393677218659
2022-08-25,-0.010438045483228464,-0.006518142874956001,-0.008792244086727297,-0.009319836471178511,-0.009612700668995111,-0.009192458985711527,-0.009298311451474639,-0.004058292952866083,-0.008515830746651853,-0.007825630950330287
2022-08-26,-0.003869731197600035,-0.0005796458568899654,-0.0028552909036040353,-0.002898274178231963,0.005120815658742117,3.523367211544226e-06,-0.0012507636469384353,0.0005269797433311574,0.0005296292519449963,-0.0021207968737126937
2022-08-29,0.01264995277899561,0.008990598190956156,0.010430528237924452,0.011240865554946966,0.008819220190870114,0.009314947363596948,0.010557431349659474,0.004618795099236683,0.00809579754698131,0.00869607215635182
2022-08-30,0.0003634430163119706,0.0015456033276395331,0.0005396021741899126,0.0006003531763498771,-0.00018694852870349,0.00027182846418405404,0.00039329604206783664,0.000692096025694422,-0.0005632555886377899,0.000373393836721192
2022-08-31,0.0045362969820677,0.004109052831276383,0.004769121279067923,0.0045538064335644,0.0007629163290951979,0.0038338361891743222,0.004135802567370339,0.0006581816685258257,0.003715555318392516,0.003517350849000511
2022-09-01,-0.003542682832880173,0.0006078441887602537,-0.002659919167027569,-0.00271529122994818,-0.0025859196244470972,-0.003027905112155338,-0.0028098054317360344,0.001988907532927131,-0.001718638781480486,-0.0018597789613580273
2022-09-02,0.0013909069675706043,0.0036142438050288384,0.003527260577979474,0.0024239252943114575,0.00104443530797238,0.0034669712393371466,0.0024882599457121124,0.001877487844612613,0.0027362689666976525,0.002894158787849044
2022-09-05,-0.004311782467615988,0.0034696907366624785,-0.0021578209476655896,-0.002538123547960902,0.002768669172195537,-0.0014054643843033343,-0.0021462070716803394,0.004455726752950806,-0.0008672586985766229,-0.0015649980427386856
2022-09-06,-0.006121154786886018,-0.0008308540781808427,-0.003946343544390163,-0.004639557328912081,-0.002471722993168446,-0.003988052200180281,-0.004451525282654245,-0.00025180632514087975,-0.0034483053528827634,-0.0038814953953097975
2022-09-07,0.0007211245844260805,-0.0006092955959368096,0.0004472053347202021,0.00042870206940182065,0.0024551396437964,5.811533116051315e-05,0.000367395553740435,0.001900157090388488,0.00046101177584567665,0.000857552405852946
2022-09-08,0.011699661787803128,0.010451939263353527,0.011123856975048252,0.011453719377700011,0.008518945599292227,0.010813115824107822,0.011067945059914486,0.009469551558821232,0.010180155520599588,0.011129519367394813
2022-09-09,-0.0046672349796881285,0.0020587497755764073,-0.0011052783608758165,-0.0025348571545938947,-0.0017569713601217618,-0.0016723016515798328,-0.00270740446783424,-0.002320845100908797,-0.0036794765730667756,-0.002951899837355887
2022-09-12,0.009573875666671228,0.00806066305525377,0.007371799330051498,0.008489186850983987,0.008796828374664889,0.008251700257430716,0.008263041840917307,0.00495233979961851,0.0067717823981827685,0.007314646665963931
2022-09-13,0.005196910557716761,0.004704513052995241,0.0038351969159329258,0.00448481081601515,0.005007192706136143,0.0044915873461668365,0.004401900625075061,0.006068186189824409,0.005554541133355517,0.004660712472837503
2022-09-14,0.00041122978033203417,-0.0006697954887266988,-0.0011535977246551754,-0.00035913415161514806,-0.0004973757813542257,-0.0011276722982198617,-0.0006485140934054945,-0.001204458107269879,-0.0006817762707199693,-0.0007635502402900674
2022-09-15,-0.00928981725295408,-0.006850990684636793,-0.008178119285671248,-0.008864100601442937,-0.0075402976677944045,-0.008542931928780528,-0.008851714756083151,-0.006579368677404274,-0.008283665961987485,-0.008154796781012275
2022-09-16,0.0003958113556916665,-0.001529916270224474,-0.0010913113230339722,-0.0001952244614391585,-0.0037098121061824862,-0.0021081414955869127,-0.0009338793703003168,-0.0029273302709972304,-0.0016336080321018853,-0.0012321726434645353
2022-09-19,0.0007773559181234457,0.0009573361262962266,0.0010210719951349034,0.000792703580887455,-0.0004718624120688686,0.0006244194124607194,0.0007014970561793898,0.0012845020978755617,0.0002070438669075081,0.0010259892371540236
2022-09-20,0.021380519569321743,0.010087708042982868,0.014907584861294954,0.017482379589953023,0.01033634049495502,0.01411486593451916,0.016560845252046485,0.008865425876603661,0.014247170285817568,0.01510479109873697
2022-09-21,-0.008659644172541947,-0.007890682524009929,-0.006167925737907365,-0.007356701728049586,-0.005283092589294491,-0.00580306830341637,-0.006724086916227945,-0.004436781962996128,-0.004689743440011385,-0.005643304237612057
2022-09-22,0.003003164366149891,0.00047020742322589903,0.0029453809310764356,0.0026569358469072935,0.00504596727561335,0.004169659506624068,0.0034222488698554265,0.005515747948576788,0.0055636429477876614,0.004755815902329319
2022-09-23,0.008288381241107645,0.00701405471405292,0.006651930946047102,0.007330255284499598,0.003138942242783882,0.005542413183029726,0.006320886258655678,0.003821650220703132,0.004412393521327385,0.005635874668914687
2022-09-26,0.007898299924165242,0.00615358832859636,0.0056323940353288915,0.006846535646453988,0.004388010074486637,0.005399504989797688,0.006215315853979941,0.005097073124927354,0.004148212014441155,0.005414177486828375
2022-09-27,-0.0037370474983897672,-0.006326558718892428,-0.004558973468665961,-0.004312216396885171,-0.004341363939324827,-0.004336567140793779,-0.0042437577023939355,-0.006352505336230219,-0.003416807728536364,-0.004705771285855476
2022-09-28,-0.0005308488467017369,0.0037099212905957746,0.0012166323993851869,0.0004873988002374041,-0.0010859042658848406,0.0006691329765546872,0.00041391737398766004,0.00011181250742064996,-0.0008637049953976739,-0.00031693620906003694
2022-09-29,-0.0006083158240662856,0.0021595379557450833,0.0006705270680522624,0.00022437401980646143,-0.004176557153246274,-0.0015983596164662606,-0.0009008622894690621,-0.004045949813727745,-0.002667776986080006,-0.0017356554039310579
2022-09-30,0.00821477610619481,0.004390035689095129,0.006577200444782605,0.00723914040153506,0.003494344515663217,0.005762301358037014,0.006741791857940438,0.0022671046496278713,0.005254722603762474,0.005792864028925093
2022-10-03,0.00916886574647302,0.005003253655909035,0.006529130662326299,0.007671007212476377,0.011080241660304191,0.008126431017816849,0.008330224340772352,0.008018716203570753,0.009384139421149573,0.008373796851800286
2022-10-04,-0.008552974357205256,-0.006520518314440116,-0.008693181096685598,-0.008488509363658525,-0.007469510568032689,-0.008146579555584399,-0.008493664459485517,-0.005177608442223924,-0.007953839267289098,-0.00769589171924312
2022-10-05,0.00038357490254559146,0.0041821474162679895,0.0013570041008514888,0.001029610475311582,0.004672520584820372,0.0018603370263612362,0.0014212913699238605,0.004806856318672947,0.0025424341190363187,0.0020175716189902992
2022-10-06,-0.005226248825519253,-0.005467600348523005,-0.004592609534702197,-0.004731875232136251,-0.0051339490655135656,-0.00470883372342823,-0.0048115963939879824,-0.0031053043315061313,-0.003781172509692343,-0.003588420356395172
2022-10-07,0.0002644292148923366,-0.005587661353237294,-0.0014716076006227041,-0.0012115668275664015,-0.005825802631112653,-0.002263710737047897,-0.0013219813818202697,-0.007554369337363198,-0.0028284587854896515,-0.0027295759144139176
2022-10-10,0.005334522628653193,0.0044726617184371875,0.0032361737848438654,0.0042658699080735385,-0.0005185707169299558,0.00205375226227944,0.0032187965584804523,-0.0018153500608658613,-0.00015662663432469692,0.001932682187395951
2022-10-11,0.003185800160135921,0.0020838933221847267,0.0028645133213536234,0.002876451067034047,0.002839147834236888,0.00308335919150049,0.002847684709503806,0.002415043565718422,0.0018571992563434225,0.002443136157930903
2022-10-12,0.012993337476822298,0.00716822396945016,0.007752833597295616,0.010039339650467438,0.004150807053212802,0.006892594120270434,0.009234573934395085,0.0005358269576121177,0.0066920967919088525,0.007177905519514249
2022-10-13,-0.0026720880045308926,-0.000701341457035487,-0.0021973446459045975,-0.0024967848452550623,-0.00233110954355098,-0.0024570759895798933,-0.002569486632592488,0.0006328841835743226,-0.0025258824670629787,-0.0019865629059977463
2022-10-14,0.015204300685793148,0.011161552698736532,0.012807494097067718,0.01398136152937357,0.011251928727649796,0.012644395332828129,0.013372248554732069,0.008797208127391265,0.012254028628374325,0.012363494269035602
2022-10-17,-0.012914022525313373,-0.008501817418663071,-0.011068182294759588,-0.011898083343911736,-0.007605835689372897,-0.010887801206981296,-0.01153251722962867,-0.007982948539101864,-0.011304292465558086,-0.01174676509748529
2022-10-18,0.006971336528585059,0.004124143399335534,0.005910948204690847,0.0062589462329021295,0.0051475983674431625,0.00595597639163481,0.006170167154619488,0.0054125823339952195,0.005827392720772595,0.006145392444428133
2022-10-19,-0.018966193236726436,-0.01250782759363267,-0.01620348997961596,-0.01734229174821522,-0.01212511043254283,-0.015777505697456395,-0.01677388419433501,-0.009854306534466617,-0.014358453251688719,-0.015918163117013773
2022-10-20,0.0053979984286585125,0.002732989770501737,0.002660403792321464,0.003739312943756179,-0.0027713358106775665,0.0005901829403909264,0.0024268289532618503,-0.005547919487451924,-0.002029180846977452,-0.00012009145339941796
2022-10-21,-0.002863406279309366,-0.0005889840721676753,-0.0020166886515173843,-0.0023359030488689925,0.0011746207257803398,-0.0013247123351143308,-0.0018627778505195813,0.0010088770989735707,-0.00021640015031498816,-0.0017473984787031993
2022-10-24,-0.006528181987201176,-0.0045689395583874415,-0.004960970040700063,-0.0056693382231933764,-0.006991503950495637,-0.0060806611160022506,-0.006036680058687183,-0.0011466941691671284,-0.005118414607054755,-0.00444179380152443
2022-10-25,-0.0027173104180877594,0.0014057277533874313,-0.0008544806703610908,-0.0015558695176881576,0.0034703906141886343,0.0003194646115043387,-0.0009646797248861194,0.006186636186547023,0.002017550198376128,0.0007219269634661796
2022-10-26,0.01924378519402037,0.012225942029118197,0.017327453174896368,0.0181042757997103,0.011311881779086486,0.016002478150711763,0.017659234909935373,0.00818892715009012,0.015333122493112805,0.016151136522313925
2022-10-27,0.0040811394504849385,0.005518738007329382,0.0036027607756687896,0.003995112104676624,0.002986065706016783,0.003160779366753186,0.0035560669875709383,0.0004024457782783042,0.000569027256347665,0.002055992215788116
2022-10-28,0.0071776470277937765,0.004584487123730385,0.004755325715045888,0.005759285602605413,0.003868340773088619,0.0044785293198637,0.0051072512187499974,0.0033538967447561685,0.0026063471442145936,0.004133582084365095
2022-10-31,0.016705225216052888,0.01375957781496484,0.015757552444011447,0.016237970645420763,0.010875946930572589,0.014606187352403488,0.015629296664330106,0.0064150634837520926,0.011490385568480699,0.013588771911086761
2022-11-01,-0.00896939632027427,-0.003669372976988994,-0.005852167592337643,-0.007160441358769143,1.7177401726353736e-05,-0.003782352750721474,-0.00608276932177243,0.002262025047573779,-0.001318179285420884,-0.00420452955189532
2022-11-02,0.009921868559638058,0.007918688820275577,0.008909285385604537,0.009211540839724863,0.007485856967113236,0.008979532434569615,0.009417327553406185,0.007637231776302489,0.008536689392750985,0.009066508046711608
2022-11-03,-0.003635585713917089,-0.005412003896226092,-0.00488633170478181,-0.0047726181981692095,-0.0020268084071110026,-0.0038013659924687193,-0.004160697918247913,-0.0033077089265269866,-0.0027913040889364638,-0.004492934055135178
2022-11-04,-0.009101739768843098,-0.0008378432394469115,-0.005769253897533577,-0.0069929645080657465,-0.00010477786700591185,-0.006243797318551292,-0.0072126887262115025,0.001115255244651614,-0.005874036808304672,-0.0061418590699398035
2022-11-07,-0.0020385879108678617,-0.0009751546784819709,-0.0023134753045667145,-0.001850630311145518,-0.0015150142845690162,-0.0029381533314464248,-0.0023769678710757747,-0.0024695704727007994,-0.003936565973365225,-0.0030824378902960525
2022-11-08,0.007295561589645283,0.0035767987960937386,0.005544762470452991,0.006179418262967751,0.001878500701512742,0.004695644718954339,0.005454121393340783,0.0006361399363254971,0.002860086362997283,0.003935409321595751
2022-11-09,-0.018445420228363485,-0.012679060639536388,-0.01653913078057334,-0.016905817495890152,-0.009970750395326577,-0.014336168712519082,-0.016128375326289746,-0.008934182226408072,-0.011562431762542125,-0.01410997537131875
2022-11-10,0.006616825512744118,0.001187975381666595,0.003990634365528933,0.004573936090930042,0.003047129939148796,0.004160705793827102,0.004358072987399986,0.001595145921289065,0.0044628922699483375,0.003095174780829435
2022-11-11,0.011992626528364303,0.006367800720906036,0.009442520420602785,0.010328387410104778,0.0021929897358210493,0.00755677634196128,0.009553901423687616,-0.00033802394351933884,0.004708877638348152,0.0060795052997937304
2022-11-14,0.00660472778344845,0.0004034741066210046,0.004049408918100905,0.005058462572694378,0.001231098135202835,0.003762371582032298,0.004663421385680433,0.0008502965645975635,0.00480896212657278,0.004174039361710236
2022-11-15,3.9832606584910835e-05,-0.001110657985132324,-0.0012115893249670107,-0.0007517915378681961,-0.0022047013335659837,-0.00210644217889,-0.001495481951618416,-0.0030793061934470956,-0.0024064991792331902,-0.0031021059704285925
2022-11-16,-0.03183017976505598,-0.022756928108511598,-0.027678829061700272,-0.029403728422187747,-0.017353232446222,-0.02500137563338911,-0.027822305771420086,-0.013981833900551854,-0.020859755425145843,-0.024416801915011055
2022-11-17,0.012698746962272578,0.011651498987435893,0.01134422866076723,0.011604503328880078,0.004482198960048311,0.008072108488680563,0.01006310528948351,0.002922718469031249,0.005384213850216479,0.007166858395422748
2022-11-18,-0.006791197487642675,-0.0035450529302818445,-0.005796411388284017,-0.006202314552661292,-0.0038480151133906126,-0.004958144569981338,-0.005747337371017069,-0.0023149816043352978,-0.005524637754884543,-0.005484018215528352
2022-11-21,-0.00025325017936128624,0.001910310792643699,0.0006749020040377474,0.00013962322993821275,0.001113801942563164,-0.00047711490556201497,-8.27809886324582e-05,0.00018169879467033745,-0.0005579266866257981,-0.002098858593449382
2022-11-22,0.010428856018644739,0.0073725163316265,0.00943485881149475,0.009569112942784619,0.002257040022613621,0.005376676722451901,0.008003901621390197,0.00027573461075824923,0.004136809491152915,0.004576154251241471
2022-11-23,-0.016308448994480473,-0.008914606800806801,-0.013609600531301447,-0.014405574811433342,-0.003393598121586683,-0.009645626436926902,-0.012074979042684064,-0.0031550074956361307,-0.007951452262827785,-0.010777357694321532
2022-11-24,-0.01112640801718734,-0.006260254515749963,-0.008242986732277191,-0.009380950811230138,-0.0058926930675198275,-0.007136266797659108,-0.00847697547949311,-0.0030088452174354963,-0.007076311968789328,-0.005746640323555652
2022-11-25,-0.0030855026634706295,-0.0029448581974318433,-0.0024721646901585403,-0.0026938389373522,-0.001646696761702926,-0.002472076085095698,-0.002850463577554918,-0.001773813613745956,-0.0017032113674162463,-0.0010346088638445439
2022-11-28,0.0016079359117284753,0.0027459290288274207,0.001664211545355787,0.001885074881155191,0.0016030843254377647,0.001713262911545943,0.0018209014860182116,0.0007107849374676789,0.0011524661750901277,0.002062775815405482
2022-11-29,-0.01700094917957684,-0.009978970844933155,-0.01456493450057239,-0.015356128221725607,-0.006281261352330314,-0.011862218167272398,-0.01389939426652853,-0.004908078689715878,-0.010754328010973646,-0.012311565177726802
2022-11-30,0.006141733978525243,0.00469294256627073,0.005261993836447321,0.005703743924026394,0.003236808756758469,0.0039817871929912485,0.0048447500479695815,-0.0001581591866673948,0.0040190160149846665,0.00353098695471199
2022-12-01,-0.00018564341600857404,-0.0006788236022596816,0.0007406374217773237,-8.402393480033687e-05,-0.0030318058379228408,-0.0009047951336215165,-0.00028967853111661057,-0.0034411828884465256,-0.0014864741229045908,-0.0022543903291909473
2022-12-02,-0.015706031614432625,-0.009070269331894698,-0.014717968964799155,-0.014571613885126178,-0.0030817808575877015,-0.010844231428571494,-0.013141765668325034,-0.003049061995164637,-0.011338685520283054,-0.011264238643043045
2022-12-05,-0.011099280725042515,-0.005463728065602691,-0.008792131262449376,-0.009125454710970926,0.0011130606068343596,-0.003839308328929758,-0.006853915178873349,0.0012578832983964894,-0.0031822962626261164,-0.0027358234892439492
2022-12-06,-0.01592137532111859,-0.01069818602884487,-0.014102437283710634,-0.014355110066523902,-0.008102353445484822,-0.010263074360621793,-0.012450664412628765,-0.010142125935658441,-0.010745816882180237,-0.010506243696329132
2022-12-07,0.006955361474108468,0.004413783140797545,0.005909194602950585,0.006204402848291268,0.002205833583591499,0.004601841070714485,0.005421668364824717,0.0042593828143822066,0.004286944142295468,0.005810175122274774
2022-12-08,-0.0027511447673955747,-0.0015899889000500211,-0.001541956315619375,-0.0016403653532430784,0.0021192076159650686,-4.720816410541673e-05,-0.0007373511438163449,0.0017323573293610561,0.002259568050322125,0.001492422837845897
2022-12-09,0.00731151581928402,0.009153155443924144,0.0073133118128247965,0.007801900322578215,0.005790374605251891,0.007002523464367139,0.007518754500407399,0.008360387861667595,0.00795549459485878,0.008991435413578719
2022-12-12,-0.006810242794288657,-0.0015716685240036998,-0.004086740729463356,-0.00486503874984523,0.0013267977151834032,-0.0014666405680721084,-0.003318544759940867,0.0027963570341371646,-4.150137440772639e-05,-0.0014249218382520468
2022-12-13,-0.00145185696232486,0.002611326081222165,-0.0007740738053879648,-0.000816954044337681,0.0024499411748488686,0.000684957176398937,-0.0005024425739714733,0.005145137799872801,-0.00021105386088970945,0.0005955723949284675
2022-12-14,0.010487056711610432,0.004416265472154901,0.007300928994933953,0.00854662125123884,0.005181663390541491,0.007022960127102351,0.008164681858843892,0.0027075860858374323,0.005639489349717142,0.006753246692368098
2022-12-15,-0.011904921530732526,-0.008217381163533322,-0.010397081503673689,-0.010546573729061315,-0.00035219436664213344,-0.00801080615258698,-0.009200515877758608,-0.0026093506247913956,-0.004881762231426112,-0.008280804339107495
2022-12-16,-0.011841138751121139,-0.009313171932991304,-0.011113421837427806,-0.011110721684306046,-0.0028211336154628786,-0.008208408521774513,-0.009726162075920919,-0.0011612374244743817,-0.00466219948746005,-0.0069025817314828375
2022-12-19,0.013899249558192217,0.010804604684305108,0.013132880969305427,0.013224253170167621,0.0028942552059090243,0.01020179981306657,0.01209252405497141,0.005358357300990102,0.010535304527635736,0.011653781403199837
2022-12-20,-0.006412838426907097,-0.0013854503674683993,-0.00421772273286658,-0.005412167670220347,-0.0037783550713816894,-0.003530948813240231,-0.005264263146957493,-0.0016096416914282985,-0.0036910679007344793,-0.004273484051923182
2022-12-21,0.00662391086303149,-0.0006137141892770259,0.0034734149378039536,0.004752373194580439,-0.002445304492996847,0.002748593516296749,0.004043477267622997,-0.0027308477181726687,0.0023045965595629436,0.0026720221538896194
2022-12-22,0.0059984888460733465,0.001646548767388234,0.003930822621933672,0.0046088199157892085,-0.0005430392316099208,0.0028502797692817605,0.004064447480928157,-0.0011397850598012793,0.002083211606379809,0.0028059183989925796
2022-12-23,0.011526150343481145,0.0054992342967774555,0.009658176139411667,0.01035197110363173,0.006127097406042337,0.009105052436958694,0.009819315106115667,0.005894736513967436,0.008029544809455391,0.00964717199084597
2022-12-26,-0.002654952634314256,-0.0015095026481419804,-0.002628696761391658,-0.0028423045181604767,-0.0014482815927954196,-0.002353555874672786,-0.002669469251559198,-0.0016332826142769763,-0.0038918985688928265,-0.003892546521135576
2022-12-27,-0.0003290101809321211,0.0016796113370796117,3.336981951473916e-05,0.00040913834896461054,0.008519954112712558,0.0024441408408220067,0.0011809532149367197,0.006315252476572386,0.004918078396655812,0.002006745800524623
2022-12-28,0.005049167230531948,0.004342149199733081,0.005049583678291336,0.0050328862678219455,0.0013345807952702682,0.004148658867404231,0.00456147698010545,0.0002811050215567601,0.002262986480186857,0.0041884264531830695
2022-12-29,0.007867198152588406,0.004218610739383344,0.00712252720987494,0.007342149579586454,0.0002584331415265151,0.005439270912230398,0.006654846445912854,-0.0008085054930800917,0.0027686149747006006,0.004198653067991165
2022-12-30,-0.001502904629777646,-0.001986429328431294,-0.0013890054429746002,-0.0014992914307516703,-0.005181058606293809,-0.0030173979028544906,-0.0022247116298994563,-0.004629059608990405,-0.004205944105969195,-0.00376409535783484
