Model,Covariance Type,Ann. Return,Ann. Std,Ann. Std (fcst),Real / Fcst Std,Ann. Sharpe,Ann. Sortino,Max Drawdown,Calmar Ratio,CVaR (95%),Skewness,Excess Kurtosis
ERC,GARCH,0.07634833104147609,0.17420324008636356,0.15232292131362593,1.1436442958422985,0.5097516586831852,0.712793085503581,-0.5372267239549502,0.14211566111122642,-0.02647969469195228,-0.3154010486360712,13.535476703850433
ERC,Historical,0.07777748184395383,0.17609244872294494,0.16343354209290797,1.077455988947732,0.5137055115891377,0.7189897438825977,-0.5456945370051755,0.14252933934578893,-0.026735918670110107,-0.31238085537660004,13.431451353963615
HRP,GARCH,0.07495594979811049,0.16271979296089997,0.14063056446400113,1.1570727429068473,0.5258433191003812,0.7339862622933635,-0.501205418284953,0.14955135571877512,-0.024750018560244124,-0.3392541436676387,14.644997622495945
HRP,Historical,0.07839620142558501,0.1653128871382506,0.15300441120445876,1.0804452357739156,0.5395145822221574,0.7542983853990824,-0.5135738011311515,0.15264836573227955,-0.025106919030237054,-0.3431644680064295,14.431235919460788
MVP,GARCH,0.06279895126322121,0.14355874062440163,0.11230633127021111,1.2782782502172263,0.49615726581288294,0.6951586572016807,-0.45755347770866495,0.13724942399674378,-0.02157223990914647,-0.07339853890851811,20.929121418403053
MVP,Historical,0.06712542403123378,0.13831884798255287,0.12416633272757803,1.1139802951740998,0.5390127096738319,0.7580641207144146,-0.400114257729952,0.16776563877545836,-0.0205454887042197,-0.16200545352339082,19.462327336699854
Naive,N/A,0.08042724212524899,0.18877613983823735,0.17691697421934324,1.0670323787258027,0.5044932687721058,0.7075724256921141,-0.5723881257469506,0.1405117236146254,-0.02857042200568847,-0.2880671066582341,11.971233772225835
