Model,Covariance Type,Ann. Return,Ann. Std,Ann. Std (fcst),Real / Fcst Std,Ann. Sharpe,Ann. Sortino,Max Drawdown,Calmar Ratio,CVaR (95%),Skewness,Excess Kurtosis
ERC,GARCH,0.09310591593539952,0.1740854284107464,0.15548737689430606,1.1196113272210035,0.5987752214845627,0.8374772101923963,-0.5361954661833441,0.17364174411643257,-0.02655077585998523,-0.35510760652830725,14.663370588131547
ERC,Historical,0.09551661532106048,0.17702229752681142,0.17204899037475416,1.0289063431364782,0.6042114903311205,0.8461472904582783,-0.5471072795126821,0.17458480063752538,-0.026999334540595787,-0.350116150724466,14.136446392024387
HRP,GARCH,0.08954849672529286,0.16324649511378084,0.144683887306489,1.1282976850626774,0.6073174060160701,0.8478504513639026,-0.49862025270544974,0.17959257819836671,-0.024904668165440774,-0.37525275238693523,15.68795232295462
HRP,Historical,0.09484764546619506,0.1677127018624886,0.1622442480072392,1.0337050707338815,0.62450756530099,0.8736937540587321,-0.5159994783425697,0.18381345223613996,-0.025603454051606026,-0.37568769502529475,14.574209069623398
MVP,GARCH,0.07214776892779406,0.14106451749291948,0.11616097071889399,1.2143882460683917,0.5645715184707212,0.7894417265336554,-0.4584216070446222,0.1573830025005154,-0.021013402486507952,-0.2231541200860086,21.828726195853623
MVP,Historical,0.09118471689246888,0.13974088838924054,0.13202669600588482,1.0584290345568586,0.6945738156694646,0.978414475840106,-0.40311441735941045,0.22620058466222015,-0.020602654668195674,-0.2567083595780573,19.028486498037537
Naive,N/A,0.09656512342799028,0.18808048885929365,0.18409743616235422,1.021635568533539,0.5845470735096006,0.8192223817168128,-0.572388125746951,0.16870567205071807,-0.02867313605968601,-0.3322500287372397,13.018876070371006
