Model,Covariance Type,Ann. Return,Ann. Std,Ann. Std (fcst),Real / Fcst Std,Ann. Sharpe,Ann. Sortino,Max Drawdown,Calmar Ratio,CVaR (95%),Skewness,Excess Kurtosis
ERC,GARCH,0.15171079176646485,0.16606505801160967,0.154392860877116,1.0756006273099878,0.913562392853641,1.3602068500228146,-0.18894571413116001,0.802933225895519,-0.0237456290978102,0.48051273295147173,11.075788038874023
ERC,Historical,0.1655083276164384,0.16786455894684993,0.17154479492763045,0.978546501615901,0.9859634973266896,1.478009636369218,-0.196922511255623,0.8404743904651604,-0.023887403941531427,0.5188770013993002,10.730810731367047
MVP,GARCH,0.08176706064519346,0.14694775042327254,0.1104076946330317,1.3309556993440639,0.5564362871134076,0.8181462023362891,-0.1647087155906738,0.49643432863866804,-0.021028529961610427,0.6366950224938791,15.015651798255714
MVP,Historical,0.0853732575280104,0.1335630530108587,0.13323984746554,1.0024257423846292,0.6391981584987395,0.9396088378189761,-0.14518999128416532,0.5880106250638046,-0.01884869072854218,0.42191876512190407,10.122245198656916
Naive,N/A,0.17314380168637467,0.18306199979241644,0.18919631209012996,0.9675769985686019,0.9458205519589618,1.416031339391935,-0.20923560887509796,0.8275063820027494,-0.025830131617992375,0.48495755015452663,9.360638530644966
