Model,Covariance Type,Ann. Return,Ann. Std,Ann. Std (fcst),Real / Fcst Std,Ann. Sharpe,Ann. Sortino,Max Drawdown,Calmar Ratio,CVaR (95%),Skewness,Excess Kurtosis
ERC,GARCH,0.08284283296611727,0.18439580888280252,0.1568222082188314,1.1758271419408572,0.44926635517388663,0.6241074484756464,-0.5082593570519253,0.16299322740782085,-0.02867911395445345,-0.40587319432504715,14.879399043855598
ERC,Historical,0.08515569349824337,0.18667664937595266,0.17391214859136778,1.0733962571791171,0.45616681991514774,0.6354915772420784,-0.505551952315607,0.16844103382095574,-0.028991053522207065,-0.3698532879175574,14.430132385244198
MVP,GARCH,0.07559057772999545,0.14861739938570095,0.11390280757243983,1.3047738027983495,0.5086253564013602,0.7006126652823995,-0.37590687317141047,0.2010885757215904,-0.022612407132888424,-0.720201197093603,17.5975933869788
MVP,Historical,0.0636633350528868,0.14461529967716577,0.1327897710477929,1.0890545147872623,0.4402254477569568,0.6147243296904658,-0.3570678318666286,0.17829479267308015,-0.021851485494072943,-0.27138636313575076,18.661529380083064
Naive,N/A,0.08896474448444214,0.19983245739083966,0.18773746298548682,1.0644250444903895,0.4451966694801817,0.6212145242678302,-0.5312184639598252,0.16747298996589532,-0.031003257389634616,-0.3464429595492259,12.87921275385146
