Model,Covariance Type,Ann. Return,Ann. Std,Ann. Std (fcst),Real / Fcst Std,Ann. Sharpe,Ann. Sortino,Max Drawdown,Calmar Ratio,CVaR (95%),Skewness,Excess Kurtosis
ERC,GARCH,0.08356576471078214,0.1844249894520552,0.1567289214660393,1.1767131919683196,0.45311519311490406,0.6295666210652213,-0.5087751131286775,0.16424892364899735,-0.02865855329097148,-0.40646332231923027,14.884220833467412
ERC,Historical,0.08564524855460953,0.1867206857306015,0.1736913113093047,1.0750145434626517,0.45868109481012476,0.6391394775103736,-0.505551952315607,0.16940939138366287,-0.028972041871081784,-0.36932333068459733,14.435119724597898
HRP,GARCH,0.08241099902319893,0.17272549183273725,0.14471083821249472,1.193590569761648,0.4771212294650956,0.6612492857048288,-0.47785420872701445,0.1724605486739119,-0.02675320146336136,-0.45316263132719564,16.187027009517784
HRP,Historical,0.08425737786383758,0.1761164044317918,0.1635060574329402,1.0771246472261347,0.47841868073379645,0.6661778018637596,-0.47205021687360016,0.17849240367238087,-0.027265824780315483,-0.3808785398648676,15.472373843715657
MVP,GARCH,0.07627473497065163,0.1487565336197266,0.11384228538319494,1.3066896287175698,0.512748805814717,0.7062430960249733,-0.38134520304640895,0.2000149323010342,-0.022635173964422158,-0.723680083474,17.56980700411886
MVP,Historical,0.06372578520361616,0.14466890052950282,0.1326894311995826,1.0902820158442121,0.44049401751429185,0.6148794288408037,-0.3570678318666284,0.17846968983590478,-0.02185342097287662,-0.2734108709004083,18.660353516293306
Naive,N/A,0.08952370707576174,0.19986581662022582,0.18746640321633667,1.0661420563426514,0.4479190518400144,0.6251794596271557,-0.5312184639598254,0.16852521730594847,-0.030978202796126144,-0.34558897509134373,12.887523211931615
