Model,Covariance Type,Ann. Return,Ann. Std,Ann. Std (fcst),Real / Fcst Std,Ann. Sharpe,Ann. Sortino,Max Drawdown,Calmar Ratio,CVaR (95%),Skewness,Excess Kurtosis
ERC,GARCH,0.0713894639304069,0.1831589697736939,0.1544569505420976,1.185825365131584,0.38976777396495366,0.540977415096224,-0.5477653984747357,0.13032853869410585,-0.028488846065122746,-0.36723270067127123,13.492850939517242
ERC,Historical,0.07562500180827447,0.18465469255406533,0.16534949744303382,1.1167538783580673,0.4095482262717592,0.570915974678891,-0.5463191204756892,0.13842642326416568,-0.028636771242898228,-0.3076157372420944,13.00448462622935
HRP,GARCH,0.06454958285618595,0.17142548345293954,0.1414778886025908,1.211676857395512,0.37654601612313016,0.5200583013565467,-0.5182847399037334,0.12454463326119816,-0.026616617700032194,-0.4331284850312023,14.954878640610167
HRP,Historical,0.07409264555308503,0.17324492240852607,0.15475947183630462,1.1194463276003828,0.4276757120671529,0.596243744334602,-0.5094065826111889,0.1454489362373183,-0.02682666803408507,-0.29798550393692763,13.766919410571903
MVP,GARCH,0.03531141191611287,0.15283474155011847,0.11074365155229905,1.3800767755787948,0.23104309634032613,0.30998187887248463,-0.48647113880899073,0.07258685890917288,-0.023639585874388965,-1.0223112454832517,25.36160235977698
MVP,Historical,0.058248097382999964,0.14282725028532986,0.12538186540251203,1.1391380230850219,0.4078220176236409,0.5654580343223493,-0.3779905610566724,0.1540993436983385,-0.02154959315981018,-0.4258794267562912,18.872934925808803
Naive,N/A,0.0787990326499719,0.19875627009399258,0.1800762905922245,1.1037336977585137,0.39646061285366013,0.5534580285877698,-0.5723881257469513,0.13766713372528694,-0.03076631662333923,-0.2948866385068262,11.572463952196676
