Model,Covariance Type,Ann. Return,Ann. Std,Ann. Std (fcst),Real / Fcst Std,Ann. Sharpe,Ann. Sortino,Max Drawdown,Calmar Ratio,CVaR (95%),Skewness,Excess Kurtosis
ERC,GARCH,0.07883270124249209,0.1711894266194722,0.14596428473665599,1.172817219831047,0.4604998264158281,0.6440091533026069,-0.5497945701835033,0.1433857399067807,-0.026025049100110796,-0.31818352734819166,13.476260023528406
ERC,Historical,0.08047401629760564,0.17262296468111046,0.15689346620356517,1.1002559179687998,0.46618372269452535,0.6539617466483743,-0.5467613790046824,0.14718306630234115,-0.0261954701157592,-0.27281168435745423,12.796596331089718
HRP,GARCH,0.07418724762533935,0.15970418154053986,0.13291061936288767,1.201590830786044,0.46452914951702373,0.6469916689197763,-0.5201028369467955,0.1426395750133707,-0.024334067399608045,-0.36824429315785007,15.380079779233357
HRP,Historical,0.07877910779911179,0.16171234959503444,0.14594524070656675,1.108034416279244,0.4871557923460583,0.6827675583564302,-0.5104394586270395,0.15433585015353007,-0.024603775474414755,-0.2785992017324839,13.89250067951732
MVP,GARCH,0.06824545284081585,0.14006827099609856,0.1041674394782238,1.3446454256503044,0.48722992263334747,0.6779374202570966,-0.4658381191477583,0.14650036146820608,-0.021148840144369466,-0.3540011948013397,20.741133954281445
MVP,Historical,0.06714672164186863,0.1328265130675303,0.11799556785063775,1.125690697430822,0.5055219781891781,0.7071091471824541,-0.3747139679910152,0.17919460542628787,-0.0198724841318805,-0.3241212108784446,17.955841928779968
Naive,N/A,0.08032616694228834,0.18648714171901287,0.171456288684123,1.0876658018801602,0.43073300497746253,0.6048690629644224,-0.572388125746951,0.14033513856959362,-0.028203568351480385,-0.2606925092051301,11.24904597276521
