Model,Covariance Type,Ann. Return,Ann. Std,Ann. Std (fcst),Real / Fcst Std,Ann. Sharpe,Ann. Sortino,Max Drawdown,Calmar Ratio,CVaR (95%),Skewness,Excess Kurtosis
ERC,GARCH,0.08208326855054149,0.1848600565514298,0.15944633052621976,1.1593873370515162,0.4440292299040012,0.6164360231624686,-0.5022012780147299,0.16344695273382784,-0.028725689686615746,-0.4270153500614623,15.034117739743065
ERC,Historical,0.08544702806821247,0.18695690973309376,0.17396917557065328,1.0746553756999662,0.45704129465019316,0.6368123647515945,-0.5040193413875693,0.16953124821157878,-0.02899785010339671,-0.37176661904366926,14.491835734256691
MVP,GARCH,0.0741937412389666,0.15120947356352388,0.11738189794649626,1.288183921105506,0.4906686035633702,0.6705193349274381,-0.39226811402138084,0.18914038278146314,-0.022962547170730728,-0.9456191128885977,22.239783563511203
MVP,Historical,0.06136906972945777,0.1462761745493175,0.13281527625805484,1.1013505273678659,0.4195424847452993,0.580699284702188,-0.3674858720849923,0.16699708585059375,-0.022068564145890753,-0.5552721835164687,21.450755941895665
Naive,N/A,0.08908756137264451,0.19996486610696712,0.18778506822203592,1.0648603107810994,0.44551607043303765,0.6216921141388719,-0.5312184639598252,0.1677041884210222,-0.031003257389634616,-0.3463231140821967,12.867171762278875
