Model,Covariance Type,Ann. Return,Ann. Std,Ann. Std (fcst),Real / Fcst Std,Ann. Sharpe,Ann. Sortino,Max Drawdown,Calmar Ratio,CVaR (95%),Skewness,Excess Kurtosis
ERC,GARCH,0.08333271941295028,0.18429474705093965,0.1595041592104204,1.1554228301207814,0.4521708879196479,0.6292255865739333,-0.5070725194808792,0.1643408313632595,-0.028629186402177324,-0.37290202096985964,14.46052175232308
ERC,Historical,0.0867944919790149,0.18683377405725302,0.17398809205269244,1.0738308113676553,0.46455461501525813,0.6476285023076992,-0.5041021586170381,0.1721763941997953,-0.028978080409007977,-0.3655077632290662,14.363518560778024
HRP,GARCH,0.07928227430696877,0.17233870935895743,0.14768301042674878,1.166950137737326,0.4600375307548282,0.6389824181384567,-0.47968454824183226,0.16528002537825906,-0.02670390343697191,-0.38618941070415114,15.340951444914902
HRP,Historical,0.08486686826953771,0.17612127502905153,0.16376712599300455,1.0754372952516411,0.48186607924306,0.6711473500701074,-0.4704653610566777,0.18038919609070575,-0.02724408897718525,-0.37665354541754165,15.411079462793195
MVP,GARCH,0.06395155665327379,0.15151312911247297,0.1170241836512859,1.2947163943818556,0.4220859078542331,0.5894050208305864,-0.39785364928725975,0.16074141023424232,-0.022955663351569427,-0.1834946258179512,19.35994087558376
MVP,Historical,0.06442196804550027,0.14601971454235668,0.132819293470619,1.0993863220229956,0.44118678253416976,0.6165192172322563,-0.3577568393808931,0.18007193980409725,-0.021941047132895453,-0.2578500417723655,20.45193888259503
Naive,N/A,0.09096641883911727,0.1999307918210843,0.18785569860500242,1.0642785569229485,0.454989539182749,0.6352189922313792,-0.5312184639598254,0.17124107125537866,-0.030980304602880083,-0.34625086618933404,12.879202490396635
