Model,Covariance Type,Ann. Return,Ann. Std,Ann. Std (fcst),Real / Fcst Std,Ann. Sharpe,Ann. Sortino,Max Drawdown,Calmar Ratio,CVaR (95%),Skewness,Excess Kurtosis
ERC,GARCH,0.0798680697151315,0.17559868062659828,0.15500195254218635,1.132880442772527,0.5256890420983396,0.7357664434473193,-0.5362903814142091,0.14892691064963293,-0.026709366375918052,-0.3071082378938474,13.731613194250006
ERC,Historical,0.08180422485625494,0.17783622377636765,0.1683823434339872,1.056145318740541,0.5313823828364037,0.7444780381736366,-0.5461096789135355,0.1497944973599467,-0.027035807846626514,-0.30656875833709396,13.394414076860315
HRP,GARCH,0.0768978962666953,0.16474850346167635,0.14402621463591622,1.1438785909783438,0.5323476560768983,0.7432078322201743,-0.4992968187854927,0.15401238977196866,-0.02507092391390989,-0.33061582598668854,14.880158764314338
HRP,Historical,0.08180819549094132,0.16780520080703706,0.15849159829784376,1.0587640140500747,0.5528118345080314,0.7733104542579767,-0.5121422272056837,0.15973725880269188,-0.025545406156059977,-0.33682769778686444,14.178100278375233
MVP,GARCH,0.06162737576589894,0.14420282940002715,0.11580967045053667,1.2451708811451756,0.48699883252415765,0.6782444224181193,-0.44363305606335324,0.1389152023809024,-0.021734721084418582,-0.22563373924256602,20.10249562701813
MVP,Historical,0.06942643623866562,0.14094084322466774,0.12868909839922915,1.0952042168127583,0.5468835398950017,0.7684819251268248,-0.39710160569769415,0.17483292749896015,-0.020867849760122473,-0.18507694050760076,18.961177200261798
Naive,N/A,0.08326765319197782,0.1895897698924626,0.18099481811765902,1.0474872809298676,0.5169932484976165,0.7255323801182857,-0.5723881257469505,0.14547411004257968,-0.02874183681288129,-0.28360234782638855,12.169395216471756
