Date,Historical,GARCH,DCC
2006-10-09,-152.8068477902125,-152.95083798255777,-161.33403604580778
2006-10-10,-167.87225007036386,-170.92122432515734,-172.5318804004182
2006-10-11,-161.26533330898587,-161.42695662363477,-168.09146713732622
2006-10-12,-165.40754696135104,-167.3398652660356,-169.77158455230486
2006-10-13,-157.6211852659817,-157.12451514681618,-168.69963730833564
2006-10-16,-150.043770533514,-152.82004838075935,-163.5767608759009
2006-10-17,-158.42134185439144,-165.42756112974558,-162.2674768215756
2006-10-18,-151.1173982215408,-151.53742457703999,-164.54991720428842
2006-10-19,-167.75788487221126,-170.01358017547943,-175.73289942182936
2006-10-20,-154.94192955804525,-158.2119210768655,-161.37587217083242
2006-10-23,-144.23117690819942,-143.6396151298917,-152.05811760025705
2006-10-24,-160.0927214561091,-159.16782043602757,-158.9081791926563
2006-10-25,-161.2217788266227,-163.71378893157174,-170.62487550383682
2006-10-26,-154.5082467351641,-157.37201800856272,-165.646689806968
2006-10-27,-159.94021676602773,-159.12780199377377,-166.3521739315198
2006-10-30,-163.89651481716643,-168.6375523878233,-172.54628357046772
2006-10-31,-163.7477156306495,-166.91534713694656,-171.1708382972802
2006-11-01,-162.42161859753767,-164.3566047982364,-168.55355352069577
2006-11-02,-163.59750831129665,-164.0980368322725,-162.70851024233707
2006-11-03,-159.58192401721658,-161.7614992584621,-165.88126921505625
2006-11-06,-144.73224827517674,-138.48706095636155,-143.51543191376186
2006-11-07,-167.8779792686476,-167.15062706048244,-165.7326584574513
2006-11-08,-159.62615212073408,-159.8902341556882,-160.84199452886944
2006-11-09,-164.6860375233602,-164.8659033147986,-165.868427614181
2006-11-10,-147.85574546260284,-149.32487757085028,-165.18169548525515
2006-11-13,-129.64961002171717,-115.88325635956032,-134.12963698443738
2006-11-14,-150.2404381200153,-149.23082719178086,-159.14143311239758
2006-11-15,-165.4694900393519,-166.50182430557206,-166.8464761499716
2006-11-16,-158.66728293857514,-158.32596431026985,-164.413833473739
2006-11-17,-153.29055937667383,-160.764127945777,-157.42658778783522
2006-11-20,-155.14680962028572,-153.47296041493226,-162.84973000383783
2006-11-21,-154.25234364026454,-153.76738262211276,-167.10484269321668
2006-11-22,-146.59324330772634,-146.41770075340034,-153.48677421653014
2006-11-23,-161.51316417264724,-163.52973223143002,-169.05004702785976
2006-11-24,-150.91314141429032,-146.865044105244,-158.81318285090018
2006-11-27,-130.16549854472436,-132.23650188583244,-149.93801712169494
2006-11-28,-141.20231048498727,-149.99781962155913,-157.02658203761223
2006-11-29,-154.71710101572404,-157.09141911396898,-167.19905967241175
2006-11-30,-156.79986679581123,-155.83533739021294,-158.08919166011017
2006-12-01,-157.5557132578774,-158.7933789365098,-160.9035549596424
2006-12-04,-163.03337887572403,-163.73090025683732,-167.91016516758347
2006-12-05,-163.61498737637038,-167.04136000740252,-166.02482915920652
2006-12-06,-126.66049387679777,-129.7732557538913,-140.2676231750676
2006-12-07,-154.4476179680454,-152.51587734689042,-163.15251750254504
2006-12-08,-163.3328633747996,-163.39182062208133,-167.29221242817016
2006-12-11,-136.40509079701906,-149.3637474294319,-157.0017881997818
2006-12-12,-139.7057993043932,-144.0546770707081,-158.97424118993072
2006-12-13,-138.88929834571977,-145.46213098527306,-159.75068926353282
2006-12-14,-149.1683211592309,-153.21409784638945,-153.606376817405
2006-12-15,-155.477725855488,-155.10808476698162,-159.1218513164654
2006-12-18,-140.49005085955926,-150.19335360864946,-155.7547242239757
2006-12-19,-150.15161126882884,-152.6036923515161,-160.4139432988388
2006-12-20,-139.60043281240735,-147.40808274794136,-153.53733239635267
2006-12-21,-163.68545060001503,-163.55740978086396,-169.22022943973127
2006-12-22,-155.37534822181232,-157.7117901955899,-165.31620598430564
2006-12-25,-163.9179726397879,-159.0789848765769,-166.79658172298122
2006-12-26,-147.45870309622856,-153.1303789209611,-157.51569310356967
2006-12-27,-160.84602861795875,-158.77544155113247,-158.34155461792392
2006-12-28,-147.1970743514766,-154.68570903215516,-158.0057485566635
2006-12-29,-159.2437670233444,-158.84679995627923,-157.54618695260407
2007-01-01,-164.20698624130762,-163.78375417919935,-170.41150321403524
2007-01-02,-153.9601944261022,-154.3130261378549,-155.42094269327035
2007-01-03,-163.61211860675922,-162.4575056332693,-166.39018023771658
2007-01-04,-157.77602708576882,-159.77330389606192,-162.73508041288687
2007-01-05,-151.38701991555627,-156.94027591404753,-169.63452594617104
2007-01-08,-155.2166507437733,-158.37807339010106,-164.80387992634033
2007-01-09,-164.0255658429687,-165.32396004640177,-171.39811519799662
2007-01-10,-159.56569255542018,-161.71336088569183,-158.7897694383355
2007-01-11,-154.26698211482307,-152.45974906961436,-151.64959608635394
2007-01-12,-138.54332557851978,-144.05568014853358,-159.83084276599718
2007-01-15,-155.34576591009284,-160.421223019636,-162.15331838721613
2007-01-16,-159.93146059211946,-161.5242699013437,-164.74350846497114
2007-01-17,-128.14699393770053,-140.0615968875289,-153.8590019211897
2007-01-18,-153.06597159042204,-152.40162038398572,-160.78837740716256
2007-01-19,-157.0783274344653,-158.97866666201116,-158.97920988351987
2007-01-22,-166.36440665543552,-169.2818141493663,-171.96975993432477
2007-01-23,-144.06703954379384,-143.95458302207908,-158.97904938371903
2007-01-24,-166.87513012156012,-166.63661548645345,-170.34706028275082
2007-01-25,-150.0553088842173,-158.44512151385905,-154.98622092828137
2007-01-26,-146.36728684766615,-150.63232632982778,-150.97779532870882
2007-01-29,-167.73653039162755,-169.2826246230271,-173.25381170706308
2007-01-30,-154.802230199107,-156.84854359622474,-167.87383076883623
2007-01-31,-150.70686450442136,-154.93904834605138,-161.33643213327136
2007-02-01,-153.3579386205773,-157.35978099811084,-155.76755698223317
2007-02-02,-154.35257930912854,-152.39664944835943,-160.9907380265753
2007-02-05,-158.05212545265096,-159.5930864605705,-162.75415679409238
2007-02-06,-156.74753477842833,-162.28085213621483,-163.69737294344782
2007-02-07,-162.55443525791958,-167.57151305397332,-170.4041614274235
2007-02-08,-151.02442389411337,-145.99972785302012,-158.35479850296124
2007-02-09,-139.98040992902912,-151.4480883599114,-155.2031343538673
2007-02-12,-141.72727625892972,-147.7366546996875,-159.6781671707915
2007-02-13,-147.11861740472915,-142.53939923475133,-157.1325266196521
2007-02-14,-148.42832610109267,-152.490756991602,-162.1613239216685
2007-02-15,-148.82012753385283,-149.45514007175004,-160.44868873031805
2007-02-16,-154.04026454488212,-157.81560592889062,-163.52051935783544
2007-02-19,-142.70150957654354,-146.59817791795973,-143.50320800209718
2007-02-20,-162.63434976811726,-164.15880742716925,-164.95074105663795
2007-02-21,-149.7301862027676,-151.94011223382853,-164.03706823021602
2007-02-22,-154.56545632127936,-157.13137907754825,-157.36929790007053
2007-02-23,-149.19432340013728,-157.17994331331371,-163.24886680348826
2007-02-26,-165.27331290317713,-167.89835480492235,-172.69234396949216
2007-02-27,-162.19345077842468,-155.87200699475875,-166.16058075338327
2007-02-28,-147.31215634375096,-154.5093712683294,-159.2213582282286
2007-03-01,-146.92001446392115,-154.60694476348584,-155.07820955521655
2007-03-02,-157.69887234985435,-163.50608614527897,-160.8781241212287
2007-03-05,-142.91031669665998,-142.1170649023486,-155.4469549708022
2007-03-06,-165.17545285082636,-165.27892839624263,-171.17985648619916
2007-03-07,-144.4857142840806,-139.57784602870038,-150.19908271211574
2007-03-08,-137.51912164779898,-137.93221786273165,-152.57370848838278
2007-03-09,-163.64751575718822,-163.66502029614517,-169.54541279583663
2007-03-12,-163.38883721750523,-165.84452595526403,-172.38850343200033
2007-03-13,-156.67560891602187,-158.81870480680317,-162.2608408291108
2007-03-14,-157.25005306877404,-161.8337458083506,-172.30565381233953
2007-03-15,-155.89178147660385,-157.80445336053958,-160.4640164654216
2007-03-16,-164.43627928211404,-162.57242555423602,-161.32018260226303
2007-03-19,-168.98148769453306,-170.5254132551566,-171.15173878765594
2007-03-20,-153.53819814245583,-154.17983840732145,-157.94211336183696
2007-03-21,-156.73090351376408,-160.32504715766453,-165.85847957968278
2007-03-22,-147.20090046007516,-153.99893293857124,-164.29953061621225
2007-03-23,-155.497943059185,-159.68742922549333,-159.7174696291824
2007-03-26,-161.9348159057433,-163.28316333545897,-163.4776365721705
2007-03-27,-155.03359587818127,-155.75510977321557,-165.64654231997966
2007-03-28,-158.84104227596112,-159.54266877247093,-165.9957838414188
2007-03-29,-157.15672462051458,-161.24840909178073,-163.8512340848856
2007-03-30,-159.39668765921553,-154.83672104140174,-165.20707727509028
2007-04-02,-160.93504264031773,-163.84124166111658,-167.1032144864434
2007-04-03,-153.83640252201567,-152.3808369719115,-155.1854586757084
2007-04-04,-158.30196711845568,-161.3219965344832,-168.6851251443922
2007-04-05,-155.4731757468276,-153.53195740006916,-157.74220195500985
2007-04-06,-159.25630548151622,-156.65039220831625,-167.6544712947097
2007-04-09,-158.26488582205013,-158.3120282558251,-163.3442018428482
2007-04-10,-163.46890069524792,-166.07466716729314,-170.78904332396488
2007-04-11,-155.04231999759378,-151.19494878892775,-148.5215943585716
2007-04-12,-166.66699273072686,-170.7068501118337,-170.78897192308978
2007-04-13,-164.60660429384706,-161.72271865695745,-165.83584987516537
2007-04-16,-170.4699728229498,-173.62603252260516,-176.1605251248758
2007-04-17,-162.73593147701084,-166.5266973513638,-170.67047881476486
2007-04-18,-150.30491007682397,-146.59135556857564,-167.5640993620682
2007-04-19,-165.28799187999115,-165.28088636765378,-164.6600933931653
2007-04-20,-159.06806404191641,-162.6575979103191,-169.6932860542372
2007-04-23,-148.1359413992043,-141.97617603561395,-158.61732330067818
2007-04-24,-162.7036860499581,-163.2513901461103,-166.61116410073106
2007-04-25,-162.58438417394248,-164.16166259884966,-165.47239688792158
2007-04-26,-158.44602880761212,-156.1364472570684,-159.0580149053868
2007-04-27,-158.01158422131195,-153.85001452939719,-161.39107617192943
2007-04-30,-167.85169430770964,-171.80428110483896,-172.73080264754628
2007-05-01,-156.90030859263922,-157.3029855822078,-160.54947695147257
2007-05-02,-161.88544046355813,-165.6032723833083,-168.62876745182479
2007-05-03,-159.4302442469272,-158.68439889735282,-169.4720722713364
2007-05-04,-150.60287665912526,-154.71252491104454,-165.51151559833545
2007-05-07,-165.2897869729064,-168.4449661030782,-169.57923403709452
2007-05-08,-162.69403002363157,-161.2206081857811,-164.64976546946528
2007-05-09,-150.4788400965674,-145.75470850906493,-154.39099776238027
2007-05-10,-161.4369592487966,-160.6579687011313,-169.57084741105083
2007-05-11,-171.15566987677238,-174.0061687044706,-173.43027293676343
2007-05-14,-166.42185306588613,-168.5627805102559,-176.45193819469674
2007-05-15,-153.74640329918103,-149.80088046510377,-162.43438521329446
2007-05-16,-139.94034797819612,-135.15958217340446,-149.6510855174742
2007-05-17,-153.25338083744046,-149.14966553757546,-167.87669068052188
2007-05-18,-159.87843667667664,-158.48062432818557,-158.9998700946135
2007-05-21,-147.0284203532227,-142.84190582299655,-164.5816237100192
2007-05-22,-154.04186788746148,-156.7162877910005,-166.97348256626546
2007-05-23,-150.4550421258944,-144.05276891551932,-153.34704350814033
2007-05-24,-147.87575357462865,-140.1752507412654,-153.58617872415783
2007-05-25,-150.413268395324,-150.09996667053883,-156.38712002964365
2007-05-28,-148.71038053320802,-148.70778063720482,-163.61966315003167
2007-05-29,-159.84047242270586,-161.66852207474037,-167.60088029135727
2007-05-30,-164.5235903675665,-165.78376733761684,-163.10235482412466
2007-05-31,-152.32085639650717,-148.83827588106004,-157.989288353924
2007-06-01,-165.33327217960175,-168.41128563630022,-170.23385156743214
2007-06-04,-159.2979084598601,-161.59707040337375,-164.06410307193005
2007-06-05,-154.91606894639028,-156.3916634397806,-163.2933766295297
2007-06-06,-151.13655444574837,-149.27794181831592,-147.77241600741675
2007-06-07,-151.71782182234247,-151.91127045442855,-161.92639334846922
2007-06-08,-148.84219099163937,-153.57344399934954,-159.81707720198293
2007-06-11,-161.84050291099538,-161.72982687214434,-171.6694874018141
2007-06-12,-162.06770465556826,-166.87591815369322,-165.65374120827914
2007-06-13,-162.61822607372795,-163.02232228634946,-170.1918388918358
2007-06-14,-132.47130992099943,-144.03206151360655,-154.132128453029
2007-06-15,-150.00622097717013,-149.70172623404812,-160.79461817873053
2007-06-18,-146.46832297608458,-155.69922135473053,-161.00745858523715
2007-06-19,-151.30911864927558,-148.66047816676138,-161.34186969320024
2007-06-20,-152.59119930301733,-156.28420730383863,-158.0298832606685
2007-06-21,-160.3152920751329,-161.4488511795068,-167.09854789075322
2007-06-22,-161.64136447522364,-160.20873490300667,-164.81278267836018
2007-06-25,-156.02849481709578,-152.84696102485762,-152.79428329861713
2007-06-26,-154.7360015976198,-154.643667663435,-163.8528055430749
2007-06-27,-155.15920369419942,-151.8435285219701,-157.62913170414308
2007-06-28,-138.8908995779403,-142.80080603709834,-155.52044582171084
2007-06-29,-161.4120806504719,-161.9286005861684,-156.46978024347527
2007-07-02,-156.95086723331437,-154.72727916245563,-153.86777283284317
2007-07-03,-156.69396057283475,-158.73133272185305,-157.36760739318862
2007-07-04,-156.41758780461714,-154.87831920989896,-158.09094556071798
2007-07-05,-166.20601923279838,-165.8670313050034,-167.61924062329436
2007-07-06,-142.59981739945982,-147.3691021876694,-154.33300884701384
2007-07-09,-164.13773120309278,-165.36120169626201,-167.34324077627087
2007-07-10,-162.79306473908107,-164.09965570920318,-166.66111389270174
2007-07-11,-156.84611141012306,-158.25556091842216,-155.7792154716571
2007-07-12,-142.5842263920039,-153.86209686196244,-163.4006039578876
2007-07-13,-142.67635476806723,-145.30629247089874,-153.34272904377053
2007-07-16,-160.83109509873756,-160.94635730074677,-166.27458427659775
2007-07-17,-154.81966863498246,-154.58383473734787,-163.9565551941997
2007-07-18,-161.89869532718933,-165.08679660929917,-168.08988889363147
2007-07-19,-150.14736486236637,-153.11533994675952,-159.41043570625624
2007-07-20,-148.4786563037238,-149.6075825779388,-149.7157328032643
2007-07-23,-164.25376652470757,-164.9506283529941,-170.16320242606827
2007-07-24,-141.92384138274684,-133.42501231804744,-142.03941600865357
2007-07-25,-155.9755492949016,-158.02739088865945,-166.12052374512385
2007-07-26,-160.50544550105826,-157.64967541119637,-158.98436822210147
2007-07-27,-165.64878010769598,-166.339014789914,-164.02992701034168
2007-07-30,-145.49280423546833,-146.43059673275135,-150.55433313246246
2007-07-31,-154.79983723689162,-157.85303307495423,-162.32821332209042
2007-08-01,-156.0150726481745,-157.80977728811035,-157.11560393650225
2007-08-02,-145.9927257043848,-147.63072319854749,-159.08987136685755
2007-08-03,-155.6532753485672,-159.73103589784154,-161.75458564851664
2007-08-06,-139.62232025869125,-143.76039507342787,-152.49471321617938
2007-08-07,-153.6293621831393,-151.76846942090216,-160.4778668553704
2007-08-08,-142.93437555489535,-150.93447849568776,-158.9400686415448
2007-08-09,-161.64323329603425,-163.9146449339989,-169.68204674532058
2007-08-10,-155.27847400538073,-153.88210810740145,-160.12337716547964
2007-08-13,-148.39933081506376,-150.5857568548884,-164.21207393443868
2007-08-14,-156.47996170098898,-157.1463379393291,-160.95866116924793
2007-08-15,-144.68038970488536,-152.88696932004544,-165.6603562101505
2007-08-16,-163.9659016437645,-164.8324121296331,-168.13310407107963
2007-08-17,-146.9595462450441,-152.02110895021366,-165.14964079753884
2007-08-20,-148.53318435444893,-147.39596440455801,-160.11399115149868
2007-08-21,-133.8844227244598,-142.96671641625755,-156.43674796346468
2007-08-22,-166.25974564519987,-162.62399893194075,-164.60591174186067
2007-08-23,-150.0742314559499,-157.95930717429502,-164.23013468184985
2007-08-24,-140.60620487584606,-150.93458739246478,-154.34006996262804
2007-08-27,-152.36326616680986,-158.90787280775504,-166.27529477750664
2007-08-28,-160.74297721002407,-158.76093207950797,-164.01492898555105
2007-08-29,-128.3276332981344,-147.93447125419573,-152.4670671978119
2007-08-30,-156.33342439018725,-157.43955193894385,-157.05874281203077
2007-08-31,-159.3869593080708,-154.89308264884133,-162.14074677267138
2007-09-03,-136.44772650158666,-150.8734799112609,-148.40413716225365
2007-09-04,-157.7689086036302,-163.81988191071346,-165.46218751540087
2007-09-05,-152.3876400891309,-150.22425397806018,-156.15827700149674
2007-09-06,-165.6051600207883,-162.74996796011317,-167.1743238517633
2007-09-07,-140.36851109980077,-148.15721589022905,-153.23621967657348
2007-09-10,-163.74167081258844,-162.83283942581124,-165.432075868948
2007-09-11,-159.80826676202372,-167.1990435161118,-170.28473483415652
2007-09-12,-144.6591184731668,-149.4600409898726,-154.5162509735248
2007-09-13,-153.94154011277104,-158.22143790301914,-164.27848953776143
2007-09-14,-161.71674399620855,-162.1991826461236,-169.74600172571635
2007-09-17,-156.9168097001936,-155.77839931767303,-164.3064621274354
2007-09-18,-157.07560287993047,-162.03259602418225,-164.27222019800234
2007-09-19,-154.88033453426812,-152.55184410921197,-158.81897543497857
2007-09-20,-154.1488454547429,-159.851681703867,-166.38707787161306
2007-09-21,-165.96817963789573,-167.46902180958398,-165.48478870998346
2007-09-24,-162.22262941103264,-164.83078517720037,-168.99134484918093
2007-09-25,-154.0528772542019,-155.3942827585922,-161.00004705725215
2007-09-26,-147.36063223309077,-159.30430867334252,-165.97885753345028
2007-09-27,-162.7968473557504,-166.84437410513118,-171.44824765255467
2007-09-28,-152.42801160084696,-155.53768285255822,-158.77443639145548
2007-10-01,-152.09949059563274,-155.1419362478635,-156.66822823167206
2007-10-02,-150.13285309383642,-154.88119546881322,-161.41529239480383
2007-10-03,-159.39340783866413,-160.12958479731137,-168.35794603509916
2007-10-04,-154.3128323421593,-156.79110804152288,-166.72777614019896
2007-10-05,-167.44811124690693,-168.27509142428892,-173.269065477424
2007-10-08,-163.03559331365418,-164.86779403153605,-167.61849829081532
2007-10-09,-155.1114804980587,-160.37138184104464,-168.08853943293406
2007-10-10,-163.1227900491722,-166.70410692739785,-169.4361541940532
2007-10-11,-160.39900072634904,-163.64723390746437,-169.86258438584457
2007-10-12,-167.62911067822,-169.42305350751525,-169.94454020316232
2007-10-15,-148.9920013997517,-142.91839330925274,-153.89899468023813
2007-10-16,-158.07996644674432,-164.54588059942964,-166.28898880078702
2007-10-17,-151.437719840826,-157.12380485478417,-160.4549712597396
2007-10-18,-157.2368171085889,-155.92431309282588,-159.3477393461288
2007-10-19,-144.6258125927883,-141.83426817064407,-147.91906627353688
2007-10-22,-156.06983992934983,-154.91820014544453,-160.07397531584076
2007-10-23,-137.18047155137145,-138.08854539951506,-154.46823151901125
2007-10-24,-155.35940287482612,-159.02446475022535,-163.18017922563547
2007-10-25,-157.0214710902985,-163.06157385679583,-166.4288605931248
2007-10-26,-161.34669044575742,-160.65817110700345,-162.58796878708202
2007-10-29,-132.88774256631683,-140.06167603100255,-161.45323108216962
2007-10-30,-150.8604576334597,-150.49100647199302,-153.60619486192653
2007-10-31,-141.31214293700333,-142.20694091193715,-146.74125310474645
2007-11-01,-138.01979302588387,-148.92940613766524,-147.0640496971158
2007-11-02,-166.90452091068187,-168.00026218458004,-172.28347739361232
2007-11-05,-131.81298323060292,-139.44225782588057,-154.35339493301012
2007-11-06,-167.32235068745314,-165.0730289419134,-168.67944219065515
2007-11-07,-157.14090585996564,-161.1293545325871,-160.30062526222295
2007-11-08,-170.40307646173008,-168.8069667835771,-172.95457013196733
2007-11-09,-148.00288575345607,-153.3154909479478,-159.42519592994992
2007-11-12,-141.54105676581304,-146.98695220116076,-158.9026237024884
2007-11-13,-165.24881815527704,-163.3339589260733,-164.80642806697037
2007-11-14,-150.69530506960513,-159.2809537856591,-165.3888704516623
2007-11-15,-153.0711496989338,-154.05041216345018,-157.36459025457677
2007-11-16,-144.19892379590138,-148.72158304795352,-150.27809333684036
2007-11-19,-156.05206353298837,-159.06665103849573,-163.79354791131203
2007-11-20,-142.23439571672907,-136.80435942853808,-150.51047575863083
2007-11-21,-162.32522548787418,-164.03445772460813,-168.6317837635401
2007-11-22,-159.38659189494362,-158.88379207057693,-162.69800992934395
2007-11-23,-152.2208237520587,-153.11441633995034,-154.36618773502718
2007-11-26,-149.05348327336765,-154.70642610524033,-157.10508485865935
2007-11-27,-161.97883129735143,-163.44524780156513,-163.5798808855635
2007-11-28,-148.36534241019922,-159.26467613580107,-163.42238365384102
2007-11-29,-168.06629210505648,-169.321681928754,-173.64379018760164
2007-11-30,-147.243306559546,-149.62824648091694,-161.73431773562024
2007-12-03,-160.49988794923237,-160.50256152068857,-159.12189061643988
2007-12-04,-160.12966331767538,-161.0085980710842,-164.21868407134656
2007-12-05,-139.54883798629928,-138.4324131545473,-158.98657279517505
2007-12-06,-158.35793016168432,-163.89327194339035,-163.75580955038862
2007-12-07,-159.58443923003847,-160.600201036303,-170.85998060740002
2007-12-10,-148.57074920854762,-156.1743245588571,-170.7645111311728
2007-12-11,-154.07260946671425,-152.45433902208183,-161.87122574589247
2007-12-12,-156.87376603756925,-156.0301953287887,-157.65882552136136
2007-12-13,-156.46092179765816,-161.5014524658332,-158.539461513608
2007-12-14,-161.6077788516368,-161.9781084493404,-166.37148312228118
2007-12-17,-162.0459434585643,-165.08311722553756,-169.92721655388274
2007-12-18,-155.389866136787,-156.6047242794785,-163.26933941081046
2007-12-19,-161.076584211147,-160.7922238283653,-170.29792298804927
2007-12-20,-160.6203512771034,-166.03577840658664,-170.2127879979854
2007-12-21,-161.88438331517224,-162.43937904658137,-163.54929157727304
2007-12-24,-164.91358079064761,-167.11289676575896,-169.742391789044
2007-12-25,-162.4309756243962,-164.01850425187817,-164.11668006395786
2007-12-26,-164.94885453149513,-163.4926818714502,-165.82767940024218
2007-12-27,-158.9211917877281,-158.50522036535125,-162.53847344127556
2007-12-28,-152.86843512792967,-165.50656826119572,-171.95135529201167
2007-12-31,-161.98579607011663,-162.4967248597075,-164.23283867626375
2008-01-01,-149.9685168841761,-150.054029490836,-152.5609964484563
2008-01-02,-140.19788506112548,-147.14514587561757,-161.3593762833259
2008-01-03,-164.28027573681115,-167.14978986589827,-170.0600565480479
2008-01-04,-150.42962439865914,-154.00566616656377,-150.34330669231608
2008-01-07,-162.43420124719054,-159.71294034869337,-166.307707466367
2008-01-08,-146.0752426512671,-148.00778845131939,-157.42321468940318
2008-01-09,-154.41055010875783,-156.11382829955517,-159.74273140780667
2008-01-10,-160.05752849149172,-159.42463306808924,-161.73887594530675
2008-01-11,-148.75762628142525,-147.62754285345247,-157.24661434142146
2008-01-14,-156.6150911922716,-156.58827931509737,-160.16252139005343
2008-01-15,-160.39978220799242,-163.28643606041695,-168.3905290320422
2008-01-16,-158.23648131892975,-162.36444870293582,-168.22092230914265
2008-01-17,-151.92383888863927,-155.73617078252,-164.5678048127428
2008-01-18,-129.19622024795783,-134.40428334986268,-150.50234344082608
2008-01-21,-149.46953893156171,-153.0533978532034,-161.08752085385316
2008-01-22,-153.7974263881479,-158.17275020673054,-163.8507471868086
2008-01-23,-144.58810933872363,-150.31628070902255,-153.6995938368276
2008-01-24,-132.66748750306917,-130.79509065344115,-138.52918124094694
2008-01-25,-139.4733765531498,-150.2940302298736,-157.47686447020294
2008-01-28,-165.90267662699046,-167.41596097930903,-169.54903896124105
2008-01-29,-157.69005889237278,-158.85089873249774,-163.70866901574504
2008-01-30,-165.33756613799534,-163.56691581228966,-169.76979227570135
2008-01-31,-164.61862999988975,-163.00529171477788,-167.63316799523852
2008-02-01,-164.61081614830516,-166.3530710664296,-166.77948745871163
2008-02-04,-153.56836164933947,-149.6027156300799,-154.78384831108247
2008-02-05,-132.5231587604215,-137.63757693926934,-158.24092512233742
2008-02-06,-145.22253362797386,-152.53342637274395,-163.31925588345769
2008-02-07,-138.97755513907606,-152.2884629883036,-159.5180278147461
2008-02-08,-142.44177424092464,-148.59769513707658,-157.6754939101503
2008-02-11,-163.51725549359372,-158.42643798250626,-162.44042344722752
2008-02-12,-156.88421237982098,-160.06119162062663,-159.1963157129548
2008-02-13,-157.32342878577595,-156.39587840846133,-160.4251146593342
2008-02-14,-119.93076539717387,-143.90638734481925,-149.25695022654733
2008-02-15,-121.2219110332725,-143.82045472413915,-153.9452507297112
2008-02-18,-159.85505100283336,-158.1531946491491,-159.00920759921655
2008-02-19,-138.04144014189424,-149.01078301062026,-163.06612489909625
2008-02-20,-125.97544439541812,-147.91267535138144,-161.2218595110128
2008-02-21,-149.6973839364336,-155.8159196276736,-162.8054237288153
2008-02-22,-160.53613673196458,-156.6346076823745,-159.24244590691353
2008-02-25,-137.7992624728331,-147.64551507121655,-154.8529520443654
2008-02-26,-157.8852575378346,-157.33842976161412,-162.64270570351127
2008-02-27,-146.62984384486225,-158.44279670820353,-160.06573783383612
2008-02-28,-141.7511675537884,-141.49871609234663,-153.38807235245926
2008-02-29,-147.27642746034678,-156.89415345457522,-157.6292557351124
2008-03-03,-161.24614492213175,-157.71349597843482,-159.6733686987165
2008-03-04,-149.16442882217598,-156.97565524354138,-157.76312049702116
2008-03-05,-148.76925048112426,-150.61084055100127,-156.8096053932325
2008-03-06,-158.42593259735145,-157.34384691970047,-162.8895987019817
2008-03-07,-166.59707513858,-164.41557226623493,-166.29398039532015
2008-03-10,-153.61845450111957,-154.2063003440781,-162.72747570873176
2008-03-11,-141.51783210764785,-141.61531611854696,-149.43446233204892
2008-03-12,-144.69058780949732,-147.4744290648057,-154.73460055311506
2008-03-13,-154.32492259860672,-158.20516482694222,-164.5407228888484
2008-03-14,-161.88047643356518,-162.85044648241458,-167.29250181423149
2008-03-17,-160.7436189246022,-163.47247493392578,-167.9424353948249
2008-03-18,-160.6053780517752,-162.51048023585454,-166.98029798895445
2008-03-19,-164.95709225426714,-162.07930760137725,-171.52639594964765
2008-03-20,-158.20652109927897,-157.976844156123,-159.83331440322306
2008-03-21,-160.69224809198624,-164.16252257079813,-166.84212145815349
2008-03-24,-165.5451749141355,-165.19519817726905,-168.04062526717453
2008-03-25,-155.0662457738664,-161.63474393443644,-166.86792763751006
2008-03-26,-167.88862581848915,-167.46394065750079,-175.0578227515566
2008-03-27,-148.19569739089675,-156.66617540363086,-163.4994788321081
2008-03-28,-151.60740300341666,-150.48476268218096,-156.99030472345444
2008-03-31,-163.00065787961498,-162.82366754316104,-163.87934340657884
2008-04-01,-157.32449115193498,-159.6092380797763,-162.6402914583691
2008-04-02,-136.21367773109785,-140.9224284334057,-157.0776112428318
2008-04-03,-163.30933510942523,-165.11587253008986,-165.64138639437707
2008-04-04,-150.12607858348926,-154.60273131108528,-150.28880126388316
2008-04-07,-161.72718445438898,-162.78200871261916,-164.688962840738
2008-04-08,-153.73209634255736,-157.98380624521005,-163.6067723850537
2008-04-09,-143.90530559100827,-154.57642138953642,-154.87251128343513
2008-04-10,-156.67509593936776,-157.99505204318652,-156.79352444211347
2008-04-11,-143.49974077591702,-149.16866053343418,-156.58197495756207
2008-04-14,-169.68389472994653,-170.55485892494178,-172.3080438891513
2008-04-15,-163.07521152467586,-164.0085974856284,-169.97234092401337
2008-04-16,-167.11475643734872,-170.59281925513656,-172.50146636914914
2008-04-17,-149.39968107900597,-150.66045778959207,-157.78548608786406
2008-04-18,-164.62579643398666,-164.34776756003396,-166.67052003003792
2008-04-21,-163.02057420876872,-166.13354646012894,-168.6185669101753
2008-04-22,-157.97486186182078,-157.52670687362195,-153.7384460860538
2008-04-23,-167.01703839863305,-165.01723476340516,-163.31453925190647
2008-04-24,-153.93263908727442,-152.7817331968278,-153.85333691697596
2008-04-25,-164.4374381934108,-167.61981372368217,-172.34198061528247
2008-04-28,-156.14868310451237,-160.59434147821682,-165.4552960729622
2008-04-29,-163.28071291569745,-165.31321257644694,-165.5195054234635
2008-04-30,-155.79145497474414,-160.26117189050393,-167.26511159695653
2008-05-01,-163.87008516504474,-166.6341162913707,-168.40183957212787
2008-05-02,-165.353790688394,-170.27392533002413,-174.86106698423154
2008-05-05,-151.51842895817555,-148.81186933731215,-150.08871826854985
2008-05-06,-154.873583166509,-157.42710140928696,-161.38769029702354
2008-05-07,-159.59595900059998,-169.28102842840076,-172.69575410807536
2008-05-08,-165.25120340797935,-171.3322377993657,-168.53631398748462
2008-05-09,-164.2821853742625,-165.43148183948716,-171.56701012664087
2008-05-12,-155.55133534804384,-162.67639998703692,-160.1599959839201
2008-05-13,-153.43929424039578,-157.28514668446115,-162.74354373300434
2008-05-14,-162.82562702619015,-158.36106802105746,-163.55388805643153
2008-05-15,-149.74476464303038,-161.17774509277072,-163.54571707760402
2008-05-16,-155.98521894065152,-164.43473800985447,-169.80249464816208
2008-05-19,-158.75187027022014,-160.55443716733384,-165.42040505793162
2008-05-20,-157.0716656795526,-151.6045006832042,-163.58926360655397
2008-05-21,-151.937894157603,-158.55904688165032,-163.35472314160515
2008-05-22,-154.94963335319426,-160.24744488307334,-165.7695412842569
2008-05-23,-142.43922437453818,-148.25932504214055,-161.0472886973177
2008-05-26,-153.91843801481895,-157.6577158516553,-160.97267198997525
2008-05-27,-160.09999007957367,-166.58558056761694,-167.7186300024133
2008-05-28,-163.1823783936102,-164.84809719660763,-166.0048272320322
2008-05-29,-164.4698627763082,-167.23611258687782,-169.35941244671508
2008-05-30,-165.97780721095424,-163.6749354870587,-165.31568678038238
2008-06-02,-153.95661357604706,-156.34021380169165,-165.5992376968481
2008-06-03,-165.05893202020496,-169.64249048063093,-175.3905399590613
2008-06-04,-163.24798304693988,-164.679750310442,-169.88806146453229
2008-06-05,-151.71924781351703,-157.62983514178998,-162.27594113121805
2008-06-06,-156.00137102179878,-155.22191225746047,-152.2260269108469
2008-06-09,-158.46299936653193,-153.63130108259867,-152.82673559508288
2008-06-10,-148.9004248630007,-155.64777914723138,-158.72328487990848
2008-06-11,-145.97614672919127,-149.12076607898757,-149.35601523827057
2008-06-12,-147.46666268926782,-147.85358071659894,-159.9444370403533
2008-06-13,-159.31244772819645,-159.93968415243364,-166.79871053935125
2008-06-16,-140.5494053897467,-150.60036427171988,-160.7826675834649
2008-06-17,-156.5175253670079,-153.73805302544733,-161.96370268131759
2008-06-18,-163.3332727750101,-166.5381969934138,-170.4962554929299
2008-06-19,-159.26918666109532,-160.68550300481346,-160.10663512919575
2008-06-20,-161.05189434242246,-162.90682350750058,-164.67749091111324
2008-06-23,-160.7588174765701,-156.6694452336455,-164.14479466758007
2008-06-24,-156.1462434908981,-159.81499238305915,-164.4105127435343
2008-06-25,-152.8138901608787,-157.85128631795644,-158.50120648227542
2008-06-26,-153.97421122403125,-153.93375859381112,-162.69814938153877
2008-06-27,-160.28494127942216,-162.2581251690939,-168.9175430080859
2008-06-30,-150.68205699930618,-148.72146074159434,-148.75426757869434
2008-07-01,-153.70622228425128,-157.53821912486194,-165.9286860165032
2008-07-02,-164.44843796053553,-165.33945783789463,-168.24421638082254
2008-07-03,-162.72349493606055,-165.87309780471966,-167.34781739567725
2008-07-04,-150.4619334486348,-157.11449897400925,-163.9285908849797
2008-07-07,-162.26408468976936,-165.14694766288082,-169.57368541174912
2008-07-08,-152.09083414322694,-148.63034886188518,-155.51257563469176
2008-07-09,-142.38031287094225,-141.30213020641708,-150.51253344386524
2008-07-10,-145.86229925916845,-150.74803219189587,-163.84081286228405
2008-07-11,-167.1785795693757,-165.07552609690313,-166.86891084816432
2008-07-14,-147.40541465669142,-156.55644851493213,-156.1881148662713
2008-07-15,-162.37685676397834,-161.81961832241632,-161.57861905322346
2008-07-16,-143.64041850707824,-142.79309317342958,-151.24325889881743
2008-07-17,-164.86419009448971,-164.9603311486801,-163.78676102372762
2008-07-18,-165.00450469384108,-165.60643493599244,-170.91994231649392
2008-07-21,-149.08359494544098,-152.11998791565486,-153.3973989874347
2008-07-22,-158.79167364260667,-160.13900756125324,-161.2723247327759
2008-07-23,-152.8718987129679,-155.87773481097582,-159.1155466766096
2008-07-24,-165.5677276327664,-166.62455557342705,-169.02749936365598
2008-07-25,-161.62795301423145,-165.2804286494462,-168.72327750067964
2008-07-28,-166.29517550681368,-169.18308379559872,-173.20601362450225
2008-07-29,-163.58969307675022,-164.6729496251886,-170.68216710975662
2008-07-30,-156.32404270623417,-154.68452244511198,-161.95113269675332
2008-07-31,-147.20119479772947,-149.38103917414523,-158.22591538793543
2008-08-01,-149.202788942762,-150.59501485170642,-154.56093889946962
2008-08-04,-162.74981629456138,-159.3829766642784,-167.830358702571
2008-08-05,-166.06749593542904,-168.20208667976146,-169.88788916232997
2008-08-06,-160.5448133583081,-155.0174655098978,-165.7191132922509
2008-08-07,-164.7599215146902,-161.5139116115019,-166.69935508712814
2008-08-08,-161.28548688687306,-163.45282357490095,-168.77955489578005
2008-08-11,-149.7480264158779,-148.5300816206327,-160.74182846856377
2008-08-12,-159.20234572485967,-160.58054662942865,-168.26994884270246
2008-08-13,-169.1164770812826,-171.01531035106308,-175.06765101894817
2008-08-14,-166.00309780184216,-167.70474233081256,-170.4046036048446
2008-08-15,-164.05051782211427,-164.9695885870024,-166.780383073569
2008-08-18,-162.99939879050334,-162.4930319421668,-169.05902614381188
2008-08-19,-153.13007753942765,-155.01977439160285,-159.48316692849096
2008-08-20,-146.20203900861918,-145.38524626793523,-151.917358532101
2008-08-21,-170.5742295996825,-172.36309288122698,-176.033637854289
2008-08-22,-156.36601241646397,-158.19534863591917,-157.4625851693549
2008-08-25,-161.49936766766882,-164.30483981400806,-167.88362645832024
2008-08-26,-164.424019113871,-164.26229871292398,-165.46576456665744
2008-08-27,-159.81644599126875,-161.88255347125346,-166.4003898606643
2008-08-28,-161.2986269270935,-163.6162570473508,-164.99346629680738
2008-08-29,-169.65591435625066,-171.52189842866864,-175.81939904014848
2008-09-01,-167.06508665906242,-167.8316989583022,-165.01350767846114
2008-09-02,-167.42389745370065,-166.21616515673472,-170.73743922051133
2008-09-03,-159.72728681650702,-157.98181708500564,-163.2263579617596
2008-09-04,-153.66370903291238,-158.22007672115012,-168.62046515083387
2008-09-05,-164.07302441231587,-165.44090062816767,-163.41225556998023
2008-09-08,-166.94088286069027,-169.08478546771346,-176.58336897396774
2008-09-09,-166.18244426980957,-164.22891141379765,-165.797059992031
2008-09-10,-157.68328690261183,-156.33145653436873,-166.83174924792021
2008-09-11,-164.64224485219114,-166.74008900650483,-168.42110112503852
2008-09-12,-165.63964160424305,-166.7369600282329,-170.02219289270275
2008-09-15,-166.07378874649677,-169.513164318362,-170.076615773234
2008-09-16,-163.77141554651638,-166.6183451825091,-165.12370882463154
2008-09-17,-152.08117745328389,-151.862145385085,-153.7458111888219
2008-09-18,-169.48195429211813,-172.31197947956346,-175.5789475441913
2008-09-19,-169.02105496606467,-173.45224662153976,-175.5842256378903
2008-09-22,-159.4236986995909,-161.9485642834788,-167.64898969412494
2008-09-23,-164.99704658299456,-169.82808474922408,-171.29308516455427
2008-09-24,-147.9553726814525,-151.71093083860112,-162.52474279065115
2008-09-25,-144.33540125779462,-145.29477539695074,-156.57218344920776
2008-09-26,-154.00147160343442,-152.35422356926415,-157.46722176691304
2008-09-29,-166.38657029607705,-170.20569470063674,-173.22457254372398
2008-09-30,-146.49914151225113,-149.73951349281532,-151.25466847327482
2008-10-01,-155.36055080363218,-158.97036697318703,-159.23911292567198
2008-10-02,-162.88624229612157,-165.1260691074421,-167.3989434798405
2008-10-03,-151.65895779845744,-149.57969061729338,-153.8944473517502
2008-10-06,-165.89680174819142,-165.55474104989887,-168.59382541300363
2008-10-07,-159.94075502411923,-161.40540844547763,-160.90876942713518
2008-10-08,-166.20285223435937,-168.77010971290687,-170.35255568339284
2008-10-09,-155.68938937254222,-156.07609705431577,-169.14443183406422
2008-10-10,-152.67099227475995,-147.98347234662504,-151.24625544527566
2008-10-13,-152.1820453384888,-145.92602575527522,-154.6408189990964
2008-10-14,-156.13595138833747,-155.05005443446302,-156.34284485816852
2008-10-15,-158.64812293094172,-162.3857154459449,-163.97218147155073
2008-10-16,-153.2937234300578,-153.05167709982362,-158.47864808610524
2008-10-17,-155.29855412146628,-158.41109657965436,-162.18337646934933
2008-10-20,-152.7791195984715,-155.3833728424812,-158.23132536664653
2008-10-21,-164.60597557187944,-162.41093508184278,-165.53760817535402
2008-10-22,-141.45729569332565,-151.7992185723925,-152.64977559043788
2008-10-23,-167.45565764214294,-167.5199140073612,-170.99670572553526
2008-10-24,-158.50821887778307,-158.84786399257663,-160.3633995852163
2008-10-27,-148.93304179669678,-149.9511474133513,-161.25138295314446
2008-10-28,-160.79259833872675,-165.76366082548319,-168.69618263640854
2008-10-29,-161.33367324510832,-165.75417170290143,-170.91039867662323
2008-10-30,-162.17523131351243,-162.14204516820345,-165.35858534215808
2008-10-31,-145.75258515481266,-149.57514308913096,-161.43217309813954
2008-11-03,-164.62319155124464,-166.6136426403089,-168.36665819016304
2008-11-04,-141.31168882046566,-139.1461205452036,-155.1884037250265
2008-11-05,-161.22461168127506,-165.41221517829274,-170.40554353286126
2008-11-06,-162.06328416139092,-166.94834944460092,-169.7221931609849
2008-11-07,-158.81821919357023,-154.7016495849839,-166.20294683740954
2008-11-10,-149.784947184137,-147.2549748717363,-164.6914352551155
2008-11-11,-169.43599700682418,-167.1931029418702,-172.56420508078367
2008-11-12,-164.90889714482964,-167.54704383986999,-171.5920705115869
2008-11-13,-144.02210761832043,-140.49630561792242,-150.20541630946468
2008-11-14,-155.89499559453924,-151.3080387713646,-167.33831016685815
2008-11-17,-150.8924146216072,-154.4937624162652,-161.08660771257686
2008-11-18,-152.2091901042791,-156.45390548162075,-167.2007156903339
2008-11-19,-142.1701125083203,-127.9293165212692,-147.66266634767624
2008-11-20,-139.0779355240743,-139.04488153827737,-154.56076034330775
2008-11-21,-157.67569500258423,-159.96205120104247,-157.57602051329675
2008-11-24,-155.01559135911032,-158.466383481704,-157.2974474897518
2008-11-25,-155.73325253058056,-157.39568770847274,-164.74217250962454
2008-11-26,-157.6872741559839,-157.7334652443804,-166.4727117555501
2008-11-27,-155.25483425657518,-149.90580654402984,-157.55417194136447
2008-11-28,-165.41639520691027,-165.39123882705425,-169.8850439470892
2008-12-01,-161.6174938787562,-160.48692086563196,-161.81784746630217
2008-12-02,-151.1285219743903,-155.46028590788552,-158.65550305205895
2008-12-03,-149.75620944452808,-154.89793168917998,-159.61592922525753
2008-12-04,-104.2076424598103,-126.66896079871225,-150.43427663628512
2008-12-05,-146.99519771102143,-157.689918807867,-158.37206654081103
2008-12-08,-136.05684623136796,-151.68270841359686,-154.73418408535554
2008-12-09,-144.08814931983048,-143.2066000550086,-153.51303620577437
2008-12-10,-162.10292344538325,-159.75386725332189,-169.70870021092398
2008-12-11,-149.64696930860111,-156.02723090953774,-163.77122997206058
2008-12-12,-135.54279201653785,-148.09356169197798,-153.75319480747405
2008-12-15,-98.85136099373398,-138.3992119682648,-152.53317512380784
2008-12-16,-144.43794954623178,-155.21471564402756,-159.49445583237173
2008-12-17,-104.90114707843216,-141.70953765835947,-156.54498305271267
2008-12-18,-133.3417633891652,-143.86567161632,-157.786867027859
2008-12-19,-160.0266779963322,-155.68147202143967,-161.47063731494853
2008-12-22,-154.72917210879825,-156.3104512382563,-164.27070742059212
2008-12-23,-145.7561892207704,-148.8634903430477,-147.1726910526967
2008-12-24,-133.12296805397156,-154.9261511191856,-156.99274956313084
2008-12-25,-134.87553102649113,-150.8776127124138,-157.98070084653597
2008-12-26,-142.85380314764006,-144.1319465408822,-147.5050067652803
2008-12-29,-151.6620323287491,-150.45065252502363,-151.61070648133582
2008-12-30,-154.42321607391884,-155.2457517500658,-158.92510155435207
2008-12-31,-154.36103421592514,-154.990881409098,-161.65140728939184
2009-01-01,-126.40886360650981,-134.326098213042,-145.097209662277
2009-01-02,-124.15934920170206,-139.02900054227794,-152.25639721409803
2009-01-05,-155.56903319009223,-151.37613652050496,-159.89729069419326
2009-01-06,-147.29314379224164,-153.52781913592128,-154.75523542249366
2009-01-07,-152.47327617043632,-155.82828604217542,-166.50532753462653
2009-01-08,-116.98754418912677,-146.66428949497532,-149.2623532540482
2009-01-09,-118.80460558903462,-144.74660534806395,-145.45346377334408
2009-01-12,-146.71359843739543,-152.85510831688688,-156.95632844334972
2009-01-13,-144.35728604205806,-154.98634455337609,-160.849188080722
2009-01-14,-153.32034436870262,-145.45388997757382,-155.03181227914027
2009-01-15,-149.55954204697508,-153.12221169899243,-155.94036697332965
2009-01-16,-124.62726600642875,-138.68471233016126,-154.43830921553206
2009-01-19,-149.69393049876078,-148.6826452653302,-160.66621365124138
2009-01-20,-139.61491068277257,-142.36084810860285,-149.52202200784038
2009-01-21,-117.12644094420244,-128.14525783615883,-140.40472572446535
2009-01-22,-142.42589411864512,-149.75231556988138,-150.49483050542955
2009-01-23,-150.64791568131375,-151.4066230436307,-158.9813442911956
2009-01-26,-163.44540846056242,-159.91595118404618,-166.4362799193421
2009-01-27,-158.04444950935195,-155.6397725180609,-156.54133527852878
2009-01-28,-141.06649285569728,-143.3755729318748,-146.04514779241836
2009-01-29,-143.34542051128554,-150.20935212642232,-162.08681325949286
2009-01-30,-149.19615864463384,-153.74062619870398,-152.4599337927148
2009-02-02,-154.20583883056753,-149.52124542826743,-156.52200022159948
2009-02-03,-145.40577463518332,-150.18579220970298,-157.18643512024548
2009-02-04,-151.01607387182833,-151.13858741125458,-155.16061846775366
2009-02-05,-123.52239459174682,-139.35627047047615,-142.15383453041247
2009-02-06,-157.62223247755944,-158.6405340305725,-157.61661842433492
2009-02-09,-160.2540130705805,-156.87803152826518,-158.34578849236047
2009-02-10,-157.17488211275307,-153.26030281603357,-160.3674270784954
2009-02-11,-155.1812304416947,-150.12867963969845,-159.9329499528387
2009-02-12,-149.04717736233547,-150.7715756002284,-159.5476600306648
2009-02-13,-147.8763167245966,-147.63177110779102,-151.8077138720319
2009-02-16,-155.90386365252257,-155.58051935745232,-158.2453574786898
2009-02-17,-143.33851594206033,-155.05042445448044,-160.19806506116234
2009-02-18,-162.71244900073444,-163.18773480786626,-166.582364938445
2009-02-19,-156.71963366391498,-159.89937398717913,-160.12776510494956
2009-02-20,-145.4133214626263,-146.3144967354723,-151.5460069143482
2009-02-23,-121.63091834835095,-138.67872409507405,-157.62650227332335
2009-02-24,-161.9154174223077,-162.55927543153402,-166.46438040713628
2009-02-25,-136.1892591491807,-140.37098008871314,-141.98183760381298
2009-02-26,-119.87881044929529,-138.46455757267609,-151.13343666317945
2009-02-27,-136.94721058570292,-143.81505410848098,-148.50792502143605
2009-03-02,-151.2206893962346,-152.50894004330664,-152.91161460338662
2009-03-03,-157.19600093012255,-157.88148884451243,-157.61711876885576
2009-03-04,-157.35186239158165,-159.41006814282662,-160.18730223934267
2009-03-05,-156.29118852107877,-157.2967373716599,-164.985453532318
2009-03-06,-149.1228495763172,-146.43042609149506,-150.03145628686875
2009-03-09,-133.21206411267497,-137.70364371261897,-148.7141224438032
2009-03-10,-158.14234407285906,-155.8807766375028,-157.8587429705401
2009-03-11,-148.57343092628543,-152.97837183997478,-156.55405262577028
2009-03-12,-166.3426927078019,-162.93749568986289,-168.3952084933415
2009-03-13,-147.35888661901814,-151.746276612121,-156.1956740986112
2009-03-16,-111.16365684947957,-135.0768508364519,-151.03690768252585
2009-03-17,-67.36043742418391,-123.96511342290256,-148.1362251539276
2009-03-18,-149.97587435158638,-152.02426949672403,-155.51733831497512
2009-03-19,-147.3649717547503,-151.42687249940604,-153.04271203241018
2009-03-20,-155.29214866793248,-156.34704802644214,-163.9447521826166
2009-03-23,-154.44053084181215,-156.0588165576315,-159.43539092925164
2009-03-24,-136.56622660274473,-142.71642318668893,-148.1982488351349
2009-03-25,-131.50742051792025,-155.18382890652364,-162.88947867950566
2009-03-26,-139.2531969083883,-141.05682457591848,-152.24087852275093
2009-03-27,-139.11989958195264,-146.7724886764036,-156.10848382427915
2009-03-30,-162.9525798660777,-157.0466692431269,-162.72956331915518
2009-03-31,-150.0848770197654,-147.9816907779248,-148.14553348670765
2009-04-01,-160.18885007087943,-161.1282405689425,-167.20158179645156
2009-04-02,-107.51034848405247,-132.06087618649673,-151.05897982512448
2009-04-03,-157.7516840671985,-160.42247040285244,-161.12886787286317
2009-04-06,-155.98134698890965,-159.58016424291793,-159.3038432335254
2009-04-07,-167.11023696397433,-166.29922520052207,-168.1787991780984
2009-04-08,-153.68216824023315,-154.48416612859506,-144.70974087704394
2009-04-09,-155.9006937044033,-158.38616935465808,-166.30460950268255
2009-04-10,-160.58794903525308,-159.06381595166954,-163.32429392743995
2009-04-13,-165.72838737111272,-164.8001695064943,-165.71655891324653
2009-04-14,-170.67022877358173,-170.64573041458402,-175.88356560864017
2009-04-15,-146.29420094750748,-142.98339947021057,-148.73883632854506
2009-04-16,-162.09730238906374,-163.20657889584868,-163.32352130778108
2009-04-17,-163.2199277039411,-165.13497257962044,-165.5510907336315
2009-04-20,-156.5326311325183,-161.93074383411783,-163.74343628805167
2009-04-21,-160.42360262347776,-165.26497105700847,-168.51253724667012
2009-04-22,-156.0456765805539,-155.49290770863414,-157.16842101171116
2009-04-23,-162.18764184690957,-160.01397316627222,-162.5869475340703
2009-04-24,-164.01191234632938,-167.77769579445103,-170.50628597993597
2009-04-27,-154.35282841916552,-154.19088627626456,-163.59346518894867
2009-04-28,-155.27826301101084,-158.44777523947033,-161.8662763603534
2009-04-29,-162.03432277254123,-162.9743696764065,-167.91881560819482
2009-04-30,-157.43193771171255,-157.4472590370398,-160.84521824099392
2009-05-01,-164.43796240400516,-164.97322013949633,-168.71172653975844
2009-05-04,-157.17719625981243,-157.353949050943,-165.1405016275523
2009-05-05,-163.30678921261426,-166.86253825599374,-171.917445553572
2009-05-06,-149.68210698428618,-143.2519291450014,-153.69247033299206
2009-05-07,-164.88230999292168,-164.85609132090994,-173.43314997505016
2009-05-08,-152.1900037983201,-152.5072670033448,-161.48167275805196
2009-05-11,-163.49206037178865,-166.79322440329886,-169.97655834464865
2009-05-12,-168.6399601712499,-172.4075883682316,-174.45942744938634
2009-05-13,-164.34798756091408,-166.03639215024833,-168.79621175224904
2009-05-14,-168.6196920021225,-170.82729301399678,-172.2475886926096
2009-05-15,-158.45909470552135,-166.21596908380687,-168.41546954540254
2009-05-18,-160.25720590603763,-163.74954432641172,-169.12784250183006
2009-05-19,-148.7350871619648,-150.96870506733987,-159.72811157583658
2009-05-20,-167.85112208178026,-169.70030381819782,-173.45361969230524
2009-05-21,-149.04235271925245,-154.68921335682933,-156.6740465834451
2009-05-22,-156.75968231543249,-149.02914831158552,-150.90017956722986
2009-05-25,-160.2488685510397,-157.74840359258218,-168.4317034228179
2009-05-26,-160.86314705190568,-159.37644477570774,-169.62064667914092
2009-05-27,-164.711021002908,-165.93694573584833,-169.2964536223865
2009-05-28,-152.9788606670007,-150.22657970896017,-159.70122799781598
2009-05-29,-148.16764807653075,-146.29345632655932,-150.4746397745524
2009-06-01,-168.8209584139889,-170.5353626844926,-173.8802960471797
2009-06-02,-166.08665604422674,-170.57291370040016,-175.76225676167047
2009-06-03,-168.13211091795174,-170.97560387546272,-175.63865142657272
2009-06-04,-144.06395567208943,-140.77727223273007,-143.13014418192665
2009-06-05,-167.44015487854006,-167.78580081688,-171.66950927348066
2009-06-08,-157.24762796294954,-153.6257527752844,-156.90197206730738
2009-06-09,-158.3326133613342,-156.2051136748507,-160.8160282604378
2009-06-10,-162.35801410467494,-162.10923457334198,-173.02468815503005
2009-06-11,-154.5102219713579,-156.59576989172922,-164.15203547995563
2009-06-12,-161.10449923146044,-161.63153236860367,-161.30265406575273
2009-06-15,-153.2337718731996,-156.68556659609095,-156.4717295366789
2009-06-16,-167.51419432434702,-168.91968556475965,-168.0224321741737
2009-06-17,-162.2438613943597,-161.7723277395187,-165.86029168958095
2009-06-18,-161.49552483393202,-163.11161876907408,-167.72705329612074
2009-06-19,-153.8693067562472,-152.7886812331724,-162.69996693787462
2009-06-22,-155.95268958228434,-160.2095792615953,-161.82519306656062
2009-06-23,-132.4529948658526,-125.91648296185858,-145.47737098024436
2009-06-24,-162.28182487634473,-163.9153894312207,-168.14335186963802
2009-06-25,-165.4890499528286,-168.09716507635488,-174.9882874872664
2009-06-26,-156.45816197323143,-153.1749766090108,-165.00619603070544
2009-06-29,-150.85834316204864,-148.45752504080625,-154.66508727527597
2009-06-30,-168.74658840530918,-171.3408307412996,-172.76012900881094
2009-07-01,-146.44715873626032,-150.07907293715323,-155.04618388536807
2009-07-02,-160.1034367701506,-163.2966968033009,-165.68236409617737
2009-07-03,-158.5305330366935,-161.04966335549113,-165.99455071995612
2009-07-06,-158.31946981603932,-160.26840668139715,-160.90166615879525
2009-07-07,-162.1923343235518,-163.75771551607897,-167.29790688266954
2009-07-08,-159.85230405311307,-164.00459834247098,-170.8330334804506
2009-07-09,-155.19069410830588,-156.01182492821366,-168.43949604027173
2009-07-10,-146.90548290719315,-148.4646965404864,-147.35310222849097
2009-07-13,-154.60124794381363,-159.3531658972878,-162.10606489829155
2009-07-14,-145.42345962018953,-151.84487997477493,-162.16311961570986
2009-07-15,-166.29775630715716,-163.05038416108135,-168.43118800665843
2009-07-16,-134.38064119068798,-132.4764674507041,-149.49362864056891
2009-07-17,-151.23545618514385,-159.25725829262325,-161.4734948521921
2009-07-20,-153.80184345684995,-153.95769052088852,-157.91871844323546
2009-07-21,-159.2347429640276,-159.4066762277751,-159.39153291024274
2009-07-22,-147.90853640441077,-150.665482456771,-158.1702566807652
2009-07-23,-155.73532241844353,-157.78021379003937,-159.10858652177274
2009-07-24,-154.86510099059487,-153.6281324693855,-163.76038320680985
2009-07-27,-167.05848747279742,-166.40442965330718,-167.6582605248811
2009-07-28,-123.7760444715525,-129.59918254002403,-154.38140337520105
2009-07-29,-141.0709331455337,-146.52418494646602,-163.93044480004164
2009-07-30,-120.14864815755527,-124.20750966623609,-148.0723882468189
2009-07-31,-148.60338086274743,-157.77691157667346,-165.65681894959093
2009-08-03,-165.65817450211233,-166.23801067312039,-169.67018393425758
2009-08-04,-165.8609698959242,-164.63482114103175,-168.02328508032977
2009-08-05,-130.20576383936148,-141.59031911050866,-163.20147203045826
2009-08-06,-144.911653204688,-151.6542014851412,-159.09150930446137
2009-08-07,-164.5526760403204,-159.95910172539652,-164.28539632108047
2009-08-10,-137.40574519909595,-138.33730927727456,-153.22950667491708
2009-08-11,-139.33854903330786,-145.28934993370413,-160.1980878356729
2009-08-12,-162.4540810486598,-163.39129412179892,-167.44254743593942
2009-08-13,-154.82466398110978,-156.54955883082832,-159.82076561320406
2009-08-14,-132.75743758395234,-143.64278268669239,-155.02173096893682
2009-08-17,-149.19545072920394,-149.6389801449246,-158.9586410394041
2009-08-18,-159.8796025160136,-162.0889247158057,-165.53691042141767
2009-08-19,-156.4079299949426,-157.7816396025787,-165.04044995639663
2009-08-20,-162.5831045021664,-163.0520855180106,-167.0034804592086
2009-08-21,-162.33619457660765,-161.40058609051397,-165.86514971710255
2009-08-24,-133.01309910622558,-134.4945558979491,-162.58848508199554
2009-08-25,-149.39460956261834,-153.93929610248148,-165.02600410993043
2009-08-26,-157.39066769857854,-160.35870723034884,-164.26127856780226
2009-08-27,-160.76793125696196,-165.56678284084865,-166.3146207476813
2009-08-28,-162.78997250195644,-163.0168086132386,-160.91191702311735
2009-08-31,-157.5690271452899,-158.2313429406966,-159.64843163928288
2009-09-01,-162.23612302228926,-168.72596866817952,-170.46422148208308
2009-09-02,-163.29234408379398,-163.85606310114525,-162.86288687834855
2009-09-03,-155.16388563858644,-154.61797253350673,-163.47945319574916
2009-09-04,-154.86352516741428,-155.71579207611268,-166.09476865852406
2009-09-07,-162.91363612800208,-160.66628199092713,-163.21388302953693
2009-09-08,-158.60255122518555,-157.91181713986737,-156.73193864697777
2009-09-09,-162.90142881315342,-162.80843984065527,-166.35383898774458
2009-09-10,-164.90855496353387,-166.83621029752868,-171.8206945636437
2009-09-11,-166.1535250153055,-165.2215532795523,-165.41312069070642
2009-09-14,-162.35983209687592,-164.31009355486242,-170.73196698762794
2009-09-15,-165.2271500398906,-168.8798656226462,-172.5748375330245
2009-09-16,-155.90014758863592,-157.89918679681108,-162.61223200356196
2009-09-17,-147.22717718495647,-148.6663583384536,-160.8013109467836
2009-09-18,-160.02195271074328,-158.9554966896234,-156.10590003793232
2009-09-21,-143.30794599299094,-147.07486752520794,-162.5562009188735
2009-09-22,-155.44722328660637,-151.9563144143852,-162.590680522152
2009-09-23,-147.80688346196646,-148.41374173174168,-150.81238470847612
2009-09-24,-159.67432729618983,-160.94319614427212,-158.30682232468004
2009-09-25,-151.59759945186264,-156.61561625144466,-153.26299168121602
2009-09-28,-163.9065824498835,-165.6155639050322,-165.79038329512792
2009-09-29,-166.42892324069086,-170.10054502165585,-170.98160495897446
2009-09-30,-152.7473425530763,-150.1297853537916,-157.69215282508404
2009-10-01,-160.813605196354,-160.47609548496303,-168.33845613461114
2009-10-02,-165.56933054022838,-168.47947696296652,-167.64130674297567
2009-10-05,-155.12129024000987,-156.1445584203848,-163.8654005306344
2009-10-06,-159.88826822131614,-164.81883884507346,-164.13756337209549
2009-10-07,-150.64460986754605,-149.05339502357546,-154.59354956284693
2009-10-08,-167.6383514329754,-170.14704298050208,-175.14531860785613
2009-10-09,-161.0481885838734,-162.90542254412242,-162.36574745309247
2009-10-12,-150.00713405120456,-150.50841993498102,-157.581736395367
2009-10-13,-126.56715560919247,-127.02557507101429,-152.24802531401454
2009-10-14,-153.36164258037746,-155.04263584224327,-155.0254414373373
2009-10-15,-160.03242601172974,-162.26157095212085,-165.07163524498276
2009-10-16,-146.0072349960521,-149.5867565048612,-152.64559561187343
2009-10-19,-149.21000475892856,-154.46670140838972,-164.217215036588
2009-10-20,-138.6511868419157,-144.62739971643705,-162.33396109008305
2009-10-21,-153.3580596385808,-153.06637327047412,-161.06793126801747
2009-10-22,-141.3395683173872,-154.49643176026143,-154.0435837824544
2009-10-23,-146.94925633606556,-141.3702233389581,-153.5423817726174
2009-10-26,-162.39503133901286,-165.88617050451762,-167.90577121616357
2009-10-27,-150.37576918490595,-159.48433686151728,-158.34872698296437
2009-10-28,-144.0522121713388,-154.42124717923656,-164.44285143348523
2009-10-29,-144.7277513416246,-147.06955058085276,-146.2246508402762
2009-10-30,-158.89412062201478,-165.8504002039447,-165.32359039212636
2009-11-02,-157.60957771815563,-158.42723208919074,-157.779786994836
2009-11-03,-153.46358829261337,-158.92694954028522,-168.81083318205708
2009-11-04,-154.98912935490614,-161.21917496104456,-167.30926778827964
2009-11-05,-161.91793034994743,-164.86903638674227,-167.88297101370767
2009-11-06,-168.34465168216994,-170.02852865943456,-170.9094199110283
2009-11-09,-162.3296601518977,-165.7134650323803,-171.35408309761252
2009-11-10,-157.0696729485349,-160.3073414594894,-165.2834350948104
2009-11-11,-156.70223978548555,-157.29226024111597,-158.23571290288038
2009-11-12,-168.49147497280632,-169.7776044773725,-174.55880312324516
2009-11-13,-155.8555782290826,-159.92703107012824,-166.12912881336027
2009-11-16,-163.25703401201642,-163.49245517816902,-168.61416924703528
2009-11-17,-155.65029373396672,-154.47895335609996,-158.95417669919135
2009-11-18,-168.03479677954948,-172.5394776461864,-172.52285213345561
2009-11-19,-153.73058784817246,-155.40590530890046,-156.40091267837136
2009-11-20,-165.13249440451494,-167.14264970173883,-170.4629190668309
2009-11-23,-155.28349007974032,-160.45922303484977,-164.38838791197134
2009-11-24,-158.54437398856058,-161.91571258672576,-167.3756096123219
2009-11-25,-159.50460295919547,-162.26227432535222,-162.16307166194898
2009-11-26,-162.85258960107484,-164.27112288625815,-172.15736003202065
2009-11-27,-165.66750274696233,-170.54584029357576,-175.52285495961996
2009-11-30,-147.18010131937564,-143.26258488140624,-157.83519144082902
2009-12-01,-166.09901383575584,-169.55871097312712,-175.7930919588637
2009-12-02,-169.9997450775441,-176.0329446323084,-176.05465277944748
2009-12-03,-141.11127380161363,-135.91966274298065,-152.82329688308522
2009-12-04,-168.20852808224154,-171.12122458356555,-172.49684338473645
2009-12-07,-159.31578064091568,-161.1266159117969,-169.07583301317788
2009-12-08,-160.7340875654465,-163.1194076960417,-170.99519186234002
2009-12-09,-153.30678843422723,-153.11209422607777,-158.84745700074924
2009-12-10,-153.7020543363945,-157.3975937852451,-167.29465957859537
2009-12-11,-162.81554452064702,-165.68770330434657,-170.57965955405308
2009-12-14,-154.27724200894224,-151.38553152196545,-164.2452397043104
2009-12-15,-153.53355590855352,-159.17110273311363,-169.7729686611587
2009-12-16,-148.0756444791312,-148.57733081856117,-162.98753110543868
2009-12-17,-148.52201818296788,-152.1188536763572,-162.45542861640953
2009-12-18,-167.10735803765925,-169.5295247461735,-169.68254622073752
2009-12-21,-167.20455312548,-168.9559080553331,-171.7012796991874
2009-12-22,-163.08229301236787,-165.09582158456797,-166.37538296105367
2009-12-23,-158.14507802327603,-164.86809162376332,-170.20625149787517
2009-12-24,-155.6300421268704,-158.87633087318753,-162.79639305534516
2009-12-25,-146.9375067793254,-142.56027571917477,-151.89593655841037
2009-12-28,-157.3340433337589,-158.59550501283692,-165.33283008077007
2009-12-29,-157.29866273026153,-153.75334744728372,-156.96622509414507
2009-12-30,-166.30722926826712,-170.15329078171362,-170.64003940003906
2009-12-31,-153.56366624473208,-159.33664815904876,-157.81819080967477
2010-01-01,-156.9620173915196,-159.12378344151122,-162.17945465429366
2010-01-04,-155.6733004492222,-154.5406887293358,-161.34979603730045
2010-01-05,-158.50484356657938,-159.93348768708356,-163.11922284498007
2010-01-06,-148.35156961399636,-151.36458870848514,-159.7273001802513
2010-01-07,-157.31753030707134,-153.07475139264344,-161.625755884135
2010-01-08,-161.05470752824783,-160.80694251026756,-163.35624527667105
2010-01-11,-141.31694853022051,-145.97147428164925,-163.56449231109906
2010-01-12,-165.63091340792255,-166.60140910099918,-166.54859838514673
2010-01-13,-152.94755255026715,-159.67357251852573,-161.39556535790243
2010-01-14,-161.12121172113189,-160.48175719398853,-164.29157523524944
2010-01-15,-164.65077032393984,-167.19748076344544,-169.43754872565947
2010-01-18,-169.60169312001784,-171.9330115668602,-175.71976114941222
2010-01-19,-163.3209512805415,-163.73344956114445,-167.19817030329733
2010-01-20,-155.87859266786793,-156.40617685006833,-155.0486756700718
2010-01-21,-163.7058743288268,-165.27499081089573,-169.38668452772396
2010-01-22,-162.3711090120279,-162.9735866284629,-167.33243856276903
2010-01-25,-160.4750970716142,-160.16940644619282,-162.15476694762577
2010-01-26,-160.5989601564611,-160.5391373967702,-165.2764831956375
2010-01-27,-155.4643761336683,-155.31175542104742,-160.98456565240187
2010-01-28,-166.15935632321603,-164.844411136436,-167.33988521790616
2010-01-29,-167.76021456060758,-169.26403245297567,-164.3484713112833
2010-02-01,-150.22422409897226,-154.2866127469574,-158.75803496355152
2010-02-02,-152.09010635656333,-151.94305649828507,-156.023884032066
2010-02-03,-152.84270630513996,-153.88983259384088,-169.6381915476559
2010-02-04,-162.31810676425005,-162.86379527755733,-171.4060529981344
2010-02-05,-166.80149265238464,-168.94739925465632,-169.88927894434914
2010-02-08,-159.66642053468738,-162.97076469367346,-164.45678730598692
2010-02-09,-160.82887450668105,-161.11056221553224,-168.95844112115347
2010-02-10,-168.00117941687094,-172.51932803053236,-174.7098656478658
2010-02-11,-161.10179028565386,-164.50432259367128,-172.40671209534344
2010-02-12,-159.68772922078853,-158.38307538584723,-166.6403167050987
2010-02-15,-170.1737617840248,-175.8282413415333,-177.7468489376674
2010-02-16,-165.33686093750012,-168.69211393987683,-174.52735004687048
2010-02-17,-164.70978743025285,-166.81786634289642,-171.34515573773592
2010-02-18,-162.7814756589154,-166.2024630078065,-171.1624527724892
2010-02-19,-163.34401039974927,-162.82714105068086,-163.32801502700846
2010-02-22,-165.99855590136585,-167.06454461233716,-171.60617040047285
2010-02-23,-161.44245732364706,-159.7439240872112,-164.21012632017127
2010-02-24,-164.0613730492244,-167.46047228508706,-170.63983813906736
2010-02-25,-145.55417633082868,-150.8172673757379,-155.01599136783594
2010-02-26,-163.92207401166655,-164.24942916828195,-171.05674212952113
2010-03-01,-160.1879957915121,-167.10238730521155,-170.20420984874116
2010-03-02,-164.40365588443672,-164.60504565517914,-163.62185486504404
2010-03-03,-145.2770986845641,-144.55279066213166,-161.9252605301703
2010-03-04,-165.78185244163362,-167.4430336067214,-171.69565849527248
2010-03-05,-168.39507341280736,-172.32827575676316,-175.67079889901396
2010-03-08,-145.90733130382836,-148.1790242522342,-154.1615312762478
2010-03-09,-158.1242363753335,-158.94694868554632,-161.07337878533244
2010-03-10,-157.7375380917848,-156.88906639079005,-162.16179809265563
2010-03-11,-168.00390439312824,-167.92005591080675,-169.21756809774664
2010-03-12,-146.33091573595297,-143.44913942023672,-151.86074787249765
2010-03-15,-166.49612372075737,-166.35680430722368,-169.2994400038415
2010-03-16,-157.50203511888992,-157.41979116250312,-160.5496170896019
2010-03-17,-165.5927346992094,-166.12086376873367,-169.6986368759813
2010-03-18,-162.59609794293738,-160.643704257959,-166.47095337983328
2010-03-19,-159.0126248569115,-160.12417017441408,-160.7501577908206
2010-03-22,-159.80518445913276,-158.65338700394406,-168.7955739997723
2010-03-23,-163.2519665030322,-165.2076484615436,-171.80367310201657
2010-03-24,-156.69732878296884,-159.4294106287449,-156.17437422880286
2010-03-25,-147.145913235964,-149.2946097017952,-160.4636503393343
2010-03-26,-147.63516303748955,-147.738266291364,-158.30941350671912
2010-03-29,-165.08465920049747,-167.95076527212365,-169.11177052672858
2010-03-30,-164.06302735447952,-170.55591958163708,-175.69940638757345
2010-03-31,-154.00829384289912,-159.90642357499476,-166.25943053948018
2010-04-01,-158.24006832720448,-163.4676498845276,-166.5433219428099
2010-04-02,-157.30058319042956,-156.06059157772006,-169.67631979112454
2010-04-05,-155.8189027114436,-154.04677940291612,-159.6782872978636
2010-04-06,-132.89921158944827,-133.1864857763434,-147.31514378288597
2010-04-07,-152.19479103661348,-159.61245427365725,-166.4622864504695
2010-04-08,-122.360425086558,-145.34287801104492,-152.60033317584387
2010-04-09,-137.12923748020543,-130.5332231909063,-148.65929012482934
2010-04-12,-115.56063324235603,-133.99780258706963,-155.15345590748097
2010-04-13,-155.47274301394546,-158.79682208989357,-161.0442426733295
2010-04-14,-157.62803324699274,-160.95907185981167,-164.58051013750764
2010-04-15,-148.2755568362105,-155.29718238834428,-163.88639912676985
2010-04-16,-138.05619090457785,-148.11290984646433,-155.6574188157004
2010-04-19,-138.1645713798442,-149.20160156270524,-158.3446698852043
2010-04-20,-134.11833362151373,-129.17848218800833,-154.76886259665199
2010-04-21,-157.3940812347974,-162.28242025205293,-168.4032203840288
2010-04-22,-115.67585576066813,-136.77952514692322,-143.5549168182557
2010-04-23,-154.43172253135742,-159.19802899354113,-167.22974702027523
2010-04-26,-146.09667986888155,-151.61898560201826,-154.06478693778368
2010-04-27,-163.90946962718877,-164.43507975197187,-167.11665129874785
2010-04-28,-153.754040978999,-153.30783613246186,-161.54048424327874
2010-04-29,-153.94901395023683,-156.3271389086245,-157.65145191355305
2010-04-30,-148.03537522614153,-150.93731740877945,-162.21947864620282
2010-05-03,-146.1528865467622,-151.37862377411375,-163.6670850505009
2010-05-04,-165.349241605463,-165.903527029202,-173.529465754712
2010-05-05,-168.55984477279762,-166.62061393784063,-172.0444167020148
2010-05-06,-147.55585364886426,-147.17960967432185,-157.63882824270465
2010-05-07,-152.46222776169182,-158.75864483545473,-156.1975350829826
2010-05-10,-158.1725951908667,-159.44369028831264,-162.33912844518065
2010-05-11,-159.24322373862447,-162.32563294248254,-157.19462512730948
2010-05-12,-163.91923058334407,-166.03773741212692,-171.41844379482504
2010-05-13,-156.4714164633893,-157.74559343760112,-159.26721844087206
2010-05-14,-165.54728067218022,-165.6717786048148,-166.58702140784206
2010-05-17,-148.30321924911274,-152.31582212807453,-160.97806233730591
2010-05-18,-165.29690262407377,-165.2782054358047,-168.59404072844285
2010-05-19,-147.57824557759955,-155.75452104009116,-158.45476173806267
2010-05-20,-159.57129180593455,-162.02727036717488,-160.9460031449323
2010-05-21,-159.67803833386964,-161.72921852837587,-163.7714490960362
2010-05-24,-159.386417492588,-160.38449805914325,-159.98554943685207
2010-05-25,-166.04712425987702,-170.3985260516053,-169.48009775627628
2010-05-26,-158.92779515196287,-162.13363911277207,-163.89281674665347
2010-05-27,-164.73407895011434,-168.38319155965686,-169.09881132438574
2010-05-28,-150.93423965190146,-150.65338468340792,-155.22607454216057
2010-05-31,-157.24821948592907,-161.2500089905841,-167.3058710520733
2010-06-01,-167.56196931669444,-169.9221655618215,-174.98750559140788
2010-06-02,-162.4805167709552,-161.22236940067177,-160.53834054631358
2010-06-03,-153.33656232523538,-149.82290268086086,-160.60484264827522
2010-06-04,-155.95831651534542,-156.55757297615662,-158.70660130579483
2010-06-07,-157.7640446624341,-159.87465171417662,-159.67197968345695
2010-06-08,-130.89198503604945,-131.47675336669369,-154.83128813639274
2010-06-09,-150.69015088885556,-152.35467879592807,-152.80445403112833
2010-06-10,-152.3673879313261,-154.7781506535685,-164.1510591043828
2010-06-11,-151.78175631001733,-152.03530256795622,-156.51791458597575
2010-06-14,-159.2241499829037,-163.86280007168548,-165.0863651219145
2010-06-15,-142.9312564695963,-143.2521528688954,-162.240398926614
2010-06-16,-165.77738053462772,-167.9141861952028,-171.9184180402734
2010-06-17,-154.97538150909693,-154.37360317373938,-155.42392111545536
2010-06-18,-157.38365940560882,-162.22027574422646,-165.51745281313077
2010-06-21,-135.01472032347266,-147.19192153613673,-159.7222262618002
2010-06-22,-150.64268035001442,-156.69786660991707,-162.16922587482367
2010-06-23,-159.96431936601937,-159.44258470552808,-158.76154612194793
2010-06-24,-158.7543462423654,-159.43252768767402,-167.02830028996289
2010-06-25,-105.64507974822101,-121.94571464544714,-150.07312428463638
2010-06-28,-138.848080586624,-145.3543422973829,-156.54256055503032
2010-06-29,-148.42776506137378,-156.63228729005155,-159.05530252866808
2010-06-30,-139.08254600963912,-141.28841217396644,-152.3187698066454
2010-07-01,-154.88834416369025,-159.1431706738,-163.37986562933125
2010-07-02,-134.69147282357517,-139.60335871341883,-149.81358060858895
2010-07-05,-135.9027447088304,-144.04783061526916,-153.05444271196635
2010-07-06,-157.12242607567137,-161.16824667423688,-166.84173265773828
2010-07-07,-159.96034990681076,-161.13917606075273,-163.26588264065543
2010-07-08,-133.71760258069668,-149.8286171586508,-163.55332815101426
2010-07-09,-132.0306873474058,-145.04716887471778,-156.06664367483012
2010-07-12,-142.84617693477276,-149.6049536022487,-159.02778808755443
2010-07-13,-164.1336927957039,-161.53495528020235,-165.12638120699685
2010-07-14,-145.3087018187183,-156.49900941018754,-160.76369031285049
2010-07-15,-141.2045037226605,-152.05037871612836,-158.1872946301207
2010-07-16,-143.85102331044595,-151.95076105127487,-156.4941078067229
2010-07-19,-151.19382181776098,-156.9270407181538,-165.14939287659217
2010-07-20,-109.82373056103496,-139.66145406064578,-145.0924788834614
2010-07-21,-152.7265004511048,-144.05537578141082,-152.9610776788397
2010-07-22,-135.63365718198372,-148.44722544508977,-161.2167105846129
2010-07-23,-161.1966015259999,-163.08396058836723,-166.17772691782608
2010-07-26,-161.6332033485251,-161.2522841156821,-164.9884914966068
2010-07-27,-163.2384890592106,-162.71158041849898,-166.54252025100436
2010-07-28,-154.83555441985212,-154.17853674034285,-157.03600565871062
2010-07-29,-151.66050681329594,-154.7622970077576,-165.20978889280389
2010-07-30,-156.3361343888289,-160.42200031327417,-166.9720919796327
2010-08-02,-147.47697370513967,-154.77249550232136,-159.24367283954575
2010-08-03,-155.20780016656266,-156.81424563456477,-160.38653916384683
2010-08-04,-142.96517422488523,-152.0707411957218,-149.50080209899662
2010-08-05,-137.3017921986372,-149.94507803982827,-154.2898928799056
2010-08-06,-156.67347946614706,-150.4348715528727,-154.86073659219676
2010-08-09,-155.76321750610035,-162.88165524431383,-169.24484660494855
2010-08-10,-158.6357725401091,-159.46883361328335,-163.98298684337556
2010-08-11,-165.01677627907836,-163.4280111019659,-165.40725526332508
2010-08-12,-151.63282428261823,-153.81898763322204,-165.10467894888978
2010-08-13,-136.21910913777108,-143.53735150294466,-151.90976148374656
2010-08-16,-163.82660694440673,-164.09130379904818,-167.14732825212937
2010-08-17,-144.37910797202073,-154.73278733694454,-159.55984379008132
2010-08-18,-162.69743939346364,-160.41196504869131,-163.43585709217214
2010-08-19,-158.07634588931452,-158.79704891858543,-167.66956183054182
2010-08-20,-142.43373793784792,-150.45904492785195,-161.13659374775642
2010-08-23,-159.50565951408473,-160.61089311547644,-159.99469332094515
2010-08-24,-147.14473298448286,-142.34605012213993,-158.3615706081512
2010-08-25,-157.26802292223604,-164.89352462964158,-165.88152207911565
2010-08-26,-160.27232478522257,-163.13066748305448,-167.43689944892077
2010-08-27,-159.3864717005222,-153.4364475873362,-165.8427422293988
2010-08-30,-157.26036889187824,-160.77557735376428,-166.92460731097052
2010-08-31,-143.3563153088656,-147.24967315303815,-162.1216411249187
2010-09-01,-134.36986196121444,-129.50644598811857,-152.99775049860753
2010-09-02,-162.1713503673766,-160.82281461822447,-158.86076976692277
2010-09-03,-151.8834673923626,-152.54937516795,-164.97475519678565
2010-09-06,-149.14748138082524,-150.84954796098026,-148.8654407768077
2010-09-07,-160.57588190978174,-161.7958143574325,-168.94329180245782
2010-09-08,-155.02995079088964,-155.60763504955577,-159.10003222012512
2010-09-09,-158.7422715827025,-162.80686980695666,-162.98263444021526
2010-09-10,-162.4493688135387,-163.48522854863626,-166.08021491911663
2010-09-13,-156.67659002465967,-156.0598917094945,-163.60681115521697
2010-09-14,-159.74126175489664,-159.1248148942614,-165.86970090161722
2010-09-15,-154.8467550547601,-151.57530333500293,-156.26009231223063
2010-09-16,-166.37118645860068,-166.26320896994517,-167.76331318336076
2010-09-17,-163.36228361267567,-164.69922032343996,-166.55449037640244
2010-09-20,-162.47067197633191,-162.01482164625827,-163.70364774315877
2010-09-21,-155.57618307213554,-156.8723616432564,-161.51751559067975
2010-09-22,-155.43049014907365,-154.327010894405,-155.7852429914604
2010-09-23,-152.27660262648084,-151.21203295728907,-150.31598441737688
2010-09-24,-152.38210864868003,-151.94862627193578,-158.9457423277662
2010-09-27,-161.1022502084225,-161.97100897458944,-159.00208775181534
2010-09-28,-161.80051017083147,-161.50729865702277,-157.67562821130446
2010-09-29,-166.45214336071876,-167.23185305905804,-169.08848630485878
2010-09-30,-162.16558615264867,-166.04596912583887,-165.18020091752325
2010-10-01,-151.73484303729444,-155.272647217262,-162.00970215154308
2010-10-04,-155.8544832013466,-159.28251186675942,-159.37078584649393
2010-10-05,-161.72580229052528,-163.71877383177016,-171.3832866919832
2010-10-06,-159.77851646669924,-163.93350735319981,-166.8809164487075
2010-10-07,-159.71599898821268,-165.90239070081446,-160.7317562264465
2010-10-08,-161.50533924405536,-163.83978323195538,-170.01163619391681
2010-10-11,-141.26562970621995,-133.67611479181983,-155.1848137995746
2010-10-12,-128.904403159616,-139.43479337120976,-157.46604386114282
2010-10-13,-150.4196322725218,-148.38610404478686,-155.95796790163635
2010-10-14,-135.93095013708938,-131.68746391540157,-152.5296975868606
2010-10-15,-158.9283822216163,-158.88345183633766,-155.80193290674833
2010-10-18,-157.7627547792618,-160.27546297016715,-166.66641875150074
2010-10-19,-139.31317599453246,-138.62343430202844,-154.76232654646037
2010-10-20,-168.9550247702595,-170.08434935292726,-172.26056799662808
2010-10-21,-160.8808657687016,-164.0340851205766,-163.60534447280827
2010-10-22,-158.05923910860767,-162.743192554467,-170.60534175487197
2010-10-25,-161.7692293530987,-161.84964098022357,-166.43124069645077
2010-10-26,-152.57030902265402,-149.86139592855545,-161.9877741409546
2010-10-27,-150.2986732127338,-155.32724288070176,-159.5697420758782
2010-10-28,-163.78309718690153,-164.90891954434866,-168.66148470854122
2010-10-29,-156.4346691809229,-154.1181437610573,-160.779806601474
2010-11-01,-148.14330973663553,-151.239742595479,-161.38169685213867
2010-11-02,-148.78309428937922,-154.5989825370694,-157.49639276401066
2010-11-03,-166.06239683245184,-169.77688391551868,-171.47172694074195
2010-11-04,-159.36973662234533,-164.92182617360427,-167.87354765690384
2010-11-05,-162.6069845638298,-165.3623705653728,-163.1525638198158
2010-11-08,-158.15181581074134,-159.80084249456522,-165.90970496771803
2010-11-09,-167.9695983459954,-171.52348652786267,-174.46772333435996
2010-11-10,-157.44846051464282,-158.65780619461688,-167.3243343805923
2010-11-11,-161.52720725691512,-163.12387337206283,-166.49939950374474
2010-11-12,-150.63761063273253,-150.42929891842917,-158.4391453798526
2010-11-15,-155.54553624396377,-158.6646514545624,-169.053986635173
2010-11-16,-154.45380218661475,-162.8828849874488,-166.39373848640838
2010-11-17,-157.3782357231908,-162.37530296365054,-173.3351673114332
2010-11-18,-153.43405226395072,-158.58019642562118,-166.3764827996623
2010-11-19,-168.69978036334376,-171.46550302990136,-173.18962714357068
2010-11-22,-162.2933644603185,-159.49733254777655,-166.10382576395
2010-11-23,-149.24958708890054,-154.7337489336976,-159.17023714599696
2010-11-24,-158.0878449481349,-159.12934585269966,-156.97939491014958
2010-11-25,-157.556464679618,-158.22567615476623,-165.84484916093209
2010-11-26,-162.04930959344142,-168.9409077808406,-165.94650152229116
2010-11-29,-168.05592837014402,-171.72478691203884,-170.64002297652942
2010-11-30,-161.22031169424608,-157.06778694732873,-163.61817706122503
2010-12-01,-162.73514506919096,-161.067083743183,-155.8632329860203
2010-12-02,-164.44464998726798,-167.83531631256955,-167.33453879742797
2010-12-03,-163.57707481623004,-163.2616212616142,-163.2566385805723
2010-12-06,-158.10433511333073,-161.55139972889236,-171.4666168610164
2010-12-07,-152.41640556935005,-151.4737995666309,-157.31797966274794
2010-12-08,-161.00294520263733,-159.34652785706697,-169.42734487063626
2010-12-09,-159.91308875760316,-163.76511220625684,-163.76560805413266
2010-12-10,-146.6634582890152,-145.15487084324388,-160.1148387268042
2010-12-13,-158.43543142790395,-161.82089894864137,-165.67713945373532
2010-12-14,-129.6416900810384,-135.29671751362076,-149.95924757283365
2010-12-15,-160.17675796827407,-160.8741426743078,-169.27571617535457
2010-12-16,-157.45909997835057,-152.76249406394186,-163.5088285942265
2010-12-17,-138.73544605307222,-143.42237505771692,-150.5250149987736
2010-12-20,-161.22162244144533,-161.93121919585766,-162.41424065135902
2010-12-21,-163.02248787547893,-161.69242440887882,-167.64803500904372
2010-12-22,-154.89447470817552,-152.43734009890284,-161.54096654724037
2010-12-23,-167.66835401720303,-169.88845456178817,-170.50054851347053
2010-12-24,-163.27859440252948,-163.44208913087306,-168.16935478278842
2010-12-27,-145.38883616510168,-147.12225497550554,-163.28637451334416
2010-12-28,-143.74768296843348,-147.78791376738621,-164.2488737915246
2010-12-29,-143.0072661566637,-135.4810207997457,-153.29062162131447
2010-12-30,-156.9567983515331,-160.25276828908557,-166.25086522249887
2010-12-31,-136.33606779570482,-141.17546488640295,-157.77135256223715
2011-01-03,-147.34169013419998,-149.54230184162049,-165.76150490001342
2011-01-04,-154.7106327669113,-157.50774226566048,-163.4334321795833
2011-01-05,-147.77984028127946,-152.3928958985279,-155.8785803546082
2011-01-06,-158.49281099679015,-161.07624059261235,-168.6546245072261
2011-01-07,-153.64697063187518,-159.62397796794846,-167.56315028783723
2011-01-10,-150.31283176295958,-151.74154805119517,-165.02386198037408
2011-01-11,-149.99583675643703,-150.92456618740684,-151.3385746561149
2011-01-12,-165.96628379435856,-166.67896134861613,-167.75914256224144
2011-01-13,-148.73664963180792,-158.22134624007288,-161.0684869487678
2011-01-14,-166.10936269902012,-167.8488513501751,-172.31974217648158
2011-01-17,-168.57037015709307,-170.30565323890679,-172.59174937262588
2011-01-18,-148.6110975946164,-155.67353950760725,-162.71697091601914
2011-01-19,-157.42701276865537,-155.7935767737952,-157.6512587321507
2011-01-20,-152.14085640321338,-150.31919796997812,-159.58321682353716
2011-01-21,-84.30601742857087,-90.55245171440298,-147.15769706634438
2011-01-24,-154.82824396427216,-159.49438851085495,-162.03731680974354
2011-01-25,-153.1400446376052,-154.87036379410588,-160.86250133888132
2011-01-26,-152.43341741613918,-152.44374256601208,-160.9692015593196
2011-01-27,-153.7798371960753,-151.65297850774544,-158.61867441821042
2011-01-28,-115.83845238409494,-121.52368969218254,-155.40341340777096
2011-01-31,-144.4852760882868,-148.91332008365734,-157.67640315214513
2011-02-01,-159.2774095220451,-161.89018754298803,-163.85791193683352
2011-02-02,-154.69580198483396,-156.02978518028863,-157.48866872194893
2011-02-03,-158.07926277342415,-158.8537577986182,-163.7951295590904
2011-02-04,-140.91494921685322,-141.42607304854076,-155.21339522043726
2011-02-07,-146.14998920170638,-150.2298570728105,-162.88357671142424
2011-02-08,-156.5331631864235,-160.0475971728362,-163.67112382259836
2011-02-09,-131.13307956070508,-137.91648906483346,-137.40943449153076
2011-02-10,-153.82012823439106,-156.10029824431413,-160.71807809369238
2011-02-11,-160.40286927042587,-166.2648021828088,-169.17048512278043
2011-02-14,-138.27447822231392,-143.28317425044708,-158.35035845468863
2011-02-15,-129.62658977464136,-154.24170606844564,-148.52713663060103
2011-02-16,-98.97390111226778,-136.31604937614384,-160.75198622436307
2011-02-17,-138.64734286106318,-146.55188000082018,-156.6307768010734
2011-02-18,-152.850311098027,-159.17767358375366,-157.6713549067536
2011-02-21,-146.396332507632,-153.66807024955838,-160.9952186002007
2011-02-22,-144.23488409901134,-145.34217861066625,-159.5287598567838
2011-02-23,-141.38685334647096,-156.2447925867019,-164.29082327698129
2011-02-24,-125.16752694040957,-127.99483591548784,-143.32658919906504
2011-02-25,-149.23262429751452,-157.08295657978863,-154.71572103486412
2011-02-28,-138.39568935923634,-139.22209462733375,-154.98610810000415
2011-03-01,-143.48982209919706,-160.96218616322184,-167.58288047287357
2011-03-02,-147.6009182536752,-155.18207516712457,-160.142912451054
2011-03-03,-156.27175722296636,-157.89688755793,-149.40739393026945
2011-03-04,-150.81803490953598,-159.39508451098897,-162.12835629884236
2011-03-07,-165.45136539458028,-164.18364459818915,-168.3707976507847
2011-03-08,-154.9039799904042,-156.98261728719203,-164.577491487732
2011-03-09,-130.73502386864607,-136.80434474370853,-143.4618698736653
2011-03-10,-157.32418400131664,-161.11918027661338,-160.78420713711827
2011-03-11,-168.45821336619275,-168.08157383096008,-170.120518503915
2011-03-14,-119.90770839105633,-143.23886548377664,-155.93879008400248
2011-03-15,-131.3763095211884,-146.54266194420222,-167.02255973084436
2011-03-16,-99.55135792868452,-122.43693743297746,-141.14468400117477
2011-03-17,-121.11945296774068,-139.9011146438796,-153.83179423817813
2011-03-18,-154.55623205788578,-155.71754636836,-158.52877158510387
2011-03-21,-164.00696253014863,-163.38113750950603,-168.76010455932862
2011-03-22,-146.88426921339172,-154.9199973800851,-162.85305363584666
2011-03-23,-154.16273601934472,-161.84249799866734,-164.43632510566957
2011-03-24,-146.5085945397886,-147.0412120494015,-156.05113628871078
2011-03-25,-160.3086217540146,-159.46932982004242,-160.13602967115364
2011-03-28,-148.28869698218605,-152.28090053435804,-155.7509277003545
2011-03-29,-158.75476563930332,-160.69697126692927,-162.9535176582344
2011-03-30,-145.87960439947824,-145.07842083312613,-157.59965873460524
2011-03-31,-144.84870433696273,-153.81713675647438,-154.02526819685636
2011-04-01,-140.70162984642312,-152.31183703852884,-156.76194990081132
2011-04-04,-155.56845264879013,-161.10098416123395,-166.33867938761017
2011-04-05,-165.28399052796385,-163.94494931803817,-166.2162397616027
2011-04-06,-151.05862775888588,-157.42063033508447,-154.71498593265838
2011-04-07,-142.25217828491043,-144.00272226205348,-153.83598280928672
2011-04-08,-158.8382918248543,-152.55685766322406,-154.56463133681856
2011-04-11,-144.79560588402794,-144.2162417171947,-141.04772093205162
2011-04-12,-132.6052042212877,-152.02522743788325,-157.98757209505294
2011-04-13,-168.00768025816913,-166.36356695269885,-169.49511996931037
2011-04-14,-140.55796650808,-144.80301456028863,-139.91884326406557
2011-04-15,-159.96561825412863,-162.35871324125134,-163.28686142609942
2011-04-18,-159.321951362228,-160.88171935948407,-164.98697750516988
2011-04-19,-149.77807843908442,-152.42997117886884,-160.66896850276885
2011-04-20,-142.9675607792184,-152.551739966349,-161.42018855006418
2011-04-21,-164.07665865762075,-164.27511936955196,-163.61974557492996
2011-04-22,-162.03782443122418,-160.26063560515172,-156.6126716763547
2011-04-25,-163.07029363246778,-167.0405927902213,-170.71382082621065
2011-04-26,-147.19359255484605,-159.0349071624666,-158.772320796008
2011-04-27,-162.56936585484755,-161.22904605039787,-164.86892969580617
2011-04-28,-156.84972812465642,-159.67286910292202,-161.85185332951966
2011-04-29,-123.91130629994656,-135.2622488081219,-148.06686599062957
2011-05-02,-163.74174697192797,-166.80113834692995,-171.02604543913338
2011-05-03,-152.75917812443546,-159.02146733353533,-154.53639320734766
2011-05-04,-151.14783768491736,-159.58916591245023,-164.39299655987386
2011-05-05,-134.20486049585935,-140.6309452677803,-158.0742398925634
2011-05-06,-156.39836859857544,-159.9832666123289,-160.5539092240615
2011-05-09,-164.66314022531597,-166.0693400867926,-163.15658829417694
2011-05-10,-151.53295072962683,-153.83470072570907,-161.08723494148575
2011-05-11,-144.63467784909818,-149.26576265679694,-148.32621836897232
2011-05-12,-151.2762084530197,-150.6706111633979,-153.58911450606138
2011-05-13,-160.9043121016756,-166.36012392382938,-168.51487991313843
2011-05-16,-143.82477150276614,-152.89850565807834,-148.8808239821154
2011-05-17,-147.74999393346863,-151.27503641628195,-160.02234993173357
2011-05-18,-151.5554041727981,-152.07502188487146,-154.4463817385605
2011-05-19,-139.18013743863074,-149.92195091233765,-154.91239246253969
2011-05-20,-153.33700249509698,-153.07501675211225,-158.5424554993949
2011-05-23,-166.47304941527943,-161.62402159986593,-164.44671630727322
2011-05-24,-162.04676138692767,-161.8959681732229,-167.00645676196413
2011-05-25,-157.97429948537467,-156.95338133242382,-163.83203813044656
2011-05-26,-170.52738848142653,-171.68596993487267,-174.90393848105626
2011-05-27,-159.52690032933472,-159.64351351301661,-168.9288822318127
2011-05-30,-165.5405540812353,-163.53484370257704,-163.47202395943057
2011-05-31,-161.3564637874956,-162.3494853386394,-166.83525562669809
2011-06-01,-163.7214150999105,-165.34622337029379,-160.41865982337032
2011-06-02,-154.47406110370662,-154.38065281854375,-164.6292157542711
2011-06-03,-157.703475708735,-158.5156049396643,-161.76989514975136
2011-06-06,-161.45629083147233,-163.8632922005282,-165.3966546146596
2011-06-07,-165.3217107838001,-166.02445795328154,-169.35737876588615
2011-06-08,-145.57015205150142,-146.08864857297925,-151.7547326599959
2011-06-09,-160.79792685776962,-159.7283919577462,-160.68221781355925
2011-06-10,-158.25915056847487,-157.97223159144121,-157.58216644233215
2011-06-13,-167.7819439106159,-170.1859373658958,-175.17094564784392
2011-06-14,-138.23134296450257,-138.87009881900855,-151.19306466616717
2011-06-15,-148.94637967098538,-152.09007395145792,-159.72936348702424
2011-06-16,-152.84779985030258,-154.51405582656236,-161.70091836132121
2011-06-17,-161.12997838639237,-162.14456510063582,-161.71258631443283
2011-06-20,-159.6015563467591,-162.52627392103508,-165.31660974259458
2011-06-21,-152.47338946652408,-155.88808015337116,-161.6876843698863
2011-06-22,-162.2882546136482,-161.8380284250826,-163.9154613422506
2011-06-23,-153.44181649501235,-151.48535239141816,-156.3093188926929
2011-06-24,-159.64671340812384,-162.2263300904482,-164.82077485879836
2011-06-27,-158.9131483041079,-160.04385234048715,-165.6679101302624
2011-06-28,-164.1761719355345,-164.23722755943345,-166.13278994651904
2011-06-29,-151.14506684887237,-155.46025612285882,-161.4907680830788
2011-06-30,-159.00059101034793,-159.44707550718377,-163.29057845153238
2011-07-01,-153.86138939651917,-157.06983976132722,-166.18396875338485
2011-07-04,-154.92246271036714,-156.1046698253692,-161.42518880381533
2011-07-05,-158.71010799889393,-158.76616281956703,-153.9659198834311
2011-07-06,-162.62099427077715,-162.01099978912814,-167.41646942803803
2011-07-07,-143.2018945624685,-146.3478334107558,-150.39913007255342
2011-07-08,-155.87780838226962,-159.6494973424455,-161.97660827230132
2011-07-11,-152.77036535680807,-158.22547965392843,-162.79946899977165
2011-07-12,-138.37417785378767,-148.83635782479442,-148.88747188181972
2011-07-13,-165.8397287911167,-170.67746985256673,-173.31754712213842
2011-07-14,-150.12759879302993,-150.091074097967,-157.1109683547027
2011-07-15,-154.25009862370032,-152.5803048188801,-158.8049999375001
2011-07-18,-159.0298474409746,-161.21925917703845,-161.83797616371191
2011-07-19,-158.8565364607243,-157.20441309774816,-160.0945771898654
2011-07-20,-153.56918742002298,-157.94863300751905,-168.3721592670714
2011-07-21,-150.34609703941672,-153.51690310205987,-159.80274737356956
2011-07-22,-153.42704692849145,-158.16912375972797,-160.7246623187698
2011-07-25,-152.92851867777836,-153.2219891508916,-158.894581800914
2011-07-26,-149.08318250070883,-151.75906121363192,-155.73318465759087
2011-07-27,-153.73271636062964,-157.62264832093948,-160.07676029429575
2011-07-28,-154.1028465805416,-155.75061898675037,-160.307818842937
2011-07-29,-153.37645740099555,-154.56405551136982,-162.0860745681864
2011-08-01,-161.75270883671473,-164.05984231221936,-169.8729020825079
2011-08-02,-158.12175599526626,-159.9354439810353,-163.01483259033492
2011-08-03,-162.53883254431761,-168.23787143675833,-171.3374642812345
2011-08-04,-169.4225430252975,-170.7919021078578,-175.87439015651606
2011-08-05,-156.58159896366817,-158.3737591536865,-160.25188569067666
2011-08-08,-149.02313380309008,-158.5778084970577,-162.02123834241252
2011-08-09,-153.6115459035186,-156.74787471548365,-154.2333846131291
2011-08-10,-163.43903139813452,-168.2668071542844,-167.34039112375063
2011-08-11,-161.708440176506,-162.7083605626202,-169.67600464468921
2011-08-12,-152.86588931088124,-151.75511770367478,-153.59217587099786
2011-08-15,-149.00725851274518,-145.21120420773204,-161.63429580543766
2011-08-16,-150.95500358045413,-155.64817940320222,-156.41682784786303
2011-08-17,-160.5263742176225,-161.08800593691223,-163.45683188271886
2011-08-18,-144.17962181578315,-146.70892112447325,-153.8841081275976
2011-08-19,-154.02093049761686,-160.2068127465575,-165.9725890484554
2011-08-22,-156.34987388774186,-154.58076036252746,-154.9037649533895
2011-08-23,-146.41022565593823,-143.26306634747272,-147.28993138424613
2011-08-24,-136.41621269041488,-153.40003164778116,-165.43233929936514
2011-08-25,-158.48234979827328,-156.3702805631524,-160.9713366637393
2011-08-26,-163.87516814672142,-162.1300966330672,-163.996940201726
2011-08-29,-143.5855436414513,-150.91157336472628,-157.59270267062587
2011-08-30,-153.97150378705373,-157.6635955846461,-166.31025060639809
2011-08-31,-116.28519553466698,-138.47877781313895,-136.17803414609827
2011-09-01,-164.44498740690278,-167.31904950900665,-170.05955673624166
2011-09-02,-157.34397702045774,-158.5695294872852,-166.59756224164383
2011-09-05,-151.53745187161658,-158.6324627337439,-167.62599998080645
2011-09-06,-147.72945408420398,-154.52648107853273,-161.52651263233003
2011-09-07,-135.20606377963418,-152.8299543002117,-155.2069806991798
2011-09-08,-161.28229767518073,-158.5312383528706,-162.97235041963364
2011-09-09,-144.98985513646707,-153.35053911834325,-162.6379920790048
2011-09-12,-147.02646190565665,-156.4449467913844,-162.0236237913889
2011-09-13,-140.7507708032232,-145.0316447752959,-159.8091305723736
2011-09-14,-164.0594039911814,-165.5163835919172,-168.45952523403992
2011-09-15,-141.1254240948046,-152.0610043593211,-164.06307196306176
2011-09-16,-127.67031363049955,-143.4593075016776,-148.12411663090325
2011-09-19,-151.7262382534879,-153.2965589736799,-161.3310889982348
2011-09-20,-153.1226628203947,-156.7574695443705,-157.96590427690975
2011-09-21,-169.10668701160458,-168.37692778924057,-173.09242087371877
2011-09-22,-144.18386613006814,-154.92139110694205,-163.24196098077874
2011-09-23,-146.5372840944788,-145.22298586827614,-158.07421593165446
2011-09-26,-160.0833066847074,-161.64058373281327,-168.68786614335727
2011-09-27,-159.06317943838476,-158.2791590970682,-165.33155998376805
2011-09-28,-157.0180070038816,-159.72673176442828,-166.1452621683714
2011-09-29,-165.64098543449626,-166.2614309092113,-168.56886944164373
2011-09-30,-157.5050184859672,-154.78006929555988,-162.66322620080894
2011-10-03,-166.79886003652618,-167.29460103918768,-167.35346375530162
2011-10-04,-129.76276185962513,-139.27206320371076,-157.84892070601876
2011-10-05,-168.39726723343887,-167.74108592230058,-169.6051043070937
2011-10-06,-158.28364600691827,-161.8961876533723,-168.6609801216563
2011-10-07,-150.38009948194775,-158.12366135717104,-167.07021337284988
2011-10-10,-149.38188821072347,-148.636956305016,-160.20435312138258
2011-10-11,-157.80042286646125,-157.48421249401594,-158.9780482514601
2011-10-12,-136.77131034389117,-145.74690428085503,-147.78422132804528
2011-10-13,-154.502479516247,-159.48403923390327,-167.50824214535254
2011-10-14,-152.53680278213392,-152.4263266516098,-165.92041935009104
2011-10-17,-138.70752254953578,-138.14952875508433,-159.79173213527176
2011-10-18,-146.5141287568003,-154.371757671217,-160.29252879046726
2011-10-19,-154.37514224339043,-158.78910811022251,-165.22851352057856
2011-10-20,-159.66265742083436,-160.31475033428987,-161.4545552920467
2011-10-21,-163.21699014587122,-163.9540187351604,-163.8947771505817
2011-10-24,-144.71763110526555,-147.51100554979857,-150.3708810751968
2011-10-25,-161.7011564460224,-158.20445580680786,-159.8548009416739
2011-10-26,-155.4010019798068,-154.9060234948936,-156.03244099746559
2011-10-27,-153.65757708239857,-151.5451328709559,-157.95456735832903
2011-10-28,-152.52777107478522,-152.65275503277113,-163.00346906357956
2011-10-31,-157.78530731144653,-156.17006420120217,-162.32888580845307
2011-11-01,-157.26860547716026,-159.382122053941,-165.18081071889503
2011-11-02,-157.73029641687788,-160.05821128671408,-164.34277125048322
2011-11-03,-161.09382376289662,-162.32243939379242,-160.95527526098326
2011-11-04,-162.9430606488358,-161.8883144214549,-172.60359017578764
2011-11-07,-163.66607860759768,-162.26107042672854,-168.97920085709126
2011-11-08,-161.7007674728222,-160.82149919252626,-163.48635583010042
2011-11-09,-162.62404205768107,-164.56793918082195,-169.78720976096358
2011-11-10,-158.3529453207995,-160.11373433435716,-160.29016310614992
2011-11-11,-166.74621408831229,-167.5178492284256,-175.975213377439
2011-11-14,-167.28047817665833,-166.78390018945066,-172.72282247228645
2011-11-15,-162.42617959919085,-162.21094075539574,-165.71085744747444
2011-11-16,-165.787410630982,-165.07212361935495,-171.84510435595186
2011-11-17,-153.7465105973036,-157.07213420471243,-160.87428138369523
2011-11-18,-170.70227548367657,-171.2321188999118,-174.96565705520538
2011-11-21,-166.11772381893306,-166.96778148236626,-173.48820527236978
2011-11-22,-170.4966049413053,-173.76491756824507,-177.14575452907482
2011-11-23,-154.71640085674986,-157.76354221134588,-160.09268815670393
2011-11-24,-164.8840211522282,-167.3901937172124,-169.872698572799
2011-11-25,-156.1824219824687,-157.76694036038222,-161.47037721358953
2011-11-28,-157.81970420161417,-161.71928505670093,-170.67212061726244
2011-11-29,-164.9305962787041,-167.07241528242002,-168.67742754797737
2011-11-30,-162.28324442623395,-158.6066069336835,-169.9089296046234
2011-12-01,-145.21209380630145,-144.55999966671104,-154.30937850239198
2011-12-02,-154.1596509856795,-152.48686771969824,-156.93711730415615
2011-12-05,-153.2068893123768,-152.43579414762056,-162.8891110464305
2011-12-06,-166.1338574959795,-165.4374075754467,-163.33847142700057
2011-12-07,-166.48141924795834,-165.91556698032173,-168.04195423453334
2011-12-08,-167.46213069432764,-170.23778182406562,-173.10333029546698
2011-12-09,-158.57121507683755,-158.17689378588543,-168.90684779460855
2011-12-12,-168.3080480480583,-170.9752390412059,-172.1093119997103
2011-12-13,-161.64799161566847,-162.9644955676327,-169.3728967367294
2011-12-14,-161.98465700648973,-161.61389627203502,-163.7725578503466
2011-12-15,-153.15718164807848,-156.314509380705,-169.40591005245352
2011-12-16,-158.70892212722902,-158.40199814350564,-166.66414012355045
2011-12-19,-150.64491550707405,-151.87027276605065,-167.00652517044608
2011-12-20,-158.62937913914647,-161.1049857045329,-164.30531621122694
2011-12-21,-155.7488225985295,-158.4050033628267,-167.78977228524244
2011-12-22,-159.25746487922154,-160.85478411879566,-158.3788483764277
2011-12-23,-159.81574448626003,-161.5368505700851,-165.94521490863468
2011-12-26,-155.6835056272529,-153.8374912125338,-161.4140693788308
2011-12-27,-164.96126156380998,-165.31605733319122,-169.19553238909083
2011-12-28,-153.80599049046901,-157.93292582662014,-161.92084996917868
2011-12-29,-164.24959238653673,-165.4395120104803,-168.9535467208254
2011-12-30,-164.5094684528321,-164.40049998756984,-170.55081501351557
2012-01-02,-161.94337723285489,-163.44128579773695,-165.86846029939636
2012-01-03,-169.08785025400795,-170.39259634035577,-172.52791841794829
2012-01-04,-151.71987657324763,-144.82999211773046,-157.04331549571174
2012-01-05,-166.42987135913054,-168.49212539440552,-175.7012305794196
2012-01-06,-152.4820554730081,-154.6081984230614,-164.99410825844274
2012-01-09,-152.47236074202803,-153.11441410642368,-165.21101786037113
2012-01-10,-155.4505711461137,-154.3302862214626,-162.39343397040983
2012-01-11,-157.02592161397746,-156.4806773851774,-163.81596629734855
2012-01-12,-148.62239610125476,-152.53390801740585,-156.79280928306707
2012-01-13,-152.1355449045792,-154.55411801710466,-161.1895788066995
2012-01-16,-162.30603454729598,-162.6041497746194,-162.86191700269197
2012-01-17,-164.27893647376547,-166.19176224836747,-172.2973153096882
2012-01-18,-154.31652962710137,-152.0234028088287,-163.35186479393184
2012-01-19,-163.49468947825,-165.2970902440359,-170.7490732414945
2012-01-20,-156.80610764948193,-155.74622617411796,-164.76541775775794
2012-01-23,-162.135432781688,-163.22868308732453,-170.8335792795879
2012-01-24,-144.75188309133105,-143.51638975882378,-152.46391807411666
2012-01-25,-166.64487546430757,-168.38709739284943,-169.04404160004324
2012-01-26,-161.72939452564847,-158.87952378043045,-161.29971178906345
2012-01-27,-166.6785448912304,-169.91401153416402,-171.22378744090167
2012-01-30,-154.46895544673225,-154.41474415940402,-162.19576854433714
2012-01-31,-166.65892700947586,-167.64483295389618,-168.70063341470592
2012-02-01,-158.54269580593146,-161.05829090989775,-168.4233972713563
2012-02-02,-157.19221557909609,-155.5172455038488,-159.3753658202975
2012-02-03,-153.66310875209473,-152.88927896879187,-162.48977863098676
2012-02-06,-141.98761603336163,-145.03640741489414,-153.29073279934602
2012-02-07,-159.7954397516866,-158.6937291303645,-156.78790478056635
2012-02-08,-154.14460796958718,-159.31206145256726,-161.57812838453677
2012-02-09,-152.7487006966081,-151.68521059362672,-155.28355634329176
2012-02-10,-155.00673128438882,-158.1305644748758,-161.98300091293245
2012-02-13,-148.46984524916385,-152.77711864573405,-157.02445957818742
2012-02-14,-143.6507288662903,-147.03734565541214,-144.95751356133408
2012-02-15,-151.25976159728555,-154.6930012306798,-159.14312168204154
2012-02-16,-143.1616559930543,-150.73016996740267,-155.29522085533145
2012-02-17,-145.22007869681002,-152.27577263539172,-154.05065300475064
2012-02-20,-166.81707673402911,-163.1249895540337,-167.21857262360734
2012-02-21,-159.32622623876208,-160.89625415299707,-161.3030494015457
2012-02-22,-167.09647226077436,-166.78599944284176,-166.553657891063
2012-02-23,-162.36351553670224,-161.72279145698988,-163.34772666636465
2012-02-24,-165.67510428425993,-167.55065562109317,-169.2813548652882
2012-02-27,-167.22480816533695,-164.9220141117769,-169.69404922739204
2012-02-28,-160.85725264487735,-163.06380452091545,-162.20716616196574
2012-02-29,-153.97726798777595,-154.01048097859515,-165.14457368335647
2012-03-01,-158.30675853736562,-158.96206720215534,-161.26571634710572
2012-03-02,-158.86127721647014,-163.77771400788907,-170.32864043970517
2012-03-05,-162.9603997963044,-166.11480508962913,-160.74536137614834
2012-03-06,-164.1268878608529,-162.11616301573886,-165.7576044404654
2012-03-07,-151.39537114667064,-151.18374252118045,-156.6210488283702
2012-03-08,-157.95482935880642,-161.20679824146222,-161.38242186718392
2012-03-09,-163.05173794516512,-163.37584300208343,-166.78061669291935
2012-03-12,-160.49894738848477,-162.28983115785877,-162.91520322846966
2012-03-13,-158.0803591431327,-164.468595733298,-163.78642129463537
2012-03-14,-155.38427021850615,-156.17894070325698,-167.01874410900209
2012-03-15,-157.6073085843554,-159.99623450726034,-166.3109538389761
2012-03-16,-156.4480061623488,-159.20471679546293,-158.69218295064445
2012-03-19,-163.48105656691502,-160.59607991449698,-165.1985088001968
2012-03-20,-160.92306062628205,-160.24039110751835,-166.5108681024182
2012-03-21,-159.57092475028486,-162.5724487795151,-162.2059681210792
2012-03-22,-160.2179933120317,-158.27338737461105,-160.49278323881106
2012-03-23,-164.6083402421017,-165.04100814747707,-165.49830374683
2012-03-26,-152.7151364951654,-153.01906327181143,-162.42929267386492
2012-03-27,-163.95083045784526,-165.61318850351105,-166.85606837462444
2012-03-28,-147.88984203936306,-149.02070722679719,-163.6672724297243
2012-03-29,-154.87754836726714,-154.4672699121602,-154.71858441348897
2012-03-30,-135.23262766106964,-136.09442291622622,-146.08317210163253
2012-04-02,-146.35653003561407,-146.04236936967692,-161.46104031729246
2012-04-03,-153.27476798474353,-154.57135612603946,-154.2572515429996
2012-04-04,-161.00956775279377,-162.19395752249991,-164.981203735838
2012-04-05,-160.59045332508222,-159.14368586694218,-162.70721424212627
2012-04-06,-156.82667225698034,-160.12713242133924,-164.71491451788822
2012-04-09,-153.54300536268033,-153.3699091673885,-158.81424280604466
2012-04-10,-159.13089542273661,-161.54524992284394,-164.82542933041555
2012-04-11,-158.8149558430199,-152.69122703263884,-158.69393467331594
2012-04-12,-143.19129861661708,-143.44798038187858,-148.411364417664
2012-04-13,-164.42439827441666,-160.17630308957163,-165.98206527866236
2012-04-16,-134.72208315180163,-133.18524356859677,-143.17124543113715
2012-04-17,-158.47669609771688,-159.8858982673923,-165.17741251978742
2012-04-18,-162.20742735273734,-163.98443859580513,-166.38278764553343
2012-04-19,-161.0901892059961,-161.89254523210272,-164.74257039080797
2012-04-20,-137.89395487219582,-144.69251324341275,-151.92466775002595
2012-04-23,-156.62422801686253,-152.374549455592,-161.41944874330267
2012-04-24,-122.05155597892406,-131.84559886012664,-142.23159497942257
2012-04-25,-158.7661187229263,-157.00996818747822,-161.05415427435054
2012-04-26,-156.46009118560897,-151.67335900823653,-152.63542553974276
2012-04-27,-138.93854652737429,-142.98999551992057,-162.91438589755305
2012-04-30,-143.3126028641272,-149.3349920398879,-159.7583844624614
2012-05-01,-146.73226675830722,-148.58872078352397,-153.5271683935081
2012-05-02,-148.42384755096174,-143.7322827070177,-146.71231119305577
2012-05-03,-150.94362827392314,-155.2102189359772,-155.32985753102037
2012-05-04,-148.8696818149865,-154.07914584366603,-163.56480056597684
2012-05-07,-151.72985149075063,-149.74995399287528,-159.19872455282098
2012-05-08,-143.57442255974908,-142.4661556948053,-154.58090740170016
2012-05-09,-155.01983239426244,-153.36459073693632,-155.82983145054266
2012-05-10,-150.53687719541009,-153.75619836178765,-158.05247942976737
2012-05-11,-163.67261807233774,-163.08153177758848,-166.37749727727868
2012-05-14,-162.01309355247082,-160.89879850003317,-169.27534563561406
2012-05-15,-139.03284733993013,-146.13609760750052,-165.1697832113872
2012-05-16,-156.3897249967587,-155.0902745025989,-162.48292521845858
2012-05-17,-151.756573841182,-153.0594048173052,-159.031887657144
2012-05-18,-153.7204432758177,-153.82008634270375,-162.55276988578507
2012-05-21,-157.82725995541463,-157.4325129221298,-165.7861472225192
2012-05-22,-159.18049499316993,-162.54290093815246,-162.55178509579963
2012-05-23,-148.53518133869485,-154.85011858732568,-160.89257193021493
2012-05-24,-126.61031670170868,-143.28941539790324,-162.97494603717402
2012-05-25,-150.5585198760057,-158.67417239052645,-160.7056803831891
2012-05-28,-151.65232610226045,-147.82760200726148,-144.693335576322
2012-05-29,-145.5637662634635,-148.89098469380895,-161.50278277027522
2012-05-30,-125.93470021712682,-126.6769319042589,-150.34394184245667
2012-05-31,-133.52466245660227,-132.55640662883593,-149.56439902143256
2012-06-01,-140.24795576003763,-144.3186646573423,-156.80100171035343
2012-06-04,-156.56479040441272,-156.82717898040076,-164.06139528350593
2012-06-05,-133.7075818686749,-139.8022788359108,-156.25188904215162
2012-06-06,-157.85460027075575,-158.7811930819829,-164.02006287095702
2012-06-07,-144.51686980840879,-150.85777833277157,-153.18030193718704
2012-06-08,-164.12939338600552,-165.04245579345567,-169.411550706959
2012-06-11,-158.8118542577245,-160.15658140114425,-163.72840728642592
2012-06-12,-162.93297358727355,-166.00012889275243,-167.80470743829443
2012-06-13,-161.07568774465267,-160.27379466977118,-160.22717236622213
2012-06-14,-145.56627930969015,-155.11309780911125,-156.727319645396
2012-06-15,-143.34885144962294,-151.59136111286233,-158.64568805052633
2012-06-18,-154.6479246955691,-153.9943609689359,-160.88070083938067
2012-06-19,-160.2022528273394,-159.3245357393264,-169.72882369392795
2012-06-20,-142.4993690952935,-145.8905199813553,-160.80366109361466
2012-06-21,-148.52650427884518,-154.39922146541278,-160.44575779527963
2012-06-22,-153.63025594541864,-159.1684399559424,-162.80134116208598
2012-06-25,-154.12928549369047,-161.8561110448225,-162.32329519371712
2012-06-26,-141.7824090198941,-148.8521825009386,-161.63041236733125
2012-06-27,-168.95312093230248,-167.44759582572604,-168.90321899471468
2012-06-28,-153.13296520399152,-152.190696019738,-160.09579362731262
2012-06-29,-164.68838710244657,-165.12424229462732,-169.03229743540481
2012-07-02,-167.7840180844349,-165.54186199103262,-169.0955819048188
2012-07-03,-156.92827379528168,-155.59860531391004,-160.24930637954014
2012-07-04,-161.5757306983305,-164.20330321806702,-166.12244075651557
2012-07-05,-152.80601905366944,-149.6180155318558,-156.1641760997727
2012-07-06,-150.82952351974237,-155.06450493673745,-163.1631151319897
2012-07-09,-165.34760793065314,-167.487120973636,-171.3556185999595
2012-07-10,-163.14274629181182,-163.24443685768338,-163.7189553746944
2012-07-11,-158.94664029257035,-160.34063138777123,-168.15967921963144
2012-07-12,-163.23363168756688,-163.46720406198662,-164.5125754391375
2012-07-13,-156.67277543767798,-160.8022249267426,-170.7376663465817
2012-07-16,-157.62977017122176,-160.39235036346145,-164.55110561148473
2012-07-17,-159.17698912739405,-152.33951727022313,-166.1784326031007
2012-07-18,-160.23282660543236,-163.70105239750404,-171.29235964365554
2012-07-19,-153.3718089486991,-154.26605704771316,-163.42131643386313
2012-07-20,-137.67594165708223,-146.48155711274006,-155.87814318955557
2012-07-23,-160.04528699891446,-163.8207658820749,-163.49006765216689
2012-07-24,-162.58594399806114,-163.16140915997696,-162.0458896302483
2012-07-25,-161.2372942846163,-165.1515753378913,-169.54277616718122
2012-07-26,-165.85156140149928,-167.93953770876277,-171.91806192972842
2012-07-27,-167.95032126955167,-170.44268669631276,-172.49418674602657
2012-07-30,-156.6827272178029,-156.32113931527115,-167.01207871354248
2012-07-31,-166.42756613331915,-166.83613487851724,-172.80958598650267
2012-08-01,-154.67574362741564,-155.9727510123775,-167.61191139894203
2012-08-02,-145.52254235959978,-133.74029339008092,-153.16189724624056
2012-08-03,-160.96903753979382,-159.94746442811805,-158.16759166697787
2012-08-06,-157.15646524496486,-158.41254685741995,-164.2473369920362
2012-08-07,-168.11891134085604,-170.42766984973179,-173.30335759760533
2012-08-08,-163.40783496947967,-166.3074900667911,-169.9669982068962
2012-08-09,-160.4959171948814,-163.82583171213238,-164.57523440387578
2012-08-10,-166.78934436787813,-171.03881439079169,-170.50830695773945
2012-08-13,-162.9415743546635,-166.20299922949673,-171.17056038365212
2012-08-14,-162.33104551399393,-160.6183490644624,-162.6993855698028
2012-08-15,-157.44553248688274,-159.6232706318995,-161.81358749371995
2012-08-16,-151.25072014368354,-152.32289271608312,-166.39631012734304
2012-08-17,-169.5154809958194,-172.84637137353397,-173.59361025980402
2012-08-20,-162.06878951854412,-167.97014076213543,-169.69934186631593
2012-08-21,-166.8654500202583,-168.39013572469125,-177.40311943929197
2012-08-22,-160.22793326750732,-160.2101412394812,-169.03216952096324
2012-08-23,-162.33313239001288,-161.94848899983063,-164.59180118755424
2012-08-24,-159.60029440354594,-157.47622221592678,-168.22734593410854
2012-08-27,-169.38486126184054,-172.98174292344606,-172.16061679785957
2012-08-28,-163.92002211604523,-167.2100098247284,-169.44333064776296
2012-08-29,-164.87098439402402,-167.71165429712315,-174.4799750848759
2012-08-30,-159.33741677365333,-161.4699356242623,-166.75815117691948
2012-08-31,-159.606924549569,-163.0439178072483,-166.02033688145784
2012-09-03,-162.42471703387977,-163.6318855132647,-164.77633698942762
2012-09-04,-152.95166715168253,-150.556812586501,-157.70166843481138
2012-09-05,-154.8315466647232,-153.92454758746632,-165.62338238244
2012-09-06,-123.83694452435549,-118.46884784447325,-148.62602951496825
2012-09-07,-151.19067553144174,-154.0048984996633,-161.29283240244416
2012-09-10,-144.81172315561372,-146.74080529970956,-156.8672869743764
2012-09-11,-160.290539376815,-162.38566295877803,-169.9426785767309
2012-09-12,-160.67910598604462,-163.51692126382824,-160.4332959841485
2012-09-13,-163.8204806146135,-162.71907236295556,-160.7052851912129
2012-09-14,-139.018848785817,-129.6496365294212,-155.31153756379027
2012-09-17,-164.11760062822432,-163.18159696369108,-169.12943959102347
2012-09-18,-156.58036751451343,-157.89858626058626,-158.06114345804377
2012-09-19,-161.24216108256454,-164.25023307368187,-172.55799935149832
2012-09-20,-163.85684720666333,-165.9663769393048,-173.74165667759016
2012-09-21,-160.42911195319047,-166.92569195790063,-163.28731637169352
2012-09-24,-157.86682918040808,-164.2140220954953,-167.96312955592438
2012-09-25,-163.27835524577318,-162.40029553366108,-165.63003233151971
2012-09-26,-164.30177869337345,-165.1463934064584,-165.2879108406671
2012-09-27,-162.93680078335163,-165.22234988059353,-164.70811458655962
2012-09-28,-160.12576032215276,-163.41438726611653,-165.40693881303832
2012-10-01,-152.92157329965042,-153.3017125297903,-147.4511853233998
2012-10-02,-156.4073405883378,-157.02928557399522,-157.56788947278073
2012-10-03,-160.22356927486055,-161.560209531023,-165.98669527783773
2012-10-04,-157.82619369071773,-160.5500699256991,-159.0202476223505
2012-10-05,-150.28188531877652,-151.99188503257025,-153.8215121635252
2012-10-08,-160.38050559527966,-163.3615878174269,-164.8640027326391
2012-10-09,-161.0463541666766,-162.4726887076423,-164.66893483670714
2012-10-10,-153.4334706326814,-157.03447187713456,-160.93845634412054
2012-10-11,-150.56485264095468,-149.64948868683632,-151.01496862535973
2012-10-12,-148.7823726344588,-151.7619986065747,-160.5840430788768
2012-10-15,-162.62048401661434,-167.45227809569988,-166.65113791316037
2012-10-16,-145.3932095002991,-149.61254678051733,-164.12650018986477
2012-10-17,-149.41476990572176,-156.53899614026054,-166.96130253076896
2012-10-18,-145.5766574977167,-148.65181112058755,-162.78556777699262
2012-10-19,-162.12784193025578,-162.00853337750524,-162.4744866316894
2012-10-22,-155.36658235941078,-159.88020259401293,-167.61238583065
2012-10-23,-159.38274595577133,-162.79842871848447,-164.2328589035668
2012-10-24,-160.6877696931812,-162.8775753058817,-170.62328783304173
2012-10-25,-158.05386508177202,-160.01278711333282,-169.46415054473238
2012-10-26,-155.54820323537123,-159.9108686797565,-163.0742999690938
2012-10-29,-143.04027694633803,-142.7203745344908,-164.80857585746003
2012-10-30,-159.3788137012602,-158.34357976168408,-163.69833386779322
2012-10-31,-135.27047969887116,-139.88171826041057,-163.70214010068713
2012-11-01,-159.5737886571482,-162.77137219262897,-166.43089646949073
2012-11-02,-148.1206933243802,-149.93235994622242,-156.8965241576861
2012-11-05,-140.92702734812963,-140.01873200547288,-148.25842275335677
2012-11-06,-140.20483620076442,-143.76952153440072,-165.00977161139954
2012-11-07,-138.19662652388774,-142.28285456063728,-162.04501203023761
2012-11-08,-159.88596481409007,-158.00302811572493,-165.88768823921134
2012-11-09,-161.213025828748,-162.99220751214185,-163.93187273547454
2012-11-12,-144.96515618968192,-146.73741034805795,-163.41879253890855
2012-11-13,-165.41131447678163,-165.50076151273194,-169.51585215275242
2012-11-14,-159.9653354957562,-160.0947547697059,-164.64485513801213
2012-11-15,-161.29287251154062,-160.00946284257526,-160.1957655707714
2012-11-16,-134.75951477647854,-144.67511482278724,-151.96120579889623
2012-11-19,-150.48909328983038,-159.24041996514256,-164.2278018642358
2012-11-20,-158.59843617026576,-161.80305702101026,-159.2353570859284
2012-11-21,-162.0064056913913,-158.81993408733436,-166.43954368541662
2012-11-22,-155.21480911520055,-157.64559031217328,-158.6484267440589
2012-11-23,-163.5005277876049,-165.20523255432605,-169.51547523512212
2012-11-26,-155.6537872457053,-159.77576220606272,-158.46653877321904
2012-11-27,-161.96450501238454,-163.02404630032123,-164.88940923683984
2012-11-28,-139.78011850229535,-143.9404080523669,-155.18968961676035
2012-11-29,-163.0773121733939,-162.2598306747665,-164.91494654234643
2012-11-30,-148.0032801390342,-154.9038402805603,-162.5138103427191
2012-12-03,-136.854159126298,-152.47209284756414,-164.2979865205322
2012-12-04,-164.27249238121658,-163.24997455291697,-165.48832115403602
2012-12-05,-144.62549826236656,-161.5778029590678,-170.13527517116123
2012-12-06,-158.80812921071185,-148.921497728666,-156.60057616608026
2012-12-07,-160.99145217862565,-162.31861636880058,-166.61713044468553
2012-12-10,-161.498238782479,-160.96597015156877,-164.9686691065893
2012-12-11,-147.31162284501653,-151.08074684958663,-168.91079670337837
2012-12-12,-168.41758881863694,-170.68526163849774,-171.82482902575538
2012-12-13,-157.7955191628912,-163.5743733032281,-166.94607976899258
2012-12-14,-163.46778035832486,-166.0250996796277,-168.63859423632292
2012-12-17,-160.644945986645,-163.6888205858982,-166.19728813413275
2012-12-18,-141.9013540021802,-155.66655755421834,-161.46455832323136
2012-12-19,-156.30735028519965,-168.66501181334388,-171.29324321601203
2012-12-20,-150.5963736234185,-147.983147072569,-153.09830386701157
2012-12-21,-157.17639100789083,-156.23453894678653,-151.77672081508496
2012-12-24,-151.98152291840495,-158.22759083887564,-160.45010741097255
2012-12-25,-161.46627644135924,-161.58873675728316,-164.92692766669964
2012-12-26,-151.97151632549824,-157.00631220519497,-162.12631904168396
2012-12-27,-148.3580729011491,-157.49479256560775,-153.81136873313253
2012-12-28,-165.76866746005024,-164.86293292703863,-167.77413891269444
2012-12-31,-152.72617542100588,-155.56875815681755,-161.50302765561983
2013-01-01,-132.15206214041257,-143.61130872993326,-157.44635367718095
2013-01-02,-166.85087579652208,-165.2896038076559,-167.72279039281636
2013-01-03,-159.88930328208542,-164.22431508682814,-166.53644623807878
2013-01-04,-158.0410429530109,-157.08301188799805,-159.30715969334068
2013-01-07,-163.29262725482937,-162.31884003095408,-167.34754406278654
2013-01-08,-166.68247499710446,-168.18220654146637,-168.48645611792503
2013-01-09,-165.8541372267445,-168.65702386212573,-170.4342144944434
2013-01-10,-132.87460979414215,-135.2328184582642,-140.01888006901473
2013-01-11,-164.7264472804142,-166.66608805275024,-166.0519677468835
2013-01-14,-153.89221810073695,-153.85004506821716,-162.95167677018824
2013-01-15,-155.98934460669787,-152.33312889264033,-158.02847038236646
2013-01-16,-160.4104158392153,-161.47207666423557,-170.53711019206142
2013-01-17,-153.43438885523514,-152.82070080674555,-161.44512406661707
2013-01-18,-167.61237363154393,-167.02453279120303,-170.40725950589584
2013-01-21,-141.70762236784626,-143.43441949400824,-154.98848252822515
2013-01-22,-153.68102513452664,-155.1714347730022,-160.2699022423679
2013-01-23,-149.13545408419725,-150.98480642280484,-160.03135853518646
2013-01-24,-143.17728940677563,-149.02048480465987,-154.6082250923406
2013-01-25,-156.03246526453538,-158.05866596436746,-165.98909180652117
2013-01-28,-166.01795973208627,-166.1058363086405,-169.92083900228982
2013-01-29,-164.72118302321428,-165.84206866885128,-167.6385132009412
2013-01-30,-154.53376572196626,-152.93669232537155,-159.8853173926382
2013-01-31,-130.26424963738802,-132.85977539666717,-159.0471543708119
2013-02-01,-137.27306930778002,-141.72021115502932,-162.38565290321142
2013-02-04,-148.16080894339947,-149.6405745880879,-156.36940848468188
2013-02-05,-162.59735548989474,-162.7092491888147,-163.41231297251963
2013-02-06,-139.76936526160952,-144.01915402646995,-156.59284738754258
2013-02-07,-139.54823409274624,-141.0455665261973,-148.03518351724173
2013-02-08,-146.9406113266616,-144.42946210937868,-139.43424894832964
2013-02-11,-162.8299748517528,-165.6689152624574,-170.34068198443373
2013-02-12,-162.63492915185833,-164.69435157564877,-166.12083470670717
2013-02-13,-150.74305258941916,-152.65778838202982,-154.07150185796627
2013-02-14,-158.2220198459472,-160.75128476349641,-162.44415506348668
2013-02-15,-153.88324437014694,-157.0623779468313,-167.3168612928529
2013-02-18,-145.125885405789,-145.99998140544272,-154.4492869726144
2013-02-19,-145.9250684091924,-151.341627043742,-157.1900243831488
2013-02-20,-149.94984768312366,-150.10324137950542,-160.47203022684826
2013-02-21,-151.29717302043773,-153.67784887835185,-161.06533662892164
2013-02-22,-153.22435660828356,-158.0820171983874,-160.15873460957692
2013-02-25,-155.30500034444856,-160.39805482652375,-160.1691581356711
2013-02-26,-165.3294734780431,-164.22801369551877,-163.95917981120843
2013-02-27,-150.34558204847556,-153.9721988020773,-158.86945847220463
2013-02-28,-163.93775879388528,-161.0565980666774,-162.52015432674116
2013-03-01,-160.53704207372326,-165.68956839335516,-168.90858892233243
2013-03-04,-130.50813161708822,-144.9351654629825,-148.4856001547173
2013-03-05,-161.91234324444474,-161.07091472966408,-162.01530225509435
2013-03-06,-152.3185196813563,-156.067364577356,-161.13938421815703
2013-03-07,-159.30472278386168,-160.20518885318742,-162.85472175893537
2013-03-08,-150.6551182639696,-151.88173674844154,-148.7147500890664
2013-03-11,-159.4248475722348,-159.95050665320696,-169.49929241059382
2013-03-12,-163.49285040794797,-164.92476540255151,-169.7062715303684
2013-03-13,-165.5734108961837,-168.0710279389938,-167.20634603637495
2013-03-14,-159.60286264579142,-163.25430994163438,-165.2363102590607
2013-03-15,-152.43540171602115,-152.84639278562653,-158.1783672614985
2013-03-18,-136.00093095139545,-143.69298478883945,-144.45601138128495
2013-03-19,-158.60553227723676,-158.99762058746654,-168.4065243311697
2013-03-20,-144.32364406995697,-144.7268761620214,-155.4589098794538
2013-03-21,-154.75686441655716,-161.69791527221295,-166.38314500277733
2013-03-22,-150.50196801830734,-153.4816077961257,-160.2862774506723
2013-03-25,-169.0133669547757,-170.2659442927425,-171.88384078579907
2013-03-26,-164.14790914474193,-164.44752243300852,-166.39572028754276
2013-03-27,-163.78339515447252,-164.29198371826428,-165.12463919446893
2013-03-28,-144.39257913741625,-150.0452795978716,-150.80774195629897
2013-03-29,-165.59739957724372,-167.32553002575747,-170.46071143479287
2013-04-01,-156.23539245892252,-160.9210855412668,-156.99160504761105
2013-04-02,-165.7775706134716,-168.26859106099363,-170.66918165054963
2013-04-03,-132.01824748243018,-141.33406606781836,-157.77092956779768
2013-04-04,-163.79654726626055,-162.74842684690742,-168.22746759849238
2013-04-05,-153.83521620156395,-153.3632552368298,-158.845320842442
2013-04-08,-153.75081992450492,-156.94859630382473,-156.78336520991428
2013-04-09,-149.57591840860078,-154.75664743182378,-161.20192994064485
2013-04-10,-153.17620804853067,-160.68896247868065,-168.80209644112986
2013-04-11,-151.01111177527028,-160.26557177459546,-160.7229378901228
2013-04-12,-144.6652121915407,-149.9230892758141,-161.7187810922874
2013-04-15,-144.34363868124106,-149.07011060837783,-152.59792058333184
2013-04-16,-164.3098744562463,-164.54976976667945,-167.58572905180156
2013-04-17,-161.2934244336146,-162.62840439382998,-168.95856574170205
2013-04-18,-162.8631853051138,-162.64631268653062,-168.5327638267273
2013-04-19,-160.39982980758424,-159.01940197156685,-164.22497491326703
2013-04-22,-158.90592367170004,-159.85678148181424,-162.0334966599015
2013-04-23,-156.56857977012703,-155.32357116836414,-168.0249172399194
2013-04-24,-166.55948678040684,-165.4039228515127,-168.72682923592038
2013-04-25,-159.66289820807663,-165.69638716864984,-166.73327886465503
2013-04-26,-162.8545993678697,-167.11850068098605,-169.64671004719
2013-04-29,-158.55097470581546,-165.69812335391188,-165.06449604442096
2013-04-30,-156.08742154860863,-157.90687193440658,-164.51772071007235
2013-05-01,-172.3461335766547,-175.04223372972208,-178.07592216199203
2013-05-02,-162.02641671735768,-157.56934430596868,-158.57502614262148
2013-05-03,-155.82974674816515,-162.02976138820435,-160.65052022861454
2013-05-06,-163.9061277541938,-162.48782577625767,-171.2911034307729
2013-05-07,-161.72641374276571,-165.79775137629477,-169.30384762293616
2013-05-08,-155.55269235356815,-157.595116027391,-170.38750115521427
2013-05-09,-166.65058014022458,-170.22343240692692,-174.90425687548523
2013-05-10,-159.89133329688374,-162.82232939678912,-166.0478937598175
2013-05-13,-163.38233816469358,-163.59559863313936,-168.76143285059143
2013-05-14,-156.88454530975326,-160.07809261984022,-168.87705738573524
2013-05-15,-152.90395978654388,-154.65493732854412,-166.7877554761726
2013-05-16,-145.27349874637275,-146.66520636253003,-158.94739378736554
2013-05-17,-149.40747913493945,-151.55907151809257,-158.2014475179122
2013-05-20,-156.15058123761168,-157.5467685552291,-161.98622431967928
2013-05-21,-161.49491810725507,-158.36503445515297,-158.00487996807217
2013-05-22,-161.66805740773563,-163.23608915881795,-167.99708034343107
2013-05-23,-165.36452372594587,-164.72885101733004,-169.681175730638
2013-05-24,-144.9524812830636,-140.01519354158842,-150.6531181030099
2013-05-27,-153.50637504784459,-154.08496368647732,-158.8240071376925
2013-05-28,-151.03376390095616,-154.2613371700353,-151.41990292598945
2013-05-29,-161.34489650893875,-163.64137253289817,-168.69893759749058
2013-05-30,-169.4091660791294,-170.13798176407704,-175.1026206857017
2013-05-31,-155.47857712785796,-159.1557630256361,-160.21255665857285
2013-06-03,-169.61261648897616,-170.7893811727574,-173.76383421591834
2013-06-04,-149.59558180610898,-150.721667010365,-159.45271961010707
2013-06-05,-152.39165371999957,-151.63423602424976,-169.6573329808925
2013-06-06,-160.6698082618773,-161.13559830975404,-162.7171073054907
2013-06-07,-148.73703828407213,-152.48674407573483,-161.84176565881035
2013-06-10,-161.31396124704912,-160.2123399622183,-164.83964450208128
2013-06-11,-158.2750282504942,-159.6974770665255,-162.7446269811039
2013-06-12,-154.47072398443703,-162.10813599994708,-171.40745418230946
2013-06-13,-157.0655830473063,-157.56511112508596,-163.26644699337407
2013-06-14,-165.2912121160252,-163.97857298013255,-163.5566485504484
2013-06-17,-143.20524659197767,-145.26946371075476,-151.54478056614826
2013-06-18,-156.95362059239213,-157.70119741157455,-161.07624885436394
2013-06-19,-109.27503472119159,-125.84082681804334,-151.53655773618664
2013-06-20,-157.22818820463922,-158.8342017369233,-169.75431460899716
2013-06-21,-148.20845588147827,-153.10061675431706,-163.84215100683238
2013-06-24,-165.09644857066178,-165.38142994857125,-171.94284583298864
2013-06-25,-152.79585812995583,-153.3915897003896,-162.99519169197117
2013-06-26,-134.8943103504037,-134.76306508528617,-150.57391386930053
2013-06-27,-162.86999019322516,-162.61182212119948,-171.87502740299416
2013-06-28,-155.82917781524463,-160.09924940245963,-166.6503329027244
2013-07-01,-144.45035587993476,-148.06055680502928,-166.97287724812995
2013-07-02,-166.37492434469064,-169.21452338475623,-173.59079267280094
2013-07-03,-161.1031452662542,-159.6775839686657,-157.52201521677057
2013-07-04,-149.39214282286636,-149.61779408641456,-155.56719883728647
2013-07-05,-163.18440922736093,-162.3112790744362,-161.84580671081557
2013-07-08,-157.24853844947674,-156.80959744225243,-167.6315459749971
2013-07-09,-155.61768889140612,-156.45596765396556,-167.068223411498
2013-07-10,-160.54348131544086,-158.66692285165433,-162.2517677215611
2013-07-11,-147.52978698563024,-147.70163709408385,-164.513934299177
2013-07-12,-159.35256697889002,-162.14074370070807,-171.73442749429248
2013-07-15,-146.52877965188333,-142.19004863007189,-161.63312851214243
2013-07-16,-163.38876004043206,-166.70369814082895,-172.3999338650557
2013-07-17,-165.49264911309712,-166.65875170303687,-171.78858781860083
2013-07-18,-167.06196295581924,-167.94097086353173,-172.58098608466716
2013-07-19,-156.8599158434749,-155.09384744453456,-163.22716943769683
2013-07-22,-170.0794487631961,-174.3306520428707,-178.3551917393142
2013-07-23,-160.7736277816134,-160.47172780873248,-156.7122425871796
2013-07-24,-160.40536879592864,-162.12219890572862,-167.31284094476257
2013-07-25,-159.80280353313637,-160.20047758091533,-163.08574126481275
2013-07-26,-166.15186010739646,-169.68645594610365,-174.55246084636337
2013-07-29,-160.9319404023479,-160.3443145084692,-161.73764852272814
2013-07-30,-157.82359338972833,-156.5389395543542,-162.0120405164904
2013-07-31,-161.74377966803684,-165.51099941010642,-170.44029576711867
2013-08-01,-164.3308169761143,-165.095464389668,-170.69711479449376
2013-08-02,-155.11421944935353,-157.11335464500903,-167.7909234635822
2013-08-05,-158.9604275136071,-156.47393280332653,-162.41217932636317
2013-08-06,-172.07572781323356,-176.73668201366706,-179.64132098010293
2013-08-07,-163.56635113367847,-163.31244501028618,-166.5444234579956
2013-08-08,-160.80680613604034,-163.19438301331002,-170.73493246791293
2013-08-09,-152.4811939643537,-151.12728256241863,-152.17511976638255
2013-08-12,-162.26006772895673,-162.05479811644818,-168.770329231367
2013-08-13,-162.4705268562158,-164.26696635463674,-169.00744172160324
2013-08-14,-167.3875828060612,-168.97919290837146,-174.46849826544965
2013-08-15,-164.70583353594185,-166.0966003932678,-166.49586374850668
2013-08-16,-152.85340840119298,-146.53191183826496,-161.73659117341123
2013-08-19,-159.8941086856271,-157.9479492820443,-163.25390525821274
2013-08-20,-151.1264021218549,-148.75121519092244,-153.82668725283753
2013-08-21,-165.0437701131424,-166.16856909804136,-167.79098092253182
2013-08-22,-161.45735748237755,-163.55074465105346,-164.2753255151406
2013-08-23,-162.63653225300394,-164.9602488178545,-172.15836266688746
2013-08-26,-148.09850039601142,-145.72058281156603,-153.5989329500683
2013-08-27,-153.40187589490063,-154.08151173599032,-166.39299855133922
2013-08-28,-162.88609010850993,-166.2258800810199,-168.10901203836409
2013-08-29,-149.41674366787308,-154.13255741138786,-157.57716668743006
2013-08-30,-156.31757172929025,-153.36385225158466,-159.6562279943363
2013-09-02,-159.83377878690024,-159.45526955337448,-165.25894550699437
2013-09-03,-154.22020344000998,-153.25397627205737,-157.73038547483435
2013-09-04,-154.6793941717661,-156.40401124948926,-167.00155899082188
2013-09-05,-141.2532295237592,-144.8185308444167,-163.73002502016806
2013-09-06,-162.90545731527862,-166.27106835976784,-167.21586092625455
2013-09-09,-164.67866648292676,-164.66862540692517,-168.9861308983894
2013-09-10,-147.95628921709041,-142.36709660955916,-151.25271744927363
2013-09-11,-152.81663144093642,-156.46582153743435,-161.58038417798838
2013-09-12,-150.30738378793905,-158.53884180145948,-158.99699824973868
2013-09-13,-107.69441533850781,-124.68665268075253,-143.75338592545705
2013-09-16,-105.41797605306044,-125.35614825897862,-146.31265154211115
2013-09-17,-165.9760102535712,-164.93911855837842,-160.96646262460473
2013-09-18,-153.60946832767303,-157.7072928383863,-162.50917827032757
2013-09-19,-160.17855973978158,-157.6106812298276,-161.35595657662202
2013-09-20,-164.6131288144413,-164.33234001220242,-167.97196487890125
2013-09-23,-145.84369569872706,-154.01729314565992,-158.7912533253544
2013-09-24,-134.36092057634164,-147.78403092058934,-153.10946970509104
2013-09-25,-159.1321599285803,-158.14530369532145,-160.72778547069524
2013-09-26,-154.28836554823212,-154.11967454186046,-163.43578570876434
2013-09-27,-161.93469559556917,-166.76127591128352,-170.3303993625114
2013-09-30,-162.38935748557452,-166.8805554836568,-167.09118357865037
2013-10-01,-154.3379315258305,-160.92268297285256,-155.92536822653526
2013-10-02,-143.66216358715886,-152.37622505383436,-160.67946395097076
2013-10-03,-146.23977582944252,-152.10304140610143,-162.60196967107404
2013-10-04,-159.91600327735947,-162.7491744311207,-164.20479591700058
2013-10-07,-123.61373353296332,-136.14914209590268,-156.66084227209856
2013-10-08,-159.78675338897432,-156.15837921367003,-158.29568818736158
2013-10-09,-157.1836439158677,-159.41819933872677,-164.7385020254941
2013-10-10,-157.1250373575089,-161.60792849768114,-162.72078196766725
2013-10-11,-148.47587673671583,-159.0784517071013,-162.27778128976627
2013-10-14,-153.39159768951893,-158.49752529801165,-157.3875292177704
2013-10-15,-127.22146120671135,-143.26619222197283,-150.25299311721633
2013-10-16,-152.1989166235063,-156.88311966834442,-163.0023538052696
2013-10-17,-153.45446291098142,-166.2099709943188,-169.97238494207807
2013-10-18,-155.43189171993683,-158.46314732337297,-159.90582280603257
2013-10-21,-147.86823225131582,-150.53710990628272,-157.66911784841633
2013-10-22,-161.89581775859347,-160.3154318642579,-162.18755409211235
2013-10-23,-143.73269684342011,-148.29993002212592,-157.96876888054354
2013-10-24,-131.2512734991247,-146.6027357130501,-148.9401151772485
2013-10-25,-153.0566524168808,-158.5613036047664,-165.5335647755004
2013-10-28,-157.46813196728152,-162.49600194772196,-167.28928649788637
2013-10-29,-150.9400102597647,-149.18021359584517,-156.90250264965087
2013-10-30,-155.8598966668955,-151.5256199053851,-157.90989549628574
2013-10-31,-166.98954718826337,-161.9443295601028,-157.73852474322666
2013-11-01,-125.69298395499231,-143.4920868413333,-161.26801492040428
2013-11-04,-150.75941645099394,-151.69418697251712,-160.43122988416508
2013-11-05,-168.88554583827366,-169.89052985046752,-170.5588581012971
2013-11-06,-159.13102661589798,-160.80369677334383,-168.34556912916563
2013-11-07,-164.27861645214114,-163.97074512100576,-169.70758378069317
2013-11-08,-151.5420957224738,-150.7144161795212,-160.8931857354211
2013-11-11,-158.51728410491154,-158.148479929766,-159.7080192346872
2013-11-12,-155.68587089260816,-157.02217500582387,-160.60815753081766
2013-11-13,-163.62207493404227,-164.51992116441775,-166.3366621805781
2013-11-14,-159.89681335001143,-159.6285663190238,-163.95156586378556
2013-11-15,-159.0680457780224,-159.32851224596652,-163.38696641630202
2013-11-18,-146.3544558917201,-145.49370746539557,-156.50201803256573
2013-11-19,-157.94641926032378,-161.91470547539134,-166.15527759302296
2013-11-20,-154.38820076644006,-151.401797936796,-159.05436096720058
2013-11-21,-159.30709146937272,-161.2573734445169,-165.57508883790177
2013-11-22,-152.41291705580036,-154.48792530906195,-158.4071470892618
2013-11-25,-167.7151713262271,-167.22497009618652,-165.34479625734497
2013-11-26,-156.4252943425355,-158.57199317606597,-169.96416401073225
2013-11-27,-158.13594336723204,-163.064542928104,-163.99007592910255
2013-11-28,-163.91268027538365,-164.9339341372369,-170.2574268289196
2013-11-29,-148.59917732852261,-146.84593755017085,-159.52365138144353
2013-12-02,-159.73377512786595,-163.80920646175161,-163.94373485125845
2013-12-03,-164.6790307163818,-166.10764715633746,-168.38344531024018
2013-12-04,-153.98452710771556,-160.9775681528239,-167.65815570686425
2013-12-05,-152.12332739464884,-149.69329749407595,-156.40477027224176
2013-12-06,-148.85419654738973,-150.56554789413082,-158.9129500591008
2013-12-09,-154.66742566444697,-154.81648545196788,-156.43616965457574
2013-12-10,-136.5607269199686,-143.81641781030885,-145.18767777875928
2013-12-11,-153.68453273956925,-155.4614713932493,-158.71648364960473
2013-12-12,-144.00530884767812,-150.13189192625006,-151.67324046818982
2013-12-13,-135.38810720106878,-138.08540609138387,-148.01586557517794
2013-12-16,-160.4411785675214,-161.687099309445,-162.581045177648
2013-12-17,-157.39877570943014,-159.53503775296372,-164.1138517720557
2013-12-18,-137.63900196335135,-147.70578258657048,-156.39984298005345
2013-12-19,-138.49192009206652,-151.81569248590054,-155.36592187361273
2013-12-20,-127.09814313341563,-132.25952867828696,-147.72830349794353
2013-12-23,-155.5376418243743,-159.44777219457293,-162.45160828415575
2013-12-24,-116.60068651487435,-146.17182010659047,-155.86077309643446
2013-12-25,-144.23320838658051,-156.11124286921145,-162.05992040143852
2013-12-26,-135.48178247109783,-137.23897758062103,-139.09288437538012
2013-12-27,-153.51756783231733,-143.62874171286995,-151.75929161552858
2013-12-30,-147.88464800535658,-154.69462749852434,-158.4510743231937
2013-12-31,-158.90255546601426,-159.02381636221045,-158.96971028874881
2014-01-01,-123.96065934172381,-138.90820100557482,-143.35612732227543
2014-01-02,-161.69336598541992,-162.48635853250505,-167.34796340602486
2014-01-03,-159.0650640787827,-162.91081462623447,-164.03587554589905
2014-01-06,-154.47912402602236,-151.7775760404235,-157.12473216964727
2014-01-07,-134.44995947535404,-137.2413225711056,-150.81794039472402
2014-01-08,-151.17042548558615,-135.97449144124607,-141.9343584551448
2014-01-09,-153.90416517217992,-154.42059701498735,-165.4491270325942
2014-01-10,-147.87796357437492,-153.62475479644235,-160.0005297021886
2014-01-13,-130.99636846202944,-145.46820648387234,-144.04198209072493
2014-01-14,-145.5455175632068,-147.2934444129759,-162.80325995093648
2014-01-15,-132.19453243631642,-146.4519052354759,-165.02628879303998
2014-01-16,-142.74674053730473,-150.23791379614846,-153.33173269638203
2014-01-17,-153.16213497798034,-156.22849522681156,-155.48996329361594
2014-01-20,-151.61698892210012,-160.84048854372142,-166.43936180854303
2014-01-21,-139.9661475118986,-145.01420944416134,-155.07372388632706
2014-01-22,-135.49067303474396,-148.2698694230511,-151.3836974193941
2014-01-23,-154.12594417381962,-156.85327880593923,-160.04079449090725
2014-01-24,-154.78276298676383,-162.25103510380637,-165.32035934464864
2014-01-27,-142.19192174715954,-153.92638871672702,-149.8817915679519
2014-01-28,-123.72620191597103,-147.29983472514658,-153.94447366190695
2014-01-29,-151.5954484071167,-156.49723333874223,-159.32542257486693
2014-01-30,-131.08064264871402,-149.6239027390571,-156.8314053289016
2014-01-31,-146.4579250406913,-153.519798692027,-160.62677377600235
2014-02-03,-129.19568018958174,-153.5271804306759,-153.79811597603705
2014-02-04,-113.08808583986847,-131.65747452134252,-140.2766117174718
2014-02-05,-140.94286929563037,-142.84927965643863,-152.65777056967505
2014-02-06,-90.25013170799001,-133.0162882960902,-136.96541797356593
2014-02-07,-148.16960760336536,-154.77015323461185,-161.81911500605594
2014-02-10,-150.9586803699849,-147.437867360202,-149.23501831177725
2014-02-11,-116.05900969667846,-133.29685298832175,-140.48937753982062
2014-02-12,-123.9802457646836,-146.5217667316952,-149.0371627217326
2014-02-13,-121.18022424943358,-138.7669371133017,-152.62058690860334
2014-02-14,-134.48634255598682,-151.35592353206786,-154.11235471450152
2014-02-17,-133.8279904064282,-151.96871515088677,-151.55728040517795
2014-02-18,-143.63263709974737,-153.5889548465197,-154.9732519095425
2014-02-19,-157.4944396921634,-159.39303529916515,-158.5557805046733
2014-02-20,-153.74330617958313,-147.04228698871248,-153.94309586649152
2014-02-21,-168.1282561747751,-165.45397593106932,-167.44692438647425
2014-02-24,-159.76018456729219,-160.05290239664166,-163.4760927127989
2014-02-25,-150.13651295232646,-155.89143904660068,-163.46113309551237
2014-02-26,-150.35735459919707,-156.449495011418,-151.94874531486536
2014-02-27,-153.33770643918177,-156.82373706231613,-153.97732450160342
2014-02-28,-159.42026220290836,-156.7498554508221,-161.8264802014793
2014-03-03,-164.23727499895492,-163.87200770121007,-168.19572567824707
2014-03-04,-131.5772413153063,-149.72533278333458,-152.32890421585634
2014-03-05,-160.47570248293462,-157.48476368975264,-159.61957886016023
2014-03-06,-119.77201041981067,-146.1745659125445,-151.40393959187412
2014-03-07,-167.0675253566442,-165.65592869868487,-166.91088093795608
2014-03-10,-153.24256608581132,-151.2297538692475,-154.98357985773453
2014-03-11,-162.23330711100624,-165.6327970063546,-169.42585281412144
2014-03-12,-150.77050567377972,-156.62340710962752,-165.22524270631726
2014-03-13,-146.53908731719176,-147.3008018299733,-156.29343584196795
2014-03-14,-151.7002554451947,-148.1736789878903,-155.2355431565729
2014-03-17,-158.9433061854984,-162.14319451528775,-163.8668149738449
2014-03-18,-135.09085491356677,-141.22234326402048,-149.6811036459893
2014-03-19,-157.50344462816176,-161.4174331396664,-169.09708220718977
2014-03-20,-119.55478082309455,-145.27527201606702,-151.36041607988759
2014-03-21,-115.81910057025438,-151.99368074867695,-156.15178789423248
2014-03-24,-128.48919046347748,-149.04374788453683,-155.10183146747747
2014-03-25,-144.93637837625522,-155.83294428913112,-161.9449033559646
2014-03-26,-163.70555298182947,-151.9682539846475,-159.98167917911073
2014-03-27,-163.88227368691534,-156.50223218226063,-161.21741571475553
2014-03-28,-146.78693641956474,-157.34724873519525,-160.1191816346949
2014-03-31,-144.80575159327967,-152.76854495841513,-156.63271046253266
2014-04-01,-160.7254149284285,-160.8005959357299,-158.3675941374266
2014-04-02,-161.73009350644205,-160.88089548234237,-162.57211615229815
2014-04-03,-159.77456406957052,-160.53954272864286,-165.76328634943965
2014-04-04,-113.84005729548622,-120.00754880369544,-144.41133967569058
2014-04-07,-155.16191403273817,-152.73169639876244,-156.06666458111232
2014-04-08,-153.54374640149487,-155.71672176324097,-158.6891694063392
2014-04-09,-152.18469385008243,-158.4891907549766,-158.56585339455842
2014-04-10,-164.882338458894,-162.77992834471758,-164.8413477755579
2014-04-11,-146.76094503974576,-147.8545282424114,-144.72811949803324
2014-04-14,-143.5876703747535,-145.39878324322973,-145.26093706700615
2014-04-15,-140.72221746820478,-150.41262329242713,-150.42240951011044
2014-04-16,-121.78574121375411,-138.6662326434049,-154.34176435677253
2014-04-17,-155.38078274414778,-150.05867191677504,-152.70286651929317
2014-04-18,-155.0831491728144,-152.47342634191855,-154.81267150594968
2014-04-21,-152.4995971923234,-157.3083531614479,-159.87412933994906
2014-04-22,-142.37339427993777,-139.21948685627237,-158.37149697917778
2014-04-23,-164.82298130040374,-164.44245763739576,-165.08794417802625
2014-04-24,-154.36335022656118,-151.05727510610203,-160.36108033915443
2014-04-25,-150.87326525605403,-150.67983684597505,-153.0161102601163
2014-04-28,-157.18294100663528,-161.8859204639942,-163.89795766305613
2014-04-29,-157.9672859197687,-158.4654231579253,-159.1269845820755
2014-04-30,-131.62184970439938,-136.1254813925858,-143.20657665653852
2014-05-01,-162.22013806512842,-160.42795113261326,-161.86606811741083
2014-05-02,-164.3149748532157,-162.81154694051693,-164.2615502780734
2014-05-05,-152.1428963838712,-150.89962204721644,-156.46601403739015
2014-05-06,-147.865245796764,-147.83503819619983,-150.34670408041734
2014-05-07,-156.00840793525916,-154.42115706854673,-165.61809500895532
2014-05-08,-140.63563847187825,-139.4488188884233,-153.01727384675021
2014-05-09,-154.45070632968412,-152.80408445188405,-155.57238962757455
2014-05-12,-155.26399935898817,-154.4239810549136,-167.27305489997016
2014-05-13,-133.21633930677913,-146.85612758934815,-144.58569490590156
2014-05-14,-158.24561370094347,-161.04087691851055,-164.63835171453005
2014-05-15,-157.31477891256648,-158.833194404262,-152.35110037286427
2014-05-16,-146.9908053684758,-153.55630647308143,-156.4146157581084
2014-05-19,-138.90455205096623,-145.0043744908567,-155.59465629498075
2014-05-20,-162.6541267567236,-164.13859445952448,-167.51852042343177
2014-05-21,-125.41033499048875,-131.75585891545327,-150.76319140072604
2014-05-22,-147.90928591939826,-149.16768574884276,-158.42105605069165
2014-05-23,-157.369920130049,-158.29570325007543,-163.63774117608565
2014-05-26,-158.78627668309272,-160.64987795465174,-157.13974690801945
2014-05-27,-157.320322799115,-157.06306565268272,-159.51366573527685
2014-05-28,-153.54747030915786,-160.90555925982846,-169.39163752969728
2014-05-29,-140.13826927592922,-136.50087376324544,-150.38040646242374
2014-05-30,-153.331510778103,-155.20920050755225,-158.86519965532784
2014-06-02,-154.8833559725378,-154.93957395678603,-161.63297353351663
2014-06-03,-157.05811733515958,-157.63389002135284,-162.4211414356525
2014-06-04,-142.88872960702503,-147.4267875439661,-146.96993650857607
2014-06-05,-165.86668870370306,-165.18151395919875,-168.9264635291831
2014-06-06,-157.99266192862703,-157.85858281210557,-162.08213208156624
2014-06-09,-153.27050920431435,-156.48596981615307,-164.5572341473789
2014-06-10,-151.97888218851654,-149.48749678997262,-159.30670708438427
2014-06-11,-164.81024757281844,-166.72704004257193,-169.6766233513662
2014-06-12,-152.65866160953954,-160.15225144256453,-160.634569631443
2014-06-13,-161.76512045684714,-167.24915906740605,-165.25203346642175
2014-06-16,-165.09810462620732,-166.52711333953334,-166.8733641326657
2014-06-17,-157.30330484467765,-159.92490872823262,-168.09373565306643
2014-06-18,-163.20132131467187,-163.44719449790804,-169.31484771704865
2014-06-19,-159.98279859107336,-162.4037509898347,-161.87278540514814
2014-06-20,-156.16036188341496,-161.70313762550043,-164.07192732357115
2014-06-23,-146.99520469397558,-158.1192748423119,-163.4037188509783
2014-06-24,-164.7109175362169,-166.27018619295788,-170.81245179572636
2014-06-25,-150.21388698154794,-152.76956152801714,-165.14999487833012
2014-06-26,-167.04693362010096,-167.97544731017686,-164.57645218171703
2014-06-27,-157.994395409159,-161.50816562225236,-165.04126026385836
2014-06-30,-155.83731952237645,-156.6749718667196,-157.46002915010732
2014-07-01,-155.4610069632858,-155.16638168692072,-156.7119815809642
2014-07-02,-159.4662669582087,-162.4344298334017,-166.69887405317405
2014-07-03,-142.97657722986912,-140.97697062277112,-149.42159669086982
2014-07-04,-150.0146299180518,-157.61328684269813,-163.8089270893454
2014-07-07,-162.36463938141424,-161.40678903398947,-160.87700785764815
2014-07-08,-152.19049850638189,-158.83237669774692,-157.29406401974848
2014-07-09,-158.76742235101875,-160.79285672486168,-164.38806457511103
2014-07-10,-141.58376713677154,-143.05351671704437,-145.02634138990663
2014-07-11,-158.5148806779655,-159.24688531822375,-157.16413622489625
2014-07-14,-163.2477013661204,-165.7726332533585,-172.20851025126885
2014-07-15,-164.10682233964846,-167.2012508554052,-172.7256637666169
2014-07-16,-161.2400539074632,-163.35647581864296,-171.30716433073954
2014-07-17,-163.52403380050896,-163.78914792821996,-165.93227735444734
2014-07-18,-157.65689257620733,-157.40979908402687,-162.94102884961168
2014-07-21,-160.07963864540665,-164.08182297293772,-165.92600952365265
2014-07-22,-145.47623046151176,-151.97255372316587,-152.07553030553174
2014-07-23,-160.98712003819222,-160.53555877242715,-164.73465033666952
2014-07-24,-155.86213534716254,-154.23508647802134,-159.0881947648254
2014-07-25,-156.16339501336407,-158.42834984383876,-157.36649163290724
2014-07-28,-164.55968162372557,-165.12399655012746,-168.4453315162786
2014-07-29,-152.8359397727748,-148.7174531845934,-156.86503432105508
2014-07-30,-147.1435339326474,-144.4780956660682,-157.29140170490112
2014-07-31,-163.67248399029887,-162.90919303933285,-170.17580747139561
2014-08-01,-152.57902452482548,-149.5847299259522,-144.48698357325057
2014-08-04,-164.2818231784039,-165.32019288474126,-169.322607295312
2014-08-05,-148.0733739571768,-147.4900810527363,-155.13238337440623
2014-08-06,-129.40937005528102,-136.5056008497692,-138.86867625079262
2014-08-07,-159.43778559768438,-160.8559322696536,-162.98548855605108
2014-08-08,-152.6033631036583,-153.88000482757377,-158.8514805682318
2014-08-11,-148.15051673591125,-147.35912661399027,-151.31124415768642
2014-08-12,-151.46118779035328,-156.31241237464553,-165.6428501214437
2014-08-13,-167.12259789090712,-169.10299009474417,-171.69614286732096
2014-08-14,-143.29959515947348,-155.97808786678758,-164.9340424892466
2014-08-15,-159.9833518175309,-160.3703945658806,-164.1697058684913
2014-08-18,-139.72136515746877,-152.88484357651066,-159.78255642159812
2014-08-19,-159.30164301771526,-162.60620086328265,-162.2422409085091
2014-08-20,-126.44068118841719,-155.64867623065044,-163.42242107883595
2014-08-21,-146.52742784264476,-157.87686337973489,-164.9111929852778
2014-08-22,-134.8489577691876,-149.524231243267,-157.52885103782464
2014-08-25,-129.72404441453347,-155.78905221400856,-163.55436260889775
2014-08-26,-141.07805799276542,-149.88372001055995,-157.37139828668668
2014-08-27,-140.48993238935432,-158.6426236196152,-160.4665039271244
2014-08-28,-162.4755722772678,-160.49278356315114,-160.08503575858379
2014-08-29,-151.01269921026434,-148.39716461624036,-156.97184021861554
2014-09-01,-146.69462353473725,-152.34380995299568,-158.32758131835078
2014-09-02,-151.92105017872714,-160.03496121910027,-159.58225395509277
2014-09-03,-164.37883295528945,-165.41033498765012,-169.45697989367162
2014-09-04,-146.10764327728913,-159.79391318194786,-167.70104503782605
2014-09-05,-143.8305208259175,-152.27752738824887,-150.27949595744133
2014-09-08,-129.07202873419502,-152.4168244464903,-155.43544365295733
2014-09-09,-162.79802586701078,-160.67728231148396,-165.20120442407054
2014-09-10,-137.317928647102,-147.8170556932111,-156.50169789624476
2014-09-11,-124.38897426194578,-151.03997143719033,-158.3911019622475
2014-09-12,-165.3862298063751,-162.31206568356225,-167.84373714480225
2014-09-15,-120.92884950623866,-148.01857538165677,-156.59337073430626
2014-09-16,-146.7523616660216,-159.43984656039535,-164.3696110939366
2014-09-17,-138.50430070209285,-155.76336074235343,-158.09079258405126
2014-09-18,-143.17151294129874,-150.52161507622804,-147.00833147341336
2014-09-19,-141.5625566606908,-156.28389293252044,-155.87420390123205
2014-09-22,-154.8590491164551,-157.2031173619472,-161.16018678147535
2014-09-23,-147.51375799189245,-153.82955263383514,-153.47038326888048
2014-09-24,-165.24673815300318,-163.31760012751005,-167.48058405560593
2014-09-25,-139.6857228372942,-145.85847150749632,-150.5567261245094
2014-09-26,-151.35679859607785,-153.14298498486937,-156.08752401133523
2014-09-29,-162.98384415156696,-160.0516924284431,-163.38433978060743
2014-09-30,-155.33846137371427,-153.29547918037892,-156.38923822590445
2014-10-01,-138.07115946122406,-156.19845613811168,-157.75141947258936
2014-10-02,-163.7233693020753,-164.25796829215054,-169.31961261757434
2014-10-03,-161.0978031630604,-165.89936087927032,-166.36196096096478
2014-10-06,-152.59083700081098,-150.70628969610618,-159.73361917759328
2014-10-07,-151.85008501638455,-163.23608286907944,-166.61629680931472
2014-10-08,-164.18481658932637,-168.82826619287783,-172.49995905065842
2014-10-09,-154.01187911275377,-154.50506237426964,-165.45653933891657
2014-10-10,-155.98739683025534,-160.99630980023738,-163.12174985580617
2014-10-13,-145.96516217530817,-141.28876670415204,-157.46906214589853
2014-10-14,-162.2020124278275,-165.78156291253953,-168.60792909477968
2014-10-15,-135.49724831891976,-135.6356508080031,-152.14857343862764
2014-10-16,-162.42385168476397,-162.70348268768674,-167.38865660492053
2014-10-17,-156.83263822877228,-157.65312736880375,-164.88230027025332
2014-10-20,-156.44952344559752,-158.92768070645812,-163.92322160154256
2014-10-21,-160.06797433174137,-165.38675692078826,-171.4514813438479
2014-10-22,-142.29005670659768,-146.72819275688965,-154.0326889013443
2014-10-23,-169.76870624964377,-171.53153024823118,-175.606011804515
2014-10-24,-150.11652641470855,-150.5628349222261,-151.3649932795624
2014-10-27,-150.6182099698338,-148.9515599782772,-156.80314753106285
2014-10-28,-160.00922097003487,-158.09021760107794,-170.57946169858948
2014-10-29,-143.7440762355471,-153.89743508264047,-160.8188805603541
2014-10-30,-145.7045693412674,-147.5444720328706,-153.60590741202014
2014-10-31,-159.8781930525642,-163.1114553974154,-161.38456844285156
2014-11-03,-147.18176786764548,-147.21628641433736,-156.06226235441113
2014-11-04,-156.98479071977465,-159.06830597305597,-162.61162198365068
2014-11-05,-137.2506882340206,-136.1868885749641,-153.70106403903503
2014-11-06,-151.48850463736383,-147.55798729658073,-142.9632773840478
2014-11-07,-162.7550568125643,-161.15038071018114,-164.31777709383869
2014-11-10,-150.81154425141946,-151.57180770400072,-162.77436111864066
2014-11-11,-163.93508928800708,-164.47748837131385,-167.41334863829383
2014-11-12,-150.60491028999485,-153.44839455313652,-166.430141672365
2014-11-13,-150.22439097565214,-149.3216354398916,-159.4900850639187
2014-11-14,-159.90284951746895,-159.75936590045518,-164.413366542197
2014-11-17,-153.75087515611625,-159.3543975440887,-164.8444370590309
2014-11-18,-151.80772519225476,-152.79365602594228,-161.02132846244152
2014-11-19,-137.1865325291426,-135.9164579602705,-150.114213150608
2014-11-20,-151.98727448731222,-154.14104688041442,-153.54321969802712
2014-11-21,-153.99309252163204,-151.72416748633668,-163.03687313139943
2014-11-24,-164.75934537649303,-164.76995870805328,-167.1576506952843
2014-11-25,-154.72811691628647,-157.82359195705243,-160.40847341670414
2014-11-26,-164.63190677761327,-166.79179735268178,-170.8336235344146
2014-11-27,-158.82155739405212,-160.83161925685675,-167.82070296259408
2014-11-28,-161.00179952670655,-160.52726011392323,-169.0304175823387
2014-12-01,-151.73488792097595,-150.26274967985447,-153.1175913975775
2014-12-02,-160.4940875938966,-163.1109316730467,-165.44989467174295
2014-12-03,-159.08975728503992,-165.0222732631848,-168.94788893157107
2014-12-04,-163.12221864971207,-167.51886082700068,-171.60470833087362
2014-12-05,-159.6215702540706,-158.4874328927977,-165.59686162857673
2014-12-08,-160.4000381713585,-162.98612951974678,-167.59189870245706
2014-12-09,-159.17278781648133,-158.2830700895398,-162.02645107661886
2014-12-10,-152.42829583009097,-154.85243703259223,-162.32133975703246
2014-12-11,-162.88234133909359,-165.12788354363434,-167.36811465597674
2014-12-12,-166.40851414455759,-169.1686790300471,-171.78803536066255
2014-12-15,-150.2526685134012,-147.19243767279636,-162.38550540232364
2014-12-16,-143.18586640667655,-147.1809389687179,-158.62594699646016
2014-12-17,-159.1728124759558,-164.03850288997972,-169.09544796631786
2014-12-18,-161.06235559290803,-167.86843732514888,-169.80872041595742
2014-12-19,-155.05300750277772,-154.37516919619782,-170.22274161941172
2014-12-22,-159.48633192540478,-161.85940346648087,-170.25500947209892
2014-12-23,-166.33442298272865,-169.51595998189782,-169.49870359685383
2014-12-24,-164.21433668015425,-168.70842005006793,-170.66541607087242
2014-12-25,-157.86638350428728,-156.7426799866241,-161.14854619334446
2014-12-26,-166.73229675926592,-171.66104328646983,-173.74905583505534
2014-12-29,-161.36796354818966,-160.70979014595073,-161.49344949298552
2014-12-30,-163.6446791873607,-168.2715939832235,-165.2705648999842
2014-12-31,-147.72940396998544,-147.94569023450788,-165.39317340590907
2015-01-01,-166.05408119537762,-170.88906639646768,-172.14878302155955
2015-01-02,-161.0843754333223,-165.08192991648795,-169.86882209457497
2015-01-05,-162.36331648964457,-164.5679870039085,-160.25376648485638
2015-01-06,-160.28900146734793,-161.75708646407364,-162.0467191977625
2015-01-07,-153.03565225065947,-154.9478233079192,-161.95041566476345
2015-01-08,-159.06371547874744,-158.64435621994454,-163.32766863382648
2015-01-09,-131.16561215924116,-127.9159620224174,-149.06402417314985
2015-01-12,-164.86298357970674,-165.82621999430748,-168.27380672185296
2015-01-13,-155.70690500944386,-163.49214206253663,-165.8219790590647
2015-01-14,-167.2587159469183,-170.14618610208916,-174.57962769370718
2015-01-15,-139.58555090484066,-137.26030380917197,-151.44933796056154
2015-01-16,-158.2627626127408,-156.10047710323272,-160.36668290192424
2015-01-19,-152.51756964577385,-155.42655059306304,-164.14353569264134
2015-01-20,-159.66495297769512,-164.28836327437088,-168.6393104338917
2015-01-21,-163.96207336582194,-165.7823532925116,-165.01973942879243
2015-01-22,-144.36016656518413,-143.69576125497912,-163.17479204244316
2015-01-23,-162.51415845038125,-160.6351547634653,-170.25679082618197
2015-01-26,-158.12986929390635,-157.7326959313867,-166.25187544408095
2015-01-27,-142.17481477331972,-142.8598717319712,-160.13953744723614
2015-01-28,-161.73847769677764,-166.4729612886361,-167.42142656120456
2015-01-29,-161.43646830741366,-165.45963578789585,-168.0423135881849
2015-01-30,-154.89450227742685,-152.4675231016732,-152.3171956483488
2015-02-02,-161.7089134289854,-163.8196912007042,-170.743420877944
2015-02-03,-157.60868455605154,-160.04677995556926,-160.60950108767383
2015-02-04,-164.7486912635831,-164.63225911282376,-167.17405127122257
2015-02-05,-110.20675777548719,-128.82280636119103,-147.80665965694607
2015-02-06,-166.56782425046265,-165.85058710464017,-171.0814745478924
2015-02-09,-141.94066803884135,-149.99125667622656,-152.71813668128715
2015-02-10,-141.89251463124697,-150.63410109958977,-153.59322473677852
2015-02-11,-164.4780523720539,-161.5621997817375,-159.8424935025854
2015-02-12,-163.56746042444712,-165.35716208987216,-168.0774874391683
2015-02-13,-150.9438388946617,-157.41488425686447,-160.54207184779304
2015-02-16,-148.4604053914455,-151.27036948436538,-158.56738699271858
2015-02-17,-154.4885752603713,-161.6142994967886,-163.93360313400626
2015-02-18,-156.07732330065312,-159.4664353880562,-164.51265390671443
2015-02-19,-166.85701981838602,-164.68382901883328,-166.05630550126148
2015-02-20,-135.33690922094868,-142.64644900343896,-147.8268154272217
2015-02-23,-159.93121602597407,-161.34329645924822,-163.08181894473054
2015-02-24,-157.18696016742496,-154.12273369682583,-162.24164330168054
2015-02-25,-163.43371527791663,-164.27739321819246,-169.33891775911758
2015-02-26,-158.37592483513833,-161.53655069803602,-166.8625516105916
2015-02-27,-154.2927767595039,-152.93379433639157,-160.40618491868156
2015-03-02,-142.8484612355449,-146.37928847552402,-150.14972672030032
2015-03-03,-145.94466662554382,-153.81182653286314,-157.97468346917253
2015-03-04,-162.36330338163685,-165.55315629538728,-169.88318118251118
2015-03-05,-149.12982583363345,-153.6192100526558,-163.48538821544602
2015-03-06,-151.00845251438517,-151.92809487543914,-166.84023834768453
2015-03-09,-165.3959479804058,-163.98995996476634,-169.85872620460106
2015-03-10,-149.82310464786354,-153.3635962420098,-168.22793743654654
2015-03-11,-147.91118505162473,-156.6155688747588,-163.45240832785836
2015-03-12,-156.07358352616794,-156.45359876312693,-161.91535002273292
2015-03-13,-155.80791772649087,-163.34309374981632,-157.7798489949578
2015-03-16,-162.97419653992895,-167.2450840224016,-170.5245444739155
2015-03-17,-166.34497489272417,-169.48043065489844,-167.7881715091275
2015-03-18,-150.68317236052815,-146.0089566466492,-155.47551030597563
2015-03-19,-152.39660718094288,-153.51165474306356,-157.18525834763864
2015-03-20,-156.7248684928402,-164.01305497732278,-168.55935490327187
2015-03-23,-157.77252064205848,-159.21502409766944,-161.67073236550908
2015-03-24,-154.99895191200054,-164.97314012524802,-164.4135549499052
2015-03-25,-164.54275407246706,-168.89768190131213,-168.49854143113288
2015-03-26,-153.25249884888922,-160.6479481228864,-160.04114164004366
2015-03-27,-162.94717437948833,-163.83414193886432,-167.35256237978695
2015-03-30,-161.72395484149362,-166.95829685540272,-165.7330249456646
2015-03-31,-163.8170175867153,-163.49864322992696,-170.5948908785556
2015-04-01,-162.8474033560497,-166.0164813736917,-169.73740743490703
2015-04-02,-159.91794187226407,-164.89123599684282,-172.9063072307924
2015-04-03,-164.64535121041294,-161.59342973367137,-166.12908403996812
2015-04-06,-169.11516288298438,-175.69761840641146,-177.2654102072801
2015-04-07,-159.33633719507537,-162.7432487367209,-170.2428913921873
2015-04-08,-166.0007997644635,-171.02544433895235,-171.24476273066662
2015-04-09,-167.18195419063954,-171.2640544166686,-175.2613195034092
2015-04-10,-162.11506125215206,-165.15474648231256,-167.21350899159197
2015-04-13,-165.45136466506975,-168.68989578479525,-169.7524855369661
2015-04-14,-164.103145821289,-165.6607501416124,-169.86824607907218
2015-04-15,-165.6426136910114,-172.8394005794741,-173.00701245912987
2015-04-16,-160.73959970513334,-162.19829636973037,-162.02948928853863
2015-04-17,-161.8684880288716,-162.9142402021579,-164.09700799087494
2015-04-20,-167.6278436213854,-173.33908725951153,-175.62166858655667
2015-04-21,-156.7911976169213,-155.6935401757671,-162.09286833232017
2015-04-22,-154.98568729926697,-155.13643103658137,-163.65549078418442
2015-04-23,-160.52846459145678,-160.4536700108346,-163.1744718471487
2015-04-24,-143.35321761823127,-141.61501063745357,-155.9597856130382
2015-04-27,-159.96978286682184,-161.99570198625798,-165.13089334974984
2015-04-28,-156.66869429230468,-159.44399235978054,-153.2936197938352
2015-04-29,-155.96102789548615,-158.27673741543398,-162.04540368703442
2015-04-30,-157.3349024755222,-159.935882990569,-163.2102548531974
2015-05-01,-156.283943116011,-163.07624341549504,-166.59508103271423
2015-05-04,-159.98083258492215,-164.8697780516271,-171.55166073465256
2015-05-05,-159.35021510961352,-158.3118254937426,-166.49877033180587
2015-05-06,-163.86203718341255,-164.78215695525878,-165.9385659074518
2015-05-07,-152.10665976176676,-157.84008414593154,-161.76577209453396
2015-05-08,-149.56217606236527,-158.96425748927146,-165.94283311252335
2015-05-11,-141.03990943463742,-151.80835533890175,-159.0373725374137
2015-05-12,-160.88674551771842,-163.35452076682702,-159.13978770604
2015-05-13,-167.9288117810953,-167.2200373202896,-171.6985442546515
2015-05-14,-160.6919612268511,-162.99871104444856,-168.19533537002292
2015-05-15,-168.5806410446001,-169.81298078600568,-170.6250548755591
2015-05-18,-168.74396963188585,-174.16870312362659,-175.79095454571345
2015-05-19,-140.740117738397,-142.28493318548544,-151.9832926512633
2015-05-20,-159.64098879426135,-160.1113144156991,-155.25400442984363
2015-05-21,-158.20979817907883,-161.77643116595218,-166.41111364007358
2015-05-22,-150.3264618909597,-153.9773206012762,-164.47974824838
2015-05-25,-163.14204244554452,-168.677056063267,-169.8892824553327
2015-05-26,-165.80204137521235,-169.01786557903466,-170.01285453153633
2015-05-27,-158.74181707970928,-160.91775823497446,-163.46267568672715
2015-05-28,-155.390659925732,-154.991140363695,-166.4521684470911
2015-05-29,-158.314179196337,-156.90882938272273,-165.729731597073
2015-06-01,-169.52047985008667,-172.1660478289111,-172.70587295819962
2015-06-02,-165.3554757891777,-171.2032679625819,-174.89463401739567
2015-06-03,-163.7835129449148,-166.13439439168246,-174.76023638243646
2015-06-04,-162.6843152188752,-165.41903686225217,-165.45886501421077
2015-06-05,-164.51690562870974,-168.50885618079064,-165.54083415108087
2015-06-08,-163.65230266197221,-170.2592344733456,-171.18731812299146
2015-06-09,-159.30320070416653,-159.9050083241491,-166.7595856881345
2015-06-10,-160.45264852707436,-163.72617484861198,-168.57372683309376
2015-06-11,-152.56367847138662,-149.01057736637267,-158.13392547428978
2015-06-12,-163.63648433633176,-163.7040220640926,-162.74122071912936
2015-06-15,-168.07611799436398,-170.2603262078639,-171.06501047524856
2015-06-16,-158.20682403247207,-157.48054164215287,-160.04915593289635
2015-06-17,-162.69139318513774,-166.55688317145632,-163.461700164172
2015-06-18,-156.58050931906843,-154.61048806410122,-151.39153559450358
2015-06-19,-136.71219172566097,-144.47856892946754,-141.92186383576663
2015-06-22,-153.5349037484902,-158.48568731806554,-154.23966040264628
2015-06-23,-165.16362640041234,-168.42985859192902,-172.95369357150312
2015-06-24,-144.1127842949532,-142.81874809525243,-152.54453367160485
2015-06-25,-151.89033332714197,-155.51912833976104,-159.0623268627303
2015-06-26,-157.2632099526397,-159.26237060720695,-165.71099360813014
2015-06-29,-163.8830018903765,-162.96438349298364,-165.3181211530905
2015-06-30,-162.60526972858978,-162.2810813603146,-160.79982028611914
2015-07-01,-149.71902691296705,-156.0163580606468,-155.22456984896507
2015-07-02,-164.82271338275334,-164.3816046758525,-168.59284252738777
2015-07-03,-159.89714424974846,-161.36251055182086,-169.25639421655265
2015-07-06,-153.940090492766,-155.26030482211027,-155.84397350655897
2015-07-07,-158.75635339859332,-160.21568361198376,-160.3648628966401
2015-07-08,-137.8805973369296,-148.37246676869552,-156.74747077754137
2015-07-09,-143.61889797910987,-154.55369325998078,-162.1774997874343
2015-07-10,-129.80253947001364,-155.8186898627341,-162.95023259276888
2015-07-13,-167.0614326172652,-162.13571090717144,-165.64641753604076
2015-07-14,-136.23222977677622,-149.23685825864408,-159.2394821996517
2015-07-15,-171.25049058071363,-168.910140243865,-173.35633183661557
2015-07-16,-154.34133854781356,-152.22461338795716,-154.00743654156037
2015-07-17,-152.53246281114042,-154.21187543920084,-154.05321366139205
2015-07-20,-160.38537676445895,-158.21927579129195,-158.8298046253923
2015-07-21,-132.00693374809396,-152.95438154820425,-154.03887967121148
2015-07-22,-135.6906955393846,-157.59516044619986,-161.47756253551154
2015-07-23,-101.69364709047201,-143.9885260868425,-152.3181938980841
2015-07-24,-159.65056405624463,-161.93876366603777,-163.68762922913078
2015-07-27,-154.06260760294623,-158.443923235682,-166.6105220800096
2015-07-28,-153.4370019976336,-155.3475970377373,-157.76232162804624
2015-07-29,-150.90150862743585,-156.035017169131,-156.36190017368025
2015-07-30,-153.76337292190166,-157.26159411945608,-166.3404872017036
2015-07-31,-146.958915319954,-149.04990325124984,-157.2314645801701
2015-08-03,-154.5867963004555,-166.09671949082767,-169.57850243587237
2015-08-04,-148.81107082355206,-148.5212509048635,-156.01409134490413
2015-08-05,-160.3159609599536,-162.90774392698464,-164.052620998999
2015-08-06,-143.79231901903617,-164.03570989329376,-163.8819987072763
2015-08-07,-161.03629602401878,-162.25777859351447,-163.3441524961452
2015-08-10,-140.7547119340674,-154.46275778311062,-158.54078287555302
2015-08-11,-146.86720650045157,-163.5176158987697,-170.289869067139
2015-08-12,-163.4895260914138,-160.05958255297037,-163.595642284013
2015-08-13,-148.7512595529074,-156.90672821425713,-161.49966733814267
2015-08-14,-136.82410775804297,-153.19101798338843,-159.17617092573806
2015-08-17,-145.47450048271162,-160.90008427656576,-164.32366232489858
2015-08-18,-160.31310204995395,-161.3985772683162,-165.85794277699551
2015-08-19,-162.82504196488497,-164.6432223962986,-165.3671481534194
2015-08-20,-140.94791750590318,-159.88347896539028,-169.94134270237606
2015-08-21,-125.5987096815912,-147.0681005876591,-157.90386808956856
2015-08-24,-151.6438231083788,-162.1425285517282,-165.5574003492544
2015-08-25,-124.78865103350421,-154.8703876997956,-153.30732324101962
2015-08-26,-107.37278257974944,-157.69140595541097,-161.87652579288184
2015-08-27,-154.81961672550952,-164.17269137030272,-172.30046611778317
2015-08-28,-162.39761318948678,-167.49923117161975,-172.7069566784459
2015-08-31,-110.6843351638084,-156.9116740089131,-164.52668934871105
2015-09-01,-105.40449774755912,-156.29801846825814,-161.34824850241193
2015-09-02,-140.84836948488962,-157.28847918884026,-162.67837261277654
2015-09-03,-131.21917555295542,-158.67698196925693,-166.8364428347647
2015-09-04,-60.82323247176407,-141.1012518234345,-144.42780840121566
2015-09-07,-132.92179678079293,-154.84132378797233,-163.97907946832075
2015-09-08,-133.54349199487254,-159.0503043273867,-163.11372747399764
2015-09-09,-119.217414743475,-144.73361436989092,-144.50197795458803
2015-09-10,-157.3582998911081,-158.29221327875499,-164.07894337411886
2015-09-11,-162.2305241477446,-157.79237718091207,-158.70368693383818
2015-09-14,-153.98693230805196,-163.78496204875765,-167.58104390168518
2015-09-15,-148.20192973059122,-143.17660264031755,-148.99436079599727
2015-09-16,-121.66891101466751,-152.82511677654855,-157.49434029511067
2015-09-17,-138.33834206702366,-154.90353271106656,-160.55657002470411
2015-09-18,-149.58537540366135,-157.58305355713003,-163.0868728069391
2015-09-21,-132.57557950082247,-154.44783082552857,-155.89067205856156
2015-09-22,-130.0201197173945,-145.9926646578328,-151.9655894144949
2015-09-23,-149.16139360299644,-153.97730078154478,-158.6707679482461
2015-09-24,-95.54176224575545,-142.85170626714682,-158.3322649114734
2015-09-25,-136.1799690148898,-156.03015923256885,-161.43119928926725
2015-09-28,-141.09274373316867,-157.15152943195702,-165.4039147885982
2015-09-29,-138.66635735964883,-144.07843642790027,-148.37033297254567
2015-09-30,-153.1686946239109,-154.41580846044573,-160.19956681297134
2015-10-01,-125.66932851707031,-155.51167247359402,-154.72798149603975
2015-10-02,-147.22666105566182,-150.7780017923203,-156.51581308196117
2015-10-05,-157.744985254021,-157.3001544446006,-158.38160673822264
2015-10-06,-157.57613090465233,-160.82010854419568,-167.67051296601494
2015-10-07,-150.62456503644307,-157.52969501563052,-159.53681142482768
2015-10-08,-141.01905218224164,-149.22924111831375,-155.82808018292255
2015-10-09,-153.9128351924945,-153.26178496848425,-155.16310300563026
2015-10-12,-128.44489194736911,-150.43016076036076,-151.32643199294236
2015-10-13,-159.61350802332757,-161.4413114167436,-165.60017663646866
2015-10-14,-151.6361793120257,-158.7443113031489,-160.65452230243295
2015-10-15,-151.3662289382277,-154.72867292640555,-163.2927405846604
2015-10-16,-155.31342638070893,-155.40551244929077,-154.38936666559883
2015-10-19,-156.68155983032082,-151.46837214945654,-149.8761768826224
2015-10-20,-142.26836820217508,-148.17267077481102,-142.76327943273947
2015-10-21,-159.84204379602795,-158.96706984778422,-160.31165113367453
2015-10-22,-135.73370328091988,-150.72851244624815,-158.95179294181676
2015-10-23,-154.33953481682747,-155.97011900149795,-159.6602186555269
2015-10-26,-152.41379328933823,-149.07227675261808,-157.21886718622295
2015-10-27,-156.1553626436648,-161.87454014868,-166.46124381459023
2015-10-28,-147.3760263247833,-151.52252659176435,-151.86736441490223
2015-10-29,-164.75794999425406,-163.35897670366026,-167.95303390084797
2015-10-30,-142.7027355906019,-154.32886934647803,-153.09503545755626
2015-11-02,-148.43513893151004,-147.79316866430582,-153.35543006158625
2015-11-03,-141.8998113693358,-144.62984768901032,-147.76094688976917
2015-11-04,-122.21074356855931,-142.2998774362425,-149.37698950666336
2015-11-05,-155.84459638380144,-156.76951599953583,-166.46677451781215
2015-11-06,-156.33362323430163,-157.95033497582233,-158.7306479382579
2015-11-09,-140.13079298066177,-141.49678044129718,-156.16304151213467
2015-11-10,-156.33023560869495,-161.60751347879344,-164.1622655421913
2015-11-11,-143.6563922770901,-150.59140255985008,-151.54023705316357
2015-11-12,-158.27009515389886,-158.85948449187924,-161.04757283144414
2015-11-13,-151.073684654474,-152.1514539657317,-158.66073943844896
2015-11-16,-158.17881933451548,-159.20886178294887,-154.82934727850835
2015-11-17,-154.33335211973775,-152.1732918707459,-154.94253922264303
2015-11-18,-152.5839239221632,-156.32843471514755,-157.1466063037391
2015-11-19,-153.30125433643119,-158.94631571300027,-164.98988536471012
2015-11-20,-164.1249718351224,-166.35802098057027,-172.57891923015325
2015-11-23,-153.19578999083726,-157.24752860575893,-164.28253554122583
2015-11-24,-157.31296552478324,-166.91428327332378,-170.26648630409616
2015-11-25,-163.37927569987983,-167.9867545017674,-169.31849182576065
2015-11-26,-163.56519437972358,-166.84420721869415,-170.2158607258892
2015-11-27,-163.23594908538092,-166.15121558442726,-168.8687466319711
2015-11-30,-158.35760180716898,-158.1274182278584,-158.20767922594456
2015-12-01,-141.13537111591253,-153.6726678698447,-159.9382281555404
2015-12-02,-154.55633759866913,-150.96086610162496,-149.9979172612937
2015-12-03,-156.94564272204244,-152.08683202849116,-154.7020785297182
2015-12-04,-149.07411804617956,-159.5010935553827,-161.66811250462527
2015-12-07,-153.0418566540872,-154.33349509321022,-158.66607590615902
2015-12-08,-165.44757741619281,-166.07065158726277,-172.62085602124296
2015-12-09,-155.24126557096005,-151.59030299096824,-154.43044287803087
2015-12-10,-160.51802460789665,-157.73306668789093,-164.87761681869904
2015-12-11,-141.1313427826086,-145.20811694405623,-154.1438200705312
2015-12-14,-149.77569644554464,-159.25587337490558,-163.0081437131206
2015-12-15,-137.6619660830126,-145.87367597928315,-160.74253576027238
2015-12-16,-155.54810168622262,-160.3240131141902,-166.09135097894577
2015-12-17,-146.41530251771326,-145.24575447070933,-151.53663390533177
2015-12-18,-157.56619525622335,-152.90356800102504,-162.20873516519268
2015-12-21,-153.2137709718126,-156.61590569951417,-162.01025838731016
2015-12-22,-162.7840942553482,-164.1090529615139,-169.91964221662613
2015-12-23,-150.9784109240548,-155.0113060903413,-159.96130588157698
2015-12-24,-159.77979719011745,-156.87918090978218,-160.69073338141948
2015-12-25,-147.6815517855161,-148.66606554526064,-149.90812940829974
2015-12-28,-143.20565567127954,-137.701188263776,-150.99706796325586
2015-12-29,-157.82462358135461,-156.71290093367668,-156.88663622946657
2015-12-30,-164.6725968349295,-165.91999510888888,-166.64592927808062
2015-12-31,-153.80762710567265,-155.8279761637642,-157.01685222800455
2016-01-01,-159.16597363282136,-158.1905743762937,-166.1329911495693
2016-01-04,-157.124698696297,-158.47093633395198,-159.89494331603936
2016-01-05,-150.1479286151102,-159.6685450475939,-162.0882877988222
2016-01-06,-149.90241872751864,-155.82438576185166,-157.03403925569273
2016-01-07,-154.32353372742864,-158.42509904215666,-161.20810190387664
2016-01-08,-151.32482738355853,-150.9622958672819,-156.1314389714081
2016-01-11,-152.4133376219467,-153.63784074264368,-157.3796474340124
2016-01-12,-158.5291057040341,-156.65665120176544,-160.18047469879684
2016-01-13,-165.41386037612082,-165.61162991726468,-169.58030166897336
2016-01-14,-155.44714269699483,-157.99510786389638,-158.1852628585317
2016-01-15,-163.13774005605424,-161.6977824963031,-163.87773228116987
2016-01-18,-147.01166427411118,-153.38684366848076,-156.07671898047477
2016-01-19,-154.98218367269578,-153.15938546830424,-158.97837366871147
2016-01-20,-154.8792493386004,-159.2069379950073,-166.13154303330842
2016-01-21,-119.91610718535804,-125.7741426794164,-137.12946600946552
2016-01-22,-154.82621036842016,-159.10830584833883,-160.7702787989374
2016-01-25,-144.1886918330573,-151.8079817859039,-154.18574156842416
2016-01-26,-151.05543090922146,-152.26964314081482,-152.3163682496127
2016-01-27,-164.88865607155822,-162.25425985979413,-164.898499595041
2016-01-28,-167.5487387299939,-164.86228156810165,-169.85010896731347
2016-01-29,-161.08943973199726,-162.72905697669805,-165.0788588704171
2016-02-01,-143.7273452594229,-142.01677206351516,-151.75803041779446
2016-02-02,-154.82475480669927,-156.62338071322745,-161.74155062057005
2016-02-03,-154.66196989807932,-155.46477647210497,-160.8597876671776
2016-02-04,-160.67937271692205,-160.50272822787727,-162.7324290997591
2016-02-05,-152.39702705374341,-155.44189202508605,-152.23538006261293
2016-02-08,-158.85918421821833,-160.75495885038453,-163.40934829456359
2016-02-09,-158.12829723240324,-158.99566498462656,-161.46461924140047
2016-02-10,-164.01600729992057,-164.41255778801974,-167.95356326227633
2016-02-11,-161.7698231615447,-161.11998383454284,-168.02015303064337
2016-02-12,-149.03029705834172,-149.67660026734535,-158.55300493726577
2016-02-15,-156.64534882475576,-158.15856046784165,-164.40033767891515
2016-02-16,-151.64347813175567,-152.89558947647512,-152.97991552429983
2016-02-17,-158.54719227166112,-155.96367645381474,-164.21673131051352
2016-02-18,-153.7384887637891,-155.32986148156564,-163.32021502443703
2016-02-19,-158.7389085542046,-162.8400778858349,-161.77948282077222
2016-02-22,-163.91841424121745,-166.282260845475,-171.3891180414768
2016-02-23,-166.67022345950306,-168.40009057828993,-174.2220935333222
2016-02-24,-163.67670212687054,-165.65478553927738,-167.98935691342396
2016-02-25,-161.8388898270977,-164.34643873140297,-167.95318228294792
2016-02-26,-147.11653222861108,-144.88003949337292,-146.53600188570306
2016-02-29,-168.81922664763658,-172.01001391652878,-173.44431514528097
2016-03-01,-156.15486978858516,-157.23160113732456,-162.11220434980822
2016-03-02,-144.20229032128105,-143.32672697337384,-150.52411151158907
2016-03-03,-157.4446368308907,-160.01135883936146,-157.52788284484316
2016-03-04,-142.4801500323628,-142.68247238429865,-153.91384493511356
2016-03-07,-126.50263269891727,-123.97630665857972,-143.43682756540008
2016-03-08,-153.40979521415596,-155.15392406497622,-165.92344460336705
2016-03-09,-146.50916612122504,-149.38071408959445,-152.57547003875246
2016-03-10,-161.21009153210233,-160.38091748939436,-164.64467387435815
2016-03-11,-145.8440527628806,-152.75109260917606,-151.5979776649761
2016-03-14,-148.75053691172528,-148.16025427346165,-164.32874969405336
2016-03-15,-151.53505443776845,-156.9164418899039,-162.65137555637003
2016-03-16,-157.46224244456278,-158.061429661891,-154.40075287211562
2016-03-17,-149.8662133804988,-153.52985881021547,-159.2291018613907
2016-03-18,-156.0741474869734,-157.94975872738482,-153.99343204768275
2016-03-21,-125.52123617874341,-120.94409203676386,-149.19886955411022
2016-03-22,-155.67729030894628,-160.2708260346862,-164.18469818614938
2016-03-23,-140.76888503826865,-151.53827811492624,-152.28410126032432
2016-03-24,-149.92040202435874,-158.2123443299004,-165.67303253164002
2016-03-25,-138.66574784777632,-146.6227421827817,-160.67643283108472
2016-03-28,-152.40918334639224,-159.8848994107292,-161.2736384509435
2016-03-29,-62.27822291677205,-101.91624924492625,-145.35642194607573
2016-03-30,-160.32112072003437,-159.64033976918705,-163.40567179641215
2016-03-31,-163.6809886931963,-165.05301675151352,-161.29153573737102
2016-04-01,-141.8410133271512,-145.2492336749586,-150.37813599931448
2016-04-04,-163.4633455372434,-167.65899552368745,-167.23145270904024
2016-04-05,-159.25009923735732,-161.45455564001824,-163.71862769502252
2016-04-06,-162.45928644182024,-165.8096036860379,-166.31171885534246
2016-04-07,-159.89015756495536,-161.4194291042557,-167.35511820932277
2016-04-08,-103.04592369997083,-136.3982269285366,-152.76766841880624
2016-04-11,-160.9665561252321,-161.7769237533683,-166.839320091086
2016-04-12,-145.2160048485986,-158.38235203251676,-164.9449792733461
2016-04-13,-159.17408034191433,-158.94840160993178,-167.4535298368594
2016-04-14,-149.48522449402688,-154.16746680555144,-167.27820614957315
2016-04-15,-153.82991500828987,-155.2658546592475,-159.86295565104444
2016-04-18,-156.28732481317758,-154.2259291136909,-160.05122836035943
2016-04-19,-156.10204260483692,-158.22529142530294,-158.16958160921536
2016-04-20,-132.5953790819797,-136.65507332277963,-145.03730845889942
2016-04-21,-140.76257988520112,-152.6909868270322,-158.97251381944074
2016-04-22,-139.88026550044475,-141.10658791151747,-154.6092870315895
2016-04-25,-129.55864846035024,-141.8605896984153,-146.94557191724357
2016-04-26,-164.41542232899803,-160.4283879460206,-166.22259968426079
2016-04-27,-164.19152327207254,-164.99327897620546,-167.8802904452537
2016-04-28,-158.3756956110885,-159.4108659045262,-161.66987368081826
2016-04-29,-164.58298822682474,-167.19085868136804,-170.90768899387754
2016-05-02,-155.81991003444455,-159.35131089455624,-162.279563983223
2016-05-03,-163.20627212516396,-162.61507889033348,-161.00442156687853
2016-05-04,-157.38228578920277,-159.86753761058162,-163.6981827889188
2016-05-05,-140.377433043665,-138.94174132127193,-154.02524552254502
2016-05-06,-150.89085318612985,-150.7658077278868,-161.658242208116
2016-05-09,-168.46486050893097,-170.5133930004664,-174.32920757810263
2016-05-10,-158.92656011456512,-164.61873654307183,-167.40671257914607
2016-05-11,-153.9619633543081,-151.53520039659674,-159.9074302445404
2016-05-12,-156.16924606930792,-161.42748454912734,-166.34230842752402
2016-05-13,-148.72906092988424,-155.36932912783945,-151.88927125453125
2016-05-16,-163.83394593269745,-167.64948335363806,-170.96293565050175
2016-05-17,-166.59389553386754,-174.40642378144634,-175.91976437465644
2016-05-18,-160.10429906809205,-159.71982038459137,-163.86430076949935
2016-05-19,-162.65651676073074,-168.52944468304645,-171.79451679694947
2016-05-20,-156.68833980127664,-158.4411627435231,-153.33343534970996
2016-05-23,-147.32620565903744,-155.99778960038932,-164.92061617744451
2016-05-24,-148.13831511823395,-154.40500987630574,-158.9825915867903
2016-05-25,-147.03057824247517,-151.4137199845626,-162.3508888297755
2016-05-26,-156.9730400128366,-157.7541758410012,-159.80705974245396
2016-05-27,-153.00108232737426,-152.371436160963,-149.3342893911892
2016-05-30,-165.42301522068485,-164.2691425448523,-170.34791542942156
2016-05-31,-157.9808278036895,-161.95503550818415,-166.39856850835238
2016-06-01,-143.24720039305288,-149.9931134790137,-161.9212115816
2016-06-02,-154.94942909022157,-153.8543840783225,-159.83394016949026
2016-06-03,-160.5188595520226,-160.3208578792685,-168.28320279269775
2016-06-06,-159.37690746313453,-161.8916785892114,-168.21391111499682
2016-06-07,-151.82980205253185,-152.5884856148423,-159.6825026270677
2016-06-08,-155.3363931003619,-161.84598551141718,-157.5896833864198
2016-06-09,-157.39687421753214,-157.0629276914951,-162.47524306969984
2016-06-10,-148.51479631496272,-150.94012732842813,-158.71782652657964
2016-06-13,-156.5077931521704,-161.57172704892494,-163.46987989022435
2016-06-14,-156.665589954436,-161.77836048609157,-160.65879362122445
2016-06-15,-151.55356231888976,-152.36382830330302,-161.34993190445363
2016-06-16,-137.04143286639925,-147.0525623243136,-154.0115926119783
2016-06-17,-164.33526677812978,-166.58680512136493,-165.1891837807738
2016-06-20,-155.47173323370802,-157.3642705502207,-163.6715094967888
2016-06-21,-153.66493324983838,-153.19214130113153,-160.37167989487162
2016-06-22,-148.9527942998849,-156.12330481313438,-156.16784601828832
2016-06-23,-168.67290054509922,-170.40995911661923,-173.46121777777992
2016-06-24,-162.323418791079,-163.5997772929183,-165.42266940476145
2016-06-27,-142.41004388399298,-144.19569875216453,-155.7971365342055
2016-06-28,-165.4597188614085,-169.9362291954297,-169.36235228943426
2016-06-29,-152.4622251318843,-152.79695211469235,-154.12499316867223
2016-06-30,-144.9008613919674,-151.83194823570307,-161.0432258561737
2016-07-01,-161.29592518063393,-167.771561376788,-169.56810481687378
2016-07-04,-162.69064202607944,-165.36954782269996,-167.5655350508518
2016-07-05,-165.88233884429505,-167.3211809060128,-168.5654914645294
2016-07-06,-156.24689727516346,-160.25579385543432,-160.97541136559735
2016-07-07,-161.70350080557117,-167.1444986113021,-172.64912048082505
2016-07-08,-162.59957419576958,-168.5516221743233,-169.9881172155815
2016-07-11,-163.89026773005529,-167.06955422347738,-170.37060235174295
2016-07-12,-156.78105832290566,-163.41595154955525,-166.23424728866755
2016-07-13,-164.61349666090908,-165.4137996197823,-169.7842474759213
2016-07-14,-152.295631830312,-157.57005362777616,-164.0205883437505
2016-07-15,-163.1989326466296,-171.15790206907872,-166.90415611953114
2016-07-18,-155.2844089075814,-153.65988100979703,-163.05432643582162
2016-07-19,-149.28853681606515,-151.16455236839482,-165.2381333084118
2016-07-20,-146.4807605213542,-146.42056660997875,-152.17821476655945
2016-07-21,-156.79710683920976,-154.6003614592245,-166.61736753100783
2016-07-22,-158.08566948302746,-163.66874960557175,-162.43980096902365
2016-07-25,-157.49493000270115,-158.57906520976027,-166.32372227759026
2016-07-26,-164.94114716862998,-168.85708762186138,-168.6029096852617
2016-07-27,-157.67543932193462,-160.91405722280666,-168.754671572441
2016-07-28,-156.8611109380416,-155.75950246716712,-164.67366386532342
2016-07-29,-159.1191766394822,-165.56855372562453,-166.12424648926248
2016-08-01,-146.05187917285795,-150.88417143988408,-156.495893225133
2016-08-02,-157.728641395126,-167.21215420243544,-169.04728413411038
2016-08-03,-163.96081084856058,-166.18386737343886,-170.7270885172195
2016-08-04,-151.94262921915762,-149.50954984306782,-161.72519376332096
2016-08-05,-139.75355607716554,-140.43311684992977,-159.63791629996626
2016-08-08,-157.69848481882372,-165.782826666517,-165.04756267851508
2016-08-09,-144.70766384893201,-155.12836037394473,-158.45632197565936
2016-08-10,-158.40061550876908,-157.59505277700418,-165.2904398495745
2016-08-11,-168.33979059147472,-168.55618336263666,-172.07269971889357
2016-08-12,-165.74824854379634,-169.75373506842132,-172.84210143669745
2016-08-15,-162.49508079150863,-164.65825952897484,-167.61732202517476
2016-08-16,-157.44710929297088,-157.30264880679164,-161.7493249867112
2016-08-17,-131.08262329774982,-135.08447431389052,-145.08824854990337
2016-08-18,-157.28315516879914,-161.26696874967647,-169.87416729818995
2016-08-19,-145.54923286601021,-152.95818584039407,-161.41638573441494
2016-08-22,-159.55019099679734,-162.9410493928343,-165.55621004095065
2016-08-23,-154.80205678658177,-160.3983977041842,-149.68657741322437
2016-08-24,-170.07128087194414,-173.23543355457403,-176.23235239873793
2016-08-25,-127.84391826342988,-130.335921241684,-149.21278473451684
2016-08-26,-163.07814528800617,-165.06022770613157,-166.6077279919332
2016-08-29,-162.3311095509094,-161.0120794738175,-161.1605929928447
2016-08-30,-157.8664678074659,-160.03779028721144,-167.0807974124781
2016-08-31,-169.1312659410262,-173.0059455304903,-175.93882840971938
2016-09-01,-138.8679816646528,-131.17568933065945,-147.15176251980122
2016-09-02,-144.43918522405292,-148.77783265077787,-154.27598902249238
2016-09-05,-124.65683219224604,-144.96761495567273,-152.09675701504528
2016-09-06,-157.62547062959703,-161.4715007964089,-168.18259766923842
2016-09-07,-147.3817125583676,-154.09767389942184,-162.23726587874395
2016-09-08,-142.2639204041465,-151.09634702891466,-158.81068446729424
2016-09-09,-154.05041946289285,-163.86334959254552,-168.03273911375584
2016-09-12,-129.30957146031068,-147.42384860166578,-152.6975941960577
2016-09-13,-163.6495549548386,-165.305726742044,-170.0324508787809
2016-09-14,-151.43315334532176,-161.2452013672619,-163.08377750334634
2016-09-15,-164.38618088531035,-166.52118158269963,-166.03062242346437
2016-09-16,-141.3877631074635,-145.12945048261457,-149.15954611026643
2016-09-19,-161.19288448784687,-159.03664308774682,-162.1404518720896
2016-09-20,-148.47723760082343,-152.79372381539451,-154.92377053515952
2016-09-21,-154.74274373103236,-157.89353008199654,-164.42098443307052
2016-09-22,-160.6959168887609,-156.9178451169212,-160.44648820483764
2016-09-23,-154.5533139520752,-157.95409659439406,-161.7805064275004
2016-09-26,-145.44906159488755,-150.34639351386545,-157.92136467711697
2016-09-27,-149.36288052419982,-153.73342329984882,-159.59106781411913
2016-09-28,-152.6268922294947,-151.04773231895155,-142.09158114565338
2016-09-29,-150.92552840838255,-157.87634250612126,-167.61396665919602
2016-09-30,-151.17262023350062,-152.0663022027563,-153.70573775047743
2016-10-03,-152.3980258585389,-153.32413211488858,-158.4245585066852
2016-10-04,-148.6700728236229,-153.00641270341578,-163.5390297540316
2016-10-05,-155.93179478855436,-162.14908267038697,-170.45648407140152
2016-10-06,-148.2807102997062,-151.97255970010235,-156.83380826080565
2016-10-07,-165.6376600913641,-164.22188000163763,-164.0004022152212
2016-10-10,-148.69917873941387,-139.94344550879498,-152.0393268067446
2016-10-11,-165.4997049155696,-166.33051829368515,-170.5382407049862
2016-10-12,-169.08916141128682,-171.1915952991872,-173.08447626382974
2016-10-13,-145.85013250210739,-144.92864835301674,-157.5702074989161
2016-10-14,-154.85639452194698,-157.4869690786867,-157.26497219611457
2016-10-17,-166.87178885585405,-167.01936101729825,-169.95504574184892
2016-10-18,-139.71602066261954,-141.41074818899187,-160.0832277650321
2016-10-19,-158.55240064731666,-161.4662940173828,-161.5586967312019
2016-10-20,-141.86222109661668,-141.4456749694753,-145.38913456026086
2016-10-21,-145.06890857960005,-153.7479425808493,-152.51108057982452
2016-10-24,-155.50646935309226,-158.1897978901537,-163.36149752524634
2016-10-25,-131.63003861716103,-135.02813156755496,-133.2329912505076
2016-10-26,-161.14895845726357,-163.82135196154653,-163.0156604278523
2016-10-27,-161.71271063275822,-159.6796414777581,-160.79282070793755
2016-10-28,-162.50373289767487,-164.034933173039,-168.60268780466686
2016-10-31,-161.53490434799443,-162.88629630957624,-166.09028430966055
2016-11-01,-163.6362101528137,-169.35996898301548,-173.28505058688765
2016-11-02,-157.30017920966964,-159.66025958973214,-153.829463096907
2016-11-03,-157.9392241965238,-160.23978076602182,-164.1975807438848
2016-11-04,-158.21174311531442,-150.99960118882518,-157.46937463724285
2016-11-07,-170.06777926646407,-171.7753896029067,-173.0306770271337
2016-11-08,-158.07548453420466,-161.58003194975453,-163.17512780226625
2016-11-09,-160.83917329278606,-159.4446802179476,-162.60445731558337
2016-11-10,-159.59021286771056,-158.39647736185182,-163.42394852116368
2016-11-11,-137.35122796901197,-143.19952285357846,-151.3453595109039
2016-11-14,-159.96376165110905,-163.2947880773066,-165.88365081193137
2016-11-15,-162.27034969631114,-159.72043637866042,-162.0871727086288
2016-11-16,-164.4049356836433,-163.86405188112204,-166.23812747239774
2016-11-17,-164.96723111127216,-164.85775777099988,-167.90875999447664
2016-11-18,-152.82785903844845,-153.25075664646855,-158.44621500928002
2016-11-21,-162.70920567336356,-162.93640626430363,-168.20462786926348
2016-11-22,-169.49373884214714,-170.92916898216538,-174.5892436137163
2016-11-23,-160.07258693979458,-163.3026886683809,-165.4501111706146
2016-11-24,-158.2379730190384,-160.42308504109405,-165.54802566413235
2016-11-25,-152.46814552974692,-152.10847641622956,-159.58718613744432
2016-11-28,-156.50602185360486,-161.63125468211152,-160.1259426265485
2016-11-29,-160.7285432006124,-156.14340257211666,-154.13769940927108
2016-11-30,-152.82117719553352,-157.88032098912225,-164.2053221713451
2016-12-01,-160.2085329877297,-165.81486870081733,-171.00417452331664
2016-12-02,-151.4635779413121,-160.86377555092523,-168.27273910523658
2016-12-05,-145.18607695208146,-152.7828272297062,-151.56995419578266
2016-12-06,-157.96955714193948,-157.38957944489502,-157.926856158589
2016-12-07,-155.46550967223743,-161.71775916676717,-167.7364011164731
2016-12-08,-130.7057035527517,-141.50399011580618,-151.0784138410888
2016-12-09,-134.63775951599126,-148.26869558295118,-161.47065139149188
2016-12-12,-153.68015088570468,-152.42127892995228,-159.67385517626388
2016-12-13,-156.42539194950544,-158.3602871564774,-157.10103765736088
2016-12-14,-137.92320637657747,-141.4677166281768,-141.36349646257838
2016-12-15,-150.35473548739225,-147.5389374176812,-142.7198165114994
2016-12-16,-152.28112381586854,-157.13602367387077,-151.47946705622388
2016-12-19,-153.2525413479499,-154.38013168075375,-161.42993948487086
2016-12-20,-149.89877047604668,-157.64495697007249,-154.32182809548567
2016-12-21,-160.24862003708384,-158.54950593067596,-164.7049034490901
2016-12-22,-146.47382506962822,-152.69605473951918,-157.61708137232102
2016-12-23,-157.8221173723247,-164.33449377848967,-163.65754216508626
2016-12-26,-153.4517717242657,-155.7459667220653,-158.91527017441084
2016-12-27,-155.29470932198774,-154.1963832968463,-161.42469269589574
2016-12-28,-137.61752678821483,-137.43576196765446,-144.55757446139597
2016-12-29,-153.7303142595726,-158.57126702536533,-160.74516658724787
2016-12-30,-157.8177608211072,-159.81321990604232,-165.2708943213265
2017-01-02,-134.2677585449128,-127.80373393760715,-145.0050649590209
2017-01-03,-157.196973550401,-158.59470036223814,-159.5197575562711
2017-01-04,-157.6065124447587,-163.12482319939627,-165.44819837022214
2017-01-05,-143.9696861971443,-155.06076940093413,-162.3130312979896
2017-01-06,-154.33778306476867,-155.56222999710337,-161.77078314912924
2017-01-09,-166.36470584371497,-169.75729298680184,-171.7407358066643
2017-01-10,-123.38454019362837,-136.8763556853965,-147.86342381339105
2017-01-11,-166.48090022725225,-168.720451240099,-170.19411860960992
2017-01-12,-158.0288285433652,-163.1845509357939,-172.6678080533902
2017-01-13,-147.27993508540783,-147.4215419413617,-162.33758265789686
2017-01-16,-158.01757920532785,-168.3901566344282,-172.57388749722412
2017-01-17,-134.3846534239708,-143.98346504302182,-148.63636737990288
2017-01-18,-149.04147700938964,-153.36177184883118,-161.9208485369008
2017-01-19,-149.3997561213552,-147.9071844693437,-155.12451267717046
2017-01-20,-148.62679167037228,-149.2434397041454,-154.0823366430259
2017-01-23,-158.27335118773314,-160.26571337128584,-167.59511375728627
2017-01-24,-147.1346088258652,-149.55455412228255,-152.1245233960097
2017-01-25,-160.4383280470949,-162.25747596689024,-165.90169059121595
2017-01-26,-149.39501952016414,-150.20415223990452,-156.249752532205
2017-01-27,-138.1559476960343,-140.48616907517558,-151.2585597382635
2017-01-30,-142.0143529385859,-149.759016282432,-151.05498852485664
2017-01-31,-141.209551962935,-157.87951184994677,-152.48827470380374
2017-02-01,-142.32889877672787,-157.03259914607986,-159.23188823883697
2017-02-02,-169.02727353251584,-168.26607357949663,-171.98171501838786
2017-02-03,-131.34486218265465,-143.65164045689946,-152.45344930842072
2017-02-06,-127.86028288487222,-132.34809068672456,-146.7236248408816
2017-02-07,-140.45186286200584,-152.47834838616748,-155.29003877831042
2017-02-08,-155.24186271246614,-153.7913980452186,-157.74502656547594
2017-02-09,-142.22515824046135,-151.5570817131858,-159.37299723543885
2017-02-10,-131.46387002045918,-130.5956074481218,-146.8418949036012
2017-02-13,-145.52452487426677,-152.69751757403424,-159.05266465811786
2017-02-14,-145.49221584814018,-153.93029878690243,-156.37005738905717
2017-02-15,-149.1227794264045,-155.55153899257922,-163.45986354106032
2017-02-16,-136.95736014866824,-135.85305203390575,-144.53619549274725
2017-02-17,-160.7305102401532,-160.61702526113396,-160.51862104740889
2017-02-20,-122.24109379550768,-137.74731622009682,-154.7055408224214
2017-02-21,-160.0382294376114,-156.49569262656829,-154.51165504853103
2017-02-22,-142.78757475307475,-153.69083856960597,-166.5724762877085
2017-02-23,-127.53454130369472,-149.84501528738093,-152.16252466927014
2017-02-24,-142.9124751879158,-148.2704713399306,-154.62966991412748
2017-02-27,-165.22686020593758,-161.45062218604932,-168.66486884372796
2017-02-28,-135.51911265387568,-151.89965361089537,-155.83119831962284
2017-03-01,-145.6601316217401,-147.2771912013947,-163.34278213090403
2017-03-02,-158.75246215375816,-159.22287358787406,-161.96205281936437
2017-03-03,-151.98042108482932,-156.37887324331876,-157.43380158303654
2017-03-06,-158.1570043678289,-154.23214666694233,-158.86861124583282
2017-03-07,-158.5068535106137,-158.2015332724041,-158.81952784841351
2017-03-08,-168.30391739062773,-161.18291399201712,-164.84463465404784
2017-03-09,-159.1509050396739,-159.032489085301,-162.690706623634
2017-03-10,-145.4874561733501,-149.63345141053975,-164.8527160602513
2017-03-13,-147.06387430486058,-146.84288153648484,-149.7195902491226
2017-03-14,-161.2657804575971,-161.6058422966001,-163.41284003303122
2017-03-15,-140.35785784859746,-147.258232377655,-152.76899780419367
2017-03-16,-151.1750788720335,-150.54191114525574,-162.8959118341173
2017-03-17,-146.96488971262914,-150.26805477178397,-157.16945218313995
2017-03-20,-148.12054654779308,-146.02378414609638,-152.262110962711
2017-03-21,-165.61378445073467,-164.19957403424627,-163.6406322284951
2017-03-22,-148.47717870487278,-154.49649202680513,-160.31065628948983
2017-03-23,-145.4822324102034,-144.25888849669957,-157.62781943902127
2017-03-24,-148.79538520303566,-155.1808786332335,-168.20021222076738
2017-03-27,-150.7944379967606,-150.93573193008595,-166.9437418778537
2017-03-28,-132.84149744789227,-141.52840258500004,-150.03787752058804
2017-03-29,-164.15993182901286,-165.43926341681478,-167.62082841268912
2017-03-30,-148.94790758024692,-154.59678261566768,-160.62920731739462
2017-03-31,-156.3473607543186,-157.36807542912297,-152.08496494510433
2017-04-03,-153.5194468528644,-154.2119899022056,-160.98146926013357
2017-04-04,-144.66584936146077,-149.16913554939546,-156.02495302121946
2017-04-05,-154.15239138289712,-159.89115594049022,-161.7768509967246
2017-04-06,-127.54899345709308,-126.93599067132551,-154.16663607964006
2017-04-07,-157.30779570256135,-160.58147143009123,-162.5486928202647
2017-04-10,-161.21538094613587,-160.09202318510575,-163.70619602456708
2017-04-11,-135.09391928634233,-148.0303999200221,-146.76988839636314
2017-04-12,-135.41529293576124,-131.67870118125765,-151.03612326815434
2017-04-13,-150.20853679817608,-143.32480178887167,-148.17801743921038
2017-04-14,-136.39188514489783,-138.33678979110127,-148.9245139762235
2017-04-17,-157.8738207340282,-154.34153577118164,-160.9213539138654
2017-04-18,-156.19448786559462,-155.29519180981848,-159.44857733279042
2017-04-19,-150.09498336320698,-153.91888328259176,-156.98141464954966
2017-04-20,-157.4331680920112,-157.80206061552533,-164.47861752077853
2017-04-21,-140.34028099518213,-139.53900970917678,-150.41805131879164
2017-04-24,-140.21708822817754,-138.02951295161722,-154.52787081406743
2017-04-25,-158.7921000507431,-163.79250474833273,-168.48411677937915
2017-04-26,-148.09059828861544,-149.244263295028,-162.380900984625
2017-04-27,-159.14410132904968,-163.60167728636543,-165.02496689961646
2017-04-28,-161.16278008950948,-158.10397578392266,-162.74925244106157
2017-05-01,-163.790515248296,-166.9871002303531,-167.1712345712261
2017-05-02,-160.7824772670658,-160.91223069361112,-164.415770460067
2017-05-03,-155.2736430359344,-156.34908387741518,-156.96435970758426
2017-05-04,-154.40475029108782,-157.9916947946615,-162.6175921478369
2017-05-05,-160.5200957122129,-164.79380420526417,-166.6329047222589
2017-05-08,-146.18163306054578,-144.7869691483852,-157.1619616836913
2017-05-09,-163.82037598304933,-165.32695841037625,-171.8610348110617
2017-05-10,-152.68337698967537,-155.14660921183253,-156.4143315408205
2017-05-11,-161.48184143750075,-159.57041412624417,-161.36533036827706
2017-05-12,-155.31599549710546,-157.11310335621533,-155.78169791337163
2017-05-15,-151.67894178697964,-149.33678207417267,-148.07546829067203
2017-05-16,-153.927025104574,-150.05616341141985,-156.86458501412625
2017-05-17,-156.90848124735305,-160.24399073690915,-164.44899593354648
2017-05-18,-147.3169130640631,-153.7908568023609,-152.3217367665451
2017-05-19,-154.02001361722625,-156.21952929539884,-165.06699672861518
2017-05-22,-162.3096876283177,-161.39804634096103,-166.2566517729231
2017-05-23,-160.23660349816504,-164.66594929014602,-165.9216658597796
2017-05-24,-165.79605532063204,-170.477773885998,-169.23590889862834
2017-05-25,-155.55541319335902,-151.19050114043324,-149.5458835010262
2017-05-26,-160.08427016930366,-159.92653424895155,-165.4891839729349
2017-05-29,-162.9385678959167,-162.3015105732406,-165.2785437274331
2017-05-30,-161.11481819356186,-163.4305843022321,-166.61909189877645
2017-05-31,-164.59938515653423,-164.92933767119635,-164.74261497546058
2017-06-01,-167.410098504577,-169.74109399831346,-171.97129869733286
2017-06-02,-166.85980011974408,-170.94045002599918,-173.0826231449393
2017-06-05,-158.52276485891954,-159.6939309834218,-154.11443406860587
2017-06-06,-154.1556619482995,-154.02442785054973,-167.85219763092056
2017-06-07,-155.23264769006096,-154.0195523475721,-160.99789401644327
2017-06-08,-147.6659329229253,-143.9265270029438,-156.14138491432504
2017-06-09,-155.23440125135065,-155.05222427646345,-162.8169838012611
2017-06-12,-163.46607994581098,-165.63576186124152,-171.4136206880116
2017-06-13,-147.7956809075954,-149.510247509739,-163.16267682594065
2017-06-14,-159.3643666803085,-164.51907296956568,-170.04142094151328
2017-06-15,-160.2435252746405,-162.4241646405811,-165.2457096712617
2017-06-16,-147.0791579134939,-147.11307988938466,-161.27162404433355
2017-06-19,-151.8103090963252,-153.45722084749335,-160.54273763922052
2017-06-20,-156.23198558170708,-155.60899001073008,-158.32944374436525
2017-06-21,-165.71267868150306,-170.47519200069942,-169.00990770367764
2017-06-22,-150.1845230734877,-155.0312402547323,-163.10197922150155
2017-06-23,-157.32572246176335,-160.5839357094813,-165.33139646154552
2017-06-26,-161.59742345043787,-162.2973382390887,-166.04908813225828
2017-06-27,-161.57873310096042,-168.8220624656241,-168.97971472224987
2017-06-28,-159.40865280626187,-161.43623577607198,-163.02690374947287
2017-06-29,-158.64945791184948,-161.35432574557285,-164.4020711654058
2017-06-30,-151.29700318972843,-144.01644143282311,-156.55132996528997
2017-07-03,-160.48818581190477,-167.39188174787708,-170.94561313757836
2017-07-04,-153.8005779414737,-155.32782723914752,-168.54149256978906
2017-07-05,-166.0673543355084,-170.90464911997285,-170.81038861271037
2017-07-06,-157.3054615935253,-161.56692268643883,-169.24249831607906
2017-07-07,-160.86418478037174,-165.32855352148366,-175.95544025715947
2017-07-10,-164.83250601751297,-167.24624619505073,-173.1351998046765
2017-07-11,-155.77653272986035,-156.91123155606297,-165.95313800542436
2017-07-12,-170.56753637958096,-176.31887793957605,-177.92445273005873
2017-07-13,-161.58798197250732,-164.8864651843952,-166.9316438222345
2017-07-14,-164.77254094498824,-170.36498899394746,-174.0869018716504
2017-07-17,-166.6094594902264,-168.09048512213724,-170.14061352857695
2017-07-18,-169.19517880840783,-176.68775115402138,-179.51273318680333
2017-07-19,-166.02180252001344,-168.93992753554556,-171.51829034812422
2017-07-20,-167.07396272160688,-172.79376696027006,-174.61121158893147
2017-07-21,-157.30017698306312,-155.25814622353013,-169.9143222062773
2017-07-24,-163.07073488660876,-167.44780769149045,-168.1285266464365
2017-07-25,-162.06238734528176,-164.21476534405375,-176.01542280587293
2017-07-26,-158.98266564653528,-155.72841741818783,-163.56237882586382
2017-07-27,-160.6217736661052,-164.89016374236525,-167.49043086664307
2017-07-28,-165.33229556010693,-170.6557669565652,-173.85292855123578
2017-07-31,-163.5796225798886,-166.906212505679,-166.04117122951334
2017-08-01,-167.22457371989879,-174.5329140279976,-177.75002998832116
2017-08-02,-168.50046770811252,-173.43807295216442,-179.06547547816166
2017-08-03,-168.13198952298572,-174.78701843332078,-174.41850040180427
2017-08-04,-161.83058991549385,-164.2612365398067,-164.3454145381437
2017-08-07,-158.24830906698935,-157.0466363515667,-171.83480482322958
2017-08-08,-168.34744814049134,-177.6245552736388,-178.74033122469626
2017-08-09,-163.00460419551678,-163.48306344018596,-169.19924242590153
2017-08-10,-147.82662267888588,-143.8985982881544,-162.16366212189
2017-08-11,-163.05780667428724,-162.16687543592448,-170.9746900453084
2017-08-14,-160.81013247166138,-153.71070336598427,-163.28258321982787
2017-08-15,-144.40212543505316,-143.15763082703523,-160.628312207386
2017-08-16,-146.61412048214657,-148.6671677693145,-168.66641311109507
2017-08-17,-159.65408768684452,-160.28265543594608,-162.57875333648462
2017-08-18,-128.7331150540178,-136.0741187260467,-164.3326264148824
2017-08-21,-135.45228962915857,-146.60366275206917,-158.07610464315076
2017-08-22,-149.23596928656264,-145.8976165194464,-159.4923637036089
2017-08-23,-146.4444518777902,-142.24570661111997,-158.44973624827676
2017-08-24,-164.40703210560508,-167.9691531067307,-173.39893138128332
2017-08-25,-144.54122510029288,-141.90217984237682,-156.64257728549802
2017-08-28,-149.99490089141887,-140.89966526661988,-158.35971353278072
2017-08-29,-149.57353839339413,-136.79308347137743,-159.90222581196525
2017-08-30,-155.70343009849532,-154.83548020531765,-160.48363074862888
2017-08-31,-151.90111427323595,-156.38393892405696,-167.99876096111723
2017-09-01,-165.88052291458828,-167.79458471687255,-167.05553431238897
2017-09-04,-163.37879457904745,-164.777193461946,-164.33570461161025
2017-09-05,-163.67690995989486,-167.23052419775854,-167.86253234589577
2017-09-06,-152.07675714460413,-148.85129935528443,-162.41898479086422
2017-09-07,-154.44281011125545,-157.9476212118385,-160.34937122487594
2017-09-08,-145.77233541071072,-147.5331814048764,-163.75117705306462
2017-09-11,-165.95108245849022,-168.51772536804447,-170.11577429434058
2017-09-12,-163.90031055976428,-161.8714561251636,-158.64618595452237
2017-09-13,-160.3712653249386,-161.29176313853299,-162.41208101433247
2017-09-14,-152.59413392748047,-153.27879494077794,-168.7270158800427
2017-09-15,-163.48161686246206,-158.80085715113145,-162.2415181679555
2017-09-18,-142.3836491602844,-143.077984011341,-161.956845136038
2017-09-19,-146.21111399069562,-141.60895287273814,-159.09027453862902
2017-09-20,-156.35531588800217,-158.91917758930344,-162.5883158308751
2017-09-21,-153.35274893851036,-151.04993214421,-153.89554448783147
2017-09-22,-164.7871604545414,-165.6963391335605,-169.18455667591635
2017-09-25,-165.5213479308603,-164.38004256841955,-166.4532099782578
2017-09-26,-151.10674035222988,-155.6521000305741,-168.31504766604166
2017-09-27,-137.28048441017063,-145.92234249638838,-154.60278815493794
2017-09-28,-147.0623056510589,-147.831887685526,-156.29454800832616
2017-09-29,-164.65681818763898,-161.8743713986999,-162.74966312966615
2017-10-02,-126.59750820215359,-128.7614720023037,-147.88546295774518
2017-10-03,-153.6380659391905,-155.26412596138877,-158.04282154337523
2017-10-04,-160.73511670458473,-162.15276130382728,-169.2623366725147
2017-10-05,-162.78246303777544,-160.346272899618,-167.1373417461715
2017-10-06,-144.89966122493792,-151.42239216090775,-167.11164251836794
2017-10-09,-157.71691037258108,-161.384690158934,-165.77843289661905
2017-10-10,-157.71385754472917,-155.15412352916158,-160.86234993746064
2017-10-11,-126.28603195186923,-120.13299393086734,-144.34503206476978
2017-10-12,-163.10838593847046,-161.81178791301107,-162.14723669960927
2017-10-13,-128.69389837697133,-131.48959427321992,-157.6968918079931
2017-10-16,-148.24253185522124,-148.97999075537336,-162.27830173134757
2017-10-17,-155.90625831440025,-147.58445287060016,-145.9051991832439
2017-10-18,-142.59747488457657,-146.39403982033616,-151.65758133999222
2017-10-19,-156.77406311300183,-158.57104210667566,-166.8716347985638
2017-10-20,-123.24831099357263,-133.45127864035592,-157.1580764654978
2017-10-23,-123.02874274377291,-116.64232150174485,-149.83186443866524
2017-10-24,-138.74008469204355,-136.721423571521,-150.82982730647305
2017-10-25,-167.00498902452665,-167.2802531191826,-169.7905360333012
2017-10-26,-151.41272997009546,-151.92200929824975,-157.23458200532912
2017-10-27,-152.4387454702741,-154.38651397029696,-153.06843182177505
2017-10-30,-142.4074533584451,-146.38559398005444,-156.8414148411616
2017-10-31,-143.77738586255873,-144.38852798712367,-158.11519816326182
2017-11-01,-75.2486926484061,-79.27270981118059,-141.53806702419251
2017-11-02,-157.2585890997692,-157.80503382373027,-160.32131275471235
2017-11-03,-162.1451310399922,-159.56244082968823,-162.26905290946863
2017-11-06,-132.94112363453786,-143.4686609059884,-161.60113617369083
2017-11-07,-157.5686309034592,-159.7468508104441,-158.8480969264169
2017-11-08,-140.741267491961,-152.87367719115719,-168.24876876198456
2017-11-09,-157.30303301524032,-158.18100835884724,-160.73067085110722
2017-11-10,-129.79787526492535,-129.27280554598522,-142.65392641893408
2017-11-13,-159.9633108788535,-158.10006383225215,-163.26954530587287
2017-11-14,-153.41326148528736,-152.77451610293974,-159.57508932657942
2017-11-15,-164.67958808414542,-165.50399459885057,-166.44967440344328
2017-11-16,-149.9622133077596,-160.269766140774,-167.0914462167528
2017-11-17,-164.51279976245496,-168.52443440778876,-173.07858538963507
2017-11-20,-147.02039770463765,-147.51668712601526,-160.34007272310913
2017-11-21,-151.2238349079124,-156.82801006637862,-165.66023104333382
2017-11-22,-132.48008082084135,-137.99712370065217,-160.8650954969263
2017-11-23,-147.16659888872735,-160.1092096274847,-164.33296316988202
2017-11-24,-153.3691190209478,-155.27844933961768,-165.58052323758773
2017-11-27,-167.4957905104509,-169.60612337503164,-169.7142317801744
2017-11-28,-161.10494083425982,-166.98465981314052,-168.66064283063153
2017-11-29,-116.6904569016098,-128.45928433183133,-157.64161474394314
2017-11-30,-149.6813111272857,-150.06376567010662,-153.15096305483567
2017-12-01,-87.37604182495271,-126.10116479086236,-155.55280709223814
2017-12-04,-128.04760860500897,-143.03434491188088,-155.16856066517173
2017-12-05,-161.54920913856736,-158.65524295406968,-165.39777836104224
2017-12-06,-151.4318725660841,-150.5638576018411,-156.21119383122868
2017-12-07,-157.53768577987063,-156.56964752924117,-165.50105629563726
2017-12-08,-139.60574326354725,-152.663248265456,-162.0322787600284
2017-12-11,-161.68836808480856,-162.0422396930941,-163.0575229874105
2017-12-12,-159.79232378521576,-158.68236340175127,-164.07046203997615
2017-12-13,-159.7228914356864,-160.38879300090747,-166.86307132981767
2017-12-14,-134.1345011835383,-139.0262685807928,-159.02217489340603
2017-12-15,-166.40914029998834,-165.77819464853678,-168.89619908840425
2017-12-18,-160.12908398628073,-160.12227065328136,-173.02846336140502
2017-12-19,-161.37764811321625,-163.8301409867253,-167.05409875620876
2017-12-20,-156.08979262172136,-160.5469306903471,-166.4190008710319
2017-12-21,-164.69691826435272,-167.50244227379198,-170.9588397894023
2017-12-22,-150.58100175384718,-153.79256786032684,-163.02489832947876
2017-12-25,-154.41920503786943,-157.49787944930986,-159.1528648846144
2017-12-26,-154.90371738450304,-159.31095807548743,-165.62682902405217
2017-12-27,-162.46299050474616,-165.99532455978726,-171.15974865585372
2017-12-28,-155.59718029716464,-160.72733123802593,-165.8781690819655
2017-12-29,-149.38661120747952,-153.68406650954188,-157.95521495193805
2018-01-01,-151.60069696452183,-156.734367332214,-166.9523345770404
2018-01-02,-164.3230715735017,-164.63276576872025,-164.98421965801634
2018-01-03,-158.61833298042217,-161.11132377090945,-163.31182962900863
2018-01-04,-162.71219873054125,-166.96353102808982,-170.16548056548024
2018-01-05,-154.05435332132856,-159.42650559512626,-167.52673574783108
2018-01-08,-158.90706669309537,-161.7746951439616,-166.2204567120822
2018-01-09,-167.20535174152238,-171.9324675473131,-169.3693146534014
2018-01-10,-157.89796968944194,-160.81126244671802,-164.9829338839783
2018-01-11,-162.0686038152555,-168.47248146833348,-169.21640647589484
2018-01-12,-160.77055272526061,-169.8600629953192,-176.03314053376985
2018-01-15,-162.05876504070042,-166.17528413345806,-171.15119710841225
2018-01-16,-165.849841191454,-172.68635254562514,-174.65856463609256
2018-01-17,-154.81038714827275,-150.7042189377991,-153.52215782222765
2018-01-18,-162.54093877025952,-167.0912782837073,-169.28207351343505
2018-01-19,-156.25293276671707,-153.98600560799025,-168.82318728341582
2018-01-22,-156.89560270931747,-159.47876302936706,-166.3968120350706
2018-01-23,-154.47227522529695,-157.45378324880153,-159.59448632871934
2018-01-24,-166.65777868664253,-173.51329536882574,-176.21493744255645
2018-01-25,-157.51465575752758,-154.71016833736164,-149.79567742967674
2018-01-26,-158.22092677396657,-160.9898644253586,-164.09118877074218
2018-01-29,-159.03726666707365,-159.86243825236323,-166.29608946411923
2018-01-30,-155.24956860362235,-151.53575820579508,-157.791755210906
2018-01-31,-160.36974053914713,-155.5171578421749,-157.46052660384035
2018-02-01,-156.3902108545441,-156.39584729199714,-161.87393043524824
2018-02-02,-150.69568081442645,-149.8830881403523,-167.6384027098294
2018-02-05,-163.4515760862975,-168.9277247974106,-172.44904135650467
2018-02-06,-141.20206516128155,-140.07356662068295,-161.69549334898625
2018-02-07,-166.92731723836184,-170.2346852555306,-168.85936014026575
2018-02-08,-154.55738829986865,-156.1908955860034,-172.74344496335243
2018-02-09,-153.97592558794332,-159.0998636610605,-152.4195027661013
2018-02-12,-157.01442338786703,-163.66105860257946,-167.0278423605049
2018-02-13,-157.96353918065662,-158.78631574689865,-158.30813381240816
2018-02-14,-158.2100460825194,-161.74059328356043,-166.96269429630888
2018-02-15,-169.15986210335868,-174.00445658028167,-178.3890451215982
2018-02-16,-160.5619176567917,-160.15187123405994,-163.54015104239767
2018-02-19,-159.8834778275942,-161.13773270608056,-164.72644521091718
2018-02-20,-153.50513470175284,-151.2123175532601,-162.8511389315645
2018-02-21,-142.46408915729808,-144.45120185154985,-146.4102543182631
2018-02-22,-152.98813413414675,-150.17061389407422,-159.2575095386157
2018-02-23,-160.18107925554486,-165.1354945298005,-171.64221450868683
2018-02-26,-163.04209385825573,-166.05092444256644,-168.88756138744813
2018-02-27,-151.88192993283565,-151.0985055341581,-162.90307341632092
2018-02-28,-165.05455551755153,-168.73817911749413,-171.33376746552517
2018-03-01,-163.22603009385628,-169.14133134601568,-170.07597562390265
2018-03-02,-152.6259867672036,-158.76163527416583,-164.2543063067683
2018-03-05,-163.22599954776322,-163.49228513209835,-162.59517858500456
2018-03-06,-166.31808920300196,-172.42159683322114,-176.9377784814851
2018-03-07,-171.2253142187902,-175.58339881073013,-179.31681454266266
2018-03-08,-163.5213521633124,-164.08705924603504,-173.61268260200353
2018-03-09,-165.10641385306917,-171.0690312480166,-177.52827402185903
2018-03-12,-143.81123465018948,-140.20573673286987,-158.29812858458385
2018-03-13,-142.3224479384391,-135.08678226791164,-145.3621950644479
2018-03-14,-152.23945860018242,-156.29684086222045,-169.22468891052927
2018-03-15,-157.66661666513593,-156.19460393514197,-159.85084121460636
2018-03-16,-159.74801670000963,-162.0285573901423,-161.1679389264937
2018-03-19,-162.9054979867792,-164.40540532513685,-168.8729145396409
2018-03-20,-158.91748884805457,-161.31296556229,-168.85474441047768
2018-03-21,-161.3258709430879,-167.15912260838405,-166.5817329861759
2018-03-22,-150.7327634694631,-151.61150457897264,-165.28912476686295
2018-03-23,-121.78889487987706,-129.06909958965852,-158.97263455933816
2018-03-26,-153.59251112913233,-158.62750596403762,-171.61854272786783
2018-03-27,-154.41320340359488,-155.58589375387493,-161.12724597021554
2018-03-28,-155.51740512127125,-159.4642501429152,-162.90527833873782
2018-03-29,-142.25278635482636,-146.92526212572548,-153.2039532457079
2018-03-30,-152.76525266112628,-153.482172488574,-155.7541730021108
2018-04-02,-135.81784977008718,-146.48803839314357,-158.84974691876002
2018-04-03,-156.17009465135726,-163.80654888160868,-164.62033556717475
2018-04-04,-162.67500407837483,-162.92884061703649,-156.73092075313363
2018-04-05,-157.6744518263448,-160.73807144201436,-164.26895049283576
2018-04-06,-160.18582675863547,-165.21227751028835,-166.33956240170306
2018-04-09,-135.3166721457454,-147.1066833031163,-164.48856853518006
2018-04-10,-165.32072325291225,-166.384160190332,-171.43021112348436
2018-04-11,-155.77505674660534,-156.96699499916826,-166.01559847007985
2018-04-12,-158.84305301046243,-160.13664699549173,-164.75144376819011
2018-04-13,-118.353592423312,-135.96184601349825,-153.84024456373197
2018-04-16,-152.71870213672094,-163.24500952403764,-163.65263260735748
2018-04-17,-146.89444407096886,-146.19661442644224,-162.5592807665817
2018-04-18,-140.16427006789473,-151.86023933111895,-161.0484040183381
2018-04-19,-150.13164317250977,-157.41614063674794,-167.2570093587754
2018-04-20,-168.82836453145777,-173.82195679471832,-175.2121150972561
2018-04-23,-161.1056405197467,-160.42967052594497,-164.77331320241476
2018-04-24,-158.87149696393865,-167.08625335309014,-170.41361724693542
2018-04-25,-168.02026915476458,-172.53025614956763,-175.82438540548864
2018-04-26,-157.83638892882436,-155.57847560604,-155.66230548505447
2018-04-27,-146.05939343284865,-145.76074514567304,-154.54699614209525
2018-04-30,-152.08731381708407,-157.96821307893433,-161.54629355937192
2018-05-01,-160.97759785370178,-164.94500386234262,-169.72350278242746
2018-05-02,-150.1428662845863,-149.82096719043653,-154.13593127575524
2018-05-03,-139.18114252683887,-141.92012566841416,-152.9648746518691
2018-05-04,-158.48642652310792,-161.97207486053452,-161.67869953318672
2018-05-07,-154.92853982075343,-154.0776591890037,-161.1408907473487
2018-05-08,-138.1077801917343,-150.44586486312693,-162.32028380589495
2018-05-09,-140.43686381136732,-147.13230201745154,-146.63985350589007
2018-05-10,-148.86767507220074,-150.6967610471902,-161.66478335708595
2018-05-11,-158.15766071284713,-163.60272334376822,-170.70294217364335
2018-05-14,-144.3612835056916,-154.02171654346108,-157.39270474067865
2018-05-15,-143.34469284562329,-150.48385476094842,-164.13110486632687
2018-05-16,-162.58094806158962,-165.16102966628057,-167.5553270761499
2018-05-17,-150.07382983985835,-155.19866300983276,-157.66318301086437
2018-05-18,-167.77324442879151,-168.02966470263505,-168.47671087576808
2018-05-21,-143.9307689932813,-147.24460515345584,-147.35780781170646
2018-05-22,-157.9813152383476,-159.12135675147178,-164.25747222139694
2018-05-23,-152.2566680052344,-151.83562507475128,-159.5385196111543
2018-05-24,-136.45412127267448,-140.95758886692158,-152.33547175227224
2018-05-25,-138.60678947061425,-141.2144169363886,-150.49898953244974
2018-05-28,-152.30793093206245,-147.5263918865666,-156.48952059690944
2018-05-29,-157.52183227309612,-160.9036606259343,-162.8297251554807
2018-05-30,-126.9228736573432,-140.94293633088938,-151.90641059124704
2018-05-31,-146.10207919951742,-149.91451195466715,-143.6548111163911
2018-06-01,-147.85146927424074,-147.93046873634248,-150.97562521707644
2018-06-04,-149.59818169852298,-155.09349100322004,-157.8499515559152
2018-06-05,-156.54346828763326,-156.86665608214128,-162.26476494976913
2018-06-06,-156.9245463214653,-160.82617228745733,-168.531039055005
2018-06-07,-152.55299387016387,-154.37208312609934,-155.97518164563735
2018-06-08,-150.63169247711403,-158.94363327435124,-164.646826536508
2018-06-11,-161.54551792701898,-164.25879975042702,-169.6224681094436
2018-06-12,-144.8674364597609,-149.25632370042337,-157.292236840837
2018-06-13,-147.86402672288162,-152.38267370590455,-154.74326077941046
2018-06-14,-159.5546823276426,-152.66881512167453,-160.58763817437853
2018-06-15,-150.2046039123157,-155.82209060879262,-164.29861076126986
2018-06-18,-158.11400053485622,-158.18759169507334,-161.81488857708993
2018-06-19,-158.91354511952028,-163.8129757577857,-160.7317986736426
2018-06-20,-166.1274909465876,-170.05311412785053,-174.501303530263
2018-06-21,-150.92438165739577,-155.3419385861733,-157.10805953607388
2018-06-22,-156.41171587129122,-151.34286841926308,-154.45923829733374
2018-06-25,-142.05473345430585,-136.71059396452165,-143.0139622455307
2018-06-26,-157.0022906841275,-160.74147105446932,-168.14831320785268
2018-06-27,-143.79181738673586,-152.14406006047875,-160.7876268709079
2018-06-28,-135.86185172776266,-140.60379370136008,-147.93921978820637
2018-06-29,-132.69730049493438,-138.57872247629578,-143.738871226998
2018-07-02,-148.90926163180092,-151.37376896044861,-156.7203448988418
2018-07-03,-160.3603504513412,-160.30321286606468,-163.74477048242585
2018-07-04,-162.80545477835446,-165.46400089869456,-169.59058077114125
2018-07-05,-161.6683281291617,-158.84078750603206,-157.27867851373603
2018-07-06,-159.54678933093592,-159.3162456467144,-162.22727374997706
2018-07-09,-152.81294342492518,-157.32776235448517,-163.1712832427881
2018-07-10,-145.3057476688185,-150.1269497605559,-153.81469636595568
2018-07-11,-155.11988067147712,-161.31421092199088,-161.8512121172867
2018-07-12,-147.3025257043815,-144.29692867024892,-157.44536711283598
2018-07-13,-143.93780433677503,-140.5775440031298,-153.29464271364412
2018-07-16,-145.0832849509889,-146.67958909795058,-152.18114299931432
2018-07-17,-163.0676516647872,-161.00122906009577,-165.44978136590308
2018-07-18,-145.426341372828,-147.25237333679777,-153.03699599830145
2018-07-19,-161.92268908912735,-163.02665047252452,-163.93622269042342
2018-07-20,-148.15397745175412,-151.66390626822866,-162.41126883882842
2018-07-23,-151.57297566124757,-154.954146892035,-162.8950662807913
2018-07-24,-158.5190786749856,-158.95254602604683,-162.62884839755887
2018-07-25,-162.72853699725997,-164.85101112473782,-162.91942705170933
2018-07-26,-126.00954392864827,-132.99262961103335,-152.98248349192448
2018-07-27,-141.5277905773649,-140.23570395917906,-157.14818923754302
2018-07-30,-142.23045469861626,-148.97182984843957,-161.2846798671129
2018-07-31,-153.16579670679,-154.74649812375503,-158.00391297187966
2018-08-01,-152.55277187266023,-148.80220398523312,-151.43735974725672
2018-08-02,-147.66129844537886,-150.54369466406274,-162.99452014374765
2018-08-03,-160.41831495414115,-159.4959114601996,-161.8299538235125
2018-08-06,-144.31229792141664,-150.04577678296812,-148.3806864535094
2018-08-07,-159.0046882342149,-158.0391706311398,-161.8358448407255
2018-08-08,-151.38601152592653,-158.3324043439693,-164.32374394287777
2018-08-09,-159.96391011447378,-161.13280299780013,-167.14231489961614
2018-08-10,-165.71689005773936,-164.62829331645182,-165.5373440274922
2018-08-13,-166.12450507302898,-166.40289309586854,-165.94246842229248
2018-08-14,-145.0781118322364,-142.82588967909666,-148.48167824421054
2018-08-15,-158.8320314737283,-162.62397050648246,-164.83526994936344
2018-08-16,-147.99166455432766,-147.8780954412452,-161.92329056277265
2018-08-17,-162.04660079920717,-162.95514732704606,-162.80921991247925
2018-08-20,-165.96187413165862,-168.06127333796945,-168.77166558901797
2018-08-21,-146.94533266018908,-151.25984965793214,-167.1112131273053
2018-08-22,-155.22112639759877,-156.5741944696846,-159.34158661358643
2018-08-23,-167.37716606713835,-170.0764304888776,-170.2549646333191
2018-08-24,-146.47323217254,-151.34769526818081,-156.19389151474368
2018-08-27,-167.17547238384398,-167.94960016378573,-171.0756032152801
2018-08-28,-156.06841773237386,-157.1660775484043,-157.0211751806033
2018-08-29,-156.19337735341242,-161.1629862678457,-170.16142141710452
2018-08-30,-160.96700006643658,-165.2911885786797,-169.19984803380612
2018-08-31,-163.26337902865293,-165.66777483829662,-164.3502403789135
2018-09-03,-150.360775868028,-148.46965325748968,-155.2436207609199
2018-09-04,-157.27759753117425,-152.52292202620157,-150.30283960360282
2018-09-05,-163.58457627137724,-167.16778619478842,-164.30953478821513
2018-09-06,-155.84571917450262,-158.3475214115288,-168.01714447902378
2018-09-07,-145.65050952952816,-140.37986590959002,-150.52029061230826
2018-09-10,-160.94695781942278,-159.4467269617602,-161.92089192268733
2018-09-11,-142.23911795970358,-144.44047282382058,-152.90833159594985
2018-09-12,-153.92047494796842,-154.2085541257052,-160.09240261265512
2018-09-13,-134.7498144860589,-133.56928183413723,-154.93245189004028
2018-09-14,-147.50429408003788,-151.93079535627146,-166.59738017702955
2018-09-17,-147.85843327334226,-150.3128801714279,-149.86389703048718
2018-09-18,-156.81111322648988,-159.2013554383747,-158.41663111447727
2018-09-19,-146.23770731926135,-155.1380743286849,-164.90312230554687
2018-09-20,-159.33339066968148,-162.42624941618817,-162.0762874250991
2018-09-21,-149.83279947181063,-152.12948196271287,-161.57506729961858
2018-09-24,-159.94197555740553,-158.29343969953646,-164.92747942545606
2018-09-25,-152.00989528623754,-156.7543387138589,-161.5749642404889
2018-09-26,-150.12936021318143,-150.13847206086723,-164.05108355026857
2018-09-27,-148.67319011687394,-153.17685121649868,-163.59335809586568
2018-09-28,-157.4561222572081,-159.1781760283388,-165.87179889523568
2018-10-01,-159.23624457960094,-159.34338797688386,-161.22280718230357
2018-10-02,-156.92466515408177,-159.3492597854591,-163.07940516162392
2018-10-03,-152.32090103217055,-146.30012107336165,-151.49478200361185
2018-10-04,-163.95248105360218,-165.55188021908307,-167.1683335333984
2018-10-05,-163.63887545163763,-162.04849512922786,-161.77606607086517
2018-10-08,-152.13705380608664,-150.96900179759086,-160.77454162378294
2018-10-09,-160.48229205405812,-162.4956396728423,-167.2930502404967
2018-10-10,-164.65464324148357,-167.88669793943495,-173.96985660822696
2018-10-11,-155.5898889670291,-154.67319673695332,-155.74686563891225
2018-10-12,-155.220501040615,-156.55660208794492,-163.726155464939
2018-10-15,-139.15484282464058,-145.8551354015759,-157.65170508025457
2018-10-16,-154.48617693886837,-160.5496085569245,-164.61102082181065
2018-10-17,-159.89962611271653,-161.2220371400562,-166.17180950922221
2018-10-18,-150.96877775724977,-154.32173046429372,-161.03403982070517
2018-10-19,-148.33268404422148,-150.14366947303182,-151.85462313946232
2018-10-22,-143.49927729762067,-144.4899749479027,-157.5012682893912
2018-10-23,-143.79181934431952,-153.8310791845441,-168.1586267321822
2018-10-24,-147.01007436369062,-151.32163579424278,-164.27069723863775
2018-10-25,-148.53521120969532,-152.90015916134342,-159.29186189645444
2018-10-26,-150.33531928356382,-153.2625876954349,-162.45840638044453
2018-10-29,-143.93278056047478,-142.75180899543446,-164.36074504296838
2018-10-30,-121.35363599295626,-132.11286866236355,-158.8178271818665
2018-10-31,-145.1693208461205,-149.52207111745855,-154.04679458490972
2018-11-01,-155.6631574091903,-161.30646009727715,-165.8373263493853
2018-11-02,-119.55188294047139,-125.17188752401265,-132.4208837512926
2018-11-05,-148.77643000657542,-148.57342932976456,-154.38735403999345
2018-11-06,-156.17066438607742,-156.94550693265307,-164.33933772575824
2018-11-07,-135.97651996917148,-146.77872619023827,-157.64848008670575
2018-11-08,-145.22149625444266,-159.03156411377864,-157.56315957514204
2018-11-09,-129.9937315712049,-148.06740268610264,-157.00809587582395
2018-11-12,-119.46420357752072,-120.44713372176159,-150.64099400287012
2018-11-13,-158.65485595846846,-163.945906954441,-164.89349759774976
2018-11-14,-164.06272545220827,-161.55855154564753,-165.3167236406394
2018-11-15,-155.9101032024517,-161.6647394501935,-164.06988051439444
2018-11-16,-137.5227850961386,-158.83430052358068,-162.90680790879094
2018-11-19,-164.60623627477113,-167.07631172079414,-172.14463120867114
2018-11-20,-163.94812074075358,-163.92964305443388,-167.51984881099258
2018-11-21,-155.7382934773821,-160.15294387018432,-163.4131757112081
2018-11-22,-136.52664225812225,-144.16468420738252,-161.41694311753946
2018-11-23,-153.66469463157526,-152.21822163102973,-154.15875492275796
2018-11-26,-143.4767119679584,-156.76755455604038,-165.09391180324286
2018-11-27,-150.81015189984788,-157.8041828885438,-164.5097919122502
2018-11-28,-155.89358213488188,-153.0500828237556,-154.77520473287152
2018-11-29,-166.33656241898956,-168.81665643115554,-171.2178253849579
2018-11-30,-145.39266550769233,-152.91320105371625,-154.5046147570194
2018-12-03,-165.10245435057442,-164.9216413176158,-169.42113899081718
2018-12-04,-142.5075490247716,-155.32391629156763,-163.6813418747598
2018-12-05,-162.5549853229604,-166.89030947753955,-170.0587357757137
2018-12-06,-154.91276345907585,-157.72500865914162,-162.62611865221757
2018-12-07,-162.22389533926332,-165.1886130611797,-171.99824378626687
2018-12-10,-143.15813488862742,-146.3063647014609,-155.92600256420738
2018-12-11,-158.36192973647132,-159.98622100101932,-168.77558566649236
2018-12-12,-149.93768218738373,-153.56181593807707,-166.72770380920457
2018-12-13,-163.95353995616645,-167.552659072254,-166.79882562778036
2018-12-14,-150.5439746649454,-151.62324516026106,-155.66612578756389
2018-12-17,-157.32716613751415,-164.1774359566338,-168.29740996881
2018-12-18,-155.355168578286,-160.84279033019195,-167.40532594261293
2018-12-19,-158.16201039852567,-161.04074445174143,-164.53402494127994
2018-12-20,-165.96758927957518,-170.36238055146097,-170.8479803055066
2018-12-21,-160.83508912287223,-163.58780126978075,-168.0782419103115
2018-12-24,-165.3240222930005,-169.7893654939803,-175.61183378517268
2018-12-25,-158.87291894780486,-160.92413878934903,-161.26661125816608
2018-12-26,-160.08231544662945,-164.5863066046367,-170.56668360445502
2018-12-27,-159.6247297135382,-158.41732205604598,-160.84991946701163
2018-12-28,-154.68541703762372,-157.848533469999,-165.01524963968157
2018-12-31,-150.14216036247055,-153.29309279929146,-154.53263101668014
2019-01-01,-155.01824343914416,-156.3016600273661,-163.2213803182089
2019-01-02,-149.29375280631245,-151.61804816910086,-162.0284867353545
2019-01-03,-151.52123413070336,-151.31987226264363,-166.3398753158473
2019-01-04,-152.28881818684656,-153.71435589075472,-158.84696606064438
2019-01-07,-145.05383412484585,-145.17391467293064,-149.1815652848116
2019-01-08,-150.5979754040056,-153.54168190979973,-160.38038703907677
2019-01-09,-157.81716014258697,-161.81885470432354,-167.15700176046826
2019-01-10,-143.2248187619245,-152.4332209710628,-150.43859803072817
2019-01-11,-160.79025616203236,-164.86228788401337,-170.581631688996
2019-01-14,-147.3296229663367,-146.08680570633163,-157.93920867188876
2019-01-15,-167.49283975412771,-169.25822963875345,-171.48512722602123
2019-01-16,-146.1860583490188,-148.13207916585682,-161.75545630269323
2019-01-17,-153.27626830541766,-154.07755528461294,-163.32368343500482
2019-01-18,-147.46532074626433,-147.71502105428056,-156.44988123817905
2019-01-21,-167.44145521414143,-169.11904844400806,-172.87702024713374
2019-01-22,-150.78191231262707,-153.7161656940795,-160.65203212798585
2019-01-23,-155.07592963600933,-161.51793900679618,-162.1936135455955
2019-01-24,-135.93866411612356,-144.62723531006958,-155.7797527886304
2019-01-25,-153.22479170796908,-154.70145498663246,-154.5930872708151
2019-01-28,-162.67097197169628,-164.39852864712583,-168.949071615635
2019-01-29,-165.76007581211454,-167.85299064987584,-172.81654393165323
2019-01-30,-163.19475326872583,-168.03876342799768,-171.52807936976805
2019-01-31,-151.80004837908564,-155.3666623521001,-162.31979020077281
2019-02-01,-131.31169001713656,-147.44878582222063,-150.361916061307
2019-02-04,-153.4233634097268,-158.59494368732604,-165.1949089854039
2019-02-05,-151.37617963176115,-154.47882813248214,-158.01934386107618
2019-02-06,-150.7759800676145,-153.66318496200165,-160.68379596282725
2019-02-07,-151.54964239596725,-150.61419662106894,-153.3546823137267
2019-02-08,-128.20634820384643,-144.24920066041955,-148.00964454507428
2019-02-11,-157.28318984242853,-154.29356394846369,-160.92174555989033
2019-02-12,-135.53417542433533,-146.3825081004841,-141.08021111168406
2019-02-13,-144.24779925802216,-146.84045965370402,-157.0309159485428
2019-02-14,-143.76235545724865,-154.4093635476261,-163.64034663911482
2019-02-15,-162.38027974433174,-159.66283425005247,-164.69288568804419
2019-02-18,-163.1894890424347,-160.93462152430558,-165.93327952494414
2019-02-19,-157.7954428733378,-154.2130614582847,-162.25667775842763
2019-02-20,-155.433931323971,-157.18022019897035,-157.44135682374534
2019-02-21,-146.84638754011743,-149.4599903515604,-161.3346789881207
2019-02-22,-162.21556880229915,-160.97145070587607,-159.50092720752195
2019-02-25,-164.08135699688538,-162.2776449299428,-165.87357113679602
2019-02-26,-153.77664920364398,-155.68430402679573,-159.32728717797985
2019-02-27,-155.70103867433102,-154.8125270801682,-156.40511974347177
2019-02-28,-141.63153189165163,-146.83459881072343,-149.82536068307542
2019-03-01,-158.56323914435308,-157.50333517677404,-164.74304263775946
2019-03-04,-153.30880627180744,-156.71170742851058,-159.86225541644436
2019-03-05,-132.06162681569128,-133.9255037854876,-142.88728829907237
2019-03-06,-158.04502618671472,-157.2591975273442,-163.24481588993706
2019-03-07,-155.69059362825442,-159.24979006037475,-161.23737239926348
2019-03-08,-146.44445247898713,-151.10786361377296,-146.58821181376646
2019-03-11,-143.49068200386267,-143.0111870638833,-154.51985902692832
2019-03-12,-142.5607575223748,-154.08745772300222,-160.82953894035785
2019-03-13,-135.35837428904608,-139.0301381722843,-143.48347248390758
2019-03-14,-151.11651119425832,-151.38322250483648,-157.8617449382191
2019-03-15,-154.21679750554682,-155.42832617148366,-159.11885132158858
2019-03-18,-151.1338355579667,-155.6516519150692,-157.7695806976256
2019-03-19,-156.4610714261639,-155.74546382122986,-163.6421113950309
2019-03-20,-154.22015911362092,-156.62984390071014,-154.415786757882
2019-03-21,-149.35757290969167,-154.22821511698348,-161.64287350536992
2019-03-22,-153.4954883928099,-149.2390391301813,-150.21810993586246
2019-03-25,-165.56425423025,-164.66140438983533,-170.2492927634757
2019-03-26,-141.14283265027308,-142.9039496159088,-155.82155355081505
2019-03-27,-145.83215982400245,-148.86875854492595,-149.60300343561372
2019-03-28,-163.82997538438406,-163.29403544903863,-169.62894383443728
2019-03-29,-169.666652442806,-167.66019755215584,-173.57247615197247
2019-04-01,-150.4794505883542,-159.9007629771771,-167.52866616119385
2019-04-02,-149.72679245822425,-151.68389890846353,-159.2158537614672
2019-04-03,-165.22096238720962,-164.5717325494221,-170.29774143825048
2019-04-04,-160.52728297104318,-163.6754334259001,-166.01379552716546
2019-04-05,-152.10899612416654,-160.41535312541492,-166.32134956360414
2019-04-08,-161.09374521711229,-162.36880744016514,-164.11016662002547
2019-04-09,-163.9459109377481,-164.62180952786,-167.7215372624605
2019-04-10,-168.087277245049,-166.49142956197284,-170.33057933784357
2019-04-11,-165.4012925176332,-164.66657869320866,-167.7174794472181
2019-04-12,-169.36912632671536,-171.36576966034517,-174.36228612017365
2019-04-15,-154.42044533903382,-154.64372720987095,-159.31186297020915
2019-04-16,-165.05576753741295,-166.60049863882634,-169.92332898229154
2019-04-17,-164.72315587587568,-168.3624900781752,-167.15729317042627
2019-04-18,-159.6889837092389,-155.88014056842533,-155.66463773014704
2019-04-19,-164.1835453984297,-164.8253727976992,-168.27588670735022
2019-04-22,-167.40664501241804,-170.43062439595872,-168.51705410889173
2019-04-23,-132.36886348662608,-131.35112691645088,-131.88529607951693
2019-04-24,-166.7561063433509,-167.4319017943028,-173.74985926400274
2019-04-25,-163.58100986561996,-167.05848804602206,-166.32348869313378
2019-04-26,-165.91747423877106,-169.62526575577098,-172.17523856551492
2019-04-29,-154.61424423988583,-157.50874311964628,-158.39818253038948
2019-04-30,-150.64847891963603,-152.35449992090807,-158.38629670289242
2019-05-01,-160.8828427924518,-164.89478267108763,-162.92585120110374
2019-05-02,-163.54081327903808,-161.38490352610972,-161.62155674768775
2019-05-03,-159.72487454384074,-164.06898858125177,-164.43680909574456
2019-05-06,-148.42223685655722,-154.16659997086134,-160.08065436970762
2019-05-07,-166.48216815524782,-168.54681965657016,-164.81536221397315
2019-05-08,-162.3435194882373,-163.94812437755814,-164.07918189766212
2019-05-09,-162.66110290344392,-163.51691525460686,-167.97928969872785
2019-05-10,-146.06254966185088,-145.82779876480788,-157.76938302607263
2019-05-13,-156.62205212651057,-156.20580356786172,-162.32509272160044
2019-05-14,-147.0997790200223,-158.68030671310845,-160.87500822061412
2019-05-15,-151.46550466016367,-153.8175032333496,-160.92962867181976
2019-05-16,-162.12014124616718,-165.3450602307646,-167.52421137025198
2019-05-17,-170.37107388154809,-173.0394577649962,-176.6511884856171
2019-05-20,-162.2233069701959,-161.10190630427158,-158.1978373038618
2019-05-21,-167.05186024706646,-170.94374855195346,-175.41400282742052
2019-05-22,-160.68071475760993,-164.07823433482994,-167.79313229938876
2019-05-23,-146.22206391072842,-134.45281297180082,-144.75548430898698
2019-05-24,-166.95989958251997,-167.85343461854643,-172.46092586218066
2019-05-27,-162.85353891827995,-164.054434281891,-164.9406827492432
2019-05-28,-167.2978252105579,-173.16322295155072,-176.59068659322486
2019-05-29,-164.08479555422264,-168.72505756655607,-174.00934853053036
2019-05-30,-158.1455956114509,-158.18841466177818,-165.5703064427023
2019-05-31,-155.64833018091255,-160.45070539126888,-168.5410486197486
2019-06-03,-169.0685223815655,-174.08219870488176,-172.52973810937647
2019-06-04,-166.32928089532768,-171.1738317724632,-170.04214055114502
2019-06-05,-157.76951701198732,-151.75016926880164,-152.6460391923609
2019-06-06,-167.0530890299491,-169.96379294411776,-166.84342344847204
2019-06-07,-162.18471089782244,-165.34135745401335,-163.88702577725638
2019-06-10,-165.57948266760056,-170.1087172064731,-175.05849978466904
2019-06-11,-162.96918723223348,-163.44703332316416,-168.40343831629696
2019-06-12,-164.01417094216035,-168.15313043652287,-168.76743733599574
2019-06-13,-165.66113883839006,-173.27639432141132,-171.238090839539
2019-06-14,-170.22124214850825,-177.40195156875103,-176.81545338422626
2019-06-17,-151.12866891987144,-151.6483466196591,-150.43391114348248
2019-06-18,-155.77945346043646,-159.3702807143219,-169.1056135859317
2019-06-19,-163.58790389304377,-165.56216645319213,-169.30789374879714
2019-06-20,-160.15538411383469,-156.82038896472702,-153.67479570740122
2019-06-21,-156.84127690744276,-151.3350489444952,-157.09256438790425
2019-06-24,-148.5150762336515,-147.22343947830043,-160.5114176386282
2019-06-25,-159.42770892498007,-161.9218703296641,-162.6070264644641
2019-06-26,-165.9089220439939,-167.13891385148779,-172.71703934905102
2019-06-27,-157.3020908700751,-165.46888883858304,-166.39947895650792
2019-06-28,-152.38886360184586,-155.76577980703104,-163.21324665551217
2019-07-01,-158.50976309461146,-164.58794877040725,-166.61974289772382
2019-07-02,-168.41045154525574,-171.32612425919768,-171.52855003178684
2019-07-03,-161.84115679924446,-166.1885533717034,-169.84653922163685
2019-07-04,-152.91259139581555,-151.48598191688913,-160.53985927997383
2019-07-05,-160.47644370154094,-165.28092233154018,-168.25313742144957
2019-07-08,-159.31093812804627,-160.050752185562,-166.01605908873853
2019-07-09,-157.1407072367551,-159.84788471220006,-166.51385783627424
2019-07-10,-161.7530385547376,-160.46140010617626,-163.24420741345858
2019-07-11,-155.40850145803753,-155.25485924397117,-157.72056390993518
2019-07-12,-156.89045280496225,-162.74417323795342,-171.58828200968756
2019-07-15,-159.9645996744269,-162.95605772769784,-166.36325883050398
2019-07-16,-158.02147937102035,-158.4651988868277,-161.66304493632225
2019-07-17,-140.56605241756841,-138.98387907937715,-146.8363611884636
2019-07-18,-148.936097065729,-156.8396805411329,-168.454263158037
2019-07-19,-153.47237091848822,-154.127005898352,-160.1547452488511
2019-07-22,-156.4498927014666,-159.31096479245926,-162.66074990601746
2019-07-23,-151.39930965978274,-149.24456132697708,-162.2965629902985
2019-07-24,-147.23456698936397,-154.05067977456807,-165.8164286459169
2019-07-25,-151.22431289651507,-166.29277663445612,-164.4367212455976
2019-07-26,-144.76564773618392,-160.30388063970537,-165.31841261518923
2019-07-29,-130.36625412458687,-145.37829575210108,-160.7365901389144
2019-07-30,-149.3341780829229,-159.59668252612965,-168.86111639691057
2019-07-31,-150.90835046999325,-152.76200198859993,-155.1475755288122
2019-08-01,-159.24595956017643,-164.2055939035153,-166.0290987588168
2019-08-02,-165.4669289960663,-168.82060678588533,-165.6036577953846
2019-08-05,-154.52179562365015,-159.58876518584216,-164.04088349772195
2019-08-06,-166.2098330233571,-166.23011429932802,-168.29275335601295
2019-08-07,-155.0775097459442,-154.23337997055478,-151.50218363493204
2019-08-08,-142.79205578682763,-158.5677812948365,-169.60285019051966
2019-08-09,-160.9454874981135,-161.8810573313823,-163.42551031598327
2019-08-12,-160.16167921223845,-162.02192792909176,-167.3503549411363
2019-08-13,-161.65079954975846,-162.32709479803395,-168.8098134055082
2019-08-14,-143.0065653988723,-148.89596025095875,-159.60829701275281
2019-08-15,-156.1451141890821,-155.95621633136525,-158.7405815821008
2019-08-16,-140.23419424922082,-146.76475494929215,-155.62096343153615
2019-08-19,-165.0896823035936,-165.48742375001163,-166.4533935635219
2019-08-20,-166.67321788552383,-169.19011973433172,-171.63915821562443
2019-08-21,-156.73807833353268,-158.82752061157709,-161.8433972110961
2019-08-22,-165.94750812288177,-171.12923844692574,-176.854220881876
2019-08-23,-161.8928268791503,-167.1495966143289,-168.41896830799598
2019-08-26,-157.7262381630729,-157.29318977108065,-161.11838955807877
2019-08-27,-155.81903606427534,-153.99146461653532,-157.2144985018321
2019-08-28,-150.50928807678125,-155.087464274652,-157.381319924464
2019-08-29,-148.2892597086783,-160.7043919103328,-161.48545760378164
2019-08-30,-162.07042688612646,-163.01814520719424,-166.27659887097403
2019-09-02,-152.37179531437903,-153.24814584649107,-162.51303556277068
2019-09-03,-169.45927040778892,-174.19251423858304,-178.54334630751575
2019-09-04,-162.60166346098407,-169.30243533179723,-170.47823235558525
2019-09-05,-159.9777243215188,-163.86234618686697,-165.04272029409535
2019-09-06,-154.99445540977072,-158.43748401861623,-159.5709081142033
2019-09-09,-147.6440046483778,-148.311141133619,-155.0528993747268
2019-09-10,-155.49653428218582,-159.59624337196246,-164.93490384909447
2019-09-11,-155.26423600345052,-161.86113084156923,-160.17392881687238
2019-09-12,-153.90396527431443,-156.51866833421522,-162.0909316115171
2019-09-13,-151.3151529102367,-154.8276125614432,-166.75518209209815
2019-09-16,-149.9710277067942,-147.64787849656432,-152.35266082627152
2019-09-17,-162.14574181276555,-164.00803415241307,-167.1477047174631
2019-09-18,-155.09585086291588,-158.30825859361966,-160.14897025932746
2019-09-19,-155.40007282606962,-154.1674379817616,-157.47330686131906
2019-09-20,-151.16238698909044,-153.1201656030133,-161.16685406180312
2019-09-23,-155.36546208188838,-158.71162570252653,-164.90173192435682
2019-09-24,-138.09811098484715,-145.96866976690666,-153.88540020121923
2019-09-25,-164.02345663125266,-167.86844628766306,-168.87083309185266
2019-09-26,-141.03991466313508,-144.56482899209698,-158.67185467735814
2019-09-27,-147.8957640026855,-152.37324437024535,-161.12143895924459
2019-09-30,-143.1468064889502,-151.31588346658236,-159.97117737043294
2019-10-01,-150.49490624847544,-147.1545137804184,-161.23815296454666
2019-10-02,-158.81682161398953,-162.77080702892965,-166.26748461631036
2019-10-03,-157.48216148555116,-163.45212100533354,-170.70107074900451
2019-10-04,-156.75852019190356,-157.61416221634846,-164.00738095424066
2019-10-07,-153.09301442264692,-154.2565961423059,-168.1816427992286
2019-10-08,-143.6401247009717,-152.08910095003685,-162.29356159973736
2019-10-09,-156.30818453334834,-160.13031824393505,-169.60261712592455
2019-10-10,-152.63288552295253,-161.5577222961093,-170.7165897533276
2019-10-11,-156.67657662419225,-153.8455895830863,-156.6031265118575
2019-10-14,-160.4326745563699,-164.87338233033938,-169.54460164943407
2019-10-15,-153.30852381558972,-151.14135035598213,-161.67324346847352
2019-10-16,-160.35219990544456,-164.15539689081356,-169.71149161047086
2019-10-17,-149.07109270550774,-157.5130172731543,-164.35665999256125
2019-10-18,-163.94227195159002,-167.86465008805305,-172.14464085427042
2019-10-21,-166.61489304548707,-172.00153815249783,-171.05015498767835
2019-10-22,-135.36828359877026,-151.0438545879891,-161.6405379730248
2019-10-23,-123.17311058820906,-139.90752557064303,-149.121943676093
2019-10-24,-152.2768434116174,-161.72609779119108,-164.6747720589067
2019-10-25,-150.0191792340198,-148.63952214448489,-157.96726232196164
2019-10-28,-156.3251866561448,-162.9849310096978,-167.12225115891744
2019-10-29,-146.09995528575357,-149.95741134370945,-164.71332786054685
2019-10-30,-144.08342065371423,-142.706672890397,-156.9613827392539
2019-10-31,-151.10982030330175,-151.34831492031202,-160.02859448508983
2019-11-01,-166.57367386766015,-166.494739384494,-169.81621909510665
2019-11-04,-150.16153681920716,-149.36416393573182,-160.15809683802283
2019-11-05,-158.90782538636566,-160.54465292828996,-164.7929954010637
2019-11-06,-154.3319890452628,-159.84164619270507,-159.56575521833216
2019-11-07,-147.80621669833627,-144.04196831483475,-155.0861495250084
2019-11-08,-139.6303789770453,-147.37469997078603,-142.81105549313926
2019-11-11,-163.8535072115625,-166.69156669468626,-170.32128449805856
2019-11-12,-141.58101803628514,-153.71458524858028,-168.6527889371475
2019-11-13,-113.91715789982084,-135.7997308568934,-151.74381783201218
2019-11-14,-144.16889707730556,-148.8043416872957,-157.3522896605684
2019-11-15,-160.76601948103726,-159.3736121812013,-164.41582836293594
2019-11-18,-149.03661379854597,-156.6483351861575,-164.23429369188224
2019-11-19,-153.46195811518265,-153.09285737403687,-159.97093601354555
2019-11-20,-145.25738283060477,-160.23670881722595,-157.13642433967814
2019-11-21,-162.7046546212426,-165.01121788637946,-164.75146662385254
2019-11-22,-153.7645883046486,-156.4912172863459,-166.89095351106954
2019-11-25,-156.5592051429176,-160.3157956860587,-163.7300077246083
2019-11-26,-149.70281050031235,-155.64046388022788,-158.13797517204105
2019-11-27,-158.4516959780464,-159.84996305976867,-165.34272379142547
2019-11-28,-163.04358726713994,-161.175555460032,-165.33767114225822
2019-11-29,-158.92457211684336,-163.5941928377686,-159.36267435467522
2019-12-02,-161.41842472476787,-164.07789736269422,-167.7063723040703
2019-12-03,-167.69477625511695,-171.78392966346908,-170.33883095390837
2019-12-04,-169.02274782517645,-173.67195672277728,-175.4105260156715
2019-12-05,-166.1374766801504,-169.942264939628,-174.84549240093048
2019-12-06,-167.5234020262742,-172.03151910793673,-169.96270398047312
2019-12-09,-158.37729653280874,-161.09228995133907,-165.32653409210386
2019-12-10,-160.12189111589433,-161.98861793174012,-164.34242920856988
2019-12-11,-164.33843642726572,-169.2397270548485,-176.08585276529172
2019-12-12,-165.32496083009346,-173.0517041181895,-172.11076896081656
2019-12-13,-153.97835630295793,-152.55198744484852,-169.0031663724721
2019-12-16,-162.2345613402078,-164.3416631966756,-167.8617420058299
2019-12-17,-168.46303722707069,-169.97490411391385,-169.83959357532427
2019-12-18,-157.54731002281952,-158.40206574117727,-168.07349270107918
2019-12-19,-154.39974940709865,-156.8936912976901,-168.57176726243992
2019-12-20,-158.11832598781123,-157.76783523771104,-161.4983085826017
2019-12-23,-157.05071099728013,-155.1767086585571,-162.40801488728138
2019-12-24,-147.58902494044113,-141.00727410484464,-151.85989894013562
2019-12-25,-158.48594248461788,-156.81254605817662,-165.5785095835608
2019-12-26,-163.80023907758937,-165.45750718176532,-173.1305183746534
2019-12-27,-160.65674730757536,-164.40060312811516,-165.92232411124493
2019-12-30,-148.45377895402524,-149.37060673523627,-163.30412411825816
2019-12-31,-155.8639276220007,-155.90423799998553,-162.5200304107764
2020-01-01,-154.00642678098296,-155.86167754183253,-162.35450102934072
2020-01-02,-154.22400081467558,-155.5179433525696,-164.6584403645729
2020-01-03,-161.53447275022927,-167.35254195330288,-164.22523490827626
2020-01-06,-166.1686947527795,-171.18902867719123,-172.07545998001527
2020-01-07,-155.33282464195838,-159.68920577263256,-162.39189506674634
2020-01-08,-158.48936939552766,-164.55930291402848,-165.7937953159746
2020-01-09,-158.4285376994028,-168.17843272006962,-173.9134861764211
2020-01-10,-162.81484682408754,-165.9026826072141,-165.10451415611652
2020-01-13,-163.17489481842776,-167.48603457634115,-171.21363066701844
2020-01-14,-156.2713207419144,-155.87685819464178,-163.9137041342174
2020-01-15,-143.00887857409288,-149.34637396156384,-162.76787468878328
2020-01-16,-166.11380448162384,-168.94187130908776,-177.2640899664293
2020-01-17,-161.88953071032424,-167.24745041505787,-168.4896035220174
2020-01-20,-164.71450074537634,-167.33116069955653,-172.28731724672656
2020-01-21,-162.05843967693428,-163.07702001450167,-168.44694276243303
2020-01-22,-156.6749597453511,-160.53988580139375,-164.9584088167783
2020-01-23,-137.39967381375175,-144.1880544834713,-160.7924265293647
2020-01-24,-150.01673118534552,-146.96811842065313,-164.2703617951614
2020-01-27,-153.1315977974097,-152.83801237452525,-162.13313463313685
2020-01-28,-143.37295755693054,-137.137641425115,-148.98309817857964
2020-01-29,-129.2114647636811,-138.78699405434017,-161.40754021663258
2020-01-30,-151.89255341079343,-152.99682110371336,-160.50019775620953
2020-01-31,-137.40304760999237,-145.47869142204127,-155.17715523505547
2020-02-03,-155.78144412489044,-155.76848670896004,-158.1166867089117
2020-02-04,-166.1811039507107,-167.34185145410405,-167.6413099813902
2020-02-05,-157.3264349583677,-161.81047700668222,-166.39901659404637
2020-02-06,-149.7949699456289,-149.92215062418387,-157.30477469550087
2020-02-07,-167.71422491517743,-166.1753471560385,-168.69773493240115
2020-02-10,-158.7749226476322,-158.4777554551733,-161.27414737554233
2020-02-11,-128.1970729130644,-133.25840102137894,-148.22579123755438
2020-02-12,-161.22381597210298,-161.57104507457498,-168.8381967012086
2020-02-13,-156.3318309265585,-157.61660842940617,-159.6506691395855
2020-02-14,-153.4116566896336,-155.9065464762857,-151.20497118205998
2020-02-17,-144.83867158699124,-152.63745873822316,-164.37268490075263
2020-02-18,-165.0668782846713,-159.85218568963717,-163.62808390058274
2020-02-19,-152.23370692815755,-157.5438872354371,-160.99092887402696
2020-02-20,-159.10272949069352,-159.57539215275133,-164.31530575525298
2020-02-21,-159.14066214417903,-160.94161988192639,-164.76816301655123
2020-02-24,-167.80881644514014,-170.71744384055128,-175.8306320914952
2020-02-25,-153.9689610851783,-148.5868239018064,-158.61067293609239
2020-02-26,-150.7854425514319,-158.5218230989358,-164.06828280106168
2020-02-27,-162.19893652057684,-163.89752619750215,-167.81244417588601
2020-02-28,-159.7377293856353,-158.7023208830328,-159.18076390538982
2020-03-02,-163.64262451918955,-166.44812894967563,-167.90149175651325
2020-03-03,-156.4108589466291,-156.29444998293934,-159.7213824687087
2020-03-04,-148.99888639257517,-153.7173010592902,-164.96065593422404
2020-03-05,-155.87557358390916,-156.33557607617402,-160.54901781856583
2020-03-06,-149.48204707439487,-150.18015694406205,-153.96418280203082
2020-03-09,-149.57388496772944,-144.18706902007705,-151.83869331901457
2020-03-10,-163.79454736977007,-160.68958664234648,-170.8882022783592
2020-03-11,-143.9963380449629,-143.4957577756532,-150.53178902685548
2020-03-12,-149.71611872148898,-157.52694252669778,-158.83906381093183
2020-03-13,-116.23462742445597,-135.05490302729572,-146.0904300354308
2020-03-16,-142.08458388657417,-147.58028487168352,-149.20946105890476
2020-03-17,-121.22760855626294,-141.83549536107205,-153.67564611234064
2020-03-18,-113.87492844435046,-144.9146289150582,-153.1766194139535
2020-03-19,-137.08218122857994,-143.98627060269385,-149.4885887661573
2020-03-20,-139.01309870537682,-150.18672658592226,-152.84389282774316
2020-03-23,-157.12144696695486,-152.35005197854076,-154.281502952666
2020-03-24,-138.30898776751292,-147.22529513125897,-159.8058750646152
2020-03-25,-153.68475059346224,-155.80369056214548,-161.87272789830757
2020-03-26,-137.16897542798625,-142.91658002571035,-149.40846332950045
2020-03-27,-143.70287004937964,-149.80584631214225,-156.6632307884412
2020-03-30,-122.53986154647708,-146.8336501572586,-162.18169980607146
2020-03-31,-160.30387701477497,-154.74082399497178,-160.52193681493813
2020-04-01,-153.55394725577912,-151.52404675033156,-151.78080305154623
2020-04-02,-122.60720058413963,-139.82901563310685,-153.43183861696852
2020-04-03,-146.30702287189098,-141.28815329048484,-157.8580205087251
2020-04-06,-158.05781638441323,-158.92461314049,-162.64360135070183
2020-04-07,-149.1190704820291,-148.97699388086258,-151.75709376306403
2020-04-08,-151.05966515954316,-153.85246652038057,-159.1323967131702
2020-04-09,-158.24403153988862,-157.25897665450083,-163.55879157634365
2020-04-10,-166.36780462186914,-163.0382613785183,-167.84967527346848
2020-04-13,-145.41622580894065,-149.80412620618927,-160.81607079771226
2020-04-14,-152.73882947922493,-158.05179333644531,-151.87735256645598
2020-04-15,-165.7393913470142,-164.81605541195216,-168.8376550425848
2020-04-16,-145.81709807392005,-155.37428606668846,-162.2497466593813
2020-04-17,-150.22738214427181,-154.25197517646933,-160.07103451154373
2020-04-20,-146.93449931616883,-152.9845496173703,-159.25231672617366
2020-04-21,-152.38515737626852,-159.81966752551133,-163.46946701454874
2020-04-22,-147.99506873391067,-152.98219497663354,-160.9827945518537
2020-04-23,-136.52289535824465,-145.8750335027133,-158.96813013416633
2020-04-24,-156.97943367709942,-159.45531306231686,-161.67776538003739
2020-04-27,-141.12996196885103,-148.8129522379299,-153.9532553299695
2020-04-28,-147.7053409338863,-150.2900297619515,-160.81281075056884
2020-04-29,-139.05812200374513,-148.33364836559497,-155.62854941605264
2020-04-30,-144.8342433215474,-144.76958890567624,-156.0417182949303
2020-05-01,-133.11455143776607,-141.20512748049362,-145.87732197158732
2020-05-04,-145.28963025806738,-140.44895322150495,-150.2859302388791
2020-05-05,-144.990452831287,-149.69156972817785,-153.84651889093988
2020-05-06,-133.83017819692176,-148.0619706557538,-155.14251257492884
2020-05-07,-160.4727732986898,-161.0361859781322,-164.4214035089719
2020-05-08,-118.33659182753462,-134.02899031720153,-148.2859288037206
2020-05-11,-155.20815764570852,-156.98633307357267,-166.18236743739888
2020-05-12,-131.63838712128674,-139.42309685592787,-153.73540851707952
2020-05-13,-146.3265399881048,-153.18346774582085,-159.0422424160005
2020-05-14,-137.79911706209936,-146.26925505485883,-156.61893667214196
2020-05-15,-118.64086552324781,-127.92135334278368,-148.18605956057374
2020-05-18,-141.91874392882937,-154.6728327880061,-160.7803004311796
2020-05-19,-148.40445504153465,-150.59306657958382,-157.89000436173984
2020-05-20,-145.70561725060796,-152.99483241496273,-159.5604485919456
2020-05-21,-156.6224308011537,-153.18529641817793,-159.42024651562883
2020-05-22,-149.9275630724733,-147.2828551783162,-155.3022728405429
2020-05-25,-138.93759661355259,-151.28081644668313,-158.84003245811994
2020-05-26,-154.04044647453773,-160.03951036092255,-166.5319321129487
2020-05-27,-155.64049862808082,-157.49843146581418,-161.32041841078942
2020-05-28,-125.2802366609835,-144.08713752805252,-149.7243446654182
2020-05-29,-145.3277252168118,-148.8013894323802,-156.54609207693943
2020-06-01,-153.90192680911989,-152.0575027791636,-153.15768936246528
2020-06-02,-157.38231742187,-157.76827035649535,-162.17319969257562
2020-06-03,-155.22027554206446,-154.95511341537423,-160.6824737456465
2020-06-04,-142.26730573079766,-150.00520562245484,-155.37747735762878
2020-06-05,-155.7405985091053,-161.01280714551137,-165.66639995926093
2020-06-08,-141.64467741770966,-146.35291184613266,-158.728702605468
2020-06-09,-167.53410050564338,-167.4473112937627,-172.53142832811378
2020-06-10,-153.10258583929993,-158.25105201567243,-164.15872814959766
2020-06-11,-161.91170797033163,-162.25518647811106,-168.04224945679346
2020-06-12,-138.00068526256769,-139.60723722060254,-155.42424054242264
2020-06-15,-167.63056003137027,-168.91408978293472,-172.63052130070872
2020-06-16,-159.52261272476326,-161.5891738075314,-167.58634808690545
2020-06-17,-161.7056327063823,-166.6660726605312,-170.41916622575485
2020-06-18,-161.11825811411248,-164.72363214804875,-169.26608762714494
2020-06-19,-165.95367567871267,-168.30949440208897,-169.1271457537619
2020-06-22,-165.83686117260567,-170.00884669814982,-172.0002189250826
2020-06-23,-149.44480325281995,-152.69254557498763,-155.30753441464879
2020-06-24,-156.39287475519654,-152.49880804211114,-156.6761988822805
2020-06-25,-154.67292952291183,-157.9617041187814,-169.54941800664653
2020-06-26,-157.77416871764245,-163.6923502383087,-163.7801549823988
2020-06-29,-155.35021606698697,-154.61528791634754,-157.72404070619697
2020-06-30,-150.3071322144712,-157.77910282443713,-158.57661703961898
2020-07-01,-159.5422549731317,-161.71149869192968,-154.75768443698342
2020-07-02,-163.83207125316588,-169.40820980724124,-172.33099499195947
2020-07-03,-158.76808718038353,-162.47878502799486,-164.60224033417376
2020-07-06,-164.14927278829603,-167.53670911162328,-172.19006479304795
2020-07-07,-159.16379166050518,-156.88103853523296,-158.11459849600615
2020-07-08,-145.12562465738387,-144.02230308442105,-158.29154356472276
2020-07-09,-162.7002474398802,-163.4068321018767,-166.63123309936475
2020-07-10,-155.2224696476824,-159.37518342201233,-168.53589285139094
2020-07-13,-158.40624330224324,-162.4416910859926,-162.87260493901343
2020-07-14,-154.50297648751146,-157.8891077320076,-157.92145738914388
2020-07-15,-165.59953589080718,-170.19433511445882,-171.1510826153782
2020-07-16,-164.57430783268714,-164.9560880717624,-166.95119251385034
2020-07-17,-161.4370378268177,-166.72168484893663,-169.66327172963565
2020-07-20,-159.00990351525192,-163.14109532381485,-169.74745601463425
2020-07-21,-153.2985489737776,-156.87565086029304,-166.2200817420573
2020-07-22,-154.080589067915,-156.57096470983305,-155.85266098974586
2020-07-23,-162.22010315134563,-164.52770698757976,-165.179164030932
2020-07-24,-152.33292785897905,-157.839584490915,-169.09045906712532
2020-07-27,-150.5686250343807,-150.57344748963135,-160.99856374596268
2020-07-28,-163.3067565309287,-164.07876787056452,-170.37573410341648
2020-07-29,-164.81074259674267,-166.32637062370972,-167.78829004143844
2020-07-30,-157.254155119146,-158.74709680866374,-168.21893719882675
2020-07-31,-156.30696783896263,-157.18326344129298,-169.6186808728102
2020-08-03,-151.8089932935067,-153.27029354809588,-159.97539076833618
2020-08-04,-165.10847042730504,-169.81703749319914,-172.73093800744502
2020-08-05,-165.2676959165671,-167.82006637567628,-172.18231241937346
2020-08-06,-151.93202031415635,-147.12742136399328,-153.7830070944372
2020-08-07,-151.25403009980025,-143.92346803239622,-164.63050909637872
2020-08-10,-158.8169687474126,-161.93901874407334,-167.05722594551224
2020-08-11,-157.48619846696963,-159.2365824850993,-168.8565100043557
2020-08-12,-162.74447413847625,-166.45669503115798,-172.39161440045467
2020-08-13,-156.88930330923006,-160.06527149717434,-166.2680294027599
2020-08-14,-159.7574533849625,-161.5113573054353,-165.15280808573064
2020-08-17,-168.3336753058067,-173.1597270481716,-176.31634796485528
2020-08-18,-156.63896824145507,-161.42156313015275,-166.50443590335027
2020-08-19,-157.61602711460088,-163.72660308880234,-168.44274447974294
2020-08-20,-166.95959408846218,-171.70913400009096,-167.67746056468704
2020-08-21,-161.7575162633573,-166.7288396423258,-169.67967710248163
2020-08-24,-168.09644079722548,-172.0830820259903,-173.91248465049014
2020-08-25,-162.6355932109492,-166.0746615390371,-171.57889048759517
2020-08-26,-153.5310865880799,-150.0555217808676,-163.8312083576456
2020-08-27,-164.19637025094204,-170.7220733317408,-174.07562181160802
2020-08-28,-163.0907801762396,-163.26408632028898,-157.4688338797723
2020-08-31,-151.4527806302956,-152.06604062123185,-157.7328582897988
2020-09-01,-152.25175073565637,-159.23922437494628,-168.35968405017346
2020-09-02,-168.8793218415288,-175.21091433409967,-179.72999774961235
2020-09-03,-156.944759363324,-164.0073210714979,-170.86726872034643
2020-09-04,-154.29969062838595,-156.12322966131126,-160.37591091607692
2020-09-07,-166.89458520517897,-169.02344579511046,-168.1581899258734
2020-09-08,-162.75311501136864,-164.12855615736999,-168.8886114855845
2020-09-09,-156.3994158849077,-157.10012066075262,-161.71545267576698
2020-09-10,-154.81539634849202,-151.76269557005403,-156.69311007559352
2020-09-11,-151.84598535386726,-153.62162964467785,-161.0093921117489
2020-09-14,-152.7120344908551,-158.499968240131,-169.9910011342877
2020-09-15,-163.56232802457598,-171.31545405461014,-177.34086374594682
2020-09-16,-160.73800195891118,-159.2141712706253,-161.58719317704268
2020-09-17,-168.56734290090228,-174.5195074695085,-176.9083685680155
2020-09-18,-160.8771361876143,-166.64738080541238,-165.95874939206533
2020-09-21,-164.31071045510092,-165.2220429202285,-167.85480685571304
2020-09-22,-149.74576024706002,-145.0776488769851,-166.50586175974632
2020-09-23,-158.67814167057932,-165.42089540305622,-170.7912840720061
2020-09-24,-154.1130990595232,-152.6967488872258,-164.74215287402217
2020-09-25,-165.7822723314083,-170.76178715286363,-172.1874516137881
2020-09-28,-157.75528364916013,-169.09343804677468,-164.13375912682034
2020-09-29,-159.05740281293478,-163.1723967415287,-165.79664127670551
2020-09-30,-152.85472688242282,-152.8343740656933,-162.8774409097795
2020-10-01,-167.7369880005879,-172.8820486897067,-173.01187727589064
2020-10-02,-156.89935965544186,-155.29468636869274,-156.68953059336988
2020-10-05,-154.75557664720446,-152.92960618695082,-153.46821458353608
2020-10-06,-157.9517361844023,-160.73496525004478,-170.45474795805973
2020-10-07,-157.47718045134047,-154.3736816630912,-162.76979433580428
2020-10-08,-159.81987704207353,-160.2195563337625,-163.9926104098523
2020-10-09,-156.99812321635605,-156.8083703014828,-168.98193554423662
2020-10-12,-166.60142812676077,-172.65639650683636,-173.9668572148914
2020-10-13,-167.42629861926562,-172.2422377799899,-167.00924405640487
2020-10-14,-156.3162360676843,-161.54023877727656,-172.66290575345587
2020-10-15,-153.27857383637104,-154.79058541702898,-159.99549651169806
2020-10-16,-150.35664294953534,-147.84009931739365,-154.83236693801086
2020-10-19,-162.99847466585155,-164.78830688972985,-167.91396990480874
2020-10-20,-155.45834261734382,-156.5909039468254,-150.35136618753015
2020-10-21,-161.2529931019026,-160.6471721392746,-162.98060220319877
2020-10-22,-163.57600812291778,-164.2101287767061,-168.7024366278633
2020-10-23,-162.835410992242,-163.77967967577558,-167.57199311030752
2020-10-26,-161.00448273518452,-162.1576321503202,-170.57711921236972
2020-10-27,-162.46613060782653,-160.6599121892008,-160.12636322805108
2020-10-28,-167.6256746092195,-173.03566428914831,-179.22741415687497
2020-10-29,-167.2593938260849,-173.3293455678124,-173.23823153885093
2020-10-30,-166.71625650738233,-171.6632756992937,-165.64404358412733
2020-11-02,-154.87435794105855,-154.45898150300047,-167.3835851085459
2020-11-03,-157.857567355914,-154.69033522946825,-158.86957302439737
2020-11-04,-167.03681911643872,-171.9308221816811,-170.00258786995192
2020-11-05,-158.83176749589495,-160.73992950851144,-170.43415943754937
2020-11-06,-158.98417691252004,-153.56109046930627,-158.31606423106922
2020-11-09,-165.49065369898616,-169.99049507443118,-169.85316129828246
2020-11-10,-152.5203466464852,-154.07707518123325,-162.63521911571934
2020-11-11,-159.85224595848578,-163.18532734291864,-168.61362511771273
2020-11-12,-155.63671149328147,-161.08146241567624,-158.1132440436099
2020-11-13,-159.77121825681434,-159.74848690851022,-164.75762118418814
2020-11-16,-165.5034167959214,-164.82107742293886,-170.73649211169018
2020-11-17,-164.0602063950958,-166.31293002819646,-170.15629134830615
2020-11-18,-161.37286801364795,-163.41152550705976,-167.65416772531128
2020-11-19,-164.1313727620671,-164.68059043097585,-165.49785718075768
2020-11-20,-149.76907826232383,-153.60321850731268,-157.09847515417323
2020-11-23,-164.20447096839405,-166.09367105898212,-164.9854449766121
2020-11-24,-164.6084967800506,-166.77897928994938,-170.33661149944257
2020-11-25,-159.4653434488446,-161.4432007506467,-164.120961165187
2020-11-26,-166.3489843582908,-171.93555279527047,-176.4980658642037
2020-11-27,-162.74417114947116,-168.34043135203999,-168.8313249444908
2020-11-30,-164.62568967280743,-162.79527036220568,-164.8706331872274
2020-12-01,-163.1478880991528,-163.35242416256816,-168.17484746857326
2020-12-02,-146.4001688358549,-148.97105255125655,-162.22612263718642
2020-12-03,-169.9205704710745,-172.63270608241535,-175.5483979294476
2020-12-04,-162.00225604456526,-166.65161236908986,-168.6789641695695
2020-12-07,-144.56593840693571,-140.52588268082874,-152.5117063779578
2020-12-08,-148.25807542251073,-154.98650436512875,-159.9525287252372
2020-12-09,-164.27848030755388,-164.19497771004677,-165.32578783874385
2020-12-10,-160.03076813126782,-159.6983781823733,-156.91962202455755
2020-12-11,-156.68858412173864,-162.0041072939755,-171.9763008598
2020-12-14,-159.96062189215365,-160.68765546075664,-161.0411953031104
2020-12-15,-135.88889537387422,-130.86224747825506,-156.3075081123128
2020-12-16,-155.41628260048972,-155.7855189728514,-164.0949068642517
2020-12-17,-157.82157134910236,-160.30762701398766,-162.75793205310472
2020-12-18,-162.98361850539973,-167.3643286671281,-172.47358374237763
2020-12-21,-168.3994018330082,-172.82393237166986,-172.53033495421664
2020-12-22,-158.83207999969235,-162.59723530098557,-169.9527919015183
2020-12-23,-167.81284470234152,-172.0412079658188,-170.9786529458802
2020-12-24,-164.6893046986449,-170.81144522284762,-172.19727226241656
2020-12-25,-155.6474036892772,-157.6465504229592,-168.79182889448742
2020-12-28,-161.8192670613802,-164.0684517876679,-166.64917062570493
2020-12-29,-161.59060458747302,-157.56965859511666,-166.34719303544142
2020-12-30,-159.50110642167388,-163.92189740245828,-166.56426059012244
2020-12-31,-144.94942918761257,-142.46174181881025,-157.0732234986389
2021-01-01,-138.02729057136375,-136.60604118086005,-161.95931173967733
2021-01-04,-152.2056948197033,-153.02749006628696,-154.20547657993666
2021-01-05,-167.9391609134398,-169.42609915401803,-171.29034907611103
2021-01-06,-157.06380717679508,-157.26446913137926,-162.94403176642848
2021-01-07,-150.66788219785946,-155.03986520483457,-170.35091471003966
2021-01-08,-155.9534279617037,-158.23424815286737,-163.84810891737507
2021-01-11,-164.21252208069498,-162.47426560085816,-165.8160137708205
2021-01-12,-164.5145611253778,-162.94138401362463,-168.6513158048622
2021-01-13,-165.7068091200169,-170.00499648521537,-172.03889831781893
2021-01-14,-134.50848655714708,-139.86526106198295,-162.7432733075783
2021-01-15,-148.7534775653134,-152.52365286315143,-158.46589672899765
2021-01-18,-135.62014801235043,-137.6944758920159,-153.6933640180387
2021-01-19,-150.6823127262043,-154.07592572106876,-166.95429708848684
2021-01-20,-162.61899189039275,-163.7604288682999,-165.50884787883678
2021-01-21,-154.39583499970547,-163.51027151235763,-166.65571688418459
2021-01-22,-154.99102920189688,-158.17235991069364,-164.70337891814853
2021-01-25,-164.1835904998258,-155.98656976429507,-166.23171994141032
2021-01-26,-158.07903137572214,-160.56937940509425,-154.3222637228049
2021-01-27,-159.4947986830905,-160.8087082552589,-163.6660774064681
2021-01-28,-161.1060098341013,-159.9074444999292,-155.66835183439034
2021-01-29,-161.69104652024933,-162.65656902084697,-157.252100589974
2021-02-01,-156.0228611855949,-160.26672405251793,-156.2704170611481
2021-02-02,-145.50424068941626,-148.4663091552905,-160.7874131064264
2021-02-03,-150.00613171871026,-155.67179906623932,-164.40189282292562
2021-02-04,-151.80129568740452,-144.2470412592449,-161.15789989088964
2021-02-05,-167.12706133278925,-169.87082616198833,-172.6747062873427
2021-02-08,-164.90527334794638,-167.77116471319894,-170.48221040151424
2021-02-09,-157.21731583366213,-156.33103291288623,-163.30744789782588
2021-02-10,-167.19094887635634,-168.03677158811456,-168.94553061148272
2021-02-11,-168.73750820156644,-173.76058121015765,-177.64038906874094
2021-02-12,-167.74261264973828,-172.44180565873785,-171.23515129711146
2021-02-15,-153.01555654982468,-151.68014145161476,-170.32784307927045
2021-02-16,-160.90090234341037,-159.89341848292355,-165.4284314875313
2021-02-17,-161.46738845826928,-162.2224976202189,-170.97460159991132
2021-02-18,-139.51847607125225,-138.67257100394846,-159.3241494339755
2021-02-19,-159.0695491199265,-164.4482592209549,-161.61692597592565
2021-02-22,-160.93312733495415,-165.65200137810993,-172.46881897614097
2021-02-23,-158.99033557206627,-160.47610636399418,-159.78270516533738
2021-02-24,-155.66103415600654,-153.52144679469447,-163.5585514259128
2021-02-25,-167.65041441709454,-172.33205138638104,-174.76549068589983
2021-02-26,-167.6450301581757,-172.0841498367871,-174.97390059697102
2021-03-01,-168.1050355789455,-168.54561356193884,-171.96898002954478
2021-03-02,-157.1210873216853,-147.7626025462078,-159.1555559912432
2021-03-03,-165.56203486834326,-167.51814392563608,-172.15201480914396
2021-03-04,-162.85772867739024,-166.1618102445146,-172.02523222715774
2021-03-05,-162.23533060549576,-163.013372810265,-168.4831693364601
2021-03-08,-155.30115604878299,-159.5810995924028,-164.32341280505983
2021-03-09,-163.11424758808982,-163.70926811582126,-168.47322698067745
2021-03-10,-165.57801297343124,-170.20369014937035,-168.37844697304845
2021-03-11,-159.2553999581003,-159.51815220196133,-161.03413351766474
2021-03-12,-162.96453346961798,-165.53931373096054,-171.67654947508547
2021-03-15,-160.70349050635176,-160.6839501816337,-173.07493499128938
2021-03-16,-168.31851060126644,-173.77504343195005,-178.65712739357025
2021-03-17,-164.40157492802894,-166.55137906904935,-162.5240092406698
2021-03-18,-156.82303928833062,-153.21842995231194,-165.72371331069579
2021-03-19,-170.67774093060967,-176.09540989374344,-176.5468506821251
2021-03-22,-166.21254509147934,-172.05793553917528,-172.67349287421388
2021-03-23,-166.4492351494574,-170.23287730594592,-168.11651189516607
2021-03-24,-158.43595386151003,-163.33134989980977,-162.30166129901346
2021-03-25,-161.28809953151637,-164.2824887286602,-171.56651235915754
2021-03-26,-157.72667562197586,-157.1227391611461,-164.74648277099217
2021-03-29,-164.3448386948337,-165.54960286001761,-169.60796570814932
2021-03-30,-165.45667331522313,-170.13801082726548,-175.5337176400892
2021-03-31,-162.4982615824309,-156.2536331881722,-157.5594349294814
2021-04-01,-167.8417438616827,-171.98197414229782,-172.37275286830868
2021-04-02,-160.58937283711774,-160.01102481651023,-156.75208422773733
2021-04-05,-154.52311469555488,-153.21576651121228,-161.39097791410714
2021-04-06,-167.6668072022247,-171.4969724374729,-172.97196702380987
2021-04-07,-166.7062934657206,-170.29606143830364,-168.32688517058284
2021-04-08,-157.37431651705955,-156.3323445213718,-160.7406087217029
2021-04-09,-166.7913937541086,-169.09908328047024,-169.8566400206578
2021-04-12,-166.30707255755777,-169.56695383059449,-173.88629545250166
2021-04-13,-160.72178048054136,-164.14003238593062,-170.58059479436938
2021-04-14,-165.58369766043748,-168.39112578903388,-175.26480911132694
2021-04-15,-154.74124932796516,-158.5822490815869,-164.51926589159493
2021-04-16,-165.2772869975628,-167.6889208580047,-170.77417823782758
2021-04-19,-164.5967289348244,-162.67928783525434,-166.5446759502185
2021-04-20,-164.811529604148,-168.7359592542967,-168.42282060975649
2021-04-21,-168.33070395984274,-173.34115029947395,-175.06175989198164
2021-04-22,-165.6541381382023,-169.11187641196514,-174.11835066981126
2021-04-23,-161.59420141907864,-160.7609704647903,-164.6044548094994
2021-04-26,-164.8173910356987,-167.53999832521805,-170.07287884127047
2021-04-27,-156.78509466699975,-154.1367941389233,-169.32509802942218
2021-04-28,-161.10284522329295,-158.5565609371874,-168.63219008809432
2021-04-29,-165.55329570941532,-171.66755316292569,-179.04277471989246
2021-04-30,-162.40121596034245,-163.93370759412204,-169.21361373036657
2021-05-03,-170.63602964169024,-178.8346853642479,-179.6567643286125
2021-05-04,-162.8581287892478,-166.71665870036006,-169.03052028749937
2021-05-05,-165.90905251154402,-171.8980952670225,-177.41689162519654
2021-05-06,-145.81971081914298,-137.4971605095312,-158.45305711779304
2021-05-07,-165.06969659272193,-164.53647382615338,-163.74810609972772
2021-05-10,-160.8345425972152,-164.36216074056006,-164.26361501180298
2021-05-11,-138.96157633935238,-132.03146218998805,-146.14754458253077
2021-05-12,-167.72255637801493,-173.20316237214232,-175.10591619017515
2021-05-13,-168.26287479254688,-170.35147387288703,-174.20971214503726
2021-05-14,-162.71493227053142,-162.2626550273305,-165.45076235403585
2021-05-17,-166.72471181258538,-168.82053376367276,-172.10836791967603
2021-05-18,-161.17920471581198,-163.04728057789646,-164.03803388563531
2021-05-19,-161.48122953072635,-160.45129581778002,-155.86098444377015
2021-05-20,-164.34995861449204,-163.6877573589125,-169.19555443477114
2021-05-21,-159.05039808211748,-163.1969727967278,-168.10700971220402
2021-05-24,-150.03109699975676,-151.3254920617439,-163.63686271085004
2021-05-25,-157.3663431628679,-162.68565731647337,-163.7722559355613
2021-05-26,-160.83176004815553,-160.5108390685757,-158.5160545948618
2021-05-27,-158.53786743320393,-157.08570413976418,-163.75632208325726
2021-05-28,-158.83174976527644,-164.20784674534443,-166.96225390528247
2021-05-31,-157.5473283285358,-162.37421210722718,-172.709978191289
2021-06-01,-158.5348431508002,-159.65869375330004,-164.32665771953543
2021-06-02,-166.65632852706614,-170.97883703039747,-174.11012496280946
2021-06-03,-167.63862619267803,-172.23591153901458,-172.50463572837143
2021-06-04,-156.56848296876413,-156.4206246109669,-165.3208412078222
2021-06-07,-170.36864421388202,-176.43504665048,-178.1300565709902
2021-06-08,-163.54034990528194,-161.83948913848133,-166.7059093103001
2021-06-09,-153.9029735530425,-146.51062114666234,-150.99954587010487
2021-06-10,-158.69130581338965,-160.37181237302747,-160.924417831408
2021-06-11,-166.37207421867663,-170.29915410730874,-174.81847462954522
2021-06-14,-156.97126789835824,-158.9569435278717,-162.79333549366245
2021-06-15,-161.30421877510165,-162.17923016370875,-166.24319443384258
2021-06-16,-164.27563410483623,-168.20083873035,-170.68472983414551
2021-06-17,-153.67582287032394,-155.8406227582239,-167.23945593289028
2021-06-18,-165.8771856716127,-170.74806764258048,-170.91949219451024
2021-06-21,-168.26214858776294,-173.76965394689515,-175.1774396609462
2021-06-22,-157.27307043698244,-157.48387728608316,-167.52350900315633
2021-06-23,-150.1110526346177,-146.12602078346265,-157.85167455464773
2021-06-24,-159.710485775711,-164.3001817589381,-167.14699752559576
2021-06-25,-149.80068812690897,-145.8427417983899,-151.2319199742452
2021-06-28,-166.5468185112817,-171.4396780479166,-172.24930756250166
2021-06-29,-155.376357640295,-155.75011179940196,-168.7323247987829
2021-06-30,-162.61016889746324,-164.80309384870742,-168.91656141514224
2021-07-01,-147.74335773069564,-142.89945071271995,-156.34434891169676
2021-07-02,-154.95943142695063,-154.81676491035543,-165.52096277652532
2021-07-05,-138.3906904075135,-138.98884819823093,-153.8752103490005
2021-07-06,-168.06863747531503,-171.8135181459015,-173.04064432280538
2021-07-07,-162.720413704718,-165.37871135123982,-174.86878926697818
2021-07-08,-151.28406318268665,-151.04291111311778,-154.66978177976873
2021-07-09,-153.6310246023683,-161.71673093334482,-167.92998513493336
2021-07-12,-150.918426651964,-158.78687130445337,-161.85625557318477
2021-07-13,-159.5086008031824,-164.62054481400622,-171.16405236163095
2021-07-14,-157.46246588176535,-158.54957906311094,-161.61863896266124
2021-07-15,-158.0794914074714,-162.37011593829476,-161.36816652389393
2021-07-16,-134.15795319552205,-145.55403516823543,-159.65600049133158
2021-07-19,-150.03785193738236,-151.20595698202735,-156.49553416795905
2021-07-20,-155.8107834219262,-166.26667550014272,-168.7801532875753
2021-07-21,-153.63483341503786,-161.55667851235808,-161.1792897785529
2021-07-22,-158.19799587591427,-157.58016093028823,-155.40884365508106
2021-07-23,-149.46175974048126,-158.97297034348313,-162.65285036501376
2021-07-26,-153.30373212585522,-152.6775209521382,-158.37165190702353
2021-07-27,-155.19902022758936,-159.07250363750796,-167.76287222854106
2021-07-28,-156.6200081321923,-158.39614569574496,-161.73609993149196
2021-07-29,-162.70782657383774,-165.4654421742106,-165.55991811887395
2021-07-30,-151.02910869792484,-153.7625804179768,-155.59987127158826
2021-08-02,-153.56533756443477,-157.49009873089443,-161.67885695263013
2021-08-03,-155.3971056676385,-156.30380447945427,-156.40637535135687
2021-08-04,-138.7043450197124,-141.7456703404279,-159.7123790948678
2021-08-05,-158.64750016572398,-161.37291201177385,-166.93591174239532
2021-08-06,-148.06890195386723,-154.533878378549,-161.07091565357916
2021-08-09,-156.09073188908724,-156.18114892684295,-156.854017327275
2021-08-10,-160.17778935195975,-162.5286512273168,-171.85162626628227
2021-08-11,-159.8829521274342,-161.40491896673345,-164.41517219861396
2021-08-12,-165.4696836436796,-166.97646461857252,-172.48103539734802
2021-08-13,-151.2465984655207,-148.28211168687025,-152.76613217956054
2021-08-16,-163.27582535574385,-165.11931873643442,-165.08416164844218
2021-08-17,-167.3967830135978,-166.41622517578216,-170.77219752952556
2021-08-18,-168.79011466845222,-171.19680273298195,-173.09478193203472
2021-08-19,-166.24523907842243,-167.16583942914576,-166.77998059682494
2021-08-20,-156.59548352555834,-159.11992916234365,-161.91565905520952
2021-08-23,-153.3174319679363,-153.98207993200492,-156.14333098600764
2021-08-24,-161.91979114215462,-164.828100957926,-164.02756155060112
2021-08-25,-148.1968267165108,-155.68095917520006,-161.31986641778573
2021-08-26,-158.5335996757259,-160.97575376472088,-166.9175869896756
2021-08-27,-163.6842145841504,-157.5619689552405,-159.98714376349207
2021-08-30,-164.87120192421185,-162.68980429513005,-159.54352730043888
2021-08-31,-143.42783662439956,-141.5992682036054,-148.85617553426337
2021-09-01,-152.2165050827595,-150.40560875655146,-158.91119947943417
2021-09-02,-158.7417271469846,-159.9117667578073,-161.08933035572568
2021-09-03,-156.3345014725062,-160.3710898313784,-160.76682461436732
2021-09-06,-164.68931592038487,-167.53433772913195,-169.06982192724936
2021-09-07,-165.24519307647574,-167.50277109680812,-172.57530415559972
2021-09-08,-151.74691377362328,-153.89560896720664,-165.05228938719134
2021-09-09,-151.02351706894518,-144.4803996127843,-156.7022699333215
2021-09-10,-160.75374408136662,-161.467886650563,-160.97213940031926
2021-09-13,-163.65590335508494,-167.9047053834006,-165.98362701419745
2021-09-14,-155.13849258607718,-153.6393508571457,-163.62161053057199
2021-09-15,-158.99202084946845,-160.9709278570871,-168.95491345011501
2021-09-16,-160.09604643618954,-158.99506993228533,-163.11350082098963
2021-09-17,-151.51558121556585,-152.35343999310138,-156.40092856626862
2021-09-20,-152.7973342694821,-152.93151956016348,-163.70558389568316
2021-09-21,-154.16342213609914,-154.41893727894703,-158.78977615358787
2021-09-22,-164.19006005577629,-164.62343414088863,-162.7622360429296
2021-09-23,-160.1644816065767,-162.69526936782708,-165.41301143459648
2021-09-24,-161.9028902293618,-162.4734504586621,-169.22091412165508
2021-09-27,-166.66225768460794,-172.00898952290586,-166.85165156894485
2021-09-28,-151.80383585455343,-150.27201516987532,-162.9024438214772
2021-09-29,-167.25734557492166,-171.26403576989503,-172.12248746509076
2021-09-30,-156.12642539936664,-159.60595924559198,-172.33039626073884
2021-10-01,-156.48089987327194,-158.88069011402123,-164.59585021775632
2021-10-04,-155.6842815469247,-153.1662913949375,-167.63843565058644
2021-10-05,-156.61139547919436,-157.35525371473628,-161.93528821302885
2021-10-06,-164.89286222527434,-167.39745284030437,-170.56515805258138
2021-10-07,-158.70947338209425,-161.3741075236824,-169.45457258843032
2021-10-08,-143.83068537786198,-138.209340559531,-154.62551517639835
2021-10-11,-123.73976288893714,-123.34689415557962,-152.83510954141272
2021-10-12,-166.0130807492935,-168.23690063977674,-168.07447518471662
2021-10-13,-152.24493633970826,-150.44075296584808,-159.99344669531618
2021-10-14,-156.48137617762129,-157.78456576450102,-163.45102802900354
2021-10-15,-159.3259223717748,-157.52955028507904,-159.43896506218692
2021-10-18,-167.1544810473583,-170.0017621467511,-172.2576091908821
2021-10-19,-168.72677290487655,-168.39821364733191,-170.91386229059503
2021-10-20,-167.00244516570243,-168.6505476530593,-164.19697535586135
2021-10-21,-161.50777956846713,-164.26973676737757,-158.05315017120816
2021-10-22,-169.38878672805384,-173.43321929733213,-172.80295277945956
2021-10-25,-170.2181453153819,-174.68593318002843,-175.3752049042267
2021-10-26,-163.26632417094945,-166.834308906791,-164.5403361155818
2021-10-27,-156.00404001081733,-154.39046094891265,-158.05141985658318
2021-10-28,-164.90313174440325,-166.07089363856463,-166.5054101013219
2021-10-29,-159.1603418839554,-160.1935535693702,-164.3479290310969
2021-11-01,-151.8012180793065,-156.01777430363202,-162.4437146517226
2021-11-02,-159.31507822801052,-162.82146966694512,-169.03830069316132
2021-11-03,-152.74242559302218,-150.08968400144215,-164.86849131271728
2021-11-04,-158.0728920356495,-157.71585298431805,-167.53188600477563
2021-11-05,-148.12172188848345,-147.50666955584637,-154.595799258955
2021-11-08,-167.13909851123609,-170.10011504966175,-164.75139428988518
2021-11-09,-161.00450302983037,-164.71400777409778,-167.19845006405978
2021-11-10,-137.21653817912505,-141.53615545502672,-142.0674686648348
2021-11-11,-155.70577679944148,-158.9571809610748,-163.3080855880752
2021-11-12,-152.05214295208793,-148.19158991016215,-152.72498515676887
2021-11-15,-149.90636203092862,-146.72054579831587,-155.80031366469586
2021-11-16,-157.6733595808741,-159.74387291960292,-171.3301613069815
2021-11-17,-153.13738971641712,-156.17388952299697,-162.02333797754383
2021-11-18,-158.21567825019298,-158.58262215428317,-165.01939044392694
2021-11-19,-148.9028894661268,-146.35912684538323,-157.68456045890167
2021-11-22,-154.43177184423521,-151.9425987189104,-152.28699984137802
2021-11-23,-158.36433415453737,-162.78015974408365,-165.43761939001018
2021-11-24,-161.06303313631463,-165.50958451800068,-167.45840416989563
2021-11-25,-168.73405032664505,-173.9464851250548,-173.2420369218232
2021-11-26,-151.93378884595643,-153.6915805881836,-162.32644398074314
2021-11-29,-160.21101415223774,-158.38473192011824,-165.61681853163222
2021-11-30,-154.9716889834474,-160.8000234728226,-163.44617029487154
2021-12-01,-134.27102381519234,-134.6066084680662,-157.97893019840404
2021-12-02,-151.08494665031503,-149.36777992235173,-161.79902334762863
2021-12-03,-157.23959595772135,-152.08740937614849,-161.82493223865984
2021-12-06,-167.81221211932643,-171.99588022078984,-176.23183126200152
2021-12-07,-130.51255307491016,-122.96396585334998,-149.48429758214098
2021-12-08,-145.2932016035473,-147.66574438120887,-161.29565580992212
2021-12-09,-151.04534120133113,-156.45529354674989,-166.93883858731215
2021-12-10,-144.47923514768127,-141.12374831551145,-150.46659919637682
2021-12-13,-143.17700132656208,-148.4831176253793,-159.47296152110232
2021-12-14,-152.95138129007444,-155.85374523111537,-160.69389551157917
2021-12-15,-145.77319801202603,-151.57143542825568,-153.94143008594116
2021-12-16,-158.25637012502463,-155.2774997868821,-157.61128303467603
2021-12-17,-154.45420624611853,-157.5573007093659,-166.03957761707045
2021-12-20,-162.43487667855305,-164.2594710753949,-166.69867604202562
2021-12-21,-124.77572497993086,-134.72062059030355,-164.14596967686435
2021-12-22,-142.47861120707333,-153.52595784875592,-161.33514441761267
2021-12-23,-159.09176145028823,-164.05167622206756,-162.41203696751265
2021-12-24,-130.6237797474502,-139.4455422137461,-157.49255271228387
2021-12-27,-157.0613404014942,-157.78627420636928,-160.20926866775218
2021-12-28,-153.95767206100305,-159.8934185280543,-169.15173070260613
2021-12-29,-157.9356846858888,-156.74892173449808,-151.60880684996434
2021-12-30,-148.20540368028819,-151.50076767967278,-163.7741924025757
2021-12-31,-130.2624822633196,-131.83612470102454,-150.0950679495616
2022-01-03,-147.54360375678644,-147.07284081249327,-147.24196648229804
2022-01-04,-164.30515648256633,-167.7646542328356,-172.08093636111244
2022-01-05,-145.4357710230867,-150.37488138054192,-148.50417793023078
2022-01-06,-153.43264817648162,-154.2294004572363,-163.39422193255402
2022-01-07,-158.74201809750105,-161.26292404468543,-164.3368115324718
2022-01-10,-129.18263697800975,-141.50114951950462,-159.7623474656284
2022-01-11,-149.76370070250454,-152.0185859087528,-161.54882529791473
2022-01-12,-165.79696030726146,-166.8930610747232,-168.97045770733888
2022-01-13,-162.4345605179066,-159.68621882385978,-163.96013875010615
2022-01-14,-151.21900807434207,-152.72104343258684,-146.6472868370614
2022-01-17,-163.59487934916567,-166.26459280012372,-166.095252346164
2022-01-18,-152.85444807974937,-155.45496920879594,-158.05034219657944
2022-01-19,-154.36384075949368,-147.60842888881402,-156.12789093190662
2022-01-20,-143.1488778090722,-144.2092850925385,-155.1652785203793
2022-01-21,-150.54255269834078,-151.654788591385,-163.1882114899792
2022-01-24,-148.87230508947488,-154.54197949651314,-157.93708472021285
2022-01-25,-145.45242670970632,-156.3494927967878,-167.94821716249692
2022-01-26,-163.55734284903255,-164.0093961243657,-163.02825471236662
2022-01-27,-150.8312551122508,-145.5998739858884,-151.62981528162905
2022-01-28,-162.59923239960162,-163.88333939679757,-166.507198452028
2022-01-31,-160.9833469917337,-161.546971104605,-168.25832118832597
2022-02-01,-157.36922492682893,-160.72421955531647,-166.61815834349923
2022-02-02,-157.57366948209443,-161.37480482919247,-167.3646141716257
2022-02-03,-164.0879414095617,-166.68396679319974,-172.24683095394002
2022-02-04,-166.18734036118016,-167.15683179510177,-169.24847266063898
2022-02-07,-147.9770977632236,-151.13625374750458,-153.23032626991412
2022-02-08,-166.66867702435624,-169.65301656985253,-170.58241589053586
2022-02-09,-165.10930223384517,-169.88425686690576,-170.7369810342536
2022-02-10,-155.39485143385227,-157.96875500840437,-166.28655288146217
2022-02-11,-158.10347607947827,-161.74270266386853,-169.84622528246126
2022-02-14,-161.00495289271805,-165.55331189313227,-170.62056244334096
2022-02-15,-160.98213874068367,-165.86835950022396,-172.67631251506083
2022-02-16,-161.34918082107785,-166.95116101086927,-173.0031859569194
2022-02-17,-132.00468595123647,-137.1040935168615,-146.92101585404333
2022-02-18,-170.12791871136906,-174.48370690470804,-176.50648072420935
2022-02-21,-160.4103476219084,-162.57776297596558,-169.9387082807538
2022-02-22,-156.80581382313616,-151.89476875871043,-163.88150279366755
2022-02-23,-126.74634180751664,-126.50379642735567,-150.13036571597146
2022-02-24,-161.90335258953675,-161.6719491089157,-167.55919516770211
2022-02-25,-146.40727452828244,-153.26212679944493,-165.46131876134692
2022-02-28,-141.8840241703636,-146.9420309663265,-161.1758991477322
2022-03-01,-155.01396308872626,-157.98629972144784,-163.9327209731174
2022-03-02,-153.71930474005535,-161.57164031076962,-169.45921741341357
2022-03-03,-161.94513302786407,-162.56824265146545,-157.92744453733096
2022-03-04,-160.48213467981654,-161.74751176709603,-169.0508378432603
2022-03-07,-158.0695095781045,-161.26835626728624,-168.53803234063415
2022-03-08,-169.6278559625069,-173.79523559224162,-175.9163889782159
2022-03-09,-157.28541086800553,-158.54545715159162,-160.99910334584953
2022-03-10,-163.3937352278839,-158.20606779527594,-158.9046853113049
2022-03-11,-135.9695994483395,-150.63471992018228,-158.96199019477794
2022-03-14,-160.36627554778104,-161.04701753174447,-161.30671405138727
2022-03-15,-161.38798315224398,-164.5309247680147,-164.89836190811866
2022-03-16,-151.47080420971187,-147.33693023661593,-157.45702324779822
2022-03-17,-160.20146902508307,-158.53007557187925,-167.68422604794847
2022-03-18,-158.81733368852852,-162.68886155836088,-162.38738493628767
2022-03-21,-145.49308543978887,-147.05772658226306,-150.49006618825922
2022-03-22,-162.14522539644548,-166.42063492233163,-169.36003240039898
2022-03-23,-150.78495629471468,-148.62354239203825,-154.90521824803577
2022-03-24,-137.8981147849047,-141.21373734765655,-133.3736240615962
2022-03-25,-153.28642411664993,-156.7630923810918,-164.9604775410182
2022-03-28,-159.1665022118936,-160.72584644108738,-164.0308327361511
2022-03-29,-162.32243372230127,-163.8919122178796,-161.48909524816588
2022-03-30,-157.7669161581834,-158.55231893523742,-161.6357211103001
2022-03-31,-142.84541215014252,-142.8201205129965,-156.7770129397587
2022-04-01,-169.5646681747269,-173.54272009021358,-176.63176036205027
2022-04-04,-152.87448989410746,-154.174297594967,-161.11534784082056
2022-04-05,-158.82591872683568,-161.69555584702456,-171.063245161234
2022-04-06,-154.95639356888898,-155.5615604020105,-158.25191801579808
2022-04-07,-161.88998812116716,-163.22728746306905,-159.7034799732468
2022-04-08,-157.925629366536,-161.65883977557442,-157.69430141363597
2022-04-11,-146.87653655360748,-153.03748731677663,-158.94372081501962
2022-04-12,-149.99761551831682,-154.8701587676332,-160.87502179384109
2022-04-13,-165.2612561462759,-167.00557159745912,-170.40745693742514
2022-04-14,-156.26564618266465,-160.68949552084598,-166.09345738405722
2022-04-15,-158.69558727541016,-166.11486411864303,-170.39464836810996
2022-04-18,-158.92814931005927,-160.27251188756895,-164.32059316460703
2022-04-19,-150.63487646402544,-152.87775512954696,-155.64789776122592
2022-04-20,-138.06700318097947,-140.4140903232506,-152.69721834570004
2022-04-21,-151.14077514734296,-149.73596947791734,-158.22707771106116
2022-04-22,-153.67217664768555,-156.7141419931798,-164.48663459628094
2022-04-25,-135.67735722996412,-143.1385410203683,-153.79270991371814
2022-04-26,-111.57642099244495,-126.66863411989999,-150.3138795364484
2022-04-27,-149.00965417331537,-158.89814160938934,-159.97272482387174
2022-04-28,-131.22997339533651,-133.95828835510866,-159.61037833370327
2022-04-29,-158.64642141264122,-160.51545812144357,-165.32748695038123
2022-05-02,-167.5142574100906,-169.97492065191392,-173.08654972439155
2022-05-03,-159.09060537976202,-156.10735953962316,-160.8146754567386
2022-05-04,-144.08798033582565,-156.14009333512848,-162.0177377704531
2022-05-05,-148.1929278458331,-145.75424695118224,-163.26644250374542
2022-05-06,-155.04383174299016,-154.26310150360456,-157.0528701049539
2022-05-09,-155.0734449838307,-159.28532914071164,-168.98899140854672
2022-05-10,-158.07811904826093,-159.17690273388726,-161.47073103065273
2022-05-11,-154.91112913810383,-154.9290564467916,-159.7832417759231
2022-05-12,-159.9105739492677,-161.9218282631138,-156.83490823720973
2022-05-13,-162.27040422480385,-159.40204328279086,-164.57165991582463
2022-05-16,-143.88457549559467,-148.79926462639594,-154.46803183002763
2022-05-17,-153.4832088905079,-160.19755866236451,-167.77837404825618
2022-05-18,-119.98456520496728,-125.17351780528855,-143.97569940506844
2022-05-19,-136.32579821191,-140.91569718237392,-159.4657516479897
2022-05-20,-150.95706289637866,-157.0350018997034,-158.3984306401486
2022-05-23,-125.50679328294743,-137.5442315504106,-150.85143749229945
2022-05-24,-150.3145155469123,-155.06272863492615,-159.4812920726003
2022-05-25,-156.5878818904031,-159.6017044674975,-161.0596631908175
2022-05-26,-158.9601254561464,-164.3798612443584,-162.1020101028266
2022-05-27,-151.54656772182364,-141.92171313329212,-154.80253777761175
2022-05-30,-147.95602390921442,-144.44238305391116,-155.70889439788124
2022-05-31,-156.89842262615696,-154.53067055045457,-154.40289410542152
2022-06-01,-130.3185504835069,-139.91851028481162,-154.8562996474575
2022-06-02,-157.48625976398893,-153.867463837132,-158.02145104888956
2022-06-03,-157.57313427471843,-158.41873779065668,-165.6118027321884
2022-06-06,-157.92747819740694,-156.2890917778838,-157.87115103289835
2022-06-07,-117.74884729201884,-124.80088964598517,-154.38195606284842
2022-06-08,-153.10414354549175,-158.83644489409218,-160.9444148790129
2022-06-09,-158.0918119315453,-165.4142980719124,-166.24817357930277
2022-06-10,-157.39557011034017,-161.90159821496678,-161.4762082315888
2022-06-13,-156.7616294330791,-158.11303001017748,-160.19804304059141
2022-06-14,-163.21757288596265,-162.4126263540043,-158.29960889881866
2022-06-15,-159.269417803645,-161.0744313682642,-168.4662544913581
2022-06-16,-159.13488601758053,-160.15498885199676,-163.23922549503834
2022-06-17,-157.96309490298364,-158.5423260293449,-163.2979258917464
2022-06-20,-150.5683159271705,-150.76670244039326,-156.9017928661272
2022-06-21,-156.2824579107861,-159.31953472467333,-164.35564377068965
2022-06-22,-164.16404684913923,-164.55955367294277,-168.5028235080505
2022-06-23,-146.57749053296794,-143.549878730273,-161.0575114198631
2022-06-24,-155.68554761977944,-158.4142490595501,-158.95311337072505
2022-06-27,-158.3677631929451,-156.8400429742506,-165.5415321198944
2022-06-28,-160.27713154715076,-157.91658542166044,-164.13975636389188
2022-06-29,-141.39864680398065,-144.54672223558535,-155.6418444046151
2022-06-30,-152.73343285066676,-154.71275840730883,-164.81245677198783
2022-07-01,-150.4189621367249,-149.58337837920988,-153.9461554586445
2022-07-04,-162.11554752843884,-160.22037047456246,-163.40216980840492
2022-07-05,-160.56231304083232,-163.54480724682665,-169.49264706174029
2022-07-06,-157.0715120595937,-158.55604126633867,-159.56938715704865
2022-07-07,-157.82339928329978,-157.88389150040126,-158.91689811949206
2022-07-08,-152.80734373822298,-151.9700922419643,-160.97424648701846
2022-07-11,-163.07073964225026,-163.7228681351462,-166.63384830446444
2022-07-12,-139.874871306493,-118.59137030742444,-139.29960643758986
2022-07-13,-162.0622821811805,-163.10857125741785,-166.7874073141675
2022-07-14,-158.4624248062664,-161.33024991941357,-166.74198706712139
2022-07-15,-154.63645545702818,-156.47025929361192,-162.44396611263207
2022-07-18,-159.5681866256646,-163.1368809575463,-166.11572587418706
2022-07-19,-164.01772159998913,-163.50528159447623,-167.31919961677823
2022-07-20,-160.16688640325216,-162.32696172852812,-168.11653575395556
2022-07-21,-151.3158164210531,-145.06570187633957,-162.63276424288992
2022-07-22,-160.04940105548408,-159.48901880761744,-168.2992224496886
2022-07-25,-163.9769968256685,-164.15580621094472,-166.05282508357473
2022-07-26,-142.98198942827753,-139.69893525367294,-158.44335324937288
2022-07-27,-160.78783744496988,-161.56495293521652,-161.193607909788
2022-07-28,-160.4070979786151,-157.52519160027512,-161.86965170909198
2022-07-29,-153.5139882949608,-154.60646161817033,-161.39900165924476
2022-08-01,-152.3501019981592,-153.30552178960681,-158.1257441697423
2022-08-02,-163.64722080610113,-165.2853600510037,-169.99833869333918
2022-08-03,-157.3244436948723,-158.650706246453,-165.41213122913697
2022-08-04,-167.2351544111431,-167.10325876426796,-169.434139698371
2022-08-05,-158.7001537893338,-161.16577152309827,-162.06744008652387
2022-08-08,-154.06308145426286,-157.44584038411165,-164.42595292300177
2022-08-09,-155.03550778271938,-151.21711461613074,-160.51799357146515
2022-08-10,-143.69874144196717,-146.94378391390165,-154.7738252109887
2022-08-11,-128.46514809672166,-131.89841292536227,-150.07751539912624
2022-08-12,-159.53908683763171,-162.0448094974712,-167.7471978851732
2022-08-15,-161.49984229122015,-164.27662005497993,-167.8405242662887
2022-08-16,-155.7782398102623,-154.32558035968032,-158.1700223966964
2022-08-17,-155.8961372743985,-151.5109191238598,-160.75337682488853
2022-08-18,-150.9868224007923,-152.8638059699904,-165.25654826375379
2022-08-19,-159.4517659522322,-159.8345187592351,-164.5237526235582
2022-08-22,-161.7933524266072,-161.6140336093217,-162.11851887289907
2022-08-23,-156.68556022170958,-156.67679174365324,-163.88794375564268
2022-08-24,-142.2855235674786,-144.01698473828893,-164.6353591188572
2022-08-25,-163.2347698962189,-163.4235167358115,-164.85676582492235
2022-08-26,-145.80268932530217,-137.9410505858696,-137.08981307212414
2022-08-29,-145.5751623124379,-143.54503977093214,-154.5114989468417
2022-08-30,-166.28235588194,-165.85567655725038,-164.79647113125154
2022-08-31,-152.15622240947613,-151.6564697147833,-157.0852317505746
2022-09-01,-158.20987118395308,-159.6696749275586,-162.637957807825
2022-09-02,-156.62473484267912,-149.27408411492078,-158.94375818405462
2022-09-05,-150.80871441090147,-152.72334800514037,-157.62368899360652
2022-09-06,-162.06221570655356,-163.20464926395496,-170.402511834599
2022-09-07,-161.48774664272685,-160.18883329582627,-156.10306200905325
2022-09-08,-161.88363628376402,-162.66246600667083,-165.83592094107095
2022-09-09,-159.9193023123167,-161.61060853650457,-165.02546013411558
2022-09-12,-152.58990765439745,-155.63666257453525,-157.3803039285623
2022-09-13,-161.80590112299308,-162.89916195162925,-160.89405275242203
2022-09-14,-164.7236157568984,-167.57132331892214,-174.2928555018175
2022-09-15,-157.95901087040662,-159.01765779686303,-153.29813529931496
2022-09-16,-162.77813957800817,-163.64996575472222,-166.15409188611164
2022-09-19,-158.03294624094116,-157.3249071638126,-167.19877295492967
2022-09-20,-140.83059387587062,-138.24484448940828,-149.788856913551
2022-09-21,-152.48589928567355,-153.7132949317395,-157.77411907309835
2022-09-22,-167.6790017755121,-165.94622959108742,-173.47042153047988
2022-09-23,-166.6494600879124,-169.52687943163826,-172.1153474128105
2022-09-26,-155.238304293325,-157.26963698239086,-164.45531211293053
2022-09-27,-162.2308016307143,-164.3049678063818,-168.33469224441177
2022-09-28,-142.0054243012773,-144.06631118570942,-160.00441770424644
2022-09-29,-160.5858412836146,-156.77880507479895,-163.77262759468985
2022-09-30,-161.18199720712133,-163.72832641050422,-162.60608551293774
2022-10-03,-150.8357786206365,-148.6265865012126,-152.66069963235412
2022-10-04,-143.1302119493459,-144.20339048687495,-151.6045349931134
2022-10-05,-158.89142431973966,-157.7790326485276,-161.4294604560941
2022-10-06,-164.41237216325192,-164.13482911156385,-166.39072947170087
2022-10-07,-149.2289349095585,-145.4834840401324,-152.2030737311994
2022-10-10,-157.3048318058818,-156.98458718075844,-166.16894991705854
2022-10-11,-166.34816032692447,-167.13859666663916,-171.6748811704364
2022-10-12,-141.40940033743718,-139.34654830178278,-155.98082905043947
2022-10-13,-171.348276171235,-172.05904712272866,-173.0581160178592
2022-10-14,-154.38880599792185,-154.89750770949215,-162.29519949529592
2022-10-17,-161.33746050525875,-158.29014620396612,-158.40202179895883
2022-10-18,-158.59955176946642,-159.81604491219932,-166.37213074134624
2022-10-19,-157.95522944715012,-159.6728942599359,-166.49178720534093
2022-10-20,-148.4453247644185,-143.4064860765403,-151.6822406511678
2022-10-21,-163.12895142973198,-161.79537964765268,-163.92971845278262
2022-10-24,-162.00436364634356,-159.31386803658268,-157.77357024116017
2022-10-25,-152.4701270751004,-152.81866018984636,-149.92280033607705
2022-10-26,-155.48786464378043,-155.88394757328876,-156.5564902878712
2022-10-27,-159.85068618442835,-157.0210172534325,-162.9785455282228
2022-10-28,-149.97083625281135,-153.00003678810688,-158.0579756639459
2022-10-31,-139.77634396296736,-143.6112600719724,-149.19027958337975
2022-11-01,-152.34803299461242,-155.01606405717556,-157.01478532267544
2022-11-02,-163.89806919948828,-161.65431427904693,-166.32051124450686
2022-11-03,-130.30652570764096,-140.65452416858946,-142.40239861619904
2022-11-04,-145.7338256442428,-146.7739225022889,-151.5571894973026
2022-11-07,-146.48726611295342,-146.4771877032158,-149.56832757790096
2022-11-08,-164.47823684758632,-164.85621503983322,-170.78274532363585
2022-11-09,-151.58098463247825,-154.98671667003902,-158.212439696711
2022-11-10,-131.95951062195752,-144.88326682129966,-156.52313665366407
2022-11-11,-150.07961861860178,-148.6458837279446,-155.90551028801943
2022-11-14,-150.9561496532384,-150.79778703082408,-155.85982166011607
2022-11-15,-162.61137246369248,-162.20278548947556,-169.0577893958313
2022-11-16,-127.3420145255786,-140.09461537421706,-145.53629101439446
2022-11-17,-145.54025504484562,-147.01565217405616,-151.0975386017681
2022-11-18,-160.65212493781468,-157.9556272544926,-158.5301168907783
2022-11-21,-156.0530824082385,-154.32911621840088,-153.879006921371
2022-11-22,-153.70453600138796,-152.41398247851603,-161.143590578733
2022-11-23,-125.40453055395398,-149.82089047526048,-152.9557922377023
2022-11-24,-161.39625127506855,-156.4561901402992,-166.44446945107944
2022-11-25,-154.73329922185232,-155.4043854383647,-157.78825227110565
2022-11-28,-166.12532226974855,-162.55010048628967,-166.19106773055006
2022-11-29,-149.81724462679097,-157.5402953068175,-164.21917208020233
2022-11-30,-153.8234545875232,-158.43447904765262,-160.39200688231986
2022-12-01,-162.25697042400918,-158.17805802899227,-165.37390915690955
2022-12-02,-148.10989087697493,-147.5309360770216,-152.47819216096926
2022-12-05,-143.05415429500124,-141.10046807482325,-159.4929443030503
2022-12-06,-139.23029358467102,-150.89457951619482,-148.10166369414293
2022-12-07,-167.82425994143847,-166.85663968950743,-168.57302101210263
2022-12-08,-154.16870602099783,-151.80823569617502,-154.3908861893608
2022-12-09,-146.35848008900678,-147.54875483155493,-159.31393976398067
2022-12-12,-149.95553583603026,-156.2352368243544,-162.78239607307148
2022-12-13,-166.22583708490606,-165.92205947174824,-165.79505834820694
2022-12-14,-156.62786385849898,-159.84971666570175,-165.77394431790373
2022-12-15,-153.05926501022265,-153.30441930172773,-157.64490325451982
2022-12-16,-155.75122644476437,-154.68748462786655,-163.58890229506284
2022-12-19,-149.7386786328776,-153.06856037853748,-155.7840974094503
2022-12-20,-156.70930317555076,-156.57257432662354,-155.22830187844644
2022-12-21,-154.09543781580453,-150.13060831237866,-155.21968905465144
2022-12-22,-160.1136330991592,-161.65219969548437,-164.83218412163063
2022-12-23,-167.3619908485349,-168.74700971619976,-171.00964608116277
2022-12-26,-139.38426426487135,-136.17098695514446,-150.7133151110972
2022-12-27,-156.10459077583872,-149.28284906475125,-159.97424268555656
2022-12-28,-156.55987617180057,-156.9097533999985,-154.42336394692364
2022-12-29,-149.7792639507939,-148.14373314287383,-160.7226987549077
2022-12-30,-161.26386480367592,-161.0782910695899,-167.2913548636463
