Model,Covariance Type,Ann. Return,Ann. Std,Ann. Std (fcst),Real / Fcst Std,Ann. Sharpe,Ann. Sortino,Max Drawdown,Calmar Ratio,CVaR (95%),Skewness,Excess Kurtosis
ERC,GARCH,0.07378507300625747,0.1830593889844102,0.15588674415182155,1.1743101697353087,0.40306631315447683,0.5603177997211259,-0.5421656157622788,0.13609323583259053,-0.02844720961823189,-0.3410710400317103,13.422924189613951
ERC,Historical,0.07521689983337154,0.18461485042106363,0.16531070154451202,1.1167749498138433,0.40742605300613277,0.5672779704864713,-0.5440724416020852,0.13824795023965292,-0.028649846554020662,-0.3323294968246954,13.044994056317641
HRP,GARCH,0.06968366919197022,0.17128503094397082,0.14372788465307962,1.1917313843267556,0.40682871590083375,0.5648755104168477,-0.5068852222233661,0.13747425676825736,-0.02651885500075848,-0.32965610714100424,15.000854861497821
HRP,Historical,0.07312994973310771,0.1732437409668371,0.15465640942071962,1.1201846830386022,0.4221217420322648,0.588078271138928,-0.5075206546678648,0.1440925587175677,-0.02681863834266896,-0.3127003084670533,13.885316514002454
MVP,GARCH,0.057247140847811684,0.14796955897785882,0.11352058367912043,1.3034601671544657,0.3868845811480574,0.5397349116869005,-0.41534799227572405,0.1378293428942563,-0.02231386428988313,-0.08471115956320313,19.920277358810992
MVP,Historical,0.05812853452961475,0.14308925909499676,0.12538727982199838,1.1411784297269099,0.40623967792735094,0.5668183969620444,-0.3840298269371737,0.15136463485979287,-0.021556930640028393,-0.2140307973009645,18.038037394753356
Naive,N/A,0.07827974773454804,0.19883849091360203,0.1800488191423507,1.1043587614778845,0.3936850826762794,0.548813475598961,-0.5723881257469513,0.1367599085539992,-0.03080552959088837,-0.32276698647210533,11.68866892593374
