Model,Covariance Type,Ann. Return,Ann. Std,Ann. Std (fcst),Real / Fcst Std,Ann. Sharpe,Ann. Sortino,Max Drawdown,Calmar Ratio,CVaR (95%),Skewness,Excess Kurtosis
ERC,GARCH,0.07060598997108558,0.18280407465563545,0.1541809495154424,1.1856463151261514,0.3862386005568665,0.5356065202804384,-0.5515800879832992,0.12800677818018588,-0.028412645041775802,-0.3820445230241171,13.49133491410375
ERC,Historical,0.0751474425124039,0.1844799569182118,0.16527437434859188,1.1162042370168777,0.4073474634738782,0.5676572783986612,-0.5469513349580594,0.1373932884141626,-0.028587041505018573,-0.31346685681967795,12.991846953906595
HRP,GARCH,0.06441522060855043,0.1708578550205991,0.14133564298214055,1.208880162254535,0.37701058930409925,0.51971702380157,-0.5296727679076914,0.12161323842077601,-0.026539430723799908,-0.47316395939266787,14.869328106734542
HRP,Historical,0.07335318572912053,0.17311982000821127,0.15474717947946998,1.1187268200334388,0.42371338952201604,0.5901854978564482,-0.512517803066595,0.14312319550700414,-0.026792274020891925,-0.3164177456843602,13.763797311451555
MVP,GARCH,0.04588728071780657,0.14969826042667084,0.11035343331434559,1.3565346897748993,0.306531823329265,0.41718904925366274,-0.5127174429254493,0.08949818530843064,-0.02307284397773341,-0.7149914014385076,18.12652686512255
MVP,Historical,0.060411887955748034,0.1419414804071843,0.12535684646142684,1.1322993870212001,0.4256112292364841,0.5942855213525395,-0.3771327002545437,0.16018735027477954,-0.021366273687788716,-0.22498128174360676,17.335153992433824
Naive,N/A,0.07842506574501096,0.19868126396338281,0.17997411078581946,1.1039435788618845,0.39472803917466914,0.5510429145227919,-0.5723881257469513,0.13701378875158937,-0.030722592312653226,-0.2935408560340875,11.58867435102947
