Model,Covariance Type,Ann. Return,Ann. Std,Ann. Std (fcst),Real / Fcst Std,Ann. Sharpe,Ann. Sortino,Max Drawdown,Calmar Ratio,CVaR (95%),Skewness,Excess Kurtosis
ERC,GARCH,0.15709515308749666,0.1662489616250954,0.15964737913759988,1.0413510232561076,0.9449391536156401,1.414233207288768,-0.1879301259493349,0.8359232044033685,-0.02368313630564948,0.5608292168680996,11.471796801326537
ERC,Historical,0.1609426757740431,0.1678852751506603,0.1719682345449759,0.9762574791494544,0.9586467641644754,1.4362191333194136,-0.19671654566483499,0.8181450890676817,-0.023891800033532175,0.5276614208542647,10.72215607325763
MVP,GARCH,0.10744338459247871,0.1437384693427038,0.11637624244580193,1.235118666162854,0.7474921994355617,1.1137615904759088,-0.14184606134140965,0.7574647020608697,-0.02030808634898352,0.5606823077962462,12.022463089015261
MVP,Historical,0.0935912654144142,0.13454791976364627,0.13373178820901635,1.0061027491336192,0.6955980113168705,1.0260364919073606,-0.1418308005858986,0.659879694874397,-0.018906640854670732,0.45144040607098035,10.668305918444904
Naive,N/A,0.17310921865390472,0.1830977018780947,0.18961263998423844,0.9656408027086945,0.9454472496282872,1.415381730466101,-0.20843017421927157,0.8305381852811354,-0.025830131617992375,0.4851400178753208,9.365818913844766
