Date,Historical,GARCH,DCC
2005-10-20,-155.49357764371047,-158.3533295987704,-157.81582278411605
2005-10-21,-163.83490101269422,-165.03610786449445,-172.96368072093404
2005-10-24,-158.8757589772061,-155.58792516781503,-167.27421489016092
2005-10-25,-133.90924278665483,-135.74197509006677,-161.81386190984242
2005-10-26,-146.45585640633215,-137.4876604289944,-158.78398926113076
2005-10-27,-153.59634952920106,-158.53416732406217,-163.14177961199408
2005-10-28,-161.7539557490129,-162.47025550774944,-173.31338884587643
2005-10-31,-167.84992385753353,-171.58887573937363,-173.78299371945764
2005-11-01,-154.86297549655035,-154.6666142058155,-164.34209665895605
2005-11-02,-123.86678330217788,-138.62417996109082,-152.3960003660691
2005-11-03,-149.63237428537644,-144.63406332128707,-160.00483574407562
2005-11-04,-165.05283051482257,-166.25380485652056,-167.7626335844732
2005-11-07,-136.15256439243177,-135.2769009816416,-156.8566141328191
2005-11-08,-141.99712243300954,-162.0188854679007,-165.8368902769895
2005-11-09,-138.5694389493281,-156.01917711552977,-164.53862794153062
2005-11-10,-153.8396560459588,-164.62475069227239,-170.6474842390939
2005-11-11,-163.99582203441307,-163.82982743908718,-171.58878108553958
2005-11-14,-147.2136721414812,-153.16394813792678,-155.83661913977068
2005-11-15,-153.48697808780514,-164.91107019482627,-165.13824347795122
2005-11-16,-163.1287028078427,-165.80848743854958,-174.04949346840675
2005-11-17,-157.91767051279916,-161.08538589343996,-172.96003806056942
2005-11-18,-155.0512422855252,-154.77280895443835,-158.95443985999407
2005-11-21,-159.6966229740823,-166.03220275616735,-169.04069958924282
2005-11-22,-141.82522719045323,-150.0194049022428,-168.8267306710336
2005-11-23,-153.45420619968812,-161.46455227082194,-161.8499786506202
2005-11-24,-166.23157845084495,-165.12071730521876,-169.7318671630793
2005-11-25,-166.45328192142154,-169.95436940556513,-172.40441492189024
2005-11-28,-146.70589947649336,-156.91724793141918,-163.22220470416414
2005-11-29,-144.7137727703529,-153.82175474607206,-157.96391492938136
2005-11-30,-161.91393485605226,-170.23345058072798,-171.08298998784113
2005-12-01,-161.94914984033525,-170.83054920791648,-165.87168094345398
2005-12-02,-140.46972944954558,-151.51255152351115,-163.57222615046808
2005-12-05,-153.52680211437647,-150.32744462346318,-165.46240759466508
2005-12-06,-160.9960642832517,-152.08716890970132,-164.24826816207795
2005-12-07,-134.11045577023586,-147.346455936229,-164.418521276065
2005-12-08,-159.30180077529863,-166.50878176486844,-171.46107689962412
2005-12-09,-169.3294970521373,-173.03366716169134,-171.05917685900823
2005-12-12,-163.45408908915644,-168.96225384067668,-167.89133237938614
2005-12-13,-166.97407710029125,-168.1101649615853,-171.5485117992855
2005-12-14,-154.00909595067316,-156.09647508148223,-161.96750605556838
2005-12-15,-164.9167015796898,-164.6979989054861,-165.77449574267536
2005-12-16,-149.89631410389646,-154.02247912804134,-160.31577840400462
2005-12-19,-154.6955013848602,-154.1236717441509,-163.97790268632846
2005-12-20,-156.71590275995717,-152.92230374586103,-159.57864320868998
2005-12-21,-159.87501851867023,-162.10776105209447,-171.4065971191964
2005-12-22,-160.54027423335913,-168.35559794932496,-168.3590761657025
2005-12-23,-161.9777158442424,-164.04650162259213,-169.90340516739536
2005-12-26,-150.74437361869323,-150.5598465879582,-167.23160736225864
2005-12-27,-162.76905111296884,-166.53743776342958,-161.69283342739425
2005-12-28,-152.77135823425746,-164.811827618085,-160.97903318106475
2005-12-29,-168.09166578360635,-169.69909960113452,-171.72667906856014
2005-12-30,-137.79095851709621,-143.32030113757867,-150.67137800277123
2006-01-02,-143.95852526154505,-139.80712326286277,-159.1233947788618
2006-01-03,-165.87085932986227,-169.20833555780322,-170.05910376818744
2006-01-04,-160.74140679767146,-162.47018512649004,-165.58797847716147
2006-01-05,-163.35362245307059,-167.69175908708286,-171.07844542713065
2006-01-06,-130.13698700752275,-142.61375964538817,-147.84887542495858
2006-01-09,-168.51883786497922,-169.2967858991502,-170.4320733716507
2006-01-10,-166.65867334359356,-172.69476572290776,-174.95279497839937
2006-01-11,-163.7293684122138,-171.75274375957034,-170.19590627533097
2006-01-12,-157.36137670486735,-158.50357809590102,-156.60354812642964
2006-01-13,-165.377886398596,-168.17883412245249,-172.2037467868401
2006-01-16,-153.39441591793423,-157.30173084539462,-158.08949862644124
2006-01-17,-161.02619720991837,-169.16521566938823,-173.1252604799107
2006-01-18,-159.72234110751432,-160.16771819800138,-157.88676874802954
2006-01-19,-147.97135799506,-143.71816976451362,-159.3342257296773
2006-01-20,-168.51426968000916,-173.42336945920061,-174.32212318958815
2006-01-23,-158.93794605776853,-165.94611977518827,-172.76208669490097
2006-01-24,-152.2863805122895,-153.62206863092973,-158.57273775814022
2006-01-25,-164.1530289226645,-165.52627985271113,-167.09869424634502
2006-01-26,-152.5245495967404,-148.956223428922,-147.85589267187038
2006-01-27,-150.6122172369555,-145.52498564487382,-156.6300207805536
2006-01-30,-138.20181292492143,-136.6712615613739,-162.5405600596635
2006-01-31,-134.30301476764927,-141.55966645436968,-155.95963460454126
2006-02-01,-165.4421904472287,-168.10656317684854,-167.77485467611564
2006-02-02,-145.95051925378814,-156.2548030544889,-169.96116055016688
2006-02-03,-157.67248059730213,-159.2624294932866,-159.6285676675948
2006-02-06,-150.90183063677262,-158.84712354543316,-160.55385138295804
2006-02-07,-144.59346185381338,-145.70828632981346,-148.21827952122467
2006-02-08,-159.5319597696129,-159.47847411794115,-163.87539218831566
2006-02-09,-163.36259157603655,-165.90004363635248,-164.74317206079513
2006-02-10,-149.28349022290226,-148.49837665890303,-162.30320182033998
2006-02-13,-151.7256056313567,-157.60191662239535,-160.0793666633525
2006-02-14,-162.46906378792607,-165.7976967121282,-164.945552003297
2006-02-15,-163.92610307856992,-166.69927323385673,-164.63200128669456
2006-02-16,-155.80905185143723,-156.85959495811215,-161.997204310034
2006-02-17,-165.47106870555234,-168.28478752892815,-166.96922126615067
2006-02-20,-170.32316141209728,-172.21516298263404,-170.00625288344403
2006-02-21,-164.5443791564937,-168.44444440619438,-170.03014519256476
2006-02-22,-162.63866979363834,-168.8074736975305,-169.16592025439382
2006-02-23,-161.75068564922105,-160.85265045858625,-165.01648680632064
2006-02-24,-153.78427600534033,-147.6703604059569,-162.51375667637188
2006-02-27,-157.893352107406,-160.16273244372871,-168.36134481168187
2006-02-28,-142.0944012482168,-136.33528533480973,-158.19896422459618
2006-03-01,-166.25172321611848,-169.98250374959895,-174.70469647866958
2006-03-02,-165.43679055692027,-166.22544436219766,-165.31967085484567
2006-03-03,-141.35071759171603,-143.72469798012966,-159.58261447409544
2006-03-06,-159.5037762532377,-160.09334235958087,-164.38585431046468
2006-03-07,-141.2434741237433,-140.99670758580086,-162.02893292742039
2006-03-08,-158.00213904073303,-162.671167366867,-165.3903891813636
2006-03-09,-154.47464597613987,-150.8121522003359,-161.64701764451007
2006-03-10,-146.60410220782578,-146.21872378063537,-162.68673330674315
2006-03-13,-157.33590795105053,-156.513765744051,-165.6292517333879
2006-03-14,-157.2442428209661,-157.26079458881966,-158.27259590922026
2006-03-15,-156.46101911888164,-160.14861536378058,-164.67411230762943
2006-03-16,-149.9918363776179,-147.79847757969742,-149.96855477780235
2006-03-17,-151.85608340212767,-145.32541475568968,-161.32435258297798
2006-03-20,-170.3701947887305,-173.68653521155034,-173.60177266783376
2006-03-21,-160.7759000772348,-156.64874809444362,-163.17817100674367
2006-03-22,-161.04478677879945,-164.35918207617632,-170.38393447164046
2006-03-23,-165.99736487180107,-169.73251952369935,-171.8273463091456
2006-03-24,-143.205500560796,-147.91369292899975,-147.62168514989054
2006-03-27,-163.01791497509527,-162.1119404147834,-167.40660787656478
2006-03-28,-150.31802658966382,-157.39810233941444,-169.06775897859208
2006-03-29,-168.12354363726104,-169.83825380757307,-173.84179056453908
2006-03-30,-134.61392351681982,-148.43719661070722,-162.14678664559713
2006-03-31,-141.44689470971264,-151.58617660965953,-151.50694250587503
2006-04-03,-141.0737849406484,-153.55944147663155,-163.78704414630178
2006-04-04,-150.81331051358825,-155.0137741482427,-157.97797357109334
2006-04-05,-157.04785549394578,-168.04177225561935,-172.55825386745755
2006-04-06,-144.51134564966932,-160.52578162494402,-154.0477266052211
2006-04-07,-160.46670545169292,-167.6915865126422,-168.23639557043782
2006-04-10,-157.49342562462763,-156.29077945799796,-161.05055584813226
2006-04-11,-122.31259943323818,-135.54719874395983,-151.90145485489532
2006-04-12,-153.99508756019577,-165.08152013685375,-164.7010130580801
2006-04-13,-160.39051570607384,-160.05627244261,-162.94592525951617
2006-04-14,-153.2782469929895,-154.35526535523897,-162.0137065220748
2006-04-17,-142.39308729906642,-145.14963554593592,-149.32734421915217
2006-04-18,-161.75362257371745,-159.17663309516294,-161.25984482164824
2006-04-19,-151.01190447453055,-150.72333230451005,-164.0983168620001
2006-04-20,-160.59387740428312,-154.84646552359737,-153.73243101224756
2006-04-21,-149.82122515777965,-153.07201138786112,-164.7175802318302
2006-04-24,-159.46075729647484,-160.37184716780496,-165.50535028684962
2006-04-25,-163.69431732308234,-166.90423762235963,-165.13676297994067
2006-04-26,-152.40455438384103,-154.44849546589924,-156.1656616037957
2006-04-27,-160.43008101789218,-161.02502708618124,-164.46562054896572
2006-04-28,-154.70140973308935,-164.3939260502811,-159.97392720389644
2006-05-01,-161.62144631643218,-159.84975286880234,-164.29440672034949
2006-05-02,-161.865317869616,-162.69134074401447,-166.9042105757972
2006-05-03,-156.5202708456298,-156.13861146473343,-165.22351178692708
2006-05-04,-162.86159976587956,-166.61115939344532,-170.7676916585972
2006-05-05,-163.08923315195426,-167.0955914584083,-171.795356684611
2006-05-08,-160.82962704419106,-153.97531893488113,-161.61222604537073
2006-05-09,-165.90565463905705,-170.2086318986173,-177.55972878811474
2006-05-10,-159.52552301762688,-161.2445100236165,-164.6611924531738
2006-05-11,-162.6299528752606,-167.813946119353,-165.93342159128477
2006-05-12,-141.6335735822426,-144.1700362688793,-160.01363126576797
2006-05-15,-165.74634835799435,-170.73227701798413,-172.53668072345624
2006-05-16,-136.7982793477485,-142.3190227392016,-147.227465940739
2006-05-17,-149.7433715089136,-153.12873208786385,-158.95768520474618
2006-05-18,-164.47122994353475,-167.27337905198746,-171.34649933647196
2006-05-19,-133.63737449257889,-150.23434001960962,-159.95405690238684
2006-05-22,-147.6739811062146,-156.17570717888506,-161.32720247223114
2006-05-23,-159.9914768691966,-160.7545833790672,-168.30728675493327
2006-05-24,-151.79164516188712,-156.86150611480534,-156.96707664447115
2006-05-25,-159.22913757229318,-161.21434751626302,-164.92128279989558
2006-05-26,-157.08442244502544,-158.55130249811458,-164.25095222040943
2006-05-29,-126.30976420686997,-148.25858473213586,-161.86857049967836
2006-05-30,-137.81924470718695,-148.03362572966623,-146.71754734625276
2006-05-31,-125.86332084952073,-153.96019693288753,-154.79384369701498
2006-06-01,-155.69595569417336,-158.97454335698336,-162.5391866968434
2006-06-02,-133.9488369650801,-151.9823066740315,-150.7266837841389
2006-06-05,-124.07317483376127,-146.6661768598653,-153.95340408162403
2006-06-06,-168.49347378210572,-166.2344104994115,-169.3196687196141
2006-06-07,-153.37924133724195,-148.26160675869062,-155.39651145448133
2006-06-08,-155.9604297421341,-157.8282992591911,-161.70195156296057
2006-06-09,-151.1613166408428,-155.8059794881902,-164.8585024005708
2006-06-12,-127.55825520007151,-151.6787554161739,-154.1813819657449
2006-06-13,-118.41793282707376,-147.94332516411626,-153.00650693798917
2006-06-14,-163.86112690801227,-161.11308084182357,-161.7255151256829
2006-06-15,-163.70995576293302,-162.91897356310594,-166.98083527622185
2006-06-16,-164.54118075835552,-163.73324534634898,-168.63264090619037
2006-06-19,-133.73682297868396,-130.9502978419545,-149.80945264923585
2006-06-20,-146.9678946698637,-155.31382615285165,-155.09669182055
2006-06-21,-147.95103271648506,-151.95808901864783,-158.6283849761311
2006-06-22,-155.4706787321259,-158.47880465455407,-158.28553621467495
2006-06-23,-163.37144063575258,-164.55148097802558,-166.244388016664
2006-06-26,-156.14273515704602,-159.5476217991481,-166.20643012995123
2006-06-27,-140.01261168702183,-143.33478533948346,-152.22989858330405
2006-06-28,-159.44946356960224,-160.67895711887536,-162.50099631022425
2006-06-29,-169.81747579045458,-169.64441444428135,-172.59184506081743
2006-06-30,-170.36616040427703,-169.97205936671975,-172.95014451210332
2006-07-03,-162.73272461708882,-164.97805525408774,-167.17172960500642
2006-07-04,-164.6181425832155,-162.65045764168923,-162.70743604220752
2006-07-05,-140.21456125974237,-153.68370533319387,-165.82561162460755
2006-07-06,-150.79534031501757,-151.8935710830347,-160.90488629404584
2006-07-07,-155.88028696936132,-157.5132826257869,-164.18924320283116
2006-07-10,-154.15210052417282,-154.7361633353921,-154.10372836582778
2006-07-11,-165.87700245814423,-166.52448128972273,-171.75068804568923
2006-07-12,-160.0330326970888,-162.340099546907,-164.0962380693136
2006-07-13,-158.5916052488779,-159.96243695124244,-165.8303508639131
2006-07-14,-162.8527368569753,-169.3860674526658,-172.1174338970895
2006-07-17,-169.38928030931336,-169.6525115029996,-171.44286668937244
2006-07-18,-161.11851967643184,-167.67136675855974,-165.67510793171985
2006-07-19,-150.53474505771663,-152.54748536371974,-148.7606304928935
2006-07-20,-163.357816608052,-166.2444787712669,-167.72133827749707
2006-07-21,-164.38565754774316,-169.7378632656293,-171.886411630172
2006-07-24,-160.10349302536136,-161.01953845265882,-165.51579948163143
2006-07-25,-167.89670631645774,-170.23448435824395,-174.63959987981787
2006-07-26,-163.65052694022336,-169.12169666789706,-171.10515725722814
2006-07-27,-162.04685358031838,-162.38310356347856,-163.82431247428414
2006-07-28,-147.35468356021187,-142.38563779952207,-152.65333713295814
2006-07-31,-168.06487144303233,-171.5534728161735,-170.53902750933497
2006-08-01,-161.31136014922845,-162.95576290177667,-168.71002315159177
2006-08-02,-157.22929550490625,-164.75351496420944,-162.81052466811363
2006-08-03,-154.39988056679053,-158.97233497885017,-158.36925558742632
2006-08-04,-160.14890463334115,-162.0192288332318,-166.47614156359785
2006-08-07,-161.11306644945697,-158.57468597026613,-161.44171092838906
2006-08-08,-163.6526908378728,-163.62416507170857,-166.6526658135658
2006-08-09,-165.83978798765804,-164.58631734658547,-168.9602714657783
2006-08-10,-168.56779217135494,-172.47876105512148,-172.85734684428914
2006-08-11,-157.19722419268615,-161.2781027487091,-167.97972542106547
2006-08-14,-160.66146900755842,-158.1020586258318,-161.43154251644052
2006-08-15,-152.81599041672146,-150.93177462702874,-163.10829679853862
2006-08-16,-159.00629357654367,-158.4500568963385,-160.8908379459191
2006-08-17,-163.3918215269692,-165.3810498897501,-169.5298609712645
2006-08-18,-145.30917832778638,-146.28374541594323,-161.71977610625243
2006-08-21,-149.03139443728335,-155.89685089122705,-156.8389251698232
2006-08-22,-152.53771691997144,-148.85086705585672,-160.3895273247143
2006-08-23,-160.24883780113885,-159.59886815848375,-162.23785314906817
2006-08-24,-145.74441663463432,-141.9181777873872,-145.37374919579423
2006-08-25,-154.76184653119833,-151.74604904761276,-158.75653281878542
2006-08-28,-155.96665114120987,-157.18663155207182,-159.06519065238479
2006-08-29,-165.7443437951695,-166.90908251622986,-173.6562239904078
2006-08-30,-161.54739784161555,-161.67347034860057,-171.41087206111823
2006-08-31,-158.61195658369303,-158.7389940586634,-164.98355665155412
2006-09-01,-168.51648991687173,-170.0429758866933,-175.55923566002284
2006-09-04,-161.44798712174952,-161.8299088203859,-165.99612990053913
2006-09-05,-157.43648884877865,-157.6582701379118,-156.06579578929134
2006-09-06,-159.78396477381645,-157.61021369972664,-166.1472141592485
2006-09-07,-160.03149959502014,-161.95636446712018,-165.60815528038574
2006-09-08,-146.24257999904114,-143.7867507281938,-155.35813111377817
2006-09-11,-162.28489981275268,-161.09765324994564,-168.2745084739503
2006-09-12,-157.51527492846253,-157.5195769539561,-165.96188205116772
2006-09-13,-161.5826984554726,-162.40745743371477,-166.1345899205107
2006-09-14,-163.68666217589777,-162.57699601974957,-162.78569478412538
2006-09-15,-162.11815018495716,-162.8773160964576,-170.00486339842206
2006-09-18,-167.98009822975303,-170.21824907105741,-174.56590117035424
2006-09-19,-159.04361947454308,-158.69600128353284,-163.19537157445956
2006-09-20,-166.1894944531803,-165.52990021199,-167.83546957549612
2006-09-21,-157.85543999887852,-156.1518062194141,-154.51164024113004
2006-09-22,-157.2475358782472,-156.7918325705335,-160.54480945339574
2006-09-25,-149.57851998863035,-153.85016263368644,-165.89342064769485
2006-09-26,-163.11586373240334,-164.3105848551429,-166.7151291920999
2006-09-27,-155.31195337898026,-161.57949434756364,-158.691860877551
2006-09-28,-161.56196826384416,-163.04404088265832,-165.88824211933326
2006-09-29,-163.58388516451382,-162.50349136646918,-164.52998292875094
2006-10-02,-153.77336502068556,-152.3532993280269,-161.79790052293333
2006-10-03,-158.85300161701772,-157.84163279445033,-166.76864118094733
2006-10-04,-153.0560215532536,-150.0387125857167,-163.415479899348
2006-10-05,-157.7762556673715,-162.9613408714723,-168.07393594981417
2006-10-06,-166.56654662631567,-168.26171172231858,-170.68767005899423
2006-10-09,-153.2826658599836,-152.5107257821175,-160.92976725620792
2006-10-10,-167.6962295789162,-170.93642452785664,-172.36921215483036
2006-10-11,-162.1033223828619,-162.0809539249408,-168.39463696433253
2006-10-12,-165.36143104586085,-166.92143636388016,-169.93523338945872
2006-10-13,-158.086320297109,-157.94459482272654,-168.9252545734409
2006-10-16,-151.48649485906031,-154.59078640129317,-163.861173944859
2006-10-17,-159.18451059890907,-165.51278458573404,-162.45173837752446
2006-10-18,-151.36247005512365,-152.12882267992657,-164.5889437543295
2006-10-19,-168.3483664277181,-170.4358725526997,-175.8926912377692
2006-10-20,-153.97269188860136,-157.86276660743897,-161.16760999844215
2006-10-23,-144.00680418723178,-143.40700753693542,-151.87239296736126
2006-10-24,-159.87903654080245,-159.1237338123832,-158.81035626681734
2006-10-25,-161.08933223735517,-163.4877280615652,-170.41118476718128
2006-10-26,-155.13220775314193,-157.46684566666278,-165.8320144746576
2006-10-27,-159.8821914384131,-159.93204772440848,-166.57174856782072
2006-10-30,-164.40231356721543,-168.86889348047788,-172.8578777758838
2006-10-31,-164.01214979258543,-167.43864768496888,-171.06525629935865
2006-11-01,-161.744355493586,-163.90796715073964,-168.6278518111443
2006-11-02,-163.7038311587611,-164.2586121947656,-162.54189993897418
2006-11-03,-159.76061850883386,-161.2397815471948,-165.67014751851968
2006-11-06,-143.393254592512,-136.4859931696964,-142.7737737221889
2006-11-07,-167.85538036727058,-167.48585936269166,-165.68108470011197
2006-11-08,-159.40965262767935,-160.2942334528628,-161.0379483405252
2006-11-09,-164.64218700575108,-164.6943874401882,-165.4753822980001
2006-11-10,-149.32406108710208,-150.8894195606001,-165.53822196900435
2006-11-13,-128.380272401917,-115.11906525365873,-134.08728052967814
2006-11-14,-150.31385454184732,-148.67170735901695,-159.18715837892182
2006-11-15,-165.32751676409572,-166.67147319786486,-166.902556823211
2006-11-16,-159.1175359154051,-158.6236305405785,-164.5223252291248
2006-11-17,-154.40489776848034,-161.305003519354,-157.7593719893413
2006-11-20,-154.37664189887468,-153.11317901424988,-163.05973368246998
2006-11-21,-152.4862373369759,-152.84981737772168,-167.12308440139927
2006-11-22,-145.87603049674357,-146.86583361716583,-153.35589887329843
2006-11-23,-162.0693913122209,-163.18802634773795,-168.72377361692708
2006-11-24,-150.97895052410897,-147.34456906179796,-158.64217585676724
2006-11-27,-129.4283453706449,-131.42152236427196,-149.6978756840939
2006-11-28,-138.39454260597444,-149.9611840217153,-157.51953215093968
2006-11-29,-153.0945932088563,-156.31225632877894,-167.02171806694764
2006-11-30,-156.17349180362277,-155.9126202783657,-157.8389123992225
2006-12-01,-157.83978366230346,-159.47523306631982,-160.930445354298
2006-12-04,-163.2823239487222,-163.68480692322353,-168.08482445156406
2006-12-05,-163.69960202713975,-167.10623035125903,-165.85444206059114
2006-12-06,-125.96544414776174,-129.24586040906715,-140.1313067446186
2006-12-07,-154.5813260632039,-152.81698012819692,-163.143852210736
2006-12-08,-162.7785342409007,-163.4514600276263,-167.36769291454075
2006-12-11,-137.03921444631925,-149.08953978307719,-156.33888813183003
2006-12-12,-138.64035339346333,-143.9251465757508,-158.7956617162304
2006-12-13,-137.52023143400754,-145.95095350493096,-159.7432837351729
2006-12-14,-148.19653114875092,-152.9781396891213,-153.89294524562771
2006-12-15,-155.42582039163548,-154.71256763404926,-158.93026629010933
2006-12-18,-141.17409752652492,-150.21168035078222,-155.39127950368157
2006-12-19,-149.83876305451065,-151.54549676163754,-160.15463899866486
2006-12-20,-140.42667384554738,-148.18728267611598,-153.67706102702414
2006-12-21,-164.05376118422174,-163.94273014699172,-169.5079442229192
2006-12-22,-155.53565409448478,-157.2665117687216,-165.24303443021574
2006-12-25,-163.73658579907652,-158.86130512281213,-166.67158944149895
2006-12-26,-148.3404079898179,-154.3850121093761,-158.39575099071547
2006-12-27,-161.0734259180827,-159.16082087276484,-158.7431034524207
2006-12-28,-147.99118900155418,-155.33185836440043,-158.45639589305213
2006-12-29,-160.1454923817942,-159.56931094098545,-157.4148871641719
2007-01-01,-164.40651254852378,-163.42013234729677,-170.04937249760508
2007-01-02,-151.6369852261707,-152.72649835645214,-155.00026895572958
2007-01-03,-162.87537552276584,-161.59435090660247,-165.541131963991
2007-01-04,-157.07634447126782,-158.87851672653537,-163.08273482960155
2007-01-05,-152.03959098353772,-157.29341817533788,-169.80340070394362
2007-01-08,-154.95975063150235,-157.500538312405,-164.71752442444918
2007-01-09,-163.2145559926702,-164.69220517865867,-171.0594281603018
2007-01-10,-160.3750964293343,-162.71033452927273,-159.62099104366527
2007-01-11,-155.43586036547393,-153.72096295163803,-152.06242086399703
2007-01-12,-139.15218292548929,-145.6151355431545,-159.89210419319267
2007-01-15,-156.62986185628702,-161.32299708411068,-162.54210940328826
2007-01-16,-159.79292845419678,-161.49974096919968,-164.5898482504408
2007-01-17,-127.84065129562637,-140.17548210475357,-153.7288749975253
2007-01-18,-152.4013503618312,-152.65850617294862,-160.45921071052373
2007-01-19,-157.21979320935483,-159.32656088885625,-159.37483048558457
2007-01-22,-166.80809345277,-169.5527280047232,-171.98214147646783
2007-01-23,-143.29347007898343,-144.92659791947344,-159.1270268308752
2007-01-24,-167.21183538447787,-166.7658817295522,-170.23296295197068
2007-01-25,-149.8801123480312,-159.11136423780505,-155.46962086847924
2007-01-26,-146.9807642137114,-150.97151238175715,-150.9992451582847
2007-01-29,-167.83704972165648,-169.3689691645296,-173.04718956038826
2007-01-30,-154.01965823499344,-156.9525429021895,-168.1380595745728
2007-01-31,-150.94920414737297,-155.3722481422381,-161.22622525865745
2007-02-01,-153.29097796013298,-157.35352433539464,-155.67492670706716
2007-02-02,-154.79928146907932,-153.96869349178945,-161.20696200788305
2007-02-05,-158.26728860038304,-160.03493852946457,-162.3881834675143
2007-02-06,-156.88231221532084,-162.69926887464342,-163.91169628125076
2007-02-07,-162.98660867786768,-168.1602880996611,-170.577176021941
2007-02-08,-151.74151370857126,-147.0744981744587,-158.040381376019
2007-02-09,-138.49726352565236,-151.01807319967742,-154.59874605209285
2007-02-12,-142.96661955987307,-149.3294485648148,-159.6656144408402
2007-02-13,-147.87136060390364,-143.89991898160105,-157.07004436553623
2007-02-14,-147.97760980357182,-151.76418042185907,-161.83934090182888
2007-02-15,-149.5864978786265,-150.32078199661754,-159.7761545819945
2007-02-16,-154.13403970189836,-156.9223273604339,-162.99952990069926
2007-02-19,-144.26345228700055,-147.676002748313,-144.4435224698995
2007-02-20,-162.8457456003868,-164.27827177221883,-165.08395375834374
2007-02-21,-151.295129346536,-153.07698784177123,-164.39948067151354
2007-02-22,-155.4647520893214,-157.48223381384014,-157.68069944494388
2007-02-23,-150.19338032314585,-158.25203337434766,-163.679556104308
2007-02-26,-165.29889856377355,-167.78185754766977,-172.5846708467646
2007-02-27,-163.15351393546996,-157.04117951780188,-166.297329731517
2007-02-28,-147.34689279414022,-154.23813114591854,-159.09821785986665
2007-03-01,-146.87877509979486,-155.1808354912282,-155.3476683239695
2007-03-02,-157.0882275959791,-163.40363385819714,-160.57647748771475
2007-03-05,-142.9102852138347,-143.41650494191745,-155.56811624137168
2007-03-06,-164.26805497342605,-165.24227058715482,-171.04504030364217
2007-03-07,-145.7799280368127,-140.80135618028083,-150.48930450142504
2007-03-08,-137.88994604803824,-138.1545522125447,-152.2606775444901
2007-03-09,-163.46795740158814,-164.10207713140386,-169.74884785871032
2007-03-12,-163.58865141320126,-166.18716644331298,-172.63138762257387
2007-03-13,-157.550652545854,-159.6275700730747,-162.3980504331794
2007-03-14,-157.7338587162517,-162.23779227010908,-172.11440483251806
2007-03-15,-155.46044966134025,-157.640763728302,-160.47230340233065
2007-03-16,-164.78208820345935,-162.73415390328555,-161.60855397487583
2007-03-19,-168.62469283746023,-170.01830802929388,-170.70892918586952
2007-03-20,-153.42504939834015,-154.1660983736429,-157.6682324209435
2007-03-21,-157.11552886775885,-160.60704734567548,-166.18994474575325
2007-03-22,-147.84395514537755,-154.20442198719437,-164.2023281091361
2007-03-23,-154.75770277899872,-159.41102396555254,-158.5816932452957
2007-03-26,-161.19895932676823,-162.62160591139352,-163.3003473636367
2007-03-27,-153.59596019944624,-154.85769154828472,-165.20542734612786
2007-03-28,-158.75008368947132,-159.59964151885825,-166.10263851080893
2007-03-29,-157.48108800488006,-161.08629092706144,-163.8724085164378
2007-03-30,-159.08358497957605,-155.50005183019536,-165.37304776307002
2007-04-02,-161.1161849954081,-163.83427411954713,-167.16160030179125
2007-04-03,-154.41269279704557,-152.88643827173001,-156.0114961410519
2007-04-04,-158.38134329693025,-161.51120723443236,-168.5820780972019
2007-04-05,-155.1608055657364,-154.4186505878803,-157.6762561098965
2007-04-06,-159.680698419987,-157.0966661181418,-167.58837865672845
2007-04-09,-159.20305150851252,-159.46021788809907,-163.46348655943228
2007-04-10,-162.1533136503069,-165.9553911302099,-170.39270547537535
2007-04-11,-155.4613444406366,-151.30817482536,-149.10795514802348
2007-04-12,-166.18774723277107,-170.33510649963247,-170.54669974113662
2007-04-13,-164.9778416300584,-162.2308736923398,-165.78115215456745
2007-04-16,-170.43585614486585,-173.64681963997424,-176.17725657315
2007-04-17,-163.47883717661924,-167.6435542849504,-170.96354470775
2007-04-18,-150.78740513573064,-147.94644197819292,-167.74343693565842
2007-04-19,-165.80164757070224,-165.66737100895133,-164.26098638895036
2007-04-20,-158.38327845474151,-162.77235533094162,-169.64905019886518
2007-04-23,-147.7644414904027,-141.7280365372949,-158.70549499184892
2007-04-24,-163.24945665262086,-164.62199161879866,-167.62670077635804
2007-04-25,-162.09725949437853,-163.5172657152236,-165.36659886199047
2007-04-26,-158.43846951909256,-156.35125573933473,-158.41703247656963
2007-04-27,-158.2213064203174,-153.61323011048722,-161.61963747394367
2007-04-30,-167.89474493682278,-171.8788005224274,-172.7721685175052
2007-05-01,-156.67078822856752,-156.99176343477902,-160.34260558679355
2007-05-02,-160.8997115761348,-164.90230873267728,-168.243850077721
2007-05-03,-159.61119360770374,-159.0381070127354,-169.38551556672763
2007-05-04,-151.85712931866576,-155.66899012263116,-165.61363555581815
2007-05-07,-165.429531896658,-168.52717935084763,-169.6147083543903
2007-05-08,-162.71097899022735,-161.62714350423343,-164.94484047691864
2007-05-09,-150.61036316764446,-146.37199407551907,-153.94185860675202
2007-05-10,-161.91515393335882,-161.18406666699715,-169.78491059837864
2007-05-11,-171.098023937355,-173.91276799482455,-173.38351171852682
2007-05-14,-166.29264439552955,-169.14387704953322,-176.7925162114037
2007-05-15,-155.39101235172603,-152.10232146812834,-162.70794436423543
2007-05-16,-141.59362105370604,-137.51981708888275,-150.38920460386038
2007-05-17,-153.94740516995597,-150.486623743833,-168.0555832354483
2007-05-18,-160.0816966250857,-159.0794869421019,-159.43146827442928
2007-05-21,-147.4480448573367,-142.89694977260493,-164.3220420938406
2007-05-22,-154.34114013331813,-157.19179320426264,-166.69926667152112
2007-05-23,-149.69154249552543,-143.71324185609174,-152.85331769726645
2007-05-24,-148.38098236828532,-141.0480577003464,-154.20678341773132
2007-05-25,-150.24226957462184,-150.72349803533962,-156.20914960877718
2007-05-28,-148.27122662907811,-149.45153780606137,-163.56725331709907
2007-05-29,-159.96203402811634,-162.13237076341855,-167.7865118978139
2007-05-30,-164.7346284451726,-165.62034895509993,-162.98406420379948
2007-05-31,-150.5655180966362,-149.28463496528892,-157.55675376648585
2007-06-01,-164.85944648198594,-167.84946000307764,-169.84454866666428
2007-06-04,-158.93405456892305,-161.11267768080825,-163.7079332346032
2007-06-05,-155.61778482333102,-156.5820074713929,-163.43398335801692
2007-06-06,-151.30434765960945,-149.2401559358358,-147.67283591594662
2007-06-07,-152.56476901296597,-152.95480756888986,-162.2536288777572
2007-06-08,-149.6382262502722,-154.67793622272157,-160.24719956825018
2007-06-11,-162.37057463856948,-162.2337999391673,-171.59348029060683
2007-06-12,-162.4359463090535,-167.1259655699039,-165.80457508608512
2007-06-13,-162.95496751784148,-163.09613084431783,-170.22272980900902
2007-06-14,-133.07603915787254,-143.6136846431068,-153.88697153511504
2007-06-15,-151.52004414743234,-151.1958203188403,-161.4225584917726
2007-06-18,-144.55686458969947,-155.49158248582538,-160.22841862715967
2007-06-19,-152.28941857713374,-149.91858657261812,-161.33763475808001
2007-06-20,-151.3779544704992,-155.69721763352493,-157.25105966338455
2007-06-21,-160.0493447595227,-161.78509939698614,-167.04369187885789
2007-06-22,-162.04040137214594,-160.75319604103336,-164.82782335287354
2007-06-25,-156.60845326298062,-153.2000036643198,-153.10859103431025
2007-06-26,-154.56901183471237,-154.3676713393028,-163.6379239550643
2007-06-27,-155.70620166765733,-152.41931000604265,-158.02577593661573
2007-06-28,-140.5740846312421,-144.63170454286671,-156.4755217248998
2007-06-29,-161.1560332352094,-161.29973669406107,-155.4353335172449
2007-07-02,-157.52952197483384,-155.5796916755611,-154.232313978429
2007-07-03,-157.03839532527297,-158.7096787197296,-157.41175256794543
2007-07-04,-156.95726669995992,-155.59330396478944,-158.53463588353281
2007-07-05,-166.4272626420523,-166.20433840252096,-167.7584335936019
2007-07-06,-143.9766035154488,-149.30811462623254,-155.23426635193502
2007-07-09,-164.10941023645123,-165.2119195209597,-167.4054607987852
2007-07-10,-162.84595392375965,-164.21600422471843,-166.7917297881523
2007-07-11,-156.80472286950325,-158.85656531420088,-156.19968252592048
2007-07-12,-143.7036069015767,-154.63629233486725,-163.7952311446686
2007-07-13,-143.06054481214724,-146.04458142949034,-152.78899924759224
2007-07-16,-161.1310886016268,-161.66102259557823,-166.6161022091744
2007-07-17,-155.3753304531337,-155.68898611887545,-164.13425854989336
2007-07-18,-161.9381884044727,-165.02688179549284,-167.98563073644857
2007-07-19,-151.31874010194548,-154.0998653580956,-159.67402095225182
2007-07-20,-147.32952632748217,-148.37754664969935,-149.4414289589213
2007-07-23,-164.42498826573512,-165.35169507242017,-170.47984096924063
2007-07-24,-140.34832068504758,-132.93703857608972,-141.48622359233696
2007-07-25,-156.50672277676256,-158.49238414829992,-165.95848261952162
2007-07-26,-160.76682111738808,-158.10095766439628,-159.45686177590136
2007-07-27,-165.263835289197,-166.36684890164466,-163.96240437371358
2007-07-30,-145.6382451393845,-145.88484836949658,-150.3207243136537
2007-07-31,-154.49827276718926,-157.2124638552,-162.08018767011424
2007-08-01,-155.00457122527126,-156.92735173939695,-156.548606103968
2007-08-02,-144.76851870646635,-145.6924630076146,-158.80388876113204
2007-08-03,-154.53594579847183,-159.0448528041404,-161.1452600354592
2007-08-06,-141.68942509758756,-145.06253327048296,-152.63203730092488
2007-08-07,-154.20402524580842,-152.24243860104633,-160.10581700334248
2007-08-08,-142.91068760654753,-151.18995175371845,-158.8639312091782
2007-08-09,-162.03048690566635,-164.3193133102841,-169.6522482101225
2007-08-10,-153.52895676388295,-152.45637634158302,-159.10714801568307
2007-08-13,-146.93680181496106,-149.64677826680932,-163.80600192833936
2007-08-14,-156.27989900730802,-157.52022666834307,-161.2615631223559
2007-08-15,-144.75781526633614,-153.54518351406682,-165.48128601819909
2007-08-16,-164.16191392134021,-165.51187500958108,-168.26492279244718
2007-08-17,-147.1862714824059,-152.58814938653006,-165.0771194060186
2007-08-20,-146.41423105476233,-146.45131280087605,-159.6210205845917
2007-08-21,-133.12591967499873,-143.47240801153103,-156.1813705559449
2007-08-22,-166.30147757925215,-162.75158076652716,-164.69070126154833
2007-08-23,-149.0780382794914,-158.16340767817564,-163.83730947384595
2007-08-24,-141.38948522041073,-150.98726230310143,-153.85581832244188
2007-08-27,-152.19113874852968,-158.8778642883919,-166.030848593308
2007-08-28,-160.6494819658649,-159.0581855552983,-163.93754237057442
2007-08-29,-129.70582295809416,-148.47355321363173,-152.4479275458236
2007-08-30,-155.7341075238558,-157.31125031405122,-157.00326115505848
2007-08-31,-158.8234666856072,-154.82353273922004,-162.02493354748086
2007-09-03,-137.24847198945935,-151.20296808974788,-148.2291648163333
2007-09-04,-157.8117512086209,-163.8135725142054,-165.29827245300194
2007-09-05,-152.5212403164306,-150.81186956096,-156.1070480818815
2007-09-06,-165.3653143135611,-163.15741470504443,-167.24750617394866
2007-09-07,-141.1164565032049,-149.3139497531105,-153.66394718969826
2007-09-10,-163.02787407108175,-162.7720754819139,-165.45103866782978
2007-09-11,-159.38946208607393,-167.38671938072937,-170.26259937168723
2007-09-12,-145.41364875185104,-149.8153303734532,-154.84309849095268
2007-09-13,-154.53951243723714,-158.97632623264894,-164.59979977597655
2007-09-14,-161.26442984793198,-161.94433993318023,-169.4984488946888
2007-09-17,-157.31203066141484,-156.43993523326432,-164.71496356803812
2007-09-18,-156.55427621334317,-162.37283709226855,-164.48080896156586
2007-09-19,-152.52759700270468,-150.72035991882177,-158.1374008015136
2007-09-20,-153.7898806706519,-160.4873069041558,-166.59980612229236
2007-09-21,-165.77095959559261,-167.65964813254104,-165.49023299471952
2007-09-24,-161.6952792539916,-164.96838250260973,-168.9033810189244
2007-09-25,-154.02549058321847,-155.15106938477723,-160.57314401643455
2007-09-26,-148.0300373219036,-159.31591898103122,-165.45279470623584
2007-09-27,-162.66770685785318,-166.48465020926915,-171.1356183920644
2007-09-28,-152.78112549302983,-156.43962195206277,-159.11122391636133
2007-10-01,-151.67426428654403,-154.61484009915847,-156.6308294014636
2007-10-02,-150.44337298383758,-154.86551647887848,-161.0614903735446
2007-10-03,-159.3840334772016,-160.06899707053424,-168.15289317174188
2007-10-04,-154.4308898047753,-157.19305105464468,-166.8814144959897
2007-10-05,-167.08386277770356,-168.68935379381855,-173.3553437115525
2007-10-08,-162.92036346092098,-164.85381851243648,-167.18362460753062
2007-10-09,-155.0329874401858,-161.00456013841747,-168.38350433987304
2007-10-10,-163.35738080734035,-166.91857702799103,-169.37323093037318
2007-10-11,-159.91784567398895,-163.846439175095,-169.74260080356356
2007-10-12,-167.46269833946243,-169.77222636678033,-170.21891671146346
2007-10-15,-150.12023526906538,-145.1743056188722,-154.60241413540444
2007-10-16,-158.19716193079398,-164.78737850112657,-166.4854350079254
2007-10-17,-150.36716283837114,-157.13232935055748,-160.20167856531597
2007-10-18,-157.25774074616123,-156.51507636167273,-159.92561932301706
2007-10-19,-145.87437582845806,-143.40771862893598,-148.399243098584
2007-10-22,-156.3025458250982,-155.21969840521265,-160.18438807566392
2007-10-23,-138.7250855843485,-139.67243538903443,-154.26764908059846
2007-10-24,-155.23258235662183,-158.98358754374792,-162.65000039125854
2007-10-25,-156.93684091873405,-163.58566517803936,-166.37686158277705
2007-10-26,-161.35205995995074,-161.1417227550547,-162.67343530415394
2007-10-29,-135.4984524700356,-142.826054402928,-161.73421249534127
2007-10-30,-150.79083821675553,-150.0173171626303,-152.60804263360464
2007-10-31,-141.82299416155274,-143.92857777681263,-147.69450821756143
2007-11-01,-136.9129724701071,-148.67314402949407,-146.53631632936572
2007-11-02,-166.13291488156688,-168.16875537413136,-172.23588603631646
2007-11-05,-132.8353310787836,-140.75488169561078,-154.7770751483138
2007-11-06,-166.7008230617849,-165.26741831241833,-168.6169543414342
2007-11-07,-156.67856265223804,-160.66805770269318,-160.1714344082218
2007-11-08,-170.26433826094538,-168.9408028125942,-172.841828492537
2007-11-09,-145.06979676171812,-151.7841355225932,-158.81633785074447
2007-11-12,-141.79952698324325,-147.6775884421991,-158.51462508663283
2007-11-13,-165.38989682730096,-163.7287096191789,-164.98454365046672
2007-11-14,-150.45659622378716,-160.13835781529014,-166.13004441652518
2007-11-15,-153.31351030802372,-154.4941432506921,-156.90854477020622
2007-11-16,-144.4056715102584,-149.6119048347736,-150.76608893946073
2007-11-19,-154.94428952653763,-159.1335569725759,-163.66269559245052
2007-11-20,-143.32825596529827,-138.1630703840412,-150.669574026178
2007-11-21,-162.44179324666845,-164.54790832209727,-168.72296440947665
2007-11-22,-159.29320041556113,-158.58389265938055,-162.18318902772526
2007-11-23,-152.33164879947083,-153.5859865801325,-154.37530052440366
2007-11-26,-149.41077641943764,-155.5440875303843,-157.64145894701915
2007-11-27,-161.968211003238,-164.1434666355089,-163.82565020033618
2007-11-28,-148.24231234346368,-160.24385581602132,-164.13591585906894
2007-11-29,-167.85125050910895,-169.63990996959137,-173.69957893699134
2007-11-30,-147.14954300785323,-149.63762957011585,-161.45659179025012
2007-12-03,-159.29031641591604,-159.02690528628682,-158.09064933320448
2007-12-04,-160.1087593162888,-161.4609531094141,-164.50083877139568
2007-12-05,-141.33444786454567,-140.46744340076427,-159.10299608997872
2007-12-06,-158.68879546116978,-164.0825262983524,-163.98166780526827
2007-12-07,-159.8252548240253,-161.20045989995506,-170.8213110900031
2007-12-10,-150.53275003463744,-157.68165627312652,-170.6104058154399
2007-12-11,-154.0378323461379,-152.9293347548753,-161.97296101745718
2007-12-12,-156.48297686096558,-156.0972743725946,-157.77948395892537
2007-12-13,-155.51693881160222,-161.07257818308534,-158.23517006559763
2007-12-14,-161.82299311076017,-162.590752705917,-166.6324603310357
2007-12-17,-162.40122865442004,-165.91632214059408,-170.0474150552463
2007-12-18,-155.1675186682082,-156.94185691583078,-163.18467339367152
2007-12-19,-161.41323536583718,-161.41778099192481,-170.19109029548054
2007-12-20,-161.16054628460938,-166.78874722836028,-170.26237848091571
2007-12-21,-161.8361472782406,-162.21559504058777,-163.46454800689875
2007-12-24,-164.69606964176452,-166.99526812492485,-169.69766895310354
2007-12-25,-161.11484472981746,-162.1874388069347,-163.2647166705535
2007-12-26,-164.85442568561874,-162.95961584031974,-165.41297496729374
2007-12-27,-158.517730603313,-158.35871671777787,-162.55082579954868
2007-12-28,-153.31785114106407,-165.95939379939762,-171.7754773661816
2007-12-31,-162.38697855656198,-163.26159235022368,-164.7113028109687
2008-01-01,-151.00865444945921,-151.2353264486034,-153.425973562002
2008-01-02,-141.08020781528745,-147.9707858284382,-161.4654050242292
2008-01-03,-164.15905520058516,-166.92240008685752,-170.01907974360756
2008-01-04,-150.68723148314132,-153.8035714940933,-150.83353657919923
2008-01-07,-162.80688796737175,-160.30088897693938,-166.57822908616205
2008-01-08,-145.8662395555919,-148.86576446135766,-157.80144921370103
2008-01-09,-152.01709903019625,-154.2279344146015,-158.81308104634712
2008-01-10,-160.00137105333135,-160.11717582229767,-161.92198407254222
2008-01-11,-149.71508539402313,-148.3007880097749,-157.64988577390324
2008-01-14,-156.3767313676744,-156.53913380165687,-160.17329303843556
2008-01-15,-160.32920341169708,-163.56829986036573,-168.52266939642
2008-01-16,-157.39116170618348,-161.24078939312193,-168.1261492853012
2008-01-17,-153.37661469966957,-156.9372725408182,-165.011486465962
2008-01-18,-131.11063012532853,-135.63101049490726,-150.3909754422849
2008-01-21,-149.21256542553945,-152.4330753385118,-161.27543925102447
2008-01-22,-154.484273264842,-157.99844095582677,-163.50617781754056
2008-01-23,-144.8499014437526,-150.24614767770004,-153.16330621856343
2008-01-24,-132.20083969154257,-129.22158247241958,-137.07918461394107
2008-01-25,-140.34964744708589,-150.6108521114669,-157.7630829823245
2008-01-28,-165.5661191421012,-167.46680254668433,-169.46747735408064
2008-01-29,-157.46377058018396,-158.35601787857908,-163.7302811873274
2008-01-30,-165.5715011525993,-163.6662656108549,-169.6717004048658
2008-01-31,-164.65490069927827,-163.247840564603,-167.3746718533212
2008-02-01,-164.01505833774928,-166.051332962142,-166.20394296423848
2008-02-04,-153.86703424540758,-149.37988764575235,-154.15196293274826
2008-02-05,-134.3598060889617,-139.1953858683385,-158.52535724911345
2008-02-06,-146.34643186492787,-153.20080667189072,-163.30249567069623
2008-02-07,-140.06051919816164,-153.4900571261208,-160.37521567288115
2008-02-08,-141.19894463802618,-147.48675931509217,-157.33378895683626
2008-02-11,-163.55623745065057,-158.30764196399167,-162.38852602190988
2008-02-12,-156.549723722228,-160.01235547520233,-158.53373729589632
2008-02-13,-157.4232747098539,-156.60458226843593,-160.22307084764665
2008-02-14,-120.57920047863095,-143.05510456390746,-148.520481442972
2008-02-15,-122.22060510082798,-144.2515201915006,-153.91070511967357
2008-02-18,-160.08171866243603,-158.62245859561503,-159.38211120503738
2008-02-19,-138.30670161837492,-149.4932583980808,-163.09557854328307
2008-02-20,-125.24556059291606,-147.3120957557351,-161.34443571281415
2008-02-21,-150.50784162159977,-155.952739465712,-162.67028185010466
2008-02-22,-160.1283548905568,-156.94586786689092,-159.02420029570936
2008-02-25,-135.25791027305166,-147.14657479058448,-154.94151386808
2008-02-26,-157.66464577832073,-157.72939256165495,-162.54180796481427
2008-02-27,-145.87028379488905,-158.0248675123429,-159.51134809159134
2008-02-28,-143.48105207681323,-142.363396210804,-153.85374050042338
2008-02-29,-145.78725814570026,-156.8369488507048,-157.1088169749525
2008-03-03,-161.1159418204188,-157.88132177830136,-159.67238873835743
2008-03-04,-149.87284404417122,-157.44977966824197,-157.98774742371822
2008-03-05,-149.51841078682892,-151.05617990805735,-157.21602589783654
2008-03-06,-157.68632486723908,-156.54787680167686,-162.4763129754781
2008-03-07,-166.55421183104588,-164.85550936586077,-166.53625736909106
2008-03-10,-154.2389519482873,-154.926593987492,-163.04068667259614
2008-03-11,-140.15105196006954,-140.1839539147742,-148.95596827717375
2008-03-12,-145.34172070807352,-147.12578354239972,-154.09065630407036
2008-03-13,-154.1430025606091,-158.50450813973663,-164.73844658330339
2008-03-14,-161.43990816289488,-162.9205788234087,-167.64115844701402
2008-03-17,-161.31167372936164,-163.86703947647206,-168.00643051111297
2008-03-18,-160.8688973242463,-162.77356936472472,-167.26813685266538
2008-03-19,-165.1606753293362,-161.98016555503645,-171.61549724278547
2008-03-20,-157.77001764347125,-157.80323146476363,-159.06815722347287
2008-03-21,-160.36570627362917,-163.53055541391734,-166.18958214669487
2008-03-24,-165.605117473505,-165.25167231231066,-167.99176371427518
2008-03-25,-154.67884483801822,-160.80890150305862,-166.60184210651028
2008-03-26,-167.73422518110803,-167.65417429926225,-175.1203448305836
2008-03-27,-148.3802801850433,-156.66605580819845,-163.66812671855482
2008-03-28,-152.93518041757775,-151.3317789296481,-157.42803381112012
2008-03-31,-162.5068770327551,-161.1565732903366,-162.57440606562233
2008-04-01,-157.09248878374075,-159.10437054187716,-162.486695293779
2008-04-02,-136.44669110647155,-141.24040509978218,-157.4063744623556
2008-04-03,-163.59981578763237,-165.42539916089098,-165.23329835994687
2008-04-04,-150.61715865457572,-154.45146822793902,-150.48714116387725
2008-04-07,-161.8387665582893,-163.14671318262074,-164.89678241792078
2008-04-08,-153.7328985791733,-157.85436786670883,-163.73555313351847
2008-04-09,-144.13717603992893,-154.64139765395765,-154.6091393042666
2008-04-10,-156.12472971615895,-156.88598211093512,-155.53349610943107
2008-04-11,-142.95740977882826,-149.6088253455665,-156.68311153713708
2008-04-14,-169.9023901833441,-171.03954027305917,-172.48898293901604
2008-04-15,-163.8044347727596,-164.4938348234964,-170.19522174453294
2008-04-16,-167.3629329592716,-170.7904606545873,-172.50984799570767
2008-04-17,-148.75296411929176,-150.76925636470253,-157.83559142483946
2008-04-18,-164.53702468967657,-164.58845180827223,-166.65638274518997
2008-04-21,-163.2884198411429,-165.89602941956912,-168.3679941868794
2008-04-22,-157.9259595528998,-157.63997838590132,-153.9876572051742
2008-04-23,-165.5095365978969,-163.2375519583696,-162.9325366672765
2008-04-24,-154.56210959139656,-153.09517626162588,-153.68667058338926
2008-04-25,-163.4235547738974,-167.26834814141782,-171.89412448667986
2008-04-28,-154.03792097711437,-157.66268741001767,-164.60206386982742
2008-04-29,-161.87775215258742,-162.9567809468388,-164.57209101091462
2008-04-30,-156.42320490574633,-159.85647354063283,-166.54813418346762
2008-05-01,-163.11556216426507,-165.96675271560898,-168.20543749088554
2008-05-02,-165.5878845453611,-169.94191016850695,-174.69337895018018
2008-05-05,-150.7708447784688,-147.96489777751572,-149.80155057166172
2008-05-06,-155.67744828405432,-158.35983011172138,-161.99110936297618
2008-05-07,-160.03528887520687,-169.0837501534714,-172.4702676102985
2008-05-08,-165.07025818113434,-171.16174556221867,-168.73899127519115
2008-05-09,-164.14099582045307,-165.07856997370035,-171.1251081810091
2008-05-12,-155.89404415790477,-162.86165349287958,-160.2827204291986
2008-05-13,-152.34276745030584,-155.54973575245867,-162.77157584118933
2008-05-14,-163.71749925193308,-158.82776524650092,-163.29849378810204
2008-05-15,-150.70523501085862,-161.91612825625856,-163.94239076006141
2008-05-16,-155.8669928571695,-163.99617938105897,-169.5429389196382
2008-05-19,-157.06064986355597,-158.85748641402878,-165.15718389695564
2008-05-20,-157.55084692961222,-152.32935779161124,-163.75821912722668
2008-05-21,-152.61980732171992,-159.21194605491655,-163.78354163853078
2008-05-22,-155.1490648278568,-160.21013230969692,-165.81029147738494
2008-05-23,-138.44738316912452,-143.15186391791892,-160.2223562913714
2008-05-26,-154.35390360357363,-158.01336374315613,-161.21879692197354
2008-05-27,-161.29530074039693,-166.99362048880752,-167.45845696679226
2008-05-28,-162.68002545485177,-164.06714149285693,-165.31501232771146
2008-05-29,-163.96385922961005,-167.29232105929117,-169.03511920618678
2008-05-30,-166.6889508097993,-164.01105589918433,-165.24706699334112
2008-06-02,-155.17275460537715,-157.58405368266293,-165.86803253458334
2008-06-03,-165.38197398761935,-169.6475915481058,-175.3482774687925
2008-06-04,-163.83060990993178,-165.31521419089938,-169.9818988470471
2008-06-05,-151.98211683934557,-155.91525512925034,-161.17361195546644
2008-06-06,-155.00376551729724,-155.37080923119584,-151.68364766184382
2008-06-09,-158.32913565074722,-151.9157454404442,-152.26332283186096
2008-06-10,-150.45847100294878,-156.38439824110418,-158.74872702849513
2008-06-11,-146.52235673529353,-150.1035669678139,-149.8084130638916
2008-06-12,-146.980645993574,-149.1538354114728,-159.7082492462091
2008-06-13,-159.06381035886326,-159.73318448503477,-167.0644289479789
2008-06-16,-137.69175503869502,-148.19581160780322,-160.39099640967675
2008-06-17,-156.23262348179273,-154.40293858219968,-162.04509158585319
2008-06-18,-163.29808862490913,-166.1141119454181,-170.48183943579372
2008-06-19,-160.6482999805003,-161.28607665530222,-160.62882395121332
2008-06-20,-161.80515907409426,-163.07433408613852,-164.894802079948
2008-06-23,-159.7519327061869,-156.07445613069413,-163.91240373607064
2008-06-24,-157.31338223890037,-160.76816493600148,-164.89015851850223
2008-06-25,-153.28216332790825,-157.26541321143375,-158.94623691865718
2008-06-26,-154.10738160101394,-152.874320256893,-162.6248137779971
2008-06-27,-160.06601014444593,-162.24020236528975,-168.4576103264783
2008-06-30,-151.00542050845814,-149.49665835550215,-149.02808908606215
2008-07-01,-153.74458817566727,-156.95818451503368,-165.94056985297655
2008-07-02,-165.04542959373666,-165.45665167223945,-168.4548960151355
2008-07-03,-162.99577857701973,-166.0743697612539,-167.26743636452767
2008-07-04,-151.17153355383135,-157.11521821885927,-163.93110119459993
2008-07-07,-162.51634900574106,-165.326337155763,-169.5373071576321
2008-07-08,-152.06290848484295,-147.52365435303966,-155.49305619954123
2008-07-09,-142.79906168048953,-141.83806292748048,-150.21136077696457
2008-07-10,-147.21245371288273,-151.88603780895565,-164.06093095186588
2008-07-11,-165.56755119801036,-164.14375101349856,-166.44873446217838
2008-07-14,-147.86284251462357,-157.28350236468364,-156.47091074063297
2008-07-15,-163.32806430187517,-162.1096957565266,-161.52256679477424
2008-07-16,-144.93742987092716,-144.10176700153664,-151.70319854386474
2008-07-17,-165.32959041144989,-165.05657002680584,-163.95260695644933
2008-07-18,-165.43602969603273,-165.70664381663013,-170.93819422175147
2008-07-21,-148.169548978726,-150.53278434022792,-152.68622744557587
2008-07-22,-158.99499790604736,-160.65199710534552,-161.45589122734577
2008-07-23,-153.7364707892209,-155.61256497646275,-158.8456726188613
2008-07-24,-166.11716857337717,-167.1182149481864,-169.25142413695022
2008-07-25,-161.1520872933803,-164.58189796798828,-168.561934003493
2008-07-28,-166.58382156941013,-168.6878918163345,-172.71106579255274
2008-07-29,-164.51697791581222,-164.86495541551875,-170.8014553280641
2008-07-30,-154.29314329886847,-153.68206445742155,-161.86501171152443
2008-07-31,-148.1689170139387,-148.03789686529933,-157.47551325043642
2008-08-01,-146.85137572247595,-148.70369484425308,-154.06734562848897
2008-08-04,-162.12220627396349,-160.17825947811696,-167.99529107664173
2008-08-05,-165.96445062504364,-167.8569254848462,-170.0185724457411
2008-08-06,-158.56955531966187,-154.45171407235262,-165.50360469471948
2008-08-07,-163.54583729872851,-161.3743481030913,-166.33061399342967
2008-08-08,-160.33311232501887,-162.32578208921805,-168.37444680067068
2008-08-11,-147.4240499868382,-147.29656446771622,-160.76182343262968
2008-08-12,-159.64049855237215,-161.33183175545793,-168.6001364009312
2008-08-13,-169.6469962383509,-170.97864999547676,-174.90682545095964
2008-08-14,-166.319304618814,-167.631101353815,-170.0781640778978
2008-08-15,-164.4145595586011,-165.4715389201631,-167.0890286660519
2008-08-18,-163.34167682973356,-163.0751891157492,-169.25438152158074
2008-08-19,-150.389878414777,-150.22560341872958,-157.82000569053042
2008-08-20,-144.69411426986235,-142.54833668640356,-152.0511782821307
2008-08-21,-171.01025523472768,-172.42698345486787,-175.95600401102274
2008-08-22,-156.54908373958136,-158.18188549352755,-157.47016702411108
2008-08-25,-162.69773941525364,-164.71258852261371,-168.08685107708703
2008-08-26,-163.64773023298767,-163.67812015250405,-165.3080516419991
2008-08-27,-161.00747092655777,-162.47403083890882,-166.7955445514698
2008-08-28,-162.33443377824986,-163.956796645487,-164.9372998544391
2008-08-29,-170.42188244707282,-171.71961529881517,-175.76064964814924
2008-09-01,-167.53526540990592,-167.86250942233468,-165.4936496881773
2008-09-02,-167.13177593350565,-166.7544687227778,-170.96247702642353
2008-09-03,-157.98817821813233,-157.35773835498935,-162.7030776878135
2008-09-04,-154.8087989585839,-158.3806755609796,-168.59714839852347
2008-09-05,-164.50327722769384,-165.61208477895443,-163.70632350811903
2008-09-08,-167.5165458714753,-169.1858685904494,-176.43005095846797
2008-09-09,-166.3917100378198,-162.9243871170179,-164.84609194810284
2008-09-10,-156.50726452612798,-156.06237030592314,-166.910578227102
2008-09-11,-164.42981630097546,-166.14495636405988,-168.52484793297305
2008-09-12,-166.0069815207068,-166.32351743620305,-169.8181825934017
2008-09-15,-166.8753141776127,-169.86762731486704,-169.9721358762007
2008-09-16,-164.26210817329488,-166.34938017162497,-164.92070111716976
2008-09-17,-150.74844418138076,-151.4759134373436,-154.15904625166357
2008-09-18,-170.15801483010222,-172.787815746582,-175.6923178169912
2008-09-19,-168.94862757284494,-173.2323046904617,-175.52893974127207
2008-09-22,-160.00515735273822,-162.11113246186596,-168.07993014937534
2008-09-23,-165.00259143916196,-169.65904405969957,-171.03096919893508
2008-09-24,-148.92482718135216,-152.76287994018,-162.603636434335
2008-09-25,-145.02856077985135,-145.93312312797758,-155.78409967254038
2008-09-26,-153.03402130034758,-151.09816790575817,-157.1084964711352
2008-09-29,-167.1552023109724,-170.30870363833355,-173.17768712480952
2008-09-30,-147.00386385641974,-150.50414065469408,-150.3349833000894
2008-10-01,-156.11684541499122,-158.95776690637405,-159.6401085754232
2008-10-02,-163.9283649985241,-165.74405876337968,-167.5904628055619
2008-10-03,-152.521429107463,-149.83352390218582,-154.3079365604901
2008-10-06,-166.38736696055977,-166.05280276621534,-168.98946558236415
2008-10-07,-160.8411170385777,-162.11399718748808,-160.86743452243573
2008-10-08,-166.39669876499428,-168.78624582044966,-170.30511513212312
2008-10-09,-155.20030997685362,-155.80831642710135,-169.18472096061964
2008-10-10,-152.62344165877815,-148.98321722283427,-151.88516227161878
2008-10-13,-153.1690981841098,-148.192038177646,-155.61199773397215
2008-10-14,-157.04457108424785,-155.8434800779586,-157.04431639201067
2008-10-15,-158.78712652497953,-161.69071823645604,-163.60707139617926
2008-10-16,-154.53272728617674,-153.65372497728217,-158.57129980003427
2008-10-17,-155.8869875228363,-158.9490002426113,-162.62276709001262
2008-10-20,-154.38172221517445,-156.58710251614255,-158.62633916043816
2008-10-21,-164.8549064253124,-162.7811134427764,-165.92277408344694
2008-10-22,-140.75658578281644,-151.68078188678706,-152.47177536013027
2008-10-23,-167.3393204403359,-166.7523894656826,-170.4624838586207
2008-10-24,-159.27664727800686,-159.64873446720378,-161.05385227423469
2008-10-27,-149.6447820870604,-150.39646629530932,-161.40681728036833
2008-10-28,-160.67173132321187,-165.79362297183008,-168.66478960728708
2008-10-29,-161.44893547882558,-166.00278566486784,-171.0333249363154
2008-10-30,-162.80693470340458,-162.50880924190292,-165.39465622653074
2008-10-31,-147.3726351336163,-150.6408435090353,-161.30288051062954
2008-11-03,-164.42323311692587,-165.9377126986153,-168.29444848899783
2008-11-04,-141.39581217541246,-140.41667378017775,-155.21750015227835
2008-11-05,-160.8995331267973,-165.51097163700993,-170.04989691108446
2008-11-06,-162.29202406222356,-166.9967565015821,-169.82513049731682
2008-11-07,-159.09638825714026,-155.9698206108169,-166.83528044360216
2008-11-10,-149.83096200567238,-147.56416366667662,-164.45423477812898
2008-11-11,-169.25698969245965,-167.2391288773392,-172.4826365733314
2008-11-12,-164.25092046740036,-167.55334657852563,-171.7445485258218
2008-11-13,-143.44456849436082,-140.59645983274476,-150.55700851229227
2008-11-14,-156.9251350010066,-153.23305386143986,-167.74384118524677
2008-11-17,-150.51829279483223,-153.32580515089472,-160.69386714571988
2008-11-18,-152.91553316772243,-157.41825131533412,-167.45027282099045
2008-11-19,-140.94827911741098,-126.34090218663405,-145.35469804922892
2008-11-20,-139.7156581899314,-140.24820332214418,-154.62575360093268
2008-11-21,-156.3204595643886,-158.3295174701149,-156.73936091879673
2008-11-24,-155.43895109286908,-158.96427271922457,-157.1855190106132
2008-11-25,-156.3703472604931,-157.70371208389912,-164.7930941587081
2008-11-26,-158.38887955202998,-158.5201734442567,-166.6349207509247
2008-11-27,-154.65926587249993,-149.6920953591078,-157.55516377019092
2008-11-28,-166.20660216798024,-165.970020544917,-170.19180960665247
2008-12-01,-161.31138645983222,-159.77794464714606,-160.45061457792454
2008-12-02,-149.81726223359863,-154.83271200617156,-158.53968459021382
2008-12-03,-151.22270132258825,-155.42286010467694,-159.2738610827186
2008-12-04,-104.52390232853405,-128.1980007433857,-151.1401440270693
2008-12-05,-146.12033440888493,-157.67146060349103,-158.1614007286225
2008-12-08,-137.0195604117189,-152.48121507684039,-155.35593709336158
2008-12-09,-145.1857458310187,-144.3993951809558,-153.42393778683441
2008-12-10,-161.92262073186293,-159.917773502875,-169.46522049156204
2008-12-11,-149.83618718534333,-156.13059614714763,-164.10180406792674
2008-12-12,-135.73874184478078,-146.59863298868135,-153.50847932079995
2008-12-15,-102.08707389989443,-139.37211286714418,-152.7608595553194
2008-12-16,-144.07842675163886,-155.30763848753793,-159.66665794437912
2008-12-17,-104.35633251396358,-141.84745113692,-156.13427505935542
2008-12-18,-134.46901074687773,-144.18102015671647,-157.40757072483657
2008-12-19,-159.25608363083967,-155.19269477921418,-161.11427983092872
2008-12-22,-154.91429061495253,-156.70343539384203,-163.99402153580797
2008-12-23,-145.9714767698445,-148.49820392439537,-147.6652934813278
2008-12-24,-134.09424280416573,-155.17686940523083,-156.93224382270554
2008-12-25,-137.53335048452087,-151.55949868821443,-157.92861803668873
2008-12-26,-143.79648372197465,-144.94879581775848,-147.7550664893543
2008-12-29,-152.21515887802974,-149.98695142886118,-151.591982899966
2008-12-30,-155.1095572228433,-155.7685167194591,-158.82580639332116
2008-12-31,-154.96180990699324,-155.17467289076814,-161.5490981965028
2009-01-01,-127.99142036797059,-136.1401942053235,-144.88294433854443
2009-01-02,-125.4638453981866,-140.4092333432939,-152.62922735038097
2009-01-05,-156.0063351135518,-151.63809585221424,-159.67331893127675
2009-01-06,-147.82143743614893,-153.83778514917532,-154.21564683115554
2009-01-07,-153.5088886749848,-156.4291350240914,-166.68509723774145
2009-01-08,-119.47948475637202,-147.20901806494953,-149.34621079031368
2009-01-09,-119.28472536590768,-145.41789588561377,-145.65082835300214
2009-01-12,-148.0174115041291,-153.5200676537678,-157.6166147648592
2009-01-13,-145.64588776768687,-155.05431693129532,-160.89651009506017
2009-01-14,-152.89537721410824,-146.0528978215575,-155.0704428549319
2009-01-15,-150.10318296086953,-152.80708163510985,-155.57980613877325
2009-01-16,-126.8980612970583,-139.92221438268515,-154.08343771609174
2009-01-19,-150.22267367221386,-149.44615193343031,-160.57960882884038
2009-01-20,-139.59973546602532,-143.68108498254088,-149.72365048334856
2009-01-21,-117.10701104039445,-129.14758346916324,-140.21782707867717
2009-01-22,-142.52896504687428,-149.25627276874917,-149.7494511155547
2009-01-23,-151.57080306757615,-151.57885795813797,-159.0229714780568
2009-01-26,-164.1705702584146,-160.20376249722528,-166.42297893163982
2009-01-27,-158.4987103311728,-155.35799227668352,-156.3378380902387
2009-01-28,-142.16711641165875,-145.13599796479005,-146.68232396359804
2009-01-29,-144.19311036789586,-150.40029164701986,-161.7656896570312
2009-01-30,-150.0390201145188,-153.76941496958784,-152.37610340371072
2009-02-02,-155.37681873057207,-150.41603688781868,-156.567298702206
2009-02-03,-145.68388862416256,-150.74226099664384,-157.08196991620264
2009-02-04,-151.75963611500788,-152.12230316049315,-155.65796191187704
2009-02-05,-126.1622680648334,-139.90022530760507,-142.07613165132852
2009-02-06,-157.96071861077525,-158.13219076673136,-157.2080027941582
2009-02-09,-159.75853600286595,-156.63208203050678,-158.0421354789659
2009-02-10,-158.2942717763765,-153.82115597385524,-160.5406931299088
2009-02-11,-155.40967871948766,-150.81054951570465,-160.05730740249038
2009-02-12,-150.59148887325694,-150.7146020254703,-159.40040689727238
2009-02-13,-148.2062852179926,-147.88672811888625,-151.8511701093802
2009-02-16,-154.58958477064579,-155.3289676724197,-157.98435109838474
2009-02-17,-145.03378103152494,-155.19461472410595,-159.9504883429847
2009-02-18,-163.28456358878285,-163.16352567182437,-166.41408477159808
2009-02-19,-156.31608712943563,-159.72399296551532,-159.98086099701996
2009-02-20,-147.41605709761592,-147.89433830867233,-152.23582628337596
2009-02-23,-124.62813695551736,-139.08669360548404,-157.27675746295682
2009-02-24,-162.3263548123919,-162.61643873881764,-166.28765807580731
2009-02-25,-137.59122007324285,-141.55557897384233,-142.52686278573725
2009-02-26,-120.49289324681362,-139.23542335206668,-151.26396594008207
2009-02-27,-138.0910426254175,-144.93643900078698,-149.3044057582665
2009-03-02,-149.9543374455879,-151.6811601371878,-152.58329519871162
2009-03-03,-156.93125333188348,-157.60858422293742,-157.23093741068317
2009-03-04,-156.4083721786635,-159.09900642796794,-159.40633236241058
2009-03-05,-156.72467562829794,-157.63960593918395,-164.91473132039394
2009-03-06,-150.19703526447722,-147.5198098699227,-150.57952677412013
2009-03-09,-133.5587695058471,-138.31313506879485,-148.1945971188395
2009-03-10,-158.66857493521064,-155.87745235107133,-157.72879309906014
2009-03-11,-150.39040333729378,-153.0285836234288,-156.37378392933454
2009-03-12,-166.57748768057172,-163.06730787124943,-168.33594076628168
2009-03-13,-148.16213782394112,-151.1785801432683,-155.568471662937
2009-03-16,-109.56993789940445,-133.73786471400635,-150.82734626667985
2009-03-17,-69.49354131764339,-125.02492043985323,-148.69663992132763
2009-03-18,-149.99353310947382,-152.09424332904152,-155.31965371175335
2009-03-19,-149.10738548442146,-151.50339817400513,-153.039564684006
2009-03-20,-156.03072518991726,-156.70270356770493,-163.80470904251465
2009-03-23,-154.91142117075475,-156.2907453899621,-159.47904425379986
2009-03-24,-136.47657327905722,-142.37464826446444,-147.50255514849272
2009-03-25,-132.7821383826294,-155.12593372437817,-162.7820502986777
2009-03-26,-136.591761396785,-140.62545417244928,-151.86443892838938
2009-03-27,-141.248247969297,-147.68043164660122,-155.93562162905653
2009-03-30,-162.69714427831457,-156.2948569979995,-162.24213237129976
2009-03-31,-148.87332373687937,-146.342247321334,-146.46733358560857
2009-04-01,-160.59720378188092,-161.24722727851233,-167.12420858096573
2009-04-02,-109.8013581775931,-132.42935076995207,-151.18354893767338
2009-04-03,-157.62661631478557,-160.05506819393412,-161.0816034765255
2009-04-06,-155.347932810455,-159.29452456331106,-159.4636432657096
2009-04-07,-166.9279292253729,-166.2398234545492,-168.1355323757866
2009-04-08,-154.17117807838844,-154.62873993983706,-145.8277655374435
2009-04-09,-156.55694832585482,-159.02641909724014,-166.41971313165595
2009-04-10,-160.6781917391618,-159.19023882908806,-163.4496086376575
2009-04-13,-165.96545288412915,-164.89592228020186,-165.99042116568296
2009-04-14,-170.6552746951581,-170.7406725518092,-175.96140694145953
2009-04-15,-147.15249660893994,-144.39070104957847,-149.27746032965388
2009-04-16,-162.49833283078178,-163.56455433520028,-163.4955863488546
2009-04-17,-163.036829430825,-165.12679001415194,-165.38971495567012
2009-04-20,-156.9348103703047,-161.4943305521199,-163.36910319580917
2009-04-21,-160.17658792837187,-164.68658957398836,-168.4888759246286
2009-04-22,-153.8834523616415,-153.2947976405871,-156.2741899024658
2009-04-23,-162.26662085225155,-159.49175838233248,-161.37692572035698
2009-04-24,-164.1802819901187,-168.1789293747701,-170.42344525808
2009-04-27,-154.56011326822548,-153.36042284346672,-163.10530374659083
2009-04-28,-155.0592515115729,-157.59784539932937,-161.30445907111925
2009-04-29,-161.8131176126728,-162.94288421261408,-167.7403166596694
2009-04-30,-158.07073370360828,-158.3833415510835,-161.0890664603195
2009-05-01,-164.54178720796605,-165.66765742102027,-168.988841502787
2009-05-04,-155.9145049853591,-156.16721366150153,-165.0444595889556
2009-05-05,-163.79673228350418,-167.22440057064267,-171.7095938441552
2009-05-06,-151.62847550393087,-146.12222300076434,-154.26664592205853
2009-05-07,-165.44891942208943,-166.0992028537923,-173.6584054034295
2009-05-08,-152.8731758623652,-154.29616815694877,-161.90492380770417
2009-05-11,-163.45012791851798,-166.63377293297228,-169.95463563552323
2009-05-12,-167.91472731603216,-172.07141221281938,-174.3981296087955
2009-05-13,-164.31970466167343,-166.2654704157681,-168.23787838313024
2009-05-14,-168.5722874127057,-170.8253120123145,-171.9797137476555
2009-05-15,-158.99906110617204,-166.23932030882213,-168.57861250800983
2009-05-18,-160.98280446939089,-164.5655324410905,-169.21512311764434
2009-05-19,-149.89441122343598,-151.7535257774417,-159.77848003077844
2009-05-20,-167.67807595328426,-169.47179200588343,-173.19325876180662
2009-05-21,-147.30700556955088,-151.95541303045414,-156.264075274529
2009-05-22,-156.52383705453275,-148.9549476519401,-150.79021343807156
2009-05-25,-160.8006732704415,-158.57746293131004,-168.0677401507805
2009-05-26,-161.25089218168623,-159.81760098777707,-169.1423355547634
2009-05-27,-164.06525783209764,-165.57260429678365,-168.811838737748
2009-05-28,-153.53162855503655,-150.22859041620157,-159.29763592753068
2009-05-29,-148.49049607624957,-146.82609586886733,-150.92096555342346
2009-06-01,-168.3896495509881,-170.49130428432684,-173.72124530423878
2009-06-02,-166.19022178563284,-170.97424787289884,-175.68630225603832
2009-06-03,-167.4163294649861,-170.41266515745983,-175.24016549863927
2009-06-04,-143.9952280979294,-139.621355888085,-142.34224699728404
2009-06-05,-166.7669308035834,-166.55653762137698,-171.22908968510416
2009-06-08,-157.37331450531448,-153.65367680101875,-156.86733684867784
2009-06-09,-157.99934071610696,-155.6367439520156,-161.19872507679156
2009-06-10,-162.2413709286049,-161.95857945716963,-172.8291650155437
2009-06-11,-154.95000891261887,-157.12813616979454,-164.21946102607978
2009-06-12,-161.2180534443315,-161.95232882203456,-161.4719692023916
2009-06-15,-152.16440560595288,-154.99277189232618,-156.49765804615882
2009-06-16,-167.0756337362856,-168.6393550721148,-167.63948858990761
2009-06-17,-161.05463981088002,-160.47563811657318,-164.79603656651062
2009-06-18,-161.37590094802098,-162.7350160266395,-167.78605290680161
2009-06-19,-153.8276160250134,-151.6648724739259,-162.44130253582995
2009-06-22,-156.03099978541695,-159.92748594284603,-161.80119958438732
2009-06-23,-135.48404715253395,-127.82120063188387,-144.80530401143253
2009-06-24,-162.55368270181023,-164.09620327221862,-167.67781464013134
2009-06-25,-165.945463740494,-168.680727448265,-174.94151873734234
2009-06-26,-156.68778997185066,-153.41846403715547,-164.829247278294
2009-06-29,-150.64280681159838,-149.22234705954617,-155.78309294658192
2009-06-30,-168.19661355231588,-170.9678181227746,-172.62778863647944
2009-07-01,-147.58259638300416,-151.51286855561918,-155.2544407900748
2009-07-02,-158.18075954855084,-161.71446136386143,-164.83114649169298
2009-07-03,-157.5110236597622,-160.60045169987916,-166.06346759230559
2009-07-06,-159.03827908105444,-161.45688649841267,-161.45623286025307
2009-07-07,-161.86169374583406,-163.38208680037692,-167.51438809323042
2009-07-08,-160.6958939529471,-164.3866974026359,-170.9713389862314
2009-07-09,-155.3025799369058,-155.014109445513,-168.4143810768718
2009-07-10,-144.66053608951697,-146.68012171884342,-147.40634904416953
2009-07-13,-154.50886131338373,-159.70728604302846,-162.76000719190677
2009-07-14,-143.4611928322758,-151.72065274907138,-162.51383971526033
2009-07-15,-166.32536333075308,-163.47826113140965,-168.3423666695208
2009-07-16,-133.13037868835661,-131.61808929847484,-148.8554111385661
2009-07-17,-150.320544585819,-159.90176017934627,-162.09338614163497
2009-07-20,-154.12730363290078,-154.03152470853283,-158.23896068000101
2009-07-21,-160.18639604607318,-160.85534218400792,-160.25811938313845
2009-07-22,-147.7647386661684,-150.8134989148185,-157.82379181406606
2009-07-23,-155.7377264131036,-157.2469543264141,-158.5533912948816
2009-07-24,-155.46627241474582,-154.28212445176723,-164.01905427398427
2009-07-27,-166.4757805351717,-166.00210676057463,-167.11092775182658
2009-07-28,-126.26111344329209,-130.9400786683014,-154.79866078589464
2009-07-29,-139.65523715058185,-145.77126361851805,-164.1397923838026
2009-07-30,-121.5001739939767,-123.27118833088446,-147.66326824798125
2009-07-31,-149.6081546800395,-158.28994562829018,-165.87813498041552
2009-08-03,-165.0603823677008,-166.05289449474523,-169.56601095423483
2009-08-04,-165.435828199063,-164.40881952934512,-167.85237663698194
2009-08-05,-132.90038400219382,-142.93502450129716,-163.4121719411404
2009-08-06,-141.1636332540559,-148.95341201460914,-158.17635988821453
2009-08-07,-164.50221234942683,-160.42502158827097,-164.17258952786565
2009-08-10,-136.67554012547907,-137.39520794438945,-153.5443966817798
2009-08-11,-140.50051161402482,-145.99285600841458,-160.3768761689276
2009-08-12,-162.4385485835001,-163.9291476110091,-167.7068944820974
2009-08-13,-153.4386491475248,-155.06482919446768,-159.78026152689168
2009-08-14,-134.64511604837594,-144.99602792669836,-155.23919906530793
2009-08-17,-149.81563034731607,-148.9926323863527,-159.0037390793712
2009-08-18,-160.09702921667866,-162.55447452684632,-165.7816329904964
2009-08-19,-156.74543335058723,-158.09878394774643,-164.91872765159542
2009-08-20,-162.4396285455816,-162.8590089759276,-167.22630513148405
2009-08-21,-161.472626115306,-161.44238323010458,-165.98837092030314
2009-08-24,-133.88597754086268,-134.15572820458175,-162.2250721425824
2009-08-25,-148.69006290485117,-152.64962930440274,-165.06150837338188
2009-08-26,-158.32623758250287,-161.1647281181642,-164.1512531394573
2009-08-27,-161.149454942747,-166.1100283439351,-166.16915544305468
2009-08-28,-161.82210666197898,-161.8842564483563,-160.208908887952
2009-08-31,-157.30758604329662,-158.0028792853872,-159.85216867705782
2009-09-01,-162.2543897369747,-168.8052551971492,-170.4678191988861
2009-09-02,-163.46954489021584,-164.22515992591784,-162.77295294724215
2009-09-03,-153.38944408341854,-153.15430841974123,-163.4564940479872
2009-09-04,-155.27069800570462,-156.2621440714766,-166.1752639747982
2009-09-07,-161.22016465796113,-159.60846475758214,-162.81219766752022
2009-09-08,-159.22568567691667,-158.58343476906333,-156.92019986110677
2009-09-09,-162.63961466111374,-162.00263957433611,-165.9787348472245
2009-09-10,-165.0330797290865,-167.44360635854352,-171.89451587807474
2009-09-11,-166.2260983966417,-165.73397602677417,-165.4384533254629
2009-09-14,-163.12903599521172,-165.43760924583663,-171.0991415471187
2009-09-15,-164.87840796061136,-168.60362767479077,-172.55356446166735
2009-09-16,-156.63244223978862,-158.32125256528104,-162.78220151182836
2009-09-17,-147.2618302303347,-149.28067844230117,-160.37790538703518
2009-09-18,-160.12657926753965,-159.12708994166795,-155.9131591395028
2009-09-21,-144.19777463148245,-147.82422840591184,-162.6810657484878
2009-09-22,-155.93413138603603,-152.78342339800477,-162.92454112888083
2009-09-23,-146.84312529001335,-146.53070922032867,-150.2083874095475
2009-09-24,-160.23996748631347,-161.53778651551286,-158.10419615710543
2009-09-25,-151.8957356492793,-156.50150462423613,-153.13599554116132
2009-09-28,-164.09895427087912,-165.76477475784677,-165.8606476517103
2009-09-29,-165.65973796661083,-169.69502330857398,-170.90035342278512
2009-09-30,-153.17213653502952,-150.8771654033679,-157.14568377782228
2009-10-01,-159.41033918026602,-158.66798325620417,-167.90520439876144
2009-10-02,-164.2471523089945,-166.8150516032301,-166.63988444566422
2009-10-05,-153.89003739923643,-155.309661241904,-163.79404529973542
2009-10-06,-160.54677761310884,-165.70918841925214,-164.62604593008913
2009-10-07,-150.07072976162215,-148.33212761199968,-154.7883144031054
2009-10-08,-167.8090453598052,-170.66937978260913,-175.15131642008276
2009-10-09,-161.4068624710372,-163.55190165686912,-162.7498877421984
2009-10-12,-150.45000549778376,-150.27957844341964,-157.32683238337947
2009-10-13,-128.60457650236953,-127.44516526127433,-152.2891283682598
2009-10-14,-153.90869850400992,-155.5304947967416,-154.57182997990097
2009-10-15,-159.45978080896708,-160.80976716283374,-164.04800539693807
2009-10-16,-146.00944839178027,-148.23521731184638,-151.9661346351394
2009-10-19,-150.00241130066735,-155.55108148557042,-164.4883744554799
2009-10-20,-139.55753454248168,-144.9473391920243,-162.38264089788845
2009-10-21,-153.07182121493616,-152.7422151685654,-160.7228107152827
2009-10-22,-144.09567480078113,-156.12006157209484,-154.89896794847945
2009-10-23,-144.9007386171463,-139.59032259724847,-153.0229176648884
2009-10-26,-162.303621044926,-165.46446772019146,-167.65789775493505
2009-10-27,-150.86860461758945,-159.69154974143473,-158.76336028625357
2009-10-28,-144.84233661632135,-154.62881734176068,-164.6422312249667
2009-10-29,-146.01777980329103,-148.1275634250403,-147.1214765914496
2009-10-30,-158.339762891455,-165.4265914009578,-165.15529527041485
2009-11-02,-157.3429228494294,-158.30554124993034,-157.75035979401915
2009-11-03,-153.89765307133317,-158.93646671975398,-168.55033155805748
2009-11-04,-155.4255467238648,-161.0420737172341,-166.95454718980838
2009-11-05,-162.26314700337545,-165.5021143742232,-167.98814666874233
2009-11-06,-168.10161317874721,-170.28880198744397,-171.0528757247089
2009-11-09,-162.25155471152587,-166.05101364884658,-171.33716907987582
2009-11-10,-157.4744489703822,-161.18885147567525,-165.53934281736994
2009-11-11,-157.07363782471245,-158.03645106159982,-158.60996336203038
2009-11-12,-168.13952419427073,-169.84441678569712,-174.7389740188315
2009-11-13,-155.86737759355017,-160.1978070462756,-166.21249701854134
2009-11-16,-163.61576487858068,-164.21493203311496,-168.50312583002923
2009-11-17,-155.6085528065922,-154.12621423424733,-159.05495220733448
2009-11-18,-168.18797625654412,-173.0755247480561,-172.74705769916926
2009-11-19,-153.42926599230424,-154.49848692466588,-155.93089487301046
2009-11-20,-164.90735649756115,-166.69722127083344,-170.60850377875985
2009-11-23,-155.09194759975085,-159.52945996424646,-163.84354980589097
2009-11-24,-158.98164943015107,-161.95128371210222,-166.72626840397945
2009-11-25,-160.06768738406964,-163.0569292262145,-162.17339089861784
2009-11-26,-163.06157200341627,-164.24594850803967,-172.13275902166131
2009-11-27,-165.66310018888007,-170.64600227180682,-175.72568156492102
2009-11-30,-147.11844610832392,-142.8771222082542,-157.79149421130398
2009-12-01,-165.60540755246282,-169.10344227177887,-175.56626591911802
2009-12-02,-169.54200622221606,-175.82305769169338,-175.916169466474
2009-12-03,-142.13342950625923,-135.12084326719423,-152.6440167528672
2009-12-04,-168.4686733058736,-171.87166772941873,-173.00472995444275
2009-12-07,-159.9854382781747,-161.8717342221862,-169.40120936807097
2009-12-08,-160.38095620315752,-162.51225178060946,-171.22014202915213
2009-12-09,-152.63797043407234,-151.789970720626,-158.27383422420954
2009-12-10,-154.74684197895223,-158.11786040524368,-167.1442749739835
2009-12-11,-163.0057747791024,-166.02895636301207,-170.92018054157498
2009-12-14,-153.2800115210757,-149.66338512467462,-164.2163177822682
2009-12-15,-154.50996285692852,-159.99748258510894,-169.7463960266251
2009-12-16,-149.23557809872403,-149.37279889495596,-162.66518229504
2009-12-17,-148.35430593037614,-150.48464134531676,-162.25379707832667
2009-12-18,-166.9857720595576,-169.60596200931923,-169.72577192919002
2009-12-21,-166.981007966209,-168.7529062935011,-171.6620189975743
2009-12-22,-162.1460714567471,-163.99610839972493,-165.9016544196499
2009-12-23,-159.3855523166759,-165.93197225228008,-170.5328295568689
2009-12-24,-155.37030675462552,-158.25178474381764,-162.8395555427317
2009-12-25,-145.5377590253488,-140.18294842077728,-151.24886207111757
2009-12-28,-156.73868995367775,-157.97026330895434,-165.09116574290496
2009-12-29,-158.29739054672444,-154.36425738614835,-157.62088906621997
2009-12-30,-166.38126319986335,-170.48547763535677,-170.80708198827296
2009-12-31,-154.16283771429235,-158.10780353579705,-156.2235217874983
2010-01-01,-156.62773308071525,-158.2981618354346,-162.14096768937844
2010-01-04,-156.3013355538176,-154.64923090236005,-161.104571180236
2010-01-05,-158.41938717847063,-159.93874274302567,-163.3506468376668
2010-01-06,-149.31102859705214,-152.19287187544975,-160.15485437441333
2010-01-07,-157.05804243424262,-152.84342747452266,-161.81637795277183
2010-01-08,-160.4673992943314,-160.39842068740037,-163.44994506690284
2010-01-11,-142.66275865723904,-147.06182397672728,-163.46282086701808
2010-01-12,-165.8593623694792,-167.0065613830588,-167.25724612238608
2010-01-13,-154.31520819175532,-159.65184686642036,-160.723786809566
2010-01-14,-161.36682093544715,-160.760664874398,-164.37485069059812
2010-01-15,-164.30000420667454,-166.75025728034572,-169.16725310782564
2010-01-18,-170.25239358390243,-172.39146624266849,-175.91510808562023
2010-01-19,-163.38044894344068,-163.7592506677812,-166.92933588013915
2010-01-20,-156.54367298981072,-156.5198265260305,-154.81690647153926
2010-01-21,-164.2807047001068,-165.53655322935765,-169.5351628900072
2010-01-22,-162.44070147960326,-163.18794695835334,-167.5528865813689
2010-01-25,-160.50034213186228,-160.13225010201722,-161.59214827606078
2010-01-26,-160.67953535885957,-161.00125867352926,-165.92951065666213
2010-01-27,-155.87232451329356,-155.12603546073922,-160.20936737748292
2010-01-28,-166.2526712125284,-164.72302153166828,-167.2852043585536
2010-01-29,-168.29974099087488,-169.40425059298602,-164.81629364542906
2010-02-01,-149.60319451146427,-152.9236198459226,-157.65161908823814
2010-02-02,-152.19412985919408,-151.71595582212143,-155.52344943118624
2010-02-03,-153.31770359912292,-154.34482049823137,-169.83639683733153
2010-02-04,-163.63274827079462,-164.11693003429787,-171.85389744449623
2010-02-05,-167.42127836742915,-169.02327856076832,-169.7984898042002
2010-02-08,-160.26686674521648,-162.84094065478513,-164.58484956749572
2010-02-09,-160.6166041179844,-160.23473191015532,-169.07142177959025
2010-02-10,-168.6553261976452,-172.77391112025333,-174.9687067414706
2010-02-11,-161.18052028247675,-164.43957829855705,-172.38711343875244
2010-02-12,-159.92933389281745,-158.88698611602885,-167.0894725453446
2010-02-15,-170.98388261931785,-176.46809195840666,-178.1520977083
2010-02-16,-165.67175275568022,-169.1373843816069,-174.61784628642022
2010-02-17,-164.65759006801096,-167.26534696083306,-171.97857322912225
2010-02-18,-163.46698739594484,-166.59015111839307,-171.54757037420381
2010-02-19,-161.90985876999994,-162.08233219365135,-163.52246074411863
2010-02-22,-165.34537545740665,-166.72541920187138,-171.5184663157223
2010-02-23,-160.77809928127223,-158.60393850269827,-163.30256480876366
2010-02-24,-164.1104541704493,-167.46335313281952,-170.34442634945032
2010-02-25,-146.8360430511175,-150.99427394898993,-154.91366926384248
2010-02-26,-164.7145292751874,-164.5683586451368,-171.09117122199987
2010-03-01,-160.70717193592262,-166.37738607517048,-170.34995376112036
2010-03-02,-164.87417095269723,-164.19781380303067,-163.53107448669306
2010-03-03,-143.91077799869532,-144.3564505788413,-161.3564009994995
2010-03-04,-165.39457992827863,-167.47767868700868,-171.38861886032234
2010-03-05,-168.46012300113938,-171.98699062072228,-175.51401461545146
2010-03-08,-142.14151183310483,-145.31735977047782,-152.68930658086052
2010-03-09,-157.76567051319626,-159.22883760365997,-160.92680028473586
2010-03-10,-154.79186275003556,-154.83988860607633,-161.08870661508007
2010-03-11,-168.41755501531148,-167.88493757610502,-169.71853351337802
2010-03-12,-147.4246149636091,-143.54270288989733,-151.41940318138361
2010-03-15,-167.93885169155243,-167.50796669456682,-169.90957563404842
2010-03-16,-157.34200875653656,-155.46212072865615,-159.61421148759567
2010-03-17,-164.96852156132343,-165.42341013648627,-169.40144194543387
2010-03-18,-161.4022704487425,-160.38251363330534,-166.4445741101476
2010-03-19,-160.52497432384092,-161.312764066976,-161.90064863205487
2010-03-22,-157.31244410283318,-155.98565704133136,-168.4695031835377
2010-03-23,-164.67422461851532,-166.10910102124953,-171.9518499240376
2010-03-24,-155.4778061619573,-158.63569366496648,-155.44906706889947
2010-03-25,-144.2815515872601,-148.61398679657896,-159.81500678215804
2010-03-26,-143.69127618223365,-143.93593413600954,-157.46504982175534
2010-03-29,-165.67668548884205,-168.2878168628324,-169.48160656763258
2010-03-30,-161.7705789586472,-169.59510019169798,-175.5073341104673
2010-03-31,-152.18898055266754,-158.2928542644931,-166.36708576146353
2010-04-01,-158.61609014532533,-163.17964950388136,-166.75058283281726
2010-04-02,-156.97531160305536,-154.66164660097135,-169.87116779681625
2010-04-05,-155.68685429551616,-153.38746372455446,-159.07686865421522
2010-04-06,-129.6741702225856,-134.36935123290885,-147.00544289638157
2010-04-07,-149.42786879839406,-158.71323774726207,-166.58723308459588
2010-04-08,-118.78499656687961,-145.7368426042706,-152.55080782117486
2010-04-09,-131.2646946732043,-126.63976423474138,-147.9820761811548
2010-04-12,-96.4859924210415,-130.83112973183484,-151.89371148518958
2010-04-13,-154.99396649892873,-158.2923620897001,-161.39985139094549
2010-04-14,-157.42438679132502,-161.45630266739184,-164.98543670152617
2010-04-15,-146.57420454907302,-155.69489169126715,-163.4804604726893
2010-04-16,-133.98014295385053,-148.53930297835,-155.9840003672905
2010-04-19,-136.3074675688821,-149.9106734459408,-157.52168664034537
2010-04-20,-128.69809626429242,-125.26213928063464,-154.73121643575539
2010-04-21,-152.11559587931504,-161.42434562156612,-167.6908413381326
2010-04-22,-111.2154410055102,-137.01504975317704,-143.57597994017397
2010-04-23,-152.49955429922434,-159.32083913272228,-167.69376620898203
2010-04-26,-145.62433135770928,-152.36064663452547,-154.50999452748835
2010-04-27,-164.18011884931045,-163.96713623326346,-167.00725020326323
2010-04-28,-148.01883497156035,-151.70700781713163,-161.0405605275476
2010-04-29,-153.8599910575421,-155.95931007585554,-157.80138394490584
2010-04-30,-147.41264739862385,-150.5215511080823,-161.9770041605406
2010-05-03,-147.41021946332557,-152.4169549898939,-163.88266947896352
2010-05-04,-166.27981095115416,-165.97032379012572,-173.5227093247249
2010-05-05,-168.6498571781048,-166.80685869765563,-172.34100423731158
2010-05-06,-148.09262521410045,-147.66238766458167,-157.65724397193168
2010-05-07,-148.14275308201704,-157.5689734557455,-156.21963310440233
2010-05-10,-158.3655559132854,-159.20391781696108,-162.1257429442873
2010-05-11,-157.9045653206307,-162.31882312414808,-156.8599957972458
2010-05-12,-163.72703214049886,-166.00403652952932,-171.61360044400416
2010-05-13,-155.11362346923656,-155.03698709838358,-158.54063341763057
2010-05-14,-166.07711638999425,-165.41164602499447,-166.53369444159932
2010-05-17,-146.6106682448862,-153.3548993936001,-161.3478168718822
2010-05-18,-165.6322430871624,-164.2180352432273,-167.9228376515441
2010-05-19,-144.5629605449676,-156.25311461129925,-158.62346904333532
2010-05-20,-154.77091557249827,-160.81078192776096,-160.89691335331545
2010-05-21,-160.07650171649126,-162.8659242637167,-164.3107646377548
2010-05-24,-159.73210951168923,-159.69822353712786,-159.7320109357067
2010-05-25,-166.72319639829914,-170.40491629578366,-169.40915581166124
2010-05-26,-156.82013728874105,-162.09327327747675,-163.68341901765476
2010-05-27,-166.08211844003256,-168.8618910190871,-169.33408768394779
2010-05-28,-151.03980035949277,-150.26466861900676,-154.83376683920744
2010-05-31,-156.6345396072296,-162.62180137945728,-167.45829378961247
2010-06-01,-168.11130581157792,-169.57954324413106,-174.81243806698726
2010-06-02,-163.06506789372577,-160.98948470411287,-161.1071942110459
2010-06-03,-152.6710790929018,-149.0122339220456,-160.12322035765933
2010-06-04,-157.15541658876018,-157.04627909835176,-158.83062262653118
2010-06-07,-158.86326374639194,-159.79059487053837,-160.0481814256525
2010-06-08,-130.49788368740525,-134.71915112013917,-155.10055288239494
2010-06-09,-150.3801695950649,-150.37093083172687,-152.0955857572716
2010-06-10,-152.042837299059,-154.65560418800757,-164.2452749715091
2010-06-11,-153.12089290325162,-152.43646350039455,-156.46673668690048
2010-06-14,-160.22160692331227,-163.50793073850502,-165.22140907026252
2010-06-15,-142.64580712531227,-141.5021230297117,-161.76857536268872
2010-06-16,-165.9328655339628,-167.33867410196362,-171.62924543845574
2010-06-17,-155.43841987403624,-155.413076656796,-155.95782748043757
2010-06-18,-158.60816663938527,-162.5473512139143,-165.3326629720782
2010-06-21,-135.2809172522351,-147.3249470199351,-159.85313505835188
2010-06-22,-151.53582813737918,-156.8874205506187,-162.25930709961173
2010-06-23,-160.58174936212723,-159.4700394108426,-158.9670047731884
2010-06-24,-160.47697851220508,-160.59708452315277,-167.19045300197075
2010-06-25,-108.01397200421107,-124.3167961591952,-150.31529939814976
2010-06-28,-138.75052507354724,-145.14919122714215,-156.22511918948555
2010-06-29,-147.3589121940827,-156.4413325569452,-159.25442357505926
2010-06-30,-138.44588909975425,-141.4569345494266,-151.6996549787626
2010-07-01,-156.252696841958,-158.91531767064546,-163.25015888085687
2010-07-02,-132.99419231210595,-139.74723461922648,-148.95492911076067
2010-07-05,-135.43367245451276,-144.96295009136094,-153.46250250604746
2010-07-06,-158.2148280557459,-161.46734960219877,-166.7539905934152
2010-07-07,-161.04895570341972,-161.48598774090436,-163.34690597817666
2010-07-08,-135.84944809026086,-150.98362784344164,-163.4966547314513
2010-07-09,-133.27792635774793,-146.06224788183187,-156.02965382958092
2010-07-12,-144.47773540638465,-149.88089564562083,-158.58620331744743
2010-07-13,-163.59402483000278,-160.32244658094496,-164.6648611947798
2010-07-14,-143.27614090180526,-156.824363348167,-160.34310244203925
2010-07-15,-138.62045606726696,-150.7476786422332,-157.32379920674538
2010-07-16,-144.68145976317967,-152.85664013534117,-157.2662401205652
2010-07-19,-153.50086439093033,-157.99524462736267,-165.41767770473277
2010-07-20,-108.3846360268531,-139.45902988437612,-145.74063057334087
2010-07-21,-149.6074547584517,-143.74197552563106,-152.6129541804253
2010-07-22,-135.52376261839504,-148.68512628604014,-161.187419706822
2010-07-23,-161.1900809247159,-163.60889213601547,-166.3279499459221
2010-07-26,-157.63026495280766,-160.0362755572024,-164.05460716547304
2010-07-27,-162.71290249081508,-163.02157953495356,-166.53875963025695
2010-07-28,-156.2661189830758,-155.22916072670156,-157.20938628429298
2010-07-29,-150.46732876067097,-155.10193755023988,-165.28176644660147
2010-07-30,-157.68524101851352,-160.82576593563212,-167.26767798144195
2010-08-02,-149.0070593267324,-155.97272587153947,-159.7465405951162
2010-08-03,-155.82076481670003,-157.19094322103055,-160.51067838867078
2010-08-04,-141.9430229821408,-150.9029951398857,-148.5492655764798
2010-08-05,-137.58214070883855,-149.91077963028425,-154.31355243557326
2010-08-06,-156.93021955287523,-151.3849459838791,-154.60175991107798
2010-08-09,-155.97743965224177,-162.67691878434027,-169.18372322476458
2010-08-10,-157.83671335351207,-159.18235348136326,-163.7572431010109
2010-08-11,-164.84873248460744,-164.01077576269165,-165.7547700958631
2010-08-12,-152.11149723998366,-153.8072826663814,-165.05714319832953
2010-08-13,-130.7402492644619,-141.19169338877202,-151.00355400678788
2010-08-16,-164.16075500348452,-164.10261502693015,-166.96653038325067
2010-08-17,-144.2501198586236,-154.5801404301448,-159.18385628957003
2010-08-18,-163.52303973891293,-161.1358723012117,-163.67195996730098
2010-08-19,-157.85379136321757,-159.54835367131247,-167.51232712458932
2010-08-20,-143.84196751954937,-151.6720396566314,-161.4801226047146
2010-08-23,-158.61383221809518,-159.12247099257704,-159.14307951118354
2010-08-24,-145.29554739496584,-140.04675092553381,-157.66616264687337
2010-08-25,-157.64127203069114,-164.9297848087466,-166.20476671158826
2010-08-26,-160.43997759333948,-163.72211874698453,-167.46194018428875
2010-08-27,-160.30717751518267,-152.50644793798756,-165.4000995039029
2010-08-30,-156.64914814567626,-161.17874369332188,-167.0380733696274
2010-08-31,-142.17487087844194,-147.535947971072,-161.02494517602574
2010-09-01,-128.47845442007156,-124.66490768673198,-152.04040712332812
2010-09-02,-162.72906548038262,-162.25797918834039,-159.8978085279913
2010-09-03,-151.75290153294367,-151.5130994069257,-165.01303034490883
2010-09-06,-149.00165888610636,-150.31830569963202,-147.88295189838226
2010-09-07,-161.0021372161978,-161.6876024786607,-168.50630883341742
2010-09-08,-152.27283666860123,-154.80613919157852,-158.29424144736686
2010-09-09,-158.6559707486911,-162.83436754578716,-162.64338851916403
2010-09-10,-163.20017870546732,-163.14164466789023,-166.04569459100193
2010-09-13,-157.4534290271427,-156.02666667401414,-163.76832102326364
2010-09-14,-160.2000525627999,-159.26179920118926,-166.00474714427884
2010-09-15,-154.93415474783959,-153.3260610663327,-156.4760467010641
2010-09-16,-167.18894024674736,-166.11622335754518,-167.83477126175194
2010-09-17,-162.09952728727973,-164.23117153199968,-166.09556679719378
2010-09-20,-162.4572102189121,-162.4250672072478,-163.87382475125258
2010-09-21,-155.50043999538295,-156.62805696033337,-162.17727227856787
2010-09-22,-155.56628697708962,-154.64068473394917,-156.12919338239175
2010-09-23,-152.92771089695347,-151.24508612604515,-149.52451756786434
2010-09-24,-152.9256178475437,-151.61043899271715,-158.14988731462347
2010-09-27,-162.6509706615264,-162.84346774153718,-159.78330688109023
2010-09-28,-162.82439810994313,-162.3788776874134,-158.49877029334544
2010-09-29,-164.94449178538858,-166.2008605690187,-168.94685942088176
2010-09-30,-161.47502050080612,-164.66104252607622,-164.22710998089775
2010-10-01,-150.4469445544854,-154.7814083018928,-161.98798989435463
2010-10-04,-152.95840787352435,-157.7459177170584,-158.9944869342644
2010-10-05,-161.09972534442647,-163.19660678763958,-171.22115062703224
2010-10-06,-160.58181138260318,-164.53823590273453,-167.20367722941512
2010-10-07,-157.9500459881289,-164.12578376459743,-160.05341626476223
2010-10-08,-161.19121400340777,-165.12498095219908,-170.30059900439076
2010-10-11,-143.4804327645276,-137.15456933056436,-155.74846402396733
2010-10-12,-127.27090198431733,-141.40717843038198,-157.2520163502411
2010-10-13,-151.09461418687368,-147.67475295639983,-155.4864300875391
2010-10-14,-138.5711861388545,-133.1689869356952,-152.25743432662748
2010-10-15,-156.82471855031446,-157.02498242590758,-155.48342551923832
2010-10-18,-157.7557820763455,-160.1908252865332,-166.90073070842743
2010-10-19,-138.82932097641037,-138.7668101217106,-155.05512054374137
2010-10-20,-169.45052586249184,-169.82323678879496,-172.43556420373395
2010-10-21,-161.29967799621178,-163.67918670713786,-163.57066798315765
2010-10-22,-159.46270166988353,-163.55764148640404,-170.5127056143484
2010-10-25,-161.3847001708537,-162.26270254702544,-166.5464244377376
2010-10-26,-152.69951696244058,-150.80841758831622,-162.31030239092954
2010-10-27,-150.74977644025776,-156.59521576661677,-160.08497352276248
2010-10-28,-164.75646008662645,-164.9576508018038,-169.0817854251367
2010-10-29,-156.12264608722518,-152.58278753479556,-160.01817595700632
2010-11-01,-148.25490479096482,-150.10683092212585,-160.73325839962996
2010-11-02,-149.09041852863726,-154.19515967052666,-157.08277827717995
2010-11-03,-166.99902886752636,-170.29155896056142,-172.02035972771006
2010-11-04,-157.755333560208,-165.19765996293006,-168.13329363978326
2010-11-05,-162.2756122650383,-163.8983648647123,-162.10032093636204
2010-11-08,-158.36103326960801,-158.97906783527594,-165.68235511091788
2010-11-09,-168.78210837820228,-172.01674519297399,-174.57185731947052
2010-11-10,-157.8247291934718,-158.79241571689738,-167.42837059336114
2010-11-11,-163.1776648832206,-164.5194298291387,-166.81921619786513
2010-11-12,-151.87745085552183,-150.84440226013155,-158.1547076045867
2010-11-15,-155.72066139866644,-159.25341505969078,-168.8676283407432
2010-11-16,-151.34922585409512,-160.62187066893813,-165.74596921925888
2010-11-17,-158.37259497835262,-162.73150439218642,-173.53325200440486
2010-11-18,-153.579013376753,-158.80243766960714,-166.20378909799777
2010-11-19,-169.32802392668907,-171.09931210991104,-173.1925710296834
2010-11-22,-161.55033605229247,-159.05845012090225,-166.11449134608776
2010-11-23,-150.03478195306832,-155.26147802718458,-159.61108260184898
2010-11-24,-157.85710105172714,-159.17341508989102,-156.5830977483457
2010-11-25,-156.20893180433686,-156.97951604980224,-165.73260977774086
2010-11-26,-162.9758511977448,-168.9900661369922,-166.0793861075304
2010-11-29,-169.17507458644937,-172.11069263982426,-171.03144339025516
2010-11-30,-162.7343545155141,-157.9440301195749,-163.68631868229517
2010-12-01,-163.56791340530467,-161.56310522741725,-156.49775055905195
2010-12-02,-164.33090495872315,-167.43918375454288,-167.12181197161783
2010-12-03,-164.05540717838616,-162.78064452460063,-162.0481218264097
2010-12-06,-157.61816443756385,-160.596466852781,-171.0844191430186
2010-12-07,-152.58180385548727,-150.07808575804515,-156.94158583503358
2010-12-08,-160.98735007464802,-158.95536736271893,-169.2311108860533
2010-12-09,-161.61210302699715,-165.13375961752647,-164.33336745926772
2010-12-10,-148.4329453642144,-146.920045140343,-160.23920394415669
2010-12-13,-159.1810594782311,-161.82999633753795,-165.52069717267185
2010-12-14,-133.05190119895002,-137.73343501101232,-150.5257187677488
2010-12-15,-161.65278965417534,-161.67329796326618,-169.32303075346226
2010-12-16,-158.88283449651178,-153.6458004830032,-163.8073571580564
2010-12-17,-139.6520665039722,-144.5056043537206,-150.9612227769963
2010-12-20,-162.52891129470171,-162.6599154521362,-163.05025378380583
2010-12-21,-163.9289535908514,-162.22918845021013,-167.91906121234254
2010-12-22,-154.30631683691502,-152.00577680629178,-161.3228456205483
2010-12-23,-168.7200983088137,-170.02347717614958,-170.38308239082673
2010-12-24,-163.8320847361017,-163.62997525417927,-168.09572099364104
2010-12-27,-142.3211948975345,-143.37232147739854,-162.15745654378065
2010-12-28,-145.88292760370118,-148.993856972022,-164.11019250570956
2010-12-29,-142.6429447598257,-136.7264950203372,-152.77457449174867
2010-12-30,-158.44744771105465,-161.43235743042226,-166.61775566726047
2010-12-31,-135.26569113772769,-139.95606789571633,-157.47554271467368
2011-01-03,-146.57970391011338,-148.7249644238092,-165.36877932485743
2011-01-04,-153.98737785163797,-157.48344105683458,-162.96557657406635
2011-01-05,-147.88930865129078,-152.1198491306567,-155.78029681100543
2011-01-06,-159.6418428511941,-160.89387915527422,-168.39383188598694
2011-01-07,-154.88137749966177,-160.48110994889046,-167.66131743037178
2011-01-10,-151.83560717902947,-152.6009067963937,-164.75827301426907
2011-01-11,-149.38722165431835,-149.91550128811508,-149.88982924489375
2011-01-12,-167.0533955851403,-166.76326541574576,-167.73050570563964
2011-01-13,-150.9015829326367,-159.37342349241064,-161.0007144248755
2011-01-14,-166.36217568593196,-167.65167762237735,-171.97565293856746
2011-01-17,-169.85373176920177,-170.4638896921199,-172.69048361882943
2011-01-18,-149.2845267267847,-156.58996637502963,-162.6754571320548
2011-01-19,-158.6853815989195,-155.93635135770572,-157.63618652444654
2011-01-20,-151.16010964585607,-149.8615043709931,-158.94855893884005
2011-01-21,-82.45406411669437,-92.63225912114395,-146.95959912482644
2011-01-24,-152.93062837924876,-158.44150423354162,-161.38682820183664
2011-01-25,-153.90571810422776,-155.5822981639229,-160.7673555841346
2011-01-26,-151.87300149177253,-151.17048054450987,-161.11019630296803
2011-01-27,-154.65707280050947,-153.0101386688718,-158.8624232385261
2011-01-28,-112.66101003557446,-121.28379732770281,-154.91718938021071
2011-01-31,-142.99559883745803,-148.48082978047944,-157.50653835814506
2011-02-01,-158.7989333595672,-161.5988617920907,-163.32724816897758
2011-02-02,-154.82049196924538,-156.45725173258126,-157.60793048505113
2011-02-03,-158.71444674039617,-159.46572919949915,-163.58752309196643
2011-02-04,-136.75350074278626,-138.87724280747204,-154.27134841730273
2011-02-07,-145.04608717646906,-149.76824330820506,-163.26244572680895
2011-02-08,-155.39169073577685,-158.5905794310206,-162.97166498615857
2011-02-09,-132.5274606282962,-137.93866332545446,-137.77234023085106
2011-02-10,-154.2007705564921,-156.88398929892108,-161.22899950102425
2011-02-11,-160.11806622990554,-165.84646904455028,-168.84708228602696
2011-02-14,-139.48836107585205,-143.50283967121536,-158.11472465602685
2011-02-15,-125.80170142701513,-153.44554255688396,-148.39319311903202
2011-02-16,-100.94808551184407,-138.4945857770528,-160.94005628731787
2011-02-17,-140.59753009489663,-148.0412363829024,-156.78914284807797
2011-02-18,-150.71390963105713,-159.0515244509508,-157.95021646897803
2011-02-21,-145.80567716007602,-154.25834777372947,-161.35144154923736
2011-02-22,-139.40308376427788,-142.31137988301435,-159.03497368751067
2011-02-23,-141.2048105923824,-156.9812069167815,-164.42693982432377
2011-02-24,-126.71243798809482,-127.47179318906463,-143.11450899320616
2011-02-25,-148.18176344582744,-156.81266490414117,-155.15234757921942
2011-02-28,-134.10349370375488,-137.97779754827093,-153.97674491838657
2011-03-01,-141.3321525727275,-160.99767929367758,-167.5057115774846
2011-03-02,-147.38743882944888,-154.753382942551,-160.29619278960678
2011-03-03,-154.79370047251243,-157.84952631042526,-150.02554156894612
2011-03-04,-151.69109997170173,-159.59399789968683,-161.7417676674447
2011-03-07,-166.20129267490262,-164.61558865573818,-168.5121068588185
2011-03-08,-153.82596012097923,-157.02414049929862,-164.4996350307208
2011-03-09,-130.54229246901988,-137.18282129559125,-143.5059199066362
2011-03-10,-157.94225154262548,-161.4137217889812,-160.7735992420923
2011-03-11,-168.73192245657393,-168.51003516894247,-170.25988244389825
2011-03-14,-119.15168839624044,-143.1214235474956,-155.73169772069963
2011-03-15,-131.4123114677483,-147.87422209297046,-167.11065679979177
2011-03-16,-100.52937734971245,-122.37097906580283,-141.23524114955336
2011-03-17,-122.438886700468,-140.65891671320918,-153.9010227589531
2011-03-18,-155.60776188136583,-155.7336865880778,-159.0393976572983
2011-03-21,-163.40121927054338,-162.9599946961351,-168.68968966203448
2011-03-22,-141.71123695142853,-153.6996886915106,-162.11626614409505
2011-03-23,-152.05442334360964,-161.00757839370402,-163.92013098906864
2011-03-24,-142.92853190842376,-145.61085442441228,-156.15813067627084
2011-03-25,-160.9009582010012,-160.23497816348464,-161.12172778519118
2011-03-28,-148.9822604340652,-152.3319838756986,-155.78567312851467
2011-03-29,-159.47275302124936,-161.50665083260446,-163.10160026295904
2011-03-30,-145.60155542169645,-144.57904746598064,-158.51183869525119
2011-03-31,-142.97689477321373,-153.76305480259828,-154.1820153137463
2011-04-01,-142.02729843780145,-153.9336510321999,-156.89959394169801
2011-04-04,-155.94460368543628,-161.56582236349652,-166.29317390637198
2011-04-05,-164.83161255547162,-163.61019135930243,-165.94076561510852
2011-04-06,-151.82114991993296,-157.61867094511823,-154.36652123643273
2011-04-07,-140.5874557974485,-142.9330760483523,-154.29954729232958
2011-04-08,-158.15622303969977,-151.59823986620773,-153.74215113586592
2011-04-11,-143.6789128858618,-142.88260594943097,-140.95851653970774
2011-04-12,-132.83468553537688,-152.50049090330896,-157.79481389475
2011-04-13,-167.2174759637763,-166.40453764115907,-169.3224494566684
2011-04-14,-141.97751339276272,-145.6110488866746,-141.1629310455354
2011-04-15,-161.09786695633423,-163.32560759303425,-164.0094124269737
2011-04-18,-158.28096857333503,-160.479817277097,-164.64822190151764
2011-04-19,-150.18352706609062,-152.2776292633735,-160.98275190212107
2011-04-20,-141.38712420935087,-152.0542500686413,-161.09391099215222
2011-04-21,-162.4018800798081,-162.26245204051904,-162.35997292714657
2011-04-22,-161.98850406973102,-160.4265175813276,-157.38085658017482
2011-04-25,-163.6382212741773,-167.5701172436842,-170.85899598524256
2011-04-26,-147.13265761945217,-158.6153787046701,-159.0654624672495
2011-04-27,-162.98726077419562,-161.9196380149762,-164.89923755140887
2011-04-28,-157.30574508631034,-159.44650529931104,-161.9751135652677
2011-04-29,-121.54294131164883,-133.7683288419784,-145.41085065315684
2011-05-02,-162.44118050254903,-166.06133840974408,-170.65661729948198
2011-05-03,-153.49495242378464,-159.93172431654335,-155.18110940356308
2011-05-04,-151.95377911348032,-160.73221467404426,-164.492912176185
2011-05-05,-134.51838455328465,-142.3400552785714,-158.11378903612746
2011-05-06,-156.92970942708234,-159.69099837162003,-160.27326154958683
2011-05-09,-165.19974590605477,-166.47997104484986,-163.50549075147626
2011-05-10,-150.95603367545107,-155.2675119952843,-161.53629076693568
2011-05-11,-141.48271295719366,-147.672553300873,-148.5762305547015
2011-05-12,-150.80999408799403,-150.90810646492176,-154.1719977320308
2011-05-13,-161.52679643573327,-166.5527984305319,-168.32276365586708
2011-05-16,-143.984746229741,-152.5749928231628,-148.90866892895951
2011-05-17,-145.31199968796363,-148.10882494176897,-159.37076283573637
2011-05-18,-153.1625806422833,-152.9005757382541,-154.11987962206078
2011-05-19,-139.1055098407182,-150.57795459422755,-154.7732519280117
2011-05-20,-152.58767511009287,-151.80587011130558,-158.72986896679555
2011-05-23,-166.40269648525913,-160.94335343700732,-164.11266290536832
2011-05-24,-161.93619216393077,-161.54669206547936,-166.8628598893578
2011-05-25,-157.96149296743113,-156.5207251469564,-164.02361155577307
2011-05-26,-170.74734466478918,-171.5913794486937,-174.84286963096312
2011-05-27,-159.78614306666913,-159.2588289206327,-168.8099696549247
2011-05-30,-165.9904306870845,-163.6452853678867,-163.67357240737465
2011-05-31,-161.95678837504065,-163.15182483806717,-166.90558512163295
2011-06-01,-162.6818853684739,-164.25878165132718,-159.17627940307898
2011-06-02,-154.84132404489225,-154.37561265993384,-164.28437357855663
2011-06-03,-156.33958108579495,-158.39615572590006,-161.55665655848136
2011-06-06,-161.75046595837443,-164.66223731765658,-165.73086937033963
2011-06-07,-165.61405541813988,-166.451401980711,-169.5745213620858
2011-06-08,-143.66696120479213,-145.63618653845646,-151.77327841047173
2011-06-09,-160.3765150696508,-159.0515110334179,-160.66719665791766
2011-06-10,-158.78938559425836,-159.0576769659603,-157.6957092785365
2011-06-13,-166.50578420415908,-169.3226188495846,-174.98433415915477
2011-06-14,-138.14050772476475,-137.40001464212696,-150.89226062084697
2011-06-15,-147.558836500075,-151.55266178834253,-159.56921451437736
2011-06-16,-152.421402464626,-153.428717547135,-161.49537824826555
2011-06-17,-161.0687978572655,-162.1245365528808,-161.26988017702894
2011-06-20,-159.80349791688863,-162.61420362313396,-165.01111291555156
2011-06-21,-150.5860007123512,-155.07465571031045,-161.1593700547761
2011-06-22,-161.55728433012797,-161.64514896343687,-164.05008038992904
2011-06-23,-151.7400008249149,-150.39380936684364,-155.52039424608145
2011-06-24,-160.181111856813,-162.7359807843806,-165.01270052483864
2011-06-27,-159.08974706575074,-160.49339643109764,-165.76845753065038
2011-06-28,-164.274394193336,-164.69655848433706,-166.41534628662995
2011-06-29,-152.78107988231665,-156.30806306033955,-161.78757861545404
2011-06-30,-159.21001903995042,-159.76114398913506,-163.34679917547817
2011-07-01,-152.7316912447439,-156.09112451800476,-165.783695708533
2011-07-04,-154.48813884620267,-156.9624087282421,-161.61792924195225
2011-07-05,-158.6226163715635,-158.68479564746443,-154.1430818461207
2011-07-06,-162.45842181094895,-162.19573183787517,-167.40514252003112
2011-07-07,-143.816056416043,-147.6274569943144,-150.52597773215803
2011-07-08,-155.46244065858775,-159.52414283894842,-161.7805534635636
2011-07-11,-152.68446257539887,-158.58146708387403,-162.3068147227683
2011-07-12,-136.3524538314882,-147.92588437312787,-148.42627953193497
2011-07-13,-165.716329115402,-170.71632366027757,-173.40259708263267
2011-07-14,-150.87068137337354,-150.19652166246937,-157.15817041338494
2011-07-15,-153.5388648070916,-152.26601522058465,-158.75956687934635
2011-07-18,-159.08406544026005,-161.5755075585843,-162.24439620677137
2011-07-19,-159.2345188005899,-156.93199301207665,-160.05878367320838
2011-07-20,-154.28604366269738,-158.31340115061593,-168.27236004554314
2011-07-21,-149.58277928934575,-152.78457344324983,-159.71460993371664
2011-07-22,-152.90323907708358,-158.6671475390088,-161.14163879467554
2011-07-25,-152.5682351634944,-153.11393739360366,-158.83069882342383
2011-07-26,-146.4319147880338,-150.46777020158353,-155.11215207665026
2011-07-27,-152.96537347711288,-156.93958318496163,-159.62863777510782
2011-07-28,-153.50708264161057,-155.70242896805354,-160.43809365286526
2011-07-29,-152.87653786175744,-153.99141879102325,-162.11511876679302
2011-08-01,-160.89036535180816,-163.68564844636452,-169.93966120146064
2011-08-02,-158.53416937494632,-159.92383814001153,-162.98501167239166
2011-08-03,-162.33813666792003,-168.18320777124669,-170.7459840180232
2011-08-04,-169.2115488570804,-170.86155126150834,-175.83541647621945
2011-08-05,-157.1234821838856,-159.1941688790876,-160.485232898747
2011-08-08,-147.88189760629388,-157.58314933722278,-161.86413239969033
2011-08-09,-152.44976794949926,-155.72192919037525,-153.56143059784088
2011-08-10,-162.96092284791257,-168.11374239938777,-167.3206748417563
2011-08-11,-161.51966089113915,-162.86372388053778,-169.63916802661862
2011-08-12,-151.9378911175752,-150.54217667389156,-152.78552273033733
2011-08-15,-150.15333273230345,-145.35606907337646,-161.76584833355452
2011-08-16,-151.59421739939802,-155.72460599976537,-157.15331612772792
2011-08-17,-160.39176322726,-161.1475698558117,-163.62900908125727
2011-08-18,-143.6940970658868,-145.52333139172976,-154.0103590715815
2011-08-19,-153.83238474878485,-159.8262851926819,-165.7862144714401
2011-08-22,-156.0619844482787,-153.6694641513563,-154.37641839295515
2011-08-23,-146.78781022135857,-144.06741196447433,-147.72710297354504
2011-08-24,-135.40084066522854,-152.41466473630246,-165.36016072046442
2011-08-25,-158.25780585106875,-155.57397547180443,-160.67540352306574
2011-08-26,-164.01424992422176,-162.63602482944074,-164.25505998190306
2011-08-29,-142.20885523025407,-149.54369671156073,-156.6742165857454
2011-08-30,-153.84602031794583,-157.39889844409302,-166.20679406538488
2011-08-31,-117.2676013600713,-137.98763547211814,-136.1082162084461
2011-09-01,-164.67253245681118,-167.33820515682618,-170.08477774227444
2011-09-02,-156.8694293935861,-157.5305709769636,-166.3509454755171
2011-09-05,-150.73710905924935,-157.48148184186837,-167.1747916444874
2011-09-06,-147.339817910553,-153.59991942372338,-160.94622186411607
2011-09-07,-133.7430827810507,-151.4397395263589,-155.04678406540071
2011-09-08,-161.66963767531195,-158.92725895209423,-163.15786278484433
2011-09-09,-145.82170948248753,-153.89869202918536,-162.61813755341882
2011-09-12,-146.91823570614756,-156.12078670846915,-161.76368128779652
2011-09-13,-140.8832916501753,-144.38807669006587,-159.27670705659818
2011-09-14,-164.3709019708774,-165.77735403595204,-168.74470718157397
2011-09-15,-140.75513442332453,-152.1824147914804,-164.14259598985902
2011-09-16,-128.66979167098987,-143.0981049945046,-147.63108933590894
2011-09-19,-151.05962202086172,-152.42909360198524,-161.03038716726502
2011-09-20,-153.9438294167898,-157.2208525400775,-158.18509193978073
2011-09-21,-169.28868539904897,-168.80297164347016,-173.2245651266144
2011-09-22,-143.92510720012083,-154.97999336083961,-163.40951817126796
2011-09-23,-146.55567326627204,-144.94017454172763,-158.02664764069362
2011-09-26,-160.40823431602618,-162.0061862918489,-168.81998795355457
2011-09-27,-158.35314777126692,-158.26870532368747,-165.10396467685047
2011-09-28,-156.60076533022874,-159.67960859349427,-166.1813160103565
2011-09-29,-165.41072910277862,-166.42325964794688,-168.6646849452511
2011-09-30,-157.75493835479486,-155.97113052123777,-163.12521280091144
2011-10-03,-166.4081320285405,-167.0557833267401,-167.3229488380789
2011-10-04,-130.12061786818106,-139.067704576704,-157.76677758658425
2011-10-05,-168.62630015846983,-168.03529451795788,-169.5776598651248
2011-10-06,-157.38834861537907,-161.47364767448968,-168.21253715647293
2011-10-07,-150.88872778198373,-158.37636714107538,-167.13637908763025
2011-10-10,-150.06162170859375,-150.11527228606664,-161.16409722317542
2011-10-11,-157.80569066753156,-156.85139218123058,-158.2552120769908
2011-10-12,-137.16462604435853,-145.42498389092842,-148.02900975590015
2011-10-13,-153.7295871906009,-159.22253039201024,-167.1836110394955
2011-10-14,-152.18719185643,-152.5922699824349,-165.83556795423462
2011-10-17,-138.89356790566325,-137.54517982194344,-159.5372488101559
2011-10-18,-144.21007899055056,-152.8987260539948,-159.55729494005536
2011-10-19,-154.44393141612312,-159.19975293836117,-165.4567340083659
2011-10-20,-158.8961243694783,-159.55865398029974,-160.81324006826924
2011-10-21,-163.15369333233645,-164.10030606624915,-164.15487132327982
2011-10-24,-146.16429614489812,-149.0855614317462,-151.58773565386525
2011-10-25,-161.35688694265986,-157.9386553949536,-159.16282664622224
2011-10-26,-156.1331488045359,-155.61962225017544,-156.51023253601585
2011-10-27,-153.1636976713372,-151.2362844665637,-157.73499620797753
2011-10-28,-153.26788006066698,-154.06116680276074,-163.57949725774594
2011-10-31,-157.67223123686037,-156.6412356796983,-162.5989578503422
2011-11-01,-157.52780182797335,-159.65175978872034,-165.1399540009346
2011-11-02,-157.2459389415495,-160.00257050749644,-164.20905627615045
2011-11-03,-161.34051304278125,-162.9449475665305,-161.4584577883649
2011-11-04,-163.0534972026638,-162.00766794358282,-172.5410236244151
2011-11-07,-164.05049025842402,-162.88114860670683,-169.29759642681415
2011-11-08,-161.11051898539264,-160.8749900610733,-163.00505102352412
2011-11-09,-161.64086616065345,-163.55147131339834,-169.3690734612555
2011-11-10,-157.36077644240106,-158.39118309814387,-159.4934326352727
2011-11-11,-166.76018001486312,-167.97032800932757,-175.9669845773368
2011-11-14,-167.32491725723386,-167.43747117303064,-172.8509855377461
2011-11-15,-162.2954667622684,-162.69289888740195,-165.68888079668267
2011-11-16,-166.19232332677296,-165.92870288451428,-172.07381796938628
2011-11-17,-153.76928949760875,-157.61960721149688,-161.06112215663012
2011-11-18,-170.58193488008703,-171.61105344017673,-174.9350250947605
2011-11-21,-165.98591080461998,-166.85010124165544,-173.27605560108785
2011-11-22,-170.30456902385944,-173.99760477619913,-177.07647253033483
2011-11-23,-154.69141312674805,-157.35843624178833,-160.22360182984124
2011-11-24,-164.5640667432901,-167.3941484691504,-170.04601824500094
2011-11-25,-156.8566268254604,-158.07175137430812,-161.05497361114197
2011-11-28,-157.87764029440217,-161.70126726984992,-170.71215283520024
2011-11-29,-164.26869552964064,-166.73200261867967,-168.19143501678764
2011-11-30,-162.6948844840571,-159.12811067409245,-170.03769730957566
2011-12-01,-146.00264112273692,-145.16690558311268,-154.79473039645276
2011-12-02,-153.25407312975995,-152.05131290780577,-157.06431978291408
2011-12-05,-153.8980580814848,-153.7430706569624,-163.22039254573465
2011-12-06,-166.2584096213293,-165.89799850858796,-163.6653303472887
2011-12-07,-166.8581660195131,-166.57862188283892,-168.34083735648767
2011-12-08,-166.73382473922118,-169.7373709176193,-172.6110186095231
2011-12-09,-158.41627639063864,-157.4265626867962,-168.88526498348557
2011-12-12,-168.28231172927062,-171.41977199184194,-172.22462637175832
2011-12-13,-162.11554767848176,-163.89232044108795,-169.47642742563173
2011-12-14,-161.99563274048018,-161.6325402077613,-163.85429235389063
2011-12-15,-153.00521231539304,-156.10987938934016,-169.06155618180586
2011-12-16,-158.59336860839505,-158.01819794998346,-166.93677555150268
2011-12-19,-151.30180848611064,-152.55936614995318,-167.11333854792156
2011-12-20,-158.45525927527018,-161.0731801258427,-163.96728110937755
2011-12-21,-155.5067413776897,-158.5167775603564,-167.25314415193435
2011-12-22,-158.95743405175745,-160.07415058331347,-158.16698010730957
2011-12-23,-160.08109157105636,-161.9941669442042,-165.74224596152354
2011-12-26,-156.19409838055574,-155.17169758609566,-161.90299798050123
2011-12-27,-165.14527659211572,-165.74775617636863,-169.35247688218814
2011-12-28,-153.24220758926757,-158.0364980529398,-161.94389801357764
2011-12-29,-164.44077350062707,-165.74858507093293,-169.20466379116132
2011-12-30,-164.45596870919036,-164.80652733892174,-170.67831222480697
2012-01-02,-160.20396676180866,-160.31854389904643,-164.09830329820508
2012-01-03,-168.99267020072236,-170.52877632334463,-172.43203514089257
2012-01-04,-152.75359828922538,-146.08987830438255,-157.36872864089068
2012-01-05,-165.94420768522426,-168.32814415084553,-175.34644387576733
2012-01-06,-152.70282398512808,-154.21781113952505,-164.74371666105944
2012-01-09,-152.92809564920978,-153.52891717723014,-165.01772046126285
2012-01-10,-155.18124752120082,-153.63008102907392,-161.71118374270486
2012-01-11,-157.07843629183265,-156.1783576156667,-163.2333275245077
2012-01-12,-148.84814164898617,-153.27470780782943,-157.3247267679125
2012-01-13,-152.9160112442903,-155.0179297345916,-161.19780940939137
2012-01-16,-162.90786795250384,-163.6062357225711,-163.35536921779354
2012-01-17,-164.83552553407102,-166.84467569696025,-172.5783606153454
2012-01-18,-154.90295324909238,-152.32311899603488,-163.43345502591163
2012-01-19,-164.01322601909118,-165.98102236739402,-170.86801621301842
2012-01-20,-157.85337966474484,-156.78838327202413,-164.90953000744142
2012-01-23,-161.85324006507594,-163.14309777383892,-170.70762211994227
2012-01-24,-145.22502506548707,-143.53746517272273,-152.48094109795215
2012-01-25,-166.38996520824574,-168.35281144877314,-169.09170524752028
2012-01-26,-161.71122066224976,-158.39381535596885,-159.96207598815843
2012-01-27,-166.4008911552377,-170.0823895674994,-171.2911613803189
2012-01-30,-155.33462093441645,-155.69175844062215,-162.6100429549747
2012-01-31,-166.16867559751026,-167.61466841986578,-168.36742531539272
2012-02-01,-159.08551554805183,-161.91891287250402,-168.38935835825896
2012-02-02,-157.29852343737997,-155.91998190147166,-159.8818284152472
2012-02-03,-154.76534113772726,-154.0276164129183,-162.69346632614568
2012-02-06,-143.45333351685804,-147.12547964694244,-153.40354467984997
2012-02-07,-159.92262007844147,-158.87892002741586,-156.74415342873738
2012-02-08,-154.54591035700315,-159.90061168244472,-161.559790933268
2012-02-09,-152.30676536545832,-150.98418599815008,-155.02968507104376
2012-02-10,-154.86228538732556,-158.52740024682214,-162.04571854802705
2012-02-13,-148.71065557552473,-152.7172775397887,-156.90783359572202
2012-02-14,-144.23675721159037,-147.60492735510786,-145.67233982344186
2012-02-15,-151.05173578679788,-154.72284589686254,-159.4126255719342
2012-02-16,-142.54262473920596,-151.00976001691092,-155.4664741327651
2012-02-17,-144.97900635022177,-152.35840130830587,-153.73951886341442
2012-02-20,-166.7237785294844,-163.46980687975915,-167.1221984143024
2012-02-21,-159.50252999143072,-161.1806833377429,-161.98391617938185
2012-02-22,-167.0106239612984,-167.19241668172458,-166.69940366967361
2012-02-23,-162.487125042647,-162.4663608742505,-163.83881750971315
2012-02-24,-166.22100693467962,-168.22787393772083,-169.69585759201698
2012-02-27,-167.40578699612308,-165.49368993723604,-170.12394492758378
2012-02-28,-160.04160194320272,-162.71510489386617,-161.50606195870893
2012-02-29,-154.44068133304606,-155.15852956682588,-165.4075132783099
2012-03-01,-158.41354726486745,-158.04770506759397,-160.46662696942042
2012-03-02,-158.82144050254627,-164.30063851468557,-170.3583724699028
2012-03-05,-161.67582605546332,-165.788559234072,-159.56603795639367
2012-03-06,-163.42693075973347,-161.5523782115293,-165.3822069309836
2012-03-07,-151.80285985243472,-151.430609784551,-156.99052415297018
2012-03-08,-158.49192626772208,-161.47249045811557,-161.57779489988633
2012-03-09,-162.77969933887636,-163.29122467492184,-166.2120154569239
2012-03-12,-160.82294263559425,-163.6053866396158,-163.57507912565936
2012-03-13,-157.9492812541675,-164.9112904396646,-164.00866012503218
2012-03-14,-156.15562621766463,-157.3787618137484,-167.00470391991462
2012-03-15,-158.05764459092464,-160.5897973284695,-166.38801783919132
2012-03-16,-156.50732039715714,-159.1204325832501,-158.58180365314595
2012-03-19,-162.6734057790291,-159.49096810791286,-164.8110339092154
2012-03-20,-161.81149903117256,-161.08776982928686,-166.6329237405563
2012-03-21,-159.4475843845186,-162.96130909789133,-162.21609532339525
2012-03-22,-159.51051995405905,-157.46983996984193,-160.5292536541497
2012-03-23,-163.6649310058846,-164.15793243200392,-164.99145479111692
2012-03-26,-152.8473699729114,-153.18160007435336,-162.39191136602892
2012-03-27,-163.595861622489,-165.87882338536866,-166.88633989665135
2012-03-28,-149.26716828957777,-150.86034034601624,-163.60817825892457
2012-03-29,-153.61461528672874,-153.58275348926134,-154.3185252015821
2012-03-30,-138.0844110693064,-138.4468039766499,-146.58437924290894
2012-04-02,-147.9402498816545,-146.7587027763374,-160.97052768375568
2012-04-03,-153.22831973727511,-154.1330279418146,-154.25728092391947
2012-04-04,-159.07474760354444,-161.5221583126288,-164.1043188408847
2012-04-05,-161.27462874172687,-159.7158194647766,-162.71196533740013
2012-04-06,-156.7439051318952,-160.28131118246583,-164.72052700592587
2012-04-09,-153.44809580629803,-153.33960330078264,-158.82726741292788
2012-04-10,-159.4139268137526,-162.44415144801147,-164.72953041272947
2012-04-11,-158.1632854263145,-151.84550177847257,-158.51262288226798
2012-04-12,-139.49509701621844,-139.62567451022096,-147.9146727099411
2012-04-13,-164.2720147847377,-160.4304287467124,-165.85357183695197
2012-04-16,-136.8461301182661,-134.5234864099233,-143.39204369080062
2012-04-17,-157.4225656860046,-159.1197963237361,-165.1580287210549
2012-04-18,-162.05589456264659,-163.60643705601433,-166.21984027809964
2012-04-19,-160.81568999759,-161.41712056956646,-164.8957753965139
2012-04-20,-140.06460263114914,-145.8288375021029,-152.48035504717777
2012-04-23,-155.41032788673098,-150.80646998888568,-161.16264000830233
2012-04-24,-125.14668096785707,-133.8355703049483,-143.26160737053982
2012-04-25,-159.22466999392623,-157.14471567420702,-160.7597883394449
2012-04-26,-155.93200054304813,-150.24420019051564,-151.72546508015125
2012-04-27,-139.65987529114602,-143.83079083733352,-162.57605373172825
2012-04-30,-145.7209169955337,-151.12791305913123,-160.03753163392923
2012-05-01,-147.06978954985973,-148.84407048033148,-152.8142824763
2012-05-02,-148.19580321400377,-142.93700210771402,-146.34266283623768
2012-05-03,-150.75747746967025,-155.24708448755518,-155.33643054792898
2012-05-04,-149.87519611320656,-154.6303791198476,-163.68053359761876
2012-05-07,-152.1336779805337,-149.33149568253106,-159.2257738072271
2012-05-08,-144.2837393662129,-143.11754720749818,-155.37331572333756
2012-05-09,-154.66726905330034,-153.19361305866357,-155.6808245972021
2012-05-10,-149.2720431460138,-152.5923098765956,-157.03378792511003
2012-05-11,-164.2265935452061,-163.4258783529211,-166.44189356621803
2012-05-14,-162.5196903605515,-161.50677848441936,-169.30992864385556
2012-05-15,-138.76808967069957,-146.00100707000558,-164.4893618653015
2012-05-16,-157.81133807471966,-156.37312620439187,-162.60040093427503
2012-05-17,-152.68431420300283,-153.988870257062,-159.08079383785898
2012-05-18,-154.61216792316299,-155.0432401210486,-162.755482329541
2012-05-21,-158.6582935543479,-158.05667085345942,-166.0032662824049
2012-05-22,-158.39656655757796,-162.2420657539998,-161.9374243123115
2012-05-23,-149.77487000463998,-155.2741435769857,-160.98860619789963
2012-05-24,-128.18256108268116,-144.4118005525816,-163.09089521584696
2012-05-25,-149.3836297312086,-158.35968541322848,-160.88448213518149
2012-05-28,-151.54935538908734,-147.0821841172618,-145.5456612318576
2012-05-29,-146.5426182565554,-149.77141830683794,-161.39414397483992
2012-05-30,-127.14417969942647,-126.13080961887661,-150.694284270533
2012-05-31,-132.6040731825097,-131.79271692467336,-149.77424362857468
2012-06-01,-139.8561457585973,-144.00731086623148,-157.17386701921959
2012-06-04,-156.7633499255357,-156.7588229911738,-164.25500842527256
2012-06-05,-133.6105707076033,-138.84883543332273,-156.2312647332322
2012-06-06,-159.21602448326578,-159.98874241629613,-164.5409478504285
2012-06-07,-144.62785613419223,-150.58565794955743,-152.8352737171672
2012-06-08,-164.4386410806589,-165.3764560442761,-169.5383650726546
2012-06-11,-157.68133304852665,-158.6149473828315,-162.30147082551764
2012-06-12,-162.5434165074181,-165.98364045534012,-167.76469441071552
2012-06-13,-160.6871675818985,-159.92304083202637,-160.23541978762793
2012-06-14,-145.12590086178366,-154.5500750802394,-156.46300770165294
2012-06-15,-144.97904461118173,-152.70581273946163,-158.9569965547791
2012-06-18,-153.56679180812708,-153.24283949817038,-160.0147755115072
2012-06-19,-160.19614596247564,-159.7992783996113,-169.54969198660882
2012-06-20,-142.8306069009523,-144.8606915571995,-160.53721513057252
2012-06-21,-145.8351228786401,-152.2479279221403,-159.74297474536104
2012-06-22,-154.03120718125294,-159.63118993523437,-162.65451346860164
2012-06-25,-155.23874815177027,-162.29326705325525,-162.56857146095513
2012-06-26,-141.96868007848448,-149.6003514197546,-161.9645146512087
2012-06-27,-169.1495217685904,-167.74917594259603,-169.0136913333384
2012-06-28,-153.1352890003433,-152.50600647017845,-159.7907796086593
2012-06-29,-164.59194802092793,-165.6042023433178,-168.97041404061616
2012-07-02,-168.08155581228849,-166.46303419567084,-169.36600393811437
2012-07-03,-156.75857549334845,-155.77775833699897,-160.6078086716375
2012-07-04,-162.0007842454851,-164.50846000128044,-166.2895326981271
2012-07-05,-153.3332525961057,-150.6868699048106,-156.35856822841362
2012-07-06,-148.96451887654297,-153.44704716960428,-161.90120397512828
2012-07-09,-165.68125018067687,-168.182657673714,-171.34840345850273
2012-07-10,-162.61119155059296,-162.81302226342626,-163.80542669096747
2012-07-11,-159.77717979937043,-161.48242900286598,-168.45823294244536
2012-07-12,-162.6272958442749,-162.5263783675022,-163.9625047189266
2012-07-13,-157.23532589583743,-161.28136653072184,-170.8306889924641
2012-07-16,-158.0938637930265,-160.34630878756954,-164.4251196318604
2012-07-17,-159.57772655755178,-152.13422448975024,-165.8577627396019
2012-07-18,-160.72918760943568,-163.82302717254592,-171.01988833732196
2012-07-19,-153.76415128351184,-154.270961125502,-163.00430127549973
2012-07-20,-136.96165327665585,-145.67028547695872,-155.271897520337
2012-07-23,-160.2659939366279,-163.82233235680212,-163.31599636456505
2012-07-24,-162.2771709509159,-161.90954987724345,-161.46613690007956
2012-07-25,-161.16056739487342,-165.18833708894113,-169.4174876208668
2012-07-26,-166.09958655001978,-168.1486159536516,-171.73461282698176
2012-07-27,-168.1803598354829,-171.00552804472454,-172.58834246159236
2012-07-30,-156.24534398793784,-154.47931087872186,-166.53706381272443
2012-07-31,-166.67383003144005,-167.46335437646707,-172.95090343850987
2012-08-01,-154.0287470646011,-155.24144738061312,-166.42037718796266
2012-08-02,-145.62811023648123,-133.38208881745282,-153.14411245086524
2012-08-03,-160.67977706812462,-159.21545647394672,-157.31033588669672
2012-08-06,-156.3544812769697,-157.56815275485124,-163.42496057180932
2012-08-07,-167.9556585120442,-170.28905253469338,-173.2013109160245
2012-08-08,-163.38267798829054,-166.32284497648342,-169.9352198180321
2012-08-09,-160.19278070307087,-163.67596963959554,-164.5505585411297
2012-08-10,-167.10575684528337,-171.23827175689587,-170.51318540641068
2012-08-13,-163.06130932526017,-166.61009037870082,-170.97615976969985
2012-08-14,-162.60168974704857,-161.16725370270947,-162.94606636330593
2012-08-15,-156.5927287294067,-158.43815105149838,-161.52921257356175
2012-08-16,-151.0328529999411,-151.6081159231691,-166.1989776420932
2012-08-17,-169.56533698246483,-173.03946779313497,-173.70754138568884
2012-08-20,-162.41462756386386,-168.1822275619302,-170.00074691922367
2012-08-21,-166.2624223570474,-167.9459472825473,-177.1828075183661
2012-08-22,-160.8288083637987,-160.8426262449491,-169.4096383935697
2012-08-23,-162.72029923787466,-162.88852185085634,-165.13503156093228
2012-08-24,-159.69225310450605,-157.7939655934224,-168.68670719727365
2012-08-27,-169.29572943986057,-173.07658101806112,-171.94383288466403
2012-08-28,-163.72950826863178,-166.81624728385597,-169.00014418935197
2012-08-29,-164.75636269543205,-167.44630279485173,-174.49259063982302
2012-08-30,-159.2436087878556,-160.53613825960076,-166.41341212196016
2012-08-31,-160.09433846057544,-163.40156758749603,-166.18975441428861
2012-09-03,-163.12362267735364,-164.40183382790514,-165.25446166811363
2012-09-04,-153.24815717018942,-149.92107074061227,-158.26712563258084
2012-09-05,-154.17377109882813,-152.3744736371691,-165.54971963831002
2012-09-06,-124.34334525706483,-117.30599620522538,-147.9018686517091
2012-09-07,-151.7448896392584,-154.37558728090613,-161.3631431603209
2012-09-10,-144.71229942163984,-145.49714065645279,-156.50442458999157
2012-09-11,-161.29060726644084,-163.558433837554,-170.09373393525956
2012-09-12,-161.13253290839728,-164.5125815801632,-160.8715101433565
2012-09-13,-162.8903055988778,-161.49938012859155,-160.43228518187243
2012-09-14,-138.78036532206616,-130.64178066749497,-155.31294210541748
2012-09-17,-164.29084479064065,-163.7977873501343,-169.18464669326585
2012-09-18,-157.39119768309186,-158.82561559927873,-158.32983071509693
2012-09-19,-161.70308215786213,-164.46452426918805,-172.85780455414306
2012-09-20,-163.77932468307895,-165.58231388939913,-173.62201585842547
2012-09-21,-160.33980961382775,-167.34925596285797,-163.41751610682806
2012-09-24,-158.79765597318394,-165.21503409169998,-168.23096017083844
2012-09-25,-163.62805389357905,-163.38165950636835,-166.3493938664782
2012-09-26,-163.70024662102705,-164.76877429499277,-165.03117930478857
2012-09-27,-163.52578105025236,-165.9523459400008,-165.62743405424473
2012-09-28,-160.40284599750302,-163.02360541121757,-165.60837645586074
2012-10-01,-152.67301299069726,-152.23843674276196,-146.14806262123466
2012-10-02,-156.75919511129425,-158.1545205555874,-158.40021824150574
2012-10-03,-159.89137708018114,-161.1853684512468,-166.22518997983724
2012-10-04,-158.44123677083365,-160.5894638696421,-158.67119537714035
2012-10-05,-150.55986368241057,-151.49103824458285,-154.39408697281746
2012-10-08,-160.57295100750963,-163.19749546110032,-164.45274049905638
2012-10-09,-160.4934655012412,-162.0807763211686,-164.76941831314463
2012-10-10,-152.84042898117124,-155.0322462443306,-160.3800279742328
2012-10-11,-151.05046836667213,-149.09683183247802,-150.65579682550762
2012-10-12,-148.81174520294326,-150.40820807434565,-160.3854767872822
2012-10-15,-163.10071461355335,-167.4149721599819,-166.11312834751507
2012-10-16,-145.09676553286036,-149.45087918683598,-164.21048572875782
2012-10-17,-150.19685503248823,-157.11800208986213,-167.17396305557946
2012-10-18,-147.0563119907887,-150.08411596944472,-162.76586615916216
2012-10-19,-162.88061744719937,-162.6965063747755,-163.378568085307
2012-10-22,-155.39951018598754,-159.71965477728025,-167.76737125340873
2012-10-23,-158.87188224398108,-162.05542534967148,-164.02750693969236
2012-10-24,-160.96848975078066,-163.17750481872162,-170.92487077317105
2012-10-25,-158.17996748482418,-160.25649163397742,-169.25366092822196
2012-10-26,-155.6445264426549,-159.96987560778047,-162.51397241540388
2012-10-29,-142.7035381705477,-141.18917689125232,-164.38965619374193
2012-10-30,-159.09974543590343,-158.3137057377699,-163.48562858187535
2012-10-31,-135.65906785097206,-139.2585524785074,-163.2085544966606
2012-11-01,-160.00517445705614,-163.49146896601002,-166.94821332619972
2012-11-02,-147.6408049225645,-148.8982854066323,-156.93376844239083
2012-11-05,-142.25022736011096,-140.87271462465844,-148.92519442942495
2012-11-06,-140.47561166379228,-143.40760352353988,-165.01525292255042
2012-11-07,-138.52214134447775,-141.98784105779853,-162.49097752415102
2012-11-08,-160.83591568574624,-159.16141214599227,-166.1414436732488
2012-11-09,-161.311184762584,-163.13302750678614,-163.8927341951391
2012-11-12,-144.81076605431969,-146.4741661762828,-163.31207966658127
2012-11-13,-165.95114919739075,-165.80780931801817,-169.3365144497079
2012-11-14,-160.34530108538414,-160.69508352569724,-164.81224317639732
2012-11-15,-160.60390868304836,-159.34273916642582,-159.50922828028166
2012-11-16,-135.75117472029524,-145.39773890635087,-152.62883315466075
2012-11-19,-151.48874421034247,-159.76301888689022,-164.13973143964043
2012-11-20,-158.7218247985674,-162.11210847999456,-159.27401525449972
2012-11-21,-161.61810141556228,-158.73218146440664,-166.23333141469033
2012-11-22,-154.80371666193892,-157.02421011028102,-158.80025815587246
2012-11-23,-163.11424760718663,-164.92079796051766,-169.6379400476933
2012-11-26,-156.8967499202397,-160.4548349641911,-158.94389138875928
2012-11-27,-161.4912316494421,-162.55461981545244,-164.68967265970502
2012-11-28,-139.68503254537328,-143.51307724281855,-154.3868142397616
2012-11-29,-162.7553994516407,-161.9997760166368,-164.71346668709356
2012-11-30,-147.7847464090698,-155.1014946495339,-162.63428347672937
2012-12-03,-137.98368270715505,-152.0879859833231,-164.23747803747096
2012-12-04,-164.870919486426,-163.9191977173788,-166.0796659273723
2012-12-05,-146.60454062605595,-162.17779239977858,-170.03011496413532
2012-12-06,-157.56206025809135,-147.75437486208784,-156.1489797631472
2012-12-07,-161.59851656403941,-162.88429320944218,-166.20645665926014
2012-12-10,-161.40289459162054,-161.03749031541392,-164.6061959406065
2012-12-11,-148.92580884768986,-152.3205877004686,-169.20214726036406
2012-12-12,-168.83907178840767,-171.2443887134084,-172.0997227059178
2012-12-13,-157.4320263441646,-163.7285862502433,-167.55040524168209
2012-12-14,-163.50278924210804,-165.57463932166024,-168.1966887721328
2012-12-17,-160.98457922287625,-164.11592401927402,-166.43967417453234
2012-12-18,-143.23670715414906,-156.9500560928393,-162.190797549657
2012-12-19,-157.2615633449155,-168.83147820009435,-170.88219801894655
2012-12-20,-150.71895710826905,-146.87739079984223,-153.0190953561989
2012-12-21,-156.954204500055,-156.94259267894168,-151.4806978884316
2012-12-24,-153.1198566321672,-157.80123558957905,-159.98127399636752
2012-12-25,-161.53446097144064,-162.1210945024682,-164.81894668925406
2012-12-26,-152.34615974975054,-157.45315275160095,-162.57236464905168
2012-12-27,-149.26447875309685,-157.81001805036246,-153.93995590959767
2012-12-28,-166.26851181320424,-165.26697693002666,-167.7855539355352
2012-12-31,-153.82719014534408,-156.28122663878747,-161.7028327864445
2013-01-01,-130.59653319745368,-140.72068030060657,-155.9420729364561
2013-01-02,-167.03961899457835,-165.31382886235204,-167.96353059734338
2013-01-03,-160.37041355180207,-164.7844309458318,-166.46311117206767
2013-01-04,-158.0871880954258,-156.7295710054988,-158.77283344593064
2013-01-07,-162.9331317578526,-161.64438551236108,-167.066997869875
2013-01-08,-166.45307056539,-167.65609785665137,-168.4707562099038
2013-01-09,-165.8595585161456,-168.74247505600852,-170.11351690558266
2013-01-10,-132.74298669789425,-135.05649538707573,-139.9049316711697
2013-01-11,-164.41394137664352,-166.04727779200704,-165.74861883030547
2013-01-14,-153.78665760740301,-153.99871156611547,-162.59484318312946
2013-01-15,-156.34681797694728,-152.65039817536234,-158.25170286060614
2013-01-16,-160.87741080130672,-161.90946875988502,-170.6492446331027
2013-01-17,-153.76860328990097,-153.42056765011137,-161.5248279379063
2013-01-18,-167.32912647188914,-166.83252344138143,-170.11637784093344
2013-01-21,-142.88903711567576,-144.50693202466013,-155.27943899273185
2013-01-22,-153.4605042599498,-153.6653846147221,-160.12401082033037
2013-01-23,-146.5862527147412,-148.69112472506333,-159.99178950104468
2013-01-24,-142.99098999930158,-148.41378116617312,-154.31084870841124
2013-01-25,-155.28586876860103,-157.5313833741153,-165.68847775737194
2013-01-28,-165.79702718769857,-165.96696703998876,-169.73211850837765
2013-01-29,-164.50152311157655,-165.56922695507535,-167.28404186674797
2013-01-30,-154.624116429485,-152.36390723499957,-159.41835672008932
2013-01-31,-129.57612130566633,-132.0182238064448,-158.95569295700935
2013-02-01,-138.45295879313448,-141.52901922702108,-162.40404022130463
2013-02-04,-147.08947855284597,-147.88773706927776,-155.58545091384107
2013-02-05,-163.3515216100641,-163.4803648106201,-163.76788169826597
2013-02-06,-139.96439824237012,-144.98455635994765,-156.07407565033785
2013-02-07,-136.91813094708746,-139.86334040143404,-148.16014485343956
2013-02-08,-146.8768814010515,-144.37666555348233,-139.37246663756244
2013-02-11,-162.10503434229335,-165.42638313191557,-170.22884763770665
2013-02-12,-161.41739698643684,-162.80387486511512,-165.1203457565135
2013-02-13,-151.69156207172352,-153.22126389327417,-154.86537950507412
2013-02-14,-158.81887329482365,-161.4107240048754,-162.136391889771
2013-02-15,-154.34340900844697,-157.32437128038646,-167.37118758179892
2013-02-18,-145.69895798956594,-147.36558961224023,-154.8922684637923
2013-02-19,-145.7312507676219,-151.04259615846993,-157.80789404658245
2013-02-20,-150.02005640453615,-150.43623122211926,-160.76308363051479
2013-02-21,-150.91633207900355,-153.62219554527974,-160.78337129443008
2013-02-22,-154.16502117984936,-158.0287633212052,-160.07903596864094
2013-02-25,-154.79568143076003,-159.98038070290477,-160.11292286082758
2013-02-26,-165.39314877589894,-164.10760677544326,-163.93581401939937
2013-02-27,-150.76601158639238,-153.15534087340114,-158.7091911728818
2013-02-28,-164.26203896799817,-161.00008057340466,-162.66939117046132
2013-03-01,-161.51989021083455,-166.32067835830185,-169.0883318911962
2013-03-04,-132.20524516551677,-145.08807220515274,-148.30769884751874
2013-03-05,-162.14379116497133,-161.6628094170184,-162.21770163089573
2013-03-06,-153.81802164883965,-156.6828115398645,-161.2831502771395
2013-03-07,-159.75864986098935,-160.4597903966473,-162.87208554261798
2013-03-08,-151.07114855381752,-152.71912375389547,-149.08703619797245
2013-03-11,-159.78570459714865,-160.03437010269923,-169.32176170367853
2013-03-12,-163.69380908983655,-165.16784416814772,-169.6838232725367
2013-03-13,-165.91947367974754,-168.1761653509437,-167.37368995914883
2013-03-14,-160.5574457589882,-164.0962228863719,-165.69448305199336
2013-03-15,-152.00042903329685,-150.9092987665535,-157.11322395143372
2013-03-18,-136.74786917624078,-143.39808527802194,-144.47458246123165
2013-03-19,-159.03122092618563,-159.55517077069698,-168.57815005223748
2013-03-20,-143.7560921858832,-142.83089858221916,-155.11003300375293
2013-03-21,-156.60431334745257,-163.05607634402028,-166.72417693248897
2013-03-22,-149.61630827959925,-152.49335012026432,-159.7709138135015
2013-03-25,-168.90454023653524,-170.64682891862302,-172.2969805662399
2013-03-26,-164.03368561700773,-164.23202002487244,-166.70426737762352
2013-03-27,-164.2525666328618,-164.73917013555382,-165.03831757928097
2013-03-28,-145.89709277615063,-150.48358262533588,-150.75250928597083
2013-03-29,-165.7902685385053,-167.75384253563743,-170.59653520503437
2013-04-01,-156.04324309866652,-160.1974307331418,-155.77801759397352
2013-04-02,-165.86278123988293,-168.34740982625502,-170.61217078076692
2013-04-03,-134.28249495387053,-141.7746615403423,-158.09219336821715
2013-04-04,-164.06635982614927,-162.9989492848618,-168.27185054316405
2013-04-05,-155.0538981481587,-154.41830517458416,-159.13609977068884
2013-04-08,-153.21383650827536,-156.1247452258056,-156.51681217198714
2013-04-09,-150.17579424053227,-155.19533137355236,-160.99772707846597
2013-04-10,-153.3299459008387,-159.7446566280603,-168.35196105200168
2013-04-11,-151.89708766373906,-161.0668939532168,-161.06707355314
2013-04-12,-145.39840623219965,-150.19687533051007,-162.16835857866852
2013-04-15,-144.53175079349063,-148.79179467149214,-152.66840264172978
2013-04-16,-164.23788086221757,-164.41284957023055,-167.39621383605436
2013-04-17,-161.31034338937806,-162.7806275155855,-168.62588711525197
2013-04-18,-163.33592487690282,-163.87950105166883,-169.12579098785253
2013-04-19,-160.3671477018491,-158.98014040756004,-164.06852058660021
2013-04-22,-157.66811411556904,-158.66137949534078,-161.3725719440175
2013-04-23,-156.0491055264875,-154.93729338008885,-167.47611462980188
2013-04-24,-165.72261653640993,-164.2931318753737,-168.0103151340602
2013-04-25,-159.4693167377588,-165.37689735780842,-166.52723630836428
2013-04-26,-162.39805229511242,-166.83497738982882,-169.52267616015197
2013-04-29,-157.60745675747842,-164.85160456421386,-164.49106339946957
2013-04-30,-153.62348728477264,-155.2687956345349,-163.7859083866806
2013-05-01,-172.24843506510655,-175.3057228140311,-178.15482743223868
2013-05-02,-162.00045222151627,-158.42417489165067,-159.06574162596561
2013-05-03,-155.08744378769558,-161.31964835929003,-160.33712565807988
2013-05-06,-163.1129912503821,-161.99389110192325,-171.1052038619284
2013-05-07,-160.26505710647007,-164.35476568292222,-169.3655073636996
2013-05-08,-155.05903345273742,-157.0231577017447,-170.21306423015113
2013-05-09,-166.53748174570495,-170.13233593493092,-175.0055848730249
2013-05-10,-159.6684085881318,-163.04756388670793,-166.15749761030227
2013-05-13,-162.11022792081533,-162.10007026135895,-168.5449200288289
2013-05-14,-156.86845274905704,-160.19357299670924,-168.94577937170146
2013-05-15,-152.45436195497655,-154.81281497274696,-167.2078823052663
2013-05-16,-146.11538021282453,-147.03072475011945,-157.83513332781996
2013-05-17,-148.08437086919793,-150.90330572145672,-158.15236511385677
2013-05-20,-156.96066374804212,-158.2468209632176,-162.17421027519308
2013-05-21,-161.50241803317286,-158.0148895160419,-157.9397846450633
2013-05-22,-161.7922551630525,-163.61990704185126,-168.11065999563388
2013-05-23,-165.98570785766586,-165.38950810881127,-169.83521931665038
2013-05-24,-143.55323113707874,-137.86739361431617,-150.36004955046624
2013-05-27,-154.6011513236715,-155.23179288436464,-159.58467461604252
2013-05-28,-151.16995809791206,-154.84144172040516,-151.46905221634654
2013-05-29,-161.66981582727192,-163.96891176846495,-168.98990111248295
2013-05-30,-169.57091295020402,-170.1793181103093,-175.06582108887244
2013-05-31,-155.8517677413772,-159.95249798974174,-160.69187635831207
2013-06-03,-169.15438009298063,-170.47751553101781,-173.47109879725224
2013-06-04,-149.6205424504134,-150.82408888462862,-159.90793898335215
2013-06-05,-152.56501028212244,-152.06296596900864,-169.74382682004335
2013-06-06,-160.37472401612848,-161.3857716272944,-162.31857814545035
2013-06-07,-148.43654005958305,-152.29602269250177,-162.0769368295072
2013-06-10,-160.6081641734974,-159.67339296504886,-165.21053506147604
2013-06-11,-158.44210926689735,-159.87961179303943,-163.22661968351787
2013-06-12,-152.9192322237866,-161.02007259961007,-171.23955752881682
2013-06-13,-156.5493410150073,-158.0283752357992,-163.07764353542566
2013-06-14,-165.27821593425227,-164.01998600641932,-163.88396632508181
2013-06-17,-141.23974934718765,-143.2205838254079,-150.59126259004174
2013-06-18,-154.30454288808028,-156.01755365414317,-160.7821329768861
2013-06-19,-102.34898650602098,-121.6928498559747,-151.3993892499322
2013-06-20,-156.58862208595858,-158.91096683014356,-169.90362017436937
2013-06-21,-147.1658216276527,-152.31497695812686,-163.93915753090857
2013-06-24,-165.31920778393263,-165.58583367780244,-172.17233614691833
2013-06-25,-153.57310508886874,-154.5197460560951,-163.18347761117013
2013-06-26,-134.2549813020902,-133.79774297282265,-149.99590312467814
2013-06-27,-162.85031475092404,-162.90515379274754,-172.15153082836576
2013-06-28,-155.6779845059593,-160.36877442593703,-167.2146386702663
2013-07-01,-144.05430934547894,-147.5993535694348,-167.06236239119738
2013-07-02,-166.69456297365178,-169.6142730796876,-173.909515837923
2013-07-03,-160.65304193339867,-158.65202232808164,-156.33831424344785
2013-07-04,-149.1903295753335,-149.02989764849565,-154.98591154093359
2013-07-05,-163.70617503782046,-163.30082851197764,-162.50968907496554
2013-07-08,-157.29785480363657,-157.19938461557513,-167.68967683527316
2013-07-09,-156.25964483973178,-157.39016134090417,-167.27042611172655
2013-07-10,-160.24463911700428,-158.5594678455841,-162.3679767953316
2013-07-11,-145.09201028604957,-146.10274570195884,-164.59801864637598
2013-07-12,-158.9973162168722,-161.97840753995357,-171.73501265585332
2013-07-15,-144.61857605746664,-140.4951852684881,-161.3648555781411
2013-07-16,-162.9010203399201,-166.62553208106328,-172.4243449674388
2013-07-17,-165.7830443988502,-167.07208455292457,-171.92806643977866
2013-07-18,-167.5207831441203,-168.65770909899288,-172.83335164607223
2013-07-19,-157.01218809227143,-155.20753450344242,-163.94826709057233
2013-07-22,-170.35323780657419,-174.74175203555365,-178.53920567890947
2013-07-23,-160.19404457328838,-159.63345828123653,-156.20147004197136
2013-07-24,-160.20658774281796,-162.22129970125826,-168.06171077128926
2013-07-25,-158.9939540125133,-159.19463047921568,-163.16052259353847
2013-07-26,-165.69446231514488,-168.92036073234118,-174.2932195032827
2013-07-29,-160.30386925606294,-159.14450073332432,-161.47212216492858
2013-07-30,-157.61348720996077,-156.10512734096739,-162.08528191877565
2013-07-31,-162.46435941127913,-166.15387909108182,-170.77222928051302
2013-08-01,-164.86749610892653,-165.9448153252582,-170.82018961043337
2013-08-02,-154.91999845192657,-156.81847999514906,-167.7861901843817
2013-08-05,-158.7299168005761,-155.85450618306547,-161.65453299590814
2013-08-06,-172.44903914089372,-177.17888757809203,-179.84735571608454
2013-08-07,-163.08695435521622,-162.46152863757104,-165.96488818758706
2013-08-08,-161.49131570384674,-163.6402894799886,-170.6111329663101
2013-08-09,-153.12520279150158,-151.7188217148096,-152.7418262680236
2013-08-12,-161.7640700431011,-162.2750925705143,-169.13163416795337
2013-08-13,-163.08176964501743,-164.61184380240763,-169.16143293614525
2013-08-14,-167.62631555168028,-169.93787290852808,-174.43322840721817
2013-08-15,-164.61424415178098,-165.9817251556371,-166.0583502968824
2013-08-16,-153.66060695392608,-147.99613239839462,-161.88626607474538
2013-08-19,-160.16771286811354,-158.35882376612568,-163.92494245666734
2013-08-20,-149.36458602663896,-147.21179382962333,-153.32326382956018
2013-08-21,-164.91866670552264,-166.08575003228978,-167.76738923606783
2013-08-22,-160.85674231324847,-162.9552769813748,-164.5885795092618
2013-08-23,-162.6667214475928,-165.09386338923284,-172.2649075256323
2013-08-26,-147.22951456267748,-145.5310059390227,-153.4413133605054
2013-08-27,-154.521729674421,-156.2783887525008,-166.93051600126412
2013-08-28,-163.61654882906285,-167.43143938386126,-168.13099042508682
2013-08-29,-149.0576841457971,-153.10684133279096,-157.18304702273352
2013-08-30,-155.51717658883422,-151.92902222047778,-158.78473605777876
2013-09-02,-159.60939674306434,-159.5267130844553,-165.31613586841854
2013-09-03,-153.98279792241235,-152.89366010646225,-157.65017542841315
2013-09-04,-155.2255853129813,-156.6074611870014,-167.29608762536623
2013-09-05,-141.8003156644521,-144.79173906748645,-163.85331527669572
2013-09-06,-162.33359585346895,-165.55776858776633,-166.87389887719414
2013-09-09,-164.26179864056766,-164.44398401545988,-168.79774860446773
2013-09-10,-147.7597073168189,-141.94068320670033,-150.5763887266802
2013-09-11,-152.77070948661378,-155.36892223576785,-160.5567816705004
2013-09-12,-150.5924620174621,-158.5725071627232,-158.53574241503478
2013-09-13,-104.98897973395921,-124.4805676300083,-143.67277421363093
2013-09-16,-104.27330935064901,-125.19933912692858,-146.79376860130853
2013-09-17,-166.46019774905076,-164.90296059929233,-160.97332806961256
2013-09-18,-153.71782724035617,-157.26191199954755,-162.5352449983693
2013-09-19,-160.3725221943793,-158.0374970766539,-161.5589840961439
2013-09-20,-164.2582277776758,-163.10566524537217,-167.4004159796527
2013-09-23,-146.18884127069924,-154.2546432938564,-159.2378715196676
2013-09-24,-133.28350206678633,-147.84858553196943,-152.27734447351273
2013-09-25,-158.05264325884121,-157.1401445283537,-160.0792399638074
2013-09-26,-154.10364336023443,-153.7372573627262,-163.51781482325472
2013-09-27,-162.04888507900876,-166.67446069346317,-169.76053511605716
2013-09-30,-162.50155389701408,-166.68586052954697,-167.31485437365765
2013-10-01,-155.27047671210576,-161.19701168846723,-156.28278422096898
2013-10-02,-143.9345979134873,-152.80905415165816,-160.87085743013984
2013-10-03,-145.93631860367879,-152.6337206395687,-162.81740550319415
2013-10-04,-159.49011974670907,-162.18810107180985,-164.17054802293617
2013-10-07,-123.45916677559124,-136.77621474861309,-156.8400523120722
2013-10-08,-159.71860899301404,-156.540792508432,-158.2160809803286
2013-10-09,-157.74872214129726,-159.90760520360746,-164.8946658043576
2013-10-10,-157.50025982200916,-161.87384335234418,-162.8591895328727
2013-10-11,-150.13681257411838,-160.2256521495561,-162.74817316924222
2013-10-14,-153.31115658152507,-158.68750651840975,-156.55483183737942
2013-10-15,-127.54978780401147,-142.07673302176897,-149.90791426257044
2013-10-16,-152.70367356389886,-157.2483690962784,-163.2191971346415
2013-10-17,-153.40976034283727,-165.7825546111171,-169.55524567969485
2013-10-18,-156.46554204473344,-158.50682679633084,-159.67827715395705
2013-10-21,-148.87841550826963,-151.42008749542495,-157.81173295567413
2013-10-22,-162.16528577266263,-160.68014996921255,-162.50867579490784
2013-10-23,-143.6949849359163,-147.96376161888898,-157.59320797531922
2013-10-24,-132.68642520498352,-147.27676028866588,-149.61034070671008
2013-10-25,-153.3960032469799,-158.67135912502715,-165.55636820047985
2013-10-28,-157.69775374053907,-161.75186475340814,-166.90026512948532
2013-10-29,-150.34481217362188,-149.20298465281348,-157.18293877062519
2013-10-30,-155.28546298020706,-150.77362971147733,-157.70053317899527
2013-10-31,-166.83579248565633,-162.16260334609052,-157.4641134731933
2013-11-01,-123.50159553913994,-141.15757540574833,-160.6323676988334
2013-11-04,-150.99362682888952,-151.97028276129606,-160.7139965298827
2013-11-05,-168.72760303931895,-169.66653613865233,-170.2771453135094
2013-11-06,-159.61320773638028,-160.97347103233687,-168.42580343337988
2013-11-07,-164.20731852180322,-164.06619609419494,-169.64440242710975
2013-11-08,-152.028780907826,-150.91664503377208,-160.7861454904837
2013-11-11,-158.88817027732676,-158.38378687160997,-159.78034677734945
2013-11-12,-154.39610514207487,-155.65146352303339,-160.18016213269513
2013-11-13,-163.64628899461664,-164.42786058051811,-166.58178741768597
2013-11-14,-159.99411846083686,-160.18180913848445,-164.2751074748106
2013-11-15,-159.1495288281026,-159.78683476285687,-163.52904323509276
2013-11-18,-146.3015576811669,-145.5136096002119,-156.87813497218977
2013-11-19,-157.34842836940192,-160.90207494254736,-165.98958603911154
2013-11-20,-154.9207114357577,-151.47587281546748,-158.95514761247384
2013-11-21,-159.23021917157206,-160.8224698272132,-165.5681162497956
2013-11-22,-152.49647570826,-154.54138416379473,-158.79801080808863
2013-11-25,-167.33323962413454,-167.23200440021597,-165.51701223937692
2013-11-26,-156.68836470009566,-157.96900643771843,-169.7913972640576
2013-11-27,-158.1179966801287,-162.90166452888408,-164.0301651833071
2013-11-28,-163.18165722618704,-164.53237534673175,-169.72583990678305
2013-11-29,-146.7530019098221,-145.5790770259572,-159.09577721937293
2013-12-02,-160.09982884060673,-163.6800116984278,-163.08881450945623
2013-12-03,-164.41403597015764,-165.59088507916212,-168.324115998135
2013-12-04,-154.6714015889979,-161.4553897195902,-167.5167208094076
2013-12-05,-153.09687071814642,-151.3564093320125,-156.7995118137407
2013-12-06,-148.57246941931103,-151.0801633376791,-158.75865575336587
2013-12-09,-155.12108074050641,-154.4445714687728,-155.70265222899215
2013-12-10,-138.72480823130127,-144.36043634134666,-145.86118643055568
2013-12-11,-153.4144020319577,-155.26157265741136,-158.39403928353272
2013-12-12,-145.18990815834195,-151.4235703919841,-152.23341724841296
2013-12-13,-135.6499032009862,-137.74341097209475,-148.8784579149913
2013-12-16,-160.45527720288788,-161.66454452508248,-162.2099524795098
2013-12-17,-156.83933446353043,-159.43739225757173,-164.32721018313163
2013-12-18,-138.83133511004718,-148.8783590360448,-156.59666048809694
2013-12-19,-138.62146424428238,-151.3721333715172,-154.8236519912486
2013-12-20,-129.2526453648872,-132.90813866462202,-147.241240844626
2013-12-23,-154.88902435884768,-159.1545274447795,-162.33261535936532
2013-12-24,-118.63533016135884,-146.8188077063539,-155.67861786199467
2013-12-25,-145.55607938735392,-156.73899858916522,-162.33667134707719
2013-12-26,-133.59976831267088,-136.32867337470205,-139.51201317536575
2013-12-27,-153.82238285952934,-142.71847765316664,-151.34171721366803
2013-12-30,-148.65121160042273,-155.04891241155238,-158.78635292729462
2013-12-31,-158.91206395064242,-158.9697490105728,-159.00716810479338
2014-01-01,-121.3861170832833,-137.94814832387564,-142.77724885287745
2014-01-02,-161.22151715720307,-162.3736704161738,-167.20203508700178
2014-01-03,-157.51341366422656,-162.45352718866525,-163.0360690899321
2014-01-06,-154.08260019108178,-152.01995237975555,-157.17062415328834
2014-01-07,-136.59993181838007,-139.3303411307465,-151.04769555836015
2014-01-08,-147.77710092945964,-133.90304412223531,-141.78890734005319
2014-01-09,-154.50107651034466,-154.5092768491239,-165.28070787260907
2014-01-10,-148.11273383479542,-153.708940129867,-159.49191790248565
2014-01-13,-128.9739648983157,-143.77709200971682,-142.55206002401553
2014-01-14,-146.5605510355617,-148.00357942403394,-162.89107614961407
2014-01-15,-134.03046544986466,-146.84333871843265,-165.22227355011407
2014-01-16,-144.0665971478347,-150.64763068679295,-153.43465023651922
2014-01-17,-153.97798926004407,-156.22222643243518,-155.93301078447237
2014-01-20,-152.85890630706086,-161.37206187079175,-166.83952152701767
2014-01-21,-137.82656494910034,-142.4108805610716,-152.77415356575776
2014-01-22,-136.34968462157516,-148.51801062666044,-152.11811942750498
2014-01-23,-154.4152449760077,-157.08214110424967,-159.7627911743529
2014-01-24,-154.96747878838545,-162.25302833230649,-165.02955213074145
2014-01-27,-139.17787536438954,-152.66414612068834,-149.08607563576874
2014-01-28,-122.16607811136811,-147.92064838995165,-153.84488965915364
2014-01-29,-152.76564610652267,-157.6306182462816,-159.83651082800384
2014-01-30,-129.84963344721257,-148.6444922304741,-156.4397555876568
2014-01-31,-146.53756660921732,-154.00555325813284,-160.965849804917
2014-02-03,-128.320804825445,-153.09603637673823,-153.75568877793967
2014-02-04,-118.21951791102228,-134.65739784978388,-141.18430114903586
2014-02-05,-139.4253431260642,-142.61050550313757,-152.74026819853145
2014-02-06,-91.56646784081678,-132.87588522055353,-136.4144538462516
2014-02-07,-148.58107385034518,-155.11671160818918,-161.99571749999433
2014-02-10,-149.70455143284937,-146.4112806461303,-148.92830981896483
2014-02-11,-115.17157661287328,-132.8161895917158,-140.4309294643682
2014-02-12,-124.53970169496662,-146.9672141605727,-148.932089470432
2014-02-13,-123.03351006836431,-140.5284095193392,-153.17750934794404
2014-02-14,-134.2762345787902,-151.19300822100482,-153.75625020985143
2014-02-17,-132.87536404988626,-151.42089418854198,-150.88372858783487
2014-02-18,-142.8929323327141,-152.7983116081072,-154.55265498597328
2014-02-19,-157.98477112434244,-159.93332356990607,-158.85006337115666
2014-02-20,-153.0857562273393,-146.5422087922575,-154.16178964347853
2014-02-21,-167.92201775471352,-165.36457333344563,-167.38895397441442
2014-02-24,-159.4841920429543,-159.68297531856692,-163.22907149340594
2014-02-25,-150.57701154198327,-155.31622816814104,-162.57780382220128
2014-02-26,-148.37924072019152,-155.30510298151665,-150.3577793804256
2014-02-27,-153.32005186216512,-156.91381846438458,-153.86049615972902
2014-02-28,-159.5686524890766,-156.90518159231362,-161.89926595519532
2014-03-03,-164.26724677556345,-163.80155396703069,-168.24889206694064
2014-03-04,-131.87575813668133,-148.6705458869402,-151.88784587438892
2014-03-05,-161.59450188766223,-158.7148244849022,-160.43638518916674
2014-03-06,-120.79601547406739,-145.94760083219347,-150.97928614675146
2014-03-07,-167.52548175285594,-165.7749574899642,-166.9468145436956
2014-03-10,-153.33153747358918,-150.7578422983417,-154.25601108358418
2014-03-11,-162.28540331130625,-165.27646173235374,-169.3773011489098
2014-03-12,-151.95053619395227,-157.13310220057653,-165.48853382343725
2014-03-13,-145.4779755310693,-146.85441438769087,-156.05945957099019
2014-03-14,-153.08691086121905,-148.7611935966157,-155.44734319413303
2014-03-17,-159.2304223098377,-161.4705693161701,-163.59556646198465
2014-03-18,-134.60932482395881,-140.4706093787137,-149.18961238642933
2014-03-19,-158.0449694270558,-161.69390984676878,-168.8588494380736
2014-03-20,-121.1920802814461,-144.10055783384948,-150.91487084747345
2014-03-21,-116.87143884799004,-151.78662229056252,-155.97406795165045
2014-03-24,-130.42304558462206,-149.37580176897998,-155.3194824515509
2014-03-25,-146.3710315938995,-155.82831428462362,-161.82955413566805
2014-03-26,-164.07864167284868,-152.0591706899595,-159.29573212895986
2014-03-27,-163.8421154035941,-156.63564141754983,-161.08728187957814
2014-03-28,-146.9579255288728,-157.85893474709363,-159.99949467113308
2014-03-31,-144.4475453007879,-152.1812119663864,-156.47449748776063
2014-04-01,-160.29003474136022,-159.71996561536625,-157.69790570524657
2014-04-02,-161.87388219123056,-161.15165956068324,-162.9803048951764
2014-04-03,-159.38456025248695,-159.9154340825975,-165.44106116830716
2014-04-04,-117.09347679369786,-121.84886168777604,-144.9141184397059
2014-04-07,-154.86088973163743,-151.7963618985882,-155.77021769433972
2014-04-08,-153.43773082133006,-155.59330057314617,-158.94346801458516
2014-04-09,-153.1612508796792,-159.23205368175715,-159.16392705416627
2014-04-10,-165.17726613959306,-163.25075231828905,-164.71449116540202
2014-04-11,-146.73312821057561,-147.41077488785632,-145.15469712600003
2014-04-14,-143.29956238747278,-144.13719164256347,-144.1184981895915
2014-04-15,-138.43795299316204,-147.8508581523076,-149.40936815474907
2014-04-16,-123.1442844419383,-138.41205991622257,-154.13933407861893
2014-04-17,-154.86232029351424,-150.28424134351755,-152.41676457883955
2014-04-18,-154.65951213494606,-152.71575336851564,-155.0438281747857
2014-04-21,-152.85646509793963,-157.0757982267379,-159.82239857468306
2014-04-22,-144.20615832248504,-140.58390047896344,-158.5962063188231
2014-04-23,-164.40361824311415,-164.04238087885113,-164.68222135222695
2014-04-24,-154.99495970471693,-151.06165633694832,-160.44384946284842
2014-04-25,-151.89099206213328,-151.05648467482365,-153.6723380214949
2014-04-28,-157.02614199777202,-161.31604573040926,-163.77447535814792
2014-04-29,-157.5538929460248,-158.21821030854926,-158.95773898672965
2014-04-30,-128.79796541646562,-133.40951303221306,-141.10134776292827
2014-05-01,-162.68551789008288,-160.99413879838355,-161.91987865222933
2014-05-02,-163.68578538381186,-161.94969795591777,-163.85769168485302
2014-05-05,-151.39286165090485,-150.22111257099724,-156.63860371468232
2014-05-06,-149.25552252403713,-149.45374101773032,-150.74751123046204
2014-05-07,-156.59318742507287,-155.0703501917935,-165.64219838522902
2014-05-08,-140.605887661297,-138.56942990061822,-152.99265244436089
2014-05-09,-154.6163853392231,-153.3591558850764,-155.8597012690415
2014-05-12,-155.40790752183955,-154.25850492850458,-167.1305012282048
2014-05-13,-131.57533173933504,-146.35667340538055,-144.83206764512792
2014-05-14,-158.3634167548616,-160.96652806651946,-164.18459983362794
2014-05-15,-157.45004224177538,-158.71556363460434,-152.92858483591152
2014-05-16,-146.68983696001015,-152.86111791831388,-155.9040854231109
2014-05-19,-140.50968641438052,-145.09207513423044,-156.29394477777464
2014-05-20,-162.7511396292332,-164.394457120056,-167.56099889628103
2014-05-21,-127.54373141559404,-130.70357290008388,-150.44918369250146
2014-05-22,-149.35172075993125,-149.2539829602099,-157.69614085509008
2014-05-23,-156.27186055679556,-157.2074737844713,-163.08944902939749
2014-05-26,-159.25764299368453,-161.05547756947442,-157.59268310408547
2014-05-27,-156.79595421818107,-156.3779603797085,-159.17543652585542
2014-05-28,-155.09541981427563,-161.29186605057012,-169.8316251427621
2014-05-29,-138.6159017189121,-134.23804300270004,-149.78074010187308
2014-05-30,-153.2795846053242,-155.23711727227882,-158.84641201097034
2014-06-02,-153.82137607069197,-153.89801519411918,-161.19532845838702
2014-06-03,-157.43373119189232,-157.89027360633412,-162.3465064911462
2014-06-04,-139.9631598731704,-145.71148227993177,-146.43052277880525
2014-06-05,-165.51636154721675,-165.16502932595174,-168.9243817448993
2014-06-06,-157.39864407025294,-158.095508673472,-162.13245934892117
2014-06-09,-150.56314454105157,-154.8121586283658,-163.9882902711163
2014-06-10,-151.43603347212337,-148.50045301938968,-159.33559337277757
2014-06-11,-164.67862326538142,-166.7652383788095,-169.61549309306625
2014-06-12,-153.86807044819918,-160.66164748698475,-161.25429275492718
2014-06-13,-161.4427194197255,-166.59952254444346,-164.79127410944642
2014-06-16,-164.52268638234887,-166.31439231374384,-166.95670943942454
2014-06-17,-157.18155911481273,-160.0270663155531,-168.24612452603122
2014-06-18,-163.31119929283602,-163.8104846611034,-169.4906531588609
2014-06-19,-160.0215224459312,-162.31623974718877,-162.38766767779555
2014-06-20,-156.53507793783226,-161.49755227309663,-164.07830121769618
2014-06-23,-147.23580235547126,-157.83367878760464,-163.77594474741673
2014-06-24,-164.36526707839838,-166.10794944140474,-170.8534809817683
2014-06-25,-150.59637148036944,-152.9444507799543,-165.3928968610832
2014-06-26,-167.22609951644645,-168.41611243831943,-165.0784726433887
2014-06-27,-158.1867626142022,-161.58013418192488,-165.0813191016545
2014-06-30,-155.75201386427958,-157.0209661586755,-157.27236187961958
2014-07-01,-154.65116261149666,-154.60075990865323,-156.3263575629287
2014-07-02,-159.5194038685991,-162.40755025713474,-166.52576519245181
2014-07-03,-142.4783459066977,-140.8530024308302,-148.99714389409004
2014-07-04,-150.02660541270865,-157.50844384957514,-163.86931625990357
2014-07-07,-160.75202657374533,-160.13938429980283,-160.04032116683422
2014-07-08,-151.55635453444467,-157.7392777579371,-156.60227184143764
2014-07-09,-158.85817954858965,-160.6185860076182,-164.4641973681597
2014-07-10,-141.64135419481818,-143.18764005958758,-145.34356052374216
2014-07-11,-158.5647499450357,-159.51925696036264,-157.6450256198264
2014-07-14,-163.39406832611965,-166.01616676700368,-172.11616264779224
2014-07-15,-163.89105437002854,-167.13091622609505,-172.72659970282177
2014-07-16,-160.92764934488793,-163.26205611398098,-171.06569673067742
2014-07-17,-163.74519252770313,-164.46924766440063,-166.0359301298527
2014-07-18,-157.39953044398212,-157.25437361490071,-162.98669593919476
2014-07-21,-160.75819519228065,-164.6831015965292,-166.35221747470058
2014-07-22,-144.221634973565,-151.21267607090226,-152.10632608145113
2014-07-23,-161.1764581695551,-160.62812343755851,-164.72819843313678
2014-07-24,-156.10187475252656,-154.64006476724643,-159.0020295188294
2014-07-25,-156.27391555286212,-158.4075899396177,-157.2932114140694
2014-07-28,-163.7251879350985,-164.34457237503963,-167.8117231329172
2014-07-29,-152.21080937374248,-148.67904142843693,-157.29320801103844
2014-07-30,-147.1175771082746,-144.40334011991476,-157.37582693824783
2014-07-31,-163.92538279531524,-163.5496800833506,-170.2700351782594
2014-08-01,-152.92901321556153,-149.7232159715277,-143.72703066866424
2014-08-04,-164.4203533039872,-165.5010663013094,-169.34925840647347
2014-08-05,-147.0858876772379,-146.26372717702458,-154.66272775430215
2014-08-06,-129.23053902126816,-136.2934818341039,-138.6517053224546
2014-08-07,-159.99803967551796,-161.49157847420918,-163.1823326044033
2014-08-08,-152.62602141796214,-154.00149725730765,-158.77907692652897
2014-08-11,-149.27022932946548,-147.69425419309061,-151.35056949205605
2014-08-12,-150.5943140565364,-156.06548702028687,-165.68692160226342
2014-08-13,-167.17248570695577,-169.1018595176002,-171.8593883372345
2014-08-14,-143.8075040522871,-155.81789301764223,-164.29479762855755
2014-08-15,-159.59780300517698,-159.81531068229316,-163.93739472553858
2014-08-18,-140.5773193877274,-153.7320156987544,-159.8454205025907
2014-08-19,-158.6032236189415,-162.4016438288467,-161.79303375996074
2014-08-20,-128.06175753568357,-156.11044914945248,-163.60293007268024
2014-08-21,-146.91853791207475,-158.07320962916688,-165.06393494662345
2014-08-22,-135.76173869054858,-149.5844048769347,-157.39279586541795
2014-08-25,-131.07244877839744,-155.81738828326732,-163.4908613371597
2014-08-26,-141.64322511339512,-150.28617971087348,-157.26625462149684
2014-08-27,-141.77440799214276,-159.1059794863047,-160.3819612703362
2014-08-28,-161.45606660163017,-159.68671830031846,-159.67337546490575
2014-08-29,-151.34350255446873,-148.75918596586416,-156.5636884695921
2014-09-01,-147.34390800493026,-152.58357986949852,-158.6154375647325
2014-09-02,-151.74986423402234,-158.92944460447148,-159.22278715607908
2014-09-03,-164.22240604340837,-165.25122375163008,-169.20050142444407
2014-09-04,-146.30049675868096,-159.70253422795057,-167.28037923401249
2014-09-05,-144.81671648683576,-153.36318368349808,-150.59743556919375
2014-09-08,-130.38916726519903,-151.54607285264598,-154.94676633369062
2014-09-09,-162.04792529283387,-160.31255191752834,-164.68967426378586
2014-09-10,-138.04199905222094,-148.47314093617567,-156.484489296584
2014-09-11,-126.25697598494042,-152.0680007139031,-158.36005595066896
2014-09-12,-165.37192358925785,-162.45840885889376,-167.73055570365705
2014-09-15,-122.10112460150273,-148.02308008133437,-156.64202904008582
2014-09-16,-147.4133358113485,-159.6802647898004,-164.22035194061715
2014-09-17,-136.94891429640455,-154.5664119249458,-157.63137069963307
2014-09-18,-143.15966452037802,-150.31379206775046,-146.83202841656723
2014-09-19,-141.25290363931953,-156.30773453341396,-156.07629662776796
2014-09-22,-154.86872147298058,-156.98587204685893,-161.29277076226174
2014-09-23,-148.15208846970762,-154.3978397708549,-153.59831893006466
2014-09-24,-165.3133652737915,-163.4525936117196,-167.73532890756908
2014-09-25,-139.46709995137482,-145.97742998655647,-150.3155319329287
2014-09-26,-149.6405561994747,-152.82540835206913,-156.23762836829653
2014-09-29,-162.65050463817477,-160.45896782090801,-163.90493555675883
2014-09-30,-156.1485654129595,-154.01246753610295,-156.52177581059527
2014-10-01,-138.15066275801,-155.5913243055475,-157.14738585318935
2014-10-02,-163.60803922462236,-164.18117011422495,-169.47884402574041
2014-10-03,-160.9373732597058,-165.92809891505084,-166.77044211632304
2014-10-06,-153.76229624028963,-151.82083904630036,-159.41199295470665
2014-10-07,-152.2062565165389,-162.8990383673451,-166.1651818468553
2014-10-08,-164.34051067402027,-168.52211214057132,-172.296575488292
2014-10-09,-154.513829458781,-155.46042702990096,-165.32890955989174
2014-10-10,-154.52340067408883,-160.47162241929803,-162.7362786136231
2014-10-13,-146.58715765167193,-142.05470614951273,-157.05888911817019
2014-10-14,-162.4715793963923,-165.4918330009505,-168.59419850137886
2014-10-15,-136.4392945190836,-136.21137663784765,-151.89062009076676
2014-10-16,-163.16941937539005,-163.32534378864673,-167.49293715768843
2014-10-17,-157.1676740059228,-158.4041683500397,-164.9640261191746
2014-10-20,-155.3608712685179,-158.49401885914781,-163.49104350057277
2014-10-21,-159.96734978994243,-165.32660909542906,-170.96468596421997
2014-10-22,-144.4730777350849,-148.6800957533953,-154.811768142157
2014-10-23,-170.1394571682098,-172.07066384828835,-175.8926428126397
2014-10-24,-150.44901707400217,-150.7913190778433,-151.14857504352727
2014-10-27,-149.98596569558518,-148.9629503711117,-156.25439233317036
2014-10-28,-160.68003037576088,-158.5698253638254,-170.61145343218575
2014-10-29,-145.82629144764587,-155.13722804200856,-161.75804155830502
2014-10-30,-147.1777554697912,-148.21388832507688,-153.40773977192754
2014-10-31,-160.21088310534824,-163.52155508810554,-161.79862669629506
2014-11-03,-147.49428186366222,-146.85919408604394,-155.70467864969038
2014-11-04,-157.65902548507088,-159.70754077388452,-162.93203604343657
2014-11-05,-136.8220165064509,-137.16549920734602,-153.47936558024776
2014-11-06,-151.99105106942082,-146.5703633878487,-142.137811983473
2014-11-07,-163.24233813188977,-161.57043462221253,-164.30334041163704
2014-11-10,-150.6326912610787,-151.5590987282967,-162.43135611202794
2014-11-11,-164.33834481575414,-165.06151658944046,-167.37973546564325
2014-11-12,-151.41739482029433,-154.22802314962635,-166.52509268274844
2014-11-13,-150.8383608455283,-149.74397552044272,-159.50835161507052
2014-11-14,-159.11684877948971,-159.07841864247996,-163.67764918910163
2014-11-17,-153.20054446029036,-158.64825379681744,-164.01836893710208
2014-11-18,-151.18209581114866,-152.81954092965748,-160.81706743669798
2014-11-19,-133.01371013362777,-133.5867470764755,-149.26886277789444
2014-11-20,-150.35020554760035,-152.46816922837473,-152.0076864829147
2014-11-21,-154.33690825083653,-152.12743684384878,-163.0355660776208
2014-11-24,-165.18135713046942,-165.107773011892,-167.54556694426938
2014-11-25,-155.49152058316315,-158.46752180497526,-160.4601202351884
2014-11-26,-164.84123751815164,-166.8180060482122,-170.79353400219838
2014-11-27,-158.7555705480951,-160.50065026680232,-167.9334375079727
2014-11-28,-161.03551650114744,-160.67957589335563,-169.079191279836
2014-12-01,-152.31293824377,-150.82026338858213,-153.38231826181897
2014-12-02,-160.1065094892525,-162.7086037247649,-165.2735604802057
2014-12-03,-159.4099389849919,-165.9008479792509,-169.16594689891969
2014-12-04,-163.13211016229823,-167.7117088333579,-171.905624670039
2014-12-05,-159.327171430076,-158.12513911378036,-165.34621321414298
2014-12-08,-159.92860044470032,-162.90700585901507,-167.5203705705769
2014-12-09,-159.0872861437426,-158.22331529289434,-161.7636915235471
2014-12-10,-153.52620551871917,-156.03781794032304,-162.46764766277465
2014-12-11,-163.04976598973886,-164.8570750642382,-167.2051742571545
2014-12-12,-166.74408285009807,-169.35496601241536,-171.79771615581637
2014-12-15,-150.64442530437807,-148.25662564398272,-162.60758884947114
2014-12-16,-142.79907981118802,-146.57502620278981,-158.04549092280763
2014-12-17,-159.63617181726795,-164.4604605291344,-169.2597123057009
2014-12-18,-162.09699015072735,-168.36688490494797,-169.97230610372506
2014-12-19,-155.83102441209095,-155.67320734633012,-170.508167588263
2014-12-22,-158.90633019513712,-161.8029054416917,-169.97496197612332
2014-12-23,-166.26761331939542,-169.05504348795276,-169.41112669903305
2014-12-24,-164.6770520576983,-168.7187030963511,-170.90686986532907
2014-12-25,-158.37995031863895,-156.8567272301799,-161.19274857766356
2014-12-26,-166.98484510008245,-171.52524654083544,-173.48119541904944
2014-12-29,-161.46206058872144,-160.8821382173526,-161.19889504150436
2014-12-30,-162.36459006171165,-167.08531442645094,-164.30008857589434
2014-12-31,-149.28548893330162,-150.21026352056606,-165.4871581668358
2015-01-01,-166.49042970223013,-171.10505989101512,-172.32910493340756
2015-01-02,-160.90187791099754,-164.7838347385668,-169.855695532719
2015-01-05,-162.27723217728615,-165.0026543784069,-160.37367539980352
2015-01-06,-160.8423451786219,-162.37911842537503,-162.44868061535385
2015-01-07,-154.1613969572455,-156.33732711447314,-162.32611655930927
2015-01-08,-160.11468564625935,-159.29762064417065,-163.9806460526744
2015-01-09,-131.7589575683013,-128.4816847767295,-149.28120947512102
2015-01-12,-164.00975702691952,-165.1550987322916,-168.04602904992151
2015-01-13,-155.85293962819256,-163.60945073164274,-166.082518214762
2015-01-14,-167.4329831030812,-169.86413513107487,-174.4611247636702
2015-01-15,-139.9261093710875,-138.3612048258972,-151.5245966407919
2015-01-16,-157.6392527197272,-155.6793492894455,-160.21926126904705
2015-01-19,-153.34499202418021,-155.96722183102378,-164.46915812029994
2015-01-20,-159.2649711012951,-163.20590936178766,-168.03508208529553
2015-01-21,-163.9112950556974,-165.33008422743688,-164.89171981518317
2015-01-22,-145.32803718529118,-144.64446894225196,-163.0377632074117
2015-01-23,-162.94248511650605,-161.4081295989533,-170.5713977973703
2015-01-26,-159.00532432094303,-159.01639698241794,-166.3109286049061
2015-01-27,-144.32300691456095,-144.8259326940883,-160.83017048912725
2015-01-28,-161.04813018025163,-165.70108285422066,-166.84609579010876
2015-01-29,-161.775916517425,-165.39695232662672,-168.07283404133102
2015-01-30,-153.26838813791036,-152.0410971609927,-152.32118614340996
2015-02-02,-161.52154256904566,-163.19888599107853,-169.97619715979465
2015-02-03,-158.48423822118522,-160.56944137182782,-160.45187032069722
2015-02-04,-164.54016490333882,-163.86478622437815,-166.85538780445464
2015-02-05,-112.66721090357152,-129.98338057659197,-147.52607134524274
2015-02-06,-167.24107594079408,-166.47199762825483,-171.3346933343411
2015-02-09,-141.23003210377536,-148.7041155602268,-151.9185740408428
2015-02-10,-141.54217611276485,-149.79963487140984,-152.68713129146641
2015-02-11,-164.26246289011414,-161.06622529694783,-159.47263394140737
2015-02-12,-163.1702055483805,-164.92535585594118,-167.8526081931791
2015-02-13,-150.58910948951498,-156.2415204715852,-160.34918907401683
2015-02-16,-148.0894636077713,-151.1698269072465,-158.57708822018805
2015-02-17,-153.9650130969049,-161.0269314802036,-164.16813092821857
2015-02-18,-157.47491110390158,-160.2562259228471,-165.0669741472009
2015-02-19,-167.111044575943,-164.6340047134529,-166.02161387016167
2015-02-20,-134.90003681143114,-142.18283702601153,-147.04949000418603
2015-02-23,-160.5584413978716,-162.0351819859232,-163.90182244041944
2015-02-24,-156.17409052313917,-153.48070004794715,-161.67481095220325
2015-02-25,-163.16460962755207,-164.348069372262,-168.9544396135454
2015-02-26,-158.08392504202646,-161.15935227690565,-166.73713996813703
2015-02-27,-154.35536697662505,-152.76822778400393,-160.43068668764846
2015-03-02,-142.49539053424508,-146.18774890483374,-149.59879180502855
2015-03-03,-144.3042089835458,-153.27223044627164,-157.71323818123153
2015-03-04,-160.93404900422954,-164.42999471378062,-169.45184214120712
2015-03-05,-149.17440509997493,-153.5343413142879,-163.5537576788105
2015-03-06,-149.96038190764264,-151.76932490510598,-166.87294684483686
2015-03-09,-165.46069281910403,-163.97996832185768,-169.9408372901292
2015-03-10,-149.80335943247593,-153.91585022068918,-167.71870127847228
2015-03-11,-148.04938764508648,-156.77948124346366,-163.0688906972538
2015-03-12,-156.8075073141638,-157.57300535897642,-162.37020372393204
2015-03-13,-155.00292535356013,-163.75554185705175,-158.07767356944208
2015-03-16,-161.74756227230228,-165.98794372665137,-169.84302968035226
2015-03-17,-166.41014622257615,-169.51665226242915,-167.99212961764118
2015-03-18,-152.17941449675837,-147.1533639772372,-155.6283641438244
2015-03-19,-152.32486101934185,-153.40832947354102,-156.9379814944454
2015-03-20,-155.28785372307632,-162.80334625117104,-167.90545526116063
2015-03-23,-157.6824798998282,-159.57054900111774,-162.13668458365953
2015-03-24,-154.73199543254873,-164.7910293025354,-164.13756905676956
2015-03-25,-164.90465113263903,-168.89233132432364,-168.17792229472641
2015-03-26,-152.53208501552507,-159.97805886697438,-159.59274180972662
2015-03-27,-163.07828398632142,-164.21831040033888,-167.64857080515532
2015-03-30,-160.9859124077963,-166.85888803620287,-165.5182962912107
2015-03-31,-161.02956815549186,-161.17606992135947,-170.16764162221125
2015-04-01,-161.84238514838492,-165.0471924800835,-169.5254849414193
2015-04-02,-159.64203914183693,-165.257758992961,-173.04683629735862
2015-04-03,-165.21110033478348,-161.72350991933024,-166.05226650705944
2015-04-06,-169.17159131817937,-175.56237360125928,-177.2536046871172
2015-04-07,-159.63773055263204,-163.6241716549171,-170.38485421286757
2015-04-08,-166.9284232630347,-171.69504906682033,-171.93279608193654
2015-04-09,-167.1612008509473,-171.25850761016164,-175.1920584343406
2015-04-10,-162.81260734386893,-166.01549834420896,-167.83613019203005
2015-04-13,-165.94707317671526,-169.19229679991707,-169.7205585900857
2015-04-14,-164.74322715718924,-165.83040701575277,-170.05423485690676
2015-04-15,-166.00004230376607,-173.0121144336191,-172.92079878293566
2015-04-16,-160.53675504810877,-162.00780875857444,-162.517172390294
2015-04-17,-162.2671822594313,-163.11899220845345,-164.4606701194909
2015-04-20,-167.71063988068894,-173.12604913288416,-175.28980609275084
2015-04-21,-158.2232235288434,-157.39055752769437,-162.9208033534773
2015-04-22,-156.09205234894972,-157.09277560925648,-163.58314322498975
2015-04-23,-160.89886226886983,-160.96663042904595,-163.25915880040003
2015-04-24,-144.44008329725742,-142.20265383838432,-155.90700508088574
2015-04-27,-159.59206983114362,-161.4726666214118,-164.56202456039802
2015-04-28,-156.41127708339806,-159.20576901917082,-152.49202201098151
2015-04-29,-155.3222691784751,-157.96817516055987,-161.76337301495155
2015-04-30,-157.5345288205922,-160.27420492740526,-163.55439455308223
2015-05-01,-157.40452788710704,-163.8237881006161,-166.81597084583896
2015-05-04,-158.92020649993043,-164.51229388050655,-171.47237976381456
2015-05-05,-159.80958953435322,-157.99315354361084,-166.5029531306507
2015-05-06,-163.9312363722195,-164.45351868505801,-165.60395586308783
2015-05-07,-152.51265249058554,-158.20948051138652,-162.28499635500842
2015-05-08,-150.4724494444255,-159.5775291913087,-165.71940676026855
2015-05-11,-141.95383212235927,-151.77125185497385,-159.1318942316101
2015-05-12,-158.1280176295304,-161.7046886460273,-158.38510138163028
2015-05-13,-168.01296917711514,-166.74883193098452,-171.34968480458366
2015-05-14,-161.6051063534906,-163.7983930199748,-168.61682259678955
2015-05-15,-169.40351624803205,-170.25109685159094,-170.79809304710284
2015-05-18,-169.18770241410485,-174.21883424307026,-175.73261074754458
2015-05-19,-140.11792890329343,-141.1495611472961,-151.76017821596255
2015-05-20,-160.68590864490145,-161.05277580707707,-156.2308743343189
2015-05-21,-157.942970108596,-161.19808447197568,-166.36460828145036
2015-05-22,-149.53475810692805,-153.67172161474326,-164.32452690796336
2015-05-25,-163.4082572228003,-169.22880689809168,-169.94542704154136
2015-05-26,-166.33177135472462,-169.39372709392728,-169.96731686177264
2015-05-27,-158.12588241313185,-160.51115435532304,-162.92725525534482
2015-05-28,-155.87318460891635,-156.46806712274537,-167.561706922236
2015-05-29,-158.45121410260992,-156.98333554416,-164.91595854966766
2015-06-01,-169.74973692539075,-171.85677292824062,-172.77457385258978
2015-06-02,-165.39041688126088,-170.56575431643782,-174.58133683854183
2015-06-03,-163.85137801011956,-165.68473649658324,-174.37356495183516
2015-06-04,-162.27630860887245,-165.79610091040388,-165.30358543705913
2015-06-05,-163.68185868178756,-167.76422970625032,-165.01189429591554
2015-06-08,-163.6148705789671,-170.06349934442986,-170.78638782100398
2015-06-09,-159.39840307172386,-160.65531512014002,-166.63582864042644
2015-06-10,-160.2912530796933,-164.07235763314253,-168.87366434909347
2015-06-11,-151.28852691931107,-147.56992186506676,-157.45130504831093
2015-06-12,-163.4405122198341,-162.29250580586972,-161.86723834705023
2015-06-15,-168.74082264300074,-170.48236123886645,-171.37953990898836
2015-06-16,-157.8063434451353,-156.4477785509217,-159.52020172584446
2015-06-17,-163.39742478750975,-166.55270501744315,-163.66870903634756
2015-06-18,-157.50108954152807,-155.23523802223121,-152.19363996362912
2015-06-19,-136.79182325158314,-143.32124183511644,-141.29783948373412
2015-06-22,-154.96701940746934,-159.1756468054141,-154.99603398452496
2015-06-23,-164.78054684561468,-167.85711056051952,-172.78691552457624
2015-06-24,-143.8203423721028,-141.67030146001858,-152.2185617172017
2015-06-25,-151.109159702906,-155.1959173606415,-159.06081280626876
2015-06-26,-158.82746102361315,-160.38688592847018,-165.801930471319
2015-06-29,-164.02816217821282,-163.42524097200553,-165.69414483150615
2015-06-30,-163.08140728040422,-162.56872214092772,-161.36597875982946
2015-07-01,-151.86556911821597,-156.51426903800586,-155.75216879738062
2015-07-02,-165.09792940201456,-164.34130317234306,-169.30955028749625
2015-07-03,-161.04399419677267,-162.26856723801694,-169.33013111363044
2015-07-06,-153.95794742330224,-155.58406014185775,-155.73504645382405
2015-07-07,-158.1489104845213,-159.31146490076924,-160.49036948271416
2015-07-08,-140.05054500608895,-148.976303912854,-156.65624755999968
2015-07-09,-144.88285358662733,-154.8346342801438,-162.2641011049549
2015-07-10,-128.10428910321232,-154.17634115467428,-162.81064533760875
2015-07-13,-167.3458071925522,-162.3837201885324,-165.8467279157828
2015-07-14,-137.8250296017514,-149.888468840209,-159.29589668954503
2015-07-15,-171.88611875819947,-169.27797784319108,-173.57824110519655
2015-07-16,-154.46224589724474,-151.95953603342,-153.64652270212014
2015-07-17,-153.54959001598752,-154.42152625727584,-154.09357371666968
2015-07-20,-159.76713923337755,-157.09765227583802,-158.20153284814282
2015-07-21,-134.9034930578509,-153.79597874008297,-154.2764702989622
2015-07-22,-136.26005297458084,-157.09811171601447,-161.21809100740418
2015-07-23,-106.37173983711246,-143.41577300717782,-152.57440285918176
2015-07-24,-159.641415655334,-161.5693318670641,-163.776697240977
2015-07-27,-154.50165600208794,-157.21606719829876,-166.48018410814262
2015-07-28,-153.29756802529454,-155.38798919761243,-157.59790023201543
2015-07-29,-151.86035602945915,-155.59587818448725,-156.03826579877887
2015-07-30,-152.08712871689104,-156.26752351386125,-166.32686139674357
2015-07-31,-147.69762767175456,-149.79297122639002,-157.63620850938932
2015-08-03,-156.64560285144356,-166.88388953585186,-169.70000347839627
2015-08-04,-148.576883155338,-147.4850747190273,-155.3674325933025
2015-08-05,-161.1959927547408,-163.32539486673795,-164.44785873984011
2015-08-06,-145.44949728600545,-164.51850535034137,-164.1837445893482
2015-08-07,-161.11076141850472,-161.9316994380967,-163.24352750657934
2015-08-10,-142.17400821877402,-154.29989836749172,-158.31652439456522
2015-08-11,-147.78158291088306,-163.01989538597797,-170.31037825600802
2015-08-12,-163.75200251488903,-160.17302240208025,-163.2621263778783
2015-08-13,-149.92117754482553,-157.4998161365999,-161.48994362802105
2015-08-14,-138.41180037238576,-153.20381198373624,-159.2538637688021
2015-08-17,-147.22087451839656,-161.03679747489235,-164.3767973558968
2015-08-18,-160.95579750701233,-161.47017790026982,-166.2863378095048
2015-08-19,-163.67077064071606,-164.7343956671618,-165.55166627224173
2015-08-20,-142.8226381365797,-159.63265040662506,-169.97004510693492
2015-08-21,-127.5808914697339,-146.92901424411605,-157.5438515832283
2015-08-24,-154.1421246061522,-162.9921537407962,-166.30446207351937
2015-08-25,-128.687839106828,-155.29318841963158,-153.47610428638018
2015-08-26,-111.3859504511343,-156.78761925321427,-161.7738512425735
2015-08-27,-156.1228910548932,-163.93925458237405,-172.41922441536914
2015-08-28,-163.40194051731157,-167.54620274725968,-172.7055806715717
2015-08-31,-114.39743658516142,-158.00339318755732,-165.02486153422794
2015-09-01,-111.08211353311016,-155.1332198737399,-160.36056394859003
2015-09-02,-143.79088301553872,-157.7455062354485,-162.68446955027878
2015-09-03,-134.71404667698906,-158.1464619736066,-166.64930318485798
2015-09-04,-69.45014661941676,-142.3108631470544,-145.24968006679518
2015-09-07,-136.75362125467393,-155.9414069199133,-164.46616909786997
2015-09-08,-136.11600752260094,-159.1947436678298,-162.89511582388405
2015-09-09,-121.13606154067207,-145.73275025993263,-145.56192927839274
2015-09-10,-157.98449489076083,-158.40518916835885,-163.75000281730595
2015-09-11,-163.13480246570936,-158.5606885833427,-159.36632971827999
2015-09-14,-155.2438336642437,-163.74627213479448,-167.63448167985712
2015-09-15,-149.54155999393316,-144.17897752635997,-149.1184139335881
2015-09-16,-125.60995876571724,-151.56000580351278,-156.63489616510253
2015-09-17,-140.6110596609291,-155.37301204131063,-160.71349358265883
2015-09-18,-151.06943086849174,-158.0416663664448,-163.44079476230505
2015-09-21,-134.4803342752029,-154.91520302869168,-155.85661961240567
2015-09-22,-132.04216083950064,-144.44997591721358,-150.23874283460216
2015-09-23,-149.5216167478004,-153.6209417687369,-158.17204119381364
2015-09-24,-99.94909527155046,-142.91812720871172,-158.577286243525
2015-09-25,-138.47994811962437,-156.3231485611045,-161.65867411826267
2015-09-28,-143.58591519799188,-157.78141505270003,-165.54857624464972
2015-09-29,-139.21312548556693,-144.85493986386584,-148.65430652523284
2015-09-30,-154.040548497462,-154.05406980078075,-159.5633594580064
2015-10-01,-128.1872532364268,-155.32290249917284,-154.96774693749848
2015-10-02,-149.10606347412227,-151.79630582468687,-156.88971425078276
2015-10-05,-158.52713574922868,-157.40141243044323,-158.46667415191573
2015-10-06,-158.93005350451512,-161.49454305577203,-167.55578874704324
2015-10-07,-150.5749223057262,-157.18645693100328,-159.18761128502
2015-10-08,-140.1929673231668,-149.4470085777363,-155.4541597417073
2015-10-09,-154.3191871867091,-153.4326849505995,-155.57085945738015
2015-10-12,-128.99214951466456,-150.0189930287785,-151.28677184755537
2015-10-13,-159.8665740330389,-161.51924420546663,-165.44510856231173
2015-10-14,-150.948803944069,-157.97857614586493,-159.8451395754858
2015-10-15,-151.59810886811982,-154.60783960736154,-163.2707207480106
2015-10-16,-155.8810116555308,-156.03765797085157,-154.7915030387047
2015-10-19,-156.42401825592535,-151.68434179376055,-150.33775207838465
2015-10-20,-142.76444954673264,-148.74665677745767,-142.47368966768477
2015-10-21,-160.93212166609788,-159.1682581179469,-160.53076875505315
2015-10-22,-138.2007108554215,-151.6874273980229,-159.01552333821616
2015-10-23,-154.5920370874369,-156.0789448306086,-159.4716760954181
2015-10-26,-152.57333948211792,-148.90707035153952,-156.98181285092608
2015-10-27,-157.38869783236518,-162.13125605761982,-166.20641076251422
2015-10-28,-146.38101844986141,-151.18611675912481,-151.53378766788813
2015-10-29,-164.74544163196256,-163.07542050863324,-167.93658282565403
2015-10-30,-144.03237155559904,-154.81530515185437,-153.00380565057932
2015-11-02,-148.73818882551785,-148.7493899152086,-153.53010781306438
2015-11-03,-140.19824696403106,-144.26650358788936,-147.84408859519598
2015-11-04,-125.4815446645051,-143.03096576066122,-149.14610178078993
2015-11-05,-156.23109735266766,-156.18853713164577,-166.21467647338628
2015-11-06,-156.45890703201522,-158.38043620059662,-158.7005117045765
2015-11-09,-141.92500878163105,-142.2322079673075,-156.3840491444082
2015-11-10,-155.3838622083873,-160.83904335777282,-162.90322796776536
2015-11-11,-142.20423591749628,-149.1830028007861,-150.16068644708977
2015-11-12,-157.28175906816224,-158.0295738381801,-160.056846158423
2015-11-13,-150.8879765987304,-152.26733365362458,-158.60506121937328
2015-11-16,-158.62245661115256,-159.61758435170827,-155.7489625577186
2015-11-17,-155.11223662089714,-152.88568921307652,-155.61360193038584
2015-11-18,-152.74621261026903,-156.3148483573049,-157.1790113447733
2015-11-19,-154.15436538890623,-159.41597926336595,-164.980323475861
2015-11-20,-164.9225063471251,-166.63486189181648,-172.41165583528544
2015-11-23,-152.91410304477864,-157.11048651248223,-163.75638836413344
2015-11-24,-158.83542605962688,-166.97253046138331,-170.02960963750408
2015-11-25,-163.28814591878785,-168.39801285592767,-169.61894632972292
2015-11-26,-163.52163350898263,-166.47357631398106,-169.9797138164769
2015-11-27,-163.23118937885903,-165.67403150993985,-168.95413451256732
2015-11-30,-159.45467056344285,-158.89708307259178,-158.53281293014405
2015-12-01,-142.0162126581469,-153.3399863258744,-159.57534298655955
2015-12-02,-154.52688235203917,-152.0342951893749,-151.05080710627027
2015-12-03,-156.65588096915667,-150.77843094373253,-154.30956527533436
2015-12-04,-150.91373416403675,-160.48502521863313,-162.2558496627336
2015-12-07,-153.30424416535814,-155.45552150405257,-159.20406724614614
2015-12-08,-165.45220347571097,-165.97331992047435,-172.45863839435228
2015-12-09,-155.75804376802813,-152.23016066821782,-154.94046714638682
2015-12-10,-160.14713475558753,-157.50422132996056,-164.50380850565608
2015-12-11,-141.3276875991927,-145.21837360205822,-154.1549276920255
2015-12-14,-147.2056469639915,-157.29778171720332,-162.14638250720432
2015-12-15,-133.48678833216408,-143.4051139608905,-160.36725152740354
2015-12-16,-155.72296136858878,-160.8425110767805,-166.0187449609421
2015-12-17,-146.97666574088188,-146.31544318792277,-151.83799924770418
2015-12-18,-158.14815062317365,-153.63948868352827,-162.66101250531565
2015-12-21,-153.04596137844672,-156.33730130673675,-161.74037756907424
2015-12-22,-163.02318287450794,-164.42540698937287,-169.83883439852102
2015-12-23,-149.45752255575928,-154.47904328345467,-159.63517197778646
2015-12-24,-160.77809016411408,-157.0903016907258,-161.02965202356108
2015-12-25,-147.17932283344584,-148.03881625594198,-149.1037641065782
2015-12-28,-142.07008158273936,-135.00531194926472,-149.93718124199407
2015-12-29,-157.96097439257733,-157.25827682787477,-157.09841288952722
2015-12-30,-164.4084760426714,-166.10636935233907,-166.57745766095582
2015-12-31,-152.2172689562007,-154.86529640580608,-155.79163252087267
2016-01-01,-157.55758259087617,-157.3714386647749,-165.74284333060118
2016-01-04,-156.40020314309768,-158.6437121263613,-159.5974136892131
2016-01-05,-148.19117760156797,-159.64638617864816,-162.10439132818894
2016-01-06,-149.11605853944522,-156.053280057391,-157.09394219579858
2016-01-07,-154.79486114329498,-158.0640523329747,-161.27573691649033
2016-01-08,-152.01213702419867,-152.39975258258374,-156.426669595888
2016-01-11,-151.652848825228,-154.2630816617413,-157.73002272397989
2016-01-12,-157.99000516935274,-156.38392646666674,-160.00795794524132
2016-01-13,-165.77573394962081,-165.9416870218721,-169.5891850659829
2016-01-14,-155.72920644351345,-158.52606496711005,-158.79170242925525
2016-01-15,-163.1439083802541,-161.61423030893877,-163.70875928019385
2016-01-18,-146.21088418875,-153.51831797194615,-156.15554092981748
2016-01-19,-155.13123870402137,-153.33567416529223,-158.91389194565747
2016-01-20,-154.04995308018533,-159.48272015221988,-166.06198062571795
2016-01-21,-120.9657831650654,-125.21555434001814,-137.13763069150792
2016-01-22,-155.50801986688708,-159.9948248259925,-161.29720194961817
2016-01-25,-142.88400542105975,-151.53410266303302,-153.8318157772735
2016-01-26,-147.7391494346424,-150.08642755403017,-151.69991579523207
2016-01-27,-164.9026566392983,-162.37589867511278,-164.77842828262757
2016-01-28,-167.26360493076052,-164.91029216403524,-169.75008144493628
2016-01-29,-160.17967978007098,-162.00293246122231,-164.6448485905966
2016-02-01,-143.60465604072635,-142.05442764534718,-151.58435537187466
2016-02-02,-154.70869806975767,-156.43749156508727,-161.46315456511306
2016-02-03,-154.31396520988736,-155.0628479351567,-160.06151588101662
2016-02-04,-160.6641414822567,-160.38964111096232,-163.064736223945
2016-02-05,-151.5375845189498,-154.88827091510097,-151.92082049253574
2016-02-08,-159.01585947081918,-161.3026398109548,-163.53178547676268
2016-02-09,-158.2897354144155,-159.98218531369952,-161.66088824612083
2016-02-10,-164.23966257823218,-164.4736981192218,-167.98071022990524
2016-02-11,-161.85633742976003,-160.92057543619018,-167.8884100253795
2016-02-12,-150.10019937838248,-150.9895670055247,-158.77523218024112
2016-02-15,-156.29684167668677,-158.00586529995994,-164.31941359212058
2016-02-16,-150.72000855821162,-152.3304860825742,-152.26416755058415
2016-02-17,-158.4471744838192,-155.73748709201004,-164.1607245401935
2016-02-18,-153.83784920671306,-155.48160537191475,-162.8546614079145
2016-02-19,-159.62878655567226,-163.61492363743847,-162.05895910602686
2016-02-22,-163.86927900547488,-166.14755451468042,-171.2422740658557
2016-02-23,-166.41757173322688,-168.13231102239564,-174.057389539629
2016-02-24,-163.6746738067211,-166.29634129842458,-168.45067060117285
2016-02-25,-161.59074332574104,-164.47837295084304,-168.16498744624036
2016-02-26,-146.35903717610103,-144.60503853857205,-146.353121813785
2016-02-29,-167.7100503222543,-171.1722187369564,-172.65145282220547
2016-03-01,-154.28805867227382,-155.9110422690745,-161.72338794824236
2016-03-02,-142.92442235068955,-141.7757445579274,-149.86562825212994
2016-03-03,-157.33993029361872,-159.99429250932462,-157.4474214150465
2016-03-04,-139.83876605139187,-140.4004078558383,-153.57126932818835
2016-03-07,-126.3166183448655,-123.28410453740358,-143.24441522929928
2016-03-08,-153.1463225653519,-153.8967892041669,-165.98830542683237
2016-03-09,-146.6108227860554,-149.301938421726,-152.35280158148578
2016-03-10,-161.56331081110102,-160.70909390373635,-164.9309331294209
2016-03-11,-145.87772115098008,-153.34523941952403,-152.0191053109029
2016-03-14,-147.07969367206377,-146.505631085388,-164.0696589833147
2016-03-15,-153.0415588591451,-158.01337366141342,-162.53886776029307
2016-03-16,-157.32997296842836,-157.85936121648808,-153.85007449214208
2016-03-17,-147.71997574321114,-152.07956111953877,-158.96983954879082
2016-03-18,-156.08859868040776,-157.68839732265423,-153.5008979647044
2016-03-21,-120.27403581144446,-115.27600307135302,-148.78793183141354
2016-03-22,-155.55944483091085,-160.40641563083454,-164.2111194091983
2016-03-23,-140.42806995890794,-150.75673559075116,-151.99774041053223
2016-03-24,-149.35650672853123,-157.3975466713589,-165.64316409104234
2016-03-25,-137.18205659564885,-146.1568642939473,-161.01873585985845
2016-03-28,-149.8263551560854,-158.70816653663906,-160.6410189833113
2016-03-29,-57.94662097578447,-97.83222295787802,-145.8721436934424
2016-03-30,-159.93860752219635,-158.88942017476973,-162.95745477295497
2016-03-31,-162.68311038165365,-164.6006020773061,-160.35377297229502
2016-04-01,-140.62042239680312,-144.81057593591422,-150.5117016797902
2016-04-04,-163.12196210691624,-168.04693060146835,-167.20746787484686
2016-04-05,-159.3604820084975,-161.81698317893404,-163.9401880359283
2016-04-06,-162.53698939509715,-165.94878418888337,-166.0281925456672
2016-04-07,-159.4540664851523,-160.9430113774949,-167.32864172482527
2016-04-08,-103.15535815775337,-137.55303340916362,-152.95158255055796
2016-04-11,-160.1791912522416,-161.51137008476258,-166.97445840464556
2016-04-12,-144.81523982364357,-158.49046318847468,-164.5532413282515
2016-04-13,-159.23191972027627,-159.70255376695152,-167.66235683716786
2016-04-14,-148.48607369274097,-153.2808696573561,-167.36222063082442
2016-04-15,-154.26339760229152,-155.92688797259697,-159.7450695284135
2016-04-18,-156.47579651435777,-154.5601396125531,-160.31374270279082
2016-04-19,-156.85091175670934,-159.38121005062845,-158.72529185703357
2016-04-20,-126.1694983399693,-133.65590762982976,-144.46983755204576
2016-04-21,-141.1848202723042,-152.8566135587833,-159.07306996729554
2016-04-22,-139.20795094133666,-140.38832483384425,-154.29973691680118
2016-04-25,-129.22996346319727,-141.8097057156313,-146.97635850510514
2016-04-26,-164.8351657644917,-160.99744638618617,-166.52510119057186
2016-04-27,-162.76197536959455,-163.93588707209244,-167.14330877817403
2016-04-28,-159.20974306696132,-160.4438724808901,-162.06143731205373
2016-04-29,-163.5989213986636,-166.47932368420538,-170.67839225774676
2016-05-02,-155.95750035288378,-159.8055470470427,-162.0888281747335
2016-05-03,-162.7127876819492,-162.69214892335202,-160.80181979492582
2016-05-04,-157.0834224937771,-160.14210272539682,-163.60248676659285
2016-05-05,-138.79277694412076,-136.15603018207042,-153.49458476817384
2016-05-06,-150.94751486710464,-150.81189726688413,-161.74030701670767
2016-05-09,-168.5721053751894,-170.78760679259395,-174.46940375604825
2016-05-10,-157.08420075639322,-163.41358865163602,-166.94224274305608
2016-05-11,-154.90251570326922,-152.01131525168694,-159.62267419582565
2016-05-12,-156.8026969500436,-161.8952581714206,-166.39379783610576
2016-05-13,-147.85976026569884,-154.96111216567334,-151.31918799378377
2016-05-16,-163.94918223804342,-167.72801611511804,-170.67524220948613
2016-05-17,-166.4648518625053,-174.5885577333742,-175.84039162365832
2016-05-18,-160.70678186149553,-160.44589939845878,-164.2117556232792
2016-05-19,-162.43061392515318,-168.66723190695478,-171.69727671519226
2016-05-20,-157.11238563387397,-159.41530246036885,-154.08711525878113
2016-05-23,-148.9467486835722,-157.1709956555244,-164.89108841696643
2016-05-24,-147.76167369157733,-155.21377970182897,-158.85141342540305
2016-05-25,-147.01888127954058,-151.8861082870455,-162.03743743357734
2016-05-26,-156.4379229201041,-157.29086129815178,-159.6042048999058
2016-05-27,-151.43340039685222,-150.21147864213034,-148.94368146607297
2016-05-30,-165.13778423855973,-164.78100158543515,-170.3535497656643
2016-05-31,-157.3458788469717,-161.48651311516147,-166.34292041908503
2016-06-01,-144.06064267469998,-150.58989103823302,-162.26690556010095
2016-06-02,-154.48354629956873,-152.65415251065272,-159.30531095907148
2016-06-03,-160.13502077085445,-159.26276770439242,-168.0863291164115
2016-06-06,-158.47442189034385,-162.18616375035953,-168.25988580692118
2016-06-07,-150.97796309199938,-152.12766368883763,-159.32844448827058
2016-06-08,-155.01399814137895,-160.87051690473433,-156.5567435363222
2016-06-09,-158.20763457723342,-157.65811152857174,-162.9428178985417
2016-06-10,-147.99526551794204,-150.7298826319433,-159.01440749387316
2016-06-13,-156.7216497752666,-161.542041402311,-163.1145439908998
2016-06-14,-156.0874519786301,-161.62395599991822,-160.47739392464638
2016-06-15,-150.76528065250716,-150.6765463381959,-161.0324722760159
2016-06-16,-137.5136294892182,-146.90976711914482,-153.766622685839
2016-06-17,-164.48169418525998,-166.73997530263512,-165.64458667129153
2016-06-20,-154.2394444443686,-155.6668323710758,-162.95139177814468
2016-06-21,-154.25623905421014,-153.4560069812121,-160.90271500163152
2016-06-22,-149.232559853474,-156.0925206467045,-155.93891015370278
2016-06-23,-168.97533156187504,-170.49161738997543,-173.20210545418897
2016-06-24,-162.83904528181756,-163.55488696337025,-165.50641373274652
2016-06-27,-139.9685452343339,-140.65592735153962,-155.26043489591103
2016-06-28,-165.63314676327676,-169.9716887925042,-169.24292201305275
2016-06-29,-154.05820285917594,-154.08336916160115,-154.6347535388144
2016-06-30,-144.33624751657155,-150.6945651971159,-160.9829770617262
2016-07-01,-160.78630754457924,-167.38976949018016,-169.29697451389924
2016-07-04,-161.19198663090827,-163.70479011720445,-166.99539813430277
2016-07-05,-165.86463431432225,-167.10674939970932,-168.64656959003958
2016-07-06,-157.33634891478025,-160.6196255453557,-161.16011077516598
2016-07-07,-161.12324095840341,-166.76692659994612,-172.5268308023392
2016-07-08,-163.32973513433066,-168.97268856060538,-170.4238695962664
2016-07-11,-163.47041087278419,-166.4241183935403,-170.2330485776978
2016-07-12,-155.81715079966315,-163.59848115676544,-166.68335680203577
2016-07-13,-164.25500041831626,-164.17384852450115,-169.16167578303322
2016-07-14,-150.95707719459386,-156.52731313875861,-164.35922338462066
2016-07-15,-163.12038467343731,-170.98636260025583,-166.73905385721048
2016-07-18,-153.89747140851554,-152.28881128250862,-161.98029598909838
2016-07-19,-148.6284579119241,-150.91043965592564,-165.24961420709158
2016-07-20,-145.00437476229558,-146.4444896929796,-151.73151479579045
2016-07-21,-155.23888446713732,-153.23012680642276,-166.2019719653594
2016-07-22,-157.85948881311853,-164.0049655168581,-162.81310490620055
2016-07-25,-158.6719001249212,-159.6675028853512,-166.70712011841636
2016-07-26,-163.96295070725492,-167.1190601790007,-168.02940567912924
2016-07-27,-155.39465005113618,-159.03968028941605,-168.12888337979467
2016-07-28,-156.12003004339553,-155.70701757283842,-164.75944009138288
2016-07-29,-159.46676387372975,-165.9910060147753,-166.6589021560643
2016-08-01,-144.48306222051787,-150.84959552512953,-156.38942201298417
2016-08-02,-157.3739057383238,-167.53701117635802,-169.66106813621786
2016-08-03,-163.2388041975236,-165.26151785734368,-170.32965308566497
2016-08-04,-152.87219550548045,-150.74889664993418,-162.20651480797
2016-08-05,-138.05603649175794,-140.93466555225646,-159.8128378403421
2016-08-08,-156.69595997539943,-165.19050879507984,-164.4561122076784
2016-08-09,-143.94718772462483,-155.71108365514132,-157.910023913743
2016-08-10,-158.0692230561876,-157.44471237522347,-165.2490710632307
2016-08-11,-168.35381578491766,-169.0182015016773,-172.25946714024332
2016-08-12,-164.74003175181412,-169.43639459422457,-172.80664242529957
2016-08-15,-162.4517962759992,-165.0010576861257,-167.56477945668104
2016-08-16,-156.43403098277946,-156.10799401756694,-161.07886050611395
2016-08-17,-130.3971681118872,-134.7149956767036,-145.22882913572698
2016-08-18,-157.0142869674413,-161.17618066213177,-169.5369948053529
2016-08-19,-146.00263904072483,-154.10334293216408,-161.59784296002894
2016-08-22,-159.20322285375488,-163.2354061937107,-165.01888760159792
2016-08-23,-153.6470532509877,-159.88153589627788,-148.10471291013374
2016-08-24,-170.05944555026687,-173.4073291393904,-176.38146021115705
2016-08-25,-128.652195750808,-131.63263924673515,-149.31600728121867
2016-08-26,-161.11571891372563,-164.19820209266626,-165.79387773075874
2016-08-29,-162.2597536332321,-161.34358349921084,-161.52308745350672
2016-08-30,-157.80274461216325,-160.62092861256423,-166.90075801563523
2016-08-31,-168.4539251016404,-172.5140230464009,-175.4739998808869
2016-09-01,-138.52303538920958,-131.67400788238024,-147.24050500220693
2016-09-02,-144.38370538730862,-148.7920294225252,-154.92070206346543
2016-09-05,-120.20903874069683,-144.7041703909349,-152.67260563461133
2016-09-06,-157.36029464266315,-162.15434666779902,-168.46968942726014
2016-09-07,-146.32680829840663,-154.1445773029979,-162.45351860564008
2016-09-08,-140.98462311862988,-151.47556281528404,-158.19253358284234
2016-09-09,-151.9352621252462,-163.3973225179747,-167.5783670333753
2016-09-12,-127.44492860353839,-147.2390208779183,-152.66734258566024
2016-09-13,-163.95051859160912,-165.8629343151166,-170.1013150998463
2016-09-14,-150.63534187549828,-161.65393606902,-163.19301455677297
2016-09-15,-164.4862522812763,-167.0049013465489,-166.31279422824645
2016-09-16,-140.60575678027638,-145.40373998582322,-149.23893723736268
2016-09-19,-160.42383975185516,-158.85931906746697,-161.91268418858544
2016-09-20,-147.70948658269816,-152.42726033161972,-154.92665174464355
2016-09-21,-154.94223314879397,-158.3511949647903,-164.4901364597748
2016-09-22,-160.84352520364067,-157.37426797568688,-160.25590870535987
2016-09-23,-153.2230922694915,-157.28825874929865,-161.3434209631457
2016-09-26,-147.6225945792758,-152.36116355742706,-158.83136561455325
2016-09-27,-150.53732690293495,-154.580724852895,-159.70990145392793
2016-09-28,-153.51417815432723,-152.39629692310615,-143.80955712109898
2016-09-29,-152.30370418994397,-158.35643674734257,-167.4293255414909
2016-09-30,-152.14933239389717,-152.7804943804424,-153.91149267404182
2016-10-03,-152.5587369930639,-153.97135835914753,-159.21327367987757
2016-10-04,-147.19180590923582,-154.20230781161086,-164.10572724237292
2016-10-05,-155.63203809504407,-162.10253270068446,-170.4993027969347
2016-10-06,-145.95285398752338,-151.09177968907213,-157.09085908801305
2016-10-07,-165.35925102335355,-163.98443266742285,-163.6985914376612
2016-10-10,-147.26379759062922,-141.41042590091615,-152.36411500155177
2016-10-11,-165.19286434049172,-166.89687146308387,-170.56290655899448
2016-10-12,-169.08024190179688,-171.15235001970376,-172.77164483491492
2016-10-13,-147.3150473792625,-146.95149428541933,-157.78624802011336
2016-10-14,-155.6042359348945,-158.1966709332004,-157.65660199739125
2016-10-17,-166.95303900714478,-167.11128919642277,-170.0587625778008
2016-10-18,-135.0559940614529,-139.1925204366771,-159.7861349554292
2016-10-19,-158.1459619114268,-161.4676714664814,-161.51556032406765
2016-10-20,-141.23567267659251,-142.4570299799547,-145.2107418569663
2016-10-21,-141.93055941145735,-153.78025450774442,-151.96735685395862
2016-10-24,-155.64728727856757,-158.9007712922563,-163.60655177024637
2016-10-25,-129.7333861321975,-134.22846858029752,-131.4044453963626
2016-10-26,-161.69366729925082,-164.04404525546414,-162.82214974305987
2016-10-27,-161.74313507113416,-159.34163440749182,-160.40299656927607
2016-10-28,-162.34066154479117,-164.108138964362,-168.81794386884442
2016-10-31,-161.4763362898963,-162.74913363459893,-166.11365566767915
2016-11-01,-163.64334833846002,-169.9851501976408,-173.31872138720533
2016-11-02,-154.77179449962517,-158.7387378522077,-152.93741712720106
2016-11-03,-157.7910700427224,-160.25014650501154,-163.89234085599762
2016-11-04,-159.149837502494,-150.22358174376512,-157.53570509463404
2016-11-07,-170.21923962157615,-171.74740693776343,-173.13430147442253
2016-11-08,-158.02103273671128,-162.44538638486685,-163.71210507302067
2016-11-09,-161.03096376238423,-159.90573789491577,-163.04552086878556
2016-11-10,-159.54767508604155,-158.7477540347795,-163.78299408316326
2016-11-11,-133.54876161572156,-143.2985387985559,-151.26868415488602
2016-11-14,-160.5240797227253,-163.6931830617749,-165.8770020326248
2016-11-15,-162.2348671040685,-159.23141804063698,-162.18745999357918
2016-11-16,-164.38742978537095,-163.84624936678264,-166.4697421270607
2016-11-17,-165.1359207073295,-165.38658526533453,-168.1930467088706
2016-11-18,-152.83832425084086,-153.25246464384114,-158.86689125215582
2016-11-21,-162.55037891997404,-163.10083057138831,-168.20266535604566
2016-11-22,-169.94739352237556,-171.58831644352102,-174.81490311109715
2016-11-23,-160.18513026411,-164.092988017133,-165.7550247563793
2016-11-24,-158.0472075821869,-161.0375503551777,-165.80364656035403
2016-11-25,-151.79240549490694,-152.27851831162323,-159.3788003585443
2016-11-28,-153.99038415675133,-161.33056358034747,-158.76257655419212
2016-11-29,-161.08779123210962,-156.64138182556894,-154.11117454859846
2016-11-30,-151.59932460917486,-158.75460270085003,-164.88742642001506
2016-12-01,-159.32761637965456,-165.53215192015628,-170.64079712327754
2016-12-02,-150.27437182405845,-160.93546853339245,-168.1845913933281
2016-12-05,-143.49889491593328,-152.70882433084648,-150.95448192154555
2016-12-06,-159.25175170622327,-158.75348865328954,-158.17450069470033
2016-12-07,-155.3337552791764,-162.18588325135892,-167.88991081536918
2016-12-08,-128.92585328717294,-141.73582936151956,-151.0980435545918
2016-12-09,-133.32920356589068,-147.78491766793638,-161.39380520027788
2016-12-12,-153.9795961354365,-153.43670599013075,-159.7270769602566
2016-12-13,-156.27995593219453,-159.17507434078362,-157.8121349234407
2016-12-14,-136.83304775421024,-140.53786534581403,-140.6223058340261
2016-12-15,-150.88875896767073,-148.16144423671173,-143.12753473313137
2016-12-16,-151.517063170064,-156.77624531861443,-151.22589491176404
2016-12-19,-152.73924549897683,-154.72447296378445,-161.29253076026797
2016-12-20,-148.6165478427941,-156.87603675201314,-153.97452383248304
2016-12-21,-161.43190239366353,-159.5263730166456,-164.65901449514172
2016-12-22,-145.2955531558183,-152.03371303431175,-157.3369811185645
2016-12-23,-158.45905873796153,-165.0956154643338,-163.6719760300528
2016-12-26,-153.82623140557683,-156.1074237468589,-158.773564253586
2016-12-27,-155.8090439742656,-154.53194634188276,-161.66313733982287
2016-12-28,-138.28675792746327,-137.87938765818538,-144.7632832197078
2016-12-29,-154.27897440905343,-159.00762510572662,-160.72417854656084
2016-12-30,-156.88355084876807,-158.67623854418292,-164.49864965307557
2017-01-02,-133.08283549440972,-126.70910321021898,-144.97414631324122
2017-01-03,-155.98080129795946,-156.9122974033732,-158.93232632651757
2017-01-04,-157.49266457018524,-162.98239345133447,-165.66924617116723
2017-01-05,-142.86350599168065,-155.67912738810665,-162.26557386812442
2017-01-06,-155.60716465299785,-154.71499610059274,-161.47040873661354
2017-01-09,-166.17856430514786,-169.0064324956049,-171.32816962280305
2017-01-10,-120.88355044970983,-138.27799318959538,-148.94838162236883
2017-01-11,-166.4129730584975,-168.86429099724512,-170.38555250516833
2017-01-12,-158.36217030305735,-163.91220757830862,-172.99309166802828
2017-01-13,-146.0581219211631,-147.1679663218806,-162.55094275055342
2017-01-16,-157.7647890366162,-168.70620583028094,-172.52940243458428
2017-01-17,-134.52403683588273,-144.6468714897582,-149.36320267560717
2017-01-18,-149.38474275571735,-152.99298425739588,-161.64669921722862
2017-01-19,-149.30520730326003,-147.18087103685943,-154.60265278952568
2017-01-20,-149.15555613570004,-150.65145810360963,-154.632036801517
2017-01-23,-158.72857622692783,-160.0381071611487,-167.40502942424288
2017-01-24,-146.079740542995,-146.73830383487555,-151.0920990888569
2017-01-25,-159.28368522514984,-160.3834234644829,-165.0322772077037
2017-01-26,-148.83791422049242,-148.90963829397728,-155.3955070591047
2017-01-27,-139.0156536751258,-141.01199664175462,-152.0781613394463
2017-01-30,-143.51823584340752,-151.32327473110814,-151.60184073984297
2017-01-31,-138.8907024080034,-155.96451270304374,-151.16974860490603
2017-02-01,-141.43312197153372,-157.40517267852218,-159.26831037412512
2017-02-02,-169.45702385625947,-168.72099041657944,-172.13713681563814
2017-02-03,-133.14354070914422,-144.6668394031872,-151.9810570663963
2017-02-06,-126.67911785719642,-131.16033153494493,-146.14384176301212
2017-02-07,-139.17580729687492,-152.65324186426656,-155.21457785754703
2017-02-08,-155.01804102639673,-154.03477463702805,-158.13175210112894
2017-02-09,-141.72110665669112,-151.33246293455525,-158.34771816372717
2017-02-10,-132.51568951866602,-129.36786826856917,-145.72560991380212
2017-02-13,-146.39177057126412,-153.92366316516583,-159.09965895381734
2017-02-14,-143.6299849919706,-152.8117599053317,-155.65190482749605
2017-02-15,-146.30944365648395,-155.54230666189298,-162.7872737359233
2017-02-16,-136.24829680377422,-135.2826505486548,-144.53921449098354
2017-02-17,-159.0308150708939,-159.75284662825254,-160.23047465310134
2017-02-20,-123.25194283686392,-136.63149531315318,-155.090212371995
2017-02-21,-159.0059178679768,-155.85426045134884,-153.39372601815694
2017-02-22,-143.60576372965528,-153.48407228065847,-166.3402838879062
2017-02-23,-126.91404073219847,-149.6268375702444,-151.92457682601523
2017-02-24,-144.7338218732527,-147.4447017091996,-154.82604166044712
2017-02-27,-165.0867263191085,-161.40471844302843,-168.3898248413644
2017-02-28,-134.51290009607692,-153.32964162518212,-156.58704944090456
2017-03-01,-146.8050875057932,-148.7413577168178,-163.62400984023122
2017-03-02,-158.67110065528985,-159.7329105962528,-162.04609255295978
2017-03-03,-153.10505930327778,-156.73838478915604,-157.67062769166913
2017-03-06,-158.14659498272187,-154.24707377025533,-159.43431539062323
2017-03-07,-159.14753055215527,-158.79345397027873,-159.2307009285613
2017-03-08,-168.8784799124818,-161.17631916150873,-164.4443605647224
2017-03-09,-158.08030349543037,-158.62027269779617,-162.39244144529684
2017-03-10,-147.24244638498044,-149.97152841958896,-164.87650294722684
2017-03-13,-148.3726707031641,-147.39864294267494,-150.38341045533588
2017-03-14,-160.43682160429887,-161.3351085470975,-163.28422712313943
2017-03-15,-139.07555914349808,-146.88176871503944,-153.23244958264075
2017-03-16,-148.58221717918872,-150.3706088308076,-162.8076707240749
2017-03-17,-147.87290100660726,-150.2251383038149,-157.27533233917075
2017-03-20,-148.04344146898654,-145.53527869506644,-152.13732849658606
2017-03-21,-165.70646499400004,-164.27170099710753,-163.47492056775647
2017-03-22,-148.8214244312651,-155.22361422173623,-160.4964708554687
2017-03-23,-143.50150730131372,-144.07719520934975,-157.34449841333372
2017-03-24,-147.41489749749292,-153.96746058047748,-168.04198596153853
2017-03-27,-150.76059228382962,-149.97167794627853,-166.62183527578338
2017-03-28,-132.66407473563746,-142.33028730804563,-150.75681316270493
2017-03-29,-163.9863294476973,-165.7424641212101,-167.9427203014653
2017-03-30,-146.82674621805236,-153.307197110186,-160.74261151355228
2017-03-31,-156.03956067304944,-157.62500559171588,-152.46242329051904
2017-04-03,-151.2498983319706,-153.6234781703751,-160.73299858095783
2017-04-04,-143.731225014678,-148.51359065785851,-156.03533747274767
2017-04-05,-155.00905539494755,-160.4924567383928,-162.0581241096424
2017-04-06,-128.6579103868179,-127.4602147683598,-153.74091283322662
2017-04-07,-157.6989997514287,-161.36787187083678,-163.19827825007766
2017-04-10,-160.5562438147049,-160.46790003581768,-164.0837312229822
2017-04-11,-134.24826989062018,-146.17706768830314,-146.43592102225543
2017-04-12,-136.94295615736448,-132.76384644509506,-150.77377363338297
2017-04-13,-150.3820248847882,-143.5844598455237,-148.78203553390824
2017-04-14,-136.8591167775027,-138.6515833192172,-148.72599345127392
2017-04-17,-156.4805907114618,-152.84251250735136,-160.18705413984407
2017-04-18,-156.1658674401266,-154.04097524786803,-158.45654005391674
2017-04-19,-150.83609066396107,-154.94821691862072,-157.611011244643
2017-04-20,-156.9034735857588,-157.7512766248126,-164.3109500493121
2017-04-21,-139.33181402909025,-138.16044979010513,-149.4066607075744
2017-04-24,-138.43832162134498,-137.14794017411103,-154.02376138149373
2017-04-25,-159.51076779297796,-163.74062757749692,-168.2621906020824
2017-04-26,-147.5624798279905,-149.58766402906298,-162.36778478681566
2017-04-27,-159.34471475639114,-163.5066045625466,-164.95055407779515
2017-04-28,-161.5870124247359,-158.64667429587934,-162.9109043823235
2017-05-01,-163.67769065088578,-167.13046681672728,-167.3508655107722
2017-05-02,-160.93134143843915,-160.86926347258685,-164.56839692558876
2017-05-03,-156.15406631387958,-157.07774467428425,-157.45978072660733
2017-05-04,-155.11565024616024,-158.8482040593846,-162.054887165471
2017-05-05,-159.98904884044615,-164.46820603968774,-166.42302096646088
2017-05-08,-145.05397442683426,-145.24697137525408,-156.83454905102295
2017-05-09,-164.2289477479523,-165.362258693549,-171.56001792839962
2017-05-10,-152.33707015705986,-153.52408051108443,-155.99999404834568
2017-05-11,-160.77887599003608,-158.5798559461998,-161.2463110869658
2017-05-12,-155.919638930583,-157.1640903167279,-156.68444168157922
2017-05-15,-152.54921851578672,-148.92532458112734,-146.35788668069364
2017-05-16,-153.9333510027576,-149.327768052942,-156.5294003895759
2017-05-17,-156.66202769159284,-159.10301653841526,-164.20991581792669
2017-05-18,-146.10375217369236,-153.07643063802743,-152.57753532751346
2017-05-19,-155.09042100234413,-157.6430939300946,-165.17006832378542
2017-05-22,-162.68475083906927,-161.51596643580245,-166.52557566620837
2017-05-23,-161.170635848834,-165.53508757145715,-165.95787170300727
2017-05-24,-165.37332785014385,-170.05688496899134,-168.83346036270729
2017-05-25,-155.94429604214776,-150.66092144096945,-148.8720388174138
2017-05-26,-161.20818120869816,-161.29452274736062,-165.80502691866587
2017-05-29,-162.62251576644132,-161.53667695454132,-164.9704380807851
2017-05-30,-161.9146522255937,-164.2039048707004,-166.93219065936267
2017-05-31,-164.70814888315016,-164.39290033517932,-165.1062618925068
2017-06-01,-167.53591790107873,-169.874539100308,-171.9605046311334
2017-06-02,-167.15998468439693,-171.05734864182412,-173.25294682308595
2017-06-05,-158.31370183675912,-159.0661069527349,-153.75589333521935
2017-06-06,-153.665118065326,-153.1832078745542,-167.60289169864038
2017-06-07,-154.91796986942418,-152.38076914024316,-160.430229130215
2017-06-08,-148.13528862422731,-143.3937812985992,-155.50994785445505
2017-06-09,-154.74188146579024,-154.06505237288223,-162.39030318443423
2017-06-12,-163.4454734205822,-165.49664178885675,-171.59860925142473
2017-06-13,-146.5090077348865,-146.97203382810605,-162.67831752620435
2017-06-14,-158.66524141594394,-163.3111372989316,-169.61475511261014
2017-06-15,-160.76121359628743,-162.77857749499242,-165.42273936619276
2017-06-16,-148.31256246762752,-147.994353378524,-161.37181104466544
2017-06-19,-152.937050590934,-154.9641520847535,-161.24837220848534
2017-06-20,-155.56571238426397,-154.29579946664336,-158.19266961124566
2017-06-21,-165.70705998813975,-170.91922070087614,-169.69378691537895
2017-06-22,-149.38835317973732,-153.8624190935791,-162.66550104048162
2017-06-23,-157.11181976772778,-160.46725000906136,-165.6257155954746
2017-06-26,-161.67581340033882,-161.2607095774656,-165.976155291284
2017-06-27,-161.72162756830576,-168.65038788136945,-169.07059007114105
2017-06-28,-159.8226094849027,-161.63728179898942,-163.33880413789853
2017-06-29,-157.724523626786,-160.12757135443707,-164.47338752529444
2017-06-30,-150.3350953877798,-142.81815609055474,-156.46124943364498
2017-07-03,-160.18209073792943,-167.54733515347186,-171.19546837968917
2017-07-04,-153.33605380148333,-154.56642152810338,-168.70035390931736
2017-07-05,-165.62410367170398,-171.14420135827123,-171.1372655004631
2017-07-06,-156.63793017028837,-160.5216508849906,-168.8666619471232
2017-07-07,-161.31116721702304,-166.39837535262413,-175.96146037942486
2017-07-10,-164.43268911490333,-165.63234241848852,-172.39714383458295
2017-07-11,-155.66977756621313,-156.47460555604698,-166.59404456325257
2017-07-12,-170.80063311619907,-177.0554726777873,-178.20732206459977
2017-07-13,-160.78886295595507,-162.5890049571204,-166.32591663949154
2017-07-14,-165.08757469336172,-170.11818811379223,-174.13872268005838
2017-07-17,-166.52185697234285,-168.0896727534414,-170.20957663573574
2017-07-18,-168.52904762166455,-176.18424809701722,-179.4267711247169
2017-07-19,-166.13784166190862,-168.72485287332785,-171.66991097757122
2017-07-20,-167.43334043980883,-173.037523313114,-174.78645136684008
2017-07-21,-157.79716691338137,-156.43158156271272,-169.59381547742655
2017-07-24,-162.80986269664834,-165.82227667853275,-167.6081061109619
2017-07-25,-161.73014271104236,-163.15101587508644,-175.89291382291142
2017-07-26,-158.49275191638867,-156.12915261726587,-163.2076636228054
2017-07-27,-160.05659272252547,-164.62516802533628,-167.93766364639234
2017-07-28,-165.59068513840674,-170.56169046594056,-173.3909959282193
2017-07-31,-163.92386585858742,-166.06268499000916,-165.79149969139047
2017-08-01,-167.03821981450912,-173.61362463841323,-177.71566500487785
2017-08-02,-168.50166782644615,-173.2440678506452,-179.1264638117404
2017-08-03,-168.57299602750626,-175.26274564207623,-174.1111225127064
2017-08-04,-160.91099955555342,-162.353885467694,-163.89464953183588
2017-08-07,-158.4431665019784,-157.42974541721105,-172.17323412580564
2017-08-08,-168.62775223058514,-178.05068132236133,-178.8305076558369
2017-08-09,-163.68676900065276,-165.19917490271547,-169.67532900398987
2017-08-10,-147.1822207660865,-142.62634059917548,-161.20291394700672
2017-08-11,-163.42381221456844,-162.1001026490622,-171.2300022858896
2017-08-14,-161.23916607966953,-152.87414528911785,-162.94553479030247
2017-08-15,-143.7549376598926,-142.5104271278654,-160.1142100113781
2017-08-16,-146.7934011104402,-149.09718904339627,-168.88835072394204
2017-08-17,-160.09783642625175,-160.76889903365472,-162.270573025668
2017-08-18,-130.20511657445132,-137.67444583740505,-164.09223831336436
2017-08-21,-135.2715995974335,-145.47197987454336,-157.8620436390125
2017-08-22,-148.61595865557868,-144.89768306297185,-159.48402732906115
2017-08-23,-145.80677715732028,-142.06006437835043,-158.75046494608193
2017-08-24,-165.16767061092438,-168.78865664010664,-173.4795167648034
2017-08-25,-146.1874548470968,-144.3640680808189,-156.96089648253917
2017-08-28,-150.33582119048717,-141.3344513308723,-158.5388111601727
2017-08-29,-149.86686581754105,-137.49378814382973,-159.5942414963776
2017-08-30,-156.22742696864833,-155.14241207191589,-160.61845432731164
2017-08-31,-152.11770983500037,-156.71632169051824,-168.18897232812037
2017-09-01,-166.10842665067142,-167.30889181641464,-166.7664619115993
2017-09-04,-164.52938750576487,-166.05203952776313,-165.1900945590093
2017-09-05,-163.60084453487897,-166.9650315269836,-167.8980341990808
2017-09-06,-153.14031506737615,-149.08535328678198,-162.69120624692516
2017-09-07,-154.1429822579607,-157.34088130618161,-160.69944704763836
2017-09-08,-145.69028859503496,-147.8307514922834,-163.75484314209774
2017-09-11,-166.45247509825933,-168.97478054202938,-170.2769750445363
2017-09-12,-164.6282485070751,-161.7891693054504,-158.9112906389165
2017-09-13,-161.15476473591846,-162.47120968868163,-162.8129058467736
2017-09-14,-151.8533074794138,-153.0349036472308,-168.54403846579658
2017-09-15,-164.4189179078448,-158.26073499145778,-161.7234367793725
2017-09-18,-143.0657472758164,-144.61289139341088,-162.15318037432317
2017-09-19,-147.95178073406925,-143.52144219646783,-159.1510754130877
2017-09-20,-157.2956390727624,-159.57546334050352,-162.88913461807434
2017-09-21,-152.86763053559412,-150.959361187795,-153.9828503181722
2017-09-22,-164.6955017155896,-165.16880735151622,-168.81159662946303
2017-09-25,-166.1506241917829,-164.66647155950236,-166.3699828487311
2017-09-26,-151.49994708486926,-155.51936413878406,-168.34204842891273
2017-09-27,-138.07072612840363,-146.88214970851604,-154.94528028635577
2017-09-28,-144.0243898673919,-145.47449185731233,-155.65968491638307
2017-09-29,-164.49319046939655,-161.11257432451947,-162.12622570454852
2017-10-02,-122.48692618783059,-127.93261423238579,-147.69616533239642
2017-10-03,-153.28849698954627,-154.5798625067944,-157.66359046706214
2017-10-04,-160.77135716520124,-161.8573825280107,-169.21596964834302
2017-10-05,-163.3831689715449,-160.78173272391544,-166.82722679135506
2017-10-06,-143.23637182808977,-150.3118431223823,-166.89602031647888
2017-10-09,-158.35321931938043,-161.7020597858338,-165.7585110487272
2017-10-10,-157.07841402944206,-154.2395322230945,-159.77272111152493
2017-10-11,-127.7407362836365,-122.31719349645826,-144.21667531006537
2017-10-12,-163.42433488163792,-162.11682169943165,-162.11158031957817
2017-10-13,-129.79025494235157,-132.85534892133313,-157.35986176573067
2017-10-16,-147.47224117777327,-149.59818706226133,-161.98905136715354
2017-10-17,-156.7328625732697,-147.8632284787378,-145.5786557474779
2017-10-18,-142.81767383359698,-145.70751016873152,-152.05782338944869
2017-10-19,-157.49562653240648,-159.4320928019156,-167.40856278432628
2017-10-20,-126.364951851478,-136.432847473256,-157.36817567690667
2017-10-23,-123.11019905384553,-117.33029930940633,-148.60817833704937
2017-10-24,-140.14534277736007,-138.1483524420534,-150.66910083764736
2017-10-25,-167.64907338766508,-167.71430242883392,-169.98500747104376
2017-10-26,-151.68875888606058,-152.26594931457396,-157.56972957937296
2017-10-27,-152.4969581375512,-154.42475586781353,-152.8886576673387
2017-10-30,-140.8082681983887,-144.75006273283608,-156.010249811519
2017-10-31,-145.14431478546774,-145.93021666990856,-158.26363855693916
2017-11-01,-76.89714940042579,-83.83332924262398,-141.30503684568004
2017-11-02,-158.18562186738774,-158.68417001363716,-160.56517777719895
2017-11-03,-162.61527249313596,-159.82201407604774,-162.45715036726622
2017-11-06,-132.24855586388227,-144.15981352868,-161.57743819146648
2017-11-07,-156.4618772472598,-159.06405806357782,-158.1252952043777
2017-11-08,-141.6473952537967,-153.89273557948945,-168.06407895673397
2017-11-09,-158.0820737319435,-158.81712384241297,-161.29561374427837
2017-11-10,-130.19754697154696,-129.11173435835008,-141.0492719769234
2017-11-13,-160.07588274907155,-158.37730559207387,-162.92425974153053
2017-11-14,-154.55569766798905,-154.22855533472833,-160.42285365334865
2017-11-15,-164.90657066892243,-166.0922747294289,-166.58184111453053
2017-11-16,-148.54180985627033,-160.0606321738113,-167.01709398279687
2017-11-17,-164.82804583246352,-168.75093917407935,-173.1190056023168
2017-11-20,-148.64063358928806,-148.67676923911026,-160.21261017467933
2017-11-21,-150.9900879481072,-156.72062610565905,-165.75357473137342
2017-11-22,-132.28245429157127,-139.18196609383347,-160.462299350041
2017-11-23,-147.64909030181337,-160.26236892750296,-164.4997551357764
2017-11-24,-153.80815552127777,-155.55630753337113,-165.7835862749134
2017-11-27,-167.3580507800781,-168.59020871140234,-168.8382653854085
2017-11-28,-161.40166292428108,-167.23187550198355,-168.87127340485077
2017-11-29,-118.6287373564577,-129.07614614567655,-157.29505821441302
2017-11-30,-149.73318465605,-149.35558315059765,-152.6386422825853
2017-12-01,-90.76307935250401,-128.2374742105006,-156.2127281012859
2017-12-04,-128.4617891064745,-143.68117697717688,-155.17584945961931
2017-12-05,-160.92440664517665,-158.65202840062747,-165.569555652923
2017-12-06,-149.64812354482737,-150.14782480047364,-156.0005620444582
2017-12-07,-158.00835440544728,-157.13338079155116,-165.7261480425332
2017-12-08,-140.98630988550826,-152.7926974002336,-162.3945225110354
2017-12-11,-160.69153836500857,-160.6857076032564,-162.33291332783486
2017-12-12,-159.01091607282697,-157.73333184130144,-163.74670736956736
2017-12-13,-160.1877272584864,-160.1062581345555,-167.0187340972608
2017-12-14,-135.28470282339777,-139.0024995373185,-158.7166220438474
2017-12-15,-166.35730649850183,-165.74963879994542,-168.8711338022812
2017-12-18,-160.88392235741293,-160.82149224002364,-173.13753679803622
2017-12-19,-160.91386248844447,-163.4297517708809,-166.98343784757017
2017-12-20,-156.5188823213874,-160.66364712801695,-166.81241121300482
2017-12-21,-164.364266809995,-167.28449510164134,-170.83085074120206
2017-12-22,-151.55547810107635,-154.67578323307194,-163.0397680802034
2017-12-25,-154.1501641900032,-157.96116273521218,-159.68781298176802
2017-12-26,-154.54292064697785,-157.98299443370632,-165.71760362917271
2017-12-27,-162.65076246880517,-166.55527388157543,-171.4110933142457
2017-12-28,-155.12919392275145,-160.04782614970395,-165.48052605186814
2017-12-29,-150.41119383164832,-154.15913061875042,-158.7031095193535
2018-01-01,-150.454909264683,-155.25992926638008,-166.89018728642222
2018-01-02,-164.25500424205825,-165.1275886353091,-165.22909687209614
2018-01-03,-159.1576494643446,-160.97462961265597,-163.17932331828143
2018-01-04,-163.04576461813716,-167.39429000977208,-170.68035235213407
2018-01-05,-154.1635117642249,-159.99133452674914,-167.3525062370741
2018-01-08,-158.88608091058495,-161.61804594418152,-165.51925053198568
2018-01-09,-167.0977653129301,-172.28087911536974,-169.60396805908704
2018-01-10,-158.28300814830246,-160.60407387535196,-164.95840213698037
2018-01-11,-162.18971662763602,-168.7899516769369,-169.47543259028376
2018-01-12,-161.2783510471639,-170.6174761561583,-176.42823887851125
2018-01-15,-162.17477077851697,-165.90574705325503,-171.0815798906533
2018-01-16,-165.97285084080843,-172.7382710743377,-174.86443575501744
2018-01-17,-154.80996754596654,-152.02366793352505,-154.29615847798374
2018-01-18,-162.36969153205183,-167.30841629954605,-169.0159060715318
2018-01-19,-156.73247493119328,-155.02352429408222,-168.4210371242049
2018-01-22,-156.65353590545757,-158.94218223078974,-165.68471657427258
2018-01-23,-153.94825938362465,-156.3993055263062,-158.73559640668586
2018-01-24,-166.9353158299459,-173.8778471908925,-176.37819233748849
2018-01-25,-158.6307508340706,-156.08622687340664,-150.4881587922187
2018-01-26,-158.42649881566513,-162.3869520435791,-164.98536852057723
2018-01-29,-159.36545814469451,-161.0102493959897,-166.4457088171644
2018-01-30,-155.40871565698592,-151.12254077232814,-157.86381208749873
2018-01-31,-160.26106030093038,-155.1190302789916,-156.8945545205276
2018-02-01,-156.71448867261273,-157.24162412619526,-162.35835496634553
2018-02-02,-150.53687524169774,-151.39260062296637,-167.4667099527378
2018-02-05,-162.34215678524714,-168.39665358014335,-171.96634317011697
2018-02-06,-141.2532551113344,-140.5194650135877,-161.87102936461378
2018-02-07,-166.1433925754205,-169.77484649056257,-168.3042610413589
2018-02-08,-154.65557513253881,-156.95352445456365,-172.9121154465357
2018-02-09,-152.5490826091892,-158.81832145611924,-151.8333716067064
2018-02-12,-156.91320624828788,-163.43984299373622,-166.80642349318043
2018-02-13,-158.08613085297122,-159.77543629871533,-158.22868061283583
2018-02-14,-158.16147834683846,-161.57058143659495,-166.22101132305534
2018-02-15,-169.24189247946927,-174.43392906116478,-178.37850811752867
2018-02-16,-160.5698056055882,-160.68664909398782,-163.92339191330447
2018-02-19,-159.1916264778617,-160.98969042516768,-164.49360151336205
2018-02-20,-153.17689901658716,-152.01063357053124,-162.811868393451
2018-02-21,-141.15299103475743,-143.18406869485864,-146.17434999812153
2018-02-22,-154.2650406539642,-152.17289474124874,-159.2641745211682
2018-02-23,-160.55717429363133,-165.74921489290068,-171.73285945367815
2018-02-26,-163.6907657685555,-166.75334507001838,-169.08112436607743
2018-02-27,-151.13415324106194,-149.88599669244746,-162.8363394130929
2018-02-28,-164.7529234925226,-169.40474567054255,-171.6809541576969
2018-03-01,-162.49368586318224,-168.60295248899894,-169.70942274470767
2018-03-02,-151.8145620620324,-158.29338559273998,-164.6582661328292
2018-03-05,-163.13924372189118,-163.1826109843357,-162.54935375426072
2018-03-06,-166.36399614367858,-172.88481994266365,-177.20522118977178
2018-03-07,-171.20363417452464,-175.79542124524554,-179.4210307179472
2018-03-08,-164.03458636869868,-165.7045450568576,-173.66974497803525
2018-03-09,-164.55100862186958,-171.00100166590022,-177.64789459533668
2018-03-12,-145.15164005735662,-142.17157464724318,-158.4725531377269
2018-03-13,-141.4324370699446,-135.6441349286157,-144.8340771060258
2018-03-14,-151.40837230433507,-157.0816819319712,-169.24968406970842
2018-03-15,-158.51395124333092,-157.997530182142,-160.5956306368635
2018-03-16,-160.08190718677474,-162.80320856379896,-161.4155660262893
2018-03-19,-162.26489424322494,-164.00672020651876,-168.5336424070241
2018-03-20,-159.56609330342667,-162.05485782316248,-168.89001690133387
2018-03-21,-160.22210951517388,-166.53943513498538,-166.09862519680755
2018-03-22,-149.28654750435635,-151.64402872303748,-164.80284911041105
2018-03-23,-120.21416766191595,-130.51372490524642,-159.10530357049262
2018-03-26,-154.87766338586485,-160.0646172969605,-171.8738614626312
2018-03-27,-154.24172358068762,-155.6536017808462,-161.03080478564783
2018-03-28,-154.06084649100396,-157.6735325778147,-161.39915734849072
2018-03-29,-141.5903599840995,-147.14019101748042,-152.9029509064347
2018-03-30,-151.99930492687656,-153.6092234865561,-155.98107538275988
2018-04-02,-135.16880521874015,-146.47612963741176,-158.6474246429652
2018-04-03,-156.31736621754635,-163.27358148128963,-164.29379248131553
2018-04-04,-162.87016977762886,-162.60538625616604,-156.23428499241598
2018-04-05,-157.20511991825788,-161.52412639878642,-164.59234440163866
2018-04-06,-159.66366620215888,-164.95906980015408,-166.45530619976023
2018-04-09,-134.69395435282746,-148.99498093099214,-164.68833147204185
2018-04-10,-164.85293246476735,-165.94766904838755,-171.32557863109548
2018-04-11,-156.35483133020256,-156.59973667696107,-165.49290143085287
2018-04-12,-159.0353956389098,-160.55008818026525,-164.50824637050658
2018-04-13,-120.36376293626,-138.0978832998599,-154.3467160640851
2018-04-16,-152.3587299017987,-163.54299389036996,-164.0963760965335
2018-04-17,-148.6448551397686,-148.3978905468876,-162.7839158083443
2018-04-18,-142.4021692592073,-153.29371710368605,-160.6745609081407
2018-04-19,-150.95536471259794,-158.45500321020842,-167.54941185647078
2018-04-20,-168.89179429974442,-174.05513381381394,-175.319713599387
2018-04-23,-160.47160623576855,-160.0334788048393,-164.54061340696722
2018-04-24,-158.8642363364324,-167.59523043337438,-170.7799572110362
2018-04-25,-168.13986388932565,-173.0365503424363,-175.97928427048336
2018-04-26,-157.78902873308616,-155.46967667718005,-155.21714239674367
2018-04-27,-146.50393561770522,-146.78282578434167,-155.20395915199612
2018-04-30,-152.96671481842358,-159.00417702319712,-162.05127213186884
2018-05-01,-161.71710843212585,-165.7537831650523,-169.9046004670529
2018-05-02,-150.52317842291143,-150.31738619583774,-154.6961339144085
2018-05-03,-138.37028264394172,-140.26994251545005,-151.6413317958793
2018-05-04,-159.05121635374053,-162.4190705912044,-161.9483260449315
2018-05-07,-155.01474081930823,-154.7604109937089,-161.36600344324435
2018-05-08,-139.58315202465616,-151.85392660424702,-162.90104334757416
2018-05-09,-141.8291651199248,-146.91780379154636,-146.88993490567216
2018-05-10,-148.26551520894296,-150.68050609903415,-161.29363213373367
2018-05-11,-159.14526130431636,-164.38987900798867,-170.73577025315012
2018-05-14,-143.9345557263646,-154.13742025016202,-157.4869001289186
2018-05-15,-143.80306945041428,-151.4507573918545,-163.79224680332393
2018-05-16,-162.63117564752204,-165.35715194028464,-167.59080348409663
2018-05-17,-150.63189484201126,-156.27327568769527,-158.06209151696694
2018-05-18,-167.48947786287093,-167.28763853962522,-167.9525658511063
2018-05-21,-143.07679432775996,-146.7846972401552,-147.72394693755825
2018-05-22,-158.45604076407147,-159.3560617703661,-164.00714092285935
2018-05-23,-153.97801836296858,-153.33571785186948,-159.35457342411507
2018-05-24,-135.20649622768474,-139.228195725177,-150.42575119732288
2018-05-25,-140.40186478040442,-141.76339570285535,-149.5979892340069
2018-05-28,-152.28378055095047,-147.6542391201493,-156.30320497080592
2018-05-29,-158.2672958021642,-162.1788003735195,-163.43746406592143
2018-05-30,-127.66850939020169,-141.60499225588381,-151.45356524158052
2018-05-31,-142.6277849379206,-146.7478687622469,-141.38754510073278
2018-06-01,-149.40566953617645,-149.4599615024557,-151.00599146331336
2018-06-04,-151.25161574225535,-156.14041517225277,-157.68421212780748
2018-06-05,-156.7229944075157,-156.62972333422118,-162.0940066520835
2018-06-06,-157.07483424234402,-161.2897337155207,-168.42809756356883
2018-06-07,-153.8105012855887,-155.2194190134306,-156.0394616686502
2018-06-08,-151.5864432837801,-159.77222382134735,-164.90720041579704
2018-06-11,-162.15712929694382,-164.82005803470537,-169.48621141421677
2018-06-12,-145.83554666663628,-149.67952435331506,-157.09979693659642
2018-06-13,-147.66389810432113,-152.5263135583503,-154.74905412216847
2018-06-14,-159.50761223240045,-150.8901992184959,-159.36735636063986
2018-06-15,-150.9404351888112,-156.35645276087362,-164.2502390591793
2018-06-18,-157.9233739585624,-158.41584136015985,-161.68742200758288
2018-06-19,-159.35994990545305,-164.37318424736603,-161.3464451171873
2018-06-20,-165.99794217610113,-170.0854673119609,-174.49605760092965
2018-06-21,-151.36822558551074,-156.1997550793392,-157.54140583142473
2018-06-22,-156.6461867005835,-152.4576850394726,-154.74995514389514
2018-06-25,-141.97234683618734,-136.99645199027117,-142.86242388520128
2018-06-26,-157.53189304164908,-161.314500081506,-168.13725162294685
2018-06-27,-144.98052920897237,-153.65118231585234,-160.8842569292354
2018-06-28,-134.84828338691722,-139.8662598061891,-147.84942783985846
2018-06-29,-130.3912773564166,-137.2601045408405,-142.45485616278228
2018-07-02,-150.6139517893606,-152.85636051979372,-156.91843700577573
2018-07-03,-159.8058929585089,-159.51666857618903,-163.384219879146
2018-07-04,-162.88903212109642,-165.8041693858216,-169.5430991043679
2018-07-05,-160.9565004293749,-157.71862653567504,-156.75301815598823
2018-07-06,-160.11264430821964,-159.3586356904135,-162.24415384159707
2018-07-09,-152.17491154024333,-157.48981944060944,-162.87338589140154
2018-07-10,-145.92294157039578,-150.38365026093692,-153.76093762600834
2018-07-11,-154.99503770447168,-160.46574891185915,-161.54968050009813
2018-07-12,-148.2837670325038,-145.6602308277944,-157.19799765773857
2018-07-13,-145.56597105753653,-142.57821531109002,-153.75009427355081
2018-07-16,-145.40993600030197,-146.67140670073582,-152.10442038164916
2018-07-17,-162.86476249536526,-160.43977216598626,-165.2658747422706
2018-07-18,-145.06596143434857,-147.72641834890592,-153.02150899529474
2018-07-19,-161.29986042162446,-162.6130912644985,-163.9260775631621
2018-07-20,-147.56730188216017,-151.62177492034223,-162.5233301896365
2018-07-23,-150.6099070125316,-154.0150390479261,-162.376398189464
2018-07-24,-158.3536338989711,-159.0919204490402,-162.72675103375823
2018-07-25,-162.98497224110645,-165.511384709462,-163.60904069927798
2018-07-26,-127.41706005857455,-133.11919250479923,-153.00703252760843
2018-07-27,-141.61924972295273,-139.5221442451252,-156.7822250983898
2018-07-30,-144.01761854839322,-150.81896179695178,-161.47253069407046
2018-07-31,-152.72817597884276,-154.712378789853,-157.95453646715725
2018-08-01,-151.30938986611383,-148.0334171642043,-150.84804370625685
2018-08-02,-148.7987012655885,-151.49708473265142,-163.3114234193721
2018-08-03,-161.02860545733955,-160.4019913842484,-162.0298535198252
2018-08-06,-144.81240257799155,-149.64827393614377,-147.77846614592116
2018-08-07,-158.8949715854011,-157.9196603849882,-161.79294664814455
2018-08-08,-150.70809674397506,-157.89213017137521,-163.9972157566904
2018-08-09,-160.68597653831395,-162.21658333465723,-167.53467726313224
2018-08-10,-165.09108054456613,-164.0975967235947,-165.2460070203153
2018-08-13,-166.04059661867632,-166.5739213614757,-165.7121232503858
2018-08-14,-142.9881639874685,-140.3191194510847,-146.725774401151
2018-08-15,-159.52709825022788,-163.62877555415167,-165.1343254951981
2018-08-16,-148.30365671489932,-148.22602671977714,-162.11477895850607
2018-08-17,-161.60483317659296,-162.63223739463274,-162.61388259385885
2018-08-20,-166.05704116764377,-168.68125297355658,-169.03820483352445
2018-08-21,-146.8635223106195,-151.95108227989115,-167.18540458392638
2018-08-22,-155.73547718564467,-157.00520961462416,-159.80121812557923
2018-08-23,-167.24755983286622,-170.40515018210618,-170.2576651824552
2018-08-24,-146.68236961625124,-151.2090214253881,-154.97917550427366
2018-08-27,-167.37550914450705,-168.52024680857951,-171.1279647600396
2018-08-28,-155.96819067520693,-157.72610669358625,-157.64270682410762
2018-08-29,-155.36278561787813,-159.81600101283493,-169.70058476254084
2018-08-30,-160.74795732204785,-165.70229836644128,-169.39570598321077
2018-08-31,-162.90452878518462,-165.58390987373252,-163.87541244394077
2018-09-03,-150.90776304635835,-150.38602308702423,-155.9803779511007
2018-09-04,-157.57843422941852,-152.47311106037864,-150.59538023795534
2018-09-05,-163.96183588022043,-167.75144841260317,-164.46496944519131
2018-09-06,-156.59731887830088,-159.45862801955533,-168.2012471468919
2018-09-07,-145.650690644858,-141.10683200452357,-149.68431263781767
2018-09-10,-160.24185131856183,-158.4990430847646,-161.5357709925471
2018-09-11,-143.72804031985797,-146.09011350363468,-153.327932318235
2018-09-12,-153.0310398722072,-152.76761153712408,-159.2830558865988
2018-09-13,-133.4403910598828,-132.47437769196807,-154.7105817913938
2018-09-14,-146.6085620899037,-150.50075769896316,-166.3155025772896
2018-09-17,-149.3125461973447,-151.59781722454852,-150.30197113310984
2018-09-18,-156.8917944772115,-158.71010868461073,-158.6257333424609
2018-09-19,-147.1264108935472,-155.74356871236466,-164.8433211498913
2018-09-20,-158.30552669442284,-161.75668960194707,-162.35042184106223
2018-09-21,-149.86769640986816,-152.51690806496964,-161.53146036830248
2018-09-24,-159.6744957785386,-157.152148331123,-164.33266306117724
2018-09-25,-151.92054129390831,-157.12250075075013,-161.56290618988507
2018-09-26,-150.76964278915636,-150.68500934157836,-164.1908029168557
2018-09-27,-147.96160850550106,-153.18268923464706,-163.47378833319254
2018-09-28,-157.9425573522251,-159.87125083084362,-166.25071804912227
2018-10-01,-159.61163717230613,-160.0578918091726,-161.7081472818683
2018-10-02,-156.43361804238816,-159.0188004921305,-162.98726205195618
2018-10-03,-152.40172321943558,-146.63920466861964,-151.2985299937255
2018-10-04,-164.35769123074027,-165.97640067566823,-167.62612410057542
2018-10-05,-162.76201603072474,-160.45901001634536,-161.02077884876485
2018-10-08,-153.22421753710285,-152.139587964458,-160.91774041849047
2018-10-09,-159.99992471633803,-161.97951215357904,-167.1086442294499
2018-10-10,-164.93207622235306,-168.50494922692928,-174.13446633823332
2018-10-11,-156.31815082324317,-155.92290672040275,-156.1311633168823
2018-10-12,-154.61441692485351,-155.74166197265316,-163.60242972719732
2018-10-15,-139.38062455652093,-146.30930766825233,-157.74094260033112
2018-10-16,-154.58567357926395,-161.16947051278456,-164.4768611776529
2018-10-17,-160.68887691738024,-162.4244470730668,-166.38207958416007
2018-10-18,-151.33459087760536,-155.7747586848609,-161.12357267537715
2018-10-19,-149.2428272366182,-150.62500952902016,-152.25633693277481
2018-10-22,-144.5340748439073,-146.12236887559834,-157.71270639815256
2018-10-23,-145.2187611265543,-155.18579465825488,-168.48589950584233
2018-10-24,-146.70413155000153,-152.17144285932665,-163.85607817124884
2018-10-25,-148.7711849520532,-152.9179306002447,-159.3222424019427
2018-10-26,-151.79707483039348,-154.513917080413,-162.89239545551445
2018-10-29,-143.51234700662872,-141.57457350912773,-163.80073156751556
2018-10-30,-121.93796554220486,-133.87339622726017,-158.72121817161556
2018-10-31,-145.82223305976623,-150.34574452730376,-154.17232968150793
2018-11-01,-155.50972333045522,-161.16112029647743,-165.73066271515896
2018-11-02,-120.65396792475738,-125.39464315579802,-132.46468041782765
2018-11-05,-149.84210592579643,-150.45899366562713,-155.04944153628196
2018-11-06,-156.77710166277188,-157.34427839592598,-164.2492727155756
2018-11-07,-134.70294271445604,-146.96398679900832,-157.95194438541216
2018-11-08,-142.73055442477587,-158.20500183802272,-156.55805647777083
2018-11-09,-131.6228765394116,-149.91868547401438,-157.90301209938244
2018-11-12,-122.02731400150697,-121.47653591521221,-150.63598773698396
2018-11-13,-157.4267558512289,-164.0149909308058,-164.8496341292507
2018-11-14,-163.58767591878853,-161.14523964818426,-165.27955271584744
2018-11-15,-156.12420635997384,-162.42440129959837,-164.72938827084806
2018-11-16,-134.48366089651688,-157.5041572699158,-162.26002039370653
2018-11-19,-164.42037791097715,-167.33989930600524,-172.39671464199472
2018-11-20,-163.66301687342926,-163.7110645907188,-167.32232366222468
2018-11-21,-156.09283465496645,-160.61381930687236,-163.59567995600244
2018-11-22,-137.47137641302382,-144.9223802251943,-161.26088647858433
2018-11-23,-153.27127470852253,-151.504846202871,-153.59889586899237
2018-11-26,-145.2226740939717,-157.81753357735886,-165.62822662180062
2018-11-27,-149.8902880127884,-157.1073718999744,-164.21376042413848
2018-11-28,-155.62566225637502,-153.59835450445698,-155.08976671067708
2018-11-29,-166.64624867362397,-169.04640688003573,-171.30050217530925
2018-11-30,-145.56073055738233,-153.41507994993293,-154.63183479079606
2018-12-03,-165.61447154584917,-165.5189344749904,-169.52448785209936
2018-12-04,-143.24650534706356,-156.22833493331052,-164.13664102734793
2018-12-05,-162.95356703608658,-167.4837410926002,-170.51863214939712
2018-12-06,-155.30348043854656,-158.4922494013756,-162.89449910099935
2018-12-07,-162.70370807821251,-165.58480935343442,-172.06894094890436
2018-12-10,-142.45659365267755,-146.29018592630348,-156.0869224797587
2018-12-11,-158.88940485700002,-160.9338358370853,-168.85307238340644
2018-12-12,-148.05713931326687,-152.00615978170072,-166.4233460894021
2018-12-13,-163.56129274209155,-167.17232466058798,-166.3699948003122
2018-12-14,-150.45025504018827,-153.1354914240529,-156.2062100345076
2018-12-17,-157.20945983609639,-164.60283852328763,-168.48081589778494
2018-12-18,-155.2290830712086,-161.0905202433468,-167.22581303935254
2018-12-19,-157.66679236580617,-160.8436540288484,-164.2441142220404
2018-12-20,-166.08151097084078,-170.32874569989932,-171.2226103406237
2018-12-21,-160.56041776959273,-163.24613645005442,-167.8175480977264
2018-12-24,-165.41816459360493,-170.27660212978657,-175.66788241124237
2018-12-25,-158.88306318107274,-161.08820308737657,-161.52725219380648
2018-12-26,-160.93699238180398,-165.6640365922811,-170.70907125336245
2018-12-27,-160.09434931748868,-159.25793712494817,-161.2339984568157
2018-12-28,-154.31954358121237,-156.9153734295616,-165.12576288305067
2018-12-31,-150.64643730309365,-153.72938993225884,-155.2792527986068
2019-01-01,-154.58610378361735,-156.25203157642582,-163.11903958047589
2019-01-02,-148.7330579415448,-151.67654390077357,-161.87729717907897
2019-01-03,-152.83301241848886,-152.39409821336875,-166.35646280391853
2019-01-04,-152.64747975021652,-154.62574832199329,-159.25412731304732
2019-01-07,-145.64800063604022,-145.47710497093917,-149.456787299848
2019-01-08,-150.4729903945745,-154.16433763436288,-160.96331475261428
2019-01-09,-158.55747878148776,-162.35223181702202,-167.5916009735041
2019-01-10,-144.0734061216774,-153.14226225395169,-151.12107577826413
2019-01-11,-160.3989930058349,-164.63453210802706,-170.30280834044171
2019-01-14,-147.3195508868657,-144.9579813752842,-155.90718997606868
2019-01-15,-167.35916889985407,-168.92747359066456,-171.2102680884146
2019-01-16,-147.37446177794794,-148.84138425698546,-162.07532897659084
2019-01-17,-153.42358758411234,-154.76447406293445,-163.63306547603176
2019-01-18,-147.8148717705538,-148.2382212986013,-156.8954055164853
2019-01-21,-167.40794851476673,-168.78193468715222,-172.61967430200198
2019-01-22,-151.76611319334967,-154.73441899417236,-161.26693428568714
2019-01-23,-155.67449232830484,-161.70626891325202,-162.41437175560534
2019-01-24,-136.0171321021786,-143.66595597391608,-155.94099817794876
2019-01-25,-153.12893544028626,-154.04571991522087,-153.57375074842855
2019-01-28,-163.0858640951165,-164.93426203930585,-168.94845061914526
2019-01-29,-166.042035155375,-168.34404951883076,-173.0388023989939
2019-01-30,-163.7591197605495,-168.17002558085974,-171.60651104227674
2019-01-31,-152.4208791868853,-155.5998333456356,-162.5579905162525
2019-02-01,-132.47756801735756,-147.62394561505047,-151.3416444531929
2019-02-04,-153.7482010109564,-158.66708426715078,-165.44385241608842
2019-02-05,-152.10761406569486,-154.8497696405941,-158.10079986595804
2019-02-06,-151.3101467671684,-154.21590315918345,-160.72336762489775
2019-02-07,-152.68047570551707,-151.22346167258078,-153.12329185332325
2019-02-08,-129.12018824396054,-144.3828606168586,-148.69684056125504
2019-02-11,-157.85025916035795,-155.05317407364,-161.08877563097587
2019-02-12,-134.73277235042747,-145.83363037841178,-139.85483615749
2019-02-13,-144.48543957247512,-146.4491245517972,-156.74725606631077
2019-02-14,-143.6742855945292,-154.52820739414585,-163.46943670005507
2019-02-15,-161.35155212502798,-158.0168770078644,-163.4340981979093
2019-02-18,-162.86858208933438,-160.93944233497487,-165.72875899023427
2019-02-19,-157.98576468100796,-154.69986895478877,-162.29005654605464
2019-02-20,-154.79243243004566,-156.80187352804515,-157.41773447167998
2019-02-21,-147.65187389644484,-150.12781076355037,-161.19780066072843
2019-02-22,-162.63912699717676,-161.01288480975302,-159.90230527135634
2019-02-25,-164.37080923067342,-162.4015036512114,-165.99934234871435
2019-02-26,-152.89953382211132,-154.31543094120073,-158.30816280513972
2019-02-27,-156.47548883773794,-154.84855592225625,-156.3196737869374
2019-02-28,-143.02755955170636,-147.86565192678972,-149.84014011576565
2019-03-01,-158.6932274402023,-157.8922728460946,-164.48423996874234
2019-03-04,-154.36972800693945,-157.50361528154173,-160.55401227715478
2019-03-05,-134.01036130711256,-134.4133661232169,-143.47204038606662
2019-03-06,-158.87099154153574,-157.98966958464712,-163.413850191354
2019-03-07,-156.3240136076265,-159.32139705660174,-161.13140637191705
2019-03-08,-146.6229908632319,-150.9442396653379,-146.92080437955633
2019-03-11,-143.37287280685882,-142.80015496133632,-153.94903056038828
2019-03-12,-142.93186785494711,-153.59410697574523,-160.58508397982985
2019-03-13,-135.67626495736528,-138.96320546273515,-143.84910181995818
2019-03-14,-151.5455598545656,-151.59790915880612,-157.9871563567254
2019-03-15,-153.60107661247665,-154.463731847598,-158.56662569900791
2019-03-18,-151.81442570573697,-156.2578486760139,-158.4191883510809
2019-03-19,-157.02438935941151,-156.1100395968842,-163.81832634545142
2019-03-20,-154.626635156919,-156.8988479939819,-154.5211596593601
2019-03-21,-151.33345409872672,-155.61571097108728,-162.2117146955456
2019-03-22,-152.39660802959764,-148.03095243618316,-149.4747016498995
2019-03-25,-165.7978053676622,-164.83353517152915,-170.2861610800858
2019-03-26,-140.78598767494822,-142.22179075962202,-155.4651505091344
2019-03-27,-144.76750082391965,-148.01590335805605,-149.86360519503808
2019-03-28,-164.30315033604097,-163.88391783887184,-169.7236939273745
2019-03-29,-169.54297832296066,-168.17172346103143,-173.6977635836251
2019-04-01,-150.81729313932323,-160.67743855419928,-167.7521520507288
2019-04-02,-150.13939098709025,-151.74197162066548,-159.10521049875211
2019-04-03,-164.92121252829511,-164.7380219986723,-169.88875302759016
2019-04-04,-160.13974172348514,-163.88721792636628,-166.27705468411216
2019-04-05,-152.00127312320598,-160.3177983859423,-166.2739323738599
2019-04-08,-161.1737566488545,-162.90304850450121,-164.50275533971578
2019-04-09,-163.979941059707,-164.91536940232604,-167.3696750968018
2019-04-10,-168.0593279075104,-166.60635371776908,-170.37416958072097
2019-04-11,-164.91782308192572,-164.39559483570437,-167.52064989344592
2019-04-12,-169.49842766609336,-171.85913788999284,-174.52814939664466
2019-04-15,-154.91352850365564,-155.96669378835196,-159.74111589944877
2019-04-16,-165.04940980922282,-166.66700195942443,-170.0261985917909
2019-04-17,-163.44953708759303,-167.70051116043587,-165.5027671726893
2019-04-18,-159.33608138216556,-154.49843015212568,-154.80203770796828
2019-04-19,-164.43809890554857,-165.42540528663952,-168.11594739263535
2019-04-22,-166.6428278259367,-170.27242598037952,-168.31026228447783
2019-04-23,-131.60771937167317,-130.0142187955137,-130.63572504257232
2019-04-24,-166.76335349783074,-167.36281384979915,-173.64526910667004
2019-04-25,-164.02149500756818,-168.0280707788172,-166.82604051637233
2019-04-26,-166.11374396134187,-169.9875121223483,-172.24167168559495
2019-04-29,-155.1462593050177,-157.50905953370133,-158.40159326024178
2019-04-30,-151.839851779315,-153.66509390920274,-158.8103861354686
2019-05-01,-161.07732677798276,-165.6810721275045,-163.31812563670604
2019-05-02,-163.05047188063043,-159.8295585369084,-160.8460234224549
2019-05-03,-160.51234255543318,-165.23176257799486,-164.38350704014036
2019-05-06,-147.16809932508045,-152.68512248410823,-159.47658083751617
2019-05-07,-166.29571247408603,-169.12448749305725,-165.15778612119462
2019-05-08,-162.56651435935186,-165.03437149571664,-164.692142565772
2019-05-09,-162.70576869519346,-163.28501942983416,-167.85812547030181
2019-05-10,-146.77379402299567,-146.423799237975,-157.2833040201145
2019-05-13,-157.72231338317775,-158.04592854279036,-162.95291751952453
2019-05-14,-148.08072778403712,-159.65699882091977,-161.44511620938587
2019-05-15,-152.4854724058243,-154.08577588310794,-161.5778843197651
2019-05-16,-162.23457839451504,-165.27156601056564,-167.56587342699203
2019-05-17,-170.05309674299014,-172.86942875236298,-176.43414926242593
2019-05-20,-162.59359935563953,-161.24574584793785,-158.71327682717052
2019-05-21,-167.36342745047298,-171.6029216515792,-175.51193091073122
2019-05-22,-160.72493518539827,-164.49891462476174,-167.5974182019561
2019-05-23,-146.66902273795012,-134.76377688325044,-144.5061678554241
2019-05-24,-166.90109106110413,-168.19145505094536,-172.4216323339927
2019-05-27,-163.0790461339991,-164.1863512897697,-164.96589484259107
2019-05-28,-167.4557871973779,-173.42429668750592,-176.8789862926995
2019-05-29,-164.08798171592758,-169.1694190731776,-173.8463686453355
2019-05-30,-159.06344938258968,-160.2865064381796,-166.1553462078642
2019-05-31,-155.89516670281975,-160.78960046370705,-168.2267161853827
2019-06-03,-169.1277638941025,-174.08991868606944,-172.5008409080115
2019-06-04,-166.57405020126205,-171.84750838311405,-170.17893595467243
2019-06-05,-158.4422770090361,-152.16850403338404,-153.26670506938132
2019-06-06,-166.8602674529177,-169.5633467795032,-166.91985221550414
2019-06-07,-161.00224825423433,-164.5705435466982,-163.72195427756992
2019-06-10,-165.4729281332327,-170.143417271377,-174.5635388834236
2019-06-11,-163.30395340012876,-164.26706657249727,-168.96771043827056
2019-06-12,-163.81919467891726,-168.4240997340497,-168.94227736633246
2019-06-13,-165.4485229106649,-173.58941193351225,-171.6336911102997
2019-06-14,-169.98687203475035,-177.56402826117716,-176.8288134157213
2019-06-17,-151.9452789026252,-152.5135668120242,-150.82438050850544
2019-06-18,-156.45071279479893,-160.11331034708246,-168.92066009645322
2019-06-19,-163.00595721032022,-165.41002669114772,-169.41565780976399
2019-06-20,-160.7750056599779,-157.95224817451955,-154.60603051631935
2019-06-21,-156.71065053142306,-151.7361501931224,-157.62922885961456
2019-06-24,-149.94950578153598,-149.14395287776105,-160.99954341737168
2019-06-25,-159.5082890310547,-161.71846039935699,-162.45548675949115
2019-06-26,-166.10980591120975,-167.49103934881808,-172.382684512773
2019-06-27,-156.8414338974994,-164.39603259101955,-165.40630024819143
2019-06-28,-152.54555748960038,-155.99534375303745,-163.3167295934909
2019-07-01,-158.09948063905549,-163.94898476327742,-166.5657229527984
2019-07-02,-168.30388356587588,-171.3008155423806,-171.64064717209024
2019-07-03,-161.59385432960087,-166.51930209937504,-169.90968733042018
2019-07-04,-152.58685098382375,-151.7984366052752,-160.59930355694573
2019-07-05,-159.93635957883595,-165.3484991636327,-168.50829593427463
2019-07-08,-160.27753361433975,-160.66522112347644,-166.1895200450454
2019-07-09,-157.27953035706187,-160.1465088075987,-166.45514553188056
2019-07-10,-161.99654087858036,-160.50238760396488,-163.12691455762058
2019-07-11,-154.89537434247933,-154.98915258691125,-156.47052695973613
2019-07-12,-156.31990179690723,-161.88565239620536,-171.076448329199
2019-07-15,-159.5152468419733,-162.77468339804722,-166.2464336715062
2019-07-16,-158.27661900679038,-159.48430425956926,-161.73557072273553
2019-07-17,-140.7409696207825,-138.69381110273292,-146.2055856288913
2019-07-18,-148.69404140302925,-157.01817405964465,-168.35167501570234
2019-07-19,-154.30053200075963,-153.69570213708525,-160.41131140249598
2019-07-22,-156.44678839254834,-159.59494476546908,-162.45126688649066
2019-07-23,-151.3463207762816,-150.30789083897176,-161.9321665230583
2019-07-24,-148.08050639037305,-154.8839049363164,-166.0856186080031
2019-07-25,-151.25123974472353,-166.77571870648842,-165.01416792137354
2019-07-26,-143.72697359741855,-160.50514059446616,-165.26530884740242
2019-07-29,-129.91027027807417,-145.98750439394058,-160.3278707092553
2019-07-30,-149.8812673408447,-159.60918968404744,-168.6669572385462
2019-07-31,-150.81681891168063,-152.66263189011127,-154.26777809753875
2019-08-01,-159.65772252032758,-164.0949657346258,-165.98344313719136
2019-08-02,-165.2501375476427,-168.42388374524413,-165.3425338253253
2019-08-05,-155.2807531661675,-160.0924324441965,-163.9493733873555
2019-08-06,-165.9835922368626,-166.0783687830838,-167.77869296225242
2019-08-07,-154.79808336680094,-154.09210642997337,-151.53833605291746
2019-08-08,-142.40993122854738,-159.03799953664756,-169.39197666596243
2019-08-09,-161.2427282018913,-162.63145191915157,-164.0493572481811
2019-08-12,-159.508082340333,-161.94686623098775,-167.4069173510971
2019-08-13,-161.51520628774801,-162.4966546410687,-169.02915282531316
2019-08-14,-144.33142660965538,-150.04982409429851,-159.81998312709158
2019-08-15,-156.20254786864842,-156.1462350001449,-158.94376348194285
2019-08-16,-141.5657704412499,-148.5426630884089,-155.86753970138835
2019-08-19,-164.8226368852227,-165.50856036806195,-166.87893054382155
2019-08-20,-166.92537740006713,-169.27283843562603,-171.58950175037788
2019-08-21,-157.25937432570518,-159.35204359948378,-162.0125726993266
2019-08-22,-166.22073108671836,-171.63791601186495,-176.87591918540195
2019-08-23,-160.12596183543022,-165.09140976787074,-167.12322202315164
2019-08-26,-157.30458466556243,-157.1449625654667,-161.04437381962643
2019-08-27,-156.84360198453555,-154.99928233633113,-157.78818554847527
2019-08-28,-150.4281165419462,-154.76440723339664,-157.79639727293957
2019-08-29,-147.9462238414038,-161.6193049685955,-161.73922774078915
2019-08-30,-161.99557004674466,-162.60595872210064,-166.23872520030287
2019-09-02,-153.04409929274405,-153.9699735354834,-163.06754381108053
2019-09-03,-169.52660887434712,-174.54818885938604,-178.59707491785358
2019-09-04,-162.3410873078828,-168.69120938137536,-170.3169595184711
2019-09-05,-159.7027466072278,-163.6365811052612,-165.2367441241405
2019-09-06,-155.0746374077375,-158.96673356223707,-159.74271106154777
2019-09-09,-148.23172208409719,-149.5113507384768,-155.87900088753264
2019-09-10,-155.5415384833678,-159.39813331003023,-164.5981012558802
2019-09-11,-155.83578558532287,-162.5462262470382,-160.4009231742423
2019-09-12,-154.17896381626443,-157.21197736079506,-162.29523917851836
2019-09-13,-151.77316879624888,-155.7841272620181,-166.97662865429953
2019-09-16,-150.3383522485523,-146.4231407450506,-151.67261346691123
2019-09-17,-162.71092883543204,-164.90922593800553,-166.94381602997407
2019-09-18,-155.20034089927233,-158.88513620231143,-160.48438322516586
2019-09-19,-154.69203236298466,-153.9343174347479,-157.24862443156232
2019-09-20,-149.9563581595671,-152.8619673564953,-161.32907910088977
2019-09-23,-154.39304552626186,-157.43966975311915,-164.12228818579376
2019-09-24,-137.59851152551622,-145.5086882000977,-153.5618381348269
2019-09-25,-163.9695927021597,-167.9632946620026,-168.8838551902693
2019-09-26,-139.1776821582233,-143.27979781376928,-157.91598435424288
2019-09-27,-147.617374420143,-153.00755958068464,-161.48607439163254
2019-09-30,-141.45310540183164,-149.81243874664096,-159.6393153134668
2019-10-01,-151.7133091214872,-148.74921257904836,-161.29588650740817
2019-10-02,-158.63125942656637,-162.8620184936746,-166.30602065615767
2019-10-03,-156.42427033206368,-163.1111270440971,-170.00019918400926
2019-10-04,-155.67255162715196,-156.37213157363533,-162.94743877404008
2019-10-07,-153.28571976728898,-154.82139246531045,-167.97391447282664
2019-10-08,-141.5049741135196,-151.14783096088044,-161.9586244425865
2019-10-09,-156.2254957782235,-161.0815735428558,-169.68503343241926
2019-10-10,-152.4283013006793,-162.06490336566188,-170.50816053277796
2019-10-11,-155.14705312203375,-152.17777666396543,-155.79992275792284
2019-10-14,-160.24733950733466,-165.63732959328223,-169.85349462113368
2019-10-15,-153.38809702126215,-150.15884663423486,-161.3385533316686
2019-10-16,-159.96016164796492,-164.06500362865114,-169.74710700919331
2019-10-17,-149.03773446279044,-158.23289602480617,-164.4608397153367
2019-10-18,-164.38523854321406,-168.3179656221314,-172.26960961247346
2019-10-21,-166.81961564891105,-172.56631680647942,-171.13928758495663
2019-10-22,-133.70703806546953,-150.20606515899595,-161.70177369385937
2019-10-23,-123.18145097656443,-139.32970292695992,-149.03025371823185
2019-10-24,-151.7685459642678,-161.35318577151511,-164.18808585202103
2019-10-25,-150.48934147822862,-149.06778322426635,-157.82376613628725
2019-10-28,-153.69188051054132,-161.51426119659965,-166.2972666090598
2019-10-29,-145.49649853573163,-149.40990034527164,-164.49644270111006
2019-10-30,-144.57057084580518,-142.5425126739824,-157.16264456470384
2019-10-31,-151.225934399325,-151.35993736294262,-160.4557412886964
2019-11-01,-166.28076986852375,-166.86097768527543,-170.05786242774695
2019-11-04,-148.4098241007557,-146.73886930082867,-158.79532852785906
2019-11-05,-159.47401410851887,-161.09319360300992,-164.64784571331302
2019-11-06,-155.2957008043132,-160.46441006942527,-160.14729206509517
2019-11-07,-147.42914039858462,-143.29807106423692,-154.79201772488176
2019-11-08,-139.0032228415884,-146.4417125219133,-141.45890329304248
2019-11-11,-163.51035957524968,-166.41820968357027,-170.24458683122194
2019-11-12,-140.5618341389149,-153.26731426397777,-168.95019461550478
2019-11-13,-114.07420633595487,-135.3416966341183,-151.368275839386
2019-11-14,-145.16552937756862,-149.54720318141977,-157.3241362423103
2019-11-15,-159.60445948351708,-158.7813515289201,-164.53452896137463
2019-11-18,-148.83765069377705,-156.37443719973265,-164.13911193887628
2019-11-19,-154.25377574388122,-153.6537002428535,-159.67489974411518
2019-11-20,-143.43584282682724,-159.32641216030063,-156.38015643052094
2019-11-21,-162.86365124961776,-165.90910176715832,-165.47943235828072
2019-11-22,-152.74939784714397,-155.46162131079612,-166.38079539879104
2019-11-25,-155.49045627264005,-159.92095231901374,-163.5385153817921
2019-11-26,-148.6788559392754,-155.1985575331032,-157.75565734665946
2019-11-27,-157.9833639162546,-159.552170738047,-164.93913484789923
2019-11-28,-162.36051846589436,-160.95833924492067,-165.33974234161863
2019-11-29,-159.48448710135278,-163.9496523277206,-159.76273535596474
2019-12-02,-161.2881143915113,-164.09727685201906,-167.6646763400373
2019-12-03,-168.07795764740433,-172.26544748909774,-170.69085120748423
2019-12-04,-168.9569464664317,-173.54457266977064,-175.21636555554565
2019-12-05,-166.21888882903318,-170.4283705645434,-175.02945688440786
2019-12-06,-168.43365401915062,-172.96045945972202,-170.69593048883883
2019-12-09,-157.06800184751444,-160.9205057836114,-165.6104244314173
2019-12-10,-160.1404179914228,-161.57956052230017,-164.0101579147797
2019-12-11,-164.55504526855574,-169.73821129001712,-176.1800008763991
2019-12-12,-166.06580779168786,-174.0944378766166,-172.54322698464802
2019-12-13,-154.46413196601802,-152.2414901783866,-168.68340425992739
2019-12-16,-161.88394588633346,-165.32784696242874,-168.22740900998656
2019-12-17,-168.81635255643104,-170.07275677008897,-169.77327240294784
2019-12-18,-158.4048391858098,-159.17114017874957,-168.1606888712457
2019-12-19,-154.84901163535716,-157.49745841676685,-168.6252437723276
2019-12-20,-156.54643413281192,-156.65015057534953,-160.8231662638496
2019-12-23,-157.89148951316903,-155.734683907964,-162.41309812734883
2019-12-24,-146.6543297563575,-140.45091773888873,-149.78020190424996
2019-12-25,-158.36519289379498,-156.94113874100313,-165.51671221199769
2019-12-26,-163.97426176072562,-165.73267766646833,-173.0784839538341
2019-12-27,-159.3255522580422,-163.28259547888572,-164.72632457327876
2019-12-30,-146.13646737872108,-148.7192806269677,-162.4074428530129
2019-12-31,-155.9240984544828,-155.67700517840112,-162.2832433575774
2020-01-01,-152.73825265984152,-154.15793556671954,-161.7550166714497
2020-01-02,-152.51600231567392,-154.58609357226493,-165.12606298321813
2020-01-03,-160.67920311925707,-166.91382420392054,-164.22374583684572
2020-01-06,-165.46397729023886,-170.60775422036954,-171.78325240597925
2020-01-07,-153.23437429984594,-158.1980124457162,-161.54816650589402
2020-01-08,-158.59020265605687,-164.69250201886268,-165.73870827794818
2020-01-09,-156.29496616294855,-167.3606188925691,-173.92643551668766
2020-01-10,-163.17198418258727,-165.68662159822244,-164.7369676474717
2020-01-13,-163.5348267869567,-167.68784392275327,-171.50054762335873
2020-01-14,-154.67676332049484,-154.856167443269,-163.78899584262547
2020-01-15,-140.54889188732835,-147.58840891409383,-162.59650764638474
2020-01-16,-166.65991178967838,-169.54928770528113,-177.0561334691083
2020-01-17,-162.47985425453678,-167.74088796983918,-168.7310808663501
2020-01-20,-165.03429535844387,-167.19876874865744,-171.9586688429487
2020-01-21,-162.4694323057461,-162.9223677907588,-168.15340986715984
2020-01-22,-157.32372743055396,-160.9642082707481,-165.24523933311517
2020-01-23,-134.66745723272732,-142.6892999886907,-160.43082184836274
2020-01-24,-150.68960809535798,-147.8607546899355,-164.35139234041927
2020-01-27,-152.88852851305342,-152.67942890998742,-162.31359362476547
2020-01-28,-139.0154020444741,-133.35390569283055,-147.8900766225822
2020-01-29,-129.21110253443345,-138.73485151432843,-161.78137864724928
2020-01-30,-151.0987123749935,-153.73565328617482,-160.63315254045708
2020-01-31,-137.99884466166114,-145.6795207707289,-155.4542537151444
2020-02-03,-155.02058348046415,-156.06192726720133,-158.78117177189745
2020-02-04,-166.08414357196202,-167.29703365384654,-167.20959248213964
2020-02-05,-158.0207652486538,-161.73765061230154,-166.56661031613234
2020-02-06,-147.9724152482463,-148.58864357510765,-157.0479607147018
2020-02-07,-168.13482988732716,-166.4769357426798,-168.55285307469092
2020-02-10,-158.358563049038,-158.4242173198906,-161.31247888201582
2020-02-11,-123.64828659839031,-130.40605989079165,-146.84493990283835
2020-02-12,-161.24160701015995,-161.79097821055484,-168.76547662815526
2020-02-13,-156.12109623474228,-157.78436038199092,-159.7806799688752
2020-02-14,-151.81133485250422,-154.29738248114862,-149.73738806445328
2020-02-17,-144.00986202293865,-152.10197252744058,-164.17175322769288
2020-02-18,-165.3851918472978,-159.32742143979067,-163.65245355816725
2020-02-19,-151.85483308971317,-157.43879980445664,-161.05749123539096
2020-02-20,-159.38502502576216,-159.41585245838607,-164.51113799428626
2020-02-21,-159.20515278809034,-160.01542710955607,-164.6303161906967
2020-02-24,-168.4236428255937,-171.1794329709229,-175.79626103951978
2020-02-25,-151.5519238483213,-148.0662507247209,-158.94047885588566
2020-02-26,-149.50185869226905,-157.3499082706748,-163.68964885983945
2020-02-27,-161.79985617768895,-162.76917729759393,-167.36149882745147
2020-02-28,-160.3004571658862,-159.05369997919587,-159.03664371801645
2020-03-02,-164.33755578496087,-166.65808505457557,-168.0267886645863
2020-03-03,-155.67562487722012,-156.1307939282,-159.6974951924217
2020-03-04,-148.0815594218384,-151.16296749550173,-164.66441232754096
2020-03-05,-155.5150702023695,-156.43987608936231,-160.16031776019747
2020-03-06,-150.16665296891912,-149.52138404750568,-153.47026888104102
2020-03-09,-149.94667713240614,-144.08454577659808,-151.69738398657753
2020-03-10,-164.38680828982638,-160.74528278098865,-170.58483211411357
2020-03-11,-145.05302656793816,-145.20113774849426,-151.23481467496683
2020-03-12,-148.89272521601993,-156.94272461548226,-158.22503084800906
2020-03-13,-117.90382679930272,-137.1967400202587,-147.0936332651806
2020-03-16,-144.16695848631616,-147.45464649445236,-149.46069246246793
2020-03-17,-121.71905533821827,-142.45117795085378,-154.5176019658956
2020-03-18,-114.34002505511648,-144.22987557532127,-153.1608751051828
2020-03-19,-136.46800442593198,-144.80768047106147,-149.52394186308044
2020-03-20,-140.33692022720726,-150.89278596897483,-153.06145089585772
2020-03-23,-157.20499841990105,-152.6871147446066,-154.2701327762567
2020-03-24,-137.85271198762433,-147.37641441181023,-159.9809894286006
2020-03-25,-152.6527803359427,-155.13852416914867,-161.8096820031016
2020-03-26,-138.43579455864088,-141.95798554087258,-149.29135215209706
2020-03-27,-142.02447498573508,-149.27691420919322,-156.40715010878526
2020-03-30,-123.68391934247845,-147.85736568122388,-162.1762918822217
2020-03-31,-161.2240172495234,-155.46824851882246,-160.0613665360667
2020-04-01,-153.8212095124481,-151.71268023564855,-151.47568769658983
2020-04-02,-124.15190907753498,-140.62901575960086,-153.39727467130507
2020-04-03,-147.36892822801735,-142.56937015002833,-157.83943499354575
2020-04-06,-158.43004998880042,-158.8738529401722,-162.31353120827762
2020-04-07,-147.29689815460284,-148.34233974678142,-150.99796532459112
2020-04-08,-150.17604345601734,-153.65397810745145,-159.29358933256694
2020-04-09,-158.42320779971507,-157.72711246380646,-163.75633608564505
2020-04-10,-165.98637379055128,-163.34820400522327,-167.9439619141859
2020-04-13,-145.63260308054643,-150.59853167114952,-160.62384309366342
2020-04-14,-152.5767933790944,-158.18387157578255,-152.5047970097886
2020-04-15,-166.70320662495044,-165.59929690412508,-169.20138400349668
2020-04-16,-144.9083125912314,-154.4536239314823,-161.75446529327718
2020-04-17,-149.7203825395685,-153.2275234294319,-159.4509663291505
2020-04-20,-145.64855691489657,-151.1349403498518,-158.7926724143144
2020-04-21,-153.86809486948658,-160.5561760328883,-163.88325432067316
2020-04-22,-149.4701854414637,-153.78322236012102,-160.95326565035583
2020-04-23,-139.0556070832361,-147.36533353431963,-159.36002010108007
2020-04-24,-157.69938136274715,-159.5545609950555,-161.32082375872287
2020-04-27,-141.88273097203285,-147.2740510713366,-153.44848142324776
2020-04-28,-146.76222249891273,-149.56616213412488,-160.8156869093301
2020-04-29,-140.5516685590998,-149.68056989834056,-155.79799322823882
2020-04-30,-144.82782702290262,-144.8879503836153,-155.831813086992
2020-05-01,-133.42592230499446,-140.83592181502624,-146.19473878042453
2020-05-04,-146.25142464263655,-140.3429758705642,-149.96765408521517
2020-05-05,-146.3119449081724,-149.21277995846793,-153.5176388912158
2020-05-06,-135.66197134586795,-149.50985823368615,-156.10633358535534
2020-05-07,-161.16096186599393,-161.12494250716654,-164.53528425830504
2020-05-08,-120.07484266945053,-135.18722421648297,-148.52503501514227
2020-05-11,-155.09713586384126,-157.45431014504626,-166.0989346510298
2020-05-12,-133.23628057386645,-140.9025194229691,-153.8522151346968
2020-05-13,-146.89193262689378,-153.46086669494468,-159.4351309873424
2020-05-14,-139.14811418204928,-147.6736935375849,-156.9392014713549
2020-05-15,-119.44541010342846,-129.05954942153895,-147.73676764616093
2020-05-18,-142.0172214360221,-154.25677338594795,-160.78479017051274
2020-05-19,-148.4798366857129,-150.95507332479005,-157.72393499996952
2020-05-20,-147.02672347225047,-153.58456955509388,-159.86824942537413
2020-05-21,-157.09908351774212,-153.0717202879968,-158.7772045412231
2020-05-22,-149.28789491806089,-147.4105884415843,-154.97126518264955
2020-05-25,-140.60487616456078,-151.49427335371988,-158.9142509019394
2020-05-26,-156.19527350521267,-160.80523609643765,-166.7300905195863
2020-05-27,-154.4596130705598,-156.94626211417656,-160.80357844365219
2020-05-28,-122.08224757013062,-142.05647822727906,-148.4733983959809
2020-05-29,-148.03829125448206,-150.0756759176067,-156.71881959898542
2020-06-01,-153.81263752392462,-151.5365403220448,-152.3485071943946
2020-06-02,-156.63715782313662,-157.3974888626624,-161.9905320797937
2020-06-03,-155.72360598529772,-155.12524436047997,-160.47813411940672
2020-06-04,-141.51325438012452,-150.17021659827063,-154.85630759016794
2020-06-05,-155.54265657616642,-160.6327678438003,-165.28575773046745
2020-06-08,-142.44821203013856,-147.1244784350538,-158.83545084018732
2020-06-09,-167.98770140879307,-167.57576724202798,-172.29529835824246
2020-06-10,-153.56427852374782,-158.30042832717905,-164.55938273756976
2020-06-11,-162.6772970105752,-162.6714857528231,-168.01625888131306
2020-06-12,-136.95932781112458,-139.88832913775548,-155.09798928250865
2020-06-15,-167.78893494179115,-168.92278359521873,-172.78782892444787
2020-06-16,-160.51323222878634,-162.27721000670456,-167.69840044657204
2020-06-17,-162.03388034024323,-166.32671713051545,-170.41951542187405
2020-06-18,-160.90380815313063,-164.15634000052216,-169.049746563486
2020-06-19,-167.04156650507733,-168.76182358439232,-169.44317521151163
2020-06-22,-166.49589887432057,-169.93444242057433,-172.20944964915077
2020-06-23,-149.25662419285516,-152.78295133502954,-154.14633429901517
2020-06-24,-155.3513127442304,-151.13306227584405,-155.35640843291836
2020-06-25,-155.07568480626688,-157.9241248638199,-169.37321288797972
2020-06-26,-159.06347632192728,-164.35219152324044,-163.6247892868428
2020-06-29,-156.57397192860893,-154.88029290838116,-157.4452932656422
2020-06-30,-151.4298136199481,-158.01093840911835,-158.16715366932942
2020-07-01,-158.93095055115464,-161.3672394183745,-155.5355176629731
2020-07-02,-164.81593162270957,-169.49865019723174,-172.1880907880299
2020-07-03,-158.96978382316362,-162.009446264928,-163.8923836931275
2020-07-06,-164.9185333604908,-167.67148813378617,-172.40973903298666
2020-07-07,-160.3777063656983,-157.43679657934905,-158.32224113448666
2020-07-08,-145.16625911258325,-144.66610921076597,-158.02199192905437
2020-07-09,-163.48666675988238,-163.78378527782294,-166.7241110592832
2020-07-10,-155.77954466024514,-159.76847787347097,-168.65949255126569
2020-07-13,-158.68870985004656,-162.86271644598898,-163.2740434172209
2020-07-14,-154.2619426296241,-156.84835621355884,-157.1727908049482
2020-07-15,-166.5459984928811,-170.2454089608583,-170.99729915413977
2020-07-16,-165.9569822978327,-165.32834937801474,-167.1852370044117
2020-07-17,-161.73457750537077,-166.55177465395406,-169.64670440876546
2020-07-20,-159.74338552922268,-163.52947442287552,-169.80742734882918
2020-07-21,-153.63249444501986,-157.5933159279568,-165.90693302384165
2020-07-22,-156.07700481378933,-158.031113525773,-156.99908797748654
2020-07-23,-162.2814992940988,-163.94791959740104,-164.7831942234107
2020-07-24,-153.29265301542762,-157.69668516340334,-169.09927220804292
2020-07-27,-150.72107978806574,-149.84205737717033,-161.22147517990987
2020-07-28,-163.9677255039452,-163.94040865807816,-170.33764390330623
2020-07-29,-165.62367791542314,-166.026442228307,-167.6088471117898
2020-07-30,-158.80023760188473,-159.46948435611336,-168.02860717317543
2020-07-31,-157.9238211404656,-158.5841726749731,-169.5505495321329
2020-08-03,-153.14058217120152,-153.95156346815284,-160.24871273109673
2020-08-04,-165.94732099379172,-169.37311443389729,-172.0117403737831
2020-08-05,-165.72660530104085,-167.1226263568388,-171.90015277710978
2020-08-06,-152.31627895063997,-147.29180891470608,-154.47617859116266
2020-08-07,-151.26603539612222,-142.64234541068947,-163.86373492036356
2020-08-10,-160.66804672836483,-162.77442864244134,-167.2075402383532
2020-08-11,-158.56686936077287,-159.48846076991197,-168.891237398053
2020-08-12,-164.33390962631674,-167.22747583768887,-172.38038362548977
2020-08-13,-158.59183916795553,-160.65000185632314,-166.21901695730836
2020-08-14,-159.61747452297666,-161.65435486207042,-165.0811143272783
2020-08-17,-169.3683785730384,-173.31262118803787,-176.19951452913213
2020-08-18,-157.65277614486467,-161.82102650933632,-166.45639953276535
2020-08-19,-158.66977724489408,-164.22038988937499,-168.62727676269333
2020-08-20,-167.28704392069716,-171.46269471014392,-168.02652183809806
2020-08-21,-162.3877199430945,-167.54912498548063,-169.73494084674613
2020-08-24,-168.46118191938962,-172.87817647790774,-174.3697978837964
2020-08-25,-164.06993308690883,-166.62709674599097,-171.93951473949144
2020-08-26,-154.25875309200512,-150.98554415814465,-163.76732689513216
2020-08-27,-164.56998894350312,-170.57725823065553,-173.84080324921746
2020-08-28,-164.32217565084687,-164.35978217566034,-158.63206173850645
2020-08-31,-153.00760180992987,-154.76750640891888,-158.6176529035647
2020-09-01,-153.47691531958844,-159.68443148604717,-168.57325415948463
2020-09-02,-169.5924577922637,-174.96742366060764,-179.61388320592837
2020-09-03,-158.48275809165114,-164.12960609199473,-170.98641449805876
2020-09-04,-154.00819643885416,-156.4657510400009,-160.37089835175288
2020-09-07,-167.886310928542,-169.26727530104992,-168.13771822743536
2020-09-08,-163.79783279300435,-164.67249680893045,-169.01986946911583
2020-09-09,-157.25591256430218,-158.433126647355,-162.0734047943671
2020-09-10,-156.37217149299906,-152.6760309340577,-156.50358854975948
2020-09-11,-152.8224890665102,-154.51235328888285,-161.0017127287718
2020-09-14,-152.30442167862662,-157.73609966837682,-169.40099305145256
2020-09-15,-164.80231286150712,-171.84056507587775,-177.32370492121757
2020-09-16,-161.95995305564256,-159.53792959473537,-161.33600536255122
2020-09-17,-169.14445096023428,-174.12204481520635,-176.5917237375623
2020-09-18,-161.08815368190176,-166.0574302616837,-165.63863446913743
2020-09-21,-165.40756408075427,-165.40545579784913,-168.04632686870048
2020-09-22,-150.71417343693403,-147.69076795757348,-166.99148933463346
2020-09-23,-159.30975229307768,-165.53417780725403,-170.9227878624166
2020-09-24,-155.16500890774947,-154.2797355553235,-164.4948919123223
2020-09-25,-166.2790731298537,-170.69259140170797,-171.9054117724149
2020-09-28,-159.16476776484063,-169.76171842009015,-164.62450792497188
2020-09-29,-159.89618648948652,-163.91913655962753,-166.00305606136288
2020-09-30,-154.0557551690766,-152.61417220711337,-161.87799144704385
2020-10-01,-167.7610059861625,-172.98965310826497,-172.9406615709453
2020-10-02,-156.93717164300142,-154.6210400240808,-156.17149997689313
2020-10-05,-155.10025211161457,-152.92080876348578,-153.3632803565314
2020-10-06,-157.80428613265033,-160.55988134608742,-170.49524165306553
2020-10-07,-156.4498267151634,-154.39405808798185,-162.4915360798107
2020-10-08,-160.14579369321663,-159.76903400951815,-163.76710419673776
2020-10-09,-157.17597379207373,-157.73964582126996,-169.08883990255998
2020-10-12,-167.71301844896405,-172.71407372821258,-174.1730839067104
2020-10-13,-168.32918603383987,-172.24097436138507,-167.35540144652984
2020-10-14,-157.82883735576087,-162.3193516208463,-172.77064249914824
2020-10-15,-154.38509580463776,-154.3448312617623,-159.61889421598923
2020-10-16,-151.76458409860464,-149.0099340064579,-154.81892047876477
2020-10-19,-163.2714103791056,-165.49952659476614,-167.96466074543025
2020-10-20,-155.96236512510217,-156.08838469353725,-150.34098963025474
2020-10-21,-160.8485770392599,-160.34691859693237,-161.83816381956933
2020-10-22,-163.90581755594698,-164.3066378951333,-168.80004311201805
2020-10-23,-162.9518577399462,-163.3164504507095,-167.31648217361447
2020-10-26,-162.23355931764002,-162.82812219485794,-170.61659481137707
2020-10-27,-162.85973437282433,-160.83221629440925,-160.52764127316803
2020-10-28,-168.03508437307224,-173.7482004831178,-179.30648405241382
2020-10-29,-168.0292645912891,-173.71460107019385,-173.29900177316168
2020-10-30,-167.42288592374493,-171.9024082146913,-165.83873636532982
2020-11-02,-155.74354959161144,-155.37838495407283,-167.2340912155706
2020-11-03,-157.17857608839313,-154.1469306153891,-158.73222235796467
2020-11-04,-167.1492863696342,-171.65590296079898,-170.09231915049293
2020-11-05,-159.94826605367564,-161.5006247317679,-170.54682162593144
2020-11-06,-157.2882564129818,-153.8706714217389,-158.1250055404004
2020-11-09,-165.82134863706037,-170.14143615796047,-170.02354737209131
2020-11-10,-153.31619881528684,-153.4541080154983,-162.38496039445272
2020-11-11,-160.72568387468863,-162.74466167389485,-168.58326192983054
2020-11-12,-156.465822417762,-161.296973099573,-158.70362200189746
2020-11-13,-160.28336453645437,-160.32375255474506,-164.98435715060967
2020-11-16,-166.39916361438742,-165.52105186876315,-171.01203244359556
2020-11-17,-163.69366467626674,-166.22578240688173,-170.02826673714588
2020-11-18,-162.12930315686484,-164.39404725757674,-168.1559109972472
2020-11-19,-164.76558941611043,-164.79589408865928,-165.3520786602462
2020-11-20,-150.47874267774822,-153.42390489885133,-156.73481827115572
2020-11-23,-162.96956121060208,-165.56899707800505,-164.93443214217726
2020-11-24,-164.3500870152075,-166.7001297327467,-170.09396461054314
2020-11-25,-158.86848426882256,-160.28781229397617,-163.9007071092919
2020-11-26,-165.22793045327072,-170.59222128731363,-176.37243965380333
2020-11-27,-162.11150864489375,-166.71397847515738,-168.3742841710389
2020-11-30,-165.7843155625397,-163.63834897424346,-165.23855784634168
2020-12-01,-162.36327905238406,-163.6738211669326,-167.83241613995443
2020-12-02,-144.90784964500722,-149.88743606509212,-162.07573602856624
2020-12-03,-170.9611834521696,-173.2107739072226,-175.81302436873605
2020-12-04,-162.00510094509886,-166.8398840162936,-168.62936957408226
2020-12-07,-145.09171558418814,-141.56517375048549,-152.50873154106952
2020-12-08,-150.42270580455448,-155.39620200953283,-160.54611340963086
2020-12-09,-163.3386369963501,-164.45582205948546,-165.30440506070033
2020-12-10,-161.00049115092958,-160.53747373734475,-157.23537344391502
2020-12-11,-156.34079005833567,-160.96390631549335,-171.7743314648107
2020-12-14,-159.1929796828044,-160.26036108096446,-161.15158746687382
2020-12-15,-137.4616448506733,-131.04498661345139,-156.2400634833774
2020-12-16,-154.4808095934857,-154.77888381287374,-163.90853400811852
2020-12-17,-158.53105167630207,-160.75262065592327,-162.6616286135157
2020-12-18,-163.83958072788786,-167.78536558776892,-172.5242303370495
2020-12-21,-169.24200621499384,-172.94750120801285,-172.3460716090511
2020-12-22,-159.1013613756328,-161.87633633503432,-169.96921239471567
2020-12-23,-168.54347931690032,-172.31495339908022,-171.23096264806253
2020-12-24,-164.25776986467227,-170.84818149784556,-172.24248658008563
2020-12-25,-156.28204998946907,-157.68620411169715,-168.86032564134007
2020-12-28,-162.70161327876434,-164.38252792159687,-166.837854035779
2020-12-29,-161.0813855025357,-157.5015730586826,-166.54783580672282
2020-12-30,-160.0633348944302,-163.6760482426543,-166.5478437756331
2020-12-31,-145.82054530063112,-143.33467032099574,-157.70100884059713
2021-01-01,-139.8828712119398,-138.7458457403084,-162.3238271268252
2021-01-04,-152.34676521303047,-153.64471983168914,-154.17909956822723
2021-01-05,-168.20108479902362,-169.39796523366851,-171.31632813864235
2021-01-06,-158.8893806102615,-158.54449764817443,-163.28200550286223
2021-01-07,-151.22613833027103,-155.31747846033406,-170.364502027675
2021-01-08,-155.97469854786513,-158.52212053188444,-164.37142083420036
2021-01-11,-165.26589832089172,-163.1043277466261,-165.72453970629707
2021-01-12,-164.33413578534652,-163.67493426226073,-168.62578175355907
2021-01-13,-166.57881938422992,-170.47490929140488,-172.29842752088135
2021-01-14,-135.95334055289754,-140.50618958583902,-162.5762806789548
2021-01-15,-145.71396657607215,-150.84115965296576,-156.8291293402688
2021-01-18,-137.76762613134025,-139.9502251906789,-153.78063663880022
2021-01-19,-151.09172149109352,-153.97128111913045,-166.45768222690813
2021-01-20,-162.11774447532488,-163.0369077747603,-164.73649931912144
2021-01-21,-154.09267389495903,-163.49142838225427,-166.8770579548737
2021-01-22,-155.96488467227564,-159.01910843755144,-164.9117496717689
2021-01-25,-162.85342943629215,-157.08234637604693,-166.62647794989127
2021-01-26,-157.59572134463434,-160.0483856181779,-154.1381182910072
2021-01-27,-159.28422022579193,-160.82764748366162,-163.90887068107338
2021-01-28,-160.51508460608872,-158.42206782742687,-154.86041429735158
2021-01-29,-161.0630703174686,-161.63161307008085,-156.435440350907
2021-02-01,-156.63556121002335,-160.86739014520884,-157.18688842439911
2021-02-02,-147.34237110312145,-150.45641110350263,-160.73874644179503
2021-02-03,-149.89595275289275,-154.93798719309467,-164.59058563856206
2021-02-04,-151.83275595821414,-143.91164241191163,-160.91777710978994
2021-02-05,-167.03147891008712,-169.45445280660647,-172.68744379944664
2021-02-08,-163.87192128905374,-166.7684272859835,-169.92720813209723
2021-02-09,-157.80869770068838,-157.82494675440446,-163.6571825144681
2021-02-10,-167.28488191482126,-168.93706370270678,-168.95447392168498
2021-02-11,-169.1306557493028,-173.8748420492257,-177.73901319853596
2021-02-12,-168.34972926475945,-172.9786186390359,-171.50404250595574
2021-02-15,-154.23356104591596,-152.61717280635548,-170.43469089194997
2021-02-16,-162.0318001749765,-159.8359449325281,-164.74026721746066
2021-02-17,-160.51697665683773,-161.354799231885,-169.99584617376362
2021-02-18,-138.94293485578885,-135.3892101942228,-158.67687398890286
2021-02-19,-160.05125430108816,-165.26604852211017,-162.24674906713753
2021-02-22,-161.1574350215397,-166.02188559020655,-172.53611013876076
2021-02-23,-157.8627976404769,-159.26687564564384,-159.42358250126622
2021-02-24,-156.70844896043033,-154.78706005135183,-164.19629483916714
2021-02-25,-168.2183451699395,-172.12500671480905,-174.61838701510365
2021-02-26,-168.2889112492381,-172.35966260566175,-175.10166128071103
2021-03-01,-168.02358943029964,-167.87180448295473,-171.7521468357622
2021-03-02,-156.57301050639006,-148.4888236252068,-159.48276508053524
2021-03-03,-163.51144738741175,-166.6637581301073,-171.77992452450778
2021-03-04,-162.79254371828733,-165.90792730823335,-172.23347951666793
2021-03-05,-161.85167203798315,-161.320598888137,-168.24516396003426
2021-03-08,-154.77048793632557,-157.77338453663316,-164.28410480835328
2021-03-09,-163.96278113045918,-164.235522798467,-168.55569570789575
2021-03-10,-165.26282500636086,-169.51422410059786,-168.13246455536319
2021-03-11,-160.226519383278,-160.67319229649962,-161.48658039706933
2021-03-12,-162.04655578119664,-165.02812534702437,-171.6771898324532
2021-03-15,-158.65970200168067,-159.21816128256887,-173.17587861025592
2021-03-16,-168.7015437279645,-174.1330190505776,-178.62817764132996
2021-03-17,-164.05479964682482,-165.2753399387139,-162.36163061388496
2021-03-18,-157.79454917134606,-154.92446195474187,-165.47466067569783
2021-03-19,-170.76074397355134,-176.01992030420948,-176.43364715833698
2021-03-22,-166.158039650102,-172.54992200243456,-172.96613572126932
2021-03-23,-166.78191044279237,-170.3983388302491,-167.70887957498377
2021-03-24,-158.30077890990142,-162.14286826099504,-161.90542820981833
2021-03-25,-161.96795140802806,-164.38336920445602,-171.5814071093628
2021-03-26,-157.83868485568627,-158.16799963089292,-164.70731352407824
2021-03-29,-164.79190175716988,-165.5343734370324,-168.99816481954238
2021-03-30,-164.33999491854507,-168.7814910908755,-175.46224006539725
2021-03-31,-160.10125751966964,-154.5288129441018,-157.2988711466047
2021-04-01,-167.65695007140332,-171.88881397646173,-172.10547346744409
2021-04-02,-161.25644720128278,-160.28292557377023,-157.20734298358317
2021-04-05,-155.39952107998982,-154.40162118947063,-161.1863428383261
2021-04-06,-167.58435779610815,-171.5748822803003,-172.95500685549138
2021-04-07,-167.01835696318057,-170.5350279302394,-168.29241184627176
2021-04-08,-157.8838829640029,-155.9043106931768,-160.26905899697766
2021-04-09,-166.8981370824327,-168.32584905285364,-169.5924585291494
2021-04-12,-165.5268281348936,-168.22959627233834,-173.57057364468523
2021-04-13,-161.1665158094742,-165.29701236071085,-170.82755013923423
2021-04-14,-165.87364069573005,-168.96248684896057,-175.36733975837126
2021-04-15,-155.80928162436734,-159.92514435895805,-165.22055430055087
2021-04-16,-165.33334342056986,-167.51029809456782,-170.8275849271513
2021-04-19,-164.57391267373967,-162.11903627634962,-165.63295996736505
2021-04-20,-164.0114984999649,-167.24019094338837,-167.28452709810725
2021-04-21,-168.8607428804872,-173.9180777331913,-175.151233844726
2021-04-22,-166.04093967441497,-169.69145613991418,-174.01803142117646
2021-04-23,-162.04300191409325,-161.33221076217995,-164.99191788133425
2021-04-26,-164.7734673539026,-167.79971424838985,-170.1035336448317
2021-04-27,-155.29608724164933,-153.86537638959072,-169.6601544799962
2021-04-28,-161.27901994212272,-157.83136217758187,-167.97928488042518
2021-04-29,-166.1675613374023,-172.49469560690724,-179.07583092565764
2021-04-30,-163.1738851092805,-164.57106276849385,-169.29700851835855
2021-05-03,-170.90626663220866,-178.8133892715045,-179.74456611270742
2021-05-04,-163.16282020441088,-166.8521580110966,-169.17162304196236
2021-05-05,-166.32714552877854,-172.08833556835395,-177.29974709863785
2021-05-06,-147.0215050725554,-138.4736280878849,-158.35756091518266
2021-05-07,-164.41063603141777,-163.56040535716434,-162.99068084050634
2021-05-10,-161.3647168675227,-164.25651332588396,-164.10098595048947
2021-05-11,-140.43249756461972,-132.27808729192435,-145.7830814868024
2021-05-12,-167.68531209446783,-172.67181451215168,-174.87110157951358
2021-05-13,-168.46648808801646,-170.15128302581098,-174.19783724557837
2021-05-14,-162.73904074213448,-161.69945449831636,-165.67739149239938
2021-05-17,-165.74645684335798,-168.3877865444763,-171.63691105804773
2021-05-18,-161.5836079311215,-163.88462356323618,-163.94685457454548
2021-05-19,-160.95396363665293,-160.5062544309747,-155.71856974626363
2021-05-20,-163.67258465575742,-163.12490705373614,-169.3225985725379
2021-05-21,-159.4240790552751,-163.36738997361246,-168.1749882278066
2021-05-24,-149.9543452723049,-152.38668967506874,-164.17282601846088
2021-05-25,-157.85538406537944,-163.32756794950728,-164.14828686364552
2021-05-26,-161.2654066331841,-160.62574051549885,-159.02605817076432
2021-05-27,-158.14129025249866,-156.92199464345055,-164.13737618569326
2021-05-28,-159.16635335930903,-164.37004572569452,-167.00611866455907
2021-05-31,-157.60842180979677,-162.77977187411636,-172.83105241181195
2021-06-01,-157.6200097301838,-158.0666931084393,-164.19301192635382
2021-06-02,-166.51457026896134,-170.79220678613592,-173.77963338671722
2021-06-03,-167.48373451529875,-171.92089554123714,-172.53361820474422
2021-06-04,-156.9298889543541,-157.03221311776576,-165.93740750779506
2021-06-07,-170.5976768494209,-176.42966529626827,-178.15105204882533
2021-06-08,-163.4700406755955,-162.72984441650615,-167.06923486171803
2021-06-09,-150.81799382144106,-145.5264319308764,-151.28400372526676
2021-06-10,-159.26778967250192,-161.15053318754582,-161.10288724734738
2021-06-11,-166.35976208834919,-170.58825604700263,-175.14974481941357
2021-06-14,-157.89503553811142,-160.44664616654785,-163.49196516682971
2021-06-15,-161.13172466291223,-162.09596729344463,-166.47507050093768
2021-06-16,-164.71818078846468,-168.3009598328598,-170.39653344783682
2021-06-17,-153.0124681626134,-155.02794345364256,-167.00793319678817
2021-06-18,-165.97019852264933,-170.86732650949213,-170.659784313787
2021-06-21,-168.4961624953315,-173.97353638912097,-175.28952547457646
2021-06-22,-157.08704357127422,-157.60260428641985,-167.59687758448945
2021-06-23,-149.41708090776277,-145.73914631652582,-157.74655977376685
2021-06-24,-161.1481613357361,-165.03824511008548,-167.45723462115927
2021-06-25,-150.1396378341918,-146.57005961926714,-151.55526881752402
2021-06-28,-167.30345113096087,-171.37059979821777,-172.083963058103
2021-06-29,-155.3159609608681,-156.07855609114705,-168.846551214445
2021-06-30,-163.02664446739126,-165.27046595051664,-168.6844553398098
2021-07-01,-148.17614102577141,-143.17868581801616,-156.42035176082857
2021-07-02,-155.44290204611463,-156.27201473790052,-165.5166604103017
2021-07-05,-139.9293658066472,-141.35145130555398,-153.95045753241476
2021-07-06,-168.78583650045005,-171.94039310349623,-172.78451041518613
2021-07-07,-163.15818248741144,-165.85981016400208,-174.85166936298987
2021-07-08,-151.05663322486816,-152.2586906025896,-155.07380103334359
2021-07-09,-153.56134948875854,-162.28181037499326,-167.92835346151134
2021-07-12,-151.16669630705837,-158.97085027450495,-162.16544386421467
2021-07-13,-159.7157597910282,-164.72879518692042,-171.14011010891736
2021-07-14,-157.53233121862897,-158.52178161841013,-161.6020606583532
2021-07-15,-159.25266773313115,-162.98394490072087,-161.53161397659647
2021-07-16,-134.4802570772369,-146.87294623866018,-159.69903333632126
2021-07-19,-150.65349407330092,-152.5223706936359,-157.51768942253082
2021-07-20,-156.61545603179016,-166.47651732001006,-168.86486090531375
2021-07-21,-152.80119049961982,-160.79023926726742,-160.0791520011673
2021-07-22,-158.55227890831316,-157.45558038698874,-155.41884848733676
2021-07-23,-148.79809972866116,-159.24231540967838,-162.949753816378
2021-07-26,-154.642205267903,-153.4083071625128,-158.4999469839104
2021-07-27,-153.49089723061888,-157.30382483033762,-166.54618392244643
2021-07-28,-157.15252034124293,-158.33417950613762,-161.79303987429785
2021-07-29,-163.07843389473945,-165.14138885195405,-165.39937920136822
2021-07-30,-150.42348704744973,-152.86584600432815,-155.64277913932148
2021-08-02,-153.6932439025971,-157.7863649342962,-161.93570208760053
2021-08-03,-155.34247405572162,-156.19105708317588,-156.45392190046218
2021-08-04,-138.47497424945914,-142.7507360031892,-159.81017581820245
2021-08-05,-157.06963996549655,-160.810225484246,-166.12295801009816
2021-08-06,-149.53092244084493,-155.01834803135495,-161.42030884370203
2021-08-09,-154.37556206952698,-155.82918700814457,-156.7290306070117
2021-08-10,-160.41620744798297,-162.98461682127495,-172.00000245393076
2021-08-11,-160.47046214956774,-161.73944472641722,-164.19962300186847
2021-08-12,-165.61636434505405,-166.96566519140083,-172.4047491014914
2021-08-13,-149.38896151597,-147.22827790555075,-151.33521154722422
2021-08-16,-163.98277427141554,-165.47756313041833,-165.2209596900223
2021-08-17,-166.59295746284693,-165.6760401615984,-170.38558617600168
2021-08-18,-168.7931089220344,-171.19744769002153,-173.24357141869186
2021-08-19,-167.22548178743426,-167.8179472535337,-167.1955099429138
2021-08-20,-155.9906817040957,-158.4735824202577,-161.0914070325887
2021-08-23,-155.10143743441722,-154.9461916972799,-156.72871124872847
2021-08-24,-162.96855699325204,-164.80367336854093,-163.94234486257767
2021-08-25,-145.02196616271502,-153.01811267531542,-159.93305306233725
2021-08-26,-160.10993254348796,-161.8288662133172,-167.06710432383736
2021-08-27,-162.7362004568861,-158.15797795530622,-160.78923526249417
2021-08-30,-164.17563478603526,-162.70526498156636,-159.51124336920617
2021-08-31,-141.82654588695735,-139.7696081245221,-148.0472063336497
2021-09-01,-151.96309923802505,-151.12930911525422,-159.60171575338683
2021-09-02,-159.50773626829795,-159.93530666563308,-161.44080190507472
2021-09-03,-156.9179138386723,-159.6747120910162,-159.88864351765528
2021-09-06,-165.89474277719162,-167.88076057054067,-169.6137998151898
2021-09-07,-166.09962225710197,-168.03170756556418,-172.74461227625545
2021-09-08,-151.85962153285843,-153.10385999602516,-164.9650624952893
2021-09-09,-150.79350899200813,-143.60775194196944,-156.07368374390808
2021-09-10,-161.2042164150057,-161.09667298216016,-160.35885002044165
2021-09-13,-164.4286015292371,-167.92818922088787,-166.32723274601474
2021-09-14,-154.66127288719608,-151.6402153110139,-162.77658554742172
2021-09-15,-159.99709654971107,-161.24488528191,-169.08901993139608
2021-09-16,-160.79829041367995,-158.59486899782857,-162.21618720124178
2021-09-17,-150.0871197256171,-150.6518083609677,-155.41145414731173
2021-09-20,-154.6237394375466,-153.38847080570693,-163.24804624897791
2021-09-21,-154.2338974396602,-153.33396426740333,-158.6648860570985
2021-09-22,-164.1395611403862,-164.26896442474936,-162.66799659266687
2021-09-23,-161.29378910855246,-163.38946080260706,-165.43539761081976
2021-09-24,-162.32042859947242,-162.61090228096364,-168.88020726291455
2021-09-27,-167.5795254956359,-171.72357498881058,-166.65208727051237
2021-09-28,-153.90000726885307,-151.85713988414886,-163.31280880075906
2021-09-29,-168.21977120334128,-171.83018175976298,-172.5573480540752
2021-09-30,-157.89823061869913,-159.82720484507405,-172.0380379757395
2021-10-01,-157.570024939132,-159.16178433895465,-163.91764179580076
2021-10-04,-154.922728054816,-151.96894184000215,-167.5677580200542
2021-10-05,-157.4786358587166,-158.1842274885163,-162.10172303430713
2021-10-06,-165.94837161543157,-166.8552386841189,-170.27815337754055
2021-10-07,-158.75789314756437,-162.11640359520072,-169.68365589108097
2021-10-08,-144.85868521247806,-138.4975005167579,-154.6067981418566
2021-10-11,-125.76552462124121,-125.62935068117234,-153.13283553317413
2021-10-12,-166.70479341917232,-167.72262475758114,-167.67125281206305
2021-10-13,-153.90266124229097,-151.00350130740833,-159.91375867660406
2021-10-14,-156.60539247485528,-157.51842975900388,-163.22607602171007
2021-10-15,-159.2853953713094,-156.45848897506343,-158.757546433008
2021-10-18,-168.0892902267302,-170.5012215865076,-172.2692570165832
2021-10-19,-167.5771195845115,-168.20292168336485,-171.46118134273323
2021-10-20,-167.78011773173247,-168.2704646914549,-163.6216574968173
2021-10-21,-162.34116482598418,-164.1430615545141,-157.5240176499632
2021-10-22,-169.72405566224066,-173.63210992753406,-172.93233096893982
2021-10-25,-170.11602916568964,-174.29054896794466,-175.31057091511605
2021-10-26,-164.0938457612499,-166.859104218093,-164.9249344519758
2021-10-27,-156.25412520931633,-152.68940891878833,-158.02041613022953
2021-10-28,-164.872111778694,-165.00704285637707,-165.8027021172656
2021-10-29,-160.90535002798435,-161.68248871199347,-165.0664006283155
2021-11-01,-152.17649095217385,-155.59679794639695,-161.9935197396965
2021-11-02,-160.457617618491,-163.20416784067822,-168.89660206925126
2021-11-03,-153.7668921889604,-150.4994188062388,-164.91376553305562
2021-11-04,-159.61449913588314,-159.25411423778039,-168.2818282783159
2021-11-05,-150.02582854582394,-148.6956167619282,-155.08004620020813
2021-11-08,-167.2324470231348,-170.18246698356137,-165.21660090350758
2021-11-09,-162.60157114008638,-165.44408806288774,-167.4151721732595
2021-11-10,-138.9158268735119,-141.4796365272286,-141.9315847196601
2021-11-11,-156.92155708040403,-159.06941255639586,-162.92960033665773
2021-11-12,-151.59372137659727,-149.18797547984275,-153.14197097132538
2021-11-15,-150.19342352798964,-147.12722902098244,-155.82119371178484
2021-11-16,-158.2016190116323,-160.03653091754467,-171.2807382094671
2021-11-17,-152.57799532768558,-156.52558203526993,-162.342957413149
2021-11-18,-158.13098221026988,-157.93016449576604,-165.17894175795436
2021-11-19,-151.62188836284966,-147.98210457441377,-157.4348853332681
2021-11-22,-152.41843368496208,-149.63549387022255,-151.31681468490638
2021-11-23,-158.99998156208147,-161.97684988107304,-165.78363638730838
2021-11-24,-162.28744376212296,-165.87575164295407,-167.83889952587103
2021-11-25,-169.49198471178264,-173.79355761242073,-173.2223231576864
2021-11-26,-153.27549509728985,-154.11918754997424,-162.68521835665405
2021-11-29,-158.5514065566685,-159.19403895067626,-165.9628787169
2021-11-30,-157.00036222966912,-161.16405227115604,-163.4703972719202
2021-12-01,-135.28630057479612,-134.59796258464254,-157.8987919401929
2021-12-02,-151.47502567179765,-150.47626456442185,-161.65773339545933
2021-12-03,-157.45771886596822,-152.78060286908104,-162.01581753043885
2021-12-06,-169.09821310300913,-172.20508302635162,-176.30159313655307
2021-12-07,-127.32962762773144,-125.35074072186939,-149.6981658041367
2021-12-08,-144.11118300730885,-146.21615063420256,-160.83153684404954
2021-12-09,-152.978705112517,-157.0933418867705,-166.72841688338767
2021-12-10,-145.85635248913616,-140.47007428937917,-150.38018823861393
2021-12-13,-145.61489282978658,-149.21081958949281,-159.82933113011623
2021-12-14,-154.549878573296,-156.12560399033302,-160.7712565796278
2021-12-15,-145.82041264755338,-150.45511626538195,-153.2607476426187
2021-12-16,-158.94504712192605,-156.03341249418426,-157.64566945641747
2021-12-17,-155.22468360148895,-157.3530827433367,-166.0110103847438
2021-12-20,-162.77750432353946,-163.7005165246693,-166.66249633988477
2021-12-21,-127.29213138079581,-135.04010387634546,-163.8002084074646
2021-12-22,-144.2406763454251,-153.78248814119848,-161.41545228146185
2021-12-23,-160.5497011210889,-164.44770300399054,-162.2926282222832
2021-12-24,-130.24271299335646,-140.55743280857504,-158.0259001488149
2021-12-27,-157.61421963492776,-157.5826132587539,-159.9215868035962
2021-12-28,-155.1138348194808,-160.63702579486065,-168.76974018214474
2021-12-29,-159.76497532764097,-158.00172295244468,-152.3739292147224
2021-12-30,-150.1297239450883,-151.99266963439777,-163.9870229394452
2021-12-31,-130.1206050594264,-130.1728853683203,-149.03984770613496
2022-01-03,-150.16352666757294,-149.21850608259456,-148.5156387240262
2022-01-04,-165.52089704698503,-167.74561557646172,-172.16308024667245
2022-01-05,-147.96607200687814,-152.42109026995493,-150.03809723531694
2022-01-06,-154.66579533132904,-154.91157650079282,-163.24372761671845
2022-01-07,-158.69623958705557,-160.6821949111564,-163.98182726432418
2022-01-10,-132.1932239043375,-141.5546478138092,-159.49672101865343
2022-01-11,-151.10214613811365,-152.63045976893002,-161.33444872591355
2022-01-12,-165.8368998205596,-166.46384989958477,-168.75861514740058
2022-01-13,-163.7724786834992,-160.0410611269333,-163.9383294761627
2022-01-14,-152.59418092326737,-153.45322609704084,-146.50809860123113
2022-01-17,-164.7924193246169,-166.24771644705532,-166.1693787242787
2022-01-18,-154.56997622762208,-156.25098731097768,-158.73110679850882
2022-01-19,-151.33926388571456,-146.3962433858829,-155.78411452323408
2022-01-20,-142.77025594612485,-145.12310976077674,-155.4284645553156
2022-01-21,-152.4414277278619,-152.65254215590014,-163.61531370558143
2022-01-24,-150.3215724808829,-154.3683111577167,-157.63806889888284
2022-01-25,-147.10989170738873,-155.57123866372152,-167.53755616080088
2022-01-26,-163.86576626283033,-164.1939684599014,-163.33646948694937
2022-01-27,-150.29696217037687,-145.5597018054403,-151.6565240217373
2022-01-28,-164.08664179696558,-164.23861981677274,-166.44109182249127
2022-01-31,-162.73355862855607,-162.04667616053973,-168.28757044908164
2022-02-01,-157.52702248530403,-160.69465839420147,-166.23474794100474
2022-02-02,-158.95064757891376,-161.40404358628214,-167.7574808764501
2022-02-03,-165.07015519066522,-166.71194019058112,-172.29371519660063
2022-02-04,-166.45384979652476,-167.13779669845331,-169.1150466833468
2022-02-07,-150.17413801807328,-152.048066619724,-153.74015506659796
2022-02-08,-167.43674345689584,-169.99425734642122,-170.76905635858532
2022-02-09,-166.06711086409894,-170.13909417944748,-171.24120195378515
2022-02-10,-156.2842548484972,-158.23499048145013,-166.5565706275641
2022-02-11,-159.1861625614145,-161.53378795050565,-169.83060818615124
2022-02-14,-162.53698957934358,-165.70567553344435,-170.8271849002833
2022-02-15,-162.1897265154895,-165.98593867733823,-172.73605928162607
2022-02-16,-161.90403520522366,-166.66635453637224,-173.175772343121
2022-02-17,-133.3925571316887,-137.0556070760452,-146.48772557488937
2022-02-18,-171.3823324386016,-174.59467727651122,-176.5665210226098
2022-02-21,-162.04697886471374,-162.95814973047283,-169.5453276153481
2022-02-22,-156.44017984195926,-152.02602048726462,-163.67595317265585
2022-02-23,-129.88017849001886,-127.62132164776088,-149.61746357258215
2022-02-24,-162.950698281698,-161.66712293184256,-167.77907068456176
2022-02-25,-147.7391506871316,-154.28399760639013,-165.57155704886466
2022-02-28,-143.74697592823853,-149.44259721046387,-161.46026968140634
2022-03-01,-156.30016262141663,-158.0800729524411,-163.91022584833402
2022-03-02,-155.2674040762276,-161.6054144444925,-169.5830785635174
2022-03-03,-163.87440151375614,-163.57372490421062,-158.62053911211075
2022-03-04,-161.46610968693005,-162.7372937317598,-169.2822595223144
2022-03-07,-159.519856576472,-161.43909663014566,-168.07936966262181
2022-03-08,-170.1103597119514,-173.16503037612557,-175.7288848588151
2022-03-09,-159.14381933517785,-159.34484571834855,-161.29456339993078
2022-03-10,-162.53039142036914,-159.05059904637406,-159.41555809050044
2022-03-11,-135.54068978294367,-149.54401481063786,-158.251857991902
2022-03-14,-160.90138503312932,-160.03772618488856,-160.79478771387258
2022-03-15,-161.55217681167127,-164.21753702210776,-164.84083665075363
2022-03-16,-152.7954493622309,-148.9920563637436,-157.92832919753099
2022-03-17,-160.82486607589271,-159.86616965833593,-167.68902686726614
2022-03-18,-160.36156799281346,-163.15466539092478,-162.33956039862463
2022-03-21,-147.28568317236088,-149.64017999754694,-151.34870238373455
2022-03-22,-162.40883825923723,-165.20519721707666,-168.01411175082336
2022-03-23,-152.1462832036223,-148.1663575124689,-154.16932430022666
2022-03-24,-138.45551005864326,-142.04427940692108,-132.91842773727456
2022-03-25,-154.52461876802855,-156.90998721275807,-164.7568474907894
2022-03-28,-159.37115315284046,-160.41510084804506,-164.06071599292733
2022-03-29,-163.2076493316398,-164.24209168854762,-161.7763232121368
2022-03-30,-158.16721590423387,-158.93490984483793,-161.8632187327219
2022-03-31,-145.28433789613814,-145.10496029079044,-157.0144628921916
2022-04-01,-170.76025236186916,-173.28074981026646,-176.55408387101392
2022-04-04,-152.11621297565608,-153.54196144871997,-160.97631952111044
2022-04-05,-158.76384586103492,-161.60407897634062,-171.05228368847463
2022-04-06,-155.7352057946197,-155.53551535251916,-158.52432608361505
2022-04-07,-162.52819622494383,-162.5098449485918,-158.09772296974734
2022-04-08,-158.897329812417,-161.57701037178506,-157.76961928321333
2022-04-11,-148.10870916428036,-153.79110976367502,-159.0811790463822
2022-04-12,-151.30683442968552,-154.89662353439513,-160.65556491505484
2022-04-13,-166.12726683904745,-167.1413725683262,-170.17070139915785
2022-04-14,-157.3245473545212,-161.15909829898175,-166.1999255764496
2022-04-15,-159.8281014994035,-166.79370100084708,-170.47942248043935
2022-04-18,-158.17811255196847,-160.41353878957827,-163.9606692804148
2022-04-19,-146.08809004299133,-151.84313414030544,-155.67761277837027
2022-04-20,-128.9019883709387,-138.5235841306957,-152.0835005550253
2022-04-21,-150.36688738652086,-150.8291389986299,-158.19613961302164
2022-04-22,-154.4813456063586,-157.10228603550348,-164.74781593742333
2022-04-25,-136.42577442935337,-144.30862158192673,-153.59596217186115
2022-04-26,-109.9389919549047,-127.18071099933542,-149.87179787757577
2022-04-27,-148.22420846585928,-158.40219200847773,-159.58644334261595
2022-04-28,-134.47501246910602,-136.44801557709488,-159.80840543726285
2022-04-29,-159.17601234612061,-159.83254593199334,-165.21129507406914
2022-05-02,-168.20295962127298,-169.87001559900685,-173.0375391041559
2022-05-03,-159.0655567891316,-155.40731826452213,-160.55114880765572
2022-05-04,-142.7649085660098,-155.8028518521299,-161.99922875200528
2022-05-05,-141.51566230473819,-145.5931382214332,-163.26709707183565
2022-05-06,-152.05028770774507,-155.00197662586007,-157.62916199425928
2022-05-09,-153.01290939791323,-159.00859868643053,-169.02457926054922
2022-05-10,-158.3776799329592,-159.10250463515018,-161.1273012286034
2022-05-11,-154.47176162537124,-155.40369925886682,-159.8401727049121
2022-05-12,-161.21427135379588,-161.81499385284081,-157.25860648525372
2022-05-13,-162.41415122039197,-159.60681697494192,-164.62737284576787
2022-05-16,-144.48199211544167,-149.14274280279767,-154.56233133290422
2022-05-17,-154.21659759689982,-160.6863754221471,-167.76182487067825
2022-05-18,-120.90719997710286,-126.66272608875389,-144.74304742367775
2022-05-19,-134.42100003873458,-141.3188047104603,-159.1530459600363
2022-05-20,-145.52014102301064,-156.06861417114982,-158.42106345747055
2022-05-23,-126.23769866335783,-137.87028637142222,-150.85022892230012
2022-05-24,-150.41219572175436,-155.0695029248112,-159.44948063629667
2022-05-25,-157.7280037049633,-159.80435962408572,-161.31777802034188
2022-05-26,-159.57086461015683,-164.42769646974685,-162.30729494103963
2022-05-27,-150.81486091359952,-142.40403385896732,-154.7174786572382
2022-05-30,-145.9332102475713,-143.78704170453642,-155.11422383426563
2022-05-31,-151.9630811906764,-153.42536107935854,-154.00630047848733
2022-06-01,-129.8342069544459,-140.22207492243183,-155.1223201369065
2022-06-02,-158.68147609370652,-153.80071982880008,-158.04553681653053
2022-06-03,-158.83346668146555,-158.6533456979027,-165.7240028034192
2022-06-06,-156.61706410082348,-156.80126470664214,-157.95664338523736
2022-06-07,-116.31142168672736,-124.31755388217017,-154.51111436837868
2022-06-08,-154.55229639476246,-159.43642894656455,-161.18587357117352
2022-06-09,-159.48123610370578,-165.58344123297383,-166.80458545244304
2022-06-10,-158.834070201469,-161.93112582362744,-161.53486380134802
2022-06-13,-157.59250149249715,-158.9682701930147,-160.17625007800405
2022-06-14,-162.86308417511492,-161.27874261087675,-157.58727116144348
2022-06-15,-160.20175811626834,-161.30890925816814,-168.5164539011905
2022-06-16,-158.7921349574827,-161.1945872972433,-163.30896427357285
2022-06-17,-158.035507653122,-157.9681297340039,-162.9975366044401
2022-06-20,-150.75422154447418,-150.82960039515106,-156.82798992623762
2022-06-21,-157.85356094232827,-160.09158626434464,-163.92651330867272
2022-06-22,-165.4996275701154,-164.9321861122572,-168.55603325789224
2022-06-23,-146.73366092938141,-143.63947116270066,-161.14616240698444
2022-06-24,-155.2247841878827,-158.2682823875714,-158.5668408120825
2022-06-27,-158.46070638846396,-156.35137040895424,-165.17512891520863
2022-06-28,-158.6101824427396,-156.4270654098993,-163.503574152235
2022-06-29,-141.3048355921873,-144.28490208852847,-155.5653127999486
2022-06-30,-153.13658690785738,-154.80088846909823,-164.73056944311887
2022-07-01,-151.94176597728574,-150.92989579812047,-154.50299025661252
2022-07-04,-163.1613072155242,-161.3444315332324,-163.67687914637662
2022-07-05,-161.49809416072964,-163.98545880311173,-168.79436848495385
2022-07-06,-154.52895652807072,-157.46717583634813,-159.166437222595
2022-07-07,-156.81242641178775,-156.99024909128178,-158.7686659859972
2022-07-08,-152.5556619060319,-150.28101200798886,-159.84155576634706
2022-07-11,-163.31690421353363,-163.61397648853344,-166.62882625383816
2022-07-12,-138.0885265354343,-119.31660856051381,-139.0234862826117
2022-07-13,-161.57389852357431,-162.05397064075274,-166.54011319574838
2022-07-14,-158.30486325060215,-161.23621057877216,-166.5642665207931
2022-07-15,-153.75456484638863,-155.3615318712429,-162.30987030973418
2022-07-18,-159.17933841982284,-163.08706715800392,-166.03316448830165
2022-07-19,-164.74343854646528,-164.39831678516845,-167.62614545041575
2022-07-20,-159.16098630905287,-161.8223704541544,-168.06111351049057
2022-07-21,-149.6162012527627,-145.24353879290004,-162.3828410733167
2022-07-22,-160.45930745714446,-159.82497379166915,-168.23391048603662
2022-07-25,-164.86277370408908,-164.57808566686157,-166.07966019976323
2022-07-26,-140.57801301379467,-138.88881728616138,-158.64182384232757
2022-07-27,-161.56458940461636,-161.70412600503516,-161.17953486543686
2022-07-28,-161.41635353623235,-159.08706546336361,-162.5398722895889
2022-07-29,-154.38020543778123,-155.2699457010458,-161.26685374376535
2022-08-01,-153.50097619519207,-154.11443752237696,-157.88507700875311
2022-08-02,-163.60496867852765,-164.56869262866482,-169.3621731330211
2022-08-03,-157.26231246974166,-158.2813330598343,-165.09249694165533
2022-08-04,-167.42943954131871,-167.37351339274693,-169.4113610225897
2022-08-05,-157.79164806875878,-159.8355587427332,-161.67378569111082
2022-08-08,-152.92659972967743,-157.30069993246454,-164.02794194012571
2022-08-09,-154.1034969878828,-151.19446299729034,-160.34318429332967
2022-08-10,-144.34449418456623,-147.80424930099937,-155.11017320929113
2022-08-11,-128.2302488982657,-131.48951679424198,-149.96928243602906
2022-08-12,-160.2799737181332,-162.44249034761376,-167.85851765696685
2022-08-15,-161.78901566675495,-164.35955215889433,-167.988304145059
2022-08-16,-155.46247595160588,-153.59090134669188,-157.60595537769046
2022-08-17,-156.7199118890272,-151.86168466132204,-160.6948264707022
2022-08-18,-152.5456714649105,-153.4194898712614,-164.84988149022743
2022-08-19,-160.12695247887265,-160.46174099060835,-164.84473321021053
2022-08-22,-161.17976554553778,-160.7151290253939,-161.79974989894225
2022-08-23,-156.34721125257835,-156.5090905726803,-164.04666705921565
2022-08-24,-143.0976828708038,-144.49156844596152,-164.85955673396705
2022-08-25,-164.39604124300357,-164.06514617583446,-164.89349057019027
2022-08-26,-144.28058588220645,-136.19077919354183,-136.27292079214908
2022-08-29,-145.9919137754448,-145.64177938333552,-154.9561912030171
2022-08-30,-166.4172384896161,-166.21181257000364,-165.27995364163775
2022-08-31,-151.73693453477995,-150.8244148911708,-156.63517483382768
2022-09-01,-155.90273390267583,-157.64298292680832,-161.95641916035595
2022-09-02,-155.6724775616941,-147.62743390529866,-158.93332713114373
2022-09-05,-149.17225268330012,-151.14426580547078,-156.8958831165722
2022-09-06,-162.4013076842707,-163.68851717276527,-170.4637631138375
2022-09-07,-161.0299134178733,-159.7628728555284,-155.72850947012373
2022-09-08,-162.76486247808535,-162.98186787630544,-165.88153804259028
2022-09-09,-160.84659241468208,-162.12323966996942,-165.00434980835513
2022-09-12,-152.78241879933927,-155.59183266944726,-157.32423979277212
2022-09-13,-161.38923420034263,-161.77173469894828,-160.66542261498608
2022-09-14,-165.06244353464038,-167.7245568638219,-174.29855578862973
2022-09-15,-158.66781628154385,-160.15222474669585,-153.91573675050822
2022-09-16,-163.41012725538002,-163.90773600422506,-166.26390927090603
2022-09-19,-157.5970929212586,-157.21767047922003,-167.02606232879035
2022-09-20,-139.54382824459427,-137.62486229981477,-148.82109816937395
2022-09-21,-152.67233268762988,-152.96317905655704,-157.88475924634992
2022-09-22,-167.4315516804147,-165.27293944404474,-173.2851291228769
2022-09-23,-166.8394590317447,-169.47161554746805,-172.0880175725598
2022-09-26,-155.0723680743692,-157.06398868037388,-164.3653293317639
2022-09-27,-161.66285348392296,-164.45368327085282,-168.32666915569772
2022-09-28,-142.19615303412456,-144.42968787917292,-159.27433900711145
2022-09-29,-161.1407493640187,-157.05124762857727,-163.49191773073375
2022-09-30,-161.38457119282407,-164.25847553707172,-162.72104985046548
2022-10-03,-151.51153568713084,-149.26828167187807,-152.9565572211482
2022-10-04,-141.48883969352522,-143.25578192991023,-151.33147365573993
2022-10-05,-158.3459190142922,-157.79221802964213,-161.1898665058788
2022-10-06,-164.37051967733845,-163.93316844576867,-166.34844961309406
2022-10-07,-150.008981151024,-146.42648432173112,-152.46023067955807
2022-10-10,-158.0431473374895,-157.65770218589662,-166.45796322128686
2022-10-11,-166.3967108926536,-167.01664087105087,-171.48102933141843
2022-10-12,-143.39559508491547,-141.3026593031614,-156.0291482348744
2022-10-13,-171.75691122251618,-172.11436767085468,-173.15851444952634
2022-10-14,-154.22339764391455,-154.74195811516213,-162.1619808153388
2022-10-17,-161.6634981951529,-158.3476748741129,-158.05932362740288
2022-10-18,-159.3587836809427,-160.7008379184804,-166.66630141004995
2022-10-19,-157.9814618724099,-159.15424694036133,-166.26560047519166
2022-10-20,-149.67332688400296,-144.56676533547648,-151.67150548405934
2022-10-21,-163.43621848624346,-161.98927700686255,-164.4208076875644
2022-10-24,-162.52000563252653,-159.337147272944,-157.7110590257651
2022-10-25,-152.48525921919378,-152.14271862999178,-149.27741576226907
2022-10-26,-156.48120845012838,-156.91157018796784,-156.96219632234158
2022-10-27,-159.73605241218888,-157.23142926689314,-162.613995151105
2022-10-28,-148.7661755369988,-152.56759385734443,-157.89948741476934
2022-10-31,-139.9357122484148,-145.04300540447602,-149.11732844973875
2022-11-01,-153.59396953356614,-155.97523893207358,-157.6375290869739
2022-11-02,-163.68885345464298,-161.471886781316,-166.14393995740176
2022-11-03,-130.32189747229341,-140.74092976240317,-141.72044894923283
2022-11-04,-145.91099745949708,-147.09744966679006,-151.7831768359779
2022-11-07,-146.52082773568438,-145.8473746783166,-149.28438068795538
2022-11-08,-165.17141239404955,-165.29607384313536,-170.9348551001891
2022-11-09,-153.33930200898862,-156.07704944302415,-158.58164591063658
2022-11-10,-134.18896514637413,-146.26057408939462,-157.28455610219035
2022-11-11,-151.1918669630839,-150.25609991707404,-156.36686268153454
2022-11-14,-152.09353911903787,-151.8113753419206,-155.83053736416502
2022-11-15,-162.68548319908115,-162.14843974180155,-168.74216804300974
2022-11-16,-128.36520237130304,-140.43480361983654,-145.27471333356505
2022-11-17,-147.27170503035643,-148.0115484037049,-151.18183108763773
2022-11-18,-161.43831468059176,-158.57449144097373,-159.04105666445022
2022-11-21,-156.8550423938287,-154.79875317644394,-154.29563500865686
2022-11-22,-154.9073090211026,-153.16402771718475,-161.68082856772403
2022-11-23,-127.08687970108156,-149.78735872261373,-152.83658537245014
2022-11-24,-162.256203826462,-157.26013068817434,-166.3847114669187
2022-11-25,-154.71877002594053,-155.6262315178347,-157.66908187601177
2022-11-28,-166.12233289416878,-162.50838628068672,-166.2329229233909
2022-11-29,-149.86533141567264,-157.20797096286108,-163.5228844092983
2022-11-30,-153.93788700044217,-158.69792637209505,-160.72010904085528
2022-12-01,-162.255497809888,-158.28614323201015,-165.08050863152235
2022-12-02,-147.17574400880085,-145.47073145679906,-150.71371991862762
2022-12-05,-144.77395948723768,-142.5665012164282,-159.64230334516049
2022-12-06,-140.41418257061963,-151.15659493935695,-147.90684797019347
2022-12-07,-168.29827257809325,-166.8530270799566,-168.696092064754
2022-12-08,-155.07809248364825,-152.78429162755805,-154.5456502973336
2022-12-09,-146.34668929751643,-146.93816034535735,-159.29246307202368
2022-12-12,-150.10708984347832,-155.54378816733956,-162.18379243275825
2022-12-13,-167.18673178021322,-166.49150212375918,-166.10500026627759
2022-12-14,-157.8608556962628,-160.29687508597442,-165.77690303489106
2022-12-15,-154.38528898119384,-154.5818253712602,-157.72502347667418
2022-12-16,-156.81632091857077,-155.9633042676419,-163.73950244621565
2022-12-19,-147.05198368032285,-151.35391644975385,-154.73227881785067
2022-12-20,-157.50906491461328,-156.88029198251152,-155.47722099976
2022-12-21,-154.7090143970909,-150.61012955852667,-155.26512460114975
2022-12-22,-159.95218736059473,-161.39926626759774,-165.01325696221235
2022-12-23,-167.53110463580128,-168.2652407497957,-170.78599070821173
2022-12-26,-139.67506872997254,-135.69084500546757,-150.4444297607253
2022-12-27,-156.7623603949464,-149.18373038986005,-159.85513753952844
2022-12-28,-156.43740132287792,-156.19339711924826,-153.61580905870528
2022-12-29,-150.61010313103228,-149.2033140907177,-160.41137365089546
2022-12-30,-160.97404247390241,-161.0907731512152,-167.15620451137568
