Date,Historical,GARCH,DCC
2009-09-01,1.843839642090922e-08,1.3597119935201238e-08,1.3007035558651799e-08
2009-09-02,2.2412843204523715e-08,2.329220593910242e-08,2.4700607735510642e-08
2009-09-03,5.7019636528278184e-08,5.761994615478647e-08,5.8824945260719975e-08
2009-09-04,4.081334945882281e-08,4.3724849356340287e-08,4.063391435782994e-08
2009-09-07,3.3944487466721946e-08,3.870280836802668e-08,4.111866701203063e-08
2009-09-08,3.261820998720535e-08,3.046146179033725e-08,3.0699995817432486e-08
2009-09-09,1.60557684803545e-08,1.33823537331285e-08,1.2429829108863275e-08
2009-09-10,1.7337912287556536e-08,1.540941193481084e-08,1.4626079036474238e-08
2009-09-11,1.6207759213262727e-08,1.6514327356014863e-08,1.9370617874686762e-08
2009-09-14,1.6008649053959e-08,1.2422068547206978e-08,1.1183102800869092e-08
2009-09-15,2.477243636466778e-08,2.623586271715408e-08,2.699489314857902e-08
2009-09-16,4.465197370130101e-08,4.1664134522662e-08,3.973504210083302e-08
2009-09-17,7.55393854928791e-08,7.733871432742181e-08,7.261077718108924e-08
2009-09-18,2.554955849096558e-08,2.7418109834532722e-08,2.7216449157469216e-08
2009-09-21,6.287157253834835e-08,6.122048246890946e-08,5.796366029957868e-08
2009-09-22,3.169132345882797e-08,2.9715619918682363e-08,2.890614694486615e-08
2009-09-23,5.705767426401132e-08,5.47489940543779e-08,5.0716849713107646e-08
2009-09-24,2.3775658787277894e-08,2.117480399066793e-08,1.8552905145004073e-08
2009-09-25,2.9424317430112016e-08,2.5736638168476737e-08,2.5409154557781515e-08
2009-09-28,1.8444797900176445e-08,1.526063764337695e-08,1.4020223464742484e-08
2009-09-29,1.8080851191373506e-08,1.391436030141867e-08,1.2346287147342092e-08
2009-09-30,4.795014203639247e-08,4.55739981870816e-08,3.879007071787243e-08
2009-10-01,2.2381802721075195e-08,2.0129450547921783e-08,1.9142045656281086e-08
2009-10-02,1.4337495077607766e-08,1.0667382003358553e-08,1.0042012933706873e-08
2009-10-05,2.2624173679172008e-08,1.8129017564905197e-08,1.6648618418237132e-08
2009-10-06,1.758852771795293e-08,1.3653158185363247e-08,1.4835318640703211e-08
2009-10-07,3.681012653604278e-08,3.626084403975379e-08,3.4265272795462124e-08
2009-10-08,1.3117702535871159e-08,8.439122234122219e-09,6.125890384063057e-09
2009-10-09,1.9060857400795085e-08,1.8973709464185564e-08,1.945440018070959e-08
2009-10-12,2.5335382699138875e-08,2.0259053739439107e-08,1.765362948718127e-08
2009-10-13,1.224249019076875e-07,1.2285570827104914e-07,1.1384934206363637e-07
2009-10-14,4.190073335381721e-08,4.008084985979334e-08,3.6273613454565806e-08
2009-10-15,2.8542065824811537e-08,2.4637745537248064e-08,2.1486760599390847e-08
2009-10-16,5.935209719371834e-08,5.662540076395769e-08,5.1548659886591e-08
2009-10-19,4.319899161626381e-08,3.910191209380494e-08,3.2505871252446896e-08
2009-10-20,1.0120748203361535e-07,9.614344132379575e-08,8.238333924108185e-08
2009-10-21,5.136707510031566e-08,5.040219472241456e-08,4.502726444592829e-08
2009-10-22,6.1882553271496e-08,6.22387547965236e-08,6.375943880990643e-08
2009-10-23,3.713335050850602e-08,3.473570803013227e-08,3.0765293122147745e-08
2009-10-26,1.2204468022619717e-07,1.2787999445245306e-07,1.4107236157387689e-07
2009-10-27,6.215938395586013e-08,5.591613271305127e-08,5.16664684337171e-08
2009-10-28,4.5945949883317516e-08,4.0258527683229773e-08,3.36278561656123e-08
2009-10-29,5.6110961308964535e-08,5.558003280173352e-08,5.417603405322427e-08
2009-10-30,2.5950526293114464e-08,2.0180772986714054e-08,2.344600633693833e-08
2009-11-02,2.2977242367875232e-08,2.1294171345643262e-08,2.3479097097986084e-08
2009-11-03,3.634410740447412e-08,3.298505856497891e-08,2.616632389862661e-08
2009-11-04,2.6004483758062083e-08,2.340878719770792e-08,1.7236894862796204e-08
2009-11-05,1.6120475428174917e-08,1.4164269632360065e-08,1.3795004502581439e-08
2009-11-06,1.2282575885066702e-08,1.0280179697710223e-08,9.114814855550722e-09
2009-11-09,2.229038625702126e-08,2.012732177251631e-08,1.9889509541592655e-08
2009-11-10,3.63125509839808e-08,3.4747275174096616e-08,3.301137969776525e-08
2009-11-11,2.9685014060124452e-08,2.7738909387811367e-08,2.9057497449814375e-08
2009-11-12,1.1490454220138388e-08,9.459662589181804e-09,8.23320825120124e-09
2009-11-13,2.9481826914415143e-08,2.5426077525355986e-08,2.309743370083269e-08
2009-11-16,1.762337653906516e-08,1.3677795210059927e-08,1.1683653324819319e-08
2009-11-17,2.8241151820380268e-08,2.5105030409717025e-08,2.5846538153018283e-08
2009-11-18,1.1078204903363924e-08,1.0190472876008408e-08,1.2854229327021832e-08
2009-11-19,6.30146456703049e-08,6.17115538747432e-08,6.294081343775296e-08
2009-11-20,1.5997209362727263e-08,1.1844332998782495e-08,9.778269339078977e-09
2009-11-23,2.2613435938969217e-08,1.7550128975200268e-08,1.5744462338855438e-08
2009-11-24,2.7827558619606868e-08,2.2242395974886967e-08,2.0261986052929886e-08
2009-11-25,1.1908236852363534e-07,1.300985264202511e-07,1.3946716874375302e-07
2009-11-26,3.139884723301824e-08,3.1957342337565224e-08,2.9264555065234985e-08
2009-11-27,1.0593552404203518e-08,9.004752266614751e-09,7.610154403603528e-09
2009-11-30,7.27688538991269e-08,7.044412914420454e-08,6.538666319199575e-08
2009-12-01,1.5529829209874977e-08,1.2676251542405616e-08,1.1391487572196407e-08
2009-12-02,8.157357547146284e-09,5.543007129120931e-09,7.3081285728674606e-09
2009-12-03,2.2144024591411776e-07,2.3212194591794316e-07,2.2591857669900237e-07
2009-12-04,1.1186353047247235e-08,1.0701118533995016e-08,1.2280416607097003e-08
2009-12-07,4.0258301080617064e-08,4.109195205766778e-08,3.71277137668419e-08
2009-12-08,1.240688783099206e-07,1.290976006718225e-07,1.2138209775161686e-07
2009-12-09,3.323495886561194e-08,3.2904771361180274e-08,3.505864720321401e-08
2009-12-10,2.8070295327901615e-08,2.7310930097949272e-08,2.579460393355207e-08
2009-12-11,2.1143826311747996e-08,1.897226970253666e-08,1.846074596929248e-08
2009-12-14,3.9821437888413246e-08,3.8242016071139813e-08,3.6791217043790864e-08
2009-12-15,4.136797546277802e-08,3.898326008838725e-08,3.602868824981751e-08
2009-12-16,6.864614623488436e-08,6.595386637626911e-08,6.05424006416052e-08
2009-12-17,7.991777651964093e-08,8.239386951908967e-08,7.732488739294328e-08
2009-12-18,1.0814448051022218e-08,1.025568468491722e-08,1.2051033140842106e-08
2009-12-21,1.169580868820421e-08,1.0215523660639308e-08,9.902814511007092e-09
2009-12-22,2.363389720370173e-08,2.3710109591500005e-08,2.5818398080223266e-08
2009-12-23,2.2922862851745586e-08,2.0779842812404077e-08,1.9066780421220846e-08
2009-12-24,3.671371135141767e-08,3.4846873992330296e-08,3.446721694655319e-08
2009-12-25,1.475230429482699e-07,1.4875774646825564e-07,1.481721820435628e-07
2009-12-28,5.2197999501607483e-08,5.304373080420634e-08,4.828632107026644e-08
2009-12-29,4.9221472153640275e-08,4.8409247910209015e-08,4.887707914078947e-08
2009-12-30,1.1309817776419334e-08,1.072621285270282e-08,1.1179247844613262e-08
2009-12-31,1.584815094262051e-07,1.6316905467593222e-07,1.5956834595911134e-07
2010-01-01,1.6490068504356878e-07,1.6419936068518352e-07,1.5752019994467827e-07
2010-01-04,1.0322984750513916e-07,9.952559059434978e-08,8.891844951202677e-08
2010-01-05,4.8452703233499626e-08,4.6487029363943367e-08,5.012253855889932e-08
2010-01-06,1.5805227941355317e-07,1.4586167956098464e-07,1.3231151232821249e-07
2010-01-07,2.839384718066132e-08,3.2092582496168456e-08,3.584673936241535e-08
2010-01-08,1.6185894245369936e-08,1.8652216383243845e-08,2.3188012576788643e-08
2010-01-11,9.14917901978432e-08,9.139663051665912e-08,8.16647700343878e-08
2010-01-12,2.035681693174539e-08,2.2490844549548077e-08,2.9225759207153245e-08
2010-01-13,1.1593345065520716e-07,1.124033419136691e-07,1.0559609668570452e-07
2010-01-14,1.8954028878768143e-08,2.125357305186164e-08,2.5720544206497735e-08
2010-01-15,3.940901424074497e-08,3.660077013368749e-08,3.259171419361266e-08
2010-01-18,7.910913992151751e-09,8.13720249565249e-09,1.094518470826306e-08
2010-01-19,2.1555464247571034e-08,2.250865623386747e-08,2.4391407097904463e-08
2010-01-20,5.334273982084021e-08,5.198107954119485e-08,4.9718138653665205e-08
2010-01-21,1.499238173520343e-08,1.542793780784167e-08,1.8690214374639575e-08
2010-01-22,2.648290766632331e-08,2.5435246047426356e-08,2.431520250164604e-08
2010-01-25,5.642941568296851e-08,5.9534397755894194e-08,5.483606739455054e-08
2010-01-26,1.859011333196398e-08,1.8644445374260893e-08,2.16149412434267e-08
2010-01-27,6.91062023351357e-08,7.329988478508153e-08,7.429898779808824e-08
2010-01-28,1.2825209950104105e-08,1.2004817979288708e-08,1.4565119470302003e-08
2010-01-29,1.1650772266297594e-08,9.886403227675545e-09,1.2565936221059672e-08
2010-02-01,3.503412143309619e-08,3.35264037869737e-08,3.4103508554208735e-08
2010-02-02,2.695284254934049e-08,2.4504576977511815e-08,2.5153154812193827e-08
2010-02-03,3.0142202207229996e-08,2.803091301013026e-08,2.5467147197011618e-08
2010-02-04,1.9847777651628986e-08,1.7744254790352465e-08,1.7280417186467938e-08
2010-02-05,1.4002317613759409e-08,1.0938638041783162e-08,1.1798524927952232e-08
2010-02-08,2.0515738189597485e-08,1.6769818685142745e-08,1.711117557662994e-08
2010-02-09,1.679207168442517e-08,1.3269164156294608e-08,1.263277077311659e-08
2010-02-10,8.888437652273348e-09,5.650813217560925e-09,6.114632868899581e-09
2010-02-11,1.7735574633775473e-08,1.2955613340091885e-08,1.2213762819784172e-08
2010-02-12,1.9518407863363657e-08,1.6252093156222156e-08,1.5528192455229652e-08
2010-02-15,1.0408097665359015e-08,5.480809347409559e-09,5.448876381537889e-09
2010-02-16,1.2628709730128785e-08,7.8195757398681e-09,7.173216432525047e-09
2010-02-17,1.1976527971644757e-08,8.233469914986237e-09,8.008119596045828e-09
2010-02-18,1.4702081051589985e-08,1.0809404489196676e-08,9.754807729937114e-09
2010-02-19,3.757778204011434e-08,4.383167501469741e-08,4.5127480133765566e-08
2010-02-22,1.9461987782539513e-08,1.752898749358077e-08,1.6831501071037875e-08
2010-02-23,6.874050568632504e-08,7.963840355164477e-08,7.94324254473562e-08
2010-02-24,1.7035331291330834e-08,1.71527328218953e-08,1.7542309909854097e-08
2010-02-25,1.0312195782187335e-07,1.0587542144773846e-07,1.0245137197973964e-07
2010-02-26,2.1838763843618662e-08,1.850137893844249e-08,1.8977769495832036e-08
2010-03-01,3.0978742733984025e-08,2.6495984842811447e-08,2.7090539541468895e-08
2010-03-02,2.13711434124847e-08,2.321337094585162e-08,2.3794362765877146e-08
2010-03-03,3.980526600947092e-08,3.6601938689709395e-08,3.640314730520268e-08
2010-03-04,2.43291360070009e-08,2.6765712477591656e-08,2.556975040052225e-08
2010-03-05,1.2204641430716211e-08,8.999162624445327e-09,9.659238537190233e-09
2010-03-08,2.5685220668182323e-07,2.64519719564716e-07,2.574013035182991e-07
2010-03-09,2.123493355190162e-08,2.208567863150948e-08,2.5284864350401067e-08
2010-03-10,1.3799601039819085e-07,1.4624494360550045e-07,1.3962775585075147e-07
2010-03-11,1.2474429591465072e-08,1.1351764922385136e-08,1.3442375106346275e-08
2010-03-12,4.1831345134158485e-08,4.011974558947966e-08,4.241500337355664e-08
2010-03-15,1.1686639150256647e-08,1.0142424708624414e-08,1.2284848504014387e-08
2010-03-16,3.091803140191001e-08,2.9637332489065785e-08,3.0415115281057554e-08
2010-03-17,1.5707631272606638e-08,1.3059911036201191e-08,1.4183659788425792e-08
2010-03-18,1.7220795662810084e-08,1.6274632346662375e-08,1.6205885089345802e-08
2010-03-19,4.812821034814117e-08,4.860309866942082e-08,4.6141039732540806e-08
2010-03-22,2.2930833646595033e-08,2.0949484968668553e-08,1.9370934241130624e-08
2010-03-23,1.2911724804117158e-08,1.0992934070408487e-08,1.1087919319851847e-08
2010-03-24,3.0017150531187515e-08,2.7633530614702782e-08,2.7258241371886426e-08
2010-03-25,6.614659171001601e-08,6.201751748690077e-08,5.909338484478651e-08
2010-03-26,1.1776048195419686e-07,1.200110455671019e-07,1.1621405188027208e-07
2010-03-29,1.235025245347728e-08,1.0429187129975156e-08,1.2624425477572056e-08
2010-03-30,2.9312037698603665e-08,2.731677914536396e-08,2.3615217822182264e-08
2010-03-31,1.127449029045249e-07,1.1305322443223578e-07,1.0527553018035536e-07
2010-04-01,5.3397203118191073e-08,5.187023496662464e-08,4.72605987024256e-08
2010-04-02,2.1227985800831438e-08,2.0250163593106682e-08,2.2513633231994725e-08
2010-04-05,2.4159683373104557e-08,2.3100283829263476e-08,2.6295790541088983e-08
2010-04-06,7.789252666785375e-08,7.516833802213219e-08,7.322955602210248e-08
2010-04-07,4.592808957554532e-07,4.594479702360733e-07,4.383280509272947e-07
2010-04-08,5.913707590405068e-07,5.616586959005134e-07,5.202539760625888e-07
2010-04-09,1.3651358619594882e-07,1.332946631305053e-07,1.276087721084138e-07
2010-04-12,3.589261094267136e-07,3.470095961317205e-07,3.312169688012985e-07
2010-04-13,2.6923678400502274e-08,3.205742369215293e-08,4.0278303841473465e-08
2010-04-14,1.0191467430339302e-07,8.717123192771577e-08,7.635888977816073e-08
2010-04-15,5.3088412493090705e-08,5.8171652113119623e-08,6.831345742864374e-08
2010-04-16,1.4031113992347203e-07,1.3131396523898967e-07,1.2463354222339965e-07
2010-04-19,9.711296748870585e-08,9.685273797696384e-08,1.0197308484357349e-07
2010-04-20,9.323575295742114e-08,9.472492977651136e-08,9.453896094715346e-08
2010-04-21,4.6522327358162376e-08,4.2476138574552315e-08,3.8347960615314956e-08
2010-04-22,2.1886691322166058e-07,2.020456436851097e-07,1.953032152473404e-07
2010-04-23,4.1282160634961854e-08,3.8758982654144855e-08,3.153410463895156e-08
2010-04-26,9.061720559258487e-08,9.737327134219976e-08,1.0262751498875323e-07
2010-04-27,1.4123723068779726e-08,2.1589864359663222e-08,2.6544432700492153e-08
2010-04-28,1.1367171989685014e-07,1.033796133729444e-07,9.352728877013161e-08
2010-04-29,5.989379349120123e-08,5.96757753214159e-08,5.7323985874622825e-08
2010-04-30,4.396137392809078e-08,4.787785552848385e-08,4.76906823258775e-08
2010-05-03,7.509848567380778e-08,7.551123115865279e-08,7.388642640120445e-08
2010-05-04,1.2514327899577095e-08,1.4498552646452548e-08,1.454018224230639e-08
2010-05-05,1.219818958118729e-08,1.4445465437629664e-08,1.660303465125334e-08
2010-05-06,6.557213809994601e-08,6.65545703225424e-08,6.70156940138152e-08
2010-05-07,6.052063802362229e-08,5.262497423722704e-08,5.124646789905189e-08
2010-05-10,3.238996942596927e-08,3.2323909249502216e-08,3.191684633270895e-08
2010-05-11,3.154137716317041e-08,3.484834121519694e-08,3.756542702336645e-08
2010-05-12,1.535095344472234e-08,1.2958256158580747e-08,1.3507424719702275e-08
2010-05-13,2.904113137230963e-08,2.7250185068936103e-08,2.6550291128018243e-08
2010-05-14,1.3891220860777386e-08,1.2575389748210882e-08,1.2713304281545558e-08
2010-05-17,5.988097860662401e-08,5.701341648413775e-08,5.221210054312027e-08
2010-05-18,1.6570222227319675e-08,1.4849979719665475e-08,1.4518403826701935e-08
2010-05-19,9.688500230956503e-08,9.215442687985599e-08,8.851591852774213e-08
2010-05-20,3.256224387050082e-08,3.108296634210965e-08,3.1642965040268594e-08
2010-05-21,2.679828093323074e-08,2.4229376379749274e-08,2.2049470051695905e-08
2010-05-24,2.2312635650962256e-08,1.940600372026582e-08,1.8464439132223838e-08
2010-05-25,1.5953437186074895e-08,1.4926963173949945e-08,1.5534767487615323e-08
2010-05-26,1.0758760713697874e-07,1.0973043681518674e-07,1.0970355514689169e-07
2010-05-27,1.725118401531154e-08,1.543384346738406e-08,1.6403514969105473e-08
2010-05-28,6.553372350066803e-08,6.32694117085349e-08,5.769479430105417e-08
2010-05-31,3.476239570729345e-08,2.9242055167638146e-08,2.946827907184893e-08
2010-06-01,1.3482109875477116e-08,1.1504722380120041e-08,1.2225796591586365e-08
2010-06-02,1.7949096733762598e-08,1.5416398831349452e-08,1.6082486463089496e-08
2010-06-03,3.073463231670867e-08,2.788953101605855e-08,2.5814777159855335e-08
2010-06-04,4.4580805415123517e-08,4.696709167748319e-08,4.7538162250070216e-08
2010-06-07,2.219704421837525e-08,1.918839287199163e-08,1.9317164007258016e-08
2010-06-08,2.01746311249028e-07,1.9582120204577306e-07,1.8957451224443947e-07
2010-06-09,4.533540958708353e-08,4.45392908239464e-08,4.481060500720033e-08
2010-06-10,5.2095589480875914e-08,4.6671465151103565e-08,4.3676087208444086e-08
2010-06-11,4.2181918448418204e-08,3.898351971694214e-08,3.875953000180818e-08
2010-06-14,2.023264603046248e-08,1.772540538644502e-08,1.7034252283090134e-08
2010-06-15,2.94448941674361e-07,3.1092006964639733e-07,3.084638640726793e-07
2010-06-16,1.1999640668964094e-08,1.2580320200743507e-08,1.2716481979246145e-08
2010-06-17,3.526336159115155e-08,3.651353837793085e-08,3.39967537325314e-08
2010-06-18,2.4542355488861912e-08,2.3007233953072304e-08,2.2060879057862765e-08
2010-06-21,1.418686748061467e-07,1.4303559503776946e-07,1.3393809273391192e-07
2010-06-22,4.973819555726283e-08,4.855199450693273e-08,4.6007800676155776e-08
2010-06-23,3.8700717097233985e-08,4.170750036547837e-08,4.4817942957561905e-08
2010-06-24,7.053352433058167e-08,7.533489433707783e-08,6.700666794417018e-08
2010-06-25,3.432596844365694e-07,3.410039325244338e-07,3.146127313876032e-07
2010-06-28,6.687978643450835e-08,6.91413794941561e-08,6.658265671136057e-08
2010-06-29,6.599195107738519e-08,6.038241652313807e-08,6.691813962139975e-08
2010-06-30,4.366643703118271e-07,4.4441958613009053e-07,4.151221553041424e-07
2010-07-01,5.9116356621666126e-08,4.961310541023464e-08,5.180951288649839e-08
2010-07-02,6.118718236503544e-08,6.045120697589085e-08,6.594783751305181e-08
2010-07-05,1.9303984263020257e-07,1.89757957651828e-07,1.6550625754868754e-07
2010-07-06,3.640746347781754e-08,4.010980958632116e-08,3.771424756681348e-08
2010-07-07,3.214690547858033e-08,3.210137463845115e-08,3.781018048255686e-08
2010-07-08,8.493984313240679e-08,8.307667979207815e-08,7.41006267750042e-08
2010-07-09,8.692577910215397e-08,8.600663590227348e-08,8.032174303300381e-08
2010-07-12,4.9445442779667615e-08,5.201707652357458e-08,4.338381695990418e-08
2010-07-13,1.6972568046792426e-08,1.9331481306141494e-08,2.2348114788543204e-08
2010-07-14,1.0042500161542047e-07,9.724973628202176e-08,1.0275389455011156e-07
2010-07-15,1.57834509792017e-07,1.4756021724875944e-07,1.4523110122453738e-07
2010-07-16,1.936806849754938e-07,1.779725919506038e-07,1.7951706451363511e-07
2010-07-19,4.974886050710952e-08,4.786806711359774e-08,4.6232754944294884e-08
2010-07-20,1.57076979398223e-07,1.5775108357665212e-07,1.4252392090426894e-07
2010-07-21,5.870334273875488e-07,5.798377641816852e-07,5.706852992536767e-07
2010-07-22,9.11382598658697e-08,9.505602389432364e-08,8.269861982564977e-08
2010-07-23,7.434904447875188e-08,6.328643577201989e-08,5.7836560250261234e-08
2010-07-26,2.4999486446044348e-08,2.5433827393016037e-08,2.5029901290340492e-08
2010-07-27,1.5399088989542634e-08,2.1701630033959936e-08,2.9737522108557143e-08
2010-07-28,2.923852317182484e-08,3.024973687655137e-08,3.3480793252666385e-08
2010-07-29,3.9217885020040844e-07,3.7266427906680974e-07,3.421618917487902e-07
2010-07-30,3.1634859259269516e-08,3.6850303475659474e-08,3.936004687818019e-08
2010-08-02,2.0331169058616517e-07,1.829733701139844e-07,1.605757427037776e-07
2010-08-03,1.5607358960676614e-07,1.4470814690873938e-07,1.2459948987562567e-07
2010-08-04,5.2475536718116733e-08,6.00984535062178e-08,7.04432457729785e-08
2010-08-05,1.099912844864942e-07,1.1332131648784648e-07,1.1227360639775352e-07
2010-08-06,4.029464869301073e-08,3.908004466252601e-08,4.092066705003397e-08
2010-08-09,4.750056023738666e-08,3.4600129025067335e-08,4.217070526080061e-08
2010-08-10,8.916004220991215e-08,8.76992394528643e-08,7.326314182477376e-08
2010-08-11,1.6607049385002657e-08,2.3472077648126713e-08,3.077871401206644e-08
2010-08-12,3.439111469032162e-07,3.2928649988252083e-07,2.907169923670713e-07
2010-08-13,1.2532366506536272e-07,1.2160229956008614e-07,1.2843980365867458e-07
2010-08-16,3.578688666553097e-08,3.657338970687369e-08,2.9423684506486743e-08
2010-08-17,6.95439831706084e-08,7.197251582924661e-08,6.111469444371181e-08
2010-08-18,1.6011302864718076e-08,2.307495736204968e-08,3.137952987117478e-08
2010-08-19,5.930074115813456e-08,5.33793102805311e-08,3.910169036422963e-08
2010-08-20,8.163499902637512e-08,8.162465116093794e-08,7.257624003154304e-08
2010-08-23,2.6691596894168185e-08,3.1286176135366244e-08,3.924768687757427e-08
2010-08-24,3.752030689546065e-08,3.7839458693344e-08,4.4993522805563e-08
2010-08-25,2.6057714791685732e-08,2.7412500673214148e-08,2.527614199013698e-08
2010-08-26,2.6873012299132546e-08,2.815762287158277e-08,3.17305662702605e-08
2010-08-27,1.562448152313136e-08,1.667755084694099e-08,1.9986226327261916e-08
2010-08-30,2.727693981479193e-08,2.626666945941583e-08,2.882149906789053e-08
2010-08-31,1.6095353869223648e-07,1.5785423965199112e-07,1.4007201175123585e-07
2010-09-01,6.737531074283853e-07,6.676782896316633e-07,6.306753839552044e-07
2010-09-02,4.999252050367409e-08,4.749872900330359e-08,5.2763839211525614e-08
2010-09-03,5.148263893818648e-08,5.388480258052573e-08,5.7046554194658704e-08
2010-09-06,3.9755741783701924e-08,4.350586999370328e-08,5.1771769200917536e-08
2010-09-07,2.1038888261434464e-08,2.3722079899576367e-08,2.4837763881011605e-08
2010-09-08,5.934824240735295e-08,5.641893623489263e-08,4.919208283110841e-08
2010-09-09,2.3261635160650277e-08,2.4258804082306475e-08,2.983213320165884e-08
2010-09-10,2.5391917213050362e-08,2.8090853711866063e-08,3.152156617945405e-08
2010-09-13,3.0240259012076445e-08,3.076985864113188e-08,3.222627796388531e-08
2010-09-14,2.416692595202745e-08,2.4069373567256775e-08,2.4243350234053365e-08
2010-09-15,5.068805956812396e-08,5.2872580347167576e-08,5.209595762051451e-08
2010-09-16,1.7188915031728685e-08,1.8069901344391414e-08,2.253083582678341e-08
2010-09-17,2.8070775945072635e-08,2.7021212611159863e-08,2.4329458512593697e-08
2010-09-20,1.774362995077452e-08,1.6751970212407842e-08,1.9608404563973875e-08
2010-09-21,6.710963475701368e-08,6.668385510606198e-08,5.739210447938584e-08
2010-09-22,3.6055507663291636e-08,3.570127682949563e-08,3.867212456614476e-08
2010-09-23,6.564816687345842e-08,6.38909699595455e-08,5.933846059790882e-08
2010-09-24,6.295031964040267e-08,6.030044738430303e-08,5.30528165692031e-08
2010-09-27,1.752134267542311e-08,1.736573619928279e-08,2.1059845170321383e-08
2010-09-28,1.846852243286312e-08,1.7021662057047305e-08,1.8999099935636463e-08
2010-09-29,1.150313393487276e-08,1.0215648287382694e-08,1.0475440603468164e-08
2010-09-30,2.0191948763771987e-08,1.6407355016541617e-08,1.6350519542944576e-08
2010-10-01,7.927275555251337e-08,7.446515294503935e-08,6.900706678915806e-08
2010-10-04,2.5624192235797495e-08,2.208122505199288e-08,2.1058470006391962e-08
2010-10-05,1.4609211681926762e-08,1.206880565686771e-08,1.2763786597235598e-08
2010-10-06,1.7426247504234547e-08,1.4273423017553232e-08,1.5171765061103736e-08
2010-10-07,3.909841555577661e-08,3.635796752024952e-08,3.910881953668942e-08
2010-10-08,6.846009620137476e-08,7.415599520989814e-08,6.846059945775975e-08
2010-10-11,1.1596962751755158e-07,1.137264580660193e-07,1.0344144408718946e-07
2010-10-12,5.477584569028534e-07,5.379331919062073e-07,5.084144791605716e-07
2010-10-13,3.344347241036789e-08,3.617358111141679e-08,4.1489744020908136e-08
2010-10-14,1.2664963260081654e-07,1.2054676244590883e-07,1.026544834693292e-07
2010-10-15,3.941589989500536e-08,3.7241746384907873e-08,3.8447715308394915e-08
2010-10-18,5.5154271532708526e-08,5.145319679545673e-08,4.983499013869061e-08
2010-10-19,2.3618127689938793e-07,2.2587022470286954e-07,2.0281359244989383e-07
2010-10-20,1.2105888365290335e-08,1.503097425800596e-08,1.8672220994440394e-08
2010-10-21,2.696223161699423e-08,2.359646023049885e-08,2.513457531747824e-08
2010-10-22,4.2096397253638126e-08,3.635585252139151e-08,3.4054287348587605e-08
2010-10-25,1.7481599030910213e-08,1.831385070698004e-08,1.994660344024613e-08
2010-10-26,3.4912796024247295e-08,3.619174854800087e-08,3.685116220874743e-08
2010-10-27,8.65564183808142e-08,7.391488780763108e-08,6.549125178704323e-08
2010-10-28,2.3035010389325847e-08,2.275828709271533e-08,2.371218164103186e-08
2010-10-29,2.803950357877023e-08,2.6467639440538272e-08,2.455962947001558e-08
2010-11-01,9.214234611118596e-08,9.096859268950533e-08,8.578906703265679e-08
2010-11-02,7.32317501850926e-08,7.09404207206759e-08,7.025111765475926e-08
2010-11-03,1.9416586577237295e-08,1.4923532126614066e-08,1.4748189234995313e-08
2010-11-04,1.7656788841723274e-08,1.5007713124588646e-08,2.0370362042816416e-08
2010-11-05,1.7337241100425777e-08,1.8050804574917076e-08,1.8702121160015548e-08
2010-11-08,2.5356299054600083e-08,2.4867157167070993e-08,2.4747700602989254e-08
2010-11-09,1.1029942288781542e-08,9.961432610071653e-09,1.0678888645577204e-08
2010-11-10,3.22792533663073e-08,2.7571183439618e-08,2.3751491875829387e-08
2010-11-11,1.985583977927677e-08,1.7452905130323242e-08,1.7016733540377203e-08
2010-11-12,5.214696732775846e-08,5.298335710342098e-08,5.380229460976947e-08
2010-11-15,2.8700080819751073e-08,2.4618253090101254e-08,2.0788913848707836e-08
2010-11-16,5.274954758989806e-08,5.035883750497607e-08,4.3928689681631096e-08
2010-11-17,3.430587985540848e-08,2.9691849460098262e-08,2.2659571889353587e-08
2010-11-18,4.899736841157849e-08,4.2943505627641e-08,3.669085167465227e-08
2010-11-19,8.879994381752835e-09,1.188289805598898e-08,1.4095524492179146e-08
2010-11-22,2.343256203907488e-08,2.7349786944484413e-08,3.027426011112509e-08
2010-11-23,6.045828680371828e-08,5.5097470489204836e-08,5.1575522870159466e-08
2010-11-24,2.3253402895002715e-08,2.263672509950577e-08,2.3105103012238472e-08
2010-11-25,4.0743279543097504e-08,3.7470555417346466e-08,3.374262611653969e-08
2010-11-26,2.1713113061602043e-08,1.684127615959124e-08,1.6024225930366663e-08
2010-11-29,8.98819172076192e-09,6.504742271729086e-09,6.9675412374628165e-09
2010-11-30,2.4340159154621874e-08,2.542264252194049e-08,2.675060123227771e-08
2010-12-01,1.9423195578096887e-08,2.175958386562437e-08,2.349748691693013e-08
2010-12-02,1.4856895261733285e-08,1.4727903888076738e-08,1.3666180292716772e-08
2010-12-03,1.6561916964150154e-08,1.3358007282443317e-08,1.2637206195222731e-08
2010-12-06,2.7558852842803905e-08,2.6867780091777617e-08,2.4137825644142022e-08
2010-12-07,1.3340200721185246e-07,1.416350088876292e-07,1.4284726067149495e-07
2010-12-08,2.000642002593425e-08,1.7395668838403434e-08,1.6354096105412204e-08
2010-12-09,3.8651258980737405e-08,3.4697766198992374e-08,3.182363732051904e-08
2010-12-10,5.728768585698583e-08,5.418082904770337e-08,5.001832808790666e-08
2010-12-13,9.19448260421356e-08,9.999084005975177e-08,1.0351889805157846e-07
2010-12-14,1.706765636541386e-07,1.731682252081682e-07,1.6246001165078891e-07
2010-12-15,2.2851232524790458e-08,2.1571344622491834e-08,1.717232341206808e-08
2010-12-16,2.4964838778373052e-08,2.558961903072704e-08,2.491099931073126e-08
2010-12-17,1.68851869236687e-07,1.703170684643189e-07,1.7361875521746914e-07
2010-12-20,4.3273757556670794e-08,4.080410585614847e-08,4.199584311696568e-08
2010-12-21,1.6566201177175224e-08,1.739413455702255e-08,1.5258101046904184e-08
2010-12-22,3.1862069207754236e-08,3.349211185204308e-08,3.295960996645629e-08
2010-12-23,1.1133529729336923e-08,1.0332300440698038e-08,1.0685790816159705e-08
2010-12-24,1.555316247382607e-08,1.4354119140558329e-08,1.4002232519162655e-08
2010-12-27,9.539094156461343e-08,9.6481720593052e-08,8.905059343471567e-08
2010-12-28,8.84250356032243e-08,8.554136406435629e-08,7.666543235089649e-08
2010-12-29,1.0474924337876018e-07,1.042695759476179e-07,9.924743067698245e-08
2010-12-30,5.310243658704229e-08,5.051200893265712e-08,5.182396392040781e-08
2010-12-31,1.7513927064659583e-07,1.7267683122949318e-07,1.5288212675893285e-07
2011-01-03,9.256842532385812e-08,9.068248615602025e-08,8.305275745931979e-08
2011-01-04,3.1001888663841154e-08,3.177582499028501e-08,3.3430966594147885e-08
2011-01-05,1.0178007551247584e-07,9.649562033628576e-08,9.40079764655466e-08
2011-01-06,3.1598943903649115e-08,3.330923785805569e-08,2.7732687520459176e-08
2011-01-07,3.0119550486641296e-08,3.042457456953461e-08,2.6173894788218764e-08
2011-01-10,5.4575286600546865e-08,5.5637581683372564e-08,5.0143231178076156e-08
2011-01-11,4.638056973649923e-08,4.654458107871043e-08,4.2973779494320676e-08
2011-01-12,3.705984120614116e-08,3.84353301351952e-08,4.274567257061918e-08
2011-01-13,9.172466443867038e-08,8.747489300900408e-08,8.06692162136424e-08
2011-01-14,1.456981547818827e-08,1.5060313002398772e-08,1.3471729856254723e-08
2011-01-17,1.1123389584490463e-08,9.955596175605546e-09,1.2346586650579802e-08
2011-01-18,5.5175147997536435e-08,5.1559511921706875e-08,4.8705649541459145e-08
2011-01-19,3.9396066653947775e-08,3.641254371955564e-08,3.707105305989755e-08
2011-01-20,2.706295000478761e-08,2.6045272874785337e-08,2.262791929461037e-08
2011-01-21,3.59392292563008e-07,3.5718705680090586e-07,3.392318069423168e-07
2011-01-24,2.7684726841298863e-08,2.87135402622284e-08,2.785039234572957e-08
2011-01-25,3.8611112890152764e-08,3.860556444196616e-08,3.127960589967845e-08
2011-01-26,9.208840005956348e-08,8.749017514682945e-08,9.80026432301734e-08
2011-01-27,3.80515096896318e-08,3.980692760153509e-08,3.9428086743418274e-08
2011-01-28,2.8421596435686055e-07,2.839367513564765e-07,2.679232584018014e-07
2011-01-31,4.2366585678074585e-08,4.572183918676759e-08,4.313392862563447e-08
2011-02-01,2.0907350632891837e-08,2.2616556215608836e-08,2.357729645997651e-08
2011-02-02,4.0254923622392065e-08,4.2249433069030756e-08,3.7730214485088506e-08
2011-02-03,2.3267231449297248e-08,2.446340286656893e-08,2.441427905260659e-08
2011-02-04,1.1890934632484438e-07,1.2232574246544698e-07,1.0968694781149657e-07
2011-02-07,1.0746205570412087e-07,1.0008971688192783e-07,9.080239144740044e-08
2011-02-08,3.8092341243590715e-08,4.0477586738745986e-08,3.673163621718342e-08
2011-02-09,1.3918447579615018e-07,1.3894017041707228e-07,1.3660584377631315e-07
2011-02-10,3.426854365853705e-08,3.63708625514809e-08,3.060905644644944e-08
2011-02-11,2.0590429647275502e-08,2.0577738185256558e-08,1.8116647171502016e-08
2011-02-14,7.981659302821472e-08,7.943798190931148e-08,7.064162859616809e-08
2011-02-15,1.1436604372962638e-07,1.068302885711233e-07,1.1061090578109406e-07
2011-02-16,2.835096235100615e-07,2.724385976985108e-07,2.409237806188449e-07
2011-02-17,1.1865576074017264e-07,1.1566335253126364e-07,1.1271681717407006e-07
2011-02-18,3.453082838827738e-08,3.493372137650997e-08,3.565307283561615e-08
2011-02-21,7.103149691015683e-08,7.438707926853066e-08,5.668978756399365e-08
2011-02-22,6.209137180923305e-08,6.450551974908127e-08,5.6171984715593534e-08
2011-02-23,6.175146714054134e-08,5.9298439421598834e-08,4.2862986294216524e-08
2011-02-24,1.3430774282998472e-07,1.3424273339799723e-07,1.1508878464414676e-07
2011-02-25,3.398888596393043e-08,3.533045284377712e-08,2.8536716347567775e-08
2011-02-28,1.3587555236827747e-07,1.4009347944474698e-07,1.3019151163749018e-07
2011-03-01,4.622816098600197e-08,3.874345036504526e-08,3.045350448557788e-08
2011-03-02,5.358034760064201e-08,4.662945340710275e-08,5.073903734826956e-08
2011-03-03,6.211268296358727e-08,6.385820892288282e-08,7.603599635477351e-08
2011-03-04,1.261907484244249e-07,1.3015316252348697e-07,1.269716548167359e-07
2011-03-07,1.7364534526148002e-08,1.70517933735562e-08,1.7873869722673816e-08
2011-03-08,4.2237388451506864e-08,4.332543153574697e-08,4.1951887858691864e-08
2011-03-09,8.367587768546284e-07,8.464417249263324e-07,8.572499114567389e-07
2011-03-10,2.4033670681144214e-08,2.76610066201994e-08,3.082056737482005e-08
2011-03-11,1.2431349341628716e-08,1.597287126305947e-08,1.5117588062316907e-08
2011-03-14,2.904454617290768e-07,2.843421537915334e-07,2.4552869649244773e-07
2011-03-15,1.8865955823680114e-07,1.9173219320597798e-07,1.5125783301203257e-07
2011-03-16,2.3467115590086888e-07,2.3522447825531246e-07,2.1538544703777732e-07
2011-03-17,3.597431250814885e-07,3.475940775427244e-07,3.4728199006656624e-07
2011-03-18,5.285202368047519e-08,4.834686402999427e-08,5.239608585550728e-08
2011-03-21,1.569290516881652e-08,3.189726975061206e-08,2.7264603500189137e-08
2011-03-22,5.484254247079819e-08,6.537270408566373e-08,4.719448319552975e-08
2011-03-23,6.061929039217222e-08,4.417638400334568e-08,5.847955299750128e-08
2011-03-24,9.000006402119841e-08,9.728225186078639e-08,9.42145508728408e-08
2011-03-25,2.5641424015467825e-08,3.524801373141821e-08,2.6969417818578542e-08
2011-03-28,7.383027885846672e-08,8.276684137926019e-08,7.355459880260219e-08
2011-03-29,2.5438908662374753e-08,3.14234250035509e-08,2.8139673268521625e-08
2011-03-30,9.404527528775488e-08,9.372520486934651e-08,8.973734712171437e-08
2011-03-31,1.86726020270404e-07,1.8131305827422353e-07,1.873022398805224e-07
2011-04-01,5.826297760258373e-07,5.424416361503356e-07,5.477454678366723e-07
2011-04-04,5.4607361757397485e-08,3.67262605275041e-08,4.478154928921346e-08
2011-04-05,1.8008404739407126e-08,3.1554208627471055e-08,3.182601998255427e-08
2011-04-06,4.743388207075523e-08,4.6914910906965026e-08,4.3925957173475685e-08
2011-04-07,1.1263768563153735e-07,1.066721007988976e-07,1.0717080564235102e-07
2011-04-08,2.250475580624176e-08,3.26177863045785e-08,3.244130115912322e-08
2011-04-11,6.913810980199047e-08,7.612502501203602e-08,7.633820175133728e-08
2011-04-12,4.287748520469042e-07,3.8636658526617284e-07,3.9830556880054417e-07
2011-04-13,1.1492588079392188e-08,2.5845632090436312e-08,2.605314666779852e-08
2011-04-14,4.9474944733599704e-08,5.7481347631333e-08,5.524748439913862e-08
2011-04-15,2.4234217196744297e-08,2.738124448754183e-08,2.536268082833801e-08
2011-04-18,3.706252759958936e-08,4.340968603606019e-08,4.3550802852668595e-08
2011-04-19,3.2792411606518546e-08,3.96868488953541e-08,3.675534139748158e-08
2011-04-20,7.400535959886027e-08,6.90943824221348e-08,6.671973253938601e-08
2011-04-21,1.991155045437055e-08,2.273420375547667e-08,2.174137623396013e-08
2011-04-22,2.806275138831621e-08,3.235836247868041e-08,3.197970454943693e-08
2011-04-25,2.4584479486540642e-08,2.7578803920203612e-08,2.2180292597088954e-08
2011-04-26,1.9205240632816994e-07,1.7608025207969885e-07,1.8527436126361815e-07
2011-04-27,1.6859972714207234e-08,2.2726467594791407e-08,2.137472741101804e-08
2011-04-28,3.661242257289589e-08,3.6788039790051056e-08,3.4653359390487275e-08
2011-04-29,2.577224031685694e-07,2.554136693668296e-07,2.5390498231244873e-07
2011-05-02,1.538567133466238e-08,1.5708385887584578e-08,1.783000501657908e-08
2011-05-03,2.4791527996610918e-08,2.7335523830181754e-08,2.4963398109558224e-08
2011-05-04,4.34716758976851e-08,4.708199327612981e-08,4.1095941139072094e-08
2011-05-05,1.550882373869462e-07,1.4341543390503607e-07,1.4078429740525835e-07
2011-05-06,4.074485798159806e-08,4.2907244564307094e-08,3.833907499830073e-08
2011-05-09,1.7630881153814307e-08,2.0355172704142143e-08,1.8537367041408136e-08
2011-05-10,4.776603924554962e-08,4.5731173709757825e-08,4.660723929467461e-08
2011-05-11,8.046582731772151e-08,7.003043161225963e-08,7.572106490209063e-08
2011-05-12,5.587704377269408e-08,5.826077877965147e-08,5.4168366650656865e-08
2011-05-13,1.994247521363618e-08,2.2189514719781e-08,2.0136980682759067e-08
2011-05-16,3.03209827753608e-08,2.718581307613442e-08,2.66304727643447e-08
2011-05-17,6.373563583599953e-08,6.493123085698367e-08,6.328009452542524e-08
2011-05-18,1.6165284743324115e-07,1.622552285001104e-07,1.6762449584083432e-07
2011-05-19,2.9437582292137926e-07,2.757515057344463e-07,2.825849731112407e-07
2011-05-20,4.401060371684397e-08,4.937711047196676e-08,4.445652418285987e-08
2011-05-23,1.6509329896196094e-08,2.1024927945653756e-08,2.2411028955536617e-08
2011-05-24,2.1983645685375018e-08,2.5610229111468043e-08,2.4266861013977847e-08
2011-05-25,5.4516691878754723e-08,5.6212225635156175e-08,5.533567030478086e-08
2011-05-26,7.30521568353252e-09,8.12613440732285e-09,7.874622675813753e-09
2011-05-27,4.0534675293946324e-08,3.7802277693088477e-08,3.700206185769768e-08
2011-05-30,1.5869191824568538e-08,1.8900838217602952e-08,1.9927502838788347e-08
2011-05-31,2.0884255603096603e-08,2.149704224831729e-08,2.110119287770531e-08
2011-06-01,2.074074636691918e-08,1.9887127277831024e-08,2.1104506209935456e-08
2011-06-02,2.7848694796660274e-08,2.8208524038723754e-08,2.8152492176854597e-08
2011-06-03,7.822216765405139e-08,8.08487162342056e-08,7.846739920731713e-08
2011-06-06,4.6071553153526505e-08,4.559934954568421e-08,4.331646228453521e-08
2011-06-07,1.2560223859789458e-08,1.358509807332093e-08,1.378599170905006e-08
2011-06-08,9.764085768199033e-08,9.76781582199315e-08,9.59960196903949e-08
2011-06-09,1.9247850523635645e-08,1.9214594460397463e-08,2.1043242546374437e-08
2011-06-10,3.004142639772425e-08,2.981213342016853e-08,3.029917049940027e-08
2011-06-13,8.001967568167007e-09,6.694396778193408e-09,6.964065408403056e-09
2011-06-14,1.4083366655204534e-07,1.3908768951307588e-07,1.3783879470302463e-07
2011-06-15,4.518070745203181e-07,4.5170728919130104e-07,4.4423066399888936e-07
2011-06-16,3.866946853917752e-08,3.9558010971907844e-08,4.1920506228575557e-08
2011-06-17,1.5146368791306216e-08,1.7353385905782084e-08,1.9052642600150584e-08
2011-06-20,2.8532608644955866e-08,2.9155452243072887e-08,3.0610498450856686e-08
2011-06-21,1.7347535108153106e-07,1.7276072897731195e-07,1.635663832941638e-07
2011-06-22,7.607775994702005e-08,7.247270463878087e-08,6.842975617287209e-08
2011-06-23,4.78179701264806e-08,4.788049606364651e-08,4.879783839602687e-08
2011-06-24,2.0370761802151802e-08,2.1743429351715654e-08,2.5482884822537525e-08
2011-06-27,8.08164032827384e-08,7.87623633615663e-08,7.544889959956315e-08
2011-06-28,2.1664892529712003e-08,2.409748894378031e-08,2.4397623342535558e-08
2011-06-29,5.713196925078519e-08,5.424414181382292e-08,5.497779476389441e-08
2011-06-30,2.7039503246921744e-08,2.781669243491632e-08,3.0308844512898494e-08
2011-07-01,3.469019869530856e-08,3.4184138952574756e-08,3.474877770181739e-08
2011-07-04,6.544748213894631e-08,6.424615209823156e-08,6.467017087825211e-08
2011-07-05,1.9366302624176362e-08,1.9380156777011323e-08,2.2389765922208053e-08
2011-07-06,2.222436046259329e-08,2.2030730043088825e-08,2.227276106907059e-08
2011-07-07,1.105610069281413e-07,1.0577321310988158e-07,1.0609993505807484e-07
2011-07-08,4.713101073472705e-08,4.736973416616494e-08,4.6677004102293876e-08
2011-07-11,4.25790901967271e-08,4.0254929427767314e-08,3.930211108851005e-08
2011-07-12,9.119443052454395e-08,8.848439328395526e-08,8.760115432469818e-08
2011-07-13,1.618336246495136e-08,1.4096570876584708e-08,1.4730383164624941e-08
2011-07-14,8.075358045941277e-08,8.185160340857303e-08,7.809299207459118e-08
2011-07-15,2.6084133928851883e-08,2.5557327045388237e-08,2.6752869634045675e-08
2011-07-18,3.474173323419546e-07,3.5455048923893506e-07,3.525854411594428e-07
2011-07-19,2.9970187688007534e-08,3.1466469664855555e-08,3.5059659140250383e-08
2011-07-20,7.493482464040819e-08,6.903065402809102e-08,6.702092930548759e-08
2011-07-21,2.9121071429029112e-08,3.120663907975595e-08,3.218581254584775e-08
2011-07-22,3.777986143987741e-08,4.049116466493328e-08,3.873729784033893e-08
2011-07-25,3.3853040741111495e-08,3.4365498117084164e-08,3.6340127080261385e-08
2011-07-26,3.562299997440445e-08,3.572109032518796e-08,3.5924809863996285e-08
2011-07-27,2.5130598329661365e-08,2.385585342686121e-08,2.496016357527618e-08
2011-07-28,4.129038847652092e-08,3.943352535815627e-08,3.9532086172214094e-08
2011-07-29,3.548472552824393e-08,3.45254976593443e-08,3.5377409730797793e-08
2011-08-01,1.959412471048008e-08,1.8160363472601866e-08,1.8242358087005077e-08
2011-08-02,3.121161516016212e-08,3.009001108420775e-08,2.949140242230354e-08
2011-08-03,4.897634603816829e-08,4.683055206799559e-08,4.810055904520061e-08
2011-08-04,3.275967113136249e-08,3.479888148251407e-08,3.344910557214545e-08
2011-08-05,2.7600910036552636e-08,2.6871290533370436e-08,2.8605469358869997e-08
2011-08-08,1.7151835965121713e-07,1.692587032771899e-07,1.6585212924077916e-07
2011-08-09,4.8520333413189564e-08,4.9396913010054854e-08,4.967377381893303e-08
2011-08-10,1.2601218044286575e-08,1.2369444620327984e-08,1.3798488994135912e-08
2011-08-11,2.921811886225831e-08,2.976888143038653e-08,2.6459607003349738e-08
2011-08-12,3.250724589699345e-08,3.186408113879974e-08,3.308050157486519e-08
2011-08-15,4.947749466798801e-08,4.7048611566480116e-08,4.454711278154988e-08
2011-08-16,1.3972266965613544e-07,1.37942423215724e-07,1.3613474627138578e-07
2011-08-17,4.627964495353451e-08,4.697562392130398e-08,4.6977830968668286e-08
2011-08-18,2.77338710217963e-08,2.7341293728926763e-08,2.745458929598802e-08
2011-08-19,2.2441381223049194e-08,2.1773057614001393e-08,2.2263067978246524e-08
2011-08-22,1.889887511105914e-08,1.8256472162749155e-08,1.9641043169456876e-08
2011-08-23,1.4740359151585658e-07,1.4967152949444612e-07,1.468388302327372e-07
2011-08-24,4.1887375494734283e-07,4.125907695407391e-07,3.9894738879220573e-07
2011-08-25,3.183857845471373e-08,3.512769089631912e-08,3.7675251651671073e-08
2011-08-26,1.9391717721185072e-08,2.136972066878624e-08,2.580138455075406e-08
2011-08-29,8.242702433689408e-08,8.347234880395601e-08,8.133695508621193e-08
2011-08-30,5.395892441091935e-08,5.097994942151041e-08,4.789573307691249e-08
2011-08-31,1.2607297314914882e-07,1.2516693674411104e-07,1.2842166655650866e-07
2011-09-01,1.868612781709633e-08,1.9631020964284355e-08,1.988980719776121e-08
2011-09-02,2.0239276700817394e-08,2.024597099052364e-08,1.9608268064404953e-08
2011-09-05,8.603798558863487e-08,7.984155202787969e-08,7.597245739423917e-08
2011-09-06,4.851848848313837e-08,4.7905146289087995e-08,4.478152451486307e-08
2011-09-07,6.600683233107924e-07,6.559886288613312e-07,6.497313884951613e-07
2011-09-08,2.858549107664006e-08,3.510128841102464e-08,3.973088273442744e-08
2011-09-09,2.336535544203776e-07,2.2433030004150488e-07,2.1076393814514755e-07
2011-09-12,3.1753582903215154e-08,3.6628444003434035e-08,4.109043183419701e-08
2011-09-13,1.5162977141156855e-07,1.4411570697653847e-07,1.3262327307585566e-07
2011-09-14,1.2709063443546917e-07,1.1404103472250801e-07,1.0881564704194092e-07
2011-09-15,3.458773358991998e-07,3.0735093780855957e-07,2.8175579171904376e-07
2011-09-16,9.312298988232135e-08,1.0023650595314151e-07,1.0634104272622381e-07
2011-09-19,4.622995714502632e-08,4.341280843552498e-08,3.969676580177102e-08
2011-09-20,6.964236506727266e-08,6.720518180640211e-08,7.028713183867392e-08
2011-09-21,2.0704742686911093e-08,2.0762673168372356e-08,2.0638594205316885e-08
2011-09-22,1.8902033485269862e-07,1.6750872662903203e-07,1.478772416441264e-07
2011-09-23,5.845078851771852e-08,6.408660585814151e-08,7.237287069316571e-08
2011-09-26,3.535961932085941e-08,3.579209126117304e-08,3.49658923087587e-08
2011-09-27,2.8176482448214785e-08,3.47460536741857e-08,4.0588317689001287e-08
2011-09-28,3.924169775667659e-08,4.133057879164465e-08,4.2232359677039075e-08
2011-09-29,2.067270164264715e-08,2.0237374784396894e-08,2.0481921797007607e-08
2011-09-30,2.436020371597403e-08,2.7711592574240828e-08,3.142275428328273e-08
2011-10-03,1.4221890781331215e-08,1.6828851487384965e-08,2.1504702608471247e-08
2011-10-04,6.018482404140671e-07,5.854301072923747e-07,5.575392642285951e-07
2011-10-05,1.1791627130640895e-08,1.816680843034261e-08,2.709136513396165e-08
2011-10-06,4.0316532190760495e-08,4.1820303701355715e-08,4.5603832758419916e-08
2011-10-07,6.246414604633048e-08,5.404882256857273e-08,4.741013406907055e-08
2011-10-10,1.5648090184304164e-07,1.5660120338608954e-07,1.5643824483851788e-07
2011-10-11,7.609535843008751e-08,7.387341475098859e-08,7.52930610585222e-08
2011-10-12,7.602755522284473e-08,7.753233296814179e-08,8.153779907679005e-08
2011-10-13,1.8265704049224338e-07,1.6705428832066957e-07,1.5464268676321514e-07
2011-10-14,3.2407073360585036e-08,3.712724273017827e-08,4.316293417247947e-08
2011-10-17,6.229939087350194e-08,6.6607239886679e-08,7.0064140348868e-08
2011-10-18,7.216625334203544e-08,6.806751502160197e-08,6.113973888136536e-08
2011-10-19,5.840795787171721e-07,5.58165207858582e-07,5.262157229382516e-07
2011-10-20,3.638671876623515e-08,3.339750973026031e-08,3.3485442908919206e-08
2011-10-21,2.5174759907809875e-08,2.616092979515703e-08,3.200374412784428e-08
2011-10-24,8.277467453654123e-07,7.766089196717506e-07,7.337446546408152e-07
2011-10-25,2.112027764936638e-08,3.533109352990091e-08,4.989448100751608e-08
2011-10-26,6.295831613890734e-08,5.811416624764063e-08,5.979884231154986e-08
2011-10-27,5.805489586423944e-08,5.1374657821074824e-08,5.223444825330436e-08
2011-10-28,1.1076499424550225e-07,9.76485520898479e-08,8.163642417087395e-08
2011-10-31,3.378986026200393e-08,4.034883671751904e-08,4.9535658477478214e-08
2011-11-01,3.067433909543638e-08,3.0880151794941157e-08,3.7093368616245816e-08
2011-11-02,2.633321907429205e-08,2.891831180394225e-08,3.560913034641948e-08
2011-11-03,2.8284400336864013e-08,2.6934863541716026e-08,3.1008596753490255e-08
2011-11-04,1.805681861174774e-08,2.336432101239128e-08,2.8041356040772223e-08
2011-11-07,1.6873738767378666e-08,2.0518491585812354e-08,2.7279818997075644e-08
2011-11-08,2.4902290975982312e-08,2.5189035878948447e-08,2.6889051847537924e-08
2011-11-09,2.0810231727251146e-08,1.827873893703942e-08,1.9779464804911074e-08
2011-11-10,4.0548403279021586e-08,4.144908543855155e-08,4.61406669326987e-08
2011-11-11,1.5201120657329364e-08,1.5158262621298223e-08,1.7711087093681556e-08
2011-11-14,1.3037902135047882e-08,1.478056500336154e-08,1.5869307998434617e-08
2011-11-15,3.9256109881267997e-08,3.8864220159200233e-08,3.507912091350523e-08
2011-11-16,1.639651362372075e-08,1.5418979915645085e-08,1.8064886912157082e-08
2011-11-17,2.8122185217234293e-08,2.533639645548627e-08,2.685024000358726e-08
2011-11-18,1.1205990220479615e-08,9.24048057962371e-09,1.1988933637131207e-08
2011-11-21,1.3540245748531219e-08,1.0728096429098097e-08,1.2989190459292726e-08
2011-11-22,1.0420949765455153e-08,7.631212041871441e-09,9.05952772835904e-09
2011-11-23,4.454736201583162e-08,4.1596946488752934e-08,4.178760774673176e-08
2011-11-24,2.1108473933381046e-08,1.819549797313789e-08,1.9888504606177548e-08
2011-11-25,8.305346880052811e-08,8.657124982588781e-08,8.51134556718057e-08
2011-11-28,4.787073253043971e-08,4.776710592181305e-08,4.5478369385298156e-08
2011-11-29,2.253345471020419e-08,2.3424788157740727e-08,2.0440643559130455e-08
2011-11-30,2.4900777380894786e-08,2.8283574769135433e-08,2.9121360465597152e-08
2011-12-01,5.3963978249570594e-08,5.257040759383806e-08,5.1535237551909216e-08
2011-12-02,4.464944171405959e-08,4.594171649054493e-08,4.632235676879077e-08
2011-12-05,4.976062859227559e-08,4.8192271285593274e-08,4.792288571587715e-08
2011-12-06,2.329127897503573e-08,2.3216709620995107e-08,2.4874898008540233e-08
2011-12-07,2.633520898774328e-08,2.7341766281939925e-08,2.7251672352404778e-08
2011-12-08,1.2660512054752334e-08,1.0184870810117206e-08,1.210582222941481e-08
2011-12-09,3.37017269580278e-08,3.125017589156963e-08,3.1311255916081684e-08
2011-12-12,1.3240807764953511e-08,9.769423832560483e-09,1.1048468930515672e-08
2011-12-13,1.6601281326073795e-08,1.2443859847664376e-08,1.34385974209494e-08
2011-12-14,3.3107638045685124e-08,3.601407154928501e-08,3.6028658041981654e-08
2011-12-15,3.640791974022962e-08,3.336316767156791e-08,3.2033673873607474e-08
2011-12-16,3.6370535409961666e-08,3.712398067777301e-08,3.6849738198312255e-08
2011-12-19,4.234858776486511e-08,3.965413869043081e-08,3.7009920772449135e-08
2011-12-20,6.663780976473298e-07,6.921460913174001e-07,6.896554640998189e-07
2011-12-21,8.556891570919742e-08,8.414522894545325e-08,7.778164667031816e-08
2011-12-22,1.9365968259035387e-08,2.093368678204826e-08,2.6373364498863824e-08
2011-12-23,2.6264693275828675e-08,2.7450011315980993e-08,2.974007276899312e-08
2011-12-26,4.783889921790337e-08,4.920906780561022e-08,5.141994365940415e-08
2011-12-27,1.987531150865158e-08,1.9279540325981477e-08,2.2267626655986143e-08
2011-12-28,3.674297217650975e-08,3.567994904409311e-08,3.7576564044083664e-08
2011-12-29,2.6124087057401683e-08,2.5458576396652798e-08,2.4831027395185916e-08
2011-12-30,1.419795471808128e-08,1.23693242761284e-08,1.4238854880041038e-08
2012-01-02,1.4382735871436701e-08,1.1710293469320443e-08,1.3746233091718992e-08
2012-01-03,8.660462933602152e-09,7.38763289237267e-09,7.781219431692195e-09
2012-01-04,8.101679258654863e-08,8.618865396883264e-08,8.371444661450125e-08
2012-01-05,2.0758031176328863e-08,1.9977255628323206e-08,1.852341324132567e-08
2012-01-06,4.188955764827516e-08,4.0189186574037196e-08,4.078515696128003e-08
2012-01-09,6.301147931344945e-08,6.111992138288328e-08,6.015776860736711e-08
2012-01-10,1.1097023482362429e-07,1.1959822267563445e-07,1.1700279828522539e-07
2012-01-11,1.760668283222375e-07,1.762096476451756e-07,1.7287661170046698e-07
2012-01-12,4.5697740371936455e-07,4.519444619028035e-07,4.388656869062682e-07
2012-01-13,3.4753654204203256e-08,3.921556089121901e-08,4.2966296771721254e-08
2012-01-16,1.7658335572089086e-08,2.177476771251327e-08,2.7519995018741083e-08
2012-01-17,2.1559977969016338e-08,2.401939191977098e-08,2.6798400852594828e-08
2012-01-18,3.985184135167881e-08,4.1417593851944627e-08,4.019177917678413e-08
2012-01-19,2.0416608833293955e-08,2.145164260006631e-08,2.4099695713215267e-08
2012-01-20,3.3842085818682235e-08,3.3418795546793206e-08,3.3697452670129705e-08
2012-01-23,3.5294503633171656e-08,3.4851021858886686e-08,3.532354154907482e-08
2012-01-24,6.219398738804943e-08,6.221109099768077e-08,6.351069621253041e-08
2012-01-25,1.7999910176851318e-08,1.759429564820901e-08,1.747720852135105e-08
2012-01-26,3.02155179144237e-08,3.093325487444691e-08,2.961482727958959e-08
2012-01-27,1.6298758792143437e-08,1.5649895503693086e-08,1.7913580247955736e-08
2012-01-30,1.1129120520253621e-07,1.1082732844984493e-07,1.0809087395607427e-07
2012-01-31,1.1720328363549595e-08,1.2165854505863903e-08,1.3451193959726966e-08
2012-02-01,4.412579737013048e-08,4.2823408535298244e-08,4.259775002412613e-08
2012-02-02,8.357643202009576e-08,8.793715333874715e-08,8.427199568485125e-08
2012-02-03,4.61534733496473e-08,4.8404030250658904e-08,4.650510146492261e-08
2012-02-06,1.3217041292616578e-06,1.3157264468432914e-06,1.2907228105934695e-06
2012-02-07,7.687514183387961e-08,7.039512551854446e-08,6.744657120210859e-08
2012-02-08,1.8750254538540923e-07,1.6309919547696647e-07,1.4606345156877968e-07
2012-02-09,3.581523568725695e-07,3.293261199231949e-07,3.005395488479989e-07
2012-02-10,2.7048524188293945e-07,2.276067200564016e-07,1.9568240991517656e-07
2012-02-13,2.0910641372005771e-07,1.6730090845640923e-07,1.4217132187944015e-07
2012-02-14,7.665308793818156e-08,9.119213827146163e-08,1.1031958586060992e-07
2012-02-15,3.321878979025312e-08,4.704295652352552e-08,6.408893390331926e-08
2012-02-16,1.1842054277315254e-07,1.2751820486482598e-07,1.4250443701798475e-07
2012-02-17,8.032436837657584e-08,7.380298114996921e-08,8.08233178647699e-08
2012-02-20,1.7279328303287106e-08,2.7398820196231764e-08,3.857962299191331e-08
2012-02-21,3.319116618120751e-08,3.377526193037283e-08,3.817375670963424e-08
2012-02-22,1.2343821141796289e-08,1.899660563917014e-08,2.5058252629863887e-08
2012-02-23,1.9235978809928468e-08,2.158708899674208e-08,2.593759947243981e-08
2012-02-24,1.2629157319811835e-08,1.4205926047357148e-08,1.8460056904988056e-08
2012-02-27,1.306608861418658e-08,1.6278828900572104e-08,2.2185853306737726e-08
2012-02-28,2.613595079037185e-08,2.7390218334485965e-08,3.2154669753205185e-08
2012-02-29,6.426665394512868e-08,6.455277667192812e-08,6.461239160163526e-08
2012-03-01,4.1337625805853566e-08,4.032752551326458e-08,3.9897170435538575e-08
2012-03-02,8.699045979366563e-08,8.107711857136459e-08,7.50978190304091e-08
2012-03-05,3.20868752300236e-08,3.14553575836616e-08,3.246553754544877e-08
2012-03-06,1.669967493119428e-08,1.8605251726997947e-08,2.3577110792601384e-08
2012-03-07,1.0487439735627603e-07,1.0171775417492985e-07,9.620647169455578e-08
2012-03-08,1.5188478466846786e-07,1.4815020435638306e-07,1.366002172754171e-07
2012-03-09,2.4589853610662017e-08,2.6098738873475996e-08,2.998465691701258e-08
2012-03-12,4.367258766670448e-08,4.562585182086401e-08,4.756219305764912e-08
2012-03-13,1.3932647390923024e-07,1.3004292891452895e-07,1.25051982586275e-07
2012-03-14,1.55562698184145e-07,1.502533957811568e-07,1.4038800520757418e-07
2012-03-15,3.8181826835688226e-08,3.65920235059712e-08,3.476122436387125e-08
2012-03-16,6.581635219969554e-08,6.181774089346146e-08,5.879458445293132e-08
2012-03-19,1.5515232693462818e-08,1.957010263964163e-08,2.556740328976519e-08
2012-03-20,9.947353520939041e-08,9.190442697423809e-08,8.006681661954138e-08
2012-03-21,2.958212510292703e-08,3.0428394420360554e-08,3.506112573335658e-08
2012-03-22,2.2381958743141856e-08,2.5814316426139368e-08,3.1166994355198993e-08
2012-03-23,1.475201099275553e-08,1.7588105274621322e-08,2.286350603393366e-08
2012-03-26,6.605066903777358e-08,6.6779604115164e-08,6.877746862396061e-08
2012-03-27,1.53175931961799e-08,1.6087320429459164e-08,1.9612100273279457e-08
2012-03-28,3.657209298667217e-07,3.627041572342023e-07,3.43521972435314e-07
2012-03-29,3.434197964883379e-08,3.556885885255383e-08,3.874945227632439e-08
2012-03-30,5.259209151528909e-07,5.040593797224151e-07,4.7363767660349174e-07
2012-04-02,2.7412026868404765e-07,2.4533428523841936e-07,2.1925834492985418e-07
2012-04-03,8.988480569454858e-08,8.910056972387458e-08,9.302594645117588e-08
2012-04-04,2.4444033055719208e-08,3.403523593214475e-08,4.514751157019353e-08
2012-04-05,2.459693995300491e-08,3.135036746860505e-08,4.1307764234181514e-08
2012-04-06,1.5671967891315746e-07,1.3455413149056165e-07,1.2064805472691237e-07
2012-04-09,2.6907812354465565e-08,3.463681722442274e-08,4.4483849750466656e-08
2012-04-10,4.052334513191952e-08,4.3072131891718484e-08,4.8388675940578045e-08
2012-04-11,2.176845857268136e-08,2.6718294712398175e-08,3.317178780159204e-08
2012-04-12,6.467986741995869e-08,6.44042612726165e-08,6.65182102016578e-08
2012-04-13,1.9519339665845294e-08,2.3021258096926497e-08,2.8149395013915547e-08
2012-04-16,1.1434953444951204e-07,1.1165036455180104e-07,1.0304062797625293e-07
2012-04-17,2.98451281325923e-08,3.277244537118838e-08,3.474879244351214e-08
2012-04-18,1.4580226602918692e-08,1.5664844753811828e-08,1.6968424237102074e-08
2012-04-19,9.292348212839708e-08,8.979147925016474e-08,8.756535480536777e-08
2012-04-20,1.925045005381828e-06,1.8854944206907036e-06,1.8329864890269838e-06
2012-04-23,1.032409285877434e-07,9.177276656489961e-08,9.51207789179333e-08
2012-04-24,7.839076622456146e-07,7.209865152813993e-07,6.627464031594101e-07
2012-04-25,2.547919808141614e-08,3.920978147325792e-08,5.627717161977316e-08
2012-04-26,3.331593913895398e-08,4.064499175377281e-08,5.5502821256008704e-08
2012-04-27,9.322207536582348e-08,9.447791218795102e-08,8.698316910759514e-08
2012-04-30,8.93045496116727e-08,8.661617040055468e-08,7.88964428569777e-08
2012-05-01,1.5064394019231582e-07,1.3397475098468398e-07,1.1525877452996596e-07
2012-05-02,6.608274352041144e-08,7.182055398546223e-08,8.33805138386082e-08
2012-05-03,9.028278853422083e-08,8.444360074577348e-08,8.682178933582692e-08
2012-05-04,4.621399990009807e-08,5.377873895232816e-08,5.8937468362628454e-08
2012-05-07,3.4112471926458984e-08,3.604262293518713e-08,3.3471987202252267e-08
2012-05-08,8.498352618776128e-08,8.306021537049052e-08,7.938929731841433e-08
2012-05-09,6.069486901948782e-08,6.30155564458864e-08,7.073873732705687e-08
2012-05-10,5.4036946975811726e-08,5.157871149227681e-08,5.722521394356269e-08
2012-05-11,2.2908941730306865e-08,2.4617037057006297e-08,2.829446918016249e-08
2012-05-14,2.2785590543923826e-08,2.8022028618825255e-08,3.408231313379083e-08
2012-05-15,9.808949039880347e-08,9.559223840503825e-08,9.660008108628934e-08
2012-05-16,1.4597247118942308e-07,1.4188150157296547e-07,1.226532705720631e-07
2012-05-17,5.624514454559964e-08,5.962226256145365e-08,6.108040545104293e-08
2012-05-18,5.970243112135818e-08,6.393375088920258e-08,6.137918195323524e-08
2012-05-21,1.6964750542299932e-07,1.6057036147011168e-07,1.4500322659818334e-07
2012-05-22,3.5744633648583734e-08,3.3603557165843825e-08,4.031946540522061e-08
2012-05-23,1.209048632891811e-07,1.0890788167244108e-07,1.0981447064279413e-07
2012-05-24,2.768670322500169e-07,2.5656970438153997e-07,2.508215592833385e-07
2012-05-25,1.2758999348342012e-07,9.668836462437884e-08,9.465385974252739e-08
2012-05-28,2.084153302617562e-08,3.166654778353954e-08,3.727703248347856e-08
2012-05-29,6.513997518470307e-08,7.313768394923106e-08,6.712138093092308e-08
2012-05-30,1.4777849076076282e-07,1.4652502655630057e-07,1.3557021017020114e-07
2012-05-31,8.76433457727969e-08,8.617013659898996e-08,9.022600774265194e-08
2012-06-01,1.4423071645925302e-07,1.4458306881370675e-07,1.3483131159437876e-07
2012-06-04,2.255704706262432e-08,2.677727001186392e-08,2.7422103952990934e-08
2012-06-05,1.302396164159468e-07,1.3157224470786874e-07,1.2488498636795807e-07
2012-06-06,3.647609085047009e-08,3.582847022912522e-08,3.313072874536338e-08
2012-06-07,5.747999610312205e-08,5.587219914644198e-08,5.2998614667942514e-08
2012-06-08,1.2994166409390937e-08,1.8202797489650066e-08,1.939761102842847e-08
2012-06-11,2.3535132666775503e-08,2.3754356770956997e-08,2.477632939767437e-08
2012-06-12,1.9965204641430796e-08,2.1313745099887594e-08,2.4329635989582252e-08
2012-06-13,2.2136334619828e-08,2.409866033147711e-08,2.5721693084435363e-08
2012-06-14,1.4292440701212373e-07,1.2951935083519104e-07,1.3138071772407546e-07
2012-06-15,4.1708026958718203e-07,3.9206239624223775e-07,3.884172461850546e-07
2012-06-18,4.634543969793001e-08,5.244668998797721e-08,5.3555240070939316e-08
2012-06-19,2.714173129018415e-08,3.159617530004209e-08,2.9493013916760943e-08
2012-06-20,8.01786435062185e-07,7.654553621558269e-07,7.527948955792456e-07
2012-06-21,3.9009033756292084e-08,4.879020385789309e-08,5.346839125924278e-08
2012-06-22,4.637272573876659e-08,4.47013225714546e-08,4.5730045259359646e-08
2012-06-25,1.0196711524833239e-07,8.164905960565985e-08,8.188119632395968e-08
2012-06-26,1.1514507344908761e-07,1.1027535870645984e-07,1.1002795842587361e-07
2012-06-27,8.17550920661785e-09,1.7606015676407286e-08,2.1367081708572688e-08
2012-06-28,2.4707871157654077e-08,3.1162036652520635e-08,3.3491074866103135e-08
2012-06-29,1.783524986271243e-08,2.186723673661032e-08,2.542577216854219e-08
2012-07-02,1.2028268414989126e-08,1.7080680750643023e-08,1.8666136933033523e-08
2012-07-03,2.7337930985991462e-08,2.9351719810338825e-08,3.1049737377394546e-08
2012-07-04,3.072397848255351e-08,2.6100479378842483e-08,2.816296647853582e-08
2012-07-05,4.2380786827264514e-08,4.3831642451819335e-08,4.2101710265217685e-08
2012-07-06,6.567720073083293e-08,5.835954773176918e-08,5.603837344213504e-08
2012-07-09,1.7433528710245644e-08,1.91803093466209e-08,1.7286862075762832e-08
2012-07-10,1.4952565923641444e-08,1.6192829530212145e-08,1.657581420982785e-08
2012-07-11,5.9174745877361445e-08,6.076815875582054e-08,5.6947526176487635e-08
2012-07-12,1.1872987698902656e-08,1.1242284506557327e-08,1.1456442178266662e-08
2012-07-13,3.4040988876626786e-08,3.025097415240419e-08,2.8811663420262053e-08
2012-07-16,1.770433202230656e-08,1.4949020758745767e-08,1.5056981562092014e-08
2012-07-17,6.309937885719755e-08,6.689732363416755e-08,6.461336266054833e-08
2012-07-18,1.9265044731790315e-08,1.582769573092328e-08,1.5389195774085364e-08
2012-07-19,6.797960413862356e-08,6.525376645779129e-08,6.248360253021865e-08
2012-07-20,1.7462609776390714e-07,1.6167788469633036e-07,1.5334512435805128e-07
2012-07-23,3.230009276520376e-08,2.6914973920060357e-08,2.7511102971109344e-08
2012-07-24,1.801172179527488e-08,1.994616753713779e-08,1.8336898278973184e-08
2012-07-25,4.1829369299602785e-08,3.450948781302294e-08,3.74095596672103e-08
2012-07-26,1.2924658482986781e-08,1.265818046801912e-08,1.306161958118093e-08
2012-07-27,1.091141836058361e-08,1.0439951489758088e-08,1.0668472734011802e-08
2012-07-30,4.041866282484782e-08,4.352859559678134e-08,4.1748716116417566e-08
2012-07-31,3.0410187644873634e-08,3.83478500746917e-08,3.749421450814264e-08
2012-08-01,4.210731644942546e-08,3.518419782633509e-08,3.281528451969319e-08
2012-08-02,5.162444469839362e-08,5.0696262775959965e-08,4.940112423013869e-08
2012-08-03,1.5902190134435428e-08,1.4597087665053961e-08,1.473243940667417e-08
2012-08-06,1.182186057173959e-07,1.1929542955282725e-07,1.1612527848245883e-07
2012-08-07,1.2899359000501714e-08,1.0856225780571384e-08,1.2202814769405692e-08
2012-08-08,1.4793934875580901e-08,1.2216498980233388e-08,1.3048876676219848e-08
2012-08-09,2.7082824555315004e-08,2.7800497819618137e-08,2.87564894929656e-08
2012-08-10,1.2253290714360495e-08,9.22348375838545e-09,1.0147714917790745e-08
2012-08-13,1.7997864263206492e-08,1.6168642183275436e-08,1.6339955935650568e-08
2012-08-14,1.778350467253681e-08,1.3962141425947241e-08,1.4213162535292922e-08
2012-08-15,3.4257461150672356e-08,3.36889840637424e-08,3.5217674392320224e-08
2012-08-16,7.544892692519094e-08,7.1992833107265e-08,6.893902984236755e-08
2012-08-17,1.1345618032749174e-08,8.156899881072765e-09,9.010936422549471e-09
2012-08-20,1.831301365240477e-08,1.4152291602210707e-08,1.3568281734541499e-08
2012-08-21,1.2164784141997456e-08,8.987338966574904e-09,8.671522261388248e-09
2012-08-22,2.8808976064733314e-08,2.417205472548679e-08,2.1928872501690517e-08
2012-08-23,3.296571137643385e-08,3.023542745415542e-08,3.050159609746167e-08
2012-08-24,1.7332083001448366e-08,1.299162624530955e-08,1.2446276328528662e-08
2012-08-27,9.642784331301097e-09,6.231710907794801e-09,6.76681201377694e-09
2012-08-28,1.3290580353890524e-08,8.16448210661691e-09,7.892710688001552e-09
2012-08-29,1.3913043538972218e-08,8.171250889915308e-09,7.760882206801085e-09
2012-08-30,2.1309519030597125e-08,1.6057964180489985e-08,1.6052500813356718e-08
2012-08-31,2.6602718345782033e-08,2.5934956021850012e-08,2.6159290025245376e-08
2012-09-03,1.6371796043949423e-08,1.1320469143912508e-08,1.1257150989479553e-08
2012-09-04,2.255632886108054e-08,1.687848822862231e-08,1.6015287190993085e-08
2012-09-05,3.0118319786456113e-08,2.578250984150795e-08,2.414314651813763e-08
2012-09-06,3.4020213450851184e-07,3.527137843038786e-07,3.470990091082228e-07
2012-09-07,3.273960007955181e-08,2.966975887227159e-08,2.9778345355183783e-08
2012-09-10,6.039750654779528e-08,5.898249599395956e-08,5.8482671632506725e-08
2012-09-11,2.4880954951017738e-08,2.0885976813016668e-08,1.9979937018489952e-08
2012-09-12,3.3945799504933906e-08,3.21094806237309e-08,3.328358213754481e-08
2012-09-13,1.540380558871861e-08,1.5712129182049807e-08,1.6664931785092063e-08
2012-09-14,9.940215165560976e-08,9.643842869319334e-08,9.084888639685563e-08
2012-09-17,1.5224753692654585e-08,1.321017150527191e-08,1.2724958953939098e-08
2012-09-18,2.5844534490397442e-08,2.357384637059298e-08,2.3587145467688214e-08
2012-09-19,2.549970117312258e-08,2.1644081837975592e-08,1.8830298747873473e-08
2012-09-20,1.626292513823094e-08,1.2519321910353242e-08,1.119782666514425e-08
2012-09-21,4.240871572067413e-08,3.594567489033042e-08,3.5099140013230126e-08
2012-09-24,9.35860740434012e-08,9.318925775063393e-08,9.15246730219846e-08
2012-09-25,1.2263828707694876e-07,1.331736166706491e-07,1.3262604860308788e-07
2012-09-26,1.5104876330435803e-08,1.2780399102413242e-08,1.3306025046445506e-08
2012-09-27,1.5252287606443858e-08,1.539817133107671e-08,1.6424240496753122e-08
2012-09-28,2.2088608581264582e-08,1.982952121202505e-08,2.0479236794261587e-08
2012-10-01,2.3510454298393947e-08,2.1361369667904954e-08,2.2503384439595706e-08
2012-10-02,9.234761247665206e-08,9.477782716055778e-08,9.307590337041948e-08
2012-10-03,1.7694032813737372e-08,1.4766210918824949e-08,1.528537246135251e-08
2012-10-04,4.5976469082333874e-08,4.2950587717584445e-08,4.132907320750329e-08
2012-10-05,3.32962120069288e-08,3.208135530473848e-08,3.364570074609173e-08
2012-10-08,3.069161557121569e-08,2.6969828229214154e-08,2.682476848958719e-08
2012-10-09,1.5546586068050363e-08,1.2925101232406805e-08,1.3820589828431084e-08
2012-10-10,3.658979675048877e-08,3.360848959956487e-08,3.3595847992699605e-08
2012-10-11,3.430898882797928e-08,3.1364382259032494e-08,3.2219245453063015e-08
2012-10-12,3.78443936413662e-08,3.605729438105558e-08,3.713792139931439e-08
2012-10-15,3.6923389518222414e-08,3.525417166786163e-08,3.427863798475324e-08
2012-10-16,7.46279262942747e-08,6.917809257718249e-08,6.725955999028918e-08
2012-10-17,1.7439027192729066e-07,1.6181772907637238e-07,1.5856994389331388e-07
2012-10-18,1.1772148789747762e-07,1.3201388198126287e-07,1.290650726704812e-07
2012-10-19,1.8346468160544836e-08,1.9024826892265642e-08,2.0091804657019607e-08
2012-10-22,2.989439619437656e-08,2.8911577147063722e-08,2.7027317132697005e-08
2012-10-23,1.9452578779933836e-08,1.8127755574504424e-08,1.8012959921042574e-08
2012-10-24,2.2305251120388344e-08,2.0646664568187625e-08,1.810664232594734e-08
2012-10-25,3.377830283082811e-08,2.9695816492560155e-08,2.652063605387583e-08
2012-10-26,9.439812577319625e-08,1.042607580004951e-07,1.0410646868946973e-07
2012-10-29,1.3707940971554094e-07,1.440615232719122e-07,1.3447179537786072e-07
2012-10-30,8.934269958474618e-08,9.008438133036303e-08,8.635296979267786e-08
2012-10-31,1.8119530058210733e-07,1.8264777748329616e-07,1.6630193769318975e-07
2012-11-01,5.3860576245384736e-08,4.9674130617336915e-08,4.4151060163466515e-08
2012-11-02,4.585964960145762e-08,4.847554016465668e-08,4.909683058929821e-08
2012-11-05,6.816640818847305e-08,6.890707259521478e-08,7.131837867560957e-08
2012-11-06,8.989521635443055e-08,8.778448277673697e-08,7.334506756442496e-08
2012-11-07,1.7287644636991824e-07,1.691323083251204e-07,1.4763710417404086e-07
2012-11-08,6.746375315392292e-08,6.43958444984333e-08,7.090274304288749e-08
2012-11-09,1.8998699307353145e-08,2.4030144824937603e-08,2.6894963073910664e-08
2012-11-12,8.416183792196318e-08,8.616921192918812e-08,7.598462100222438e-08
2012-11-13,5.72967925639312e-08,5.500378822241581e-08,6.233018466527762e-08
2012-11-14,3.876826202684721e-08,3.754223634174991e-08,3.408470449031077e-08
2012-11-15,2.1122122065419972e-08,2.190036333418478e-08,2.47068253459568e-08
2012-11-16,1.2062400895187793e-06,1.1663425565197396e-06,1.1752803990822682e-06
2012-11-19,5.110248391737974e-08,5.84365913335176e-08,5.4318751547513774e-08
2012-11-20,5.2866819052563316e-08,4.244218501136286e-08,4.647153071866917e-08
2012-11-21,1.9819333104520617e-08,2.463086073978794e-08,2.568082344681686e-08
2012-11-22,3.622100646144868e-08,4.207047410392029e-08,4.642828962199889e-08
2012-11-23,1.6236960107089885e-08,1.9434805322754535e-08,2.3321144099706753e-08
2012-11-26,2.45887934713809e-07,2.2842428852227365e-07,2.224201436781932e-07
2012-11-27,1.59547607290049e-08,2.3051924435855275e-08,2.8348015611651244e-08
2012-11-28,2.1880525454888606e-07,1.9798182841769817e-07,1.90727239501214e-07
2012-11-29,1.6088051693134973e-08,2.101128670322879e-08,2.5254460664697826e-08
2012-11-30,2.962937531582796e-07,2.593463188712659e-07,2.450298366809408e-07
2012-12-03,2.0488400659357858e-07,1.640788390913293e-07,1.5232243433979808e-07
2012-12-04,2.8436342379480356e-08,2.6388938388428834e-08,2.263871545055138e-08
2012-12-05,1.4067865859650897e-07,1.0319302374245538e-07,9.68695105008347e-08
2012-12-06,4.788530596644279e-08,5.5495860685568295e-08,6.111159087000355e-08
2012-12-07,4.704570429683284e-08,3.328261331607689e-08,3.057418935124902e-08
2012-12-10,1.7034411277455658e-08,2.5222962574281987e-08,3.008134508782158e-08
2012-12-11,7.672054163933366e-08,7.508021566089105e-08,6.821987207704308e-08
2012-12-12,1.2370851396549038e-08,1.800702342668755e-08,2.0698466549303163e-08
2012-12-13,5.706315823526725e-08,4.4630472155479536e-08,4.1663171007835656e-08
2012-12-14,1.968847780765112e-08,2.2309847805526464e-08,2.2934282074165456e-08
2012-12-17,2.2161808383447493e-08,2.1468374845591943e-08,2.3439896881964715e-08
2012-12-18,1.489820893042946e-07,1.1892325991742674e-07,1.1316997789011132e-07
2012-12-19,6.624759488990344e-08,4.257853552059278e-08,3.7128466474182374e-08
2012-12-20,3.9286374353327755e-08,3.419857646403647e-08,3.211436988384568e-08
2012-12-21,9.498017056420003e-08,9.094634007148649e-08,9.445129349313482e-08
2012-12-24,1.4604692492743882e-07,1.308981978377962e-07,1.3096987691694081e-07
2012-12-25,2.256308769152925e-08,2.364047838037667e-08,2.4847957922527483e-08
2012-12-26,5.957671554051966e-07,5.56099737061135e-07,5.377442042891266e-07
2012-12-27,1.692347233455787e-07,1.429961949359279e-07,1.319066004268055e-07
2012-12-28,1.5460342600105182e-08,2.7052351650347118e-08,3.2854846468604047e-08
2012-12-31,7.839464592101224e-08,6.680688001245946e-08,5.797321131233305e-08
2013-01-01,1.8211706395610793e-07,1.6415574952375842e-07,1.439359268922076e-07
2013-01-02,1.3571532672827313e-08,2.5761311500793643e-08,3.463438914661565e-08
2013-01-03,3.3799160506963706e-08,3.23845926118348e-08,3.247673088426072e-08
2013-01-04,3.295165708551509e-08,4.102420143699683e-08,4.76585001155391e-08
2013-01-07,1.8054950797318624e-08,2.4271310505957193e-08,3.0072721655945273e-08
2013-01-08,1.4095449266743838e-08,2.0865216697507635e-08,2.5643871649756793e-08
2013-01-09,1.5514410736188235e-08,1.610678736001012e-08,1.7008378641707873e-08
2013-01-10,2.1268399547101817e-07,2.041633582042256e-07,2.0710678660801583e-07
2013-01-11,1.4134852447206254e-08,1.5623391679979292e-08,2.0224133810688172e-08
2013-01-14,6.987133907379309e-08,7.225620955360529e-08,7.070808809024392e-08
2013-01-15,5.78948536509985e-08,6.004279892411715e-08,5.78737946245268e-08
2013-01-16,3.36902203612892e-08,3.075055496026773e-08,3.013835413749048e-08
2013-01-17,4.751423317060043e-08,4.7861036309834024e-08,4.600580917131645e-08
2013-01-18,1.1101743221784031e-08,1.2676935310313009e-08,1.506094764969848e-08
2013-01-21,1.8046404217598588e-07,1.6833940893542532e-07,1.5650951064339772e-07
2013-01-22,4.918765549700034e-08,5.083735828916038e-08,4.8584607320441046e-08
2013-01-23,4.863980868943702e-08,5.2029601033250125e-08,4.960600578140503e-08
2013-01-24,9.220103519886955e-08,9.278583968643392e-08,9.260107310590183e-08
2013-01-25,3.027953358237002e-08,2.6573942477668407e-08,2.433288398673122e-08
2013-01-28,1.3775532473651439e-08,1.415476801953461e-08,1.5421167964996632e-08
2013-01-29,1.3203369744893996e-08,1.2784387363919813e-08,1.265235217675385e-08
2013-01-30,3.930492370516277e-08,3.897427386023934e-08,3.694052339254115e-08
2013-01-31,1.3964262134638346e-07,1.3427092972278217e-07,1.2061072680698328e-07
2013-02-01,1.9881911316066499e-07,1.8681059306658976e-07,1.6949044334876723e-07
2013-02-04,1.5554524408147675e-07,1.490403778597268e-07,1.3867761744025435e-07
2013-02-05,1.6911328799482626e-08,1.979049803993758e-08,2.0890338453565082e-08
2013-02-06,7.443852724459219e-08,6.897250001434443e-08,6.377412939390344e-08
2013-02-07,7.300268581715562e-08,7.410338648454506e-08,7.40215970551054e-08
2013-02-08,8.038625986103959e-08,7.74909952264454e-08,7.396943836074587e-08
2013-02-11,1.761351072157568e-08,1.8998807513237e-08,1.49897782511565e-08
2013-02-12,5.881576725144471e-08,6.041297626161866e-08,6.800088663439477e-08
2013-02-13,4.5918975353865673e-08,4.470044917824493e-08,4.055211969001273e-08
2013-02-14,3.754783090387407e-08,4.000643842503975e-08,4.20608321131642e-08
2013-02-15,1.0706937778267453e-07,9.86887181693636e-08,9.12516069504135e-08
2013-02-18,7.007564775849495e-08,6.784474407278528e-08,6.584604668073222e-08
2013-02-19,3.010120622504114e-07,3.022826373978987e-07,3.046757870288349e-07
2013-02-20,7.974345113587217e-08,8.089484784887076e-08,7.610332798753266e-08
2013-02-21,7.158132232774605e-08,6.971275490785826e-08,6.288109916983318e-08
2013-02-22,1.512594094334158e-07,1.344998692843475e-07,1.2500839543534564e-07
2013-02-25,9.953781488881048e-08,9.805174941663657e-08,1.0268050691923119e-07
2013-02-26,3.9519872000345535e-08,3.767043608106652e-08,4.10335815668157e-08
2013-02-27,4.633731214370434e-08,4.366046594072508e-08,4.162051568811322e-08
2013-02-28,1.1901784016887326e-08,1.6036785280643063e-08,1.9960923132939542e-08
2013-03-01,4.161209397623353e-08,3.291921481954559e-08,2.9480211028002735e-08
2013-03-04,1.3783356812736272e-06,1.3327353586821714e-06,1.2954441423400422e-06
2013-03-05,2.1835558642639363e-08,2.7656921220648544e-08,3.8002731073247396e-08
2013-03-06,1.7110968854091265e-07,1.368920090154455e-07,1.13984737173727e-07
2013-03-07,2.035437080150134e-08,2.7852677776410597e-08,3.4905493995160854e-08
2013-03-08,8.56616892214791e-08,7.719616746869804e-08,7.444982461962374e-08
2013-03-11,2.5131216091465593e-08,3.246281164265033e-08,3.9075878759014484e-08
2013-03-12,1.7993005502169547e-08,1.5152638225540327e-08,1.5343579065846786e-08
2013-03-13,1.4455243614258371e-08,1.952340307007773e-08,2.73081097540441e-08
2013-03-14,2.4646500543786548e-08,2.6912742833341604e-08,3.160541803643746e-08
2013-03-15,3.650049685173338e-08,3.770435365508049e-08,3.763800508494168e-08
2013-03-18,2.224148283867724e-07,2.0626272635226246e-07,1.9113061622227585e-07
2013-03-19,2.114410240115554e-08,2.6017451263652338e-08,3.076442398257781e-08
2013-03-20,4.1432026874734893e-08,4.311304827706417e-08,4.768922018385376e-08
2013-03-21,1.8755461708263783e-07,1.7567036641301188e-07,1.575462741267723e-07
2013-03-22,7.746561055173175e-08,6.90868861174815e-08,5.901762697802101e-08
2013-03-25,1.4449832032161373e-08,1.4953198244235272e-08,1.7972092438476955e-08
2013-03-26,1.4119424235975157e-08,1.573420342236531e-08,2.125715193136231e-08
2013-03-27,1.5751876558941376e-08,1.6476825728818795e-08,1.8584794948295727e-08
2013-03-28,1.2018951873262772e-07,1.1095290980912337e-07,1.038405195056471e-07
2013-03-29,1.8508883432909787e-08,1.7207486769854646e-08,1.99722254360198e-08
2013-04-01,2.3644134152065396e-08,2.2698836245589147e-08,2.4324513352271697e-08
2013-04-02,1.1520901845602086e-08,1.2070929178006027e-08,1.5924769529830703e-08
2013-04-03,8.94664667469793e-07,8.805365244696932e-07,8.459196341342414e-07
2013-04-04,2.36004529006816e-08,2.6494562155003012e-08,2.9115044052380237e-08
2013-04-05,2.4412592307429077e-08,2.7509435241189308e-08,3.591341545990159e-08
2013-04-08,5.112193993019541e-08,4.552756490731491e-08,4.4529916434830745e-08
2013-04-09,1.7103728153357505e-07,1.5547514923700373e-07,1.3697423623968187e-07
2013-04-10,3.4045203591287317e-07,3.089207101870696e-07,2.707777311498316e-07
2013-04-11,8.226734165852816e-08,6.612035156825532e-08,6.182640022735986e-08
2013-04-12,9.974636848940354e-08,8.696501454458266e-08,7.903135043977796e-08
2013-04-15,2.940415591029283e-07,2.696400418080672e-07,2.536795151585847e-07
2013-04-16,1.9154976542262308e-08,2.991489591578852e-08,4.59398149679231e-08
2013-04-17,2.530264016646366e-08,3.376709603458282e-08,4.433896810756958e-08
2013-04-18,1.8703383937807826e-08,2.5765568340809694e-08,3.489524455372808e-08
2013-04-19,3.2606643285588194e-08,3.464396303710496e-08,3.8269027188466024e-08
2013-04-22,3.153983725820286e-08,3.329305210780412e-08,3.582168699025532e-08
2013-04-23,5.184579746284169e-08,5.428681465362821e-08,6.061574448785061e-08
2013-04-24,1.216982216498368e-08,1.492439001963112e-08,2.0494115439817565e-08
2013-04-25,2.2110859930653777e-08,2.1623282625224497e-08,2.5502326013174016e-08
2013-04-26,2.4049328922828755e-08,2.4556132387214062e-08,2.7698016354536423e-08
2013-04-29,2.2024178247878885e-08,2.022191284214922e-08,2.4023352261652235e-08
2013-04-30,9.519197616073575e-08,9.84887749132574e-08,9.921736120333965e-08
2013-05-01,7.45848171177831e-09,8.007528647501354e-09,9.976983430401535e-09
2013-05-02,1.57452483596771e-08,1.415733350877169e-08,1.6930609465037687e-08
2013-05-03,6.745155809505716e-08,6.537121160113593e-08,6.166802407253002e-08
2013-05-06,2.249928231372276e-08,2.1014305982059955e-08,2.2635918047927274e-08
2013-05-07,2.6323164336743285e-08,2.4912533675205057e-08,2.58173259940113e-08
2013-05-08,6.674150845665155e-08,6.323995484073492e-08,6.167804068248748e-08
2013-05-09,1.4482911135723918e-08,1.2526541386236507e-08,1.3968207675335795e-08
2013-05-10,4.940079852822617e-08,5.5683734768837895e-08,5.538444208400943e-08
2013-05-13,1.3817791840327157e-08,1.1206380263776217e-08,1.2286586815510484e-08
2013-05-14,8.88066532151219e-08,8.577070193312533e-08,8.087000273666592e-08
2013-05-15,6.371162401481663e-08,5.7944029327876804e-08,5.239778082400566e-08
2013-05-16,5.472614878621698e-07,5.370463097876285e-07,5.207407149230716e-07
2013-05-17,8.89636835841398e-08,9.583070318156413e-08,9.700679376176415e-08
2013-05-20,1.677502090161796e-07,1.6121100783946283e-07,1.548927341716603e-07
2013-05-21,2.859714008089655e-08,2.8021596779528e-08,3.190748219823406e-08
2013-05-22,3.2515604756016436e-08,2.9994512245821774e-08,2.9575040835113206e-08
2013-05-23,2.284176662051188e-08,2.1816549435120403e-08,2.248564730836556e-08
2013-05-24,3.844934214015792e-08,4.164741064214601e-08,4.6921724235987634e-08
2013-05-27,6.56261874530866e-08,6.310235668355043e-08,5.839344150276283e-08
2013-05-28,3.627654860142339e-08,3.760308750467854e-08,4.2179146425440824e-08
2013-05-29,1.9031168856929248e-08,1.9796216777862635e-08,2.300323412480228e-08
2013-05-30,1.2611514369855536e-08,1.3372252990929912e-08,1.6170481953299722e-08
2013-05-31,1.6444448376883785e-07,1.691721420421107e-07,1.6472171024977304e-07
2013-06-03,1.1615819710030986e-08,1.395653874898138e-08,1.7871955109791605e-08
2013-06-04,7.644203144988073e-08,7.455779678279205e-08,7.30951578644212e-08
2013-06-05,2.8915451321217975e-08,2.928546446442905e-08,2.900868467077626e-08
2013-06-06,8.919972775240049e-08,8.962021986099272e-08,8.921891117512349e-08
2013-06-07,1.8992634159243975e-07,1.8329613060760733e-07,1.7469451356858283e-07
2013-06-10,1.4387302798253286e-08,1.8265377802686567e-08,2.2185192378134246e-08
2013-06-11,2.3837945689800803e-08,2.4471271403981394e-08,2.751098746071903e-08
2013-06-12,3.074117331865985e-08,2.983020359226463e-08,3.169464763402008e-08
2013-06-13,6.86931167299611e-07,6.962180533678811e-07,6.819651978529933e-07
2013-06-14,1.5991578908327398e-08,2.1546250998138033e-08,2.875323403064331e-08
2013-06-17,1.1991582719949292e-07,1.2010297450701093e-07,1.2347432369037854e-07
2013-06-18,3.055872789419971e-08,3.371970992057682e-08,3.760470634074226e-08
2013-06-19,2.670716869196425e-07,2.625115529821897e-07,2.524604015009638e-07
2013-06-20,3.786110868845985e-08,4.011433402683729e-08,3.7791738171455934e-08
2013-06-21,1.0114086346843123e-07,9.859382316379158e-08,9.69793529815797e-08
2013-06-24,1.4298472844796903e-08,1.8011449458343387e-08,2.1402479431465268e-08
2013-06-25,5.063260620533199e-08,5.3785232199447145e-08,5.3436073837076826e-08
2013-06-26,6.77354842408385e-08,6.999118470724766e-08,7.307482774831959e-08
2013-06-27,1.5546013504422652e-08,1.740493415842756e-08,1.7912245356347883e-08
2013-06-28,3.0768368747422316e-08,2.6001173335229665e-08,2.7984850781728385e-08
2013-07-01,4.1931286991800035e-08,4.142024597415486e-08,3.9154199450302284e-08
2013-07-02,2.3111701696291013e-08,2.1401181608829815e-08,2.226562142889543e-08
2013-07-03,2.2007901271426502e-08,2.3373068801240657e-08,2.404006145818073e-08
2013-07-04,2.605155133197495e-08,2.579097244801988e-08,2.6870311416708676e-08
2013-07-05,3.078109324699507e-08,3.031236309025641e-08,3.0358023438147615e-08
2013-07-08,3.6675222207411847e-08,3.72024261752524e-08,3.413986557477467e-08
2013-07-09,2.137454517482862e-08,1.9779175790277214e-08,1.992143031699814e-08
2013-07-10,2.463885993775625e-08,2.3311168044295224e-08,2.4187843921069732e-08
2013-07-11,7.647904586190274e-08,7.394781684297789e-08,7.027923132874088e-08
2013-07-12,3.688612548419863e-08,3.868652907120146e-08,3.685116350690293e-08
2013-07-15,3.807046699704869e-08,3.6237922486565945e-08,3.4167701796165256e-08
2013-07-16,1.8073164600883848e-08,1.549308606333112e-08,1.636239627576418e-08
2013-07-17,2.36384986609689e-08,2.1702066959631564e-08,2.1903198275466822e-08
2013-07-18,1.54388061060705e-08,1.359050547900214e-08,1.3710555576320853e-08
2013-07-19,2.3051930195659685e-08,2.0972897657489392e-08,2.0081352522881706e-08
2013-07-22,9.56301421118552e-09,8.832322344614674e-09,9.674086707357893e-09
2013-07-23,2.066320981869095e-08,2.0100946285514463e-08,1.9878388772023067e-08
2013-07-24,2.73595522382075e-08,2.364649566190617e-08,2.2405059269028166e-08
2013-07-25,2.111798622179051e-08,1.733713778753659e-08,1.703142923577661e-08
2013-07-26,1.8836105727262877e-08,2.041235287204235e-08,2.0378970343269224e-08
2013-07-29,1.7983139686648438e-08,1.7142318300534795e-08,1.7830883946128157e-08
2013-07-30,2.3345438823690558e-08,1.9315768251208162e-08,1.9146534143364942e-08
2013-07-31,2.5713302763511962e-08,2.5937142606780143e-08,2.5314053148160563e-08
2013-08-01,1.9266291767883583e-08,1.8448261643239836e-08,1.819766188146872e-08
2013-08-02,3.294389095337158e-08,3.006593334368459e-08,2.9314838813731036e-08
2013-08-05,3.584445008859831e-08,3.686722185893597e-08,3.5619804151487026e-08
2013-08-06,1.1141654791958032e-08,6.438691998550476e-09,6.8927775901067366e-09
2013-08-07,3.982622954296203e-08,4.37832300083461e-08,4.5587474005112647e-08
2013-08-08,3.4113948637555e-08,3.3017078394580566e-08,3.2794333872142464e-08
2013-08-09,3.435009544005369e-08,3.207914141583062e-08,3.247820586794181e-08
2013-08-12,1.653371752155952e-08,1.4101954744081289e-08,1.3793135508122723e-08
2013-08-13,1.7525841766714014e-08,1.3297140717559688e-08,1.3009778645468725e-08
2013-08-14,1.2160789764090766e-08,7.460024782694927e-09,7.515726025444383e-09
2013-08-15,1.5702607427994256e-08,1.062855011203551e-08,1.0423190642292864e-08
2013-08-16,4.9466246670432706e-08,4.6668584314401854e-08,4.5646532669313796e-08
2013-08-19,3.073259008791594e-08,3.2564715430658906e-08,3.204105762606632e-08
2013-08-20,3.552876166096827e-08,3.0680965152057694e-08,2.877641109629919e-08
2013-08-21,1.9317311025887812e-08,1.8716829295702213e-08,1.8733696232436405e-08
2013-08-22,5.019524086314353e-08,4.8807994917632377e-08,4.82849374406588e-08
2013-08-23,2.1541686065557042e-08,1.7200679354965597e-08,1.5666883342404542e-08
2013-08-26,3.6304165680901445e-08,3.3905043077966466e-08,3.3017321053126486e-08
2013-08-27,5.4522360106710176e-08,5.406437867898202e-08,5.305647205980544e-08
2013-08-28,2.0673465080392025e-08,1.674684701501059e-08,1.5998036325251573e-08
2013-08-29,5.1965643132529004e-08,5.079704333895914e-08,4.9066980007449104e-08
2013-08-30,4.012456708039993e-08,3.7627631233248584e-08,3.594833769283029e-08
2013-09-02,2.128103633694296e-08,1.7571376518487624e-08,1.5644405181300247e-08
2013-09-03,2.6758372493328244e-08,2.3143894064670702e-08,2.149021904039021e-08
2013-09-04,5.211481884990032e-08,5.0117670535395503e-08,4.9914790599715314e-08
2013-09-05,1.5476898324355336e-07,1.5084885557324814e-07,1.4796065913021963e-07
2013-09-06,2.0368203044054762e-08,1.6453960704584187e-08,1.529036816069262e-08
2013-09-09,2.4187791771164905e-08,2.4246833239349258e-08,2.4364736740484092e-08
2013-09-10,8.414281077193562e-08,8.399396832338919e-08,8.523279987374981e-08
2013-09-11,3.955220272449307e-08,3.608011143206626e-08,3.371939579453607e-08
2013-09-12,2.052760041263207e-07,2.0889577800517138e-07,2.1157035527833108e-07
2013-09-13,4.5495543591153213e-07,4.456295314165004e-07,4.397180388210058e-07
2013-09-16,6.623291997424124e-07,6.069989129816903e-07,5.788868679353685e-07
2013-09-17,1.455385510214401e-08,2.5401923980979842e-08,3.229929354796909e-08
2013-09-18,8.594538955514186e-08,8.15133348026645e-08,8.95762915367153e-08
2013-09-19,2.474170962100843e-08,2.8501217423814525e-08,3.147060794924146e-08
2013-09-20,2.3479880828623666e-08,2.561156021872196e-08,2.8973854175810127e-08
2013-09-23,1.1921705730546382e-07,1.0432206207532722e-07,9.686275625117821e-08
2013-09-24,8.867186270519546e-08,8.061563326134577e-08,7.502725390761742e-08
2013-09-25,3.396739155925644e-08,4.2607958071290746e-08,4.665051896778099e-08
2013-09-26,3.615326959756602e-08,4.28467293681257e-08,4.4435294326642005e-08
2013-09-27,3.0017872887880823e-08,2.4346069042435607e-08,2.2253801492482e-08
2013-09-30,2.8703262894612763e-08,2.5739443029606536e-08,2.5107883922117814e-08
2013-10-01,3.040984180735093e-07,3.015922657804558e-07,3.071173346095305e-07
2013-10-02,1.242720484100827e-07,1.0171707406753799e-07,9.209212869721326e-08
2013-10-03,8.316816858902696e-08,8.201066025565669e-08,7.807846153864957e-08
2013-10-04,2.483802949999871e-08,3.269431781432051e-08,3.583164259307146e-08
2013-10-07,8.098465743002771e-07,7.471874147620391e-07,7.249932910999479e-07
2013-10-08,1.8802339783774903e-08,3.4768530464512995e-08,4.129331038590343e-08
2013-10-09,4.277514840642864e-08,4.049358125010096e-08,4.18275917040615e-08
2013-10-10,3.2437410059849766e-08,4.05921854096302e-08,4.601250092753768e-08
2013-10-11,1.4951220736128012e-07,1.2552041979059918e-07,1.1466497782936013e-07
2013-10-14,3.9430569059018446e-08,4.681101872045072e-08,5.25272469533222e-08
2013-10-15,8.712327119406796e-07,8.07486261713891e-07,7.707393118688037e-07
2013-10-16,1.1789250480784756e-07,1.0270836440881049e-07,1.034537349812001e-07
2013-10-17,5.2698117513014287e-08,3.967787309243192e-08,3.475741490395134e-08
2013-10-18,6.632988928608028e-08,5.309986122694747e-08,4.932506564103877e-08
2013-10-21,6.348447484581237e-08,7.328372533743138e-08,8.015178524611567e-08
2013-10-22,2.411825970592326e-08,3.386332324968068e-08,4.167110300974016e-08
2013-10-23,1.9280507079366855e-07,1.7234100525747013e-07,1.6414460726864182e-07
2013-10-24,1.7423656587749562e-07,1.7468764358507081e-07,1.8384437291911936e-07
2013-10-25,7.383933659408972e-07,6.797270763838442e-07,6.578632780709039e-07
2013-10-28,3.4789318920307594e-08,4.03899790735791e-08,4.244939971728083e-08
2013-10-29,3.982437473026309e-08,5.4365123518751525e-08,6.185582849056586e-08
2013-10-30,3.102874817518869e-08,4.489937412099986e-08,5.1855159518314215e-08
2013-10-31,1.3174935651916462e-08,2.3301910351906184e-08,2.88553228015836e-08
2013-11-01,1.473456846658204e-07,1.4069710352762665e-07,1.3537373499974078e-07
2013-11-04,5.106341177477683e-08,5.4168701269445615e-08,5.8569395091428594e-08
2013-11-05,9.920557486162734e-09,1.6885529906343913e-08,2.161215894580116e-08
2013-11-06,6.558522862965837e-08,6.048143331375597e-08,5.641592144016977e-08
2013-11-07,1.4707648575632332e-08,1.8942250143270632e-08,2.07331198292763e-08
2013-11-08,8.045143030558714e-08,7.716118474045965e-08,7.447774733074667e-08
2013-11-11,5.543009163806876e-08,5.9581767535913946e-08,6.071513909739559e-08
2013-11-12,5.0915330608471487e-08,5.1596191456897737e-08,5.3764921455880785e-08
2013-11-13,2.4228516841078173e-08,2.2932373206030927e-08,2.2202542153424246e-08
2013-11-14,4.047988811466192e-08,4.158597253895051e-08,4.337897073519063e-08
2013-11-15,2.0536804713256505e-08,2.2056234015723252e-08,2.258819570804782e-08
2013-11-18,1.385668518214701e-07,1.3621393053760457e-07,1.3118643067331927e-07
2013-11-19,2.5258846891559062e-08,2.5396560396493626e-08,2.46716412688826e-08
2013-11-20,2.7209774243282547e-08,2.8424689084785094e-08,2.8889558677208166e-08
2013-11-21,2.3920325167697472e-08,2.4613136665070028e-08,2.3759334436217523e-08
2013-11-22,1.360156512672134e-07,1.3348202613335805e-07,1.3290803576491232e-07
2013-11-25,1.2613914578931447e-08,1.3651829822331237e-08,1.4871439399048619e-08
2013-11-26,5.286522035801982e-08,4.844798628247938e-08,4.290159459451034e-08
2013-11-27,4.2196101702154875e-08,4.4384408488300505e-08,4.620696705186378e-08
2013-11-28,2.16325269412336e-08,2.0156719942288813e-08,1.9238261283957936e-08
2013-11-29,6.415988300072358e-08,6.299559102588132e-08,5.857647227388135e-08
2013-12-02,4.2644084255844225e-08,4.0126862772976964e-08,3.912999083879269e-08
2013-12-03,1.3278890363390329e-08,1.3289174813562209e-08,1.488855009447479e-08
2013-12-04,1.695502433278033e-07,1.6261812711178857e-07,1.5594006202273557e-07
2013-12-05,7.292927659746451e-08,7.473295914996355e-08,6.977965225724003e-08
2013-12-06,4.254232841261253e-08,4.2862322284531265e-08,4.583470595092508e-08
2013-12-09,8.832912149973669e-08,8.490559309692014e-08,8.493601290822535e-08
2013-12-10,2.7998664456545713e-07,2.7639068967533356e-07,2.801877572636534e-07
2013-12-11,2.30066857439583e-07,2.1731481000098146e-07,2.0553458213949363e-07
2013-12-12,6.970022653333504e-08,7.477149775591566e-08,7.900096043837037e-08
2013-12-13,1.92158251322902e-07,1.768612303645203e-07,1.6474241631615654e-07
2013-12-16,4.501621342386172e-08,3.9559192920829236e-08,3.615802770859075e-08
2013-12-17,2.7933107272166708e-08,3.449400422119838e-08,3.657911101941909e-08
2013-12-18,4.242064208763831e-07,3.863022059072239e-07,3.759763054047402e-07
2013-12-19,1.037036553925471e-06,9.411286469577618e-07,9.107143930900447e-07
2013-12-20,6.252439218107004e-07,5.327696231004488e-07,5.023866092517137e-07
2013-12-23,1.0321435985012568e-07,8.167701579372256e-08,7.144803177254271e-08
2013-12-24,2.593420753080306e-06,2.3022306384265333e-06,2.174212753914994e-06
2013-12-25,1.327127070098985e-07,8.437289036950553e-08,8.135037338705857e-08
2013-12-26,8.759698693333548e-08,1.3464427858948392e-07,1.7078768081498528e-07
2013-12-27,9.625873785547203e-08,9.740079849645213e-08,9.594918277178007e-08
2013-12-30,1.06482867149572e-07,1.1494758353634362e-07,1.2555424424397368e-07
2013-12-31,2.7079597990455007e-08,5.9030959655621154e-08,8.731480623399572e-08
2014-01-01,1.7796139105263156e-07,1.9946671515968214e-07,2.2185254256011036e-07
2014-01-02,2.133747135911812e-08,4.498914257293165e-08,6.16800307641126e-08
2014-01-03,3.642913664959001e-08,3.674041176734329e-08,4.1028942628619167e-08
2014-01-06,4.514013446872038e-08,4.7637819837169836e-08,5.289340209556505e-08
2014-01-07,5.679446235370524e-07,4.958195128477926e-07,4.6720921181614235e-07
2014-01-08,1.1996351212177063e-07,1.1320968367872006e-07,1.0870842174249276e-07
2014-01-09,1.2555723012496458e-07,9.03287863409722e-08,7.223203272649396e-08
2014-01-10,3.85258110066267e-08,5.4921543387496335e-08,6.766636919065321e-08
2014-01-13,1.9900316124760052e-07,1.843024595856847e-07,1.7923786199386431e-07
2014-01-14,5.925758292057128e-08,6.143900698616332e-08,6.347501377030431e-08
2014-01-15,6.453267022549121e-07,5.465460187378994e-07,4.98217153167731e-07
2014-01-16,1.7449367726820734e-07,1.3863570105724712e-07,1.3925901419128282e-07
2014-01-17,5.156326323094821e-08,6.441490750190064e-08,8.1801323662215e-08
2014-01-20,1.0709924832742144e-07,6.527502795328919e-08,6.092820275153634e-08
2014-01-21,3.938696920636638e-07,3.391829604144172e-07,3.1305696063805346e-07
2014-01-22,4.2559778005779517e-07,3.5217030660788665e-07,3.057005669962408e-07
2014-01-23,7.121785892294977e-08,6.161344612144477e-08,6.080031004069411e-08
2014-01-24,2.8483647783137244e-08,5.316617776317868e-08,7.234191378393491e-08
2014-01-27,8.105439879610857e-08,8.294533027472422e-08,8.910721553427496e-08
2014-01-28,4.563604902205506e-07,3.7127950789864413e-07,3.3001547655629184e-07
2014-01-29,4.1799892805435486e-08,6.189567872547173e-08,8.195582230749e-08
2014-01-30,1.249530855211733e-06,1.0808936000264217e-06,9.978602584834911e-07
2014-01-31,7.14447686374428e-08,7.579359749977411e-08,8.637227833949258e-08
2014-02-03,1.817545674787502e-06,1.5417920417549715e-06,1.4048822448865062e-06
2014-02-04,3.3830603724754155e-07,2.8882356064014283e-07,2.920690774258609e-07
2014-02-05,4.058239379263904e-07,3.0984159863619776e-07,2.607421120668084e-07
2014-02-06,8.58210243972125e-07,7.076313461450641e-07,6.90730856800736e-07
2014-02-07,1.1060212941510135e-07,9.373404874271434e-08,9.5612981541326e-08
2014-02-10,8.167819867199262e-08,1.2005063607235014e-07,1.475012970358343e-07
2014-02-11,2.444873713264899e-07,2.6316593209828394e-07,2.777891676651455e-07
2014-02-12,2.6160686624556426e-07,1.9906811809647885e-07,1.915399960804595e-07
2014-02-13,1.5969949919481646e-07,1.5968013317490404e-07,1.7142141261379294e-07
2014-02-14,1.4479011303679215e-07,1.5333932271783183e-07,1.6068769419004875e-07
2014-02-17,5.211649720868402e-08,9.27565432241428e-08,1.1850854607221861e-07
2014-02-18,1.1621143526526824e-07,9.217755651053997e-08,9.835728788084365e-08
2014-02-19,3.1314882515015965e-08,4.085022995037121e-08,5.5985937780445754e-08
2014-02-20,6.793376789033113e-08,9.888582301052406e-08,1.1596562327721365e-07
2014-02-21,1.2643369121976567e-08,3.346321689722244e-08,4.304166610910837e-08
2014-02-24,2.3708354162030947e-08,4.4696064561900706e-08,5.291123310706031e-08
2014-02-25,2.187169649209423e-07,1.7530880319113325e-07,1.6361265243068524e-07
2014-02-26,5.05915466228999e-08,6.617414618359317e-08,7.73753153780262e-08
2014-02-27,4.159953480862392e-08,5.8127769396929875e-08,6.82655078593359e-08
2014-02-28,2.0138624382830846e-08,3.252566396995417e-08,3.8253539812686266e-08
2014-03-03,2.2367617398451362e-08,2.390880940780597e-08,2.5534516441207307e-08
2014-03-04,4.530341666617973e-07,4.059652762475382e-07,3.854677905702567e-07
2014-03-05,3.598711778591754e-08,3.4352897801949195e-08,3.604810681501351e-08
2014-03-06,6.271938348577402e-07,5.411357394504115e-07,5.003302872336884e-07
2014-03-07,1.5137644530201314e-08,3.6002526844460974e-08,4.8821989087266647e-08
2014-03-10,2.9626264550581724e-08,4.197951222543132e-08,5.150969646212338e-08
2014-03-11,2.90208773454022e-08,2.060184106733229e-08,2.2041737475811396e-08
2014-03-12,6.181464631287126e-08,5.070946106410074e-08,4.4696759983636034e-08
2014-03-13,5.068514794099755e-08,6.339764151904644e-08,6.968181927481225e-08
2014-03-14,7.630508146150517e-08,7.613888936824707e-08,7.736977688172955e-08
2014-03-17,3.545263602490496e-08,2.9186120823132152e-08,3.037809455660002e-08
2014-03-18,3.4658026196962034e-07,3.1216407991164603e-07,2.9749876654852915e-07
2014-03-19,4.9916277199040706e-08,4.109975312165983e-08,3.6736708428486975e-08
2014-03-20,2.0071411809768625e-06,1.8355735865897793e-06,1.766008112414028e-06
2014-03-21,7.700295929860156e-07,6.071570347733979e-07,5.656874577251934e-07
2014-03-24,5.334575433175921e-07,3.818277656261179e-07,3.2840505923085257e-07
2014-03-25,2.3065914728845644e-07,1.3176167952255033e-07,1.0161072410870865e-07
2014-03-26,9.301566632898773e-08,9.435765641281498e-08,9.868119422443106e-08
2014-03-27,1.765535306842826e-08,6.868308158876996e-08,9.766081170515771e-08
2014-03-28,3.6315872885635155e-08,7.298344656299484e-08,1.0262392060728671e-07
2014-03-31,8.058085709154238e-08,9.988393103278306e-08,1.0813794399434106e-07
2014-04-01,3.283774886024898e-08,4.4111907402094466e-08,5.206921198741099e-08
2014-04-02,3.6830940635944013e-08,3.3338574112072076e-08,4.3531645814595554e-08
2014-04-03,2.7705648954104748e-08,3.243524345644194e-08,3.4773341721866944e-08
2014-04-04,8.507825003387027e-07,7.289080694672007e-07,6.722132831319425e-07
2014-04-07,3.400653588564863e-08,5.3734723449358435e-08,5.853521588449875e-08
2014-04-08,5.4069600017641524e-08,4.869969898096588e-08,4.203448240155365e-08
2014-04-09,2.9445565782907462e-08,4.74442899370655e-08,6.2343352328071e-08
2014-04-10,2.3793062883814288e-08,3.3531538222373145e-08,4.329871035353953e-08
2014-04-11,4.6760947313383255e-08,5.202861941344834e-08,5.530510516497114e-08
2014-04-14,5.6386221391263173e-08,6.38156557589234e-08,7.28367347021077e-08
2014-04-15,1.85997091323548e-07,1.6160516545222355e-07,1.5757098619592532e-07
2014-04-16,7.487018857155558e-07,6.441622440070567e-07,5.966056260535112e-07
2014-04-17,4.0172247816280225e-08,3.893115073915126e-08,4.8141684636806014e-08
2014-04-18,2.6189253900894795e-08,4.7225057437899116e-08,5.781284584021336e-08
2014-04-21,2.7560102681823303e-08,4.4958719243186804e-08,5.492294693115212e-08
2014-04-22,9.005234903631234e-08,1.0167279429655046e-07,1.0337900593876546e-07
2014-04-23,1.557614564728615e-08,2.3336662617879093e-08,2.6799133481108633e-08
2014-04-24,4.1591475565181504e-08,4.848314234575247e-08,5.5195355112962084e-08
2014-04-25,3.4952467388568755e-08,4.264032421471166e-08,4.5356525737235234e-08
2014-04-28,1.1331168698437022e-07,9.774124339794972e-08,1.0405755362568242e-07
2014-04-29,2.9161977707102882e-08,3.223254991311854e-08,3.65363567954706e-08
2014-04-30,1.784429216941897e-07,1.6322051433929182e-07,1.5670886216937237e-07
2014-05-01,2.278006945484425e-08,2.987935297414927e-08,3.4768246050692774e-08
2014-05-02,4.015542816805981e-08,4.238750914566828e-08,4.796828573682224e-08
2014-05-05,4.980917507657721e-08,5.0327215712218955e-08,4.842171522049076e-08
2014-05-06,6.199293741824593e-08,6.407638585616145e-08,7.029006552161234e-08
2014-05-07,6.318388374754795e-08,5.98671278115162e-08,5.421974311383175e-08
2014-05-08,3.5389115453167475e-07,3.3686035782718346e-07,3.3815236290360806e-07
2014-05-09,4.611712443101376e-08,4.764643133274184e-08,4.4181408337824e-08
2014-05-12,3.249269903788377e-08,3.2400252663727745e-08,2.9766291330002746e-08
2014-05-13,2.262813180615054e-07,2.087350271675477e-07,1.9777936641062566e-07
2014-05-14,8.382711803477968e-08,7.238699274764744e-08,6.57620305059092e-08
2014-05-15,4.1961063910098605e-08,4.155566248061368e-08,4.4083680624033885e-08
2014-05-16,4.220899209388479e-08,5.0354235838450764e-08,5.4655171254675114e-08
2014-05-19,1.0285308603532652e-07,9.417762124411411e-08,8.576259167789828e-08
2014-05-20,1.5307353023484838e-08,2.306746059816759e-08,2.7243471054785766e-08
2014-05-21,8.590972363793086e-07,8.118412981541837e-07,7.731668782526646e-07
2014-05-22,4.781459619139568e-07,4.113095983215235e-07,3.7328921339615597e-07
2014-05-23,3.2549371259322834e-08,3.912289328037515e-08,4.1053621221845545e-08
2014-05-26,1.9606894733690656e-07,1.5883575487433027e-07,1.4002263599464748e-07
2014-05-27,2.863401271866669e-08,4.8408569301695896e-08,6.315850529716303e-08
2014-05-28,2.5317037467495774e-07,1.9664926306229292e-07,1.677242563016924e-07
2014-05-29,8.029438312662168e-08,1.0323310120217834e-07,1.1496752588331413e-07
2014-05-30,1.1143888920284703e-07,1.030457285423046e-07,1.0832867852157506e-07
2014-06-02,3.883845610563268e-08,5.763670978895608e-08,6.965888381529613e-08
2014-06-03,4.229197147090905e-08,5.429743724434263e-08,6.3187638317634e-08
2014-06-04,4.532053327052331e-08,5.018362505637958e-08,5.5433600761370464e-08
2014-06-05,1.4107327800745605e-08,2.6237220439662592e-08,3.3142138766037365e-08
2014-06-06,2.6737412673281855e-08,3.365925196824872e-08,3.774387769444705e-08
2014-06-09,3.752512421707332e-08,4.2845149571758306e-08,4.5908447674604075e-08
2014-06-10,5.560991895615308e-08,5.4686195384655333e-08,5.057482077801167e-08
2014-06-11,4.4434470099106935e-08,3.941924715182506e-08,3.638228344355565e-08
2014-06-12,2.774170850515287e-07,2.542554032633729e-07,2.4995087217190806e-07
2014-06-13,3.617122269878397e-08,2.765012932346432e-08,3.039236175828682e-08
2014-06-16,1.3490121822425875e-08,2.2183606584207374e-08,2.605078993039605e-08
2014-06-17,2.4491259609780806e-08,3.1399919225658544e-08,3.5040285467788215e-08
2014-06-18,1.803506045039816e-08,2.4275733832761523e-08,2.6439944587271917e-08
2014-06-19,2.1533101156219604e-08,2.46220505092853e-08,2.7770913662591215e-08
2014-06-20,5.838176357255091e-07,5.584085897944206e-07,5.457814385515597e-07
2014-06-23,4.2570485182645823e-07,3.6571640294182784e-07,3.4173487361890064e-07
2014-06-24,2.0601671282528447e-08,3.657947125473935e-08,4.3249904871248265e-08
2014-06-25,4.596788136563516e-08,5.5122734239367485e-08,5.59708058023993e-08
2014-06-26,1.5857964975580597e-08,2.7422998143882125e-08,3.522888842019584e-08
2014-06-27,1.5030530211829324e-07,1.2448040040404007e-07,1.1714831458648994e-07
2014-06-30,3.504741075474711e-08,4.697336101346434e-08,5.5278737880768635e-08
2014-07-01,1.3917669720582968e-07,1.305738524993257e-07,1.1793378042743421e-07
2014-07-02,5.5239889439071285e-08,4.4738567250850374e-08,4.185759922081643e-08
2014-07-03,5.594444653499314e-08,6.626651996718936e-08,7.337797864118472e-08
2014-07-04,5.8193851964070024e-08,5.428041449339301e-08,5.887894513220641e-08
2014-07-07,6.011318576209358e-08,6.038633489218615e-08,5.990925503258065e-08
2014-07-08,8.081316911843752e-08,6.593079554891684e-08,6.628628184141908e-08
2014-07-09,3.97880591984556e-08,4.8670253469642906e-08,5.2811676564483514e-08
2014-07-10,6.277123225215655e-08,7.072127336526516e-08,7.40353360589668e-08
2014-07-11,3.2646415248459046e-08,2.8781228523944652e-08,3.0204718523621965e-08
2014-07-14,1.8398393580636986e-08,2.4191443812542868e-08,2.6304741781182118e-08
2014-07-15,1.7434521778314722e-08,2.0269324562500434e-08,2.2297241553089226e-08
2014-07-16,1.0437277797759078e-07,9.92029776861137e-08,8.99792513217761e-08
2014-07-17,1.8279007552889282e-08,2.1050482707964568e-08,2.4686975753238054e-08
2014-07-18,3.1449883800860056e-08,2.9840230377932544e-08,3.034747804654664e-08
2014-07-21,3.498654405642256e-08,3.076164628948092e-08,3.361542591602609e-08
2014-07-22,9.573926268356104e-07,9.300355893245254e-07,9.145484123641705e-07
2014-07-23,2.1017847917435183e-08,3.312743477847258e-08,3.9600326975296984e-08
2014-07-24,3.005622871994671e-08,3.7829097229827225e-08,3.897375524104674e-08
2014-07-25,3.0441894383180243e-08,3.464304820603325e-08,4.1589543302018584e-08
2014-07-28,1.93740294097485e-08,2.4690959071964408e-08,2.9459613035986644e-08
2014-07-29,3.43061643155486e-08,4.0088325492041786e-08,4.3700206141017804e-08
2014-07-30,5.5388552423580785e-08,5.805912737849461e-08,5.681251202915803e-08
2014-07-31,1.6591243904503892e-08,1.92621112118918e-08,2.115860902224098e-08
2014-08-01,5.718220858712722e-08,5.820715952003835e-08,6.09351822331554e-08
2014-08-04,1.4993995161026112e-08,1.559483611310211e-08,1.6696135457756394e-08
2014-08-05,1.0635266709276916e-07,1.0148970047753891e-07,9.61630383289741e-08
2014-08-06,4.6638955255427777e-07,4.4064947350704293e-07,4.375016411861677e-07
2014-08-07,1.9678501441143904e-08,2.43925957175949e-08,2.625354120582313e-08
2014-08-08,3.7210415814993764e-08,4.6430213816464155e-08,4.896197717542287e-08
2014-08-11,4.117523137038813e-08,4.5648818064517364e-08,4.589431124520804e-08
2014-08-12,2.3710011985153422e-07,2.1288449633843968e-07,2.1289179326797927e-07
2014-08-13,1.2942193989067577e-08,1.4305952542490477e-08,1.596733442279517e-08
2014-08-14,3.0168640791945023e-07,2.6241731761928135e-07,2.492184044694893e-07
2014-08-15,3.7830622263909845e-08,3.096610459406051e-08,3.093739261428026e-08
2014-08-18,1.8991858986581872e-07,1.5038389755638347e-07,1.4392073899209405e-07
2014-08-19,2.0690258686818834e-08,3.2116049468065675e-08,3.5340965323654145e-08
2014-08-20,1.6582002669139608e-06,1.4940218829031853e-06,1.4594921612056823e-06
2014-08-21,1.3122386291686903e-07,6.88259695951946e-08,6.376692305747834e-08
2014-08-22,1.2015202151502675e-06,9.793978157103912e-07,9.322011853727108e-07
2014-08-25,1.2895861599752602e-06,9.533928795138991e-07,8.722643573912862e-07
2014-08-26,9.00003915797395e-08,7.35831783240909e-08,9.691485401338813e-08
2014-08-27,4.267296834971355e-07,2.1611558577689873e-07,2.0869143380492806e-07
2014-08-28,1.7733282876104625e-08,1.1176061777188075e-07,1.4035837592903606e-07
2014-08-29,3.6398650190722215e-08,1.1247460275178403e-07,1.3499156285019232e-07
2014-09-01,7.368427076506504e-08,9.60235191332897e-08,1.1042366005807167e-07
2014-09-02,6.590217040742422e-08,7.822106597992127e-08,9.524525819471648e-08
2014-09-03,1.399471262448382e-08,4.604309774517859e-08,5.621528772482373e-08
2014-09-04,1.4310957738638622e-07,9.368932392244927e-08,8.921356655449872e-08
2014-09-05,6.91231587080586e-08,8.029635710533725e-08,8.20466001965927e-08
2014-09-08,1.2039088058227516e-06,9.38607626904167e-07,8.899655953863269e-07
2014-09-09,1.6387356132009976e-08,7.720682585751621e-08,9.52445926124477e-08
2014-09-10,4.467876793774697e-07,3.2805666589018876e-07,3.0064379005823305e-07
2014-09-11,9.12536785771381e-07,7.183941237321571e-07,6.54528701064215e-07
2014-09-12,2.3192294165023155e-08,6.17772276854746e-08,7.98797492207956e-08
2014-09-15,1.4526827304397415e-06,1.0691247231526288e-06,1.0074327543034124e-06
2014-09-16,1.1894712813892696e-07,7.251986368614541e-08,6.062413451830351e-08
2014-09-17,2.7145864949220486e-07,2.0013725843947857e-07,1.8337049231814056e-07
2014-09-18,6.64585890181546e-08,1.1895313919408533e-07,1.53465728892602e-07
2014-09-19,1.1838138958096596e-07,1.1684347316602722e-07,1.2640689808752018e-07
2014-09-22,4.672323063914788e-08,8.14704329869711e-08,8.669842448062916e-08
2014-09-23,6.597523647663148e-08,8.170159561495227e-08,9.945430111583827e-08
2014-09-24,1.6058696476010594e-08,4.593859588551165e-08,5.919519755808991e-08
2014-09-25,4.781508829946633e-07,3.966910506087668e-07,3.7585245270109644e-07
2014-09-26,4.994673242981537e-08,9.45257623855867e-08,1.1398160197224665e-07
2014-09-29,1.4289792060262075e-08,4.9323647261100754e-08,6.48257376567272e-08
2014-09-30,4.511669450659606e-08,7.695401669289366e-08,8.970033859851358e-08
2014-10-01,1.0126409921741151e-07,9.928976746406917e-08,1.1046085953240866e-07
2014-10-02,2.261708082994972e-08,3.296602847870347e-08,3.3729730142107464e-08
2014-10-03,1.860229957752187e-08,4.028859660024091e-08,4.9340027359781204e-08
2014-10-06,3.830481634624911e-08,5.6743419043183e-08,6.392643247749975e-08
2014-10-07,7.990487396589249e-08,5.75038212582301e-08,5.4016884732160234e-08
2014-10-08,4.675620913285167e-08,3.1228378145275e-08,2.8633280348931876e-08
2014-10-09,2.462021700709118e-08,3.8458249174285164e-08,4.293558459673538e-08
2014-10-10,1.845045895419916e-07,1.6732738256770563e-07,1.600671969200441e-07
2014-10-13,8.193337338843431e-08,9.491797192131591e-08,9.759119261119782e-08
2014-10-14,2.6631934522125712e-08,2.8114794819453135e-08,2.872105113149255e-08
2014-10-15,1.5173106630644747e-07,1.4778179364107584e-07,1.419750978002614e-07
2014-10-16,2.926412217419829e-08,3.122502228500637e-08,3.0731088549718084e-08
2014-10-17,8.360062723689197e-08,7.239170880321645e-08,6.857252269784504e-08
2014-10-20,6.039824401149708e-08,5.44896719690771e-08,5.112542695799225e-08
2014-10-21,2.628600816816726e-08,3.19486736021927e-08,3.2163740864298224e-08
2014-10-22,7.261771659072067e-08,7.495300576419945e-08,7.22752765274803e-08
2014-10-23,1.3296285457145455e-08,1.952741306918757e-08,2.257262687189785e-08
2014-10-24,5.117503580598921e-08,5.2127392039995486e-08,5.141156473730384e-08
2014-10-27,1.2203946319777373e-07,1.2044962250875327e-07,1.1872586772859902e-07
2014-10-28,2.100426578359845e-08,2.4482097483346313e-08,2.5535772316394663e-08
2014-10-29,3.0147425061017376e-07,2.784676133948408e-07,2.6363021851493153e-07
2014-10-30,7.471997022297623e-08,7.390150120433676e-08,7.065406692065948e-08
2014-10-31,1.9900826626438216e-08,2.565350731527085e-08,2.8162691971003174e-08
2014-11-03,1.4361717722925544e-07,1.266285540905721e-07,1.1579963725948304e-07
2014-11-04,2.5714861118841867e-08,3.269738888284696e-08,3.671181790425931e-08
2014-11-05,1.8035413442589964e-07,1.7178668995698252e-07,1.6148111276967345e-07
2014-11-06,4.664727003974659e-08,4.428917356588716e-08,4.465173616163094e-08
2014-11-07,1.626619104721708e-08,2.151259363892423e-08,2.5126587852534775e-08
2014-11-10,4.554195273618107e-08,5.074924921494674e-08,5.079513062027864e-08
2014-11-11,1.6876041822378493e-08,1.731150905032055e-08,2.018421060608637e-08
2014-11-12,6.636147087312625e-08,6.463929518338618e-08,6.38470846959534e-08
2014-11-13,3.7936038217529974e-08,3.9542329351835596e-08,4.0153800130429256e-08
2014-11-14,1.8966974590612255e-07,1.8220233747671804e-07,1.7915594871831768e-07
2014-11-17,4.679034635435337e-08,3.9868143052489215e-08,3.783516883064991e-08
2014-11-18,1.7996931108195687e-07,1.7774218417515697e-07,1.677524560377942e-07
2014-11-19,1.8591659434436023e-07,1.7591336411780176e-07,1.5894917535022854e-07
2014-11-20,3.664998866241022e-08,4.19087209007109e-08,4.630612777862589e-08
2014-11-21,2.6389482991379674e-08,3.452315149370987e-08,3.6771633449902005e-08
2014-11-24,1.6524549625282643e-08,1.9873530033282094e-08,2.0025317099744602e-08
2014-11-25,4.166681961463671e-08,4.397287624399434e-08,4.577727042171787e-08
2014-11-26,1.3918953335937726e-08,1.4962330820511073e-08,1.6213901299572578e-08
2014-11-27,2.4103789605539762e-08,2.2413821447985744e-08,2.2168098103967175e-08
2014-11-28,2.5413855407462796e-08,2.6649058961546426e-08,2.831427770119049e-08
2014-12-01,4.9904394374968537e-08,4.801496457630553e-08,4.8301871509273385e-08
2014-12-02,2.2020189754732497e-08,1.9389419609468512e-08,2.121540635041942e-08
2014-12-03,2.525544945730535e-08,2.1370811481127363e-08,2.0678796779005174e-08
2014-12-04,3.719659444273204e-08,3.565290464258101e-08,3.62909290342268e-08
2014-12-05,5.199639443540446e-08,5.794768687391928e-08,5.66012759413521e-08
2014-12-08,2.2667298534874704e-08,2.1383254289416132e-08,2.1406495300972752e-08
2014-12-09,2.6170697047921672e-08,2.341896691896422e-08,2.3444120360066516e-08
2014-12-10,3.841979132371652e-08,3.613813844242334e-08,3.445912868507446e-08
2014-12-11,2.0287363016348826e-08,1.73338870741863e-08,1.683565905699251e-08
2014-12-12,1.2619309752030493e-08,8.99365092645769e-09,8.465094330605632e-09
2014-12-15,3.9991917977543766e-08,3.6135068771112114e-08,3.2436098815720506e-08
2014-12-16,8.004716243759903e-08,7.50519713985288e-08,6.909282676302029e-08
2014-12-17,2.2875503445374397e-08,1.8713598176717637e-08,1.874175893145429e-08
2014-12-18,4.372121991556325e-08,4.154492827942563e-08,4.3540600655495906e-08
2014-12-19,4.905990684594384e-08,5.0500693186668044e-08,4.9383814252123805e-08
2014-12-22,2.8233506278845137e-08,2.574073087926245e-08,2.3326813667612854e-08
2014-12-23,1.293411435915263e-08,1.0048186039019673e-08,9.407602996311592e-09
2014-12-24,1.7017507556785546e-08,1.3242960234279811e-08,1.2882206104742374e-08
2014-12-25,2.2813302873723734e-08,1.9437316838432094e-08,1.87192808434962e-08
2014-12-26,1.83428935669875e-08,1.891064159476503e-08,2.143122763765721e-08
2014-12-29,3.396985991117229e-08,3.610925523253259e-08,3.734725056302557e-08
2014-12-30,1.8388711929523048e-08,1.394928788225379e-08,1.4229346612332989e-08
2014-12-31,9.234995944143359e-08,8.940329731146646e-08,8.502841410361118e-08
2015-01-01,1.3285405335920205e-08,1.0334831541899412e-08,9.314829079128434e-09
2015-01-02,4.019575689915929e-08,3.6318126249887566e-08,3.470294290319649e-08
2015-01-05,2.2231391089478153e-08,1.936885648863742e-08,2.182300513909628e-08
2015-01-06,1.892322044884256e-08,1.5281324094641655e-08,1.4248594083019461e-08
2015-01-07,5.56670743325109e-08,5.1354936749779005e-08,4.491759269302001e-08
2015-01-08,1.1152053894517102e-07,1.1606544013627434e-07,1.1403878689551539e-07
2015-01-09,2.6570211822707864e-07,2.571699817326512e-07,2.424519939743242e-07
2015-01-12,1.5440496033053294e-08,1.5571680114980923e-08,1.7822469497241698e-08
2015-01-13,6.98572782963232e-08,6.052993664039886e-08,5.591194902773174e-08
2015-01-14,1.3071910575862053e-08,1.1138000367653842e-08,1.0251574476767805e-08
2015-01-15,6.654700941879692e-08,6.606343625993078e-08,6.632993797283042e-08
2015-01-16,2.1277357909314503e-08,2.0235941144237946e-08,2.2180080832813428e-08
2015-01-19,7.036122093826038e-08,6.577307346180035e-08,6.195571190632344e-08
2015-01-20,1.9148456245903568e-08,1.597956133489796e-08,1.5949911275598784e-08
2015-01-21,5.2290620470955275e-08,5.335964050116582e-08,5.292592013881921e-08
2015-01-22,1.1252502862484965e-07,1.0317570983547627e-07,8.910728725854912e-08
2015-01-23,1.7445821141733473e-08,1.7665334045627567e-08,1.9155276504821158e-08
2015-01-26,2.1188035813483374e-08,1.9055440272128335e-08,1.8949438054542364e-08
2015-01-27,1.153057243356441e-07,1.0847056739351221e-07,9.382848245882903e-08
2015-01-28,1.954108253469333e-08,1.7257158179235607e-08,1.8328083877498592e-08
2015-01-29,2.077422044745689e-08,1.5776814495244894e-08,1.5243605344921253e-08
2015-01-30,4.7987175006830915e-08,4.2342518945123633e-08,3.8611539318691915e-08
2015-02-02,1.6987798578708813e-08,1.3212481917061423e-08,1.2701782141201827e-08
2015-02-03,3.333716902560531e-08,3.055913132155452e-08,3.204247606488306e-08
2015-02-04,8.538779301103004e-08,9.805848649282286e-08,1.0359523201071052e-07
2015-02-05,1.0298150578419996e-06,1.0153971670385223e-06,9.720265616120417e-07
2015-02-06,1.4990799603209498e-08,1.9806902236770966e-08,2.9097873427674234e-08
2015-02-09,3.059167339973179e-07,2.8665257029041053e-07,2.702245914944994e-07
2015-02-10,1.1160442171360536e-07,9.979036431708202e-08,1.0566939321983325e-07
2015-02-11,1.8221999023526015e-08,2.4648463933209244e-08,3.547654918118893e-08
2015-02-12,1.6661029075067533e-08,1.9475748636892237e-08,2.4991661447266008e-08
2015-02-13,1.1111428858094774e-07,9.841974705488596e-08,9.14335131536957e-08
2015-02-16,3.8156364580361147e-07,3.634080099201095e-07,3.356319366630844e-07
2015-02-17,2.0320824475824305e-07,1.7000198297405772e-07,1.4364480257374646e-07
2015-02-18,4.2062763237558375e-08,4.61056940609211e-08,5.0766990043399656e-08
2015-02-19,1.5637348295948006e-08,2.387580235612876e-08,3.7298541268978586e-08
2015-02-20,2.0211172415074567e-07,1.824128903244152e-07,1.6462426482776441e-07
2015-02-23,5.749941735940486e-08,5.427043090365955e-08,5.446574326125227e-08
2015-02-24,2.078002962877191e-08,2.7256378478244623e-08,3.7412997115219034e-08
2015-02-25,1.8727202373467525e-08,2.402885741926172e-08,3.2604872982039774e-08
2015-02-26,2.161991053296228e-08,2.4443241658885674e-08,3.219576990183705e-08
2015-02-27,5.978862647165469e-08,6.166600507014282e-08,6.718102680885173e-08
2015-03-02,7.77168907259717e-08,7.763250349329114e-08,8.20696568500856e-08
2015-03-03,5.75305617057818e-08,5.467625281902787e-08,5.6033288487282115e-08
2015-03-04,2.346855998345045e-08,2.4671182425774407e-08,2.810053957128694e-08
2015-03-05,4.361600124223447e-08,4.3415272361342524e-08,4.344449370759444e-08
2015-03-06,3.954351546445478e-08,3.896560403187532e-08,3.757057246785793e-08
2015-03-09,1.4486141805872195e-08,1.3262876599643108e-08,1.5393039174412233e-08
2015-03-10,9.817702821223533e-08,9.205263125325217e-08,7.943815903518921e-08
2015-03-11,1.1792619427657923e-07,1.1117396367560429e-07,1.0071489592619562e-07
2015-03-12,2.7891748018005467e-08,2.9036480975596455e-08,3.272062558410893e-08
2015-03-13,2.577823195631363e-08,2.2415969579305027e-08,2.531832124293459e-08
2015-03-16,2.1624674715802763e-08,2.0474040935782427e-08,1.934795344772081e-08
2015-03-17,1.5375046263183425e-08,1.2991869865779278e-08,1.5253984388424127e-08
2015-03-18,1.82300024923798e-07,1.8882443557146456e-07,1.784038163900282e-07
2015-03-19,2.8904267657610464e-08,2.7204104480118497e-08,3.0557184749298043e-08
2015-03-20,2.8382764448564165e-08,2.578244341744637e-08,2.788378444612959e-08
2015-03-23,3.993331629378739e-08,4.033607286894092e-08,4.042261450880468e-08
2015-03-24,3.404635686217624e-08,2.8119883866135753e-08,2.77154635735434e-08
2015-03-25,1.963294998488436e-08,1.6696099776021723e-08,1.8918481786240286e-08
2015-03-26,4.921807619929453e-08,4.1072608082173724e-08,3.7888452981797815e-08
2015-03-27,1.969213868111104e-08,1.7158468983650247e-08,1.659945214254042e-08
2015-03-30,3.309627745755828e-08,3.413239901504177e-08,3.620836145459614e-08
2015-03-31,1.6076525901109473e-08,1.4306337403713425e-08,1.5965970635172738e-08
2015-04-01,2.3029927390925903e-08,2.3263500833463243e-08,2.3820882288719952e-08
2015-04-02,1.905707894401748e-08,1.4243931378894094e-08,1.49890955979051e-08
2015-04-03,1.567054298400208e-08,1.6517437134979437e-08,1.71754834437932e-08
2015-04-06,1.1712994823139294e-08,6.5283692633401395e-09,7.811791636117556e-09
2015-04-07,2.6088662132583385e-08,2.2952837984767292e-08,2.092005102169836e-08
2015-04-08,1.922141239947198e-08,1.3048502369782555e-08,1.3203764880717199e-08
2015-04-09,1.0198649358177608e-08,7.077473799834014e-09,7.501064787814638e-09
2015-04-10,1.615342584479653e-08,9.551753564167677e-09,1.0067961286520199e-08
2015-04-13,1.2333599782137784e-08,1.158871629592651e-08,1.2434545824308826e-08
2015-04-14,1.9500863532606118e-08,1.4063313984441547e-08,1.4258035872557047e-08
2015-04-15,1.4592799626775295e-08,7.350918122580474e-09,7.65221787325597e-09
2015-04-16,4.146284926437047e-08,4.613511734500861e-08,4.6244354778131304e-08
2015-04-17,1.9364989994301932e-08,1.321061478836145e-08,1.3196298156744122e-08
2015-04-20,1.3342881372139847e-08,6.4633977306996114e-09,7.025772625688231e-09
2015-04-21,9.163683554645134e-08,1.0357620449825243e-07,1.0101355481409834e-07
2015-04-22,4.379608123835199e-08,4.4347337876854646e-08,4.1208312695239496e-08
2015-04-23,2.7959263943174747e-08,2.6520167863625246e-08,2.632389551847046e-08
2015-04-24,2.0676277154921148e-07,2.1990844500992364e-07,2.1265297616950536e-07
2015-04-27,1.687866003033272e-08,1.3713186050392053e-08,1.6319560761558613e-08
2015-04-28,4.982969112260551e-08,5.014598723997938e-08,5.109821221712802e-08
2015-04-29,2.634664316604884e-08,2.2243280705691093e-08,2.3936404797424093e-08
2015-04-30,3.468504337258031e-08,3.177780235056761e-08,3.1665877174959365e-08
2015-05-01,4.008933727225205e-08,3.861844580464733e-08,3.516529759721166e-08
2015-05-04,7.364593617042293e-08,7.782215264714331e-08,7.39800828800351e-08
2015-05-05,2.5637773739391853e-08,2.243583891301726e-08,2.409697857610644e-08
2015-05-06,4.571984849687481e-08,5.0649549286220075e-08,4.907010319276535e-08
2015-05-07,4.0938933573567714e-08,3.663662426496292e-08,3.626504201206131e-08
2015-05-08,6.194934777568279e-08,5.94467968772183e-08,5.5733644783119646e-08
2015-05-11,7.117355790936574e-08,6.639431280045161e-08,6.792513723136545e-08
2015-05-12,2.690070125756679e-08,2.698047678784677e-08,2.839086721172562e-08
2015-05-13,9.910396857625742e-09,9.340205726500212e-09,1.0718276281061949e-08
2015-05-14,1.662852423342473e-08,1.4428226250481198e-08,1.5559863228405863e-08
2015-05-15,1.2728074546566975e-08,1.0844963954331359e-08,1.3025264661111671e-08
2015-05-18,1.2811896222048877e-08,7.498336554490134e-09,9.008122996085252e-09
2015-05-19,6.168871733830599e-08,5.7579174782429385e-08,5.713255642067482e-08
2015-05-20,2.0838785943702518e-08,1.5700823100254127e-08,1.6667651206841742e-08
2015-05-21,2.2548621705989938e-08,1.8706924719445306e-08,1.881500364064131e-08
2015-05-22,3.555735004612045e-08,3.174676920888406e-08,3.033147247795137e-08
2015-05-25,2.1396922614914802e-08,1.4980222341378058e-08,1.4952079997292472e-08
2015-05-26,1.5810412317121915e-08,9.699516629722729e-09,1.0084400263647925e-08
2015-05-27,2.2476761259625256e-08,1.6088522970255425e-08,1.636701000165095e-08
2015-05-28,1.2020598847975533e-07,1.351954659269495e-07,1.3118787288513202e-07
2015-05-29,3.3354560443942874e-08,3.0411567501380995e-08,2.976313983639362e-08
2015-06-01,1.352979191636123e-08,8.866681946535496e-09,9.903728450401175e-09
2015-06-02,1.5416599598628197e-08,9.56784689877175e-09,9.785174169845581e-09
2015-06-03,1.790967789504912e-08,1.1547913476918687e-08,1.0870134404356815e-08
2015-06-04,3.208104051292433e-08,3.6198351152596844e-08,3.6268025397902484e-08
2015-06-05,1.696559372772898e-08,1.6603279439368724e-08,1.7025646854144622e-08
2015-06-08,2.4607417230529086e-08,2.284624908798794e-08,2.2478411881937018e-08
2015-06-09,3.088844881899519e-08,3.100927971351354e-08,2.9148633692912196e-08
2015-06-10,2.2566996305209795e-08,1.8131020242931245e-08,1.857929219311582e-08
2015-06-11,3.6559655118954075e-08,3.2172392790666595e-08,3.1853850975910705e-08
2015-06-12,2.2544268987420736e-08,2.2126386365125754e-08,2.3336659607885258e-08
2015-06-15,1.2923533976068441e-08,9.937261691282878e-09,1.0027740077989551e-08
2015-06-16,2.356613481411624e-08,2.0366556986077055e-08,2.0306895552721186e-08
2015-06-17,4.697868467603299e-08,5.279062515325329e-08,5.081828595150493e-08
2015-06-18,1.0578327964871935e-07,1.1203461154854011e-07,1.0740174148937508e-07
2015-06-19,1.7492273877813092e-06,1.7596450363884812e-06,1.7343758607129571e-06
2015-06-22,4.3505164711444755e-08,4.1291058995448956e-08,5.251912434414553e-08
2015-06-23,2.6301320704764924e-08,1.8487511342934325e-08,1.930456701386782e-08
2015-06-24,6.869701051037382e-08,7.732832681348177e-08,8.552083788837318e-08
2015-06-25,4.626155869887322e-08,4.0150272239451496e-08,4.526431329028987e-08
2015-06-26,5.166027610627695e-08,4.288979203768185e-08,4.298841767437825e-08
2015-06-29,1.765073851721381e-08,2.458103848760845e-08,3.075957528788161e-08
2015-06-30,1.894416555283137e-08,2.298709458700791e-08,2.8138117462214115e-08
2015-07-01,1.588775092551722e-07,1.346228344486734e-07,1.3067006841198648e-07
2015-07-02,2.178146465987009e-08,2.4949356976126332e-08,2.8572493907896067e-08
2015-07-03,2.5933747251722404e-08,2.7564073269454794e-08,3.0397360302614504e-08
2015-07-06,4.055767641372761e-07,3.960034788395514e-07,3.856322447267892e-07
2015-07-07,1.1824268101331752e-07,1.2248857459056047e-07,1.1570347697490122e-07
2015-07-08,4.05313498085406e-07,3.5366260297343776e-07,3.3628244612005726e-07
2015-07-09,3.87680253483556e-07,3.127943563935888e-07,2.891280679964747e-07
2015-07-10,1.9358547755622443e-06,1.7179105017813447e-06,1.6195543412576814e-06
2015-07-13,1.2195203762022381e-08,5.76318986447796e-08,8.274994816834693e-08
2015-07-14,1.0728902113560643e-07,1.1420667778970773e-07,1.352795066472032e-07
2015-07-15,1.2722932437922912e-08,4.484975836374713e-08,6.37961012726283e-08
2015-07-16,3.5906842041599794e-08,5.678083479608346e-08,7.275746767153329e-08
2015-07-17,8.284405671676104e-08,5.691195895665768e-08,5.5753625266341444e-08
2015-07-20,1.6260095197779114e-07,1.3856689955584134e-07,1.1987009492140535e-07
2015-07-21,8.309298793630012e-07,6.763108837556207e-07,6.286743864104471e-07
2015-07-22,4.120842506833557e-07,2.7737417497554574e-07,2.613183545769765e-07
2015-07-23,3.263345160949848e-06,2.749687236885005e-06,2.6108899767647068e-06
2015-07-24,2.7270312925584307e-08,1.1788906250888291e-07,1.5515451480599626e-07
2015-07-27,1.4876618316186215e-07,7.808911210243209e-08,6.139378123223675e-08
2015-07-28,5.3245163278320085e-08,1.2976874604636786e-07,1.684726959261698e-07
2015-07-29,9.383113506540299e-08,8.978740955764746e-08,1.2391259808076608e-07
2015-07-30,5.528561581167289e-08,6.700562702578958e-08,7.784873617022378e-08
2015-07-31,7.730380740429763e-08,1.304671253681506e-07,1.5094308860828208e-07
2015-08-03,7.479199196101953e-08,5.215167953611195e-08,6.99349684007534e-08
2015-08-04,5.207705660513126e-08,7.547592937455798e-08,9.099936544639063e-08
2015-08-05,1.197627441160286e-07,7.283788739311459e-08,6.150951794791971e-08
2015-08-06,3.1856236768436114e-07,1.864606913590108e-07,1.7565535401667772e-07
2015-08-07,2.7273625608265423e-08,5.5937424290147175e-08,6.851417878347072e-08
2015-08-10,7.233076993858001e-07,5.791696375230083e-07,5.290780835896574e-07
2015-08-11,3.872144778819431e-07,2.521204348230276e-07,2.0804553970027475e-07
2015-08-12,1.9253463380527486e-08,7.410143519705662e-08,9.771078519792199e-08
2015-08-13,8.085722238168826e-08,1.1606211917122851e-07,1.3952386327597353e-07
2015-08-14,5.117699067807517e-07,3.610983878356227e-07,3.221496816969387e-07
2015-08-17,1.9464314823354473e-07,1.0067031369294864e-07,1.0166553663176845e-07
2015-08-18,2.585428318828049e-08,5.996428186100133e-08,7.247913664080003e-08
2015-08-19,2.445675303961339e-08,4.216703349170819e-08,5.6648014912385685e-08
2015-08-20,5.6969003721938e-07,4.3818516915409836e-07,3.857802310488305e-07
2015-08-21,1.0417036582457694e-06,7.987508763038375e-07,7.452987472408226e-07
2015-08-24,1.9158064767880529e-07,1.0232158604537987e-07,1.0315283961425251e-07
2015-08-25,5.598497218380218e-07,3.421470858751242e-07,3.351809216894999e-07
2015-08-26,3.454475568535556e-06,2.6833316748257607e-06,2.517768441250176e-06
2015-08-27,1.5067662387743992e-07,6.340905330212952e-08,7.363698608224452e-08
2015-08-28,3.718199563816015e-08,1.0984948768125572e-07,1.5805609118344733e-07
2015-08-31,2.6880364917269794e-06,1.867888073161237e-06,1.7173881116977748e-06
2015-09-01,6.101365920329227e-06,4.748184793447393e-06,4.383433111500832e-06
2015-09-02,2.659103464890617e-07,2.2989192307295385e-07,3.4895261879203624e-07
2015-09-03,1.7488960262238455e-06,9.223711022639323e-07,7.16141029798523e-07
2015-09-04,1.1262518677039667e-05,8.362023483406414e-06,7.97282098432783e-06
2015-09-07,6.490580550284122e-07,1.9788144315195924e-07,1.8335549724018743e-07
2015-09-08,1.7598729433471133e-06,5.698885505896238e-07,3.915354411285924e-07
2015-09-09,1.814044329624089e-07,7.466199369561519e-07,9.008239485023999e-07
2015-09-10,2.9517809240513035e-08,5.295557945232739e-07,6.697797915541113e-07
2015-09-11,1.9701596424734408e-08,4.3107903945713513e-07,5.421577326948834e-07
2015-09-14,2.952567530148115e-07,1.6879489069572424e-07,1.3515045621396577e-07
2015-09-15,4.51365706326404e-08,3.4518118326028293e-07,4.2947489836636825e-07
2015-09-16,5.1964842484493685e-06,3.7220509237827057e-06,3.354458222620688e-06
2015-09-17,1.0338406925255591e-06,4.7287261659343577e-07,3.393321367638171e-07
2015-09-18,3.6669154686271725e-07,1.3506433778506878e-07,1.47592960564493e-07
2015-09-21,2.2812819109591282e-07,3.627903878394421e-07,5.220776442392813e-07
2015-09-22,1.0235172924201432e-06,8.971012908730441e-07,7.755580236739215e-07
2015-09-23,4.211527168056006e-07,1.8908475518166283e-07,1.5007157310184206e-07
2015-09-24,4.164621919403312e-06,3.4198899110983795e-06,3.0188835041431912e-06
2015-09-25,2.6278405467726607e-07,4.3562369942641164e-07,6.373727740305734e-07
2015-09-28,6.03139269266647e-07,2.2458434363655722e-07,2.6548063415829806e-07
2015-09-29,1.0541416598355201e-07,3.490718845394759e-07,4.4490801090375246e-07
2015-09-30,5.075977545361126e-07,3.2826147330912605e-07,2.3990649126117246e-07
2015-10-01,3.474866050354981e-07,4.007532838920591e-07,5.337818837768947e-07
2015-10-02,1.269074357318216e-07,2.2224219886160045e-07,3.1963727352430326e-07
2015-10-05,4.6745890855869015e-08,1.3827704367165934e-07,1.7335739842907748e-07
2015-10-06,4.050915153375388e-08,1.51666443522571e-07,2.1177160696314075e-07
2015-10-07,3.680152115705493e-07,2.20935607356988e-07,1.7870274826211577e-07
2015-10-08,9.108417671567571e-08,1.8269407118425367e-07,2.3770719577210573e-07
2015-10-09,5.649673378003229e-08,1.1816255416509599e-07,1.3404650126984228e-07
2015-10-12,1.302304349578902e-06,1.0354071489492537e-06,9.122951282627406e-07
2015-10-13,2.58705727460143e-08,9.80062598293119e-08,1.377071066006025e-07
2015-10-14,5.960220907421278e-08,1.2726859606641185e-07,1.5859453590267105e-07
2015-10-15,6.289015506536519e-07,4.3727783867296874e-07,3.5865421378279866e-07
2015-10-16,3.548747032156781e-08,1.0574983396720968e-07,1.5420636553227174e-07
2015-10-19,4.381146141377264e-08,8.555548533422181e-08,1.1181258130799469e-07
2015-10-20,8.537597755878036e-08,1.1280129882596794e-07,1.4379057286446457e-07
2015-10-21,2.329021523106782e-08,5.048950589535347e-08,7.305059762955792e-08
2015-10-22,5.263009992343093e-07,4.0387897986955443e-07,3.712079335081064e-07
2015-10-23,8.214613284152742e-08,6.762727052895985e-08,8.557016283608525e-08
2015-10-26,3.423935609272805e-08,6.385688774618399e-08,8.157194512711893e-08
2015-10-27,1.7334613097656585e-07,1.1233571406932569e-07,1.0791234194725349e-07
2015-10-28,1.6729448813459802e-07,1.1810066062945093e-07,1.1151714413135466e-07
2015-10-29,1.490815540215265e-08,3.80952418646932e-08,4.9982142384965645e-08
2015-10-30,2.3254856485283981e-07,1.671847657163892e-07,1.6814850998734324e-07
2015-11-02,5.3545260312986626e-08,8.219610773095332e-08,9.417351597822425e-08
2015-11-03,7.163031860150688e-08,1.0019416885953247e-07,1.1214211896340235e-07
2015-11-04,9.016412677408663e-07,7.770039756867426e-07,7.564016833563727e-07
2015-11-05,8.51803934479036e-08,7.187324672524125e-08,6.184444809162226e-08
2015-11-06,2.424572919080161e-08,5.300587416086371e-08,6.224495185254338e-08
2015-11-09,1.2484653950406926e-07,1.4445821229867984e-07,1.5120602778952585e-07
2015-11-10,1.2257060726914922e-07,7.960341145164203e-08,7.208363239859993e-08
2015-11-11,1.0136814106433747e-07,1.277567194993581e-07,1.3619301035135198e-07
2015-11-12,2.7788025499805864e-08,4.9908096490220044e-08,5.6223043121114234e-08
2015-11-13,4.2936120533818045e-07,3.7239444603774654e-07,3.431526279017329e-07
2015-11-16,3.0698315535355176e-08,5.171894117095164e-08,6.459904866280653e-08
2015-11-17,6.954093666423757e-08,5.757991990096899e-08,6.104016911726794e-08
2015-11-18,2.654585280450771e-08,4.3289849481496634e-08,5.2251328663674085e-08
2015-11-19,8.597174582758495e-08,7.619115275718256e-08,7.775235412946873e-08
2015-11-20,2.453079997708261e-08,3.5979215967546055e-08,4.1550592344058035e-08
2015-11-23,6.090408812507715e-08,5.0756750691483885e-08,5.062456524290591e-08
2015-11-24,3.8112160273202943e-07,3.0669478653825995e-07,2.928762912332631e-07
2015-11-25,3.1231063241084066e-08,3.197757817949728e-08,3.0986812625694064e-08
2015-11-26,2.992849956838414e-08,4.608031532626779e-08,5.4131718058405e-08
2015-11-27,3.178520492434915e-08,3.4024596037209766e-08,3.9630739074742e-08
2015-11-30,4.157869059932902e-08,4.994389397565433e-08,5.3594535634236776e-08
2015-12-01,7.168757631542261e-07,6.462696654792984e-07,6.239506096891937e-07
2015-12-02,5.99138829282722e-08,6.388308146549812e-08,6.105454899061982e-08
2015-12-03,3.445943668531074e-08,5.367625987926023e-08,6.275994887728447e-08
2015-12-04,2.0406041090917453e-07,1.6012248924543154e-07,1.610315728003326e-07
2015-12-07,7.352174380604027e-08,7.916448162747828e-08,7.793214820539834e-08
2015-12-08,1.8613178023677628e-08,3.5421998462629296e-08,4.1773573367575804e-08
2015-12-09,2.7158760344096254e-08,3.777729966827872e-08,4.242625234532663e-08
2015-12-10,3.093500893856884e-08,3.730795084712027e-08,3.8551792922920806e-08
2015-12-11,1.1221647367596529e-07,1.0958580587168562e-07,1.0919444920995165e-07
2015-12-14,3.25366780135154e-07,2.892991240653291e-07,2.7497914080348857e-07
2015-12-15,3.731936422838783e-07,3.3043545911546206e-07,3.029686595955223e-07
2015-12-16,7.011358528826546e-08,6.347396587489921e-08,5.8059494436272435e-08
2015-12-17,1.4236286407037025e-07,1.264730574551852e-07,1.20685329193529e-07
2015-12-18,3.628458833275241e-08,5.2001951269848986e-08,5.82491791704427e-08
2015-12-21,1.044369852698288e-07,8.547874267749939e-08,7.828045258366928e-08
2015-12-22,2.3740232265446455e-08,3.390853278539601e-08,4.029807337633254e-08
2015-12-23,1.4951422754995666e-07,1.5131384903579104e-07,1.4558822837231857e-07
2015-12-24,2.485502492638202e-08,3.083630688996963e-08,3.5843543571282e-08
2015-12-25,4.40005165594625e-07,4.077542788119421e-07,3.8810801401827473e-07
2015-12-28,9.555724813561217e-08,1.0520922775308444e-07,1.0817257469961954e-07
2015-12-29,2.4166599626190476e-07,2.1529626126184472e-07,2.003673763092671e-07
2015-12-30,1.9913751780242476e-08,2.472428303516832e-08,2.925776312023602e-08
2015-12-31,5.616212665983167e-08,4.7873204383157776e-08,4.5751595665936004e-08
2016-01-01,5.650030748427852e-08,5.146875237854405e-08,4.4184607941525394e-08
2016-01-04,2.120632338054514e-08,3.125330024832789e-08,4.009735275009366e-08
2016-01-05,3.3837736756584736e-07,3.100610585400042e-07,2.8244550488683777e-07
2016-01-06,7.292714148167608e-08,6.281964931506927e-08,6.132252199198318e-08
2016-01-07,4.61229667811865e-08,5.5005226579565454e-08,6.560078338962695e-08
2016-01-08,7.868511011527004e-08,7.969609926296027e-08,8.127443216144272e-08
2016-01-11,3.6875108659548755e-07,3.495826438213395e-07,3.2415488543869037e-07
2016-01-12,2.6316248247011052e-08,3.442473801944488e-08,4.3620302352461765e-08
2016-01-13,1.938578486719858e-08,2.81590429910584e-08,3.829956993625169e-08
2016-01-14,3.0384580821136975e-08,3.229516460230418e-08,3.800916749192742e-08
2016-01-15,1.9591675906044955e-08,2.2449854251131378e-08,2.7406710530472117e-08
2016-01-18,7.835621464604198e-07,7.625828386526067e-07,7.29357569701772e-07
2016-01-19,3.547699848315999e-08,4.598588233308476e-08,5.948942044451566e-08
2016-01-20,9.853815408342934e-08,8.188061605725977e-08,6.66652686702452e-08
2016-01-21,2.4233436498631166e-07,2.4868873058166736e-07,2.529934442123219e-07
2016-01-22,3.3629197560023446e-08,4.2397445748358855e-08,5.054845813353441e-08
2016-01-25,7.335333712685383e-07,6.929214622126303e-07,6.469201698556561e-07
2016-01-26,3.065372081715682e-08,4.468218272198857e-08,5.990371675216994e-08
2016-01-27,2.961910084182768e-08,3.956646469919699e-08,5.51984768744706e-08
2016-01-28,1.754808600343685e-08,2.6631562398759245e-08,3.794809736170449e-08
2016-01-29,2.0933558496497122e-08,2.176428186032841e-08,2.666706059286377e-08
2016-02-01,2.3631610445902832e-07,2.2666417556533086e-07,2.0891407236387883e-07
2016-02-02,3.207396922719765e-08,3.917956476239284e-08,4.8086195652492466e-08
2016-02-03,3.4626093301643284e-08,3.646200611933284e-08,4.203024267167667e-08
2016-02-04,2.6587345987019286e-08,2.9399694335226067e-08,3.537129247521756e-08
2016-02-05,4.359344995635524e-08,4.450643935867289e-08,5.1360016904957424e-08
2016-02-08,2.9419463043447634e-08,2.781537551904312e-08,3.291104741173484e-08
2016-02-09,2.116456043390087e-07,2.151881732519206e-07,2.0378297670575766e-07
2016-02-10,3.966265564607346e-08,3.41601256222246e-08,3.2844674994428726e-08
2016-02-11,3.218154438584157e-08,3.221429578309775e-08,3.598382006079031e-08
2016-02-12,1.1698303462044042e-07,1.1582666812803693e-07,1.1019257374177293e-07
2016-02-15,1.119129814352892e-07,1.1047634088614163e-07,1.051012518384174e-07
2016-02-16,5.380425501709985e-08,5.5441324303188234e-08,5.943381833748043e-08
2016-02-17,4.287705233130925e-08,3.872481280806935e-08,3.775676669505362e-08
2016-02-18,3.894967952394017e-08,3.693474834931326e-08,3.798260951299056e-08
2016-02-19,3.186214982666475e-08,3.170421138040788e-08,3.707698955627434e-08
2016-02-22,2.1661901058361424e-08,2.0534436166225128e-08,2.4275961541866828e-08
2016-02-23,1.8585404666148443e-08,1.6657064531493635e-08,1.9827220420190615e-08
2016-02-24,1.77967248701426e-08,1.4312779208381397e-08,1.721012927487426e-08
2016-02-25,2.6828975226004365e-08,2.2776038118657723e-08,2.4135231731811937e-08
2016-02-26,8.055333464738244e-08,8.07356669317844e-08,8.129932689952731e-08
2016-02-29,1.0155137119722402e-08,8.41648855038445e-09,9.823220710697957e-09
2016-03-01,5.284993545703881e-08,5.2202287780390475e-08,5.010392356885942e-08
2016-03-02,1.2760431368107958e-07,1.3187076541663465e-07,1.2874914718009732e-07
2016-03-03,2.9508778100176676e-08,2.807140450470234e-08,3.066405684019863e-08
2016-03-04,5.519815181756032e-08,5.185201187569348e-08,5.077306164506676e-08
2016-03-07,1.7249475634687373e-07,1.6802730672162633e-07,1.6363012032534965e-07
2016-03-08,2.0068066832735146e-07,2.0031991605888538e-07,1.9705902042140856e-07
2016-03-09,8.450337486714915e-08,8.703848258929873e-08,8.580139892717812e-08
2016-03-10,2.9070529774707972e-08,3.1359945686425465e-08,3.168513827378804e-08
2016-03-11,5.329721669816509e-08,5.02344466131465e-08,4.922933479349404e-08
2016-03-14,4.734088110860785e-08,4.2984051549656107e-08,4.0001910758324306e-08
2016-03-15,5.789921327527767e-08,5.314496482370398e-08,5.291588096120052e-08
2016-03-16,2.475327595795485e-08,2.3833904228022556e-08,2.4617940942931724e-08
2016-03-17,4.229333985419874e-08,4.0228205519064606e-08,3.886630647320728e-08
2016-03-18,2.7152518090867412e-08,2.524005152991566e-08,2.57399421776827e-08
2016-03-21,1.6838964325252518e-07,1.7112228197347152e-07,1.6237704969890427e-07
2016-03-22,2.3505819787245237e-08,1.983366465140013e-08,2.0224275741566663e-08
2016-03-23,7.862531533769046e-08,7.387974862238815e-08,6.884760799324165e-08
2016-03-24,2.226468195584981e-07,2.2167100085323416e-07,2.220905121593411e-07
2016-03-25,9.300116877980251e-08,9.431089395409705e-08,8.427108674434735e-08
2016-03-28,1.2393450197537347e-07,1.208315009014938e-07,1.1540122599641624e-07
2016-03-29,6.086906144497804e-07,6.010982335244543e-07,5.60100091196536e-07
2016-03-30,2.9437402638858232e-08,3.238036972018047e-08,3.602274309644905e-08
2016-03-31,2.40979401954138e-08,2.5678492570233116e-08,3.0480069664170966e-08
2016-04-01,7.389702840226165e-08,7.285849204405477e-08,7.481340263870018e-08
2016-04-04,2.5819455183540784e-08,2.1555244870740667e-08,2.4584649792391185e-08
2016-04-05,4.550328952384628e-08,4.307593023363403e-08,4.7283404132325125e-08
2016-04-06,1.93111425034749e-08,1.6784457048211574e-08,2.0354286943497738e-08
2016-04-07,2.4790514026683127e-08,2.4084030215329737e-08,2.304566978029441e-08
2016-04-08,2.42815389828426e-06,2.415407241190956e-06,2.3995425296626433e-06
2016-04-11,2.2169589300647768e-08,2.6716054889839044e-08,3.368925756943109e-08
2016-04-12,5.875094793172491e-08,6.046840846583537e-08,6.4865047255029e-08
2016-04-13,2.71700837844859e-08,3.4221980724145024e-08,4.014601009656076e-08
2016-04-14,2.2791670845770536e-07,2.0570877630985128e-07,1.9040561355763137e-07
2016-04-15,3.7634539587540143e-08,3.10999342540346e-08,2.9416546173003643e-08
2016-04-18,2.4528894754327177e-08,2.8801601489186035e-08,3.547339983185989e-08
2016-04-19,3.991227632363057e-08,3.57384622783175e-08,3.6859600154470744e-08
2016-04-20,4.192541427431424e-07,4.181768364629379e-07,4.0110666222001674e-07
2016-04-21,5.4087251800411066e-08,5.521614796842399e-08,5.7347342572068987e-08
2016-04-22,7.620651454818371e-08,7.640464577929935e-08,8.084240891395525e-08
2016-04-25,8.63274316337198e-08,8.555011850988194e-08,9.092991492062269e-08
2016-04-26,1.8337064780629314e-08,2.2263662601155477e-08,2.7135727175843823e-08
2016-04-27,1.5540091117072432e-08,1.5442980182258552e-08,1.9936917134405188e-08
2016-04-28,2.2343827963257236e-08,2.0042527523095474e-08,2.2867490134379877e-08
2016-04-29,1.8565712553502212e-08,1.5648378872100974e-08,2.003675542995991e-08
2016-05-02,2.4902520436078598e-08,2.2803867299435283e-08,2.2991835948409168e-08
2016-05-03,2.0446760647039532e-08,1.5424486511284227e-08,1.8431581384218798e-08
2016-05-04,2.1914499831527043e-08,1.6273985546823903e-08,1.8664677525413387e-08
2016-05-05,4.585145035607721e-08,3.942485346402647e-08,3.885882283867085e-08
2016-05-06,4.500975013432108e-08,4.126863756800475e-08,3.84991206763101e-08
2016-05-09,1.3183088997495077e-08,8.27327026721814e-09,9.716083313728626e-09
2016-05-10,2.5658702871996616e-08,1.7916334771364272e-08,1.90655031711239e-08
2016-05-11,4.054515072770625e-08,3.634513214687463e-08,3.391183455639766e-08
2016-05-12,4.2531352080961055e-08,3.608852442109858e-08,3.525464811030088e-08
2016-05-13,3.883888435237334e-08,3.3301875618698626e-08,3.3080512846719975e-08
2016-05-16,1.875399710696273e-08,1.3773939950260608e-08,1.5410745695451663e-08
2016-05-17,1.311588687165999e-08,1.1677265407614205e-08,1.1702975496548466e-08
2016-05-18,2.3647788612180195e-08,1.6080347618441046e-08,1.660278172281605e-08
2016-05-19,2.3598737799564275e-08,1.5548584195114055e-08,1.5354129642906406e-08
2016-05-20,1.5317214572658048e-07,1.725019636686583e-07,1.701646201490803e-07
2016-05-23,2.44222283212974e-07,2.4761117413591406e-07,2.389699021739911e-07
2016-05-24,4.1305291569811764e-08,4.016314041633858e-08,4.122545691044616e-08
2016-05-25,1.779880403670713e-07,1.7111501384760523e-07,1.65795236695669e-07
2016-05-26,3.072726845906145e-08,2.3082908365750424e-08,2.2613848981372483e-08
2016-05-27,2.8441388707277862e-08,2.6549858855374406e-08,2.985839868087424e-08
2016-05-30,1.660048140167468e-08,1.2497118271888162e-08,1.4918620360071847e-08
2016-05-31,4.274852057975942e-08,4.2287030432330907e-08,4.0544270972077704e-08
2016-06-01,1.5208771707565506e-07,1.3822348127553614e-07,1.278274022104262e-07
2016-06-02,2.8023750981150625e-08,3.079571578428255e-08,3.3225346247416735e-08
2016-06-03,1.9819198750199337e-08,1.6240607911870153e-08,1.9116196647491685e-08
2016-06-06,1.882398781471007e-08,1.634245211565729e-08,1.7411080681816867e-08
2016-06-07,3.519981023037996e-08,3.439251541664823e-08,3.427010138747034e-08
2016-06-08,8.791843532871748e-08,8.734506260775291e-08,8.798432809521524e-08
2016-06-09,2.2382638879740158e-08,1.8850260846766397e-08,2.147702211862277e-08
2016-06-10,2.8433086579245567e-08,2.383277399882846e-08,2.4485320467841767e-08
2016-06-13,3.0448439366201156e-08,2.3437730021947197e-08,2.3266026928676818e-08
2016-06-14,3.2135237639145183e-08,3.376164734079724e-08,3.443833673467479e-08
2016-06-15,4.347222077479954e-08,4.527617555636714e-08,4.6404150146443365e-08
2016-06-16,1.6275530421179442e-07,1.6503948435086416e-07,1.623735408492625e-07
2016-06-17,1.836134987134796e-08,1.4601957484360756e-08,1.6590813149695126e-08
2016-06-20,2.983683272800143e-08,2.5132579511911997e-08,2.605522494872264e-08
2016-06-21,4.935869569490468e-08,4.567135594826837e-08,4.1230786579525005e-08
2016-06-22,3.627690086599986e-08,2.8362947475409458e-08,2.888128069563649e-08
2016-06-23,1.663513118214259e-08,1.1158680305383144e-08,1.223041878850065e-08
2016-06-24,2.1083232271903914e-08,1.4282803280961244e-08,1.4507960331700892e-08
2016-06-27,4.1822789571725884e-08,3.60391750133793e-08,3.471113081925434e-08
2016-06-28,1.7848555394393827e-08,1.0363409378314161e-08,1.0721680322403731e-08
2016-06-29,4.9830156688125954e-08,4.8642845107038833e-08,4.7505904203391435e-08
2016-06-30,4.5535485737117845e-08,4.220582365040591e-08,4.204508679244472e-08
2016-07-01,1.4292443624152248e-08,1.2440156377119821e-08,1.2557131290978553e-08
2016-07-04,2.1249302669344196e-08,1.3591929450271348e-08,1.3731782408433201e-08
2016-07-05,1.7320075064121668e-08,1.0635569944800144e-08,1.0644106004108009e-08
2016-07-06,2.4446499315421467e-08,1.660050597088687e-08,1.5631434138775746e-08
2016-07-07,2.0063835716843964e-08,1.1563210030268615e-08,1.0523971843636446e-08
2016-07-08,2.05224102615782e-08,1.1640377939349238e-08,1.0644198350705496e-08
2016-07-11,1.555831594259225e-08,7.691910246650053e-09,7.2798933408052245e-09
2016-07-12,3.59469004472548e-08,3.474484448837958e-08,3.684975390795853e-08
2016-07-13,2.0686156902818204e-08,1.2427848238662435e-08,1.2475627994948955e-08
2016-07-14,2.3592900700213748e-08,1.3523438626435652e-08,1.328336239380159e-08
2016-07-15,1.5489302069856843e-08,1.1092990693158284e-08,1.2051073921545408e-08
2016-07-18,4.4718760723781734e-08,4.357129519774304e-08,4.299031341699412e-08
2016-07-19,3.4417056139388716e-08,2.523790137103934e-08,2.395797802240699e-08
2016-07-20,6.720820581159008e-08,5.7056425879974606e-08,5.562134086242537e-08
2016-07-21,3.3664722179999995e-08,2.735606381446813e-08,2.642157630043999e-08
2016-07-22,1.5912417309627115e-08,1.1144776897028312e-08,1.140409564855682e-08
2016-07-25,2.4109559116336436e-08,1.5287166963921998e-08,1.4814928588089356e-08
2016-07-26,1.6180197326287934e-08,9.053266424925495e-09,9.01307499329213e-09
2016-07-27,3.904525822590241e-08,2.9262366506181667e-08,2.700085040559704e-08
2016-07-28,2.9158057251435487e-08,2.4242917118033132e-08,2.3307200860515097e-08
2016-07-29,2.5019609589576495e-08,1.732213551642182e-08,1.7564394143649913e-08
2016-08-01,1.0129498209959363e-07,1.122411602188479e-07,1.129542167309751e-07
2016-08-02,4.4455379086615844e-08,3.9497237474223227e-08,3.771581467637083e-08
2016-08-03,1.528657381979323e-08,1.3338419651436004e-08,1.3871283993262895e-08
2016-08-04,3.922024029188019e-08,3.146206614837566e-08,3.041464996071068e-08
2016-08-05,7.520242497821965e-08,6.93694799615547e-08,6.343326694622104e-08
2016-08-08,2.560620578551269e-08,1.911785950512148e-08,2.0810583532167365e-08
2016-08-09,4.095582414547199e-07,4.4665258813627803e-07,4.48772297256711e-07
2016-08-10,2.5591558588768406e-08,2.099564043862723e-08,2.291023931128982e-08
2016-08-11,1.6630663518791117e-08,1.1199370123280135e-08,1.3417952923515401e-08
2016-08-12,1.7183547365127205e-08,9.915833416199182e-09,1.0383199639250504e-08
2016-08-15,1.9524470081748656e-08,1.2305251029204932e-08,1.329878318971396e-08
2016-08-16,2.6835890538134776e-08,1.9521056915628916e-08,2.0956071570320338e-08
2016-08-17,9.04770068643621e-08,8.609848871186347e-08,8.57816404045843e-08
2016-08-18,2.3089457123963463e-08,1.8886181113384528e-08,1.7819998180616656e-08
2016-08-19,2.454195020688259e-07,2.551647526642733e-07,2.513273676581906e-07
2016-08-22,2.4428744855073435e-08,2.164866676826578e-08,2.2085900752153135e-08
2016-08-23,4.2090373806962014e-08,3.5061895244664695e-08,3.637880700110364e-08
2016-08-24,1.2938028961476458e-08,7.031322628656612e-09,8.572880326865356e-09
2016-08-25,9.687705897312473e-08,8.985292724752636e-08,8.778422753303946e-08
2016-08-26,1.842343960152085e-08,1.3610471204362564e-08,1.4332594292441907e-08
2016-08-29,1.8589923348037892e-08,1.2762648972665066e-08,1.4610844438302738e-08
2016-08-30,2.2096397639223183e-08,1.546079226644388e-08,1.527289014919479e-08
2016-08-31,1.4715974423215412e-08,7.634127437590866e-09,8.509439195683647e-09
2016-09-01,5.44144014798479e-08,4.6668469917997724e-08,4.674339727764083e-08
2016-09-02,6.077953284976082e-08,5.889605938820043e-08,5.9481922519217927e-08
2016-09-05,7.929963815525506e-07,8.171066372374811e-07,8.112938222262016e-07
2016-09-06,6.761221143079043e-08,6.60037838279236e-08,5.851888552964751e-08
2016-09-07,4.2397059288788175e-08,3.512831654955389e-08,3.7046444500820104e-08
2016-09-08,2.863553786155192e-07,2.841926414090032e-07,2.665164794744211e-07
2016-09-09,1.7625564796722155e-07,1.6471953659540658e-07,1.4504772207570626e-07
2016-09-12,1.516979959254648e-07,1.5317030802919155e-07,1.5903700634530936e-07
2016-09-13,1.8316773511381542e-08,1.9593955174228565e-08,2.7039543954825595e-08
2016-09-14,7.596271551434537e-08,6.013238315629711e-08,5.4980898262916044e-08
2016-09-15,1.965583190192043e-08,1.838176460297421e-08,1.875643880293982e-08
2016-09-16,6.609151936382865e-08,5.981174127492452e-08,6.159921879097311e-08
2016-09-19,3.0756837826696334e-08,2.8736506215754815e-08,3.026803368248995e-08
2016-09-20,7.029933403212295e-08,7.174699581478698e-08,7.174169796214569e-08
2016-09-21,3.7098936470903923e-08,3.7298974341706856e-08,4.2085951267529836e-08
2016-09-22,3.091564977387601e-08,2.850911309934419e-08,3.3545160091008176e-08
2016-09-23,2.4381117358078546e-08,2.250500646267688e-08,2.5178272548307832e-08
2016-09-26,1.083637014562112e-07,1.0330769555152107e-07,9.76020188770929e-08
2016-09-27,1.0270235415122729e-07,9.982734593188079e-08,9.073653325288682e-08
2016-09-28,7.554802410953349e-08,8.048168643862362e-08,8.292592724042464e-08
2016-09-29,7.3873305212056e-08,6.682393991315368e-08,5.870829527257792e-08
2016-09-30,5.676015984336698e-08,5.297248922552464e-08,5.976611036775959e-08
2016-10-03,3.361966609493648e-08,3.166800316126674e-08,3.55403951427447e-08
2016-10-04,4.430150510981884e-08,3.977264941954024e-08,4.086438494589473e-08
2016-10-05,3.155825533751611e-08,2.5837416642314026e-08,2.6582567607600346e-08
2016-10-06,6.508741708389905e-08,5.92019301758898e-08,5.979545300908901e-08
2016-10-07,1.796904172908602e-08,1.6342832916792393e-08,1.8544046153699037e-08
2016-10-10,7.815134756350995e-08,8.366047576043783e-08,8.245216274043412e-08
2016-10-11,1.746140431469023e-08,1.3497377195231583e-08,1.4431984694706138e-08
2016-10-12,1.5714392721617858e-08,1.0922427446247083e-08,1.2314742832222863e-08
2016-10-13,5.6098021096639995e-08,4.954878537013802e-08,4.7025630959880223e-08
2016-10-14,9.159397651869825e-08,9.179054559797677e-08,9.179277531371326e-08
2016-10-17,1.808332394884194e-08,1.3496878783212362e-08,1.5060045807325173e-08
2016-10-18,1.6694827853632257e-07,1.6832200944523516e-07,1.6008794763179999e-07
2016-10-19,2.372199462635555e-08,1.8292546041404477e-08,2.0740826866273163e-08
2016-10-20,3.3263670885152737e-07,3.4876168235818135e-07,3.37216712826046e-07
2016-10-21,4.219432480474602e-08,3.652233418989625e-08,3.9773645803109966e-08
2016-10-24,1.121724940876525e-07,1.058187797145273e-07,1.0712986910735811e-07
2016-10-25,1.342035181449651e-07,1.2786388843033366e-07,1.2379582378447456e-07
2016-10-26,5.438117828336704e-08,4.657078068631347e-08,4.706740874450018e-08
2016-10-27,2.146982298967056e-08,2.483651894351147e-08,2.4054769918667505e-08
2016-10-28,2.3697292575225813e-08,2.082904925460215e-08,2.349236823479361e-08
2016-10-31,2.1772786331169815e-08,2.077852176057274e-08,2.2035377296305988e-08
2016-11-01,1.9913923192224397e-08,1.500487584174826e-08,1.4626277957199279e-08
2016-11-02,2.3936226819462325e-07,2.556875512627179e-07,2.506908305942617e-07
2016-11-03,1.9641550639450825e-08,1.8623500832128573e-08,2.2478102442234754e-08
2016-11-04,4.371475867358928e-08,4.6047003843906886e-08,4.412491037039038e-08
2016-11-07,1.308611723860464e-08,1.3029083531932349e-08,1.6898291900023114e-08
2016-11-08,3.2745226878960984e-07,3.371503751218748e-07,3.2497692952681894e-07
2016-11-09,4.147386946957592e-08,4.6641186189966726e-08,4.734976055077334e-08
2016-11-10,2.9788538960062825e-08,3.1699594699568126e-08,3.595729544543257e-08
2016-11-11,5.258320238420816e-07,5.183141821605553e-07,4.923318608888332e-07
2016-11-14,3.596827921838474e-08,3.0440129041491656e-08,2.9740436821953076e-08
2016-11-15,1.86264736782313e-08,2.1144944733296226e-08,2.9344923358118338e-08
2016-11-16,1.932965805228891e-08,1.9513877411148518e-08,2.6744035706165038e-08
2016-11-17,1.9292461348923033e-08,1.7626868743615473e-08,2.3275975491927726e-08
2016-11-18,1.1849806226271888e-07,1.2081882235724619e-07,1.1519986286038736e-07
2016-11-21,1.8860235785461636e-08,1.8863746320465242e-08,1.7818112808147432e-08
2016-11-22,1.2716117029159788e-08,1.050116812428796e-08,1.4844959189937032e-08
2016-11-23,3.5851466094385594e-08,3.257298566513856e-08,3.561569055073527e-08
2016-11-24,2.6119521188507352e-08,2.145335042152135e-08,2.5521405274327953e-08
2016-11-25,3.7013158901447435e-08,3.4301795076931155e-08,3.374220127972266e-08
2016-11-28,3.3157681434999526e-08,2.907408429783335e-08,3.003338950809807e-08
2016-11-29,2.385430634746817e-08,1.8789195752930895e-08,2.2320351557493587e-08
2016-11-30,5.4576563539560275e-08,5.2023044604976954e-08,5.04248190837266e-08
2016-12-01,2.630534843926416e-08,2.4951412854003676e-08,2.2857672577388925e-08
2016-12-02,1.9670124525517992e-07,2.0610074040527542e-07,1.9304794122706803e-07
2016-12-05,8.257528410343258e-08,7.326891742346288e-08,6.864580748786339e-08
2016-12-06,3.1064477722286484e-08,2.7988831460540822e-08,3.247316876752204e-08
2016-12-07,5.17801019354869e-08,4.329304150270727e-08,3.671028629781029e-08
2016-12-08,1.4427242639665816e-07,1.3877119500482376e-07,1.3787212971975317e-07
2016-12-09,1.42615289869975e-07,1.37684381154753e-07,1.3217541288400622e-07
2016-12-12,7.53298086118735e-08,7.376925989239947e-08,7.034004148204113e-08
2016-12-13,1.2577022137776764e-07,1.1820034397229329e-07,1.0496552143022205e-07
2016-12-14,7.684844266487187e-08,7.702989762049612e-08,8.311640882897062e-08
2016-12-15,6.421976486580216e-08,6.567079115123335e-08,7.255079982338361e-08
2016-12-16,3.195448328493233e-08,3.399239436649274e-08,3.793406068653869e-08
2016-12-19,3.6996369554376934e-08,3.39763348936658e-08,3.595767195766761e-08
2016-12-20,2.803547548620442e-07,2.724198026736979e-07,2.62597416303514e-07
2016-12-21,2.908453820027774e-08,3.1229521161984435e-08,3.6245875263340216e-08
2016-12-22,6.581086827467246e-08,5.897864020570546e-08,6.046947765721315e-08
2016-12-23,2.152381425463801e-08,2.2107598254315593e-08,2.6412625092354678e-08
2016-12-26,3.066807035756762e-08,3.293352880475678e-08,3.639311776282654e-08
2016-12-27,3.067494044178571e-08,2.7627553152438657e-08,2.921261047083302e-08
2016-12-28,6.691049436930646e-08,6.284585107607541e-08,6.346965978991952e-08
2016-12-29,4.9609125709746e-08,4.1452785685798566e-08,3.9034643037134176e-08
2016-12-30,3.0056661324885175e-08,2.7568099693669957e-08,2.563226649136299e-08
2017-01-02,6.574376051984694e-08,6.224583423642732e-08,6.210593095872201e-08
2017-01-03,3.372375761850811e-08,3.031903372722753e-08,2.9435891749460732e-08
2017-01-04,2.2842052068646942e-08,1.7593284465713152e-08,1.779524407893771e-08
2017-01-05,1.264625121083692e-07,1.209837195375544e-07,1.1696915220267656e-07
2017-01-06,4.308189716325371e-08,3.708844023691757e-08,3.615554982696307e-08
2017-01-09,1.7083986608727806e-08,1.4130729701365133e-08,1.5206651909399176e-08
2017-01-10,8.266364868561517e-08,7.551690203052695e-08,7.2912810106012e-08
2017-01-11,1.7302327678810043e-08,1.5003752244755914e-08,1.5371552022294797e-08
2017-01-12,8.18298129756408e-08,8.003119017408164e-08,7.731454688250619e-08
2017-01-13,4.0585334989619446e-08,3.7610958653254876e-08,3.699181781534775e-08
2017-01-16,9.251642712156234e-08,8.907017394051332e-08,8.62903475053529e-08
2017-01-17,7.025573058841424e-08,6.453547767367744e-08,6.497843537051645e-08
2017-01-18,3.907548775398695e-08,3.554379299442994e-08,3.410867888366075e-08
2017-01-19,3.339169869537885e-08,2.9182807227514825e-08,2.976407979283369e-08
2017-01-20,3.966505030411718e-08,3.4365686529438636e-08,3.3941651994994534e-08
2017-01-23,7.620868382173977e-08,7.370927767091242e-08,6.869755228803216e-08
2017-01-24,4.7816583872231225e-08,4.4744006413471366e-08,4.319492976912735e-08
2017-01-25,3.0025527715433215e-08,2.3781306119841925e-08,2.27880615612376e-08
2017-01-26,6.320240429164198e-08,6.072642135815572e-08,5.898180574766615e-08
2017-01-27,3.637021279946615e-07,3.6930468234852896e-07,3.5975581085218416e-07
2017-01-30,2.850261040485524e-07,2.6633445744278536e-07,2.480607421532019e-07
2017-01-31,8.120482630859062e-08,6.983575654694496e-08,7.411307740120312e-08
2017-02-01,1.4704369080689435e-07,1.2680144590595653e-07,1.133138715471279e-07
2017-02-02,1.6653071191527056e-08,2.132052368128569e-08,2.8268616679890622e-08
2017-02-03,2.0833244847886902e-07,1.928779955404141e-07,1.8629282648583583e-07
2017-02-06,2.140943829702674e-07,1.9176068628492544e-07,1.7425067349226412e-07
2017-02-07,1.0033308696616674e-07,8.748312077664216e-08,8.90453039666719e-08
2017-02-08,3.032035027117943e-08,3.6878206530513736e-08,4.48497299123924e-08
2017-02-09,2.2827182860856089e-07,2.051172081220822e-07,1.7900204995051816e-07
2017-02-10,2.5647263214223026e-07,2.3584228360002037e-07,2.0766874883872926e-07
2017-02-13,8.710897400001772e-08,7.243738218850876e-08,6.341388730669107e-08
2017-02-14,7.855901472542687e-08,7.250344780932291e-08,6.680576143105785e-08
2017-02-15,1.424094278889104e-07,1.280003046462218e-07,1.2314140613440493e-07
2017-02-16,9.357922975873796e-08,9.854061427225693e-08,1.0650582090374578e-07
2017-02-17,2.281868237123841e-08,2.9084966421289916e-08,3.75806824631406e-08
2017-02-20,4.3796715033105344e-07,4.05918148758609e-07,3.7032775285487415e-07
2017-02-21,2.464537342555785e-08,3.442472681079481e-08,4.69950138312664e-08
2017-02-22,7.603827790984022e-08,5.964077863647376e-08,4.709235628396901e-08
2017-02-23,3.186527896574114e-07,2.710853433983713e-07,2.5062800829015525e-07
2017-02-24,4.0254177128250086e-07,3.68478669665313e-07,3.3312455208438455e-07
2017-02-27,2.1469439521161293e-08,3.289560629904733e-08,4.6195115373418794e-08
2017-02-28,1.1240023281783516e-06,1.0315204500039458e-06,9.621573207479352e-07
2017-03-01,5.46164507257329e-08,6.76675942196231e-08,8.491793537470167e-08
2017-03-02,2.5999322213763743e-08,3.8906467672852564e-08,5.8847486434869687e-08
2017-03-03,4.16522237860155e-08,5.143627527701659e-08,6.68018217836415e-08
2017-03-06,8.337380456974714e-08,7.26935134721644e-08,7.357962151621112e-08
2017-03-07,2.9572863831449747e-08,3.9165820151053434e-08,5.189970977123595e-08
2017-03-08,1.4402574110964294e-08,2.3364801353522337e-08,3.2450102537407996e-08
2017-03-09,2.6841199717417765e-08,2.934071961071699e-08,3.610140267441347e-08
2017-03-10,2.579644536426765e-07,2.4153667909292735e-07,2.1476711623507727e-07
2017-03-13,5.5615367363602544e-08,6.02019795558742e-08,6.96398824946801e-08
2017-03-14,5.399696948431263e-08,4.940693138600082e-08,4.8243791094047684e-08
2017-03-15,1.9335248175068133e-07,1.753058949338093e-07,1.5993888205174385e-07
2017-03-16,6.227330449714082e-08,5.9561481415126716e-08,6.244421864951447e-08
2017-03-17,1.1246747365335272e-07,1.0190642303972836e-07,8.588260207849967e-08
2017-03-20,4.904348782939886e-08,5.1427194101330456e-08,5.995149184142542e-08
2017-03-21,1.764240673246135e-08,1.8850709833092672e-08,2.586445277752263e-08
2017-03-22,5.534608131546122e-08,5.572167085051434e-08,6.181951859089305e-08
2017-03-23,6.233414276039358e-08,6.093333851831016e-08,6.474427446632318e-08
2017-03-24,7.67359323542501e-08,7.155843670579668e-08,6.456711959441841e-08
2017-03-27,1.1087787072242539e-07,9.886164685420237e-08,8.45609931347276e-08
2017-03-28,4.945378923884178e-07,4.7141254620303786e-07,4.3494390143191826e-07
2017-03-29,1.8137016037846544e-08,2.198524638887882e-08,3.171628117834141e-08
2017-03-30,6.135000566329576e-08,5.431748054116024e-08,5.6992920110412036e-08
2017-03-31,4.4875459041238574e-08,4.2638907222772414e-08,4.895893242061738e-08
2017-04-03,4.135739323203796e-08,3.867919665336485e-08,4.5317464524351005e-08
2017-04-04,6.897007538472363e-08,6.687133456021764e-08,6.777189119917253e-08
2017-04-05,3.503926993009372e-08,3.247986440508197e-08,3.72234317261998e-08
2017-04-06,1.7388373987512715e-07,1.6480583246880187e-07,1.495734652868387e-07
2017-04-07,2.8646596369758636e-08,2.6789056164126114e-08,3.1049583945262736e-08
2017-04-10,2.435791667192454e-08,2.306280390106337e-08,2.655148630071238e-08
2017-04-11,9.857576317956917e-08,9.099182983833061e-08,8.502364856708337e-08
2017-04-12,1.38414342732911e-07,1.408408752924141e-07,1.3991999756602052e-07
2017-04-13,8.062383171744864e-08,7.158383853161479e-08,6.732837984631067e-08
2017-04-14,8.811941273664659e-08,7.989591471716192e-08,7.412222265883966e-08
2017-04-17,2.16351264208314e-08,2.1595525811100858e-08,2.4513751890126933e-08
2017-04-18,4.916102979249556e-08,5.2739328163200034e-08,5.429214401117624e-08
2017-04-19,6.917791855634422e-08,6.356151298876095e-08,5.73722255857585e-08
2017-04-20,2.9772740344941252e-08,2.6656708657523782e-08,2.652623863359967e-08
2017-04-21,7.439081834629866e-08,7.040079793766827e-08,6.94541571773432e-08
2017-04-24,8.454856158901491e-08,8.06404067111908e-08,7.569511486773866e-08
2017-04-25,4.9266136678572695e-08,4.591013755269998e-08,4.713994046096133e-08
2017-04-26,5.38309834589514e-08,5.273260613410924e-08,5.2549671925478364e-08
2017-04-27,3.9298791406968914e-08,3.871401028953916e-08,4.012771050062892e-08
2017-04-28,2.3709339881982956e-08,2.1246542342952425e-08,2.133627984526078e-08
2017-05-01,6.649315859315507e-08,7.468229432029221e-08,7.916787890826115e-08
2017-05-02,2.5506165570142767e-08,2.2807112949737674e-08,2.5023456426765826e-08
2017-05-03,2.7036209479299342e-08,2.355949663237106e-08,2.3972405704752195e-08
2017-05-04,3.1797848838037354e-08,2.5714251085820493e-08,2.352119814678138e-08
2017-05-05,3.7654362348616795e-08,3.7561856014735445e-08,3.9437698461624475e-08
2017-05-08,7.894684521476402e-08,7.713447407729741e-08,7.374835572233449e-08
2017-05-09,1.6106893923737954e-08,1.5085246455914513e-08,1.5801291339197752e-08
2017-05-10,3.929099560776929e-08,3.796677884652314e-08,3.699595055614388e-08
2017-05-11,2.4254276065491488e-08,1.9165770670658275e-08,1.7983084360503406e-08
2017-05-12,6.21746689022541e-08,5.848244209131744e-08,5.818198153691005e-08
2017-05-15,4.4378034238462777e-08,4.125587293233944e-08,3.823969587692055e-08
2017-05-16,4.048503143539772e-08,3.736669021392109e-08,3.7658619181579804e-08
2017-05-17,4.1433986563966455e-08,3.939080922668875e-08,3.9582849853382544e-08
2017-05-18,4.0390664982308165e-08,3.545937423746158e-08,3.3786798295200364e-08
2017-05-19,3.696561544211866e-08,3.1591084736071646e-08,2.7787447783538348e-08
2017-05-22,2.213255958408392e-08,1.971522286029472e-08,1.6909693513278218e-08
2017-05-23,2.8128523960400883e-08,2.1341653160280688e-08,1.8755458408220377e-08
2017-05-24,1.7403646817818243e-08,1.662255211039326e-08,1.988646147139989e-08
2017-05-25,4.412959353224156e-08,4.0243856490758634e-08,3.939027868106925e-08
2017-05-26,2.883162117195341e-08,2.7375937994820036e-08,2.2514889729540244e-08
2017-05-29,3.119586045442516e-08,3.6685337374672066e-08,4.0876121009344934e-08
2017-05-30,2.518494484281139e-08,1.988405708774518e-08,1.7641736438929435e-08
2017-05-31,2.5313705550659844e-08,2.4448694503584593e-08,2.4975332999042873e-08
2017-06-01,1.442134579983162e-08,8.807086189804807e-09,7.869956398564332e-09
2017-06-02,1.4362011565007441e-08,9.605861520360778e-09,7.982404533401707e-09
2017-06-05,3.039011823512106e-08,2.4277171232031872e-08,2.3157316654572237e-08
2017-06-06,3.6446525114820054e-08,3.311177880701049e-08,3.087372204795737e-08
2017-06-07,3.3234329942379595e-08,2.8383835293883853e-08,2.7190978840085426e-08
2017-06-08,4.0237816599460424e-08,3.275355528612702e-08,3.006951360806343e-08
2017-06-09,3.1645096392540823e-08,2.7795225453016402e-08,2.6375399817489088e-08
2017-06-12,2.1058726253792266e-08,1.4878621814980324e-08,1.3634727357610969e-08
2017-06-13,5.523515865070988e-08,4.74446338176031e-08,4.376387049536051e-08
2017-06-14,4.385497491757653e-08,4.423124461735755e-08,4.562512736334669e-08
2017-06-15,2.4503996130460343e-08,2.2481729635182025e-08,2.2801786515494944e-08
2017-06-16,1.498690082414772e-07,1.6091433955116682e-07,1.611082584733079e-07
2017-06-19,3.337214492670501e-08,2.8539217486003803e-08,2.661351533939932e-08
2017-06-20,4.143557107355415e-08,4.2289600446045533e-08,4.4537596319470416e-08
2017-06-21,1.7830469897800008e-08,1.2837390782293638e-08,1.1525552573635595e-08
2017-06-22,9.933052378566834e-08,9.764447545088572e-08,9.685255470333428e-08
2017-06-23,2.611090557643969e-08,2.0612771285138144e-08,1.917459443523188e-08
2017-06-26,2.0507554800102002e-08,1.3792828559742319e-08,1.4240010542376809e-08
2017-06-27,2.131814903748906e-08,1.5047594387326475e-08,1.3849662480175905e-08
2017-06-28,2.3596341302454628e-08,1.7064981929004413e-08,1.6180110059126697e-08
2017-06-29,3.458499622798286e-08,2.940766291943757e-08,2.8518924151335245e-08
2017-06-30,4.614411883113547e-08,4.609928722760082e-08,4.6174895481778e-08
2017-07-03,2.6060853451548695e-08,1.713238741278982e-08,1.6118447542167674e-08
2017-07-04,3.540862046805039e-08,2.9239931651448438e-08,2.6573967249355806e-08
2017-07-05,1.6461179852438164e-08,9.756515702055324e-09,8.309844660554726e-09
2017-07-06,2.911638198118152e-08,2.1112286341073062e-08,1.886502229283707e-08
2017-07-07,2.279231689696925e-08,1.4122947697083623e-08,1.1480028681964207e-08
2017-07-10,1.7346804622784148e-08,1.2062187428328384e-08,1.1520116225916466e-08
2017-07-11,2.5947088972956037e-08,1.826383362514723e-08,1.575559003079819e-08
2017-07-12,1.5020495454559292e-08,6.7942970681800045e-09,5.793529866765851e-09
2017-07-13,2.4689750453562507e-08,1.6485124736399544e-08,1.5564020607080798e-08
2017-07-14,1.595592398933259e-08,7.4205317705588904e-09,5.823669341499786e-09
2017-07-17,1.6587108892880273e-08,1.80893724165179e-08,1.8460945442196572e-08
2017-07-18,1.6025672655225594e-08,6.028646828110913e-09,4.873910150819126e-09
2017-07-19,1.767474792432e-08,9.24862444347281e-09,8.496150528692214e-09
2017-07-20,1.6932278455189588e-08,6.419393251000742e-09,5.174033095253186e-09
2017-07-21,2.7611286510472496e-08,1.7548179209071204e-08,1.5676483893774005e-08
2017-07-24,2.1425281211658408e-08,1.3207948310023166e-08,1.2942342366363997e-08
2017-07-25,2.2368866235154247e-08,1.4344628590531031e-08,1.2594479934189108e-08
2017-07-26,4.0976664866271443e-08,4.050294111573761e-08,4.145457638709121e-08
2017-07-27,3.086260439340604e-08,2.2170083845173957e-08,1.9934365675602517e-08
2017-07-28,1.8372743958095493e-08,9.529598018166685e-09,7.680625606024205e-09
2017-07-31,1.853521917947789e-08,1.1402326157370594e-08,1.0538832483834613e-08
2017-08-01,1.7862095490457777e-08,7.766104844834422e-09,5.81429818474991e-09
2017-08-02,1.5576691066744087e-08,7.77325326932671e-09,7.688292263720516e-09
2017-08-03,1.6060189203326646e-08,6.835428563597929e-09,6.009178256978224e-09
2017-08-04,1.9113552254777483e-08,8.901158517263066e-09,7.571232636141296e-09
2017-08-07,2.6255685397819353e-08,1.587628008855088e-08,1.2938012247148213e-08
2017-08-08,1.3653102511256239e-08,1.0150822004208856e-08,1.0425986258964557e-08
2017-08-09,2.1255407006160763e-08,1.4236594442773806e-08,1.256596619470412e-08
2017-08-10,5.133665631528479e-08,4.190610068771236e-08,3.810917483461027e-08
2017-08-11,2.2022937526171227e-08,1.3378156507780912e-08,1.1552229642944461e-08
2017-08-14,3.942228216724235e-08,4.6619590849977014e-08,4.757581331698219e-08
2017-08-15,6.867472458113536e-08,6.919680129107738e-08,6.666725512930903e-08
2017-08-16,4.839898617969972e-08,4.1960027790728145e-08,3.565251317753021e-08
2017-08-17,2.203197203449703e-08,1.861814175421492e-08,1.8500015861522404e-08
2017-08-18,1.3545248753532197e-07,1.309697042753762e-07,1.1776194055405819e-07
2017-08-21,2.61518079722691e-07,2.697127338901327e-07,2.553978032989388e-07
2017-08-22,4.4945236089694065e-08,4.3925268645236245e-08,3.853100648077703e-08
2017-08-23,7.852909393642192e-08,7.608240391137448e-08,7.045127512021422e-08
2017-08-24,1.8070433045444917e-08,1.5328302061360275e-08,1.775061529801648e-08
2017-08-25,8.63981557537207e-08,8.250579104487249e-08,7.4497319254298e-08
2017-08-28,4.976955435372825e-08,4.7358663316925824e-08,4.2387447725010004e-08
2017-08-29,5.684551853916403e-08,5.406181551962725e-08,4.8632057607754646e-08
2017-08-30,3.899808571600876e-08,3.657722227918648e-08,3.7648024157338304e-08
2017-08-31,8.966852006489465e-08,9.013144109550295e-08,8.002214077803803e-08
2017-09-01,1.4757464052337729e-08,1.2500230214473485e-08,1.292021165517396e-08
2017-09-04,3.0464544740242814e-08,3.0740488582005595e-08,3.448197463129032e-08
2017-09-05,1.9537826020652907e-08,1.5188932317823186e-08,1.62539151324921e-08
2017-09-06,4.544548666753887e-08,4.3182922503059775e-08,4.602745744462641e-08
2017-09-07,3.3471343128229945e-08,2.8584892677640198e-08,2.3718045663992435e-08
2017-09-08,1.0615804506023122e-07,1.0300168689521803e-07,8.89178747894154e-08
2017-09-11,1.7808324422593063e-08,1.2894733182205768e-08,1.1688448252548201e-08
2017-09-12,3.152186544497534e-08,2.694436891703947e-08,2.5069425483572285e-08
2017-09-13,3.431403746844777e-08,3.6446869153716194e-08,3.95163667814892e-08
2017-09-14,5.731728904610596e-08,5.290914810755786e-08,4.610015482240764e-08
2017-09-15,8.552856457492333e-08,1.0043988362157153e-07,1.0935766700192412e-07
2017-09-18,7.489797648924875e-08,7.086455222887281e-08,6.077297261926695e-08
2017-09-19,2.2195116668931916e-07,2.3130777561210884e-07,2.2837791478552077e-07
2017-09-20,3.4392493126993575e-08,3.226183405428221e-08,3.2761482406465654e-08
2017-09-21,5.5553555141412484e-08,5.704073450322267e-08,5.701071571276373e-08
2017-09-22,4.485301241012978e-08,4.576385737347697e-08,5.5298342726247366e-08
2017-09-25,2.0359262263737156e-08,1.9276760935105558e-08,1.9225442308808546e-08
2017-09-26,1.229948765894153e-07,1.242241238462378e-07,1.1740643108266425e-07
2017-09-27,2.0541007379479345e-07,1.9818266323910908e-07,1.9183886419685147e-07
2017-09-28,4.46329894394041e-08,4.351933774898181e-08,4.0428129023180924e-08
2017-09-29,2.524092755117357e-08,2.4750678517454126e-08,2.6465526473521442e-08
2017-10-02,1.7340534187503e-07,1.710589823696182e-07,1.6872850533240914e-07
2017-10-03,3.4661155958786347e-08,3.218868945231312e-08,3.15337412613909e-08
2017-10-04,2.534963661601857e-08,2.4943020429786665e-08,2.3916577731581042e-08
2017-10-05,1.9418877019236794e-08,1.723894011783613e-08,1.6601412170897592e-08
2017-10-06,9.74396510807551e-08,9.173637715534554e-08,8.172924197418955e-08
2017-10-09,2.846563651386942e-08,2.7435422079997622e-08,2.6034989286295658e-08
2017-10-10,3.3235482624562994e-08,3.0213987023416445e-08,2.8869185863376363e-08
2017-10-11,1.1408791752041819e-07,1.098531836824368e-07,1.0344814535896549e-07
2017-10-12,2.4686198290707647e-08,2.166240697884876e-08,1.9548190855584038e-08
2017-10-13,1.0969312647404029e-07,1.0528348948691237e-07,9.529662410089847e-08
2017-10-16,4.98438684820863e-08,4.597032974234641e-08,3.891718811624301e-08
2017-10-17,7.694010095886759e-08,8.584077092336087e-08,9.257018689650931e-08
2017-10-18,5.960757516403178e-08,5.6148151045428024e-08,4.915786960017198e-08
2017-10-19,3.5871231683196216e-08,3.415213096054509e-08,3.6539026142568584e-08
2017-10-20,1.1935557668348608e-07,1.1602027178461777e-07,1.014838457972128e-07
2017-10-23,3.2719198577868597e-07,3.261994069156912e-07,3.0968507169686896e-07
2017-10-24,1.6755937994757893e-07,1.6745442328066935e-07,1.6082395920632012e-07
2017-10-25,1.5622333720812752e-08,1.7000247050783913e-08,1.4519123910700528e-08
2017-10-26,5.126529279502735e-08,4.799808332673027e-08,4.525420578926535e-08
2017-10-27,3.199682015160123e-08,3.2849641856949984e-08,2.9468847436023658e-08
2017-10-30,5.379661884120408e-08,5.14632984311424e-08,4.509234722950387e-08
2017-10-31,6.444884637062136e-08,6.355029159912003e-08,5.934278006903757e-08
2017-11-01,5.075163652916171e-07,5.051766801194012e-07,4.641964226967247e-07
2017-11-02,2.846315483876173e-08,3.1104476506263795e-08,2.4259252477461137e-08
2017-11-03,3.198940034035959e-08,3.150346910005908e-08,3.6313380197710325e-08
2017-11-06,1.624908420341239e-07,1.573993562489052e-07,1.4159804436406548e-07
2017-11-07,2.2778927298170415e-08,2.3178441111970965e-08,2.131345792277184e-08
2017-11-08,7.850874658303496e-08,7.584467229506773e-08,5.337385962623698e-08
2017-11-09,5.2717442008376286e-08,5.236600093021683e-08,6.199551434281395e-08
2017-11-10,1.515528765035369e-07,1.5453168694733234e-07,1.3900997809252104e-07
2017-11-13,2.5393021190594068e-08,2.358608674188518e-08,2.295038294380972e-08
2017-11-14,1.0469065770671893e-07,1.0158313819864966e-07,1.1305083946386573e-07
2017-11-15,2.618912759209167e-08,2.3316743614373882e-08,2.981881504138937e-08
2017-11-16,1.174410814889883e-07,1.0040229539016321e-07,1.0319599963048835e-07
2017-11-17,2.740726322103375e-08,1.9724192086037365e-08,2.3865086900915125e-08
2017-11-20,7.613503006814513e-08,7.794725131827784e-08,7.196598397280346e-08
2017-11-21,4.07208461680784e-08,3.5273487351864707e-08,3.35191186654344e-08
2017-11-22,1.3513100354052476e-07,1.2809156347117008e-07,1.0562015045666734e-07
2017-11-23,7.741117696466023e-08,5.965276080232493e-08,6.212080385713955e-08
2017-11-24,3.875831019773667e-08,3.423968826333566e-08,3.469627703097884e-08
2017-11-27,1.6253067476854974e-08,1.300793105387783e-08,1.6461811225889653e-08
2017-11-28,5.609888648070537e-08,4.269227969596111e-08,5.083079835949946e-08
2017-11-29,7.17019080009608e-07,6.759775216665889e-07,6.827412507446012e-07
2017-11-30,9.450700521256274e-08,8.318314999530822e-08,8.03728804525038e-08
2017-12-01,2.0303140760525754e-06,1.8774564313325274e-06,1.8689295424629366e-06
2017-12-04,2.0788705953972504e-07,1.7114827064328014e-07,1.6506861760452847e-07
2017-12-05,3.9678183070000505e-08,4.9887339445875424e-08,5.019913837269353e-08
2017-12-06,3.717563469262945e-08,6.244516638012973e-08,6.362797924589569e-08
2017-12-07,3.8426753129683095e-08,5.861742862081285e-08,5.7530844670567136e-08
2017-12-08,3.7187124282836663e-07,2.8581119418901146e-07,2.7710764792443187e-07
2017-12-11,2.7019314536414106e-08,3.422322851127004e-08,3.780119033048219e-08
2017-12-12,2.6330815663574958e-08,3.475389084348916e-08,4.0363181724759536e-08
2017-12-13,3.4291068588453006e-08,3.1706211045115526e-08,3.5147562199301013e-08
2017-12-14,1.221117922252191e-07,1.1822180219984897e-07,1.1434276313461833e-07
2017-12-15,1.6863316716847674e-08,2.0447480642577155e-08,2.4248730880328937e-08
2017-12-18,2.3687466792364685e-08,3.247384769906675e-08,3.016232272933297e-08
2017-12-19,2.3000158957082616e-08,2.4136715549775296e-08,2.7216764737208534e-08
2017-12-20,3.594620938472653e-08,3.190839795156772e-08,2.8761884822499802e-08
2017-12-21,2.074834526170103e-08,2.0977300858704244e-08,2.0796012456223784e-08
2017-12-22,6.195134113098792e-08,5.423985440407932e-08,4.964995420743949e-08
2017-12-25,3.625404058883665e-08,3.580888625242196e-08,3.574880036677489e-08
2017-12-26,2.751442122160925e-08,2.4622851518723136e-08,2.107289842391225e-08
2017-12-27,2.4104774449695364e-08,2.47774749403464e-08,2.473207927799616e-08
2017-12-28,7.873597624329484e-08,7.649119799269635e-08,7.534343284380512e-08
2017-12-29,6.597678944032371e-08,6.234718549623533e-08,6.476925727803476e-08
2018-01-01,2.7993360983187614e-08,2.6638286535998014e-08,2.608986728658455e-08
2018-01-02,1.6527250223485792e-08,1.925481536448406e-08,1.972310334358408e-08
2018-01-03,2.6800624512635443e-08,2.1944103628812032e-08,2.1121809904508537e-08
2018-01-04,1.65246156841786e-08,1.2750367490681307e-08,1.23863786564115e-08
2018-01-05,5.082579033060081e-08,4.284474229777699e-08,4.007647546390773e-08
2018-01-08,3.1240401804629226e-08,2.3890176476263856e-08,2.1501966050765317e-08
2018-01-09,1.643951212083218e-08,1.058128095531962e-08,1.035918186303124e-08
2018-01-10,3.5566713119466335e-08,3.26585851137207e-08,3.18100890882736e-08
2018-01-11,2.9628700009711323e-08,1.8989394966833593e-08,1.760633136288069e-08
2018-01-12,3.130656983960229e-08,2.0838931286399276e-08,1.797815427344285e-08
2018-01-15,1.9634438901935654e-08,1.809868556078663e-08,1.8298453388178654e-08
2018-01-16,1.3359591352902616e-08,9.937702704106168e-09,1.0759926825523715e-08
2018-01-17,4.4783605262985e-08,3.633879833278851e-08,3.6178638449311955e-08
2018-01-18,2.4399206864713005e-08,1.6231178827252665e-08,1.4832409133799648e-08
2018-01-19,2.7715838715719298e-08,2.0658785511337426e-08,1.8704227275132586e-08
2018-01-22,4.9764943321657547e-08,3.8261743511570336e-08,3.372724539198843e-08
2018-01-23,2.957740518247101e-08,2.3504717572425246e-08,2.2626234181937905e-08
2018-01-24,1.6287837019763318e-08,8.23663651971836e-09,7.087013764953737e-09
2018-01-25,2.9548994567870148e-08,2.1978656195082253e-08,2.1207132205760663e-08
2018-01-26,3.2186748753515244e-08,2.5308250043902754e-08,2.4045765964514124e-08
2018-01-29,2.667179235897753e-08,1.9660265337226392e-08,1.9264025574731516e-08
2018-01-30,3.1034316757570346e-08,2.9837725439939206e-08,3.0500669605473504e-08
2018-01-31,2.4901020671800663e-08,1.863664007253814e-08,1.8028804154204564e-08
2018-02-01,2.8363201048096723e-08,2.1246985747324924e-08,1.8802641232076047e-08
2018-02-02,5.305247494206547e-08,4.488818015593114e-08,3.875146389189054e-08
2018-02-05,2.2486730933190212e-08,1.4185379049152258e-08,1.1556702952669736e-08
2018-02-06,9.44024098442508e-08,8.51049774113472e-08,7.948147633382594e-08
2018-02-07,1.5940350122178168e-08,9.387816894917735e-09,8.417137463619335e-09
2018-02-08,3.7436793747776075e-08,3.793181514457344e-08,3.2367861299864593e-08
2018-02-09,2.342378613113914e-08,1.95806981734271e-08,1.986165633946651e-08
2018-02-12,4.0305940044291026e-08,4.569607353667153e-08,4.7571030806957965e-08
2018-02-13,2.4897913074366466e-08,1.767700441746044e-08,1.5641504866002226e-08
2018-02-14,3.202978292160394e-08,2.3358009266021648e-08,1.891639577714768e-08
2018-02-15,1.4715188666056801e-08,6.668066607957598e-09,5.4478023296617026e-09
2018-02-16,2.2907370620385026e-08,1.5246511201669817e-08,1.3554487339472182e-08
2018-02-19,3.167125095542587e-08,2.5011873475300255e-08,2.3771873197296088e-08
2018-02-20,4.487935253820336e-08,3.803905553285267e-08,3.372269393262694e-08
2018-02-21,4.439451409680017e-08,3.8328206978679295e-08,3.8114802458109746e-08
2018-02-22,4.351202748070316e-08,4.1095485596214075e-08,3.9294118621833706e-08
2018-02-23,2.929464145338817e-08,2.1909916941533467e-08,1.7024779872383354e-08
2018-02-26,1.8493639751951584e-08,1.1440156520219496e-08,9.28681340593381e-09
2018-02-27,3.010003017746279e-08,2.2180368805065524e-08,1.9760819620732378e-08
2018-02-28,1.846834450036922e-08,1.0282897765933869e-08,8.68399696295089e-09
2018-03-01,2.119635008882416e-08,1.2062191889983355e-08,1.0210116648062832e-08
2018-03-02,4.398730334318211e-08,3.472956175999101e-08,3.203234049032988e-08
2018-03-05,1.662918973262942e-08,1.247346494947433e-08,1.283239655000112e-08
2018-03-06,1.635025828350613e-08,7.777144229601496e-09,5.294051996218604e-09
2018-03-07,1.0075113359647953e-08,5.5237948705141755e-09,5.459480864846105e-09
2018-03-08,2.0184280062351022e-08,1.094204244822753e-08,8.308296710138919e-09
2018-03-09,1.5573121451763592e-08,9.123208600840024e-09,8.017241120749122e-09
2018-03-12,7.079665235761124e-08,6.246632296132774e-08,5.930702770645871e-08
2018-03-13,4.9163768865856185e-08,3.9796833954233336e-08,3.655114120488069e-08
2018-03-14,3.99331887979525e-08,3.2086751303981495e-08,2.9612520844910462e-08
2018-03-15,2.6305205043793822e-08,1.8297888325443813e-08,1.5164875905109374e-08
2018-03-16,2.193598382752787e-08,1.2669865248283886e-08,1.0622698795346947e-08
2018-03-19,2.4126192118783502e-08,2.2684908698588966e-08,2.5719793186538153e-08
2018-03-20,2.9024233206710586e-08,1.9700717908813404e-08,1.5289528249716194e-08
2018-03-21,3.007729366013174e-08,3.470991268870147e-08,3.900510692944208e-08
2018-03-22,5.660473982042572e-08,4.660671446425542e-08,4.271869703802262e-08
2018-03-23,1.9400147235827295e-07,1.794600405652065e-07,1.6627301045573393e-07
2018-03-26,3.242287631247252e-08,2.5879921013694917e-08,2.1105520178900657e-08
2018-03-27,2.7196786801238422e-08,2.020000275128199e-08,1.7726508504245697e-08
2018-03-28,2.249174472544517e-08,1.4637379876685899e-08,1.3070824738261511e-08
2018-03-29,9.767883166018094e-08,8.936808545540013e-08,8.582537173096266e-08
2018-03-30,4.069717617057686e-08,3.940603179639568e-08,3.6580790660553655e-08
2018-04-02,8.214503718200745e-08,7.062997810638299e-08,6.882350773882501e-08
2018-04-03,2.413088664147768e-08,1.7825477840744792e-08,1.502562193951376e-08
2018-04-04,1.708615739566511e-08,1.4633609003646665e-08,1.4100066546513322e-08
2018-04-05,3.3552429942116296e-08,2.5144389198495476e-08,2.2087192684184407e-08
2018-04-06,2.036304460345304e-08,1.3222578073128842e-08,1.3925435171970198e-08
2018-04-09,1.4619101512857173e-07,1.3829252757123376e-07,1.3349717313250987e-07
2018-04-10,2.002758170282285e-08,2.1856635641826746e-08,2.4664721898485914e-08
2018-04-11,3.687273961494004e-08,3.296974991943556e-08,2.9490555478280747e-08
2018-04-12,3.2003132080973545e-08,2.8956972945479623e-08,2.4457871280228765e-08
2018-04-13,1.0909659396228097e-07,1.053874528475677e-07,9.909210678260426e-08
2018-04-16,3.1090319430519955e-08,2.4008334799386354e-08,1.9768379218310593e-08
2018-04-17,9.543519468690348e-08,9.573731384731958e-08,8.894490684312049e-08
2018-04-18,6.17493738795418e-08,5.584386337161795e-08,4.515606494115158e-08
2018-04-19,3.578427155239101e-08,2.980715542325633e-08,2.407180729514938e-08
2018-04-20,1.533927390393203e-08,9.819280792515395e-09,7.917772117638176e-09
2018-04-23,2.0348383479962105e-08,1.5283030581623543e-08,1.3836113761861917e-08
2018-04-24,2.733105503302092e-08,2.169375746529532e-08,1.9369403287798564e-08
2018-04-25,1.701651315397495e-08,1.0110752198012304e-08,7.2936937075011664e-09
2018-04-26,2.1151553222997295e-08,1.6797638408162092e-08,1.7619848176060053e-08
2018-04-27,5.466018471836267e-08,5.4137154109209096e-08,5.1016792137428554e-08
2018-04-30,3.6383530141177376e-08,3.291666035373943e-08,3.3394886201660624e-08
2018-05-01,2.7312313688684463e-08,2.4387209932856816e-08,2.376202408779121e-08
2018-05-02,8.087359008215354e-08,7.879689511932877e-08,7.676160033025248e-08
2018-05-03,1.2944575757535385e-07,1.2610822250624308e-07,1.253808115073657e-07
2018-05-04,6.445934632000552e-08,6.428478115594683e-08,6.895528271662332e-08
2018-05-07,5.2114347636470735e-08,4.8073089164270534e-08,4.380736052514069e-08
2018-05-08,7.498091813523103e-08,7.246004526461923e-08,6.719046694869242e-08
2018-05-09,4.4469472696369864e-07,4.569658627225144e-07,4.652095897629756e-07
2018-05-10,3.579698420667188e-08,3.519369858631304e-08,3.2176770656668695e-08
2018-05-11,3.726586109556613e-08,3.2254570816810516e-08,2.5146160581147065e-08
2018-05-14,6.805114454938026e-08,6.255191501061254e-08,6.444780803921655e-08
2018-05-15,1.0546312616441816e-07,9.349798484074062e-08,8.455072048800509e-08
2018-05-16,3.348954736408087e-08,3.190512803317073e-08,3.229394897539396e-08
2018-05-17,1.2439592143045945e-07,1.205988837636967e-07,1.1742868122165327e-07
2018-05-18,1.5224117945333204e-08,1.4715956050409096e-08,1.5294525739088173e-08
2018-05-21,4.937716954038856e-08,4.414082303929936e-08,4.4291596777528005e-08
2018-05-22,2.7448417666891177e-08,2.4911871340532937e-08,2.3714209397670286e-08
2018-05-23,3.812937118818317e-08,3.8614731497451997e-08,3.999886785218391e-08
2018-05-24,3.080284036964146e-07,3.089500509118484e-07,3.0539217513757246e-07
2018-05-25,1.014978041971327e-07,1.0129394871632494e-07,9.707476671191176e-08
2018-05-28,3.241236389319076e-08,3.33416254296139e-08,3.547941029906461e-08
2018-05-29,3.071717451670116e-08,3.000614038104878e-08,3.010341725574533e-08
2018-05-30,1.3097294929991784e-07,1.2560262634595516e-07,1.1937048344577641e-07
2018-05-31,1.7523170055453681e-07,1.667411237030697e-07,1.642521592552425e-07
2018-06-01,5.4171500828827784e-08,5.333555242984198e-08,5.2273315326651624e-08
2018-06-04,2.7110476228996516e-07,2.679341038060855e-07,2.6776252490598904e-07
2018-06-05,2.780275071376633e-08,3.309801019657615e-08,3.5002144644825163e-08
2018-06-06,3.3203331980069635e-08,3.255299441019155e-08,3.369299472340052e-08
2018-06-07,5.021140677371395e-08,4.898016217837442e-08,4.7554846426396043e-08
2018-06-08,7.846352509574873e-08,6.873046752867877e-08,6.714080369044847e-08
2018-06-11,1.7827810407959623e-08,1.5554531358749173e-08,1.3805186700586243e-08
2018-06-12,5.165787071463331e-07,5.019812101162417e-07,4.917614569695171e-07
2018-06-13,5.0996703878419526e-08,5.311911476497808e-08,5.780448042577493e-08
2018-06-14,3.796445707902173e-08,4.3863938459680514e-08,4.696262102734053e-08
2018-06-15,3.260531871462604e-08,3.1573080142989974e-08,3.321031947201371e-08
2018-06-18,2.785657850858302e-08,3.123874449188416e-08,3.477450883163105e-08
2018-06-19,1.677613280712444e-08,1.4085980020028529e-08,1.5023256280671915e-08
2018-06-20,1.4131848567835257e-08,1.0708381278879996e-08,1.1089950435962788e-08
2018-06-21,3.115008622678186e-08,2.9829355404127273e-08,2.9661941298071594e-08
2018-06-22,7.290946822902438e-08,7.857550285744986e-08,7.79499504604062e-08
2018-06-25,6.66850922559276e-08,6.546840706999773e-08,6.341105440211256e-08
2018-06-26,3.0957549173300867e-08,2.7751887751795242e-08,2.733890765961377e-08
2018-06-27,1.3604020630568622e-07,1.2883270643036025e-07,1.243517338494821e-07
2018-06-28,5.886128051220213e-08,5.477757966373772e-08,5.351034315654773e-08
2018-06-29,4.429223596952831e-07,4.599423294363534e-07,4.5891809882826356e-07
2018-07-02,1.7122845805204035e-07,1.6591100163471386e-07,1.5969642434734953e-07
2018-07-03,3.928477849761914e-08,3.9149027917497434e-08,3.990996888686531e-08
2018-07-04,1.47741155924069e-08,1.6623816827462616e-08,1.732466181689805e-08
2018-07-05,7.738493173818657e-08,8.514935772903929e-08,8.63808547726548e-08
2018-07-06,2.9077393266630208e-08,2.965825947931206e-08,3.046639069837247e-08
2018-07-09,2.575619279375902e-08,2.593642369092456e-08,2.490677301648243e-08
2018-07-10,5.2261822130491664e-08,4.9985399041571807e-08,5.062887644930867e-08
2018-07-11,4.067628106427649e-08,3.777156963635949e-08,3.797591770846438e-08
2018-07-12,6.839429473898059e-08,7.212088879437527e-08,6.868217263391753e-08
2018-07-13,1.232285203129996e-07,1.260835944116012e-07,1.22042131065082e-07
2018-07-16,8.208773675622633e-08,8.386111778860545e-08,8.417569174327435e-08
2018-07-17,1.875988992533526e-08,1.996633792179438e-08,1.9790015072566777e-08
2018-07-18,1.0057013776226418e-07,1.0531686483969996e-07,1.0196826373892925e-07
2018-07-19,1.9800015280927993e-08,1.962117450436565e-08,2.0041004029664353e-08
2018-07-20,5.65895965683482e-08,5.4642451322494065e-08,4.941344178399627e-08
2018-07-23,1.0483017295148489e-07,1.0589577757484121e-07,9.989505074560319e-08
2018-07-24,3.2065366789374594e-08,3.326793225195977e-08,3.342328634323165e-08
2018-07-25,2.286385993331211e-08,2.1842587383147495e-08,2.1477406088664376e-08
2018-07-26,3.0525752023444747e-07,3.0139839649368134e-07,2.9033207596532056e-07
2018-07-27,1.17827841349326e-07,1.1712755859174596e-07,1.0428555664930131e-07
2018-07-30,4.271506098841246e-07,4.0510063749620463e-07,3.8411965193451433e-07
2018-07-31,5.748155614880875e-08,6.142200825808138e-08,6.840932616866927e-08
2018-08-01,6.088770294813626e-08,6.552058418709552e-08,6.391351593730775e-08
2018-08-02,9.892814582555928e-08,1.0533304507703423e-07,1.0028680796067967e-07
2018-08-03,2.997355898729194e-08,3.426518369329226e-08,3.102965629673164e-08
2018-08-06,1.0716602729623465e-07,9.718103827530169e-08,9.097355602947551e-08
2018-08-07,2.311553631628586e-08,3.0836937697741924e-08,3.1218659293564305e-08
2018-08-08,3.190688810005376e-07,2.964599674838732e-07,2.8848655973116003e-07
2018-08-09,3.947578004952044e-08,4.6913844246219033e-08,4.806573625954868e-08
2018-08-10,1.8544302182186713e-08,2.5357161091302265e-08,2.9069780424673743e-08
2018-08-13,1.4602779133019279e-08,1.9110127031298587e-08,2.089435715864197e-08
2018-08-14,6.23832260522427e-08,6.645729497230989e-08,6.546879060471178e-08
2018-08-15,2.3949129280026084e-08,2.517041987869017e-08,2.4429072627226498e-08
2018-08-16,7.00777286067399e-08,7.332105316931564e-08,6.938134801359534e-08
2018-08-17,2.0265425083045648e-08,1.945192499777989e-08,1.9030279634793267e-08
2018-08-20,1.541900125712538e-08,1.3258122992177247e-08,1.3071229330593163e-08
2018-08-21,1.0909037725288629e-07,1.0275270421177034e-07,9.100008587926858e-08
2018-08-22,3.699420884164249e-08,3.673454840896438e-08,3.3843369125666386e-08
2018-08-23,1.542784708240811e-08,1.2070318068203374e-08,1.0968691228411872e-08
2018-08-24,1.2121433745507837e-07,1.202854908600942e-07,1.161593820284331e-07
2018-08-27,1.5303389616447696e-08,1.3309127295954195e-08,1.4090745856399626e-08
2018-08-28,2.463595849530148e-08,2.1999516092973066e-08,2.1557206126078715e-08
2018-08-29,3.6825062988015136e-08,3.1548240255069105e-08,2.4942897642756987e-08
2018-08-30,2.6009832760010194e-08,2.2226663590068135e-08,2.0097808180784744e-08
2018-08-31,2.4294981701001553e-08,1.9937432078413305e-08,1.9390865149997096e-08
2018-09-03,5.8514210582418026e-08,5.307427296668542e-08,4.923282529115136e-08
2018-09-04,3.1238517432756347e-08,2.582704352724468e-08,2.5251689873031687e-08
2018-09-05,1.7832920205043015e-08,1.1804042387345326e-08,1.0405036687589443e-08
2018-09-06,3.7734856469950364e-08,3.753481756649902e-08,3.85825700942191e-08
2018-09-07,4.2924681173905963e-07,4.5934860035806343e-07,4.6051253432583957e-07
2018-09-10,1.8716444525787916e-08,1.7678257520998396e-08,1.777948144036133e-08
2018-09-11,6.898642905028766e-08,6.687506369626679e-08,6.830700239369321e-08
2018-09-12,7.017782206446924e-08,7.05530061967324e-08,6.747530330862097e-08
2018-09-13,1.1031235304211669e-07,1.1068178416426033e-07,1.0428117303063055e-07
2018-09-14,8.800637145820076e-08,8.518007753294597e-08,6.814343809382148e-08
2018-09-17,3.6093729351135075e-08,3.451609536413367e-08,3.23423618145585e-08
2018-09-18,3.052745427289526e-08,2.901138789476735e-08,2.700957036602528e-08
2018-09-19,1.0103835145792214e-07,9.997349078643688e-08,1.006743731594689e-07
2018-09-20,3.891651173340468e-08,3.682787593364634e-08,3.1393437277554584e-08
2018-09-21,9.00953601158981e-08,8.533072563615166e-08,7.118086982875156e-08
2018-09-24,2.5851163825783617e-08,2.5984216839262114e-08,2.5023901048133002e-08
2018-09-25,6.430760031639333e-08,6.002271232830054e-08,4.826106777214051e-08
2018-09-26,4.3390393345784237e-08,4.1812537461250144e-08,3.428709066702787e-08
2018-09-27,8.011797861699024e-08,7.774073355811229e-08,6.187393447773582e-08
2018-09-28,1.9427816312208464e-08,1.810202196034282e-08,1.6871596804750572e-08
2018-10-01,1.0782349328675504e-07,1.1245551724201517e-07,1.2067929850551028e-07
2018-10-02,3.674700131360894e-08,3.631832663499124e-08,3.179390829072714e-08
2018-10-03,1.2774058748829246e-07,1.3314545219034804e-07,1.3494270425745564e-07
2018-10-04,1.663773439735881e-08,1.6321578194380757e-08,2.003681980160125e-08
2018-10-05,1.774016286435616e-08,1.6805848097323688e-08,2.016596040799052e-08
2018-10-08,5.1024155556626054e-08,4.878881411037133e-08,4.4738229969857374e-08
2018-10-09,2.3304295353420113e-08,2.068483126672239e-08,1.9009804385169363e-08
2018-10-10,2.112969997373678e-08,1.7229722381128447e-08,1.3721429147755144e-08
2018-10-11,3.502644765343767e-08,3.245910653425961e-08,3.071468541151886e-08
2018-10-12,3.176383570548695e-08,2.7242457839360745e-08,2.2121563907871576e-08
2018-10-15,8.449969708813085e-08,7.812473351632983e-08,6.78840554267685e-08
2018-10-16,2.9622410667198056e-08,2.3544442667109022e-08,2.136339482542338e-08
2018-10-17,2.4327793699792824e-08,1.966957947803273e-08,2.0902887380018932e-08
2018-10-18,4.226001468412075e-07,4.448574326145382e-07,4.5376297760802826e-07
2018-10-19,2.7814208282281515e-08,2.6066807280582406e-08,2.797478333045898e-08
2018-10-22,8.613630570432966e-08,8.306833257614825e-08,7.99519926477415e-08
2018-10-23,6.11657209880815e-08,5.479039981990537e-08,4.667366411312003e-08
2018-10-24,4.599687321639785e-08,4.172332693962066e-08,3.663264187512075e-08
2018-10-25,2.1181206899560403e-07,2.106930558790934e-07,1.9981664349135828e-07
2018-10-26,3.488174489597717e-08,3.5839211921791015e-08,3.281646239939179e-08
2018-10-29,8.652984320282567e-08,8.569562028620316e-08,7.406935767806663e-08
2018-10-30,3.036810909403056e-07,2.952524306994941e-07,2.5597876093534544e-07
2018-10-31,4.2493627299463813e-08,4.2198976855121296e-08,4.705180108937957e-08
2018-11-01,2.610594451453794e-08,2.4368033222470193e-08,2.9134114158851223e-08
2018-11-02,8.87269062378519e-08,8.946849756064529e-08,9.032051000638094e-08
2018-11-05,7.936577552154265e-08,8.210169276856151e-08,8.459788031839086e-08
2018-11-06,2.232135614832382e-08,2.333543995622888e-08,2.368710089249328e-08
2018-11-07,1.7372764216373245e-07,1.6622969932583663e-07,1.5470144116992591e-07
2018-11-08,8.025528332393348e-08,6.648031272530692e-08,6.553237967709289e-08
2018-11-09,2.2112448209434765e-07,1.9950312776306916e-07,1.8333848545321976e-07
2018-11-12,1.542814354072972e-07,1.5793730182933681e-07,1.436605046244413e-07
2018-11-13,3.189568714032436e-08,2.282694562266816e-08,2.4444642443796593e-08
2018-11-14,1.663796314479564e-08,1.987890180914676e-08,1.9724868086453676e-08
2018-11-15,2.2464923223443293e-08,2.499839606405291e-08,2.4037386577579924e-08
2018-11-16,1.305416412175532e-07,1.0696675217684507e-07,9.80301533408348e-08
2018-11-19,1.8141358105095704e-08,1.988354181850157e-08,2.0038334191482397e-08
2018-11-20,1.7376023660426854e-08,1.696768304105529e-08,1.927796333661972e-08
2018-11-21,2.6277189267939462e-08,2.5700595885319643e-08,2.720928589455053e-08
2018-11-22,2.452667371509489e-07,2.257647957598834e-07,2.0429231817984924e-07
2018-11-23,4.9634539449218976e-08,5.164535233958548e-08,5.530876967212355e-08
2018-11-26,3.2200708305545495e-08,2.920658300057536e-08,3.154842687441447e-08
2018-11-27,2.4050738451900333e-08,2.120851061500815e-08,2.0514543670160105e-08
2018-11-28,3.4782706933575614e-08,3.599531102522574e-08,3.561042045092506e-08
2018-11-29,1.3057861954097944e-08,1.4791695128655498e-08,1.7181033458488278e-08
2018-11-30,4.3720861323334983e-07,4.371987210727212e-07,4.3385698306316686e-07
2018-12-03,1.8996189253800874e-08,2.063674032637855e-08,2.409987306312283e-08
2018-12-04,2.3354835102253952e-07,2.1447724915994332e-07,1.9118701265216637e-07
2018-12-05,1.6233003793387622e-08,1.868363867272728e-08,2.496525399422524e-08
2018-12-06,3.6482088407141325e-08,3.6871072884626026e-08,4.042767486954121e-08
2018-12-07,1.4328035354528784e-08,1.3776114191566327e-08,1.4768601524937965e-08
2018-12-10,4.8098999117610825e-08,4.6060462878529284e-08,4.9302137945294124e-08
2018-12-11,3.7203923062009554e-08,3.9306107012834646e-08,4.13721035871958e-08
2018-12-12,4.183030089059851e-08,4.045491547073221e-08,4.0003620221355064e-08
2018-12-13,1.902380257723166e-08,1.6839438268624906e-08,1.9310453670239844e-08
2018-12-14,5.225829644747814e-08,5.038640168987169e-08,5.1268700077549735e-08
2018-12-17,2.6863358396566038e-08,2.127847505373023e-08,2.040346313062055e-08
2018-12-18,2.775073813103236e-08,2.707694806834625e-08,2.805379520357023e-08
2018-12-19,5.1535396906665124e-08,4.762725609409576e-08,4.9629674249161865e-08
2018-12-20,2.0925101696711115e-08,2.086519766515657e-08,2.1530995354531736e-08
2018-12-21,2.092631372921661e-08,1.626234286677501e-08,1.6625958423155246e-08
2018-12-24,1.94927596516268e-08,1.4824767171357436e-08,1.2636371311349637e-08
2018-12-25,2.33036946310749e-08,2.1984280672824833e-08,2.339397745667164e-08
2018-12-26,2.2781966050133873e-08,2.1045104241746066e-08,2.264818741178894e-08
2018-12-27,3.286038085512748e-08,2.757943521349806e-08,2.84018364291259e-08
2018-12-28,4.2348994654552296e-08,4.306934777715118e-08,4.186737124882618e-08
2018-12-31,3.1868004734835136e-07,3.355767829352926e-07,3.3947813517013803e-07
2019-01-01,2.3392906539743002e-08,2.0745075749674695e-08,2.1375803370629585e-08
2019-01-02,1.4737557662724582e-07,1.4967032538054557e-07,1.4565765614537766e-07
2019-01-03,6.360623994395697e-08,6.444344368791971e-08,6.400210658567195e-08
2019-01-04,3.0030136271036854e-08,2.950043876669014e-08,3.074756025639905e-08
2019-01-07,1.2040756830331876e-07,1.222471676982613e-07,1.2259457882003298e-07
2019-01-08,3.725478005014196e-08,3.6321807558789926e-08,3.6590101855586214e-08
2019-01-09,4.415217212583757e-08,4.122420345035135e-08,4.075029889692604e-08
2019-01-10,3.6915887686965185e-08,3.4637142045621016e-08,3.588146380599913e-08
2019-01-11,2.544628393671903e-08,2.117085697500336e-08,1.9665571678591212e-08
2019-01-14,4.3590983817673866e-08,4.2337783558312296e-08,4.031823763158374e-08
2019-01-15,1.4798243640384e-08,1.1493336825723721e-08,1.209509443989708e-08
2019-01-16,1.1564495961419828e-07,1.1341866438164004e-07,1.0780553035672744e-07
2019-01-17,3.6370517846807435e-08,3.3353594537305184e-08,3.2078031380506746e-08
2019-01-18,5.260887462957103e-08,5.381967026742509e-08,5.387489515350309e-08
2019-01-21,1.4511314047163283e-08,1.1120771301628622e-08,1.1667555752135984e-08
2019-01-22,5.3717309637439316e-08,4.9661248237906233e-08,4.5339304520279245e-08
2019-01-23,1.2093625299535917e-07,1.25218986364567e-07,1.2583026251267633e-07
2019-01-24,5.322554860778623e-08,4.735803006908537e-08,4.5550085462826245e-08
2019-01-25,3.51496813940167e-08,3.3348514886444676e-08,3.4258606297814994e-08
2019-01-28,2.041482564821442e-08,1.773946669662573e-08,1.764675087861695e-08
2019-01-29,1.5062476923065042e-08,1.202471008743281e-08,1.265761300894365e-08
2019-01-30,1.525596447649662e-08,1.1168831843999234e-08,1.1696272496391516e-08
2019-01-31,7.213156053676689e-08,7.36198668192822e-08,7.205285228396859e-08
2019-02-01,4.168344548850477e-07,4.2889165795800046e-07,4.2595670953904124e-07
2019-02-04,4.7963850341171905e-08,3.9781646179677795e-08,3.570605832977536e-08
2019-02-05,3.935068809153058e-08,3.533142047203041e-08,3.484543406978781e-08
2019-02-06,2.405780117201617e-07,2.402329268892764e-07,2.2905456363327474e-07
2019-02-07,1.2941444422087956e-06,1.2682708640682812e-06,1.2324382057204943e-06
2019-02-08,3.9507674782454954e-07,3.4344669352498704e-07,3.090378379251826e-07
2019-02-11,4.2573031709517956e-08,5.407469794630147e-08,6.537784352607863e-08
2019-02-12,6.456924697822788e-07,5.842930303316922e-07,5.532181014666597e-07
2019-02-13,9.202686093646032e-08,9.910430178396365e-08,1.0905384784943367e-07
2019-02-14,3.940254985656818e-07,3.2121224545423216e-07,2.801626632275876e-07
2019-02-15,3.6977833513904106e-08,3.0421770840059946e-08,3.5733115898665985e-08
2019-02-18,1.587027531182521e-08,3.195731388153838e-08,4.8040777758283566e-08
2019-02-19,2.613971000367771e-08,4.143486924374183e-08,5.695870815683114e-08
2019-02-20,2.6027616743232256e-08,3.063060432489879e-08,4.031923623390884e-08
2019-02-21,5.10362678728969e-08,4.926016052232416e-08,5.04149108457226e-08
2019-02-22,3.6857718609412625e-08,3.333141363861191e-08,3.498275911146008e-08
2019-02-25,2.0772192140884086e-08,2.623111966757499e-08,3.426588948750141e-08
2019-02-26,1.7824874043179305e-07,1.6124957942359877e-07,1.446949655223675e-07
2019-02-27,4.817965182273777e-08,4.558918224592616e-08,4.483068369060529e-08
2019-02-28,1.389986603392678e-07,1.3216661615767736e-07,1.3082514946474159e-07
2019-03-01,3.768148758835893e-08,4.2645011270183746e-08,4.814144092458043e-08
2019-03-04,5.779308465251505e-08,5.2819078442244144e-08,5.3224813779017404e-08
2019-03-05,2.774836433168614e-07,2.584759349906797e-07,2.4243300173945215e-07
2019-03-06,3.512497644055062e-08,4.2760288952275235e-08,4.89118130257781e-08
2019-03-07,3.355206690576895e-08,3.60720884979115e-08,4.0290620380723474e-08
2019-03-08,9.443417653319759e-07,8.889601157877203e-07,8.515580940630233e-07
2019-03-11,8.178530528672482e-07,7.451778268908412e-07,6.995832700863904e-07
2019-03-12,2.2601643735664606e-07,1.6712670777883296e-07,1.3751212617740592e-07
2019-03-13,9.193570080405092e-08,1.1325793213696319e-07,1.3436208574687145e-07
2019-03-14,1.9583737076320668e-07,1.5694680077266427e-07,1.3510093758878538e-07
2019-03-15,9.755346753479114e-08,8.343669190363322e-08,8.065515674748478e-08
2019-03-18,5.312488357525625e-08,5.154294106527054e-08,6.204990119419723e-08
2019-03-19,3.5148488532348496e-08,5.45997966615996e-08,7.217116477104085e-08
2019-03-20,2.5544353248660915e-08,4.101123926704905e-08,5.812685011262077e-08
2019-03-21,9.366200629883876e-08,8.24313818413924e-08,8.318096460590822e-08
2019-03-22,3.572750138750672e-08,4.2548658549654426e-08,5.2533598512470084e-08
2019-03-25,1.2855716802865263e-08,1.6475455634426357e-08,2.3659585962133864e-08
2019-03-26,1.0567667608031387e-07,9.842819935416924e-08,9.100796434712262e-08
2019-03-27,7.049796183385726e-08,6.814683347538693e-08,6.865254803992984e-08
2019-03-28,1.9432450871300113e-08,2.3692943678151056e-08,3.2118162553951106e-08
2019-03-29,1.5443389217035166e-08,1.940297786443609e-08,2.673419299548339e-08
2019-04-01,6.940706977286548e-07,6.73358535026427e-07,6.36854420131459e-07
2019-04-02,4.861696440315198e-08,4.788566015337677e-08,5.211347801315366e-08
2019-04-03,1.4563644141739e-08,1.7629384713650482e-08,2.5795590967456366e-08
2019-04-04,1.92368310372505e-08,2.2249708314540563e-08,3.03348594983927e-08
2019-04-05,1.1820356924565022e-07,1.0156921879075437e-07,8.525172805916865e-08
2019-04-08,1.070754981063235e-07,9.529632062056759e-08,8.025820892235903e-08
2019-04-09,1.988035028393421e-08,2.4907116021254128e-08,3.6405158907927726e-08
2019-04-10,1.8468090538356373e-08,2.1676807877598628e-08,3.245180209322008e-08
2019-04-11,1.5809143477469602e-08,1.8151159570003833e-08,2.6758901873621546e-08
2019-04-12,1.3900200166514054e-08,1.3625677478718887e-08,2.0748584825664677e-08
2019-04-15,8.880407198626495e-08,8.699585637970948e-08,8.427565621317192e-08
2019-04-16,1.5866056073448814e-08,1.4821713821274824e-08,2.0700111506130094e-08
2019-04-17,1.7197146239647245e-08,1.4666976839625153e-08,2.015416246953986e-08
2019-04-18,3.7799526235466215e-08,3.48416512987973e-08,3.88520945753552e-08
2019-04-19,2.3007735449437215e-08,1.9537381853775873e-08,2.2224720927089246e-08
2019-04-22,1.3087929608987405e-08,1.5460403333760604e-08,1.6321444421582724e-08
2019-04-23,2.534248842989754e-07,2.569592934045453e-07,2.4821719941939834e-07
2019-04-24,1.1945055757624465e-08,1.0330396621908695e-08,1.2255855731224373e-08
2019-04-25,1.857171474595013e-08,1.5961635522151204e-08,1.989411449892619e-08
2019-04-26,1.7662109655391264e-08,1.241994439507233e-08,1.3313557539183746e-08
2019-04-29,3.5849793098391165e-08,3.3861466334263776e-08,3.752907558010301e-08
2019-04-30,4.6432440872128836e-08,4.2441121255118136e-08,4.219013243559929e-08
2019-05-01,1.6648408027524738e-08,1.5445828699765304e-08,1.6491180202336454e-08
2019-05-02,2.1661320431546333e-08,2.0902587558953888e-08,1.986309726669939e-08
2019-05-03,3.012286561863274e-08,2.382822186645353e-08,2.4876060111393505e-08
2019-05-06,6.674341635326788e-08,6.271378662433707e-08,5.740296373763978e-08
2019-05-07,1.7594943706016465e-08,1.263100163989401e-08,1.4071259000359238e-08
2019-05-08,2.159288877300709e-08,1.6615962017470808e-08,1.8499296037344956e-08
2019-05-09,2.151826974962917e-08,1.6980383108110074e-08,1.6898417402258187e-08
2019-05-10,8.487837048804862e-08,8.286459503697877e-08,8.08105297225792e-08
2019-05-13,1.3890515589167904e-07,1.5072799367941696e-07,1.4622021397224551e-07
2019-05-14,1.8566569123381016e-07,1.810183416753119e-07,1.8022339728451752e-07
2019-05-15,4.4892520880443265e-08,4.0086233118348096e-08,4.107460500978651e-08
2019-05-16,2.1246213867130652e-08,1.9958369915232296e-08,2.3675703276298992e-08
2019-05-17,1.4955842587900447e-08,1.2782638447528597e-08,1.492460161613786e-08
2019-05-20,2.4629432320075004e-08,2.0235829942654363e-08,2.0665898834163084e-08
2019-05-21,1.4965238561705464e-08,1.1427735442642982e-08,1.2607148041199917e-08
2019-05-22,3.5603898885736324e-08,3.129972468236467e-08,3.0948154726664116e-08
2019-05-23,3.5504786707120175e-08,3.290093787890557e-08,3.287573818459149e-08
2019-05-24,1.6451701619862213e-08,1.5239452367509434e-08,1.4293311168112542e-08
2019-05-27,1.836619692742566e-08,1.2727405645650084e-08,1.354655166321948e-08
2019-05-28,1.1414876903576152e-08,8.26388504136726e-09,7.289171937870528e-09
2019-05-29,1.915003809521824e-08,1.3009527823622886e-08,1.3333510555614718e-08
2019-05-30,2.959562587584575e-08,2.6011179303973365e-08,2.5673871286379286e-08
2019-05-31,3.3225191564038405e-08,2.6971830265825293e-08,2.598252587452378e-08
2019-06-03,1.4798619001699896e-08,7.758160214229077e-09,8.47395181504332e-09
2019-06-04,1.362650023532878e-08,1.1884558538165372e-08,1.2204178735445487e-08
2019-06-05,1.659501306620236e-07,1.8208699579862635e-07,1.8158831457767835e-07
2019-06-06,1.6548628674910468e-08,1.103736783330551e-08,1.2223082418663396e-08
2019-06-07,1.9360991639964736e-08,1.545613005540926e-08,1.6151480513404352e-08
2019-06-10,1.610515910269849e-08,1.0861514213205057e-08,1.0587486705743221e-08
2019-06-11,1.867198741534141e-08,1.1573913578753238e-08,1.1784808292023364e-08
2019-06-12,1.7061622044340143e-08,9.303349825957027e-09,9.860608184293793e-09
2019-06-13,1.5425112552198182e-08,7.764519406976462e-09,8.187626544758307e-09
2019-06-14,1.525312139795041e-08,6.644346012433938e-09,6.897938607204257e-09
2019-06-17,1.6892381221188939e-07,1.9044125417035156e-07,1.8931119730301454e-07
2019-06-18,3.904535403507526e-08,3.4092191563814475e-08,3.081919143926631e-08
2019-06-19,2.0149359718261443e-08,1.7025876092341424e-08,1.775873033624041e-08
2019-06-20,2.716569642010768e-08,2.71313458083175e-08,2.8030604374128644e-08
2019-06-21,3.787008829133741e-08,3.320848752815279e-08,3.385997189141504e-08
2019-06-24,6.931892571903328e-08,7.018427775719527e-08,7.01813079539395e-08
2019-06-25,3.2513354792031956e-08,3.548407257950351e-08,3.3688157528988345e-08
2019-06-26,1.5656566296567596e-08,1.2429532674321004e-08,1.2884483275727741e-08
2019-06-27,1.8949107461983313e-07,1.993981566175439e-07,1.959545240791564e-07
2019-06-28,2.9876789043135403e-08,2.70460932307541e-08,2.9061541452679542e-08
2019-07-01,4.067874759641859e-08,3.9018252021081234e-08,3.549631174672871e-08
2019-07-02,1.5585750379372846e-08,1.112207711580721e-08,1.3501006820062516e-08
2019-07-03,2.7168890113405782e-08,2.201340394244304e-08,2.3272837539007163e-08
2019-07-04,5.4708991821703556e-08,5.426117021900103e-08,5.1285800544873924e-08
2019-07-05,2.5543789217732723e-08,1.945149069887988e-08,1.893529026495915e-08
2019-07-08,2.7403023484484444e-08,2.4116449137465457e-08,2.2289542680356414e-08
2019-07-09,2.7793515980584677e-08,2.597839856054235e-08,2.5903223512917193e-08
2019-07-10,1.8152040995468396e-08,1.593384811379618e-08,1.6809274462081927e-08
2019-07-11,4.812901782373024e-08,4.2067846778306594e-08,4.132195333903901e-08
2019-07-12,3.2255770191349455e-08,2.7152507935754206e-08,2.645828689882773e-08
2019-07-15,2.5494252231728035e-08,1.9643610530383744e-08,1.998651706845517e-08
2019-07-16,3.3725040615570394e-08,3.356405687845168e-08,3.317122554323424e-08
2019-07-17,7.26733733004321e-08,6.599437846792109e-08,6.670106893240245e-08
2019-07-18,4.5582270902118435e-08,4.190560855998852e-08,4.0326341000915265e-08
2019-07-19,2.1020838618416142e-07,2.1803753848592425e-07,2.1691971987076207e-07
2019-07-22,4.68550387954405e-08,4.359103922359084e-08,4.499902109355968e-08
2019-07-23,6.18610255925651e-08,6.092070651310716e-08,5.974351521620397e-08
2019-07-24,1.532716092812323e-07,1.4555784616895616e-07,1.4431138688508842e-07
2019-07-25,2.953288016247054e-07,2.7745986001007585e-07,2.773150168310594e-07
2019-07-26,1.1873001571783248e-07,9.519803067604859e-08,9.345368533343713e-08
2019-07-29,1.4223057079838065e-07,1.1881645668399369e-07,1.12319256245256e-07
2019-07-30,7.684077870184423e-08,5.5312961521459586e-08,5.078172059489726e-08
2019-07-31,4.808613755429375e-08,5.116219874394023e-08,5.001846579982992e-08
2019-08-01,1.1844160320400524e-07,1.0163494957760833e-07,9.413184245556585e-08
2019-08-02,1.2768301984405218e-08,2.0269537594709505e-08,2.244465858849098e-08
2019-08-05,3.3650706774142423e-07,3.2791810759607593e-07,3.074292873005097e-07
2019-08-06,1.7282642407117355e-08,2.5245378114061533e-08,3.167777574342743e-08
2019-08-07,4.3692587921579507e-08,4.863781618971275e-08,5.4569388879481054e-08
2019-08-08,2.207975383006786e-07,1.843154526270801e-07,1.6789780599742698e-07
2019-08-09,2.2697396169716824e-08,2.9392113336327226e-08,3.57169870072299e-08
2019-08-12,2.5352917237207198e-08,2.5767392574380745e-08,2.9111461719713367e-08
2019-08-13,2.716090899097975e-08,3.254841319914807e-08,3.637589636199947e-08
2019-08-14,6.240769469990074e-08,5.314365469981041e-08,5.4012175003487864e-08
2019-08-15,3.895881480684188e-08,4.244315254812542e-08,4.128100946196858e-08
2019-08-16,9.507532603241101e-08,8.792807303872382e-08,8.875954826931219e-08
2019-08-19,1.6912067814884587e-08,2.2299520984711205e-08,2.435974363418529e-08
2019-08-20,1.6289764209991247e-08,1.561744551331625e-08,1.7455680590451188e-08
2019-08-21,3.664595426382361e-08,3.4680903526676236e-08,3.590711502959538e-08
2019-08-22,1.721194239277341e-08,1.3990597450307307e-08,1.4160330701026793e-08
2019-08-23,2.0652652154994993e-08,1.4110007273420833e-08,1.5609392593270585e-08
2019-08-26,2.6633565585907985e-08,2.3022903365190386e-08,2.2947508481345263e-08
2019-08-27,7.570131996709258e-08,8.214568687480244e-08,8.103856182258074e-08
2019-08-28,5.757529192342302e-08,5.018117101117746e-08,4.950530514787788e-08
2019-08-29,2.7240659934761627e-07,2.5881774498673976e-07,2.6327239032386584e-07
2019-08-30,2.1966836244911177e-08,2.2866117550149638e-08,2.342740401980155e-08
2019-09-02,4.380133666706703e-08,3.9348247326618954e-08,3.6942152461065414e-08
2019-09-03,1.4896171765818609e-08,1.4038154165234554e-08,1.4319457311462205e-08
2019-09-04,1.0897094264990435e-07,1.1301462955347797e-07,1.1394672882776563e-07
2019-09-05,3.816454533699515e-08,2.9294677528386274e-08,2.847569550448887e-08
2019-09-06,4.1697431880630874e-08,4.0772031580735526e-08,4.0386676659540324e-08
2019-09-09,6.059089054825879e-08,5.693903842410992e-08,5.459214405512716e-08
2019-09-10,4.636544016731856e-08,4.3128176226519385e-08,4.370889058510542e-08
2019-09-11,3.259534073258594e-08,2.941764864708351e-08,3.0096055593211426e-08
2019-09-12,8.231839932389025e-08,8.692838744717933e-08,8.616466512685955e-08
2019-09-13,5.005737972672639e-08,4.727833323900739e-08,4.34831275753214e-08
2019-09-16,8.20868752179382e-08,7.566136055727568e-08,7.394254906066678e-08
2019-09-17,2.1083848177055373e-08,2.056168540055898e-08,2.1437559071839073e-08
2019-09-18,2.312912965035389e-08,1.969822650939958e-08,1.963743200194709e-08
2019-09-19,2.2479034452214185e-08,1.9756603197325052e-08,1.942464990241444e-08
2019-09-20,5.48098251420823e-08,5.0811703656647714e-08,4.679492373754714e-08
2019-09-23,3.656170758746281e-08,3.0976547801824176e-08,2.9466970849402478e-08
2019-09-24,1.4937342123584175e-07,1.5240372377676904e-07,1.512425736499126e-07
2019-09-25,3.259286790237685e-08,3.517423466462437e-08,3.550743839232874e-08
2019-09-26,5.801846920978756e-08,5.402375049067508e-08,5.043307266279433e-08
2019-09-27,3.0003296993795086e-08,2.5901487994098816e-08,2.5356918827705846e-08
2019-09-30,8.858583610413043e-08,8.500709635930761e-08,8.279716419248654e-08
2019-10-01,6.244754802679245e-08,5.9209292049371716e-08,5.6143358799476015e-08
2019-10-02,3.368931989087718e-08,3.066187942199018e-08,2.983334266350777e-08
2019-10-03,4.5508494489511634e-08,4.187950225036264e-08,3.9311968956767883e-08
2019-10-04,8.577302203161207e-08,9.318658842597497e-08,9.127255682535995e-08
2019-10-07,5.632083076536225e-08,5.420927799082028e-08,4.979968697328237e-08
2019-10-08,5.350348347303798e-08,5.466656131959583e-08,5.361677026152028e-08
2019-10-09,4.870265632400425e-08,4.6274539963810194e-08,4.3069362603720863e-08
2019-10-10,4.6621777878773837e-08,4.018217653037991e-08,4.1274791111695204e-08
2019-10-11,1.7602197972824755e-07,1.7546984128388987e-07,1.7508707644631005e-07
2019-10-14,1.9412067461650327e-08,2.002855726923907e-08,1.9419320716459542e-08
2019-10-15,5.8879792142377505e-08,5.40847375480854e-08,4.857870874643598e-08
2019-10-16,1.9504234641295036e-08,1.9127852288513865e-08,1.9483873648271743e-08
2019-10-17,4.00813636254551e-08,3.38786558194895e-08,3.3597519588374373e-08
2019-10-18,2.0909953420074947e-08,1.783314713643362e-08,1.7727735665927754e-08
2019-10-21,1.131173430068939e-08,8.669985556669091e-09,1.0130564582939034e-08
2019-10-22,1.1888130559215678e-06,1.1983646756923058e-06,1.1929848178316095e-06
2019-10-23,6.941267865433894e-07,6.501587730813666e-07,6.182871695893785e-07
2019-10-24,9.494402056255589e-08,6.877802661069003e-08,6.060042117974765e-08
2019-10-25,4.419094365699141e-08,5.760171143486994e-08,6.796152349474427e-08
2019-10-28,9.399597779527154e-08,7.27220880341618e-08,5.628478987557124e-08
2019-10-29,1.686882556413321e-07,1.405890885553983e-07,1.1532885628446346e-07
2019-10-30,6.842259981816156e-08,7.559322511662326e-08,7.691932507495936e-08
2019-10-31,5.984826550833863e-08,5.462051599437403e-08,5.76726185526861e-08
2019-11-01,1.554528336041042e-08,2.1915804129790355e-08,2.881050714902611e-08
2019-11-04,3.1970256300720734e-08,3.6427000970826296e-08,4.0950300516548176e-08
2019-11-05,4.6341241957533476e-08,3.982158156204104e-08,3.820250129989224e-08
2019-11-06,1.0243645066902129e-07,8.560827300588049e-08,7.558077348083714e-08
2019-11-07,7.432358165457732e-08,7.560650623250645e-08,7.222946722124563e-08
2019-11-08,9.915573038379587e-08,8.886901205317213e-08,8.672120222545302e-08
2019-11-11,2.078376355447502e-08,1.9143949116587524e-08,2.2469722388797413e-08
2019-11-12,3.184179822254505e-07,2.887164267929289e-07,2.567592964076331e-07
2019-11-13,1.2323647070224024e-06,1.1394624653271116e-06,1.0540177402883226e-06
2019-11-14,5.2190656730441896e-08,6.534058159292002e-08,7.829549456618724e-08
2019-11-15,2.2606848833258057e-08,2.9288260520306767e-08,3.749971685268114e-08
2019-11-18,4.6088512932998354e-08,4.346375137053338e-08,4.8785792741704073e-08
2019-11-19,4.248655444033096e-08,4.554644264972153e-08,4.7526877206380295e-08
2019-11-20,2.5182272206899985e-07,2.076605255062667e-07,1.9609095058371995e-07
2019-11-21,3.8387768753888954e-08,3.426013589455661e-08,3.773532153365028e-08
2019-11-22,5.1437299124116974e-08,3.9289598394319004e-08,3.3660560189807846e-08
2019-11-25,1.639871668080557e-07,1.3896128794150426e-07,1.1734106179387455e-07
2019-11-26,5.961384713673512e-08,6.940299870886233e-08,8.528314455613404e-08
2019-11-27,2.500491468299997e-08,3.334731955659961e-08,4.46862318368104e-08
2019-11-28,2.0009884408309206e-08,2.6794870370680783e-08,3.561537939652623e-08
2019-11-29,2.7347964787818875e-08,2.8939117318005265e-08,3.777879061056841e-08
2019-12-02,2.1104253397650698e-08,2.0208975558788242e-08,2.5726359789784045e-08
2019-12-03,1.4952868079541958e-08,1.610327104576489e-08,2.1399876941308915e-08
2019-12-04,1.4375535466023712e-08,1.1679017367930941e-08,1.5637900205400204e-08
2019-12-05,1.9775449007968533e-08,1.5418288268080113e-08,1.7967257280720345e-08
2019-12-06,1.3756281678450502e-08,1.0019486323667095e-08,1.3145152683519932e-08
2019-12-09,3.4770369458743715e-08,2.9548602388445638e-08,2.7724931854525555e-08
2019-12-10,2.5391047021096494e-08,1.9979091885660577e-08,2.3648257464066426e-08
2019-12-11,1.799519723677625e-08,1.2138139172939818e-08,1.475720444734093e-08
2019-12-12,2.0909731510182433e-08,1.3384234058209147e-08,1.5814222765664702e-08
2019-12-13,3.8713517138155666e-08,3.650735119825056e-08,3.692760940552605e-08
2019-12-16,1.9649788097606342e-08,1.2522149461303072e-08,1.3920989637774211e-08
2019-12-17,1.3775270831861402e-08,9.26998054526123e-09,9.744499274609348e-09
2019-12-18,3.0604871880923963e-08,2.8492617291697933e-08,2.5656155848407015e-08
2019-12-19,2.5418267854637624e-08,1.9853527690495877e-08,1.81609751820145e-08
2019-12-20,2.2620375089891564e-08,1.4416436554039852e-08,1.4316608277190057e-08
2019-12-23,3.075975587560932e-08,2.4670893558471598e-08,2.3982724886745407e-08
2019-12-24,1.001333265608106e-07,1.001602550801141e-07,9.597644179961163e-08
2019-12-25,2.336321939607774e-08,1.6479654609310254e-08,1.691618418542613e-08
2019-12-26,1.805241934969297e-08,1.3787614073034658e-08,1.1202757757020794e-08
2019-12-27,3.5187550476995096e-08,3.6038778181520224e-08,3.4768448240445186e-08
2019-12-30,6.6069120954513e-08,6.737291090668164e-08,6.611079459201898e-08
2019-12-31,2.3746003642407516e-08,1.7537262810308217e-08,1.825900250763893e-08
2020-01-01,2.8540427424599402e-08,2.163281287036262e-08,2.2000328095643516e-08
2020-01-02,2.98213495412894e-08,2.401734384177088e-08,2.3499013982688885e-08
2020-01-03,2.3442622823871905e-08,1.6357758461006763e-08,1.7003903471630695e-08
2020-01-06,1.545960220781615e-08,8.448688502923974e-09,9.379358451200477e-09
2020-01-07,7.849408681906102e-08,7.76330641402468e-08,7.608166199779505e-08
2020-01-08,6.310845919561267e-08,6.213400330893039e-08,5.881917008946203e-08
2020-01-09,4.554922727682098e-08,3.364428019407783e-08,3.225807339688575e-08
2020-01-10,1.784375718738315e-08,1.5074952645006403e-08,1.6593518732266595e-08
2020-01-13,1.9356113204285968e-08,1.2524356104001122e-08,1.098592271436585e-08
2020-01-14,2.978352641908386e-08,2.2879923143778535e-08,2.3440847026660824e-08
2020-01-15,3.4861582552555224e-08,2.6671579626609544e-08,2.621331548469995e-08
2020-01-16,1.774818266555938e-08,1.1650541953820401e-08,1.1169382105075246e-08
2020-01-17,1.9050865953316603e-08,1.3640107668886994e-08,1.2919793407601268e-08
2020-01-20,2.0850266443867608e-08,2.1428008045610442e-08,2.3304139591939664e-08
2020-01-21,2.3285862334763048e-08,1.868963946486104e-08,1.6146618432950534e-08
2020-01-22,1.0813706538330936e-07,1.1954630855581763e-07,1.1570734899382655e-07
2020-01-23,4.0952119616555685e-07,4.094888754731068e-07,3.9551910723781856e-07
2020-01-24,5.3791421384715185e-08,5.5383778066828064e-08,5.2686959445524855e-08
2020-01-27,4.14626680750625e-08,4.0213849624758836e-08,4.278370011442309e-08
2020-01-28,2.5418611029164313e-07,2.71520700250784e-07,2.569513315926818e-07
2020-01-29,1.6685488334336241e-06,1.6512361618945178e-06,1.5810954251323993e-06
2020-01-30,1.3325748928312845e-07,1.167998208084437e-07,1.0032153722122949e-07
2020-01-31,5.07115108591899e-08,6.528742032599082e-08,8.129227789490819e-08
2020-02-03,2.5333851541805124e-08,3.120265997540014e-08,3.904917272811413e-08
2020-02-04,1.252544103578034e-08,1.5705258488469852e-08,2.4191002610147794e-08
2020-02-05,2.297926551168922e-07,2.0410267231204645e-07,1.7173895895202594e-07
2020-02-06,3.711059212449041e-08,4.5608080977235126e-08,5.7343957065422644e-08
2020-02-07,1.4870124703313802e-08,2.0592537193170624e-08,3.059155118230232e-08
2020-02-10,2.041498560098848e-07,1.924185715295507e-07,1.7184508840753986e-07
2020-02-11,7.674712487562393e-08,8.00802780658933e-08,9.03694944474416e-08
2020-02-12,2.798985942337985e-08,2.8664415296650606e-08,2.269839766764046e-08
2020-02-13,2.759690633315201e-08,3.1646608219362614e-08,4.097196446508526e-08
2020-02-14,2.6212948023791257e-08,2.6115491619250058e-08,2.9060610988611708e-08
2020-02-17,7.836943874940567e-08,6.880473643911653e-08,5.6813038024162124e-08
2020-02-18,1.830805073585837e-08,1.940862891412311e-08,2.6355384795715446e-08
2020-02-19,3.295698371374255e-08,3.090106022949026e-08,3.155578035036732e-08
2020-02-20,2.8600453289135918e-08,2.6814393779385264e-08,2.5913345122146296e-08
2020-02-21,1.9902971510088962e-08,1.686357067545689e-08,2.245248367368106e-08
2020-02-24,1.2871337805821337e-08,1.194382681492009e-08,9.74246891661702e-09
2020-02-25,3.4248080438026925e-08,3.7763515992934386e-08,4.144378747301496e-08
2020-02-26,2.8103933917882148e-08,2.2239890410723034e-08,2.5026982089466287e-08
2020-02-27,2.5516896849609962e-08,2.0205484174082688e-08,2.2547975632452625e-08
2020-02-28,5.492316619188117e-08,5.816430472906263e-08,5.5165571634369535e-08
2020-03-02,1.7932869354190857e-08,1.2685021434232148e-08,1.5813654301054208e-08
2020-03-03,3.4330609195527235e-08,2.9135964199038266e-08,2.984788509508915e-08
2020-03-04,7.857682798443314e-08,8.049676425890117e-08,7.8401153383033e-08
2020-03-05,3.3406998392856556e-08,2.8711416182898076e-08,2.856010726841245e-08
2020-03-06,1.5792301944380944e-07,1.7315564880094463e-07,1.6575103322884594e-07
2020-03-09,1.3046226393371075e-07,1.3118279421574446e-07,1.237809873595506e-07
2020-03-10,1.5733650969008866e-08,1.4112075771431663e-08,1.788113917932771e-08
2020-03-11,5.063821530824935e-08,4.832463305896073e-08,5.142814571174132e-08
2020-03-12,8.208317399586444e-07,8.303114935229295e-07,7.994729099587504e-07
2020-03-13,9.555561239283403e-07,9.172370214577819e-07,8.38818079593418e-07
2020-03-16,4.2474355451712034e-07,3.8118113865665454e-07,3.33003669607265e-07
2020-03-17,2.2656880499015788e-07,2.134405217547788e-07,1.894594667646546e-07
2020-03-18,3.0377040041569466e-06,2.8196771547966267e-06,2.59612428473017e-06
2020-03-19,9.132057223562667e-08,1.0863611722568332e-07,1.5093113365610187e-07
2020-03-20,3.3835711691170263e-07,2.635026536402589e-07,2.4592479734369024e-07
2020-03-23,2.9796188001507343e-08,6.163292260955671e-08,1.0087467149602946e-07
2020-03-24,1.5338208747726846e-07,1.4906301543786901e-07,1.474672775701491e-07
2020-03-25,2.8794551785079832e-08,5.3484599138872666e-08,8.458290632416549e-08
2020-03-26,3.2290338109391075e-07,2.762739288197855e-07,2.476015685901788e-07
2020-03-27,7.93836598233203e-08,8.45329188893551e-08,1.0965618421995346e-07
2020-03-30,8.020254636936344e-07,6.637814588430123e-07,5.685230056197443e-07
2020-03-31,2.4829980567588058e-08,6.225914239855378e-08,1.0096730000421216e-07
2020-04-01,4.647806041332768e-08,7.38039260959759e-08,1.0584528069402485e-07
2020-04-02,1.632001095963996e-07,1.482574733828082e-07,1.3349143511913273e-07
2020-04-03,1.0043831103996679e-07,1.1425678136132095e-07,1.2885719578263445e-07
2020-04-06,2.100547985804973e-08,3.270821372447798e-08,4.5351065796724786e-08
2020-04-07,4.332039181647887e-08,5.641962228432748e-08,7.508011622682634e-08
2020-04-08,1.46808503890167e-07,1.2604650540892365e-07,1.1079797285972182e-07
2020-04-09,2.3218606218685975e-08,3.03036232541433e-08,4.2626349233042047e-08
2020-04-10,1.70822412178152e-08,2.551072628393963e-08,3.903120684321442e-08
2020-04-13,9.854441914346825e-08,8.533943240488498e-08,7.74105269516084e-08
2020-04-14,6.984798711744915e-08,7.976969160071653e-08,9.204725983638838e-08
2020-04-15,1.885689173114008e-08,2.1351673369199384e-08,2.7679112924857972e-08
2020-04-16,9.327660677491425e-08,7.624629396098996e-08,6.862906575878789e-08
2020-04-17,5.679681249779282e-08,5.226539012575931e-08,5.7129771092818055e-08
2020-04-20,7.00945435915479e-08,5.922765305753156e-08,6.039354032999656e-08
2020-04-21,9.40783356079667e-08,7.878208730053744e-08,6.802628806707203e-08
2020-04-22,1.462907294237632e-07,1.2090329246288213e-07,1.0844875190164626e-07
2020-04-23,1.742570765645541e-07,1.401994850718076e-07,1.293078294461268e-07
2020-04-24,2.9263057138595257e-08,3.4753533485450194e-08,4.617703731834816e-08
2020-04-27,1.186751229409394e-07,9.895382873763895e-08,8.946347764337271e-08
2020-04-28,1.280958304870187e-07,1.196273999845889e-07,1.0576581139378642e-07
2020-04-29,4.479717236489735e-07,3.838891394840325e-07,3.457309671666328e-07
2020-04-30,9.161112173973696e-08,1.0909197513649218e-07,1.1291881455019306e-07
2020-05-01,1.274570024367967e-07,1.3744954767463493e-07,1.4614039348444454e-07
2020-05-04,5.733800291816025e-08,7.001992529292978e-08,7.374158907739019e-08
2020-05-05,4.769516365071459e-07,4.5922179046003745e-07,4.3156665502698973e-07
2020-05-06,2.04720381863888e-07,1.8516719994393258e-07,1.8806798909615587e-07
2020-05-07,2.0420784437660596e-08,3.5324371475421423e-08,4.867718054428269e-08
2020-05-08,6.482330468855191e-07,5.972488423087922e-07,5.577400151184937e-07
2020-05-11,6.764534120018728e-08,4.7908334835897066e-08,4.015146328258312e-08
2020-05-12,2.4363384894591743e-07,2.1341650178998867e-07,1.9421531588577168e-07
2020-05-13,9.872395482831623e-08,9.616991805603948e-08,8.664974337306407e-08
2020-05-14,6.004648213477154e-08,7.10986991094758e-08,8.449492187885944e-08
2020-05-15,1.6124043147470374e-07,1.538373419051427e-07,1.4274310712736934e-07
2020-05-18,1.2706859421263017e-07,9.802211276074277e-08,7.926195780860885e-08
2020-05-19,3.960063964838435e-08,5.211464472103325e-08,6.825776505278754e-08
2020-05-20,7.272931983928102e-08,7.907069197542936e-08,8.184593370196733e-08
2020-05-21,4.973493679337318e-08,4.7238199261041264e-08,4.709706168675051e-08
2020-05-22,4.303932406335539e-08,4.7701806842769715e-08,5.484230168760767e-08
2020-05-25,6.594150105226396e-07,6.035852883099052e-07,5.695139466716402e-07
2020-05-26,1.5103281211483803e-07,1.1322308445283093e-07,9.210326608909797e-08
2020-05-27,4.724052793685056e-08,5.805889491013992e-08,6.866204112760926e-08
2020-05-28,1.5473066016315471e-07,1.5766209082315356e-07,1.6308131557599578e-07
2020-05-29,9.428859434207262e-08,8.511605689845515e-08,8.928729022867451e-08
2020-06-01,5.34191970232961e-08,5.374543813030837e-08,6.066229695210079e-08
2020-06-02,2.713750461041799e-07,2.427758801092436e-07,2.2173173462695569e-07
2020-06-03,3.4411052410518435e-08,4.4269070936975505e-08,5.191274057394029e-08
2020-06-04,1.176689818161447e-07,9.851104570506506e-08,9.631807714824346e-08
2020-06-05,4.659454571507392e-08,4.414918533534826e-08,5.2071787280380836e-08
2020-06-08,1.0330833446205195e-07,9.25444869100513e-08,8.989903326613459e-08
2020-06-09,1.4232894259663656e-08,2.2120706873013783e-08,3.107342964045452e-08
2020-06-10,3.870630025391361e-08,4.253302921703037e-08,5.042613139319529e-08
2020-06-11,2.2114525485356795e-08,2.0413581091153896e-08,2.489668156779906e-08
2020-06-12,4.5689911161006235e-08,4.718263133722073e-08,5.202513244150841e-08
2020-06-15,1.4498286669231368e-08,1.5427701844186137e-08,1.9313482255420162e-08
2020-06-16,1.9221436137680643e-08,1.899731510140048e-08,2.224630054503535e-08
2020-06-17,3.096123894363003e-08,2.7967854616463282e-08,2.6324220619158448e-08
2020-06-18,2.086356008005598e-08,1.81985563654519e-08,1.946834568924385e-08
2020-06-19,1.6574531673491918e-08,1.2331370503585688e-08,1.529312696097696e-08
2020-06-22,1.7839655458796133e-08,1.282194055966952e-08,1.5267986516447453e-08
2020-06-23,5.097130270717113e-08,4.4352375568938375e-08,4.547951934329176e-08
2020-06-24,2.9259854909198126e-08,2.282646954493449e-08,2.4417777140832468e-08
2020-06-25,3.978504850838756e-08,3.276727124687139e-08,3.190641935021512e-08
2020-06-26,3.179261927731286e-08,2.385045897035137e-08,2.4996852006432277e-08
2020-06-29,1.0230910847244483e-07,1.17383465491755e-07,1.1561745669314418e-07
2020-06-30,3.817309550921792e-08,3.148425003044591e-08,3.173915655131965e-08
2020-07-01,2.7745959698865526e-08,2.383487036976382e-08,2.5666784797951012e-08
2020-07-02,2.679381010382956e-08,2.4858134780268265e-08,2.538436838847624e-08
2020-07-03,2.4697706281488907e-08,1.7741427957390865e-08,1.838727551033763e-08
2020-07-06,1.9544245292132053e-08,1.8376685256427785e-08,1.7671725433501208e-08
2020-07-07,4.143643853380367e-08,3.456145827072663e-08,3.478897698171424e-08
2020-07-08,4.897878169748014e-08,4.5096664402170604e-08,4.382263380870374e-08
2020-07-09,2.9890051706827876e-08,2.539702117707512e-08,2.425451599392143e-08
2020-07-10,3.300173926644175e-08,2.591216316094046e-08,2.3862102202261887e-08
2020-07-13,5.355456941758109e-08,4.82737091322886e-08,4.9867881555404704e-08
2020-07-14,2.46389294410801e-07,2.6501439847692575e-07,2.595888365682184e-07
2020-07-15,2.1239608296535254e-08,1.823386567048236e-08,1.8496918495058098e-08
2020-07-16,2.0969881778437103e-08,1.7557097380171188e-08,1.908414890504851e-08
2020-07-17,2.0919047181335396e-08,1.4338272598569652e-08,1.2607526062849706e-08
2020-07-20,2.2603953785349897e-08,1.841525214431011e-08,1.999096818849997e-08
2020-07-21,3.332966203399564e-08,3.1570849090360304e-08,2.8768013858815716e-08
2020-07-22,8.797459002932028e-08,9.130880275902635e-08,9.096173684410013e-08
2020-07-23,2.136279114529963e-08,1.4782590028172725e-08,1.724213054753959e-08
2020-07-24,7.108811692926925e-08,7.079610300165292e-08,6.424352439682262e-08
2020-07-27,5.521955336676127e-08,4.94802349367346e-08,4.602853714819521e-08
2020-07-28,2.0339854333715098e-08,1.4188499520577158e-08,1.6457793901174345e-08
2020-07-29,2.166390748740665e-08,1.534468498860572e-08,1.7845793295907456e-08
2020-07-30,3.001367311544865e-08,2.301733667745981e-08,2.4349992548324287e-08
2020-07-31,2.402160552780604e-08,1.7702761087277653e-08,1.776348828538552e-08
2020-08-03,3.94032249500111e-08,3.240304790961013e-08,2.98928039182418e-08
2020-08-04,1.7251982669924157e-08,1.4282846308675548e-08,1.5472785566528183e-08
2020-08-05,1.7939515711248263e-08,1.342607909885353e-08,1.2612796561505044e-08
2020-08-06,3.269961646346306e-08,2.4604804306520234e-08,2.5036265926725167e-08
2020-08-07,5.1948139900996514e-08,5.388080836058034e-08,5.375913506986367e-08
2020-08-10,2.1773698506396626e-08,1.3896947072532141e-08,1.3703057071444515e-08
2020-08-11,2.476394667611674e-08,1.607678289697207e-08,1.5367489694960217e-08
2020-08-12,2.4693335566686008e-08,1.662159827417885e-08,1.6161368197029472e-08
2020-08-13,4.223774380692043e-08,4.2183154873189825e-08,4.0355372370508324e-08
2020-08-14,2.405131935419827e-08,1.6913958014584718e-08,1.7096970962041984e-08
2020-08-17,1.687906291378549e-08,8.18685053842435e-09,8.348050286244247e-09
2020-08-18,2.4168206344468657e-08,1.556037333475919e-08,1.484846254267129e-08
2020-08-19,2.3095359007971723e-08,1.3874122821486538e-08,1.3284329494525615e-08
2020-08-20,1.4723829351864931e-08,7.196334744538599e-09,7.295170445712898e-09
2020-08-21,1.8396386893263604e-08,8.235981860412522e-09,7.819910068984637e-09
2020-08-24,1.6676869444023137e-08,6.412001747678712e-09,6.437892974856223e-09
2020-08-25,2.10153082909193e-08,2.074030178993301e-08,2.0053790067900942e-08
2020-08-26,3.6588321875088183e-08,2.752278825981729e-08,2.5211710373034085e-08
2020-08-27,1.216567189594212e-08,1.3637544036185469e-08,1.4841021301660038e-08
2020-08-28,2.1039851224987522e-08,1.277810679962169e-08,1.2305014848404657e-08
2020-08-31,5.71025696446453e-08,4.774689964543089e-08,4.615463161882355e-08
2020-09-01,4.8183012677432645e-08,4.707155453386934e-08,4.3846444471279666e-08
2020-09-02,1.4964109372141645e-08,6.0162692665453085e-09,5.513785941312113e-09
2020-09-03,1.116719194859724e-07,1.3041658320895042e-07,1.2783329276065168e-07
2020-09-04,2.6485357383662697e-08,2.3269388156693107e-08,2.1990399955156503e-08
2020-09-07,1.709918478004108e-08,8.535644167755244e-09,9.497381451795371e-09
2020-09-08,2.19415858767603e-08,1.3686333304785196e-08,1.4131698085636763e-08
2020-09-09,2.8293656810009274e-08,1.94071853413113e-08,1.8794501601915658e-08
2020-09-10,3.538420000149844e-08,3.1231941308109415e-08,3.0508738038852635e-08
2020-09-11,6.346706142238009e-08,6.123891822129436e-08,5.7770491073270284e-08
2020-09-14,3.7583727319592476e-08,2.9307379014006448e-08,2.6129169834228806e-08
2020-09-15,1.8360292184166533e-08,1.0511924811917786e-08,1.0859797248549175e-08
2020-09-16,2.3728369081175847e-08,1.4873634600315663e-08,1.323269154303908e-08
2020-09-17,1.2682257239231201e-08,5.72333396192893e-09,6.398403681200917e-09
2020-09-18,6.30311751339264e-08,7.409410505587274e-08,7.550447827978855e-08
2020-09-21,2.1374256003256255e-08,1.3061652335280186e-08,1.341337325016725e-08
2020-09-22,5.089923615383125e-08,4.792675051103908e-08,4.5251898325491396e-08
2020-09-23,4.4194272556758104e-08,4.1918759093679117e-08,4.100523733076591e-08
2020-09-24,2.9764702840641607e-08,2.434886536982224e-08,2.4413679742818182e-08
2020-09-25,2.2110050256527333e-08,2.6156773530296138e-08,2.5833843566706134e-08
2020-09-28,3.0270172662823604e-08,2.2825884214871094e-08,2.371833194944076e-08
2020-09-29,3.246371385021428e-08,2.3929698911347136e-08,2.4154434579863504e-08
2020-09-30,5.69942113470531e-08,5.568091833638096e-08,5.177076174428071e-08
2020-10-01,1.7139007696021668e-08,9.966237441205545e-09,1.0613075514938071e-08
2020-10-02,4.012108399498294e-08,3.2315100275976576e-08,3.318200300822138e-08
2020-10-05,4.783835703524301e-08,4.890414660186012e-08,5.0299498433610426e-08
2020-10-06,5.0946797879576606e-08,5.106677502102583e-08,4.996538660696511e-08
2020-10-07,2.7538623757137402e-08,2.2134444244733568e-08,2.2415299022935173e-08
2020-10-08,2.2775854939426366e-08,2.056557188866781e-08,1.983903714178594e-08
2020-10-09,3.795516011020061e-08,3.169812486333605e-08,2.877141876471505e-08
2020-10-12,1.4370935968518579e-08,8.254651993273041e-09,7.826999976478346e-09
2020-10-13,1.5227565684019355e-08,7.781676043705941e-09,7.969452188471144e-09
2020-10-14,3.983977147030975e-08,3.6118308868968756e-08,3.128574283608817e-08
2020-10-15,3.132284352733917e-08,2.4289148236225582e-08,2.502551221857601e-08
2020-10-16,5.4879136410108936e-08,4.7342301093004914e-08,4.5129342770136924e-08
2020-10-19,2.235030774769655e-08,1.4736504637913328e-08,1.5163590888061672e-08
2020-10-20,3.1088741670471525e-08,2.2711813740476542e-08,2.2448721281647453e-08
2020-10-21,2.717513876212041e-08,2.490357941763097e-08,2.533640024958109e-08
2020-10-22,1.949117340704985e-08,1.5139866773348478e-08,1.3728412014881303e-08
2020-10-23,2.3860001318187778e-08,1.794075101150163e-08,1.6262948217785926e-08
2020-10-26,2.2774665186626263e-08,1.4006285804721578e-08,1.200002106396446e-08
2020-10-27,2.05570054481635e-08,1.195807946126169e-08,1.0904631798526814e-08
2020-10-28,1.729352339064226e-08,7.759864348177965e-09,6.253825145502839e-09
2020-10-29,1.6640143052829926e-08,6.802455432374288e-09,6.200071895732093e-09
2020-10-30,1.9566859461452327e-08,9.463850916300461e-09,8.709572073236231e-09
2020-11-02,4.117500529386921e-08,3.640419807812779e-08,3.608121943850766e-08
2020-11-03,3.131334355803305e-08,2.336536804418666e-08,2.1607233416947443e-08
2020-11-04,2.1099402389431727e-08,2.7944956399069613e-08,3.0113930785727705e-08
2020-11-05,3.877461506504005e-08,4.299156954446368e-08,4.22012921511973e-08
2020-11-06,5.373158323241992e-08,5.4550441282288666e-08,5.3975054215698776e-08
2020-11-09,1.5958812809286294e-08,9.802205431714396e-09,9.010131625209982e-09
2020-11-10,3.5945541146975727e-08,2.9002537471307118e-08,2.6135380564117617e-08
2020-11-11,5.201877617685943e-08,5.62708142925682e-08,6.049720748260655e-08
2020-11-12,5.8087963578186134e-08,6.056439880474301e-08,6.044068067642193e-08
2020-11-13,2.1414547762508997e-08,1.760500472225784e-08,1.7292189274500572e-08
2020-11-16,1.7893392865709428e-08,1.1528753539524578e-08,1.1161891821672957e-08
2020-11-17,1.7072361305501396e-08,1.0546749557927815e-08,1.0557327792533127e-08
2020-11-18,3.139223956866732e-08,2.6808962406282278e-08,2.7062652779569202e-08
2020-11-19,1.798101426812065e-08,1.1977980610118418e-08,1.0636287886088211e-08
2020-11-20,3.6740752358833966e-08,2.922516824664562e-08,2.8018759949152226e-08
2020-11-23,1.800038015021697e-08,9.716609315111087e-09,9.053685172371607e-09
2020-11-24,1.8110438802507216e-08,9.086211612448351e-09,8.26458537119547e-09
2020-11-25,2.2862550266228163e-08,1.3708855225985034e-08,1.2925956643549945e-08
2020-11-26,1.6116820808371922e-08,9.206873006602682e-09,8.753746445879972e-09
2020-11-27,2.320385251804429e-08,1.6258554418054835e-08,1.5776200485562053e-08
2020-11-30,2.1333433503095817e-08,1.3814185668167018e-08,1.3258323422648666e-08
2020-12-01,5.734089640468854e-08,6.609585184512248e-08,6.940668759318473e-08
2020-12-02,8.373241946910086e-08,8.601369295238308e-08,8.490760681391102e-08
2020-12-03,1.6445509484671693e-08,9.185770442729886e-09,8.762968053432448e-09
2020-12-04,2.2893277923515183e-08,1.4700693297990034e-08,1.2996634315165908e-08
2020-12-07,9.51852174426856e-08,9.099963766963107e-08,8.775914695463026e-08
2020-12-08,8.51852909298656e-08,7.891719842269457e-08,7.483064325250125e-08
2020-12-09,2.004143335173448e-08,1.2705191333526643e-08,1.1999337098905657e-08
2020-12-10,1.90810786063485e-08,1.2363903388866559e-08,1.2369071683723821e-08
2020-12-11,3.014612648230312e-08,2.4145911028724182e-08,2.028427458076139e-08
2020-12-14,2.3355122463710482e-08,1.5312478676096803e-08,1.3907016328038976e-08
2020-12-15,2.525432916167112e-07,2.7351095186456994e-07,2.6856003314869434e-07
2020-12-16,2.983421873298982e-08,2.398580134798183e-08,2.0275170802306748e-08
2020-12-17,3.258606338235997e-08,2.832120242131947e-08,2.903447688375588e-08
2020-12-18,2.175635366699219e-08,1.4888514416577925e-08,1.263489960716477e-08
2020-12-21,1.675887306025106e-08,9.587471413025992e-09,9.275423566145446e-09
2020-12-22,6.006476070221697e-08,6.432996317813637e-08,6.638848173049272e-08
2020-12-23,1.541793179253854e-08,8.200724043556446e-09,8.432856601396732e-09
2020-12-24,1.7844392872288075e-08,1.4404545389640426e-08,1.4753378238039813e-08
2020-12-25,2.494655686407812e-08,1.9317099537211157e-08,1.6522050246659114e-08
2020-12-28,2.2033453365557508e-08,1.3898029806511243e-08,1.2666379574922826e-08
2020-12-29,4.187481433527993e-08,4.839023872822282e-08,4.6716725125791204e-08
2020-12-30,2.4675860796578236e-08,1.66400267884246e-08,1.7145440153314257e-08
2020-12-31,9.047066653418252e-08,8.939494585172015e-08,8.202630572882056e-08
2021-01-01,7.94220807418931e-07,8.256677994083242e-07,8.1193517363399e-07
2021-01-04,4.162611791655882e-08,4.2096401053980755e-08,4.627151942070357e-08
2021-01-05,1.2151567333601395e-08,1.0696158869483408e-08,1.405943344889668e-08
2021-01-06,7.012532085116358e-08,6.512650508866982e-08,6.002903341358251e-08
2021-01-07,1.912861248163877e-07,1.7511327417016678e-07,1.5421452460231378e-07
2021-01-08,1.014498110991524e-07,9.397574924468562e-08,9.40086985836915e-08
2021-01-11,1.6613405333522096e-08,2.042615438894116e-08,2.5741057955792888e-08
2021-01-12,2.0760676536584227e-08,2.315715373767132e-08,2.8060183061094164e-08
2021-01-13,3.6628785379643116e-08,3.184268769824278e-08,2.8439601377024487e-08
2021-01-14,3.9411819309332116e-07,3.6932091158569374e-07,3.444120132347299e-07
2021-01-15,8.281674517616747e-08,6.898491869966528e-08,6.198630794456041e-08
2021-01-18,2.0898636505885822e-07,1.830492178911238e-07,1.6580345908157125e-07
2021-01-19,8.176689007090276e-08,6.602858794944102e-08,4.892154069013005e-08
2021-01-20,2.113556086532133e-08,2.731917648719444e-08,3.493935821415708e-08
2021-01-21,5.6871762970251874e-08,5.473003191637564e-08,6.232441027650943e-08
2021-01-22,5.463049388346518e-08,5.484398744214016e-08,5.1437996810261387e-08
2021-01-25,1.9397256577902092e-08,2.1441848397531315e-08,2.4382740748782807e-08
2021-01-26,2.7227659197193483e-08,2.9111392580953605e-08,3.451780044516776e-08
2021-01-27,2.9157090636140398e-08,3.19355481422402e-08,3.600672396754298e-08
2021-01-28,2.67248139268602e-08,2.7441847222237582e-08,3.115894015601708e-08
2021-01-29,2.2669654342223158e-08,2.153403729195267e-08,2.5037091600854584e-08
2021-02-01,2.9307549508661693e-08,2.7344758495987726e-08,2.98907773852249e-08
2021-02-02,5.3995012219183075e-08,5.1324858938062234e-08,5.166862036286545e-08
2021-02-03,4.308855236438395e-08,4.01186946520139e-08,3.779148435856955e-08
2021-02-04,4.628252109461123e-08,4.888164566320694e-08,5.08335461911312e-08
2021-02-05,1.665477565175437e-08,1.2209477145912298e-08,1.2572925540321341e-08
2021-02-08,1.7975633564917305e-08,1.2142938279775045e-08,1.0957683453811958e-08
2021-02-09,3.221149061403769e-08,2.6001772081617127e-08,2.4749168033819927e-08
2021-02-10,1.4668453740529003e-08,9.128187294139388e-09,1.0068397299073351e-08
2021-02-11,1.5056505382239577e-08,7.760761027402003e-09,6.958407798870163e-09
2021-02-12,1.6450017674514822e-08,8.133116326156789e-09,7.928196893758067e-09
2021-02-15,3.270234786378252e-08,2.5537998769940428e-08,2.155350990983677e-08
2021-02-16,4.5498106968064084e-08,5.177549944440794e-08,5.422556545323712e-08
2021-02-17,2.5341728762015118e-08,1.7835642602619496e-08,1.6533169974688073e-08
2021-02-18,1.1026913598484071e-07,1.1199813331908376e-07,1.0781368940891368e-07
2021-02-19,2.9541975899749425e-08,2.2255981818147342e-08,2.2961376955833125e-08
2021-02-22,2.1515881320357834e-08,1.4704267976439984e-08,1.3779211010247907e-08
2021-02-23,3.9878450727979203e-08,4.14308423559986e-08,4.0701610142064224e-08
2021-02-24,3.0553494287684035e-08,2.5327995094164092e-08,2.5003736126299146e-08
2021-02-25,1.6804310005896715e-08,1.042612282388532e-08,1.0699418645419956e-08
2021-02-26,1.391109236643705e-08,7.5614640581253e-09,7.016236625563936e-09
2021-03-01,1.3493561927679557e-08,7.491403542956118e-09,8.16887219891084e-09
2021-03-02,4.536525958910002e-08,3.796892436508795e-08,3.747493114088636e-08
2021-03-03,2.215467866439186e-08,1.6852241854073364e-08,1.670173106409492e-08
2021-03-04,2.146333024035281e-08,1.8381780549670303e-08,1.7219750568214627e-08
2021-03-05,3.663853950367268e-08,4.05120798457051e-08,4.2217755427700644e-08
2021-03-08,2.937808881005413e-08,2.3188921178421642e-08,2.173223975086505e-08
2021-03-09,1.740385506151448e-08,1.093534462955838e-08,1.1067838266750124e-08
2021-03-10,1.9123826047452904e-08,1.058515714202577e-08,9.822337056963325e-09
2021-03-11,2.733190094508069e-08,2.4696755930680373e-08,2.4741578609852034e-08
2021-03-12,2.1364437899201318e-08,1.254821798939098e-08,1.1750401512572257e-08
2021-03-15,2.9223400745004187e-08,2.549496170668215e-08,2.402760358965673e-08
2021-03-16,1.540658036328308e-08,7.281951692233277e-09,6.302098508357547e-09
2021-03-17,7.900172170201977e-08,1.0027409403178785e-07,1.0549699737457217e-07
2021-03-18,5.191138275760337e-08,5.1057033916183743e-08,5.032931140350202e-08
2021-03-19,1.4989575041026263e-08,7.45020484625365e-09,7.436599081748244e-09
2021-03-22,1.9352416045941142e-08,1.5954706484416808e-08,1.615154938264755e-08
2021-03-23,1.7105777632025353e-08,1.1493747637485692e-08,1.1387682479893217e-08
2021-03-24,1.7557329084879348e-07,1.9850621243135658e-07,1.99768503093172e-07
2021-03-25,5.171784540723623e-08,5.496810208061416e-08,5.1568385551897475e-08
2021-03-26,3.068159038805438e-08,2.7132160762145915e-08,2.7830787414210544e-08
2021-03-29,2.3900869565655807e-08,1.8742175652049903e-08,1.8407845589740805e-08
2021-03-30,1.631965811019141e-08,1.0520039652378432e-08,1.0155082394499631e-08
2021-03-31,2.3489095377525268e-08,1.6808932117295372e-08,1.7999355660303576e-08
2021-04-01,1.6352711425821143e-08,9.03451812801847e-09,9.320131869554566e-09
2021-04-02,2.1305413365311652e-08,1.341931363701777e-08,1.40251409939559e-08
2021-04-05,1.622002633474867e-07,1.8116099308748854e-07,1.795279569327964e-07
2021-04-06,1.602310543611059e-08,1.054296569413508e-08,1.1862941747306012e-08
2021-04-07,2.2055287008252616e-08,2.587230732738005e-08,2.760564853740796e-08
2021-04-08,3.1676884449888986e-08,3.275204239043796e-08,3.1460946184314206e-08
2021-04-09,1.9409254674921524e-08,1.3116640008690621e-08,1.4180407774112305e-08
2021-04-12,1.8191807288917654e-08,1.804543416057628e-08,1.857128472153202e-08
2021-04-13,2.3428572805243416e-08,1.689617541699666e-08,1.6941528961660737e-08
2021-04-14,1.7201618711434677e-08,9.520107746373e-09,9.65806800917184e-09
2021-04-15,3.887063327361662e-08,3.43241000151732e-08,3.4421093272247004e-08
2021-04-16,2.0229343645520943e-08,1.2901819939799804e-08,1.3265425013671917e-08
2021-04-19,2.108041220354051e-08,1.938290095555179e-08,1.8722231079900113e-08
2021-04-20,1.9944010396043267e-08,1.1751182777123679e-08,1.1794573485344646e-08
2021-04-21,1.3916471287004093e-08,6.769882087307269e-09,6.746759482164217e-09
2021-04-22,1.8333912041829503e-08,9.469998062348716e-09,9.250916419264865e-09
2021-04-23,2.8174355012956238e-08,1.9807651004210474e-08,1.9306226023146645e-08
2021-04-26,2.300792756702142e-08,1.4340091182838944e-08,1.390100954568835e-08
2021-04-27,2.825192085487175e-08,1.9019484235097864e-08,1.7768384319230152e-08
2021-04-28,2.6351610297663436e-08,2.0359467949628576e-08,1.9203291162236737e-08
2021-04-29,1.725905821863331e-08,7.66135746119506e-09,6.452813492190614e-09
2021-04-30,1.956167767551414e-08,1.0224773772993999e-08,9.293572827341851e-09
2021-05-03,1.5060323382435932e-08,5.1289594045153336e-09,4.483542821020605e-09
2021-05-04,2.3317382851967893e-08,1.3168127631329567e-08,1.1557742077115604e-08
2021-05-05,1.8221694783550744e-08,7.966146736986612e-09,6.41038651378025e-09
2021-05-06,6.547462049547352e-08,6.53836144999254e-08,6.360078787630366e-08
2021-05-07,1.622769629465573e-08,1.3610949787869806e-08,1.403673670196226e-08
2021-05-10,2.165155696834783e-08,1.5958137823459614e-08,1.6793585873320504e-08
2021-05-11,7.628445327399971e-08,7.379172775835472e-08,7.409025574681027e-08
2021-05-12,1.3892041835303067e-08,1.4294391169169578e-08,1.5112291848891437e-08
2021-05-13,1.7658316212633e-08,9.455424109444635e-09,8.735375195971969e-09
2021-05-14,1.8527415831777425e-08,9.183984222913998e-09,8.532152901853585e-09
2021-05-17,1.8851803125732084e-08,1.8823245899024105e-08,1.831015611069803e-08
2021-05-18,2.7646412068650353e-08,3.232485516255136e-08,3.2563194693187565e-08
2021-05-19,2.1651812941448673e-08,1.9015274811149306e-08,2.008575461611147e-08
2021-05-20,2.3101872748835365e-08,1.7150043335794514e-08,1.6996226688837198e-08
2021-05-21,2.1057638002252823e-08,1.5629206910539226e-08,1.5017479207395966e-08
2021-05-24,6.093707064844231e-08,5.884481172386586e-08,5.7449797197846845e-08
2021-05-25,4.6717670134910474e-08,4.661768020146937e-08,4.53080932851804e-08
2021-05-26,2.97239775305187e-08,3.621769969772099e-08,3.7305064531749116e-08
2021-05-27,4.132008457372991e-08,4.7784419815603245e-08,4.897406125370104e-08
2021-05-28,4.4374943042880795e-08,4.2951648059914386e-08,4.320869783328452e-08
2021-05-31,2.863438384080074e-08,2.3963314791384506e-08,2.1491971391521877e-08
2021-06-01,2.1562127808409895e-08,1.6850653315384653e-08,1.675430211311468e-08
2021-06-02,1.538672618679586e-08,1.0886775551768968e-08,1.1101114353018239e-08
2021-06-03,1.5612057402095265e-08,8.953909281910557e-09,8.951256260458815e-09
2021-06-04,5.934232365583026e-08,5.500965877618651e-08,5.469648226253616e-08
2021-06-07,9.428091930724831e-09,5.871345706509022e-09,6.289300525662974e-09
2021-06-08,2.5842540803390657e-08,2.0974345959628005e-08,2.0047670129544447e-08
2021-06-09,1.3026896758266803e-07,1.415415564868803e-07,1.4150535872112367e-07
2021-06-10,2.0892780831508597e-08,1.6756870550674007e-08,1.7432398550106737e-08
2021-06-11,1.6050315776145305e-08,9.627676157992314e-09,9.339986410711036e-09
2021-06-14,3.8890322108377174e-08,3.425021430072399e-08,3.1653676612898584e-08
2021-06-15,2.318611822148196e-08,1.787060650029321e-08,1.7836280323859773e-08
2021-06-16,1.9400348469552443e-08,1.2497789154751475e-08,1.2266286998704982e-08
2021-06-17,2.585048409649113e-08,1.8185913332342122e-08,1.727429634636569e-08
2021-06-18,1.56037485440548e-08,9.123971524943071e-09,8.903082208512102e-09
2021-06-21,1.5309322856630772e-08,7.484729326171067e-09,6.869722796063199e-09
2021-06-22,9.745550590847243e-08,1.0842692440275822e-07,1.084658783806483e-07
2021-06-23,5.6906846531159325e-08,5.8908348313561623e-08,5.81845126324849e-08
2021-06-24,7.347554751978972e-08,7.659746121459157e-08,7.614758769349422e-08
2021-06-25,5.5758752995785065e-08,5.2267363967659896e-08,5.242422813100439e-08
2021-06-28,1.591761758327295e-08,1.4266318873471118e-08,1.3961911493684257e-08
2021-06-29,2.0739066443437556e-08,1.830598254775842e-08,1.8604832384886404e-08
2021-06-30,2.2195432141836087e-08,1.875420769076172e-08,1.810346775595514e-08
2021-07-01,3.53690608419808e-08,3.009932074431208e-08,2.9025558775307133e-08
2021-07-02,6.909426177603078e-08,6.735611285720734e-08,6.259695101882305e-08
2021-07-05,1.0580166112935151e-07,1.0103439401608795e-07,9.516487711760595e-08
2021-07-06,1.5975310684234097e-08,1.1125659303459152e-08,1.080344709781167e-08
2021-07-07,2.024934261999955e-08,1.4152695864696696e-08,1.2594692175018471e-08
2021-07-08,5.4095475571023216e-08,4.840700930300453e-08,4.848145694911014e-08
2021-07-09,1.3940510091813497e-07,1.4782439336597473e-07,1.5434029963821248e-07
2021-07-12,3.650529107084562e-08,3.2162942014640544e-08,2.9000150152598895e-08
2021-07-13,1.722179445443344e-08,1.3913776935805422e-08,1.2914823053774234e-08
2021-07-14,3.02575169722653e-08,2.830979219237296e-08,2.6485882749738033e-08
2021-07-15,2.805878141498074e-08,2.2729086147454823e-08,2.172476658567834e-08
2021-07-16,7.03791826809389e-08,6.271038779661257e-08,6.064687924572062e-08
2021-07-19,7.755294799009495e-08,7.836661822909698e-08,7.935674243978643e-08
2021-07-20,2.3668960901210725e-08,1.8411331064786594e-08,1.8092291422417952e-08
2021-07-21,9.697981496338748e-08,9.600303838274909e-08,1.0013137252966361e-07
2021-07-22,2.0268646941686938e-07,2.1095035418956325e-07,2.145180255855032e-07
2021-07-23,5.523035694944071e-08,4.5337477281542006e-08,4.3108738537875896e-08
2021-07-26,3.633946663660892e-08,3.732516998998654e-08,3.773949638845141e-08
2021-07-27,4.0731865726386653e-08,4.290113778771354e-08,4.05813189872403e-08
2021-07-28,3.504432411383918e-08,3.165039761077965e-08,3.138257860570132e-08
2021-07-29,2.3199472512492014e-08,1.872835291032533e-08,1.993164744700303e-08
2021-07-30,4.568508818551846e-08,4.178134161500692e-08,4.008049524839136e-08
2021-08-02,2.3036387205127795e-08,2.2735944774264666e-08,2.3448913856778825e-08
2021-08-03,4.0362157433928767e-08,3.780522295192759e-08,3.7123734940534185e-08
2021-08-04,3.9299171284547085e-07,4.007678448967729e-07,3.9304767473216064e-07
2021-08-05,2.583344291326671e-08,2.964478123570827e-08,3.139629357107016e-08
2021-08-06,8.042378175166751e-08,7.117376604581195e-08,6.99698549262555e-08
2021-08-09,5.566233217700869e-08,5.220373080558898e-08,5.200239227904604e-08
2021-08-10,2.4087702344318626e-08,2.3482070196084296e-08,2.1827467030752336e-08
2021-08-11,4.408487431421715e-08,3.877009031271965e-08,3.776312254644434e-08
2021-08-12,1.8489640978855457e-08,1.899082187538912e-08,2.0555820998852136e-08
2021-08-13,3.573054812881571e-08,3.2593761557825406e-08,3.186721412928484e-08
2021-08-16,1.8414607758716938e-08,1.7990919298853678e-08,1.9870763398464588e-08
2021-08-17,1.6064002491520757e-08,1.327198804866742e-08,1.4381899519358983e-08
2021-08-18,1.597692867868248e-08,1.1546990566316158e-08,1.2663905688018696e-08
2021-08-19,1.694997547949638e-08,1.1292587689049493e-08,1.2351975227542402e-08
2021-08-20,2.544809704142261e-07,2.658876812879291e-07,2.6403433795691093e-07
2021-08-23,5.8846811414994045e-08,5.7389945576753554e-08,5.6605083025078084e-08
2021-08-24,1.8682103583829984e-08,1.6025983055001018e-08,1.8928570449498063e-08
2021-08-25,5.54195850464483e-08,4.805236593310508e-08,4.571480523078411e-08
2021-08-26,2.0558399334156184e-08,1.6410984607432164e-08,1.7889453398279608e-08
2021-08-27,2.710046041882033e-08,2.436881029568079e-08,2.5708166176018986e-08
2021-08-30,1.9695342810443174e-08,1.712824801483229e-08,1.898130997976672e-08
2021-08-31,6.172523228173584e-08,5.4967444680686973e-08,5.374299696504983e-08
2021-09-01,6.120632729302008e-08,5.760281864071482e-08,5.533665430111245e-08
2021-09-02,2.2168032144964915e-08,1.7823918288928227e-08,1.8364831243886003e-08
2021-09-03,3.101083492154966e-08,2.5005337841637214e-08,2.452616220976207e-08
2021-09-06,1.875973099599272e-08,1.2361847425405724e-08,1.2454577137487758e-08
2021-09-07,1.718965788954222e-08,1.128062088799403e-08,9.63481578289235e-09
2021-09-08,5.681370761748145e-08,5.366009830909374e-08,5.002788014296093e-08
2021-09-09,4.601194204513908e-08,3.9157727846460374e-08,3.661924160361635e-08
2021-09-10,2.4650352820428693e-08,1.7992492891729537e-08,1.8058184329004353e-08
2021-09-13,2.3390787153578385e-08,1.6870923293234496e-08,1.661540937805133e-08
2021-09-14,3.126787646763057e-08,3.065343784015462e-08,3.073583501161617e-08
2021-09-15,2.6324474046115147e-08,1.8546536138710908e-08,1.6860078282625763e-08
2021-09-16,2.054485111818467e-08,1.3390168770150035e-08,1.2835561641897275e-08
2021-09-17,5.5001903457274896e-08,4.69596867222956e-08,4.2486687250666534e-08
2021-09-20,3.482143657901718e-08,2.770755582990418e-08,2.5802489340967523e-08
2021-09-21,3.5059469789160636e-08,2.7158774379756766e-08,2.5625673543054212e-08
2021-09-22,1.705051467942122e-08,1.9072438565548637e-08,2.079028547264406e-08
2021-09-23,2.0059069040475357e-08,1.3297977323315636e-08,1.1981654860330201e-08
2021-09-24,1.8289146569999568e-08,1.0718419502691168e-08,9.756258506368466e-09
2021-09-27,1.9086117186043247e-08,1.0351696334273673e-08,9.69031494671863e-09
2021-09-28,3.763325739742318e-08,2.9991500291344276e-08,2.6463675753592233e-08
2021-09-29,1.5194136329404745e-08,6.822653567325686e-09,5.971572038652106e-09
2021-09-30,5.1504433149318295e-08,4.965312606932677e-08,4.6693965253240755e-08
2021-10-01,3.6893178829371704e-08,2.8533914458820306e-08,2.436484009725865e-08
2021-10-04,2.9645972997559203e-08,2.13214658728036e-08,1.7084379499026593e-08
2021-10-05,3.311051493092304e-08,3.258839653668562e-08,3.3678720834342e-08
2021-10-06,1.700144482307583e-08,9.247358122368339e-09,8.093973705607674e-09
2021-10-07,3.081308917048165e-08,2.4120812159318187e-08,2.396007944858985e-08
2021-10-08,5.174746246566083e-08,4.5293771311740495e-08,4.27604041684704e-08
2021-10-11,1.6173364171487877e-07,1.5495637501550617e-07,1.4570442045376982e-07
2021-10-12,1.456453236935373e-08,1.0204389668928213e-08,8.581294985298159e-09
2021-10-13,4.975892233628257e-08,4.450313473812633e-08,4.1800986124902976e-08
2021-10-14,4.2496179562178434e-08,3.910331681960708e-08,3.85455983917644e-08
2021-10-15,2.5226518270183234e-08,1.9567500608806942e-08,1.6436830749686838e-08
2021-10-18,1.1991934082943765e-08,8.902180920814277e-09,8.98458510313497e-09
2021-10-19,1.3135484463107098e-08,1.452307435269925e-08,1.5948661726210898e-08
2021-10-20,1.6796856038144605e-08,1.0451470996221556e-08,9.753472618199535e-09
2021-10-21,2.1721975926547258e-08,2.1469541005000637e-08,2.3454892675168155e-08
2021-10-22,1.6589932316139172e-08,9.1332914922132e-09,7.71201793263109e-09
2021-10-25,1.404710675152323e-08,7.1073508970692815e-09,6.082566964250996e-09
2021-10-26,1.7725890139666526e-08,9.782295752861036e-09,8.53855422903892e-09
2021-10-27,2.6356701946817124e-08,1.8886254735836897e-08,1.7131315136601418e-08
2021-10-28,1.6635972194551873e-08,9.119156208688365e-09,7.897318504874784e-09
2021-10-29,4.7120371877613964e-08,4.990981101412383e-08,5.145517377538313e-08
2021-11-01,3.852813137925424e-08,3.036444697631408e-08,2.7435758053830973e-08
2021-11-02,2.5740240627082957e-08,1.7375415290049636e-08,1.3855550334326939e-08
2021-11-03,3.7107005319859785e-08,2.900349827622596e-08,2.5573595534386096e-08
2021-11-04,3.90349394724401e-08,3.649578398492835e-08,3.2336939402632285e-08
2021-11-05,4.2580085054851404e-08,3.496251176751857e-08,2.9823619098578016e-08
2021-11-08,1.6430292722823115e-08,8.434479106829054e-09,7.288035388537141e-09
2021-11-09,3.923465017720595e-08,4.027245940712984e-08,4.1387668463455824e-08
2021-11-10,5.751203988467767e-08,5.099556634021622e-08,5.3950676798804956e-08
2021-11-11,2.8750548740870555e-08,2.1158615279838832e-08,1.932241410491562e-08
2021-11-12,6.26466358091321e-08,5.5928691028589534e-08,5.1965050904148556e-08
2021-11-15,5.05683167442469e-08,4.6151479963124555e-08,4.304373207655225e-08
2021-11-16,2.1688616097963096e-08,1.4354269309441721e-08,1.1705875119486637e-08
2021-11-17,3.883102750249096e-08,3.132596130207548e-08,2.8574115323146023e-08
2021-11-18,4.379031114905723e-08,3.9296440887808986e-08,4.083754185420159e-08
2021-11-19,4.7461710844747294e-08,4.255594067215844e-08,3.8229780053300364e-08
2021-11-22,3.918401944681497e-08,3.2557430201511265e-08,3.083186943654475e-08
2021-11-23,2.8823799625282424e-08,2.425318070897788e-08,2.1430116505454717e-08
2021-11-24,2.1671053195310107e-08,1.4014404582219226e-08,1.1677769483032959e-08
2021-11-25,1.3113806044007544e-08,8.638009579418023e-09,8.270599624893507e-09
2021-11-26,7.086125764423361e-08,7.24560103373435e-08,7.500130020833915e-08
2021-11-29,3.047359802047666e-08,2.274571209688273e-08,2.0165908556606106e-08
2021-11-30,3.4400900019596543e-08,3.0380750523556e-08,3.1633776584577167e-08
2021-12-01,1.6792807435712828e-07,1.730662416039332e-07,1.7025795765939754e-07
2021-12-02,6.630609783804619e-08,6.080728624008636e-08,5.4676971958368044e-08
2021-12-03,3.27778522071968e-08,2.8250120419680596e-08,2.3676665653838142e-08
2021-12-06,1.6286965748898676e-08,1.1950300082400956e-08,8.091397061145208e-09
2021-12-07,1.954826138276465e-07,1.9719334681549997e-07,1.950030445908917e-07
2021-12-08,6.932795163911582e-08,6.433915463905762e-08,6.100748190976193e-08
2021-12-09,4.336981897328956e-08,3.910337792772971e-08,3.322995450725307e-08
2021-12-10,1.331827571678238e-07,1.3697961541670197e-07,1.3890548595353953e-07
2021-12-13,8.82660004707516e-08,8.625719734564891e-08,7.690836414715474e-08
2021-12-14,3.622865596637726e-08,3.412005146630617e-08,3.3011781550403774e-08
2021-12-15,1.4897992267147445e-07,1.4829458762673895e-07,1.6015266002753006e-07
2021-12-16,4.0145178564768016e-08,3.835169068654236e-08,3.2202970110807815e-08
2021-12-17,3.984273733020651e-08,3.7117756835352724e-08,3.204175829856426e-08
2021-12-20,1.8800614894479604e-08,1.5526818226517828e-08,1.376299480592738e-08
2021-12-21,1.132598709143804e-07,1.0764774259446e-07,8.9593280042588e-08
2021-12-22,7.177256608700109e-08,6.691519009848477e-08,5.617100932934574e-08
2021-12-23,4.270905072414004e-08,3.6801981641901e-08,4.143579470765468e-08
2021-12-24,6.222638125153175e-08,5.914386440740112e-08,5.439870509981105e-08
2021-12-27,2.0473194955064184e-08,2.330058237149597e-08,2.596332377937657e-08
2021-12-28,6.226518892750782e-08,5.5765525359412334e-08,5.517285570238892e-08
2021-12-29,2.254388993089285e-08,1.9924591653565292e-08,1.830570633358237e-08
2021-12-30,4.1569903515077215e-08,3.824806638099586e-08,3.2402469802602266e-08
2021-12-31,1.2790342570193195e-07,1.2288952128735529e-07,1.1015616608046801e-07
2022-01-03,4.450953049387917e-08,4.115467905016582e-08,3.6988205933159366e-08
2022-01-04,1.52286113425125e-08,1.3135353197823785e-08,1.5778184808492786e-08
2022-01-05,3.390211642751283e-08,2.9990548630110677e-08,2.9953257279001525e-08
2022-01-06,3.8817107801148366e-08,3.417916339114127e-08,2.938276792297577e-08
2022-01-07,3.179073334615913e-08,2.6186859522724863e-08,2.2342890837733043e-08
2022-01-10,1.2161006922985187e-07,1.1420338028703402e-07,1.0326126561976426e-07
2022-01-11,2.923694412021159e-08,2.4949004880190527e-08,2.1058421693928964e-08
2022-01-12,1.4755535274068643e-08,8.904195985042172e-09,9.139661186658901e-09
2022-01-13,2.2950926658534054e-08,1.7168524797342157e-08,1.4677465850103856e-08
2022-01-14,3.968952110775878e-08,3.616995986950034e-08,3.466895999740351e-08
2022-01-17,1.8048394837391734e-08,1.8095455191862145e-08,2.0562765452144088e-08
2022-01-18,8.23381688191397e-08,8.276697271468951e-08,8.242266377524994e-08
2022-01-19,4.3079345023001576e-08,5.209941820163664e-08,5.2779920649037594e-08
2022-01-20,7.595989989148446e-08,6.958596976509597e-08,6.949084782032072e-08
2022-01-21,5.6863624673366786e-08,5.5660686421903866e-08,5.163135903671701e-08
2022-01-24,6.291502320606254e-08,6.186125260034355e-08,6.280871905619928e-08
2022-01-25,8.208817338997634e-08,7.796459689430685e-08,7.894023803496095e-08
2022-01-26,1.8194629040778025e-08,1.3354661894771508e-08,1.2536060695041764e-08
2022-01-27,3.6904142337295094e-08,4.023919972224639e-08,4.120938724390328e-08
2022-01-28,2.2538393396856544e-08,1.821634650160369e-08,1.5445390097670468e-08
2022-01-31,2.4095244113304266e-08,1.8824764301205577e-08,1.64431782739199e-08
2022-02-01,4.0019046980820336e-08,4.089342670046356e-08,4.07946560706485e-08
2022-02-02,2.9654147975621485e-08,2.357244225033858e-08,1.8408618909918275e-08
2022-02-03,1.9095471604508652e-08,1.361739940588526e-08,1.126659400189024e-08
2022-02-04,1.566053410069709e-08,9.628370529801193e-09,8.135340013752573e-09
2022-02-07,5.019625651131971e-08,4.4557554582739104e-08,4.32168288077396e-08
2022-02-08,1.5884764640239654e-08,1.1943609935350644e-08,1.2609822639557552e-08
2022-02-09,1.4213012574353479e-08,9.775953349298913e-09,8.488024338903301e-09
2022-02-10,3.114692380370022e-08,2.450344606815657e-08,2.225848327487624e-08
2022-02-11,3.1087640372902845e-08,2.3897404234711495e-08,2.04015079795614e-08
2022-02-14,2.2511943417508424e-08,1.4722249111474785e-08,1.1257677781179638e-08
2022-02-15,2.2635926948377906e-08,1.455460190976327e-08,1.4154089098014456e-08
2022-02-16,1.8343467351935348e-08,1.195498673918614e-08,1.0559228430895651e-08
2022-02-17,1.7268176923769748e-07,1.71414942912114e-07,1.6702892514702875e-07
2022-02-18,1.2815732913529958e-08,7.127728329169814e-09,6.269166649675953e-09
2022-02-21,2.2723295977599095e-08,1.7139617223568024e-08,1.497912037171642e-08
2022-02-22,3.27429729544266e-08,3.02222369767547e-08,2.8108737638491116e-08
2022-02-23,1.203522926411324e-07,1.1112116910261585e-07,9.831752668765995e-08
2022-02-24,1.9945933424669825e-08,1.57557584154661e-08,1.6671407668219086e-08
2022-02-25,9.952346818618404e-08,9.812544739710087e-08,9.365214390485033e-08
2022-02-28,6.112823284114423e-08,5.5050342044532826e-08,5.096488919802471e-08
2022-03-01,3.8059564628772394e-08,3.417037160127784e-08,3.097010278319365e-08
2022-03-02,4.325976521049126e-08,3.98959574409598e-08,3.463772765349314e-08
2022-03-03,2.2374634739779243e-08,1.9563984693320258e-08,1.9067679177007925e-08
2022-03-04,3.732738667169829e-08,3.354519215899978e-08,3.456128026868706e-08
2022-03-07,2.6313075852259974e-08,2.0962207576981035e-08,1.7708858271167196e-08
2022-03-08,1.0339057519088027e-08,1.0337319452430257e-08,1.2889854129871009e-08
2022-03-09,2.9415085675903473e-08,2.8059529828541884e-08,2.555438955861093e-08
2022-03-10,2.303105365186726e-08,1.740082454991678e-08,1.6990347377383297e-08
2022-03-11,2.117431715217563e-07,2.1246558353061308e-07,2.1055689314273713e-07
2022-03-14,2.365926800397381e-08,1.9953662888460686e-08,1.9981932879982686e-08
2022-03-15,1.9249857970454215e-08,1.3666982755924856e-08,1.3868068864416987e-08
2022-03-16,3.99206471512581e-08,3.7521042159925315e-08,3.804043904647081e-08
2022-03-17,5.652388933334979e-08,6.080610596860819e-08,6.499200174635288e-08
2022-03-18,3.3682943397623765e-08,2.966142685342182e-08,3.3254456168952554e-08
2022-03-21,6.143183973706899e-08,5.6855940402461707e-08,5.401552778470074e-08
2022-03-22,1.945245792964144e-08,1.4036941632827531e-08,1.1999422444074454e-08
2022-03-23,5.354998330935208e-08,5.052112052216371e-08,4.8084116858671166e-08
2022-03-24,7.074368279335929e-08,6.740327342429618e-08,6.51217396824618e-08
2022-03-25,3.3294843524386465e-08,2.8834352732963773e-08,2.7132297897779895e-08
2022-03-28,1.9601713501899073e-08,1.3995589986004293e-08,1.2373719933678214e-08
2022-03-29,2.6347015765203138e-08,2.0355558685728868e-08,1.9809423552437272e-08
2022-03-30,3.915462137467595e-08,3.419873606482747e-08,3.146951763377745e-08
2022-03-31,7.793872039140629e-08,7.131625821163215e-08,6.717245295742373e-08
2022-04-01,1.4794446888341454e-08,8.463291901722248e-09,7.015235925360664e-09
2022-04-04,5.1254292207963626e-08,4.4080753221590384e-08,3.915053953059533e-08
2022-04-05,3.024311022976404e-08,2.5849233650371627e-08,2.2039231503160345e-08
2022-04-06,3.611503416814494e-08,2.9570971488546506e-08,2.6352072023416272e-08
2022-04-07,2.1646499104967318e-08,1.9814430383726197e-08,2.2169804918331912e-08
2022-04-08,3.263704913054787e-08,2.9582175285631768e-08,2.9632876602223493e-08
2022-04-11,4.2238446511145944e-08,3.478622378598698e-08,3.253064391367479e-08
2022-04-12,8.659727061189622e-08,8.662875778860298e-08,8.584423597683654e-08
2022-04-13,1.8382952768072712e-08,1.2888552709789661e-08,1.1513547677998838e-08
2022-04-14,2.2029213837740218e-08,1.5525930275099857e-08,1.411545518213629e-08
2022-04-15,3.2848985436706825e-08,2.6272641578288512e-08,2.6260601858801796e-08
2022-04-18,2.339219456081243e-08,1.6984680682463138e-08,1.617469787345757e-08
2022-04-19,7.186514029217433e-08,6.345055840206523e-08,6.105421545140978e-08
2022-04-20,9.366904812796344e-08,9.014070283515873e-08,8.636157813447373e-08
2022-04-21,7.022792971582469e-08,6.795985217732389e-08,6.7850166967218e-08
2022-04-22,2.946261432120714e-08,2.391096400293169e-08,2.232539937457168e-08
2022-04-25,1.4537158203263311e-07,1.359326786270523e-07,1.28724056992635e-07
2022-04-26,1.965734412386466e-07,1.8789388463654222e-07,1.7266111661286157e-07
2022-04-27,4.073123831032169e-08,3.522871140422145e-08,3.302305819414092e-08
2022-04-28,1.91098351299972e-07,1.8353860433294674e-07,1.6544483630634683e-07
2022-04-29,6.472858621068463e-08,7.251593759354718e-08,7.844844389254644e-08
2022-05-02,1.3289014131033592e-08,1.2093576111624006e-08,1.1220081060753956e-08
2022-05-03,2.319331678430207e-08,2.0171958336681078e-08,1.7118101033809043e-08
2022-05-04,7.439367069044041e-08,7.136294996493898e-08,6.964047304540257e-08
2022-05-05,8.72921253714157e-08,8.048188610308874e-08,7.536165157710345e-08
2022-05-06,3.5763921461624916e-08,3.587445039385258e-08,3.249661732303351e-08
2022-05-09,4.406827257258584e-08,3.8534948109633e-08,3.425316819589267e-08
2022-05-10,4.171294776996142e-08,3.83545128223646e-08,3.4654370404271805e-08
2022-05-11,3.2268888163926776e-08,2.8959946155938172e-08,2.5752285235768305e-08
2022-05-12,3.66679604444109e-08,3.110733805101493e-08,3.088527945450243e-08
2022-05-13,3.757877216742844e-08,3.889979309454032e-08,4.596216517435081e-08
2022-05-16,4.9673965540377094e-08,4.5516802107264156e-08,4.025695644695529e-08
2022-05-17,3.078937589018217e-08,2.677878390819367e-08,2.3099899105502377e-08
2022-05-18,2.973563436856518e-07,2.946849780666306e-07,2.8108386578822077e-07
2022-05-19,1.140989759928473e-07,1.1023669793542389e-07,9.767683661479033e-08
2022-05-20,1.0313650371710498e-07,1.0880526788558303e-07,1.2559411665769057e-07
2022-05-23,9.135852149279914e-07,9.091298520263414e-07,9.082997597014263e-07
2022-05-24,3.952344882069581e-08,4.407580129346958e-08,3.3857685011591116e-08
2022-05-25,2.7356523718113866e-08,2.9591815209512106e-08,2.501049145603799e-08
2022-05-26,5.0068192409145776e-08,3.7034071207079953e-08,4.293411950658141e-08
2022-05-27,3.593745224974407e-08,4.2012361292593184e-08,3.882265041836027e-08
2022-05-30,6.228488599055708e-08,6.194188113964959e-08,5.438726964010574e-08
2022-05-31,5.402414157404637e-08,5.88426999497698e-08,5.613805824708493e-08
2022-06-01,4.514446143878372e-07,4.243821096205037e-07,3.9730780465713666e-07
2022-06-02,4.734833002226805e-08,4.6485210918757953e-08,5.134346498494741e-08
2022-06-03,2.2102258783739976e-08,2.8281565492756118e-08,2.4259819093352807e-08
2022-06-06,5.7064917369118296e-08,4.494393503700559e-08,4.9583342710102955e-08
2022-06-07,2.2155503470663077e-07,2.0978537098549937e-07,1.769351490614311e-07
2022-06-08,9.219840572005915e-08,7.59023866354762e-08,7.191502855957764e-08
2022-06-09,3.5650254671562766e-08,2.8566085063035795e-08,2.6140918677897934e-08
2022-06-10,6.003645229319256e-08,3.8345392629700204e-08,3.891078691516969e-08
2022-06-13,3.286691217315082e-08,3.919842442514073e-08,3.633429664973678e-08
2022-06-14,2.233294107520042e-08,2.6036334646954434e-08,2.7336276054290176e-08
2022-06-15,2.906858959795611e-08,3.0560841784745894e-08,2.588859614796715e-08
2022-06-16,6.352925240053478e-08,6.917998112400602e-08,7.007999628716891e-08
2022-06-17,2.712766503764703e-08,2.7280844408781175e-08,2.4763605300178202e-08
2022-06-20,7.310674023075871e-08,6.605653319356384e-08,5.856230197072549e-08
2022-06-21,4.222211741562212e-08,4.3655394447711417e-08,4.421737215647207e-08
2022-06-22,1.9580304565899385e-08,1.7091201012117563e-08,1.5976467052312778e-08
2022-06-23,7.435132686955265e-08,7.279658371643985e-08,6.232423023271941e-08
2022-06-24,5.3787106234815524e-08,5.089184379010237e-08,5.4122793911381323e-08
2022-06-27,1.9234775276413325e-08,1.8055951089422956e-08,1.721630212290971e-08
2022-06-28,3.09647978274563e-08,2.7892750870718427e-08,2.3251293825617058e-08
2022-06-29,4.890243763357132e-08,4.479753981427578e-08,4.345294177677779e-08
2022-06-30,4.2014184336384624e-08,3.4544387964458166e-08,3.424594295400834e-08
2022-07-01,1.2962562405773362e-07,1.2939624349701205e-07,1.2903141635271136e-07
2022-07-04,1.99480894426057e-08,1.8515858013858977e-08,1.834392554984515e-08
2022-07-05,3.076535682544884e-08,2.5717229512429934e-08,2.0432467049794828e-08
2022-07-06,3.5386644504991425e-08,3.540256010772166e-08,3.629092931978063e-08
2022-07-07,2.966543354385499e-08,2.40644611625224e-08,2.510167542703918e-08
2022-07-08,2.204924020783336e-08,1.8252025001150984e-08,1.7594078144969643e-08
2022-07-11,2.2439459062771985e-08,1.8186338200551773e-08,1.6779374549694483e-08
2022-07-12,8.55923372047529e-08,8.731391868069455e-08,8.550655243357093e-08
2022-07-13,1.900795139230139e-08,1.685709433723426e-08,1.7169731209371114e-08
2022-07-14,1.9258369932662193e-08,1.7023872209411323e-08,1.7759461868367926e-08
2022-07-15,4.031330288467555e-08,3.726764249506372e-08,3.5880137868151624e-08
2022-07-18,5.021955591587916e-08,4.6421754725711966e-08,4.3265639088312184e-08
2022-07-19,1.9349183820276734e-08,1.5478307638915357e-08,1.490618252876007e-08
2022-07-20,4.4371982544241766e-08,3.715753238773439e-08,3.46675271564998e-08
2022-07-21,6.510958054265058e-08,6.935238093863398e-08,6.885063894684283e-08
2022-07-22,1.974643569076069e-08,1.6638762952338453e-08,1.5639815605897004e-08
2022-07-25,2.0445908738914628e-08,1.7330593814303717e-08,1.649971216781442e-08
2022-07-26,7.404037880397482e-08,7.00061952317127e-08,6.46275695568183e-08
2022-07-27,2.0752570164334476e-08,1.6021761014768982e-08,1.5860175594149548e-08
2022-07-28,4.147446897178164e-08,4.506079778320248e-08,4.6114809978790764e-08
2022-07-29,1.9752243781397427e-07,2.0469157776776865e-07,2.0255975939199854e-07
2022-08-01,4.5118990404834783e-08,4.061145822659027e-08,3.461366621047707e-08
2022-08-02,2.6696412317404258e-08,2.5749387993389248e-08,2.2645612289178913e-08
2022-08-03,3.330164784685258e-08,3.0629087643951266e-08,2.622685942639758e-08
2022-08-04,1.572739710144875e-08,1.4734164373550732e-08,1.6481798685514885e-08
2022-08-05,2.467770195584373e-08,2.144107445647275e-08,2.2700335371774224e-08
2022-08-08,3.4252747478141e-07,3.464874399509466e-07,3.433262500439765e-07
2022-08-09,3.380398972727149e-08,3.64517341421389e-08,3.744195724900974e-08
2022-08-10,8.041868701921798e-08,7.796889859844278e-08,8.029400134487289e-08
2022-08-11,2.2037270060150624e-07,2.2329891218178994e-07,2.259985126180731e-07
2022-08-12,2.0680801164291256e-08,2.3152696327577692e-08,2.1956136211164118e-08
2022-08-15,2.2237860799148522e-08,2.055985108394898e-08,1.9374367442160966e-08
2022-08-16,3.698696510984226e-08,3.70727687738742e-08,3.6982508236446616e-08
2022-08-17,4.821062101370808e-08,4.7330585935255385e-08,4.826114788757015e-08
2022-08-18,2.2146396680451156e-07,2.2310441893733623e-07,2.1832232381540113e-07
2022-08-19,2.3146827232923433e-08,2.5761784184838438e-08,2.626969355730442e-08
2022-08-22,4.4439049360649964e-08,4.011338844433451e-08,3.962755558535464e-08
2022-08-23,2.2649335689583092e-08,2.2688326748123883e-08,2.3112210421424222e-08
2022-08-24,5.7871094428562996e-08,5.474334351700071e-08,4.8256714572940664e-08
2022-08-25,3.268213275706119e-08,3.465086147438147e-08,3.399890273644281e-08
2022-08-26,6.10612375248538e-08,5.5223185790629824e-08,5.588581552247146e-08
2022-08-29,1.0391680974478888e-07,1.0322257355311165e-07,9.773519355388374e-08
2022-08-30,1.7267054354184172e-08,1.8077649997861734e-08,1.8005524631584737e-08
2022-08-31,3.580618387818747e-08,3.4977342445560505e-08,3.338427899747625e-08
2022-09-01,2.0235594049104157e-08,1.7690039820148566e-08,1.6489500656432995e-08
2022-09-02,3.437882743291135e-08,3.1284177997683254e-08,2.9184148313086614e-08
2022-09-05,4.561063436339352e-08,4.1478984044396754e-08,3.961575123913022e-08
2022-09-06,2.912384635894671e-08,2.7594187115028294e-08,2.6558699550286286e-08
2022-09-07,2.943592182138964e-08,2.5616546942099288e-08,2.483328911514556e-08
2022-09-08,2.8151816916027858e-08,2.8339137350499157e-08,3.081399800867204e-08
2022-09-09,3.070928255494142e-08,2.8283169744394183e-08,2.8303739168784635e-08
2022-09-12,1.1169685129073669e-07,1.1021303798697674e-07,1.0950568192758542e-07
2022-09-13,2.500008400155283e-08,2.3456172823850804e-08,2.382348676563156e-08
2022-09-14,2.007480589807853e-08,1.6542974866354606e-08,1.3780267983347467e-08
2022-09-15,3.060864001421059e-08,3.069483257000428e-08,2.9852093869469594e-08
2022-09-16,1.865880695887338e-08,1.4073619888807618e-08,1.2607606611521936e-08
2022-09-19,2.65190628433852e-08,2.2179504686344294e-08,1.9645979700831553e-08
2022-09-20,6.225512883956387e-07,6.440667727463691e-07,6.512708207207119e-07
2022-09-21,5.553995251189701e-08,5.348017168565203e-08,5.321893095643152e-08
2022-09-22,1.398709205412971e-08,1.6286059690524532e-08,1.7281128489823548e-08
2022-09-23,1.7561837443953757e-08,1.2781607231082832e-08,1.1923063890682251e-08
2022-09-26,4.642997460620726e-08,4.362868847386071e-08,4.2237013125543727e-08
2022-09-27,1.974053036768863e-08,1.8032348493595646e-08,1.8606088057446906e-08
2022-09-28,9.535738692471775e-08,9.16892969677184e-08,8.568858242689088e-08
2022-09-29,2.358694872894294e-08,2.198491275857413e-08,2.067946817294612e-08
2022-09-30,2.3827662470243428e-08,2.256821718520796e-08,2.224894137357971e-08
2022-10-03,7.324748899887772e-08,7.452955639878118e-08,7.485796668359444e-08
2022-10-04,1.204504696510306e-07,1.225602777228594e-07,1.1795033117613623e-07
2022-10-05,2.1194287730927335e-08,2.0041554683961726e-08,1.9200508286177033e-08
2022-10-06,1.624865622540745e-08,1.5594998940842658e-08,1.499363798264299e-08
2022-10-07,5.1285393396407557e-08,4.842729926471109e-08,4.5414519094099447e-08
2022-10-10,3.830703874590777e-08,3.271757055426172e-08,2.964152300309415e-08
2022-10-11,1.4696459309548049e-08,1.0594570801883004e-08,8.986059893118482e-09
2022-10-12,2.542099492782486e-07,2.5802625149117476e-07,2.5428800923252623e-07
2022-10-13,1.2685532005517357e-08,1.16084126841308e-08,1.1422293604593032e-08
2022-10-14,9.993052559225452e-08,1.0160154033377005e-07,1.0415934760931892e-07
2022-10-17,5.450316107699733e-08,5.630550868810241e-08,6.146390300470322e-08
2022-10-18,2.1945198273573632e-08,2.0270147475172304e-08,2.0296396257916e-08
2022-10-19,1.6625618810281728e-07,1.7047115084769997e-07,1.7416626725288112e-07
2022-10-20,6.780162477255992e-08,6.298896455281475e-08,5.718160572910021e-08
2022-10-21,1.5146422049350367e-08,1.4483378794782937e-08,1.5316524082162644e-08
2022-10-24,2.5206869814284685e-08,2.7201180588243796e-08,2.510211330624241e-08
2022-10-25,3.712900587839059e-08,3.598118806931898e-08,3.453350073346268e-08
2022-10-26,1.548545512601088e-07,1.5987435331719574e-07,1.5824578500428717e-07
2022-10-27,3.2045507458562614e-08,3.0858000505207875e-08,3.031016861344542e-08
2022-10-28,5.62211641584397e-08,5.172313848295792e-08,4.792694216762907e-08
2022-10-31,1.829182500329523e-07,1.8735117805414918e-07,1.8004198510851026e-07
2022-11-01,8.133827533320745e-08,7.70947208651366e-08,7.017984716008289e-08
2022-11-02,2.485929669434688e-08,2.637371746896257e-08,2.6980672403460424e-08
2022-11-03,7.368510210245204e-08,7.322730697010241e-08,7.477249142223154e-08
2022-11-04,7.75468837161618e-08,8.422167613062827e-08,8.515901549885453e-08
2022-11-07,5.7051741860815014e-08,5.875719004089691e-08,6.020775354127237e-08
2022-11-08,1.882709761252708e-08,1.728773469976357e-08,1.494389173787093e-08
2022-11-09,2.2934887715413644e-07,2.2774831661362417e-07,2.1784343105590915e-07
2022-11-10,1.1182009866573947e-07,1.0971041741818877e-07,1.0519476891956553e-07
2022-11-11,1.2356128127385305e-07,1.2907795650050154e-07,1.1699311270053875e-07
2022-11-14,4.273114921362939e-08,4.5937556964482246e-08,4.648599711470676e-08
2022-11-15,2.068598862148806e-08,2.3954963641317543e-08,2.4243606258239688e-08
2022-11-16,1.7378810702030508e-06,1.7040809646232287e-06,1.6751585613285878e-06
2022-11-17,1.6238732721348375e-07,1.5194868464970953e-07,1.3581838267839262e-07
2022-11-18,3.677631974976189e-08,4.452700131675326e-08,5.750613476795958e-08
2022-11-21,4.26107173917604e-08,5.548785255146307e-08,6.722302509217545e-08
2022-11-22,5.481319248883194e-08,5.3977245242095386e-08,4.354169720592836e-08
2022-11-23,3.161873349887562e-07,2.721848085631903e-07,2.5734611699982187e-07
2022-11-24,4.8531265378202634e-08,4.4234990933256946e-08,3.585742964402139e-08
2022-11-25,3.1037644646438594e-08,4.685372833336367e-08,5.568816651267271e-08
2022-11-28,1.649453426437797e-08,2.8072188046546818e-08,3.681625738366521e-08
2022-11-29,1.558933101413457e-07,1.3306832886878468e-07,1.2017576667758382e-07
2022-11-30,3.595744111982339e-08,3.606615441157759e-08,4.044966246670324e-08
2022-12-01,1.915069174813112e-08,2.7868769653008287e-08,3.474289321665041e-08
2022-12-02,1.3169975224679138e-07,1.235136798789494e-07,1.0987152346186632e-07
2022-12-05,1.5550484591110414e-07,1.4254182740838747e-07,1.1889971559235342e-07
2022-12-06,2.492472648258383e-07,2.1736180441594198e-07,1.9668602835121132e-07
2022-12-07,1.1342493227756988e-08,1.558802320982495e-08,2.420643994040044e-08
2022-12-08,3.2028706548370474e-08,3.784867432021908e-08,4.170577801922095e-08
2022-12-09,5.156072226506127e-08,5.5952086095114214e-08,6.462969433006304e-08
2022-12-12,5.879140809205644e-08,4.9440970516458576e-08,4.3558292351527745e-08
2022-12-13,1.6678694197009066e-08,2.1569450369770176e-08,2.7324089028930697e-08
2022-12-14,6.839808156513337e-08,6.542922835888848e-08,6.260096078326502e-08
2022-12-15,6.104308767126197e-08,5.5732369904997894e-08,5.148882754035069e-08
2022-12-16,5.929365376827249e-08,5.1530347779019716e-08,4.070339619677523e-08
2022-12-19,1.0095610182502567e-07,1.0078043658119237e-07,9.943667934153448e-08
2022-12-20,3.178676387441296e-08,3.6601805091767596e-08,4.0010693374982126e-08
2022-12-21,3.6842381117818656e-08,3.549487037294253e-08,3.487500318384742e-08
2022-12-22,2.881093286632917e-08,2.9112165276205486e-08,3.011454317905326e-08
2022-12-23,2.362008757535034e-08,1.9486276689650578e-08,2.028751722052268e-08
2022-12-26,6.518585451909922e-08,6.622364288154042e-08,6.941846704763267e-08
2022-12-27,2.9752806401488058e-08,2.9674415666469334e-08,3.0914600474703926e-08
2022-12-28,2.836415633057642e-08,2.6430410996732687e-08,2.835454727671215e-08
2022-12-29,5.0653634926878476e-08,4.891456287353203e-08,4.273912551144389e-08
2022-12-30,1.937508949328747e-08,1.756393544363526e-08,1.8901959967540963e-08
