Model,Covariance Type,Ann. Return,Ann. Std,Ann. Std (fcst),Real / Fcst Std,Ann. Sharpe,Ann. Sortino,Max Drawdown,Calmar Ratio,CVaR (95%),Skewness,Excess Kurtosis
ERC,GARCH,0.07191326916127427,0.18279620368776414,0.15443863767969537,1.1836170432096285,0.39340679790106575,0.5460855048190936,-0.5484173670024475,0.13112872328303443,-0.028396183413512324,-0.36744920534548753,13.446326319317492
ERC,Historical,0.0751474425124039,0.1844799569182118,0.16527437434859188,1.1162042370168777,0.4073474634738782,0.5676572783986612,-0.5469513349580594,0.1373932884141626,-0.028587041505018573,-0.31346685681967795,12.991846953906595
HRP,GARCH,0.06732228838478305,0.17095726101917652,0.14199961471401487,1.2039276399691783,0.39379601652152935,0.5443523240649702,-0.521621929471191,0.12906337824606592,-0.02654600275961338,-0.42477963520307693,14.857732822202102
HRP,Historical,0.07335318572912053,0.17311982000821127,0.15474717947946998,1.1187268200334388,0.42371338952201604,0.5901854978564482,-0.512517803066595,0.14312319550700414,-0.026792274020891925,-0.3164177456843602,13.763797311451555
MVP,GARCH,0.053228413933204655,0.1508927507217848,0.11155572225973276,1.3526222381534538,0.3527566014841025,0.48646564277621956,-0.5015891362073646,0.106119551024724,-0.022933124407995595,-0.30298383767476617,21.700093125878364
MVP,Historical,0.060411887955748034,0.1419414804071843,0.12535684646142684,1.1322993870212001,0.4256112292364841,0.5942855213525395,-0.3771327002545437,0.16018735027477954,-0.021366273687788716,-0.22498128174360676,17.335153992433824
Naive,N/A,0.07842506574501096,0.19868126396338281,0.17997411078581946,1.1039435788618845,0.39472803917466914,0.5510429145227919,-0.5723881257469513,0.13701378875158937,-0.030722592312653226,-0.2935408560340875,11.58867435102947
