Model,Covariance Type,Ann. Return,Ann. Std,Ann. Std (fcst),Real / Fcst Std,Ann. Sharpe,Ann. Sortino,Max Drawdown,Calmar Ratio,CVaR (95%),Skewness,Excess Kurtosis
ERC,GARCH,0.15417254420136084,0.16592494354765983,0.15724475504079363,1.0552017681264747,0.9291703881585275,1.3872978950461867,-0.19084113913338296,0.8078580168901965,-0.02369035980766373,0.5157695171450143,11.010112692400451
ERC,Historical,0.16039794900920423,0.1678114704590361,0.17174672349316109,0.9770868814607594,0.9558223199549308,1.4314523333176818,-0.19674534553394163,0.8152566383408196,-0.02389532027979591,0.5255659408278209,10.72731577761067
MVP,GARCH,0.0750972962694052,0.14368720175559824,0.11391252704063538,1.2613819172349807,0.5226442950509983,0.773749392191075,-0.14796925381311654,0.507519598390705,-0.02044590090471557,0.7912733708045467,15.256919346227992
MVP,Historical,0.0887058480110956,0.13386515507458105,0.13349329401380713,1.002785616038027,0.662650769437905,0.9729924783794222,-0.14456636325160144,0.6135994986379583,-0.018870318317605033,0.36969399507565126,10.095749421446516
Naive,N/A,0.17305962000688968,0.1830959668977615,0.18943751245763604,0.9665243410473271,0.9451853196937102,1.4150011852114672,-0.20843017421927168,0.8303002223892417,-0.025830131617992375,0.4852238058734377,9.366299065143629
