Model,Covariance Type,Ann. Return,Ann. Std,Ann. Std (fcst),Real / Fcst Std,Ann. Sharpe,Ann. Sortino,Max Drawdown,Calmar Ratio,CVaR (95%),Skewness,Excess Kurtosis
ERC,GARCH,0.07305592546660877,0.18354529425975358,0.15284427564315684,1.2008646937375262,0.3980266874247395,0.5528222433038894,-0.5417599437200663,0.13484925623138655,-0.028449453590570304,-0.36905157003673766,13.917194855739064
ERC,Historical,0.07553597222427855,0.18466386856196218,0.16530870102611128,1.1170849895722892,0.40904575872097676,0.5701720043480598,-0.5450921966426376,0.13857467175190533,-0.028601361504170215,-0.3114866614588771,13.011483685414762
HRP,GARCH,0.06992063079882005,0.17269081876797185,0.1400431557686459,1.2331257305659447,0.4048891035299666,0.5596367696419503,-0.5089350783917117,0.13738614956504194,-0.026665176838204508,-0.45227383112248315,16.54050783864208
HRP,Historical,0.07580808135457318,0.1736764984103441,0.15479749338497303,1.121959371644475,0.4364901529478215,0.6081964597247407,-0.5102787417978724,0.14856209977997023,-0.026836240859931134,-0.32190335275739695,14.070579461406956
MVP,GARCH,0.044068045584855664,0.15720499389521334,0.10939751659941975,1.43700697037621,0.2803221735705781,0.3802141744971134,-0.5050082208605399,0.08726203607094396,-0.024019932677622015,-0.7974947686395198,27.805171008923153
MVP,Historical,0.05586104802071534,0.14390897588723475,0.12538037812717062,1.1477790866228763,0.38816931102676566,0.5384254648071762,-0.3933996693398515,0.14199566592024232,-0.021710468498333236,-0.35451156734823797,19.517934171144283
Naive,N/A,0.07881089468510671,0.1986178561418179,0.18002727860049134,1.1032653367081218,0.3967966235061658,0.5538995719755595,-0.5723881257469513,0.1376878574870165,-0.030712141468396383,-0.29518789958861896,11.591388790857529
