Date,Historical,GARCH,DCC
2009-09-01,3.900589259897094e-08,5.154186608366332e-08,5.154468615182485e-08
2009-09-02,8.652570721023006e-08,8.706658205696196e-08,8.706448567912586e-08
2009-09-03,4.458682168948027e-08,5.905545270594022e-08,5.905144138630865e-08
2009-09-04,1.1983396858542105e-07,1.2029965218664222e-07,1.2030240637711853e-07
2009-09-07,7.557989184127281e-08,8.648533483492931e-08,8.648627982250458e-08
2009-09-08,5.546281302252166e-08,5.0425129063099496e-08,5.042104439014375e-08
2009-09-09,9.042760587668675e-08,9.46724648418458e-08,9.467178247128109e-08
2009-09-10,2.0817870457643586e-08,3.1873829705671076e-08,3.1870333981398807e-08
2009-09-11,7.99172076911355e-08,8.576176610270422e-08,8.576117562570178e-08
2009-09-14,5.1743622434671e-07,4.5928515627135027e-07,4.592868368524795e-07
2009-09-15,3.890327537650571e-07,3.299367521901171e-07,3.299134703180449e-07
2009-09-16,7.765461621258153e-08,8.621396217179544e-08,8.622533557926671e-08
2009-09-17,3.963497386766606e-08,4.008411259521965e-08,4.0085361420875045e-08
2009-09-18,2.0788686577082907e-07,1.8919003486400268e-07,1.8918151466025132e-07
2009-09-21,3.9005137302559485e-08,4.4218885191462103e-08,4.42234271534547e-08
2009-09-22,5.1363833983668426e-08,6.4284227384643e-08,6.428397390316686e-08
2009-09-23,7.273616036401226e-08,8.379334928725274e-08,8.3792385996299e-08
2009-09-24,3.2384328471675524e-08,4.5421240584631925e-08,4.5416773011506836e-08
2009-09-25,1.6336266757235537e-08,2.5277134429488087e-08,2.5275531358119022e-08
2009-09-28,1.760426577932413e-08,2.5404158770781243e-08,2.54033171909271e-08
2009-09-29,1.8374292656044855e-08,2.522033318922145e-08,2.521961753876768e-08
2009-09-30,5.640808025951591e-08,5.3434143501565884e-08,5.3433643715839266e-08
2009-10-01,1.2068770257471761e-08,1.6327746292783517e-08,1.6327747672712847e-08
2009-10-02,3.502225595214943e-08,3.660035171977016e-08,3.659995659197007e-08
2009-10-05,2.557663216525637e-08,2.733945163029153e-08,2.7337703060296415e-08
2009-10-06,1.496325450572191e-08,1.5600628706518694e-08,1.559939959112469e-08
2009-10-07,1.7442133480911033e-08,1.704076461562722e-08,1.704029583604283e-08
2009-10-08,2.1227465314803198e-08,2.0679088088753754e-08,2.067868285992007e-08
2009-10-09,1.7121384084651257e-08,1.4597974298199777e-08,1.4597534213880148e-08
2009-10-12,2.5829608825369323e-08,2.1679674774801175e-08,2.1678901344831732e-08
2009-10-13,9.044233063524787e-08,8.081098933527619e-08,8.081085418589122e-08
2009-10-14,1.6609874449364826e-08,1.4728180359340353e-08,1.4728444809377105e-08
2009-10-15,1.7082953770050636e-08,1.9194919654397917e-08,1.919484764140207e-08
2009-10-16,9.628198359181422e-09,7.42486485079583e-09,7.42487280002531e-09
2009-10-19,3.160126602969714e-08,2.934113203548815e-08,2.934113536944779e-08
2009-10-20,2.5941000371774206e-08,2.3816252048751892e-08,2.381607328806158e-08
2009-10-21,1.5938987766299088e-08,1.1898339389892621e-08,1.18974522487831e-08
2009-10-22,3.861214109339278e-08,4.099578637236928e-08,4.0996110888833455e-08
2009-10-23,2.346341049388917e-08,2.3034523997758527e-08,2.303204081451378e-08
2009-10-26,1.1209163906428483e-07,1.1732545505353354e-07,1.1732532912149236e-07
2009-10-27,7.965149718867789e-08,8.11868673232336e-08,8.118623164654685e-08
2009-10-28,4.3335211817057644e-08,3.984372850250346e-08,3.984588710323779e-08
2009-10-29,3.458284848553787e-08,3.315475793031305e-08,3.315449826542931e-08
2009-10-30,7.299971271206418e-08,7.521529668388365e-08,7.521733276882056e-08
2009-11-02,2.3504329198057428e-08,2.2456880675796567e-08,2.245823508300424e-08
2009-11-03,2.3658194211486613e-07,2.477000258792753e-07,2.4770121092378125e-07
2009-11-04,3.3154989011623404e-08,3.4220354463352054e-08,3.4224097654951376e-08
2009-11-05,2.748782557027747e-08,2.9743744320921404e-08,2.974270763603684e-08
2009-11-06,1.9133839121771914e-08,1.854856722415654e-08,1.8547815450568213e-08
2009-11-09,3.695460398777948e-08,3.598854822749863e-08,3.5987686841670915e-08
2009-11-10,3.1191318220698054e-08,3.392876470413845e-08,3.392838965536208e-08
2009-11-11,3.3373145806358253e-08,3.227350975740747e-08,3.227411110986745e-08
2009-11-12,4.998720759587269e-08,4.932235137931745e-08,4.9324067748685464e-08
2009-11-13,8.80909814582419e-08,8.792741873012685e-08,8.792728577588739e-08
2009-11-16,1.2242050063932228e-07,1.192493189802929e-07,1.1924825403352454e-07
2009-11-17,5.607563418800403e-08,5.357882144821283e-08,5.357810124795056e-08
2009-11-18,5.338010704438507e-08,4.913954569236782e-08,4.913968706214383e-08
2009-11-19,2.8163648015528387e-08,2.8319396030076645e-08,2.83201338055275e-08
2009-11-20,2.0583305580999097e-08,2.182475751206027e-08,2.1824236020430034e-08
2009-11-23,8.482477279789707e-08,7.840185597088967e-08,7.840202735125136e-08
2009-11-24,3.372820405354941e-08,3.2381504583406554e-08,3.238243529058693e-08
2009-11-25,2.323262134993064e-08,2.4781298742501962e-08,2.4779810483044285e-08
2009-11-26,1.5613528739133498e-08,1.608179379052489e-08,1.6080651403123902e-08
2009-11-27,2.7746966405844143e-08,2.473577994297885e-08,2.473542512239725e-08
2009-11-30,3.489024705177276e-08,3.449090292277755e-08,3.449110682725824e-08
2009-12-01,5.8461804690980714e-08,5.572759083278609e-08,5.572770070038208e-08
2009-12-02,6.784565901352586e-08,6.864563167720642e-08,6.864425984526105e-08
2009-12-03,2.2109245464871784e-08,2.1381555792210036e-08,2.1381664699296728e-08
2009-12-04,4.396457032059906e-08,4.285695290744281e-08,4.28558326536444e-08
2009-12-07,1.8029285439520354e-08,1.723905511356871e-08,1.7238261418267188e-08
2009-12-08,4.3883077969017555e-08,4.208603792744138e-08,4.2086127097680105e-08
2009-12-09,1.7297872427280942e-08,1.499526930453701e-08,1.499529026726694e-08
2009-12-10,2.202181254535645e-08,2.2283664634650826e-08,2.2283672129565906e-08
2009-12-11,2.081549464927012e-07,2.1955998215948725e-07,2.1956188796112953e-07
2009-12-14,1.3420752965198965e-08,1.2972066876887072e-08,1.2976014683893453e-08
2009-12-15,1.7408835188198245e-08,1.5849685323426844e-08,1.5849675330579617e-08
2009-12-16,1.5883697883305948e-07,1.6149404416464137e-07,1.6149310199608372e-07
2009-12-17,3.8717427248780064e-08,3.7526470375609235e-08,3.75300372474344e-08
2009-12-18,5.1437680246488193e-08,4.839375418943163e-08,4.839491495026377e-08
2009-12-21,7.27187908078526e-08,7.392373136498889e-08,7.39244295759864e-08
2009-12-22,2.7319351288415725e-08,2.7434830213438207e-08,2.7434559492873532e-08
2009-12-23,2.8280923205003274e-08,2.78561918166426e-08,2.7854982951133073e-08
2009-12-24,1.992941716945514e-08,1.8353087485384882e-08,1.8351991893205598e-08
2009-12-25,6.026475363277238e-08,6.194192559593255e-08,6.194230011266843e-08
2009-12-28,5.278595162767776e-07,5.179271294584892e-07,5.179228329638475e-07
2009-12-29,1.8795877962294797e-08,2.3430040060491594e-08,2.343882411851734e-08
2009-12-30,4.901001587912623e-08,4.5198430316959706e-08,4.519814101545893e-08
2009-12-31,3.267262417842431e-08,3.4944188246872734e-08,3.494309408558772e-08
2010-01-01,2.5676897196277908e-08,2.855282000703939e-08,2.8553448371673698e-08
2010-01-04,7.825941266742805e-08,8.01439176005479e-08,8.01434448762966e-08
2010-01-05,2.529970794073461e-08,2.594000743583807e-08,2.5938712064496337e-08
2010-01-06,6.169075515816685e-08,6.247443777020992e-08,6.247400643480863e-08
2010-01-07,8.821129751238959e-08,8.509372077853843e-08,8.509486451181233e-08
2010-01-08,1.9233279233937716e-08,1.9467097342335062e-08,1.9468005455839172e-08
2010-01-11,1.7237414292942864e-08,1.6769583926284827e-08,1.6768995236066856e-08
2010-01-12,1.590921141493251e-08,1.4154582349793564e-08,1.4154271045758334e-08
2010-01-13,4.757953517220666e-08,4.573404662191636e-08,4.573387947695724e-08
2010-01-14,7.645855709205197e-08,7.56167760606737e-08,7.561553621585261e-08
2010-01-15,1.9699991348060024e-08,1.808962037575967e-08,1.8088098619978276e-08
2010-01-18,2.18057816578347e-08,2.2501033276705575e-08,2.2500943004332265e-08
2010-01-19,1.4135731343583981e-08,1.2335250692013545e-08,1.2335045907575628e-08
2010-01-20,6.183489452788833e-08,5.803991344283553e-08,5.803986351261637e-08
2010-01-21,3.92347133289717e-08,3.703319372814279e-08,3.703308365162568e-08
2010-01-22,7.924032156874183e-08,7.581370279093512e-08,7.58116543109291e-08
2010-01-25,2.5350695881504623e-08,2.285525762991489e-08,2.285296123259002e-08
2010-01-26,1.5401739304636108e-08,1.2740872016849434e-08,1.2740089095437825e-08
2010-01-27,1.479622503503623e-07,1.4995249560130608e-07,1.499523831029801e-07
2010-01-28,1.4721865930562669e-08,1.2692088837469841e-08,1.2692413795876493e-08
2010-01-29,2.2020255839978883e-08,1.958622850842371e-08,1.9585906918695082e-08
2010-02-01,3.219334394808024e-08,2.9325836612780084e-08,2.9324999563886022e-08
2010-02-02,3.382043902772327e-08,3.575702838506983e-08,3.575761940182664e-08
2010-02-03,7.292394232206998e-08,7.349056348840315e-08,7.349077086041366e-08
2010-02-04,1.8392991857789113e-08,1.677671294517749e-08,1.677876972939086e-08
2010-02-05,3.894504380107228e-08,3.623617095943552e-08,3.623614427947825e-08
2010-02-08,6.626020001722997e-08,6.412958475103989e-08,6.413018921175005e-08
2010-02-09,1.4864776553411872e-08,1.3250440276391947e-08,1.324949442102671e-08
2010-02-10,2.1695459255149558e-08,1.8567494399822688e-08,1.856712735676626e-08
2010-02-11,2.3733451305453745e-08,2.3417815115873782e-08,2.341744136083549e-08
2010-02-12,2.1568499478210683e-08,1.843136083907299e-08,1.8431200671085654e-08
2010-02-15,4.897676014406106e-08,5.007932604317341e-08,5.008107983687506e-08
2010-02-16,2.013109650124608e-08,1.760863163802078e-08,1.7609793896263128e-08
2010-02-17,1.2469351180072362e-08,9.394341625419281e-09,9.39408538290215e-09
2010-02-18,2.5585646022193925e-08,2.1448178798748584e-08,2.1448272571286154e-08
2010-02-19,1.353190397943857e-08,1.1069617555466252e-08,1.1069081499696493e-08
2010-02-22,1.1877979195437241e-08,8.629125678588666e-09,8.629110909001778e-09
2010-02-23,1.2751226135500958e-08,8.712044578233698e-09,8.712037685018974e-09
2010-02-24,4.492662564739962e-08,5.034707605107947e-08,5.0347339046221185e-08
2010-02-25,1.6073657583359223e-08,1.2571371713844307e-08,1.257133918479406e-08
2010-02-26,3.153111488273375e-08,3.3262859177875956e-08,3.326289603754394e-08
2010-03-01,1.6729341098037198e-08,1.3794864663955274e-08,1.3795073119091582e-08
2010-03-02,1.0609346950238673e-08,5.9330605170943255e-09,5.9330111438451934e-09
2010-03-03,1.992733071774953e-08,1.5779218854519175e-08,1.577920699631448e-08
2010-03-04,1.3776897111660492e-08,8.259489797804e-09,8.259440251241097e-09
2010-03-05,2.4845673620288465e-08,2.0856217389645907e-08,2.08559746765159e-08
2010-03-08,2.1566827351565764e-08,2.443190267414433e-08,2.443261628125532e-08
2010-03-09,1.483183077742099e-07,1.5755443947987774e-07,1.5755629995384977e-07
2010-03-10,5.180790817864941e-08,5.457828518725498e-08,5.457729120543486e-08
2010-03-11,3.888767828830235e-08,3.707444640347605e-08,3.707565995015677e-08
2010-03-12,2.099112679408906e-08,1.7632536496095915e-08,1.7632038498486593e-08
2010-03-15,2.1561080856585457e-08,1.782712244418745e-08,1.782699410761086e-08
2010-03-16,1.520341071662582e-08,1.3118492947520223e-08,1.3118145893425136e-08
2010-03-17,1.6092015399300574e-08,1.656316576839067e-08,1.656335024140883e-08
2010-03-18,1.3508387689328596e-08,1.0710078694941958e-08,1.0710058561213306e-08
2010-03-19,4.1935833680438516e-08,4.223757216202692e-08,4.2236588527999044e-08
2010-03-22,2.4437304396941566e-08,2.5159051202744192e-08,2.5158364277133947e-08
2010-03-23,2.163932679447726e-08,2.4008147299081298e-08,2.4007347985382276e-08
2010-03-24,1.4080028168936149e-08,1.0120553148398687e-08,1.0121474267420084e-08
2010-03-25,3.5713416358808864e-08,3.30387976094626e-08,3.303870646474027e-08
2010-03-26,4.025425414721453e-08,3.794427974241689e-08,3.794282247104338e-08
2010-03-29,1.7797486208949032e-08,1.3169599149480602e-08,1.3169367366781052e-08
2010-03-30,1.8349454778796268e-08,1.3479996643368816e-08,1.3479634557574093e-08
2010-03-31,1.577884081460997e-08,1.1539029292916005e-08,1.1538701758704073e-08
2010-04-01,1.4351267299758839e-08,1.1735534982395746e-08,1.173526449522191e-08
2010-04-02,2.283533011419768e-08,1.9724174177399425e-08,1.9724145081572907e-08
2010-04-05,3.3097999446088796e-08,4.0487339461748956e-08,4.0487200719221236e-08
2010-04-06,5.9562901766769886e-08,6.264491433107078e-08,6.264369972240014e-08
2010-04-07,1.3908865281564448e-08,1.0536642016943472e-08,1.0536719256207247e-08
2010-04-08,5.1725589134143523e-08,5.225486210554424e-08,5.225420784904254e-08
2010-04-09,3.563516616548597e-08,3.6441018059868806e-08,3.6439028296738394e-08
2010-04-12,1.890193201680369e-08,1.597957669632859e-08,1.5979755730310476e-08
2010-04-13,2.964012518011561e-08,2.5652510973295196e-08,2.5652302139917823e-08
2010-04-14,1.0510017036519513e-08,8.742696634472979e-09,8.74219415723004e-09
2010-04-15,1.6881632699327865e-08,1.4033155108265072e-08,1.4033020487066542e-08
2010-04-16,1.500016587528663e-08,1.0404459732707639e-08,1.0404523713942885e-08
2010-04-19,4.4940505060674495e-08,4.494772147454992e-08,4.494813295967214e-08
2010-04-20,1.7413604162737905e-08,1.630235658322061e-08,1.630297744106519e-08
2010-04-21,3.7435571460999313e-08,3.777462426267722e-08,3.777325930239249e-08
2010-04-22,2.074231383894076e-08,1.7184787231698742e-08,1.7185501741915724e-08
2010-04-23,2.4223796515400613e-08,2.317500312442021e-08,2.3174818722635285e-08
2010-04-26,2.105083294371931e-08,1.7383458852110722e-08,1.7383829182196963e-08
2010-04-27,1.818458235918436e-08,1.9019216492898645e-08,1.9019489710084174e-08
2010-04-28,2.5671067971464413e-08,2.0914955370333718e-08,2.091598313351195e-08
2010-04-29,2.391177292392092e-08,1.9507770282750445e-08,1.9507132781960865e-08
2010-04-30,1.8334223791201825e-08,1.3770741894177208e-08,1.3770235062498689e-08
2010-05-03,1.3581268699502726e-08,8.293742308571295e-09,8.293295625760107e-09
2010-05-04,1.1112680138687215e-07,1.2594040165771433e-07,1.259416461558837e-07
2010-05-05,1.2195109880048726e-07,1.273593608931147e-07,1.2735082126394354e-07
2010-05-06,2.810817584754919e-07,2.8839992382166934e-07,2.883778048237253e-07
2010-05-07,3.9057817117961695e-08,3.987134065790124e-08,3.987460886336203e-08
2010-05-10,2.2196878980468834e-08,2.2398532074736123e-08,2.2396712187326484e-08
2010-05-11,2.811206303317532e-08,2.7619426175173687e-08,2.7618919048472706e-08
2010-05-12,5.0992673553391814e-08,4.989148193606855e-08,4.989082028080119e-08
2010-05-13,2.6315337175210756e-08,2.562244435678158e-08,2.5622022319709452e-08
2010-05-14,3.859368555362385e-08,3.845229378048344e-08,3.845216857248964e-08
2010-05-17,2.9228830739430165e-08,2.626572242028881e-08,2.6265058297422377e-08
2010-05-18,1.5839809423910705e-08,1.5695210700874312e-08,1.5694741379988353e-08
2010-05-19,1.756550430739893e-08,1.5198192303384583e-08,1.519800110014168e-08
2010-05-20,2.2255570456930265e-08,2.0035971309492444e-08,2.003550644809136e-08
2010-05-21,3.445977309373009e-08,3.173790499492595e-08,3.173734990236273e-08
2010-05-24,4.0036587364583184e-08,3.705625910258483e-08,3.705674942583657e-08
2010-05-25,1.0986529957320356e-08,7.56548710501572e-09,7.565222775885599e-09
2010-05-26,3.714672399658501e-08,3.637071228640258e-08,3.6370925713171647e-08
2010-05-27,1.9428009003055086e-08,1.9402199651013196e-08,1.9401725874482607e-08
2010-05-28,2.536999731639776e-08,2.292096573538757e-08,2.292110059327983e-08
2010-05-31,1.4839751082251828e-08,1.2519035022733022e-08,1.2519513215499475e-08
2010-06-01,2.32296840914659e-08,1.917767778542996e-08,1.9177886223411976e-08
2010-06-02,4.506466484095257e-08,4.3661116482541224e-08,4.366077964670164e-08
2010-06-03,6.668371320833786e-08,6.322069256466819e-08,6.321941775228656e-08
2010-06-04,2.5351516828571694e-08,2.241332514425665e-08,2.241541378278168e-08
2010-06-07,3.0914169442732355e-08,2.7947981666090296e-08,2.7947929766471565e-08
2010-06-08,1.2888889289178537e-07,1.3258513728109584e-07,1.3258573874606418e-07
2010-06-09,2.3220315868842146e-08,2.1305950468772726e-08,2.130586627256822e-08
2010-06-10,4.920838114195546e-08,4.286061408959581e-08,4.2859709340015904e-08
2010-06-11,1.2242372103178252e-08,1.0313238272756308e-08,1.031373070111394e-08
2010-06-14,1.4958483842648565e-08,1.2071878784070384e-08,1.2071597695965767e-08
2010-06-15,3.3567555706923024e-08,3.376227235311774e-08,3.3762391496728566e-08
2010-06-16,2.3395729005409833e-07,2.3741891455113842e-07,2.374195262152313e-07
2010-06-17,1.2892780742076317e-08,1.302340870062623e-08,1.3026368312917456e-08
2010-06-18,4.6835808301388995e-08,4.530134446087232e-08,4.5300446266930845e-08
2010-06-21,1.5955583406795185e-07,1.6255946873894416e-07,1.6256546146812692e-07
2010-06-22,9.166075422099986e-09,9.667200257957094e-09,9.668484063772096e-09
2010-06-23,2.5386044229354794e-08,2.347100564834732e-08,2.3471077602786352e-08
2010-06-24,1.1335548822390873e-07,1.1793398927741065e-07,1.179304236104465e-07
2010-06-25,1.8410192692624157e-08,1.8259888777036884e-08,1.8260889899850125e-08
2010-06-28,3.433788536106856e-08,3.354849972968253e-08,3.35493402248766e-08
2010-06-29,8.501252475357852e-08,8.666790021091589e-08,8.666612193911688e-08
2010-06-30,2.8868679374634472e-08,2.8706246579453643e-08,2.8708373990848595e-08
2010-07-01,2.4874056856998207e-08,2.4244522083646075e-08,2.4244094051074656e-08
2010-07-02,2.1795134802792543e-08,2.061426772694225e-08,2.0613989044877528e-08
2010-07-05,2.0536274261275787e-08,1.9456940581632307e-08,1.9456351550638267e-08
2010-07-06,5.8263626150938106e-08,5.849024782620505e-08,5.848927686928973e-08
2010-07-07,7.426039703451202e-08,7.661405393668496e-08,7.661501768108288e-08
2010-07-08,6.677840823392952e-08,6.681238791368575e-08,6.681392884650674e-08
2010-07-09,4.080449860225672e-08,4.027790484366014e-08,4.027525850700564e-08
2010-07-12,6.993955281350022e-08,6.845906540726913e-08,6.84561508924737e-08
2010-07-13,1.738509151406736e-08,1.7440499326888414e-08,1.7440379274517804e-08
2010-07-14,3.198351630887785e-08,3.0564115942735556e-08,3.0564528871964036e-08
2010-07-15,2.6950813783079615e-08,2.5863751158415443e-08,2.5864021287403526e-08
2010-07-16,5.166721303732446e-07,5.135709676149624e-07,5.135765776322405e-07
2010-07-19,6.338129250403297e-08,6.222235530563318e-08,6.223199556421436e-08
2010-07-20,3.359288326801731e-07,3.25199893376894e-07,3.2520599218070014e-07
2010-07-21,9.278471989978794e-08,8.939589762070299e-08,8.939770398823288e-08
2010-07-22,1.3997837851410268e-08,2.0188824522593808e-08,2.018834686770594e-08
2010-07-23,1.985413189968479e-08,2.2554974411781617e-08,2.2554675621819296e-08
2010-07-26,3.5725124283535136e-07,3.40801398648338e-07,3.4080402052202334e-07
2010-07-27,6.54200019947234e-08,7.101660049786885e-08,7.102253807706165e-08
2010-07-28,7.998282759648778e-08,8.238461832691872e-08,8.238229918566172e-08
2010-07-29,3.700339987794153e-08,3.8849983990504485e-08,3.884910874012124e-08
2010-07-30,1.5685361940060687e-08,1.573069974634614e-08,1.5730031395003144e-08
2010-08-02,5.394447249151473e-08,4.4895592954272284e-08,4.4894687515652604e-08
2010-08-03,5.062701670082236e-08,5.431112054862785e-08,5.431230727735909e-08
2010-08-04,7.583563429084668e-08,7.519272656103459e-08,7.519248102419221e-08
2010-08-05,1.7788600516537485e-07,1.6034528468789284e-07,1.6035036640051083e-07
2010-08-06,2.1025415284577512e-07,2.1896577055238567e-07,2.1897132513710633e-07
2010-08-09,1.727219414947654e-08,2.30191439393673e-08,2.3015807453558817e-08
2010-08-10,1.304361974744133e-08,1.5633558610697266e-08,1.563318680971406e-08
2010-08-11,2.8881682250741163e-08,3.306936595258442e-08,3.306907621550079e-08
2010-08-12,1.8880370563831908e-08,1.8404558465744765e-08,1.8404332215555178e-08
2010-08-13,3.9783577978412795e-07,3.677986758913111e-07,3.6780079237680325e-07
2010-08-16,1.31284034838381e-07,1.2222283533317758e-07,1.222252107789075e-07
2010-08-17,4.795181390054947e-08,4.483079987714415e-08,4.4827833013124e-08
2010-08-18,2.7128751031502162e-08,2.7838466651305792e-08,2.783962403215841e-08
2010-08-19,3.894128062829593e-08,3.8422827587658006e-08,3.842265535551326e-08
2010-08-20,1.673240620371063e-06,1.592165207695188e-06,1.5921690623035222e-06
2010-08-23,6.818960064875354e-08,8.710109819901087e-08,8.712075018077688e-08
2010-08-24,3.365719458279437e-08,4.7001967656752765e-08,4.7000140190231274e-08
2010-08-25,4.625506538831667e-08,5.803573738504883e-08,5.8034414070607186e-08
2010-08-26,3.0065832793260325e-07,2.873845520492118e-07,2.873842460301527e-07
2010-08-27,8.157154904149687e-08,8.181967635857155e-08,8.181564051935096e-08
2010-08-30,7.144130961900268e-08,7.812463324270184e-08,7.811802652811494e-08
2010-08-31,4.096619983104222e-08,4.5791481971815407e-08,4.578607410123292e-08
2010-09-01,2.1831602156798822e-07,1.747757858193688e-07,1.7477590740457773e-07
2010-09-02,3.7412868596015286e-08,5.395194826636815e-08,5.395230339461604e-08
2010-09-03,3.453072319930419e-08,4.461816956067706e-08,4.4616743897684163e-08
2010-09-06,9.787041527225816e-08,8.700849669292277e-08,8.70110929090425e-08
2010-09-07,1.0086921752260919e-07,9.088842029502986e-08,9.088762376008385e-08
2010-09-08,1.1470410005772691e-07,8.583002696702239e-08,8.583322936738954e-08
2010-09-09,4.1029392528155326e-08,4.195995061646561e-08,4.1962398639806916e-08
2010-09-10,6.837205325340121e-08,5.549674141169288e-08,5.5495680988275314e-08
2010-09-13,1.309890727679156e-07,1.115707919035568e-07,1.1157099778571966e-07
2010-09-14,1.1562313048119378e-07,1.0077615184745364e-07,1.0077764745120615e-07
2010-09-15,3.615042055766782e-08,5.131347116513408e-08,5.1315735092596576e-08
2010-09-16,1.4598868709888114e-07,1.4829144384834752e-07,1.482897159149962e-07
2010-09-17,3.536631047716176e-08,5.111518412663731e-08,5.110888890334778e-08
2010-09-20,1.1639610461976588e-07,1.0555443595213605e-07,1.0555308983913803e-07
2010-09-21,5.559981157564692e-08,5.186695029901717e-08,5.186760855660802e-08
2010-09-22,8.246612711252129e-08,8.04140359856984e-08,8.041320196329005e-08
2010-09-23,4.2383135644737845e-08,4.9610540559473804e-08,4.9610521410248e-08
2010-09-24,9.882917206846588e-08,7.404784798757387e-08,7.4047368457591e-08
2010-09-27,2.4639953895672798e-08,3.519761950715967e-08,3.519721515953332e-08
2010-09-28,4.071060194361057e-08,5.239441656238669e-08,5.239381269590008e-08
2010-09-29,2.249131407916615e-07,1.9975580680902326e-07,1.9975631976681623e-07
2010-09-30,2.54133316553405e-07,2.2276937698504187e-07,2.227811648021258e-07
2010-10-01,7.015136528670892e-08,5.675833402629332e-08,5.676151374253068e-08
2010-10-04,1.417884142417624e-08,2.980276074137247e-08,2.9803095299810865e-08
2010-10-05,4.152693023127421e-08,4.9525817460799986e-08,4.9525621172778295e-08
2010-10-06,3.803478846710895e-08,4.5469649578233666e-08,4.546749600334999e-08
2010-10-07,4.444413567710605e-08,5.1092359256651086e-08,5.109135332888875e-08
2010-10-08,1.7920443250266578e-08,2.38002438729593e-08,2.3799846962916844e-08
2010-10-11,2.1411139518480706e-08,2.5049976208496305e-08,2.5049504295142268e-08
2010-10-12,1.7622510879529877e-08,1.9856002493180318e-08,1.985526157741991e-08
2010-10-13,4.325994084474921e-08,4.3958508671493084e-08,4.395922336063728e-08
2010-10-14,2.844297419863094e-08,2.9648531624372337e-08,2.964906988645505e-08
2010-10-15,2.162112465370192e-08,2.1263214058968305e-08,2.126142060732233e-08
2010-10-18,8.501110016717266e-08,8.291987655583884e-08,8.291844357506858e-08
2010-10-19,9.039118324432142e-08,8.817283299539464e-08,8.816978766148668e-08
2010-10-20,2.543862987572877e-08,2.4578701606307393e-08,2.457740129915976e-08
2010-10-21,3.3367654516205675e-08,3.1683900126041026e-08,3.168320322317506e-08
2010-10-22,6.724161993243475e-08,6.705810442245805e-08,6.705837098640879e-08
2010-10-25,4.874308994642726e-08,4.519008857424252e-08,4.51872106742412e-08
2010-10-26,3.511809760099537e-08,3.205707717427649e-08,3.205688628448257e-08
2010-10-27,1.9915997265135358e-08,2.004724276133074e-08,2.0047521595806355e-08
2010-10-28,5.2746207825308674e-08,5.535597886921325e-08,5.5357186990981105e-08
2010-10-29,2.3968694281987114e-08,2.2518989217938637e-08,2.251967059761729e-08
2010-11-01,3.0337816822360364e-08,2.906623939796512e-08,2.906494847881669e-08
2010-11-02,2.290990133228747e-08,2.2230509151936298e-08,2.2229749168992616e-08
2010-11-03,1.2362646229220942e-08,9.883815869214623e-09,9.88334624371127e-09
2010-11-04,2.5331845557455453e-08,2.325197244052248e-08,2.3251835248865704e-08
2010-11-05,3.829990746807904e-08,3.855977020027811e-08,3.856001562357377e-08
2010-11-08,7.332615354044574e-08,7.389228942129011e-08,7.389126591945242e-08
2010-11-09,2.201770180169542e-08,2.0961609896045503e-08,2.09612302710711e-08
2010-11-10,9.853406019514121e-09,8.534990966533494e-09,8.535058783258833e-09
2010-11-11,6.745778545962714e-08,7.155209502666882e-08,7.15520362722696e-08
2010-11-12,2.9629386490443985e-08,2.7319281976281743e-08,2.7321243828983603e-08
2010-11-15,5.4590665929247035e-08,5.1685944750720225e-08,5.168574189449325e-08
2010-11-16,7.750154449581358e-08,8.07497515666358e-08,8.075058535732687e-08
2010-11-17,1.5678721577318004e-08,1.3734212522462838e-08,1.3736742531889065e-08
2010-11-18,3.277783619879783e-08,3.088583166398761e-08,3.0885750031986706e-08
2010-11-19,3.326507380306681e-08,3.070975373264255e-08,3.070877251046597e-08
2010-11-22,2.068693653706892e-08,1.9394945600262936e-08,1.9394478473959726e-08
2010-11-23,2.726333367261552e-08,2.5474506023807856e-08,2.5474515982402827e-08
2010-11-24,2.7742920891096144e-07,2.939311077436777e-07,2.9393392289603955e-07
2010-11-25,1.4278458572683995e-07,1.4023328913397528e-07,1.402264021366206e-07
2010-11-26,1.5258504467988306e-08,1.543201404429445e-08,1.5432724013680755e-08
2010-11-29,3.824536210268439e-08,3.7497527178157486e-08,3.7497237079775536e-08
2010-11-30,6.282320697942708e-08,6.087802675019144e-08,6.08785262837916e-08
2010-12-01,3.0524502130131184e-08,3.050672913778785e-08,3.050624446418621e-08
2010-12-02,3.199984716713781e-08,2.920166429835903e-08,2.920178697315497e-08
2010-12-03,1.8099608263872613e-07,1.7917410848898445e-07,1.791720719795215e-07
2010-12-06,2.066011490114066e-08,2.1035691141101678e-08,2.1037158196307197e-08
2010-12-07,6.25251134639657e-08,6.228697689794352e-08,6.228835906830701e-08
2010-12-08,1.2882469828001487e-08,1.2594198488336344e-08,1.2592371237610399e-08
2010-12-09,3.147221892262625e-08,3.2703176834645595e-08,3.2703380420198534e-08
2010-12-10,1.8105272197732344e-08,1.7088518888352988e-08,1.708876923518765e-08
2010-12-13,4.8000781992960016e-08,5.069383331744646e-08,5.069482868579463e-08
2010-12-14,7.65118320948298e-08,7.652294379674585e-08,7.652134339090193e-08
2010-12-15,1.921599348966407e-08,2.0031707056714182e-08,2.0033067346476385e-08
2010-12-16,1.5849840035152994e-08,1.4412242976374962e-08,1.4411919253738787e-08
2010-12-17,5.098582436356886e-08,4.7220933752322466e-08,4.72204355313472e-08
2010-12-20,2.2501702952316283e-08,2.026980906621395e-08,2.02686265417109e-08
2010-12-21,5.3111675827882755e-08,5.0137319765982654e-08,5.0136895895581915e-08
2010-12-22,2.679148935489489e-08,2.4537752556543913e-08,2.4537818209592876e-08
2010-12-23,1.2457552827704452e-08,9.994999043328785e-09,9.995215219564069e-09
2010-12-24,2.069600235079448e-08,1.6748531517647433e-08,1.6748403812042898e-08
2010-12-27,7.14749955424671e-08,6.498258745977615e-08,6.498331095835962e-08
2010-12-28,2.0192651170393693e-08,1.612702719072221e-08,1.6126471945139198e-08
2010-12-29,1.7440870086795088e-08,1.3921266422722691e-08,1.3920858229408013e-08
2010-12-30,2.502538894534403e-08,2.2056292364061944e-08,2.205587833400684e-08
2010-12-31,8.436738270843829e-08,8.994031373088551e-08,8.994060805621994e-08
2011-01-03,8.400658381111105e-08,8.936726506197575e-08,8.936740275041849e-08
2011-01-04,2.3795549088831216e-08,1.992867015551561e-08,1.993008214089066e-08
2011-01-05,8.284696074385621e-08,8.923875901254412e-08,8.923885043406217e-08
2011-01-06,3.442071277079744e-08,3.146902640239767e-08,3.146842424823077e-08
2011-01-07,2.8536173985770205e-08,2.578761158400897e-08,2.5787175710009503e-08
2011-01-10,3.185502390467911e-08,2.9481122705258267e-08,2.9480784376816114e-08
2011-01-11,7.146220623767766e-08,6.9222405570807e-08,6.922333495886469e-08
2011-01-12,3.429734633164659e-08,2.7881323386561535e-08,2.7881764004953312e-08
2011-01-13,1.5845312238854663e-08,1.2599250769420802e-08,1.259918960126357e-08
2011-01-14,1.855463227487553e-08,1.3978016157319622e-08,1.3977652151746981e-08
2011-01-17,2.2964931459719435e-08,2.1762554223054163e-08,2.176257828913073e-08
2011-01-18,2.98481973274024e-08,2.5653244041500905e-08,2.5653523075688617e-08
2011-01-19,5.308288035576802e-08,4.7961322031944754e-08,4.796187953735615e-08
2011-01-20,2.2823003404885527e-08,1.8796622076643013e-08,1.879721860837069e-08
2011-01-21,2.7030215421203912e-08,2.3520891829599167e-08,2.3520518119784532e-08
2011-01-24,5.721541260392717e-08,5.323815175138374e-08,5.3238064086364674e-08
2011-01-25,7.529676234473435e-08,7.268300354933773e-08,7.26845571744145e-08
2011-01-26,1.6512824673915007e-08,1.2265078124049665e-08,1.2265285264520039e-08
2011-01-27,4.055945839384393e-08,3.712002647040141e-08,3.712047154285335e-08
2011-01-28,8.179792223913397e-08,8.282134705605758e-08,8.281939056871251e-08
2011-01-31,9.10175145495248e-08,9.464722105365286e-08,9.464332690429695e-08
2011-02-01,2.804724270133007e-08,2.6471992102256846e-08,2.64728898884482e-08
2011-02-02,2.0198019588185994e-08,1.9788230475056293e-08,1.9787226396131068e-08
2011-02-03,2.7320932604439328e-08,2.442930938812747e-08,2.442917562118693e-08
2011-02-04,2.194907324319522e-08,1.8507468669754747e-08,1.850598682425413e-08
2011-02-07,2.12343872336466e-08,1.997051353242517e-08,1.9969885061110776e-08
2011-02-08,1.940401037457123e-08,1.6292779514727994e-08,1.629285223851757e-08
2011-02-09,1.8860656353022367e-08,1.7359328667876895e-08,1.735977701599557e-08
2011-02-10,1.2974563641058473e-08,8.34149861480283e-09,8.341606421699472e-09
2011-02-11,1.624308232239774e-08,1.2051972493366249e-08,1.2051821977205993e-08
2011-02-14,4.1493150022064925e-08,3.8187386702141325e-08,3.818782688415647e-08
2011-02-15,1.0537871312408187e-07,1.0591480306498304e-07,1.0591242647191326e-07
2011-02-16,3.763390246277039e-08,4.501869175393966e-08,4.501878358329353e-08
2011-02-17,4.5496823641414144e-08,4.536047789550983e-08,4.536094112088889e-08
2011-02-18,2.125773707938869e-08,1.7173040633529588e-08,1.7173401691093632e-08
2011-02-21,1.9411049661905314e-08,1.7775583270644096e-08,1.777535483971025e-08
2011-02-22,2.1946275118620385e-08,1.9034198364057977e-08,1.9034779975546368e-08
2011-02-23,3.673331288829003e-08,3.5111703118645564e-08,3.511109020578856e-08
2011-02-24,3.560858591350533e-08,3.915064869078246e-08,3.9153191881861385e-08
2011-02-25,3.7298869297367165e-08,3.61816632882723e-08,3.618207797723663e-08
2011-02-28,2.3023274725942684e-08,2.458100824360615e-08,2.458095123226763e-08
2011-03-01,1.527464872007839e-08,1.455422378250287e-08,1.4553574338257468e-08
2011-03-02,3.3834812263829486e-08,3.106174908245599e-08,3.106191702250014e-08
2011-03-03,2.0812201591238976e-08,1.8248760319784292e-08,1.824792503593595e-08
2011-03-04,1.8460685014409987e-08,1.4282707470735509e-08,1.428228274047492e-08
2011-03-07,1.3587740673418444e-08,1.1422091684742125e-08,1.1421760105083615e-08
2011-03-08,2.7869023878964574e-08,2.345732045538875e-08,2.345726342396709e-08
2011-03-09,2.671575870943749e-08,2.2365700049867123e-08,2.236515465582405e-08
2011-03-10,1.6992749110047078e-08,1.2172335022119029e-08,1.2172124319145239e-08
2011-03-11,2.020395175188813e-08,1.562763275996252e-08,1.5627480236788956e-08
2011-03-14,2.2606419809194955e-08,1.7310497277464883e-08,1.7310086863431864e-08
2011-03-15,1.5495890301533836e-08,1.3290392717651958e-08,1.3290303922160059e-08
2011-03-16,2.106353006661236e-08,1.7681076572899018e-08,1.7681455694612026e-08
2011-03-17,1.4047994311155398e-08,8.733671905521303e-09,8.733260623399737e-09
2011-03-18,1.1395664784993786e-08,5.53070725937424e-09,5.530464697707605e-09
2011-03-21,2.97673781695198e-08,2.7744761384893867e-08,2.7744662020738354e-08
2011-03-22,9.456919328236803e-08,9.888154926387665e-08,9.888302184026023e-08
2011-03-23,2.6749850084218203e-08,2.7711555379074313e-08,2.7712480708744176e-08
2011-03-24,3.137039890788868e-08,3.0442242661242954e-08,3.044109840015193e-08
2011-03-25,2.4062295094655074e-08,1.982247657258376e-08,1.9822425592585425e-08
2011-03-28,3.120906230955965e-08,3.044604944157218e-08,3.044480973502926e-08
2011-03-29,2.4262712479040834e-08,2.0337145255919334e-08,2.0336411043680175e-08
2011-03-30,1.175556006438077e-08,6.725654461826692e-09,6.725212737200517e-09
2011-03-31,1.8997212476072297e-08,1.490129476415079e-08,1.4901472401810993e-08
2011-04-01,1.1962933785664822e-08,9.140591137492457e-09,9.140590478172943e-09
2011-04-04,1.6747281251515248e-08,1.2106856525200045e-08,1.210709761794864e-08
2011-04-05,2.2501360287348135e-08,2.1224892046436313e-08,2.122488892446412e-08
2011-04-06,3.050791894454329e-08,3.588273036350853e-08,3.588248404621416e-08
2011-04-07,2.487312447169535e-08,2.264218778138725e-08,2.264123608105166e-08
2011-04-08,2.816966316593475e-08,2.5117850758306304e-08,2.5117473794672773e-08
2011-04-11,8.389721880311119e-08,8.892321410488386e-08,8.892506884530197e-08
2011-04-12,1.8598818327738794e-08,1.5240035828576897e-08,1.5240763241240123e-08
2011-04-13,2.149481507444329e-08,1.6484039838609922e-08,1.6483184816417936e-08
2011-04-14,1.8648064575775864e-08,1.3631524167255084e-08,1.3630800709095517e-08
2011-04-15,1.253150407090687e-08,8.071283088683884e-09,8.071125518301823e-09
2011-04-18,2.367173192791874e-08,2.184665039631421e-08,2.184675677749449e-08
2011-04-19,1.4149064331788338e-08,1.1096885490186104e-08,1.1097439385002755e-08
2011-04-20,2.3380606718594165e-08,2.54717055259853e-08,2.547198288391157e-08
2011-04-21,2.2361921019032693e-07,2.3871481138094564e-07,2.3871570657508804e-07
2011-04-22,1.4298805703559407e-08,1.1199414284898329e-08,1.1202576868167872e-08
2011-04-25,1.595445981690602e-08,1.3987227423656273e-08,1.3987128672543172e-08
2011-04-26,4.155758615936987e-08,3.912402511261226e-08,3.912360469504684e-08
2011-04-27,1.650264401206559e-08,1.3044491855735736e-08,1.3043941157145316e-08
2011-04-28,1.4351094931205836e-08,1.132491933694805e-08,1.1324862583721919e-08
2011-04-29,1.1465725974014078e-07,1.1531371841045289e-07,1.1531523241786211e-07
2011-05-02,6.39050958399357e-08,6.8278530593678e-08,6.827731320117593e-08
2011-05-03,3.232121613518655e-08,3.115068528660226e-08,3.1151138230539574e-08
2011-05-04,1.1849709048784562e-08,9.834181395559086e-09,9.83404545921311e-09
2011-05-05,2.7098952000722084e-08,2.473514300260506e-08,2.4735240292745277e-08
2011-05-06,5.256676564336148e-08,5.3355239323046346e-08,5.335580181637399e-08
2011-05-09,2.645532439982687e-08,2.2015557047364393e-08,2.201598585075903e-08
2011-05-10,2.3950553160661653e-08,2.639877397070977e-08,2.639927383855045e-08
2011-05-11,2.537817376200453e-08,2.2595925071159918e-08,2.2596867723781585e-08
2011-05-12,6.879739576402799e-08,6.608534000682248e-08,6.608657846690926e-08
2011-05-13,1.834299318417925e-08,1.5679013159706618e-08,1.5679701996073774e-08
2011-05-16,1.4340953486563862e-07,1.4255432094624472e-07,1.4255567141304703e-07
2011-05-17,6.901233394889284e-08,6.076687046965271e-08,6.076434334999368e-08
2011-05-18,2.8194918741000674e-08,2.6636678398839508e-08,2.6637798647381893e-08
2011-05-19,1.9105393308636466e-08,1.7926275503346592e-08,1.792560142165798e-08
2011-05-20,1.601426843944792e-08,1.5534041549436857e-08,1.5533578877938943e-08
2011-05-23,2.56220950607169e-08,2.310337919190905e-08,2.310369040061349e-08
2011-05-24,2.2546407156912873e-08,1.868321656304174e-08,1.868354295116202e-08
2011-05-25,5.740899836710215e-08,5.2513995514152054e-08,5.251413075014038e-08
2011-05-26,1.1906203279294633e-07,1.1858986945698904e-07,1.1859182176210134e-07
2011-05-27,1.6330770290456123e-08,1.5364770684399857e-08,1.53669955019139e-08
2011-05-30,2.0942108116738018e-07,2.010024180059142e-07,2.0100294879292095e-07
2011-05-31,4.0982116408512714e-08,3.56150638696244e-08,3.561573516714301e-08
2011-06-01,2.0975299335715318e-08,2.2937185874042815e-08,2.2937343373327785e-08
2011-06-02,4.5730843549023483e-08,4.481494198406016e-08,4.4815109730292914e-08
2011-06-03,3.093669276160241e-08,3.237204300203355e-08,3.2370998625565653e-08
2011-06-06,1.7695115083232248e-08,1.7764312045449773e-08,1.776457208173464e-08
2011-06-07,2.317849760722576e-08,2.2766705265779556e-08,2.276620737064584e-08
2011-06-08,2.0847323138777552e-08,1.890990317915326e-08,1.8909463640223364e-08
2011-06-09,3.74194133960652e-08,3.4363601327601207e-08,3.436287916674214e-08
2011-06-10,2.7143508761704436e-08,2.4879871901099534e-08,2.4879535841724475e-08
2011-06-13,2.0121576873088157e-08,1.694283308424288e-08,1.6942536043600626e-08
2011-06-14,5.0238451167283314e-08,4.726261870657486e-08,4.726222720674687e-08
2011-06-15,1.6429441792816307e-08,1.2695465906777963e-08,1.2694939482377257e-08
2011-06-16,3.974460960129701e-08,3.997032461783896e-08,3.997076542741437e-08
2011-06-17,3.4230800169423106e-08,3.154440135100613e-08,3.1544869474723834e-08
2011-06-20,2.8965817975408097e-08,2.628561969655368e-08,2.6285035282043073e-08
2011-06-21,1.3292669569364086e-08,8.908268450996835e-09,8.908224705664501e-09
2011-06-22,1.6172632641454584e-08,1.151637433504953e-08,1.15160249365164e-08
2011-06-23,4.532269252587352e-08,4.07780312763188e-08,4.077749479241586e-08
2011-06-24,2.093260600359187e-08,2.2784875386784842e-08,2.278650253600611e-08
2011-06-27,7.626563346267519e-08,8.029042850015815e-08,8.02858815981732e-08
2011-06-28,3.430048477986929e-08,3.080342961778038e-08,3.080595516412348e-08
2011-06-29,5.282368640917802e-08,4.9315330222638906e-08,4.931357314461889e-08
2011-06-30,9.941999337296062e-08,1.0496132475209773e-07,1.0496455829678117e-07
2011-07-01,3.426432757665282e-08,3.103935544077332e-08,3.104246621443735e-08
2011-07-04,5.725506596535297e-08,6.008133070063278e-08,6.008320175443091e-08
2011-07-05,1.2528848356475634e-07,1.338398625547633e-07,1.3383141525656408e-07
2011-07-06,2.2893198117109123e-08,2.208240653651929e-08,2.2085307926495878e-08
2011-07-07,6.382150491514164e-08,6.027276251364492e-08,6.027429596389706e-08
2011-07-08,7.975057922346756e-08,7.353005001099598e-08,7.352805035292657e-08
2011-07-11,2.3833043691722786e-08,2.334546895604511e-08,2.3344566437024785e-08
2011-07-12,3.3376163485930285e-08,3.280504450048966e-08,3.280429601414926e-08
2011-07-13,2.8334333279144672e-08,2.7259471936363733e-08,2.725856873407077e-08
2011-07-14,2.1220840918787005e-08,1.9985781057693082e-08,1.9984917376205918e-08
2011-07-15,1.881198385569792e-08,2.0281688825364186e-08,2.028245348340866e-08
2011-07-18,7.073048682060875e-08,7.222724714217413e-08,7.222568210361321e-08
2011-07-19,4.2133929979484964e-08,3.948181264283399e-08,3.9482537378888834e-08
2011-07-20,3.0706542481525874e-08,3.3159778701956045e-08,3.3159957632281134e-08
2011-07-21,1.4651378587141366e-08,1.333963444348372e-08,1.3339269339573526e-08
2011-07-22,3.2307796658292416e-08,3.0999986563972584e-08,3.099959286673379e-08
2011-07-25,1.5729603549226154e-08,1.3578948406656083e-08,1.3578167312287579e-08
2011-07-26,3.1915604953327514e-08,2.9122845820387242e-08,2.9122518478007867e-08
2011-07-27,1.4816601802908145e-08,1.1682122730490899e-08,1.1681552398969665e-08
2011-07-28,7.44931647434608e-08,7.436987020080185e-08,7.436977827712087e-08
2011-07-29,2.2289673818272454e-08,1.8543142789198363e-08,1.8543165953611906e-08
2011-08-01,9.092726659872944e-09,7.081363677770179e-09,7.081596672110789e-09
2011-08-02,1.8293553580734783e-08,1.6481823206674168e-08,1.64822773601259e-08
2011-08-03,8.481089557338815e-09,5.0435224815606514e-09,5.043543827740244e-09
2011-08-04,2.8429467900281223e-08,2.5936670644262792e-08,2.5936641337777437e-08
2011-08-05,2.1714870764895346e-08,2.029578524424663e-08,2.0296128640070283e-08
2011-08-08,1.491382438542242e-08,1.176838134110838e-08,1.1768071307025306e-08
2011-08-09,4.911855478055815e-08,4.501654979144431e-08,4.501695260084858e-08
2011-08-10,5.0666611749149e-07,5.216496600216406e-07,5.216448703919015e-07
2011-08-11,3.685631195890655e-08,3.254355634965892e-08,3.25513805598531e-08
2011-08-12,3.236899117068157e-08,3.589054718710945e-08,3.588966978929419e-08
2011-08-15,5.3094731214375863e-08,4.432607299418427e-08,4.432821822570298e-08
2011-08-16,1.3604211063102656e-08,1.4686256890305484e-08,1.4686605266450808e-08
2011-08-17,1.3746995095218711e-08,1.2933037037375644e-08,1.2933275615868033e-08
2011-08-18,1.4405714075331767e-08,1.4773714365959176e-08,1.4774057709570642e-08
2011-08-19,6.516424957051726e-08,6.371004858198695e-08,6.371082035941175e-08
2011-08-22,9.684618509047135e-09,1.1153283911147951e-08,1.1154655573699813e-08
2011-08-23,2.6207191313882345e-08,2.535004684395952e-08,2.5349821492648703e-08
2011-08-24,3.9424894614317875e-08,3.80795653413868e-08,3.80799011752137e-08
2011-08-25,7.444313335403999e-08,6.598423912365242e-08,6.598694756384396e-08
2011-08-26,6.763047036808689e-08,6.825919905796365e-08,6.825793475623213e-08
2011-08-29,4.151871511350232e-08,3.8749305582654357e-08,3.874862564261729e-08
2011-08-30,1.6477169630414025e-08,1.9369839150197668e-08,1.9370440055512473e-08
2011-08-31,1.8492478900414275e-08,1.8209060426916425e-08,1.8209082472279447e-08
2011-09-01,1.4813675202360188e-07,1.4384494456690037e-07,1.4384711397182995e-07
2011-09-02,4.685476646587086e-08,4.1866888625150805e-08,4.1864316636985146e-08
2011-09-05,2.179335211882901e-08,2.1916292506438123e-08,2.191677074745906e-08
2011-09-06,1.395290985396728e-08,1.3525331264616997e-08,1.3524692118113783e-08
2011-09-07,1.191329277583324e-07,1.206446328946212e-07,1.2064534881641985e-07
2011-09-08,2.2598610645947446e-08,2.3436838035203812e-08,2.3438845863708792e-08
2011-09-09,7.455736392172388e-08,6.943868458539509e-08,6.943905631332924e-08
2011-09-12,1.1662492853632944e-08,1.1865353726417895e-08,1.1864496007611626e-08
2011-09-13,2.342592242840524e-08,2.3689796086877724e-08,2.368936954792929e-08
2011-09-14,6.969472151003797e-08,6.866247022295769e-08,6.866143170859748e-08
2011-09-15,2.754440046730481e-08,2.6396620657508722e-08,2.6394815938879714e-08
2011-09-16,4.820096676519933e-08,5.009968655425324e-08,5.0099288373106826e-08
2011-09-19,3.402955544732713e-07,3.405111879832566e-07,3.4051557350456833e-07
2011-09-20,3.366264519000794e-08,3.500294747035506e-08,3.5002904232238264e-08
2011-09-21,3.58060157265955e-08,3.614460765050811e-08,3.6145563758361443e-08
2011-09-22,1.9006947877023038e-08,1.856053557153786e-08,1.855944927370558e-08
2011-09-23,4.768082242896766e-08,4.939734326378351e-08,4.9397390480542994e-08
2011-09-26,2.1805438777096598e-07,2.1830119818175513e-07,2.183050536644437e-07
2011-09-27,4.62077160685116e-08,4.8166787698179446e-08,4.817163793281367e-08
2011-09-28,1.73936922137263e-08,1.5217340572782465e-08,1.5217338477870077e-08
2011-09-29,2.793911931709456e-08,2.8637040044917786e-08,2.8637563404533537e-08
2011-09-30,2.6069104940163604e-08,2.634618347966734e-08,2.6345107449269296e-08
2011-10-03,4.612383892598504e-08,4.3689954786245894e-08,4.369109241802223e-08
2011-10-04,6.581223811615588e-08,6.110638055977399e-08,6.110559599279832e-08
2011-10-05,2.0729535999645522e-08,1.8565770277848408e-08,1.856464193607596e-08
2011-10-06,1.9660674352375376e-08,1.8632808714852583e-08,1.8633969221300632e-08
2011-10-07,5.0780089150037885e-08,5.042179214774719e-08,5.0421068783404336e-08
2011-10-10,2.727489249628087e-08,2.7667040032955238e-08,2.7665873928507948e-08
2011-10-11,1.8779157163776897e-08,1.749686358466183e-08,1.7496082629215523e-08
2011-10-12,5.401304931420414e-08,5.4117607580848435e-08,5.4118421038084746e-08
2011-10-13,1.2979768708241469e-08,1.1058163702263796e-08,1.1058905292776144e-08
2011-10-14,4.443214382501151e-08,4.5738727712593366e-08,4.5738790971804926e-08
2011-10-17,2.7905757133611394e-08,2.517309687291375e-08,2.5174133763886145e-08
2011-10-18,8.878987210619874e-08,9.261940932645271e-08,9.261934685852306e-08
2011-10-19,1.7931793431502507e-07,1.719377310749474e-07,1.719354655493941e-07
2011-10-20,1.593188486005874e-08,1.710733139181188e-08,1.7109356114554806e-08
2011-10-21,4.63946843359598e-08,4.519435188052707e-08,4.519427320538274e-08
2011-10-24,2.8673361547271618e-08,2.811781134732471e-08,2.811757013964835e-08
2011-10-25,3.366934936116534e-08,3.43614244480256e-08,3.436030527272397e-08
2011-10-26,2.6108583896401642e-08,2.583364422820104e-08,2.583268682239507e-08
2011-10-27,2.8139430360715124e-08,2.7559234292468232e-08,2.7560566518573596e-08
2011-10-28,1.7710017417091477e-08,1.6327554145989883e-08,1.63286780968193e-08
2011-10-31,1.3666900290213013e-08,1.199645618737943e-08,1.1996278027946765e-08
2011-11-01,4.51670158463255e-08,4.475186318705244e-08,4.475217277184171e-08
2011-11-02,3.0410164600869766e-08,2.7881291963739575e-08,2.7881919925571723e-08
2011-11-03,2.9203258980378138e-08,2.655409850717504e-08,2.655461961506093e-08
2011-11-04,6.166516097578034e-08,6.510359484655551e-08,6.510511641262045e-08
2011-11-07,4.14926494502527e-08,4.095075929379495e-08,4.094981305476119e-08
2011-11-08,7.082027263058302e-08,7.364209337838563e-08,7.364215696980442e-08
2011-11-09,1.368028692094104e-07,1.3425473653884533e-07,1.3424919430089441e-07
2011-11-10,1.966488399918768e-07,1.875953125285143e-07,1.8759141390045846e-07
2011-11-11,2.8314437268116224e-08,2.2949025931004922e-08,2.2948042619505917e-08
2011-11-14,3.94791750051043e-08,3.70854143011206e-08,3.7085494956014274e-08
2011-11-15,3.465775366466731e-08,3.501740717936723e-08,3.5017107714539345e-08
2011-11-16,7.487248435303806e-08,7.113122648470881e-08,7.113032910743768e-08
2011-11-17,5.0376986593857225e-08,4.5774128838790845e-08,4.5773846314113666e-08
2011-11-18,6.410424874695332e-08,6.530463869372726e-08,6.530498435742604e-08
2011-11-21,3.451300136248649e-08,3.6077946790670677e-08,3.6074418989631014e-08
2011-11-22,2.3000740911138983e-08,2.266047364891591e-08,2.2659587873494958e-08
2011-11-23,1.7713403718972902e-08,1.9040500233069418e-08,1.9040496488735893e-08
2011-11-24,4.856269831982896e-08,4.8599285233210536e-08,4.859927383782407e-08
2011-11-25,4.715264485430312e-08,4.427531408320978e-08,4.427470993221312e-08
2011-11-28,7.496101378451898e-08,7.969202669343386e-08,7.969386502689553e-08
2011-11-29,1.2660995705008633e-07,1.209419146038776e-07,1.2094314562363504e-07
2011-11-30,6.540613479332279e-08,6.59177459631388e-08,6.591547763274903e-08
2011-12-01,2.0705053864911055e-07,1.965758170016428e-07,1.9657555280914483e-07
2011-12-02,1.0306733243781129e-07,1.0107412081066423e-07,1.0107050724950153e-07
2011-12-05,1.2814745891331694e-07,1.297259727217802e-07,1.2972214858141393e-07
2011-12-06,4.070930186692225e-08,4.291028990505479e-08,4.2905798752829485e-08
2011-12-07,1.9006063646787227e-08,2.091824353104145e-08,2.091745266126099e-08
2011-12-08,8.580217332396105e-08,8.633973057641785e-08,8.634087617473629e-08
2011-12-09,4.946503834152815e-08,5.134035222347192e-08,5.1339901014192064e-08
2011-12-12,7.363876341077706e-08,6.880631740239935e-08,6.880883502397917e-08
2011-12-13,4.157048645118895e-07,3.894962433753411e-07,3.8949575520329563e-07
2011-12-14,5.193541391641943e-08,5.529522861939013e-08,5.529934306251726e-08
2011-12-15,5.835531888498825e-08,5.990449651821943e-08,5.990467259881561e-08
2011-12-16,3.4170157643630546e-08,3.282914851820985e-08,3.282926437854959e-08
2011-12-19,4.485957826692913e-08,4.4233298137445746e-08,4.42339449145243e-08
2011-12-20,4.2697031577032045e-08,4.0761530992859834e-08,4.0761533951573063e-08
2011-12-21,6.050707912461126e-08,6.272986884735813e-08,6.273007103280684e-08
2011-12-22,2.0655192251808465e-07,2.0338056893033282e-07,2.033805127501957e-07
2011-12-23,1.7373037950248258e-08,2.1746205488628513e-08,2.174716456768889e-08
2011-12-26,2.980374055266147e-08,3.1988666580286836e-08,3.1988674206639343e-08
2011-12-27,4.8061087921744576e-08,5.020843489278261e-08,5.020868566362734e-08
2011-12-28,7.185994442289754e-08,7.052932599672496e-08,7.053066846504212e-08
2011-12-29,4.8881511449963675e-08,5.066621152062216e-08,5.066711425657168e-08
2011-12-30,2.1277623447428564e-08,2.3462713517481575e-08,2.3462898113669545e-08
2012-01-02,2.445941148946193e-08,2.5732043657783796e-08,2.573137445606492e-08
2012-01-03,5.4248825344056676e-08,5.1572211079220395e-08,5.157134810482617e-08
2012-01-04,4.2916449582017864e-08,4.418952522836273e-08,4.419047884057831e-08
2012-01-05,2.911795389237026e-08,2.8256371554094557e-08,2.825631013884738e-08
2012-01-06,6.971381002340215e-08,7.023749359776531e-08,7.02376748243023e-08
2012-01-09,1.691391172483228e-08,1.6209945084971976e-08,1.6209594845437737e-08
2012-01-10,1.2514744759396336e-07,1.2452447669469274e-07,1.2452475453237595e-07
2012-01-11,6.836651016185355e-08,6.406501586976322e-08,6.406038598374463e-08
2012-01-12,5.87294782984606e-08,6.157114117791798e-08,6.157412626410178e-08
2012-01-13,4.4961017121599306e-08,4.241773129841839e-08,4.241810782542967e-08
2012-01-16,2.3338424868588883e-08,2.4914572894242823e-08,2.491577331714046e-08
2012-01-17,6.49675040187453e-08,5.665228130783689e-08,5.6652855324480847e-08
2012-01-18,4.904447635412386e-08,4.906227178935301e-08,4.906348813660837e-08
2012-01-19,8.99692077385485e-08,8.256871430396168e-08,8.257095105100611e-08
2012-01-20,5.198553569285591e-08,5.309306465206632e-08,5.3092981735907944e-08
2012-01-23,1.9129014753962078e-07,1.8159616344414987e-07,1.8160081317554024e-07
2012-01-24,4.2660547200112346e-08,4.4439285616732756e-08,4.444352754855195e-08
2012-01-25,2.5737709831116432e-08,2.7641130495348753e-08,2.764027832581724e-08
2012-01-26,2.7772962492838048e-08,2.83547383682542e-08,2.8353430123787546e-08
2012-01-27,3.958884358676992e-08,3.4831755419045213e-08,3.48318019559591e-08
2012-01-30,4.445828135764473e-08,4.002648238691312e-08,4.002722292997524e-08
2012-01-31,2.2002016520696027e-08,2.2751037678403214e-08,2.2751264117564065e-08
2012-02-01,4.6576175950531095e-08,4.656556624358116e-08,4.6565241000318135e-08
2012-02-02,1.9135952065631866e-07,1.8040952535288953e-07,1.804099289735789e-07
2012-02-03,3.485835772634573e-08,3.654501692238016e-08,3.6545198196151805e-08
2012-02-06,2.0214509088402015e-08,2.0545080848504603e-08,2.0544243563834883e-08
2012-02-07,4.771838306286612e-08,4.1202753417793435e-08,4.120223090794667e-08
2012-02-08,4.344933158815738e-08,3.6818522117718866e-08,3.681725208107999e-08
2012-02-09,3.3302036374046475e-08,3.27779591897528e-08,3.277761462281928e-08
2012-02-10,1.523169244301139e-08,1.2269044664946896e-08,1.2268336450334327e-08
2012-02-13,1.4328117394469206e-08,1.5108189594863972e-08,1.510801391113374e-08
2012-02-14,7.80804034571485e-08,7.148394387538017e-08,7.148440746000398e-08
2012-02-15,1.6255689248276026e-07,1.4992955028136023e-07,1.499297222426048e-07
2012-02-16,2.0644020822974253e-08,2.019694856361082e-08,2.0200577657824882e-08
2012-02-17,3.460606283840457e-08,2.8885568473520782e-08,2.88855234272605e-08
2012-02-20,4.493936908647866e-08,4.560725211455636e-08,4.5606924022592296e-08
2012-02-21,1.9278759823451715e-08,1.773686276022684e-08,1.7735852531674792e-08
2012-02-22,2.221729226402578e-08,2.1783650972357106e-08,2.1783096733212023e-08
2012-02-23,1.6572935644993895e-08,1.541068900517866e-08,1.5409542393374852e-08
2012-02-24,1.3159100810932943e-08,1.0903497063551677e-08,1.0902989454928045e-08
2012-02-27,5.991719649035263e-08,6.22151648558399e-08,6.221552757291234e-08
2012-02-28,2.853106168766149e-08,2.2341318183656595e-08,2.2340733239252502e-08
2012-02-29,3.768683082373523e-08,3.043893125329224e-08,3.043915010207693e-08
2012-03-01,4.5838617382178974e-08,4.793435069099308e-08,4.793413769482228e-08
2012-03-02,6.033444360724836e-08,5.487798277108812e-08,5.4878411225645976e-08
2012-03-05,5.409101348853091e-08,5.305957795583743e-08,5.305877048916084e-08
2012-03-06,2.6745141770773986e-08,2.5397847885623435e-08,2.5396864563887037e-08
2012-03-07,1.265516458675255e-07,1.218427565910922e-07,1.2184012121382007e-07
2012-03-08,6.99283749286413e-08,6.433221140897622e-08,6.433026067895513e-08
2012-03-09,1.572785466477232e-08,1.5280410071717764e-08,1.5280267899056722e-08
2012-03-12,1.2108044345294556e-07,1.1066677438980436e-07,1.1066774674359256e-07
2012-03-13,2.7715864003198546e-08,3.070283513805925e-08,3.070445474351405e-08
2012-03-14,2.9693758210382553e-08,2.846664878369159e-08,2.8466148264719666e-08
2012-03-15,3.782364335362885e-08,3.63846945946896e-08,3.638446958623442e-08
2012-03-16,9.289573613571701e-08,8.95945044651103e-08,8.959857326581516e-08
2012-03-19,5.790733658330539e-08,5.4373862638875596e-08,5.4370976862344295e-08
2012-03-20,1.015019365203933e-07,9.092523160455024e-08,9.092616207505483e-08
2012-03-21,1.896140841413285e-08,2.0643918511219668e-08,2.0645445575870814e-08
2012-03-22,1.610932295285165e-07,1.5675172439345234e-07,1.567525619610905e-07
2012-03-23,1.8093411673280474e-08,1.76995094724614e-08,1.7698300944489117e-08
2012-03-26,2.3470494860634195e-08,2.6460484326714553e-08,2.6461402920036596e-08
2012-03-27,3.179505566799905e-07,3.0211404376690003e-07,3.021151326811798e-07
2012-03-28,1.1170882597244766e-07,1.0546295171181262e-07,1.0545354270439432e-07
2012-03-29,6.758759043927608e-08,6.873948271428914e-08,6.87360347074979e-08
2012-03-30,6.737368306103384e-08,6.163335846213814e-08,6.163436133123693e-08
2012-04-02,1.9788407531918172e-07,1.7213582017680834e-07,1.721364665553048e-07
2012-04-03,2.7901989694318893e-08,3.55710545368987e-08,3.557638434052037e-08
2012-04-04,1.0426128089903334e-07,1.0091217717797281e-07,1.009123426896203e-07
2012-04-05,4.712320252831364e-08,4.9557712411865635e-08,4.9558221164026554e-08
2012-04-06,4.358518688346084e-08,4.487403780449648e-08,4.4874740795733224e-08
2012-04-09,1.0374826710537493e-06,9.76975505070447e-07,9.769724690501152e-07
2012-04-10,2.3352940779236207e-08,3.885296924262873e-08,3.886824803394501e-08
2012-04-11,4.596397098733095e-08,5.505490699684357e-08,5.5053098726356065e-08
2012-04-12,5.1486936192392955e-08,5.879873279203295e-08,5.879740209835628e-08
2012-04-13,1.326787521864242e-07,1.251880557207842e-07,1.2518855974959124e-07
2012-04-16,3.564328978769111e-08,3.458569609943763e-08,3.4587824508538195e-08
2012-04-17,9.326859325057412e-08,9.843961958408138e-08,9.844112623069225e-08
2012-04-18,3.989961924001692e-08,4.291916012929208e-08,4.291351243569519e-08
2012-04-19,3.329712335289703e-08,2.9935419232833265e-08,2.993457415409954e-08
2012-04-20,1.5587072750181447e-07,1.3155840273842876e-07,1.3155858667310987e-07
2012-04-23,2.7289525797155557e-08,3.221060628747499e-08,3.2214346291994734e-08
2012-04-24,1.048941215518404e-08,1.3179777223241275e-08,1.3179080146079832e-08
2012-04-25,7.580536862868377e-08,7.674673502049567e-08,7.674696320361673e-08
2012-04-26,3.431465014953567e-08,3.6769208350955664e-08,3.676665095049737e-08
2012-04-27,5.4720706647938696e-08,4.650943794913874e-08,4.6509797167842466e-08
2012-04-30,5.4067851417957774e-08,4.9251683400041384e-08,4.9250533352335645e-08
2012-05-01,1.9790937548793124e-08,2.1206188168254736e-08,2.1206633084729088e-08
2012-05-02,3.7775488951951784e-08,3.6831308921656464e-08,3.683090826336346e-08
2012-05-03,2.0041053638184114e-08,2.1377789415087126e-08,2.1376689682480052e-08
2012-05-04,1.8289509481375388e-08,1.701152480673241e-08,1.7011672726268322e-08
2012-05-07,1.9304395424408306e-08,1.87192026077046e-08,1.8719819238785884e-08
2012-05-08,1.529256032700134e-07,1.540700336728472e-07,1.540714461638529e-07
2012-05-09,1.1086130622413383e-08,1.1760224987804166e-08,1.1763509229324892e-08
2012-05-10,1.3026016241083148e-08,1.1856329993206393e-08,1.1856179364054381e-08
2012-05-11,2.9363414135136122e-08,2.74411827233992e-08,2.7441035166894838e-08
2012-05-14,6.419992194128368e-08,6.47945991061121e-08,6.479164603473158e-08
2012-05-15,7.652387378474625e-08,7.415967079489712e-08,7.416062901413653e-08
2012-05-16,1.1133870932480166e-08,9.656167195274886e-09,9.654429960379473e-09
2012-05-17,3.6197121941744656e-08,3.262018630143254e-08,3.262053239761239e-08
2012-05-18,3.2092057500280014e-08,2.8211680535496968e-08,2.8210346806640117e-08
2012-05-21,3.7539289326575385e-08,3.385059162912893e-08,3.385005330328434e-08
2012-05-22,7.087440187919243e-08,6.652570736767636e-08,6.652553077626156e-08
2012-05-23,4.783672833632916e-08,4.5667118135556995e-08,4.566604085612989e-08
2012-05-24,2.5092823928055766e-08,2.370992732876924e-08,2.3710109689527187e-08
2012-05-25,1.7342890339477266e-08,1.455557960870901e-08,1.4555768786088528e-08
2012-05-28,3.9673271881315055e-08,3.670656168761242e-08,3.670716471479762e-08
2012-05-29,8.35377503219597e-08,8.419748660353548e-08,8.41971507147119e-08
2012-05-30,6.660309062395124e-08,6.673317596432266e-08,6.673464742513268e-08
2012-05-31,6.428410211201401e-08,5.6509582856629176e-08,5.6511600817764586e-08
2012-06-01,2.5668845973646943e-08,2.3899611678544668e-08,2.3900597740695724e-08
2012-06-04,1.0621118824662856e-08,7.958757266968957e-09,7.958465657588536e-09
2012-06-05,2.263373216076154e-08,2.0706127003085726e-08,2.0706140757177745e-08
2012-06-06,4.722186091844571e-08,3.9775039852374105e-08,3.977467907038941e-08
2012-06-07,2.496953546302748e-08,2.4388016699242938e-08,2.4387406995445265e-08
2012-06-08,2.3192193935596398e-08,2.1039225433345864e-08,2.103864693061337e-08
2012-06-11,2.3874604740188767e-08,2.061870393028842e-08,2.0618133030481284e-08
2012-06-12,4.7818136146784585e-08,4.59518932738675e-08,4.5952516486643105e-08
2012-06-13,1.5188826648848647e-08,1.2571360964644967e-08,1.257198869341255e-08
2012-06-14,1.5733840696015177e-08,1.2725811746166519e-08,1.2725771919471098e-08
2012-06-15,2.5019008728141384e-08,1.9208452061763757e-08,1.9208086029715534e-08
2012-06-18,1.3407631304179237e-08,1.1469468799141136e-08,1.1468813286712626e-08
2012-06-19,1.846551465921819e-07,2.008186764514359e-07,2.0081811114931608e-07
2012-06-20,1.2153201565350987e-08,9.666510447420983e-09,9.670101595369718e-09
2012-06-21,2.471683777519722e-08,2.0807435334665204e-08,2.0807237574761785e-08
2012-06-22,3.286937516553998e-08,3.06375477520666e-08,3.063782658921901e-08
2012-06-25,1.602748193617199e-08,1.3190169304045759e-08,1.3190761318853205e-08
2012-06-26,4.628223958324635e-07,4.747644482494838e-07,4.747669554493071e-07
2012-06-27,4.450573176876601e-08,4.4886821782067164e-08,4.487656183940122e-08
2012-06-28,3.56618915222825e-08,3.593936439449241e-08,3.594106211120056e-08
2012-06-29,8.945459810824107e-08,8.952013496081327e-08,8.951691549159568e-08
2012-07-02,2.680581834688234e-08,2.5177073947906334e-08,2.5174515251289115e-08
2012-07-03,1.5526433047565034e-08,1.2592418118340317e-08,1.2591709638760882e-08
2012-07-04,1.9553970878807891e-07,2.029048148025566e-07,2.029050774390963e-07
2012-07-05,1.195956844142208e-07,1.1217962961769807e-07,1.121729177998981e-07
2012-07-06,3.870770843827002e-08,4.145209149443765e-08,4.145326748662638e-08
2012-07-09,2.983304496821901e-08,3.242168276852792e-08,3.242200201365755e-08
2012-07-10,2.713171570222113e-08,2.940615983749284e-08,2.9406418282032884e-08
2012-07-11,3.887242115349062e-08,3.7237479924732625e-08,3.723772809272761e-08
2012-07-12,1.3179822946238045e-07,1.2552574109779977e-07,1.2552795413441786e-07
2012-07-13,1.4986625141680732e-07,1.4067153120257232e-07,1.4066857732019503e-07
2012-07-16,2.914655739372298e-08,3.334209256153375e-08,3.334676430802248e-08
2012-07-17,3.5609144687944256e-08,3.371988780778491e-08,3.3720285166367695e-08
2012-07-18,2.264459799216299e-08,2.594270824849247e-08,2.5942757097038197e-08
2012-07-19,6.410400760310833e-08,6.277867921517911e-08,6.277907054567858e-08
2012-07-20,2.9197386416782936e-08,3.042137280894001e-08,3.042070929337302e-08
2012-07-23,2.8083793903690745e-08,2.9530155235110538e-08,2.952950278931724e-08
2012-07-24,2.8881971389494817e-08,2.793603943035568e-08,2.793589118247855e-08
2012-07-25,2.0389928812434956e-08,1.9676408411799098e-08,1.967642087321429e-08
2012-07-26,2.0776782482978717e-08,1.9719774712987642e-08,1.9719584930296918e-08
2012-07-27,5.282905390984681e-08,5.2565671496389894e-08,5.2565438313895165e-08
2012-07-30,2.131959212785189e-08,2.033826534562886e-08,2.03373837123468e-08
2012-07-31,1.526392065588901e-08,1.544120084473239e-08,1.54411989731441e-08
2012-08-01,2.1358424164110884e-08,1.8848326087437212e-08,1.8848211314503647e-08
2012-08-02,1.394091264856289e-08,1.476068786383217e-08,1.476029567012071e-08
2012-08-03,1.6093587954731994e-08,1.317189597196901e-08,1.3171803115489278e-08
2012-08-06,2.533123549819945e-08,2.2732446524589045e-08,2.273243045257946e-08
2012-08-07,1.9973447775857625e-08,1.8328392437904446e-08,1.8329081281131384e-08
2012-08-08,1.563960583109265e-08,1.4573650959927224e-08,1.4572947117097407e-08
2012-08-09,1.2038434250639222e-08,1.1056854720625404e-08,1.1057322151415806e-08
2012-08-10,4.180952751322542e-08,3.8511574141018384e-08,3.8511758003563544e-08
2012-08-13,9.204378021107403e-08,9.853513400183827e-08,9.853521975364239e-08
2012-08-14,4.438731187860018e-08,4.3131915983568704e-08,4.3130042376503806e-08
2012-08-15,2.9188022815440346e-08,2.6646723154502904e-08,2.66470835512865e-08
2012-08-16,2.3957694180649758e-08,2.1668045765223614e-08,2.1667458813756065e-08
2012-08-17,3.012082480670561e-08,2.7450509630813303e-08,2.7449650686716224e-08
2012-08-20,3.024709336251774e-08,2.7897338663723473e-08,2.789665772087055e-08
2012-08-21,1.4439847489204396e-08,1.1382352430021037e-08,1.1381428667028396e-08
2012-08-22,1.1902459636660698e-08,1.0693076442197045e-08,1.0693029231976905e-08
2012-08-23,1.7272939194930186e-08,1.61279385903913e-08,1.6127946877249302e-08
2012-08-24,4.043030405779864e-08,3.603450937098389e-08,3.6034583909225495e-08
2012-08-27,2.364084101005172e-08,1.953898536015662e-08,1.9539361614199343e-08
2012-08-28,1.253994786571267e-08,9.152465933463214e-09,9.152197132650251e-09
2012-08-29,2.5191613323335006e-08,2.028795042388458e-08,2.028759693378998e-08
2012-08-30,1.3783548756457684e-08,9.845158157197699e-09,9.84452316895543e-09
2012-08-31,1.761864580443297e-08,1.2648735192515143e-08,1.264835160262783e-08
2012-09-03,1.7643925341347285e-08,1.592588908539266e-08,1.5925508118210696e-08
2012-09-04,1.0027855323987196e-08,7.827060701560315e-09,7.827018982525415e-09
2012-09-05,4.141711632566773e-08,4.658383089932005e-08,4.658407776729665e-08
2012-09-06,5.1868377266265875e-08,5.509927049524575e-08,5.509963358638392e-08
2012-09-07,1.8461637247727954e-08,1.5930672366851803e-08,1.593102723018706e-08
2012-09-10,2.6036581175735443e-08,2.3029950838127814e-08,2.3029421348158416e-08
2012-09-11,1.267895007045455e-08,8.644492909581959e-09,8.643708585108783e-09
2012-09-12,1.8397523470111766e-08,1.4206710211667682e-08,1.4206529470061622e-08
2012-09-13,2.2989837394266487e-08,2.0030816676724486e-08,2.003034614518203e-08
2012-09-14,4.706123772043733e-08,4.6057704275691165e-08,4.6058859483193605e-08
2012-09-17,1.1755419500977529e-08,9.373829216236684e-09,9.374329060190854e-09
2012-09-18,2.0612466644603414e-08,1.6941958925366e-08,1.694194025296782e-08
2012-09-19,1.877642269177404e-08,1.6425456098656147e-08,1.642527120663095e-08
2012-09-20,3.520587435243503e-08,3.5988504736032674e-08,3.5987951998310674e-08
2012-09-21,2.791713519591215e-08,2.48350118425234e-08,2.48348153501844e-08
2012-09-24,1.7316038217013626e-08,1.6922043831400754e-08,1.692232090495046e-08
2012-09-25,1.417456023891491e-08,9.96404496681046e-09,9.96444781790888e-09
2012-09-26,1.0596652506318665e-08,5.472460968351919e-09,5.472253920139856e-09
2012-09-27,2.4912211291636507e-08,2.620001946779635e-08,2.6200177710072468e-08
2012-09-28,2.0594603796835683e-08,1.6315587010238556e-08,1.6316347478874646e-08
2012-10-01,1.843359685431203e-08,1.3759763478583784e-08,1.3759740763086334e-08
2012-10-02,1.161467540152887e-08,7.214748630471879e-09,7.2145516162818424e-09
2012-10-03,8.843964652639742e-08,9.48454738679246e-08,9.484578166726703e-08
2012-10-04,1.1862784665255877e-08,7.526242289293763e-09,7.527193042053726e-09
2012-10-05,1.548398326519068e-08,1.2019936948911994e-08,1.2019788647820208e-08
2012-10-08,2.6606875910635594e-08,2.522305294548189e-08,2.5223239376863004e-08
2012-10-09,1.6375627931473103e-08,1.1973056931834693e-08,1.1972319893904924e-08
2012-10-10,1.5653965050325686e-08,1.467535861617453e-08,1.4675232220532683e-08
2012-10-11,1.2496317470446883e-07,1.3769328512146486e-07,1.376931198877818e-07
2012-10-12,2.260730100536504e-08,2.1326645399858128e-08,2.1327015941955947e-08
2012-10-15,6.805962634448001e-08,7.453637518937923e-08,7.45356990860528e-08
2012-10-16,3.587936757868265e-08,3.491027198876391e-08,3.490788029791638e-08
2012-10-17,2.011231873445635e-08,1.7492430288704778e-08,1.7492777164217267e-08
2012-10-18,1.453178377396503e-08,1.2139567492422257e-08,1.2138693085632823e-08
2012-10-19,2.465477570516421e-08,2.3612849476485566e-08,2.361286793000341e-08
2012-10-22,1.4336560142642726e-08,1.1318754308293068e-08,1.1318526943266819e-08
2012-10-23,2.0898863718759284e-08,1.7951361769107278e-08,1.7950986920246007e-08
2012-10-24,3.0221046392552726e-08,2.7313682919769625e-08,2.7313318988766576e-08
2012-10-25,1.6601639591983878e-08,1.4782178512243602e-08,1.4781791249686874e-08
2012-10-26,1.794203655597812e-08,1.6320411379734408e-08,1.6320516796645286e-08
2012-10-29,1.6697538689678128e-08,1.2384187241438296e-08,1.238427369099024e-08
2012-10-30,2.0874462342863956e-08,1.645221490314808e-08,1.6451489025136652e-08
2012-10-31,1.5498974963861853e-08,1.1847255746094882e-08,1.1846754663750154e-08
2012-11-01,3.502052555169058e-08,3.1701240289276486e-08,3.170117479262991e-08
2012-11-02,3.833304477540326e-08,4.3687345505444955e-08,4.368921731992786e-08
2012-11-05,2.6185261143763567e-08,2.2876237530651985e-08,2.2876120901173584e-08
2012-11-06,1.0622171671312823e-08,5.7716634389192884e-09,5.771510903914193e-09
2012-11-07,2.438984111424064e-08,2.6181540322330048e-08,2.6181581246529698e-08
2012-11-08,2.8880923163597542e-08,2.6294298792636613e-08,2.6295085527526613e-08
2012-11-09,4.843051474103916e-08,5.490979069007121e-08,5.4911943115330663e-08
2012-11-12,1.8954424731180633e-08,1.6677239022504138e-08,1.6678364304922033e-08
2012-11-13,8.712001828663358e-09,6.309722689777335e-09,6.309420914967444e-09
2012-11-14,2.5608762300007028e-08,2.112560677492377e-08,2.1125833643023295e-08
2012-11-15,2.3241792364084302e-07,2.486678664161692e-07,2.486707045524273e-07
2012-11-16,1.6067406408538888e-08,1.395804842540024e-08,1.396043671990719e-08
2012-11-19,3.008195413372175e-08,3.0813451417769415e-08,3.081344844163561e-08
2012-11-20,3.438230742082471e-08,3.410922060439134e-08,3.410905537644952e-08
2012-11-21,1.3861147385510831e-08,1.102536166959331e-08,1.1024793121153514e-08
2012-11-22,1.344936020542074e-08,9.832197959159953e-09,9.832237978376188e-09
2012-11-23,2.7190346344254656e-08,2.4380260066281503e-08,2.4380167324240064e-08
2012-11-26,1.3961899684365678e-08,1.005779023679118e-08,1.005647028190159e-08
2012-11-27,1.7149023865550018e-08,1.416296552444866e-08,1.4162745679568617e-08
2012-11-28,1.680661309736521e-08,1.2272356496868286e-08,1.2272155689636288e-08
2012-11-29,6.31817925971149e-08,7.03628779329158e-08,7.036351134850891e-08
2012-11-30,2.9755533688354935e-08,2.6067991877199787e-08,2.6068654879156098e-08
2012-12-03,1.3460713253789367e-08,9.548757919021133e-09,9.548423257880975e-09
2012-12-04,1.0500819278217571e-08,7.890047132793964e-09,7.890007569377855e-09
2012-12-05,2.1330427569026603e-08,2.221908981337409e-08,2.221922325340566e-08
2012-12-06,3.097357920248368e-08,2.721202187146982e-08,2.7213020098290252e-08
2012-12-07,3.5303659536865917e-08,4.0037059300155395e-08,4.003837731540635e-08
2012-12-10,2.2066940057264694e-08,1.9709891948013526e-08,1.9710653927150338e-08
2012-12-11,1.917613846710115e-08,1.5483458799242148e-08,1.5483393519157627e-08
2012-12-12,3.202678744334731e-08,3.21810981546938e-08,3.218118616517719e-08
2012-12-13,5.604211472090113e-08,5.894099381262183e-08,5.8938731551133786e-08
2012-12-14,1.4615358686490962e-08,1.2422461336196709e-08,1.2423903085188388e-08
2012-12-17,3.04775467916605e-08,2.7793051227620334e-08,2.7792995667954444e-08
2012-12-18,2.3033511552299392e-08,1.9888127783503057e-08,1.988664452662577e-08
2012-12-19,3.4518389989083867e-08,3.382845845697615e-08,3.3828074833263613e-08
2012-12-20,4.026803733484291e-08,4.070137926251373e-08,4.0701388206588106e-08
2012-12-21,2.308522679820556e-08,1.9353892554514795e-08,1.9354334967666612e-08
2012-12-24,1.4806053265645339e-08,1.4021127949915903e-08,1.4020959347989001e-08
2012-12-25,3.741580442753175e-08,3.5305681648360555e-08,3.53056163049547e-08
2012-12-26,1.532336658448116e-08,1.5439223660211015e-08,1.5439060884223047e-08
2012-12-27,2.1573811703991928e-07,2.3069476388334425e-07,2.3069446117922144e-07
2012-12-28,2.486467737057005e-07,2.494159845533603e-07,2.494054872895468e-07
2012-12-31,2.9611585848134246e-08,3.277659828769686e-08,3.27770941183498e-08
2013-01-01,2.9890669700938395e-08,3.325826870885248e-08,3.325814016277385e-08
2013-01-02,1.4299906554131329e-07,1.4535246893142818e-07,1.453532632671132e-07
2013-01-03,2.881085001665243e-08,2.949489646041337e-08,2.949578109174478e-08
2013-01-04,2.4037610322461934e-08,2.52487905807892e-08,2.5249494023214045e-08
2013-01-07,2.7380456818781478e-08,2.7231931558725398e-08,2.7231102565656146e-08
2013-01-08,4.654672735517329e-08,4.6186966233473274e-08,4.6188254272141434e-08
2013-01-09,3.435154832325029e-08,3.408363856154427e-08,3.4083977509024766e-08
2013-01-10,1.1331386510344824e-07,1.1096039176141921e-07,1.1096115387022445e-07
2013-01-11,1.4674541541581528e-07,1.4673788931854116e-07,1.4673621635688377e-07
2013-01-14,2.0837507606633452e-08,2.3417525777181693e-08,2.3419159363466543e-08
2013-01-15,1.6437841677781315e-08,1.8141058916396696e-08,1.814053267449956e-08
2013-01-16,6.694502379279092e-08,6.889662831709544e-08,6.889574136316233e-08
2013-01-17,1.5951383475566429e-07,1.609388377403072e-07,1.6094058312787025e-07
2013-01-18,3.841008286329547e-08,3.5676766096320696e-08,3.567706143915801e-08
2013-01-21,6.581250399670921e-08,6.072062031664258e-08,6.072241614457347e-08
2013-01-22,7.49691621442208e-08,6.94844160033685e-08,6.948316565061374e-08
2013-01-23,2.854090242768959e-08,3.123428172184887e-08,3.123624868160457e-08
2013-01-24,1.5212646698102838e-08,1.5292007980942852e-08,1.5291776435308648e-08
2013-01-25,5.893075380688493e-08,5.678955794253188e-08,5.6789060881968853e-08
2013-01-28,2.9090403233441245e-08,3.066759887903169e-08,3.06672103221496e-08
2013-01-29,2.2142799769882868e-08,2.4223346086244384e-08,2.4222848461742027e-08
2013-01-30,4.715971254070386e-08,4.4286846987610614e-08,4.4286564468740606e-08
2013-01-31,4.6669825456997477e-08,4.987937899609807e-08,4.988028950050755e-08
2013-02-01,4.443489728522505e-08,4.716316251105434e-08,4.7162228509032916e-08
2013-02-04,1.4672477659849838e-08,1.54492111794716e-08,1.5448906663301536e-08
2013-02-05,4.0551428908635795e-08,4.0261332643692424e-08,4.0261399355243326e-08
2013-02-06,1.4642418393633795e-07,1.4478241919427438e-07,1.447809247277293e-07
2013-02-07,9.137650760973342e-08,8.736362429607256e-08,8.735503035654168e-08
2013-02-08,4.2905900911648215e-08,4.198400956206179e-08,4.198511568938196e-08
2013-02-11,7.10347460510292e-08,6.933100277511353e-08,6.933156815947364e-08
2013-02-12,2.4533475994473926e-08,2.6992256050378267e-08,2.699347704002671e-08
2013-02-13,7.75177962549151e-08,7.665636853478772e-08,7.665361551322384e-08
2013-02-14,3.9469362829303916e-08,3.742098948774455e-08,3.741937678744577e-08
2013-02-15,1.638704707462808e-08,1.846450749558048e-08,1.8464006994575768e-08
2013-02-18,2.840624811701701e-08,2.8562115849599154e-08,2.856157339307701e-08
2013-02-19,3.263824246047723e-08,3.1689612474102846e-08,3.168818326921285e-08
2013-02-20,4.0182910921069564e-08,3.58531218403993e-08,3.5852964702415715e-08
2013-02-21,2.451259858578002e-08,2.187008661123608e-08,2.1870708595999104e-08
2013-02-22,2.4644260188365922e-08,2.3770323825265922e-08,2.3770395874604343e-08
2013-02-25,5.565008964937046e-08,5.1087143906749493e-08,5.108791299466986e-08
2013-02-26,2.562158885413951e-08,2.548859464206831e-08,2.5487639975647995e-08
2013-02-27,2.4468196905215327e-08,2.5222863046832997e-08,2.52224279501893e-08
2013-02-28,2.224271413890952e-08,2.086234092616321e-08,2.0861602677127843e-08
2013-03-01,1.7788378708183506e-08,1.5855670678775302e-08,1.5855143459353413e-08
2013-03-04,1.550022904423389e-08,1.367652629063708e-08,1.3675989059516554e-08
2013-03-05,1.2745352994472044e-08,1.0007510885547235e-08,1.000711579933511e-08
2013-03-06,1.2989429736867138e-08,9.225613297279843e-09,9.225253358757788e-09
2013-03-07,1.5815932124793472e-08,1.9378709052819695e-08,1.9379167840990454e-08
2013-03-08,3.5672470754061924e-08,4.002230981120793e-08,4.002126200501794e-08
2013-03-11,9.060637801266058e-08,9.004598981687619e-08,9.004254463679058e-08
2013-03-12,1.4516052025400458e-07,1.4736790986998504e-07,1.4736859133916332e-07
2013-03-13,5.4395927183273425e-08,5.488212259010712e-08,5.488486325099522e-08
2013-03-14,2.863865424777779e-08,2.5053763105238802e-08,2.5055369041902565e-08
2013-03-15,1.3774704432343918e-08,1.1570839704838146e-08,1.1570192083877668e-08
2013-03-18,4.1737929767483226e-08,3.778280611209885e-08,3.778181550607962e-08
2013-03-19,2.47977201132428e-08,2.3012124932744573e-08,2.3012690030793237e-08
2013-03-20,3.4532506048353594e-08,3.302493068966553e-08,3.302569530094997e-08
2013-03-21,5.080673885833566e-08,4.993260368725235e-08,4.993371317161896e-08
2013-03-22,1.2972142234279404e-07,1.2582623866215678e-07,1.2583045196904686e-07
2013-03-25,3.452698835667606e-08,3.517615590664189e-08,3.5177154271996276e-08
2013-03-26,2.0813868423216145e-08,2.120782487940848e-08,2.1207315841514538e-08
2013-03-27,7.940369209042072e-08,8.258222385813982e-08,8.258370728749824e-08
2013-03-28,2.032464877877808e-08,2.0795382666430367e-08,2.0797774946750165e-08
2013-03-29,3.80727268666277e-08,3.925767064035942e-08,3.925803882719049e-08
2013-04-01,2.3630867540421823e-08,2.3335048031270176e-08,2.3334671573647612e-08
2013-04-02,7.78747505939884e-08,8.014432637245701e-08,8.014268215653495e-08
2013-04-03,3.2349721639582725e-07,3.2904031275422244e-07,3.290368430065343e-07
2013-04-04,1.9730056598498297e-08,2.0900368501929963e-08,2.090305889295061e-08
2013-04-05,3.7004600151813296e-08,3.749280522329655e-08,3.7492193826860276e-08
2013-04-08,4.3224308972420005e-08,4.380207315332369e-08,4.380200960391183e-08
2013-04-09,5.792040749406834e-08,5.811960188154526e-08,5.8119275626045536e-08
2013-04-10,1.565897299818808e-08,1.576237407685986e-08,1.5760957649341133e-08
2013-04-11,3.517307201387622e-08,3.4219591430399884e-08,3.4218862742856874e-08
2013-04-12,1.5623727649193077e-08,1.4215329739178827e-08,1.4214861389767634e-08
2013-04-15,6.888622074782214e-08,6.839562079335213e-08,6.83958994633943e-08
2013-04-16,2.1701188802266856e-08,2.1336017930731498e-08,2.133634132369502e-08
2013-04-17,6.419988233024129e-08,7.01831003774735e-08,7.018308628170486e-08
2013-04-18,2.4827532552372908e-08,2.392612773230531e-08,2.3928269825910944e-08
2013-04-19,1.720357299899441e-08,1.695136119171228e-08,1.695095428664092e-08
2013-04-22,3.033956884517477e-08,2.9157470143311144e-08,2.915711693866672e-08
2013-04-23,7.952364574877873e-08,7.886758360727153e-08,7.886787624381191e-08
2013-04-24,3.6459227948635104e-08,3.719019655396225e-08,3.7190931674016495e-08
2013-04-25,5.218406942483775e-08,5.129644079231615e-08,5.129716593153068e-08
2013-04-26,2.088537456149646e-08,2.0522350151110207e-08,2.0523101214822104e-08
2013-04-29,1.698009256579597e-08,1.5375765001273606e-08,1.53750514339683e-08
2013-04-30,1.4700078416395753e-08,1.3050232158642907e-08,1.304983086083529e-08
2013-05-01,3.5179674380211706e-08,3.3765137973858534e-08,3.376581291993289e-08
2013-05-02,5.878657285476402e-08,5.821809107981274e-08,5.8218509739299143e-08
2013-05-03,1.7939492598126844e-08,1.9085887968826124e-08,1.9085380304220546e-08
2013-05-06,1.4017778979592443e-08,1.2228283874130876e-08,1.2228315404895741e-08
2013-05-07,2.5004504285720597e-08,2.5525273034895818e-08,2.5525725367491287e-08
2013-05-08,7.57606163051206e-08,7.376732047163469e-08,7.376631711397462e-08
2013-05-09,3.591760765481071e-07,3.667093656628692e-07,3.667053858754039e-07
2013-05-10,2.2717006537916177e-08,2.2051279509944602e-08,2.2055895714379573e-08
2013-05-13,4.283277001739974e-08,4.090034563913696e-08,4.0900378962126114e-08
2013-05-14,7.66882459155692e-08,7.483741152589129e-08,7.483710047546031e-08
2013-05-15,8.782135159731668e-08,8.741930396393229e-08,8.741810859831274e-08
2013-05-16,4.664357610738656e-08,4.7002461251407496e-08,4.700386781168263e-08
2013-05-17,1.8089119279288096e-08,1.7897563611384436e-08,1.7897193136307437e-08
2013-05-20,6.748445561410627e-08,6.71909938662541e-08,6.71909873041778e-08
2013-05-21,2.20474301521398e-08,2.198918778299936e-08,2.1987923891153517e-08
2013-05-22,3.4793050159562097e-08,3.309520363638199e-08,3.30942625859556e-08
2013-05-23,1.4933719771601737e-07,1.483578659400901e-07,1.4835955948394936e-07
2013-05-24,3.58334344865052e-08,3.326811688974396e-08,3.3270358800051273e-08
2013-05-27,2.709112254879227e-07,2.5667966978523354e-07,2.566812792526116e-07
2013-05-28,3.267097273668374e-08,3.668805032094039e-08,3.668480753664383e-08
2013-05-29,6.336908710218794e-08,6.487267173686435e-08,6.487211384436491e-08
2013-05-30,4.233580929749413e-08,4.562681444284274e-08,4.562689828748404e-08
2013-05-31,1.8202258152638715e-08,1.775300294649927e-08,1.7752794037998405e-08
2013-06-03,1.1324694834642617e-07,1.0176453364315872e-07,1.0176375012182436e-07
2013-06-04,6.638990695811346e-08,7.520282772464709e-08,7.520416614652816e-08
2013-06-05,4.094423012232515e-08,3.874732162616632e-08,3.8747559952858e-08
2013-06-06,2.6129207034449646e-08,2.871451173493346e-08,2.8715241856674647e-08
2013-06-07,2.601378225228676e-07,2.5339030541171716e-07,2.5339373110861964e-07
2013-06-10,1.9852655709599443e-07,1.9874661006057097e-07,1.9874207124825603e-07
2013-06-11,1.3628348727060505e-07,1.2144928396337775e-07,1.2144876469237906e-07
2013-06-12,7.776820099188549e-08,7.761805571553996e-08,7.761974075739451e-08
2013-06-13,1.0804889393802428e-07,9.529780581672057e-08,9.530275250972725e-08
2013-06-14,1.6679239760777506e-07,1.6886716245224477e-07,1.6886909846460055e-07
2013-06-17,1.248658559332226e-07,1.3452272349690308e-07,1.3451931249846235e-07
2013-06-18,9.654466625600426e-08,9.906751498864487e-08,9.906947124062354e-08
2013-06-19,7.186792701906104e-08,7.724363723302818e-08,7.72430701053572e-08
2013-06-20,4.567932619500112e-08,5.067383389558926e-08,5.067245012691259e-08
2013-06-21,3.579409203210751e-08,4.2093859650074485e-08,4.209406701776944e-08
2013-06-24,1.1884928438138325e-07,1.1343435174118928e-07,1.1343511288284314e-07
2013-06-25,4.716987002928847e-08,5.162152706176664e-08,5.161895179535749e-08
2013-06-26,1.0712739969318721e-07,1.0122238880120708e-07,1.0122194164157055e-07
2013-06-27,6.428486446700786e-08,6.39855145857045e-08,6.398377696146636e-08
2013-06-28,8.634734547415599e-08,7.731049579865505e-08,7.73113036245129e-08
2013-07-01,1.2767116008404232e-07,1.1725657018510693e-07,1.1725422128373388e-07
2013-07-02,6.331730006426276e-08,6.308605778098657e-08,6.308429591549601e-08
2013-07-03,2.8563111088993197e-08,3.290591185700453e-08,3.290524061754945e-08
2013-07-04,1.4110501049049367e-07,1.4352523844600086e-07,1.435237818234171e-07
2013-07-05,1.3650004110372112e-07,1.2730501463698957e-07,1.2729990606236284e-07
2013-07-08,3.144416573658894e-08,3.822079840207111e-08,3.822287476986116e-08
2013-07-09,3.1883559412751715e-08,3.475810666059971e-08,3.475743063458707e-08
2013-07-10,4.035471221105818e-07,3.6634518517007897e-07,3.66347949573836e-07
2013-07-11,1.4232489516465715e-08,2.4308961205423255e-08,2.4312218550995822e-08
2013-07-12,3.164707276542556e-08,3.129295237360459e-08,3.1292472243852386e-08
2013-07-15,2.385584738115542e-08,3.2011692599752144e-08,3.201234178699503e-08
2013-07-16,4.294351706542296e-08,4.995035174838232e-08,4.9949115791329824e-08
2013-07-17,7.749046233572892e-08,8.428743900767664e-08,8.428650694147972e-08
2013-07-18,6.598402558170978e-08,6.283232985508141e-08,6.283349395428004e-08
2013-07-19,5.761461457421565e-08,5.7894419222993004e-08,5.78956274183906e-08
2013-07-22,1.6901774130355153e-08,2.1771220515708583e-08,2.177190834142484e-08
2013-07-23,2.603184136648224e-08,2.747426264000108e-08,2.7473854216709808e-08
2013-07-24,2.873428805605313e-08,3.088383492223972e-08,3.0883035025029665e-08
2013-07-25,5.6334997271038165e-08,5.528887532417384e-08,5.528830785772127e-08
2013-07-26,8.823773534087153e-08,8.870380388369425e-08,8.870509816778481e-08
2013-07-29,1.5249871917428895e-08,1.6368657949447574e-08,1.6368897047952156e-08
2013-07-30,5.6327545501942265e-08,5.4503588451139896e-08,5.450412237456393e-08
2013-07-31,2.4198174136239504e-08,2.4547031176977907e-08,2.454976885824966e-08
2013-08-01,4.725273632988635e-08,4.42779842089657e-08,4.427795918760124e-08
2013-08-02,2.2360623006069967e-08,2.2993188286924632e-08,2.299436526091661e-08
2013-08-05,1.8809132203934017e-08,1.7381298898277945e-08,1.738075929083725e-08
2013-08-06,7.346647502678488e-08,6.742671271579319e-08,6.742517085131945e-08
2013-08-07,3.208968964787761e-08,3.3858298318703485e-08,3.38587796856772e-08
2013-08-08,1.4448986380607746e-08,1.3590879583849322e-08,1.3589903599747909e-08
2013-08-09,1.3421647123346057e-07,1.3220845636495436e-07,1.322076362082571e-07
2013-08-12,2.2521526224275054e-08,2.2742806477841866e-08,2.2743854974205873e-08
2013-08-13,5.378720586640618e-08,5.426450905470703e-08,5.42643545198237e-08
2013-08-14,3.2211486465062724e-08,3.22677481835186e-08,3.226779759382704e-08
2013-08-15,2.0010023374306373e-08,1.964810447055985e-08,1.964843179861243e-08
2013-08-16,1.0521733915824927e-07,1.0261280928368975e-07,1.0261215655889293e-07
2013-08-19,4.0887662500190564e-08,4.033113882623656e-08,4.0326846384311036e-08
2013-08-20,1.302835679057978e-07,1.311784644689909e-07,1.3117620615600265e-07
2013-08-21,9.008679316154031e-08,9.038181714681735e-08,9.038129274276497e-08
2013-08-22,1.8650110429589032e-08,1.891956565324704e-08,1.8918393628513873e-08
2013-08-23,3.7022377305331174e-08,3.820046453237202e-08,3.820062907095466e-08
2013-08-26,3.7739678773011e-08,3.782653727376417e-08,3.78262293593147e-08
2013-08-27,4.8626927982748704e-08,4.7698011516792696e-08,4.7697679634281725e-08
2013-08-28,2.2472662414799464e-07,2.2879846820931744e-07,2.287966901735731e-07
2013-08-29,2.8663950406322898e-08,2.7560904213642948e-08,2.756219187066976e-08
2013-08-30,9.719170677922749e-08,9.425464075920964e-08,9.42548593696198e-08
2013-09-02,6.886676031572415e-08,6.644023459909197e-08,6.643960414912421e-08
2013-09-03,1.9577602388422715e-08,2.1869612975806624e-08,2.1868928729463337e-08
2013-09-04,4.0457414623901627e-07,3.9439284859848736e-07,3.9439522846049453e-07
2013-09-05,2.6345741427497166e-07,2.437965325050219e-07,2.437620248883704e-07
2013-09-06,1.2323229444341056e-07,1.3154160237708333e-07,1.3154591984073367e-07
2013-09-09,7.088207727595378e-08,7.770694757561696e-08,7.770543851304945e-08
2013-09-10,9.382790210161758e-08,1.0054015721674324e-07,1.0053894558241686e-07
2013-09-11,4.137683513029644e-08,4.7143369574586443e-08,4.7142060855760754e-08
2013-09-12,7.22585244097173e-08,6.280616138562002e-08,6.280743465840595e-08
2013-09-13,2.4270578439328015e-08,2.7412174279255943e-08,2.741375505875098e-08
2013-09-16,1.0612163543520542e-07,1.023739570819424e-07,1.0237312253024374e-07
2013-09-17,1.096797032188981e-08,1.3129713537119648e-08,1.3129186553684329e-08
2013-09-18,2.2252992972340555e-08,2.620861271935732e-08,2.620880159751287e-08
2013-09-19,1.1149226144613289e-07,1.0761649344928059e-07,1.0761659283678937e-07
2013-09-20,1.8590842090619104e-07,1.7550306883667452e-07,1.7550179927945935e-07
2013-09-23,1.8806744395919078e-07,1.7566761425727923e-07,1.7565887251468756e-07
2013-09-24,2.4203484270624775e-07,2.2199971095818994e-07,2.2198618030575772e-07
2013-09-25,3.2627663455631504e-08,4.198311805202306e-08,4.1986280322083186e-08
2013-09-26,2.0785167021010504e-08,2.721452671055168e-08,2.72130644621591e-08
2013-09-27,6.088254252118411e-08,6.52866915499374e-08,6.528608320167006e-08
2013-09-30,5.246153599580473e-08,5.088560425365923e-08,5.088522384798395e-08
2013-10-01,1.2661733369858192e-07,1.21612171059381e-07,1.2161044580525105e-07
2013-10-02,2.448485195889564e-07,2.259637567301918e-07,2.2596061376751833e-07
2013-10-03,7.262552664925043e-08,7.869469313211742e-08,7.86994969367937e-08
2013-10-04,1.839271248544864e-07,1.6560081226225136e-07,1.656045694875988e-07
2013-10-07,1.0984302328764024e-07,1.0310220450595048e-07,1.0310318054602025e-07
2013-10-08,1.0491549397523997e-07,1.0599391654225232e-07,1.059926684935257e-07
2013-10-09,8.218892029530406e-08,8.578757065365559e-08,8.579017422275279e-08
2013-10-10,7.387055621286493e-08,7.726609003601831e-08,7.726807647155779e-08
2013-10-11,1.5498780417249878e-07,1.4499518298031465e-07,1.4499643089196975e-07
2013-10-14,8.364244773357614e-08,8.680574030702244e-08,8.680041136255136e-08
2013-10-15,4.9539024079513986e-08,5.4882542271999665e-08,5.488091630243306e-08
2013-10-16,1.5112583495148168e-08,2.159041183953575e-08,2.15900609287059e-08
2013-10-17,4.273163508830168e-08,4.208595451063145e-08,4.208565665329966e-08
2013-10-18,3.0961718396722365e-08,3.475572703851589e-08,3.475579038920971e-08
2013-10-21,3.4912202740800575e-07,3.373391360407078e-07,3.3734308090298485e-07
2013-10-22,3.2903892897846156e-08,3.812140042365176e-08,3.8126350567463634e-08
2013-10-23,2.89343976120297e-08,3.535830301024751e-08,3.535692991110306e-08
2013-10-24,4.971145633430261e-08,4.773792042237605e-08,4.773694802697246e-08
2013-10-25,3.3202535573425956e-08,3.656304443253039e-08,3.6562432674566814e-08
2013-10-28,4.760414163900365e-08,4.614806099491465e-08,4.614733957009149e-08
2013-10-29,1.9446926472034773e-07,1.8075880324943994e-07,1.807593880191724e-07
2013-10-30,1.6315006895432265e-07,1.5920948729005248e-07,1.59208824198531e-07
2013-10-31,3.676163764029618e-08,3.960614771762026e-08,3.9606955670824174e-08
2013-11-01,5.9107041236940445e-08,5.181668972454147e-08,5.1818328877910355e-08
2013-11-04,1.0658136164002268e-07,1.0933236494942257e-07,1.0933297826437065e-07
2013-11-05,3.939904775210364e-08,4.519302144135749e-08,4.518793618842434e-08
2013-11-06,3.080313249658068e-08,3.372140516193711e-08,3.3720980162524395e-08
2013-11-07,2.057024020425953e-08,2.2393238229725586e-08,2.2391546522062074e-08
2013-11-08,2.60267493170338e-08,2.6697650137590235e-08,2.6697077312806202e-08
2013-11-11,4.691299884048036e-08,4.944869622792304e-08,4.944861874938736e-08
2013-11-12,8.94321447489106e-08,8.694616195357064e-08,8.694830482095083e-08
2013-11-13,4.3616599516480544e-08,4.1643908864000323e-08,4.164462691283498e-08
2013-11-14,6.980127065365219e-08,6.279064393107243e-08,6.278935312302996e-08
2013-11-15,2.5445344149571663e-08,2.4341907775635978e-08,2.4341239894290847e-08
2013-11-18,6.344403750540979e-08,6.393660266212848e-08,6.393731945524211e-08
2013-11-19,6.337453311372208e-08,6.512424000224442e-08,6.512272366935654e-08
2013-11-20,5.4280484142776836e-08,5.178020677713953e-08,5.1782146502492244e-08
2013-11-21,5.300751751162878e-08,5.453391394352472e-08,5.453401980697051e-08
2013-11-22,3.772897806833911e-08,3.7739443968263847e-08,3.77390218106584e-08
2013-11-25,8.545191318290316e-07,8.282177234909027e-07,8.282236204929394e-07
2013-11-26,3.4895150924542435e-08,3.950000084153792e-08,3.950566807953139e-08
2013-11-27,5.617865613066374e-08,5.1097769810000536e-08,5.1098380827760116e-08
2013-11-28,2.7477440355672288e-08,3.3442983737949234e-08,3.344441816596132e-08
2013-11-29,2.79494592518348e-08,2.9804735316696096e-08,2.980365466815656e-08
2013-12-02,6.678707859038593e-08,6.8584497259187e-08,6.858384067543577e-08
2013-12-03,1.647243926738598e-07,1.5123534829596333e-07,1.5123819008036203e-07
2013-12-04,2.0088250095824273e-08,2.414329178230966e-08,2.4144985636184418e-08
2013-12-05,1.1899114233951714e-07,1.2162092684058821e-07,1.216205553680681e-07
2013-12-06,3.990597577320074e-08,3.69869844273733e-08,3.6988051234943725e-08
2013-12-09,9.490457501914752e-08,9.247559911833001e-08,9.2474581540852e-08
2013-12-10,1.9913100840109576e-07,1.965691543823137e-07,1.965735199328262e-07
2013-12-11,5.538146246517282e-08,5.50559545029191e-08,5.505886993234861e-08
2013-12-12,8.103891495585164e-07,7.689226566688883e-07,7.689217300666105e-07
2013-12-13,3.16774559908563e-08,4.1892060808588274e-08,4.190775562593782e-08
2013-12-16,1.392628639122513e-07,1.4202444329034875e-07,1.4202397130750163e-07
2013-12-17,1.54605504384571e-07,1.506120623283207e-07,1.506141357064135e-07
2013-12-18,4.930744697701865e-08,4.6729633437477536e-08,4.673290648627865e-08
2013-12-19,1.135895639741934e-07,1.1413446818683904e-07,1.1413510030437133e-07
2013-12-20,5.456479174180018e-07,5.05075097048929e-07,5.050820220205586e-07
2013-12-23,1.6089704030572233e-07,1.4714284980175995e-07,1.471450805163963e-07
2013-12-24,9.667058918339453e-08,9.825332084693184e-08,9.825211923127404e-08
2013-12-25,5.89452022962605e-08,7.11858075522252e-08,7.118446751306474e-08
2013-12-26,1.9205534834165585e-07,1.6487509226150238e-07,1.648792797422603e-07
2013-12-27,1.2360846380444462e-07,1.160592684228825e-07,1.1605370312831674e-07
2013-12-30,1.8869186317147238e-07,1.8421456209095287e-07,1.8420594820527182e-07
2013-12-31,7.313962771808173e-08,8.1780304054088e-08,8.177894550982243e-08
2014-01-01,4.0574861358376215e-08,5.188994762382218e-08,5.188845091911213e-08
2014-01-02,2.848682236402171e-08,3.380830756785952e-08,3.380714606134557e-08
2014-01-03,2.473667605666479e-07,2.2370795213223528e-07,2.2371213948025523e-07
2014-01-06,7.251019712597288e-07,6.599300806124715e-07,6.5990511087014e-07
2014-01-07,6.357268389014557e-08,7.50318493990766e-08,7.504874513704105e-08
2014-01-08,2.9229819764812584e-08,4.318754100158135e-08,4.318424066003054e-08
2014-01-09,5.8304748219093765e-08,6.186978001095262e-08,6.187024451601998e-08
2014-01-10,1.616565404118645e-07,1.5049244565609885e-07,1.5049231835053112e-07
2014-01-13,1.2674813296166665e-07,1.3287527345972056e-07,1.3287768906326946e-07
2014-01-14,1.2152278583346833e-07,1.202200596930544e-07,1.2021946730302463e-07
2014-01-15,1.7850831373368376e-07,1.6196789011993646e-07,1.619696270012178e-07
2014-01-16,3.6666328990476624e-08,4.8378401537931656e-08,4.837515581502465e-08
2014-01-17,6.966701639037261e-08,6.419142094787932e-08,6.419203220676919e-08
2014-01-20,1.1748246840997612e-07,1.1047164996862804e-07,1.1047105217926678e-07
2014-01-21,8.208997919416419e-08,8.4977589264286e-08,8.497520608586866e-08
2014-01-22,1.0439283897065723e-07,9.918328552411042e-08,9.917662086461212e-08
2014-01-23,1.8470529284106616e-08,2.714390099866814e-08,2.7145423727024504e-08
2014-01-24,3.542355037365194e-08,4.316855701794286e-08,4.316796788478465e-08
2014-01-27,4.792372771140303e-08,5.224159188617774e-08,5.224061470210809e-08
2014-01-28,5.018615838171938e-08,5.1592945314637095e-08,5.159325875005538e-08
2014-01-29,2.3004964438881968e-07,2.281495212277298e-07,2.2815134079039948e-07
2014-01-30,1.0202448378298135e-07,9.247677144554976e-08,9.247192073941927e-08
2014-01-31,3.3355068981678395e-07,3.175656293884173e-07,3.175645461927293e-07
2014-02-03,3.0737229776804634e-08,3.92551817347007e-08,3.9259080117753515e-08
2014-02-04,5.11520902107754e-08,4.307423530856134e-08,4.3074691075172775e-08
2014-02-05,5.990967893246659e-08,6.59536359103627e-08,6.595242293822092e-08
2014-02-06,9.210229099788685e-08,9.540577256181752e-08,9.540453885297748e-08
2014-02-07,3.6270175459442284e-08,4.073376641445801e-08,4.0730655086923714e-08
2014-02-10,3.043445044794173e-08,3.1629533185259406e-08,3.1628749244379455e-08
2014-02-11,3.2122140558378545e-08,3.513552772300244e-08,3.513496433524029e-08
2014-02-12,3.404128995943695e-08,3.381106348363004e-08,3.381093612294835e-08
2014-02-13,4.891408699443488e-08,4.7512164835001196e-08,4.7511455499060805e-08
2014-02-14,1.1945615601606972e-07,1.1997567896192242e-07,1.1997732000855237e-07
2014-02-17,1.0301077261845759e-07,1.0401394722134441e-07,1.0400797067342122e-07
2014-02-18,6.390517815262783e-08,6.34522792943326e-08,6.34549250520234e-08
2014-02-19,3.7409772696374706e-08,3.646181072627167e-08,3.6461413056495503e-08
2014-02-20,6.145057896792459e-08,5.8505300445612046e-08,5.850391282142192e-08
2014-02-21,6.551620519052254e-08,6.406387235121327e-08,6.406529752070325e-08
2014-02-24,5.721023470479216e-07,5.535505249302614e-07,5.53556648755644e-07
2014-02-25,3.384718643936667e-08,3.921288397445698e-08,3.922237371604151e-08
2014-02-26,4.2315463933002514e-08,5.002476463020052e-08,5.0022529343905147e-08
2014-02-27,2.4346859752785785e-07,2.2562066957476664e-07,2.256187627484092e-07
2014-02-28,3.4108678651515265e-08,3.5825948646114756e-08,3.5824024592700986e-08
2014-03-03,6.284647019264842e-08,5.873144001884699e-08,5.873185021465978e-08
2014-03-04,8.385308165628776e-08,8.636879147919882e-08,8.636958895294245e-08
2014-03-05,4.128323564132413e-08,3.880647357576571e-08,3.8806684979183696e-08
2014-03-06,1.5171912600777978e-07,1.3829484121998278e-07,1.382948335366943e-07
2014-03-07,1.704202152147397e-08,2.332527554583068e-08,2.3326554433541824e-08
2014-03-10,4.669528521108618e-08,5.0450928885428563e-08,5.045048861001625e-08
2014-03-11,1.652350303117038e-08,1.857221749680346e-08,1.857126392046986e-08
2014-03-12,2.0024058859963298e-07,1.9644914105951743e-07,1.9645100131425824e-07
2014-03-13,3.9241564691250123e-07,3.6432639169693963e-07,3.643057852714738e-07
2014-03-14,1.869241853971181e-07,1.7958720305009316e-07,1.795904812755521e-07
2014-03-17,1.4397450102482e-07,1.441171902632504e-07,1.4411430384244058e-07
2014-03-18,4.2099854661492894e-08,4.978044732176699e-08,4.9781489526205826e-08
2014-03-19,3.6125867585045156e-08,3.923973814833938e-08,3.923972053540523e-08
2014-03-20,1.2242088008676171e-07,1.1657650647263173e-07,1.1657466420512783e-07
2014-03-21,1.318307506635864e-06,1.2264243450594811e-06,1.2264339052425992e-06
2014-03-24,4.164353684761831e-07,3.7945103700805907e-07,3.7941729144030177e-07
2014-03-25,8.198244549880284e-08,7.032160693868971e-08,7.032789772606645e-08
2014-03-26,4.3752686206014414e-08,5.587681069783975e-08,5.5877651174580674e-08
2014-03-27,2.286144333962298e-08,3.813052453988473e-08,3.812934607661266e-08
2014-03-28,1.8019933106364287e-08,3.161173888311339e-08,3.161023550015024e-08
2014-03-31,1.2136306082164693e-07,1.1453003186873563e-07,1.1452954497437355e-07
2014-04-01,5.558294601560531e-08,6.321994609887673e-08,6.321857128343335e-08
2014-04-02,8.435778721098359e-08,8.25468207699177e-08,8.254884704141109e-08
2014-04-03,1.0135994361908773e-07,9.091152453259897e-08,9.091249304500167e-08
2014-04-04,5.029926103117344e-08,5.3265314916178346e-08,5.326419347737636e-08
2014-04-07,1.8574619508107775e-07,1.7501803523567253e-07,1.7501709528424026e-07
2014-04-08,1.3078009316313948e-06,1.2399533639497381e-06,1.2399659116642834e-06
2014-04-09,6.412332435750979e-08,5.285896388369187e-08,5.285377100167762e-08
2014-04-10,5.4509033607833387e-08,6.890222243275749e-08,6.89043303456909e-08
2014-04-11,1.818370035276569e-07,1.8599973076712216e-07,1.859987101135603e-07
2014-04-14,8.605360135702355e-08,1.0534695856917128e-07,1.0534286530238239e-07
2014-04-15,2.52819780262003e-07,2.085708542307332e-07,2.0857773715508364e-07
2014-04-16,2.849347378189341e-08,4.3359960519576706e-08,4.3365927105844747e-08
2014-04-17,2.5999849544896417e-08,3.864061888357435e-08,3.8639327809732436e-08
2014-04-18,4.6138380716438123e-08,4.992019734765093e-08,4.9919881053175774e-08
2014-04-21,4.975922168176221e-08,5.70318803108321e-08,5.703189425248684e-08
2014-04-22,2.2672465136722496e-07,2.2816382589912386e-07,2.2816235263291986e-07
2014-04-23,4.0627706410985356e-07,3.847009188049319e-07,3.847141037978322e-07
2014-04-24,2.7207710663708046e-08,4.2220273516006093e-08,4.222250882285743e-08
2014-04-25,5.266015694499757e-08,6.08616726550774e-08,6.086076511165763e-08
2014-04-28,1.3590332713748676e-08,2.306025595572296e-08,2.3058341450699706e-08
2014-04-29,1.8070265518751754e-08,2.2378283708798667e-08,2.2378030839330595e-08
2014-04-30,3.849998509199652e-08,4.195782967735991e-08,4.1957731361814856e-08
2014-05-01,2.597806897362776e-07,2.330629799610364e-07,2.3306628419563928e-07
2014-05-02,2.9108270942659488e-08,3.554587621624469e-08,3.5549262435808504e-08
2014-05-05,1.6207156170464392e-08,2.1879671202053677e-08,2.1878500256297115e-08
2014-05-06,1.6666193314339117e-07,1.506588299151051e-07,1.5066024575441007e-07
2014-05-07,2.500504649808633e-08,2.2666168479113347e-08,2.266469285576843e-08
2014-05-08,2.361893733563897e-08,2.7155929135795544e-08,2.715640381093884e-08
2014-05-09,6.641239450008473e-08,6.502035355494009e-08,6.502031970302295e-08
2014-05-12,3.984647231929506e-08,4.165292234903845e-08,4.165326029155071e-08
2014-05-13,1.617337909710809e-08,2.0025619182016145e-08,2.0024974295270296e-08
2014-05-14,4.7608851244498597e-08,4.876202742322783e-08,4.8762335101409763e-08
2014-05-15,1.4899322724836022e-07,1.507149624732518e-07,1.507089041296351e-07
2014-05-16,6.443905406335672e-08,6.135921799919993e-08,6.135868133218081e-08
2014-05-19,4.395518439625383e-08,4.552050621205525e-08,4.5520651600721536e-08
2014-05-20,6.541423214884308e-08,6.899251814669757e-08,6.899133474456073e-08
2014-05-21,2.4880899196379e-08,2.6529225038157194e-08,2.6529023037130013e-08
2014-05-22,3.1286772235341594e-08,3.248852214830854e-08,3.248804810843687e-08
2014-05-23,2.5669660830310454e-08,2.71937080808503e-08,2.719282244339477e-08
2014-05-26,5.226111091771341e-08,5.26625622156338e-08,5.266223296922307e-08
2014-05-27,2.4342173602746934e-08,2.4986646350320823e-08,2.4985514479718867e-08
2014-05-28,2.8005802200792782e-08,2.6264595515470775e-08,2.626544294257714e-08
2014-05-29,7.324010771427363e-08,7.129209426160034e-08,7.12923065367848e-08
2014-05-30,8.952100616491062e-08,8.522711605368772e-08,8.522617876394622e-08
2014-06-02,2.5324596329432636e-07,2.500487311842439e-07,2.500520889248013e-07
2014-06-03,2.8055439070179138e-08,3.104420520375323e-08,3.104775551682478e-08
2014-06-04,3.504511492872715e-08,3.843015485482775e-08,3.842972172422288e-08
2014-06-05,6.47449388965244e-08,6.48367028257993e-08,6.483612574731135e-08
2014-06-06,2.5962594231471964e-07,2.418059397878912e-07,2.418053925941536e-07
2014-06-09,2.680017688377233e-08,3.187778919070169e-08,3.1883121783396074e-08
2014-06-10,5.847084630149633e-08,5.608632137955898e-08,5.6085526707921204e-08
2014-06-11,1.0170421262308517e-06,9.887668217030371e-07,9.887772940722646e-07
2014-06-12,2.107771191764417e-08,2.6571739860125222e-08,2.658039493643003e-08
2014-06-13,3.261256460183074e-08,3.744953542655945e-08,3.7449492896352206e-08
2014-06-16,1.5465822138648384e-07,1.3893482948174256e-07,1.3893601250948392e-07
2014-06-17,7.697575566205098e-08,7.7552971246434e-08,7.755497064346388e-08
2014-06-18,6.289110527044526e-08,7.089140692010897e-08,7.089203232140405e-08
2014-06-19,2.5305655323405584e-08,2.6696806532739885e-08,2.6694659556379017e-08
2014-06-20,2.509570366502101e-08,2.8987004838874483e-08,2.898741900613976e-08
2014-06-23,8.737041021809507e-08,9.022366926263598e-08,9.022411137287104e-08
2014-06-24,2.7757493772097977e-08,2.9641365729647857e-08,2.9641552001645756e-08
2014-06-25,1.8223353238854854e-08,1.8477808661339694e-08,1.8477565971615816e-08
2014-06-26,2.6395939047920453e-08,2.701326421275322e-08,2.701302875962765e-08
2014-06-27,1.5028144571694538e-08,1.3951927544052992e-08,1.3952109582968508e-08
2014-06-30,1.423212425351316e-08,1.3940525508841245e-08,1.3941225245149317e-08
2014-07-01,2.7324907682820392e-08,2.7321224650880544e-08,2.7321345966789623e-08
2014-07-02,8.722339714343959e-08,8.761467390817523e-08,8.761676072806301e-08
2014-07-03,3.060907984091636e-08,3.041222386443867e-08,3.0412546986506216e-08
2014-07-04,9.661489725637332e-08,9.344287381634129e-08,9.344243417220751e-08
2014-07-07,1.9468997773304625e-08,1.986593939947984e-08,1.9864518441112837e-08
2014-07-08,1.026937874144288e-07,9.75098595361861e-08,9.75105790946774e-08
2014-07-09,3.5328630296321407e-08,3.482294905870662e-08,3.482404794983711e-08
2014-07-10,5.460297538595052e-08,5.460284670447552e-08,5.460394423214933e-08
2014-07-11,4.8752245535765056e-08,4.9626486184354484e-08,4.9626805967576296e-08
2014-07-14,6.273030995103692e-08,6.321021813945208e-08,6.32094210485185e-08
2014-07-15,4.6188223787088735e-08,4.466875764124439e-08,4.466846641462371e-08
2014-07-16,1.2446185939741778e-07,1.230542882101119e-07,1.230563383348678e-07
2014-07-17,5.496766316520368e-07,5.483027035588899e-07,5.482993922863007e-07
2014-07-18,2.014040389530434e-07,1.7974825700106092e-07,1.7970683389720648e-07
2014-07-21,1.078738228843322e-07,1.0373816195623827e-07,1.03735580091064e-07
2014-07-22,2.6503990216184127e-08,3.4208414989282745e-08,3.420541184920807e-08
2014-07-23,1.3816854337692252e-07,1.37071453479478e-07,1.3706917828381552e-07
2014-07-24,6.657130831272137e-08,6.805095900733582e-08,6.8048197792196e-08
2014-07-25,8.057271900589039e-08,8.635179052969958e-08,8.635111777033318e-08
2014-07-28,1.8685674568123368e-07,1.7644819903632575e-07,1.7645265768278548e-07
2014-07-29,3.81589604693432e-07,3.592686662565887e-07,3.59267617487991e-07
2014-07-30,9.096312393003937e-08,7.693584837606243e-08,7.692889611225801e-08
2014-07-31,7.249800891636007e-07,6.479239855032149e-07,6.47910807260777e-07
2014-08-01,1.1310985996155592e-07,1.1663557112960277e-07,1.166480904037516e-07
2014-08-04,7.766363728015717e-08,8.113328301749693e-08,8.113341304607444e-08
2014-08-05,1.0463937733122262e-07,9.76642594268267e-08,9.766572360428398e-08
2014-08-06,1.28521548082006e-07,1.3772329604862147e-07,1.3772418982422965e-07
2014-08-07,4.0894696260248285e-07,3.6267539228895526e-07,3.6268260300260207e-07
2014-08-08,2.410999618061198e-07,2.1309189519984882e-07,2.1308852338409842e-07
2014-08-11,4.310192930721551e-08,5.715440163658294e-08,5.7157908288486285e-08
2014-08-12,7.7927825499014e-08,8.702293580202827e-08,8.702273087983391e-08
2014-08-13,7.94608027815963e-08,7.328253220940279e-08,7.328224041261368e-08
2014-08-14,1.5697930888342312e-07,1.5927525473722177e-07,1.5927403420847378e-07
2014-08-15,1.845091092099029e-08,2.4664658300230163e-08,2.4665202359833636e-08
2014-08-18,5.0978589436042146e-08,5.638114452361625e-08,5.6381466775080804e-08
2014-08-19,5.822045241149412e-08,5.631987553662299e-08,5.631776892467195e-08
2014-08-20,7.468859223272853e-08,7.922304847028431e-08,7.922041470880105e-08
2014-08-21,2.461778400870951e-08,3.1736464974531373e-08,3.173347072262441e-08
2014-08-22,1.1694245876417212e-07,1.1972690812052128e-07,1.197273793957652e-07
2014-08-25,2.5015177037413283e-08,2.6787683861781938e-08,2.678670656295336e-08
2014-08-26,2.6399415294527554e-08,2.9701725453048163e-08,2.970106568282602e-08
2014-08-27,7.822845018175769e-08,7.000358402706545e-08,7.000386733327577e-08
2014-08-28,5.92810616169407e-08,5.477748975773256e-08,5.477827083672384e-08
2014-08-29,7.538873338451223e-08,7.506386554410508e-08,7.506345267590564e-08
2014-09-01,3.8345911065121044e-08,4.319669291304484e-08,4.319432163570914e-08
2014-09-02,3.740807275022297e-08,3.839999590890865e-08,3.8400833647367116e-08
2014-09-03,8.060762109519836e-08,8.080334379781517e-08,8.080304242383968e-08
2014-09-04,2.1259773133488206e-07,2.0045674446317639e-07,2.004622378374833e-07
2014-09-05,3.041482226347632e-08,2.8303689832730058e-08,2.830652975579917e-08
2014-09-08,2.714213552632636e-07,2.507346054705288e-07,2.507321516438773e-07
2014-09-09,3.130164863760457e-08,3.444545299544215e-08,3.44460659201918e-08
2014-09-10,2.113793397582348e-07,2.0016212787191113e-07,2.001614132051133e-07
2014-09-11,8.747381643086781e-07,8.436616795207614e-07,8.436240317209475e-07
2014-09-12,2.2163177082306904e-08,3.326720911756184e-08,3.327969506398602e-08
2014-09-15,5.9200159672415036e-08,5.8254260150865664e-08,5.825336598990574e-08
2014-09-16,4.2081485237800864e-08,3.45465342529377e-08,3.4544137307428916e-08
2014-09-17,9.559332424294501e-08,7.629062577692997e-08,7.628893881697331e-08
2014-09-18,4.3416030237035354e-08,4.609616749278211e-08,4.6098244603447784e-08
2014-09-19,5.295142606703313e-08,4.9784522932420934e-08,4.9783668372865264e-08
2014-09-22,3.426781701008512e-08,3.746362521435052e-08,3.746366845401385e-08
2014-09-23,2.582732055531916e-08,3.0634020922190804e-08,3.063280222131996e-08
2014-09-24,2.846914102226591e-07,2.664433063148169e-07,2.6644533508806615e-07
2014-09-25,3.1558527772321375e-08,3.3018189768282655e-08,3.3023029459991774e-08
2014-09-26,4.9984290915164e-07,4.6185019503337505e-07,4.618506389966065e-07
2014-09-29,6.466159305927184e-08,6.056646975329759e-08,6.056429499313583e-08
2014-09-30,5.27838706271264e-08,5.4519534779825077e-08,5.4520060086825596e-08
2014-10-01,6.148688381520608e-08,5.815212185522698e-08,5.8150620644449394e-08
2014-10-02,1.1792978961440855e-08,1.7831500941510853e-08,1.7831410572220166e-08
2014-10-03,6.641968024585465e-08,6.531728149598014e-08,6.531678930153948e-08
2014-10-06,4.630860717665604e-08,4.970292526622239e-08,4.9701314088092065e-08
2014-10-07,3.8731447343552955e-08,3.90925248525843e-08,3.9091356917594355e-08
2014-10-08,9.468005752909439e-08,9.61804368478681e-08,9.61810790950378e-08
2014-10-09,8.396949560481415e-08,7.475043138967305e-08,7.475101474428124e-08
2014-10-10,1.1329799031690009e-08,1.571648518213851e-08,1.571641540163708e-08
2014-10-13,6.487012544840855e-08,6.31409572462313e-08,6.31408346787921e-08
2014-10-14,1.4070743357420095e-08,1.5038994471742567e-08,1.5036777113568523e-08
2014-10-15,2.2025324708569975e-07,2.0294553317572447e-07,2.0294701183475426e-07
2014-10-16,5.387644561471525e-08,4.750052682839838e-08,4.748868712755907e-08
2014-10-17,2.798331820397629e-07,2.708514321619251e-07,2.708346864601056e-07
2014-10-20,1.9981413516149232e-08,2.3323449881562934e-08,2.3332010808868687e-08
2014-10-21,1.1884835683974505e-07,1.1209968542453332e-07,1.12099703175006e-07
2014-10-22,5.479841974930704e-08,6.094101914461123e-08,6.094139634959069e-08
2014-10-23,3.3899318350440466e-08,3.790023722871426e-08,3.7899258996424734e-08
2014-10-24,1.0538198478592089e-07,1.0640727712297978e-07,1.0640423711680979e-07
2014-10-27,2.6283619375853466e-08,3.058687160657911e-08,3.059384536686518e-08
2014-10-28,1.453314047402331e-07,1.4320346107298496e-07,1.4320364531875525e-07
2014-10-29,4.8306353869386814e-08,5.158099044245858e-08,5.1581006000613694e-08
2014-10-30,4.2539743188925366e-07,4.1241724948859826e-07,4.124267531379518e-07
2014-10-31,2.7111204831233505e-07,2.5092899424886224e-07,2.509004239564731e-07
2014-11-03,6.890735304864618e-08,7.729052280541132e-08,7.729714917845072e-08
2014-11-04,1.0282768090668485e-07,1.047628957921518e-07,1.0476197247774923e-07
2014-11-05,3.1591054744129395e-08,3.931387706461184e-08,3.931011323675433e-08
2014-11-06,6.61106004568162e-08,6.134562773058884e-08,6.134575575006727e-08
2014-11-07,2.4396451909135663e-08,2.9227588183206318e-08,2.922892074014276e-08
2014-11-10,4.522747780628045e-08,4.9382489239426216e-08,4.938110092909103e-08
2014-11-11,5.240296920773884e-08,5.35604927954236e-08,5.3558043832354395e-08
2014-11-12,1.745642579033035e-08,2.0752922051917325e-08,2.0752110995100915e-08
2014-11-13,2.0341407552739745e-08,2.1760967185681783e-08,2.1760188143550854e-08
2014-11-14,4.8067297208011256e-08,4.760886404565949e-08,4.7609596007520704e-08
2014-11-17,2.7447800554001063e-08,2.773820046061889e-08,2.773792902044348e-08
2014-11-18,1.6575603326676882e-08,1.739152879978263e-08,1.7389828986171734e-08
2014-11-19,1.989532524675053e-07,1.91883090706805e-07,1.918855639723036e-07
2014-11-20,6.055186586049529e-08,6.071483924356942e-08,6.072349888685962e-08
2014-11-21,4.882179780991239e-08,4.839290465471851e-08,4.839489050253408e-08
2014-11-24,3.6184119987146335e-08,3.679470222265238e-08,3.679667898163385e-08
2014-11-25,4.4584855408043235e-08,4.53103006997902e-08,4.5310181492994895e-08
2014-11-26,3.402526206462509e-08,3.391559303906968e-08,3.3914199948032444e-08
2014-11-27,1.6117216549492296e-08,1.701284083062223e-08,1.7012596564957045e-08
2014-11-28,2.425325111856631e-08,2.368136276110797e-08,2.368173147245453e-08
2014-12-01,2.459296368570501e-07,2.340606601519108e-07,2.3406331593672508e-07
2014-12-02,4.929172463594065e-08,4.782852718906494e-08,4.783253538264143e-08
2014-12-03,4.21014393054438e-08,3.6550994101735194e-08,3.6549330295822185e-08
2014-12-04,2.685794182233484e-08,2.6713535435356414e-08,2.6713627344184328e-08
2014-12-05,2.070112952576743e-08,2.2492188268622226e-08,2.2492570419884823e-08
2014-12-08,1.285084266502615e-07,1.2449567548670973e-07,1.244961903128185e-07
2014-12-09,9.733239526070555e-09,1.1208499121211424e-08,1.1206331679211725e-08
2014-12-10,3.9187901847620496e-07,3.677501689563902e-07,3.6775098023403224e-07
2014-12-11,1.5454551578684763e-07,1.5743802459518336e-07,1.5744570532521031e-07
2014-12-12,6.219429243074588e-08,6.677446616778105e-08,6.677806472048351e-08
2014-12-15,6.4069526171617e-08,6.844888025310993e-08,6.84491762329472e-08
2014-12-16,1.3600854893406443e-07,1.1355459215936875e-07,1.1356113487291051e-07
2014-12-17,1.340220583979739e-07,1.4356808988696683e-07,1.4357244294939465e-07
2014-12-18,1.1726702523902493e-07,1.1445149241573404e-07,1.1445125872468528e-07
2014-12-19,7.091835071177008e-08,6.967564473641762e-08,6.967502527569318e-08
2014-12-22,4.838870373241072e-08,4.2353503114591984e-08,4.2351411669569084e-08
2014-12-23,2.225467799123606e-07,2.0537812422651138e-07,2.053726983210495e-07
2014-12-24,2.3453168449762007e-08,2.987513582425998e-08,2.987563886955433e-08
2014-12-25,3.587417557902608e-08,4.036170080369488e-08,4.0361315518078713e-08
2014-12-26,2.60051123125752e-08,2.755390814154752e-08,2.755468452429126e-08
2014-12-29,3.420103455781431e-08,2.5108975658514494e-08,2.510863353859599e-08
2014-12-30,6.315074594931973e-07,6.031726882240309e-07,6.031649045317421e-07
2014-12-31,6.575049631992457e-08,5.924131181596789e-08,5.9233124351096406e-08
2015-01-01,7.905248044745469e-08,8.2185786885173e-08,8.218689508900925e-08
2015-01-02,5.5553352167767224e-08,6.113921938082931e-08,6.113587998537149e-08
2015-01-05,1.9902331572846842e-07,1.7523353967244608e-07,1.7523227555679717e-07
2015-01-06,2.6706300981157594e-08,3.558677162937644e-08,3.558568943700411e-08
2015-01-07,4.860409292594975e-08,4.832094354350933e-08,4.8321570926831156e-08
2015-01-08,2.4158832832135096e-07,2.1012282286716173e-07,2.101189925103896e-07
2015-01-09,3.14019021560002e-08,3.564836457355264e-08,3.56471037659182e-08
2015-01-12,3.168369367394233e-08,3.5007234461073735e-08,3.500852067779397e-08
2015-01-13,3.802612534649911e-08,4.306579193664335e-08,4.306573429848148e-08
2015-01-14,2.891342529163303e-08,2.940892069208281e-08,2.940751244976786e-08
2015-01-15,4.215441254010273e-08,4.571399177003827e-08,4.5712789196627644e-08
2015-01-16,5.8671810853934926e-08,6.444619968765871e-08,6.444400788745516e-08
2015-01-19,4.34750860514958e-08,4.7093123435777533e-08,4.7091717185187477e-08
2015-01-20,1.8666894466905154e-08,2.1474978268481993e-08,2.1473841256128764e-08
2015-01-21,6.376735409263317e-08,6.175714727068078e-08,6.17580743146206e-08
2015-01-22,1.575233328292366e-08,1.695893987543963e-08,1.69595997854223e-08
2015-01-23,7.376309389096884e-08,7.031862951683227e-08,7.031854002089851e-08
2015-01-26,3.686932598088198e-08,3.750286428646168e-08,3.7505182812786964e-08
2015-01-27,1.4880849314662189e-07,1.396647158172233e-07,1.3966538576915499e-07
2015-01-28,9.015460129338152e-08,8.845731036146015e-08,8.84642222087424e-08
2015-01-29,7.280203316514459e-08,7.075493877081687e-08,7.075248452157952e-08
2015-01-30,3.804115486922002e-08,4.015860764762475e-08,4.0159519025531716e-08
2015-02-02,5.2916905581279877e-08,4.710276074407231e-08,4.710436390789067e-08
2015-02-03,1.688176739181412e-08,1.814241051998148e-08,1.8143288745762643e-08
2015-02-04,3.0675572357123693e-07,3.035203849282184e-07,3.035322544991567e-07
2015-02-05,7.468071845687807e-08,7.281227193688184e-08,7.279016581233667e-08
2015-02-06,2.2869665670836275e-08,2.550012023909301e-08,2.549959414690722e-08
2015-02-09,2.9805049541400835e-08,3.292838112294778e-08,3.292816522932761e-08
2015-02-10,2.5799848623360538e-08,2.692915361698732e-08,2.692464480174302e-08
2015-02-11,4.6123534584294385e-08,4.428991228134185e-08,4.428987043108145e-08
2015-02-12,4.296306363922909e-08,4.301811149250796e-08,4.301909967397833e-08
2015-02-13,1.6688271102857625e-07,1.6224712193178357e-07,1.6225258748630028e-07
2015-02-16,3.100014272963374e-07,2.971381846246893e-07,2.9712674704953366e-07
2015-02-17,1.4048983360174466e-07,1.2842355396459866e-07,1.2841184769104063e-07
2015-02-18,9.543331661463233e-08,8.948801194737514e-08,8.948962467064629e-08
2015-02-19,3.09415134597075e-08,3.4113302575617227e-08,3.411241067543172e-08
2015-02-20,8.66210177977209e-08,7.560271469522924e-08,7.560201848445102e-08
2015-02-23,3.853813121857931e-08,3.963868061822901e-08,3.964252742601665e-08
2015-02-24,1.9507237535941985e-08,2.6144728265927482e-08,2.6142812465646226e-08
2015-02-25,2.3480921660797823e-08,2.615046866652182e-08,2.6148452762154928e-08
2015-02-26,1.3381816298797928e-07,1.3194200042699207e-07,1.3194285550502665e-07
2015-02-27,2.8646226488363886e-08,3.2378864630496556e-08,3.238005914150066e-08
2015-03-02,1.9140127861917972e-08,2.1446191692325953e-08,2.1444076322002805e-08
2015-03-03,4.0112379109797937e-08,3.7547272428077805e-08,3.754742790339485e-08
2015-03-04,2.740951551990873e-08,2.552984294371505e-08,2.5526649645517322e-08
2015-03-05,2.100773017447404e-08,2.1557711140794347e-08,2.1558334313080574e-08
2015-03-06,1.566878289258841e-08,1.5686595780944638e-08,1.5685927162855467e-08
2015-03-09,1.7375841286246915e-08,1.7199047756979712e-08,1.7198435175266386e-08
2015-03-10,8.422446583071726e-08,8.350027345980735e-08,8.350034399465243e-08
2015-03-11,3.953593236863756e-08,3.9425477920977144e-08,3.9423669008794346e-08
2015-03-12,2.406220455579749e-08,2.3346676762470323e-08,2.3345386864640955e-08
2015-03-13,4.927783093006845e-08,5.171271843296142e-08,5.171503922126424e-08
2015-03-16,9.457717830680626e-09,8.566926847702884e-09,8.568486218177189e-09
2015-03-17,1.2743590452406172e-08,1.1513002898277401e-08,1.1512936495305629e-08
2015-03-18,8.16282330586633e-08,7.857179320153693e-08,7.857259995113932e-08
2015-03-19,4.8016515168456986e-08,4.687655745357709e-08,4.6876549083838046e-08
2015-03-20,2.8807260481444062e-08,2.7193014289940154e-08,2.7192577108757275e-08
2015-03-23,4.462877900411838e-08,3.9563911278484214e-08,3.956370834038296e-08
2015-03-24,3.060215844772063e-08,2.986458896591761e-08,2.986526481286541e-08
2015-03-25,1.2240553768341144e-07,1.1571202043810733e-07,1.1571085693160179e-07
2015-03-26,2.6997940282469254e-08,2.8159040111176443e-08,2.8161345431997223e-08
2015-03-27,1.4438906316350678e-08,1.3853343435670374e-08,1.3853343006831088e-08
2015-03-30,1.669644129503012e-08,1.594053796799019e-08,1.5940272597491906e-08
2015-03-31,3.322451425902549e-08,3.300264774294345e-08,3.300210810339962e-08
2015-04-01,1.0920889400266058e-08,9.91358671814565e-09,9.912942160570494e-09
2015-04-02,2.2174995181715977e-08,1.8808682274217286e-08,1.8808479752455097e-08
2015-04-03,4.414380572045397e-08,4.487583993216849e-08,4.4876654422672426e-08
2015-04-06,1.964983878355657e-08,2.0888969737393435e-08,2.0889168008872763e-08
2015-04-07,2.8569276450527432e-08,2.750401734601666e-08,2.750377776816814e-08
2015-04-08,2.287259656879085e-08,2.1953322210098084e-08,2.195314065259498e-08
2015-04-09,1.4797786621413128e-08,1.3257341227431664e-08,1.3256599447405564e-08
2015-04-10,9.83924144488087e-09,8.875247633530183e-09,8.875132435443557e-09
2015-04-13,2.231574059717351e-08,2.4589690705321474e-08,2.4589735703794116e-08
2015-04-14,1.954224446144035e-08,2.2156429828889685e-08,2.2156556118655663e-08
2015-04-15,1.9269957855767038e-08,1.713544237813207e-08,1.713588725051397e-08
2015-04-16,3.272456045586639e-08,3.1586644855208194e-08,3.158614178254923e-08
2015-04-17,1.0833093079082818e-08,8.211250660658442e-09,8.210616507859498e-09
2015-04-20,2.4937841916633867e-08,2.3080019389082812e-08,2.3079939597152357e-08
2015-04-21,4.4137251007614824e-08,4.339986584190402e-08,4.339919672193423e-08
2015-04-22,2.4028452730375252e-08,2.198200499858908e-08,2.1980161354232045e-08
2015-04-23,1.084416606789818e-08,8.483381950828305e-09,8.482930857111392e-09
2015-04-24,1.7282739579989892e-08,1.4110689787096873e-08,1.4110881388899476e-08
2015-04-27,2.5746653183700136e-08,2.594900192909576e-08,2.5948542733986255e-08
2015-04-28,3.59474349916739e-08,3.764956206342934e-08,3.7648435227519095e-08
2015-04-29,1.7562359544874716e-08,1.6276871871154298e-08,1.627754011105447e-08
2015-04-30,2.2686128101028217e-08,2.1420115719156634e-08,2.1421111277352037e-08
2015-05-01,1.3889557575940769e-08,1.2294162091746047e-08,1.2294074083711917e-08
2015-05-04,2.4306494902711766e-08,2.190286242052129e-08,2.1902783105855482e-08
2015-05-05,5.151103046205818e-08,5.510213976609833e-08,5.510317619565163e-08
2015-05-06,1.9968992699951995e-08,1.736424812746948e-08,1.736545104454953e-08
2015-05-07,3.022770147880044e-08,2.9515096536935258e-08,2.9514899841877436e-08
2015-05-08,1.3264884252924464e-08,1.0829272473574115e-08,1.0828170943503471e-08
2015-05-11,2.33114748605327e-08,2.1412413436090637e-08,2.1412220131345648e-08
2015-05-12,3.402830456006155e-08,3.134731127471831e-08,3.1345773810967845e-08
2015-05-13,2.354648221236783e-08,2.2466587763557952e-08,2.246805878375687e-08
2015-05-14,9.281334089203815e-09,6.44515972168907e-09,6.445827574541307e-09
2015-05-15,1.2187577976050968e-08,1.265577630180624e-08,1.2656041945181733e-08
2015-05-18,3.3584265153270096e-08,3.51121017565525e-08,3.5111545578520314e-08
2015-05-19,1.4772142090851757e-08,1.2035687642447012e-08,1.2036070844803352e-08
2015-05-20,1.982841579279268e-08,1.9625208192275164e-08,1.962547344769117e-08
2015-05-21,4.119484258849287e-08,3.9245189257219576e-08,3.9245107180836084e-08
2015-05-22,1.2273005642768171e-08,9.854947855529125e-09,9.854331259677238e-09
2015-05-25,3.105659190820266e-08,3.064017829059579e-08,3.063879203950366e-08
2015-05-26,1.2005239272611837e-08,8.810864393305996e-09,8.812247543448199e-09
2015-05-27,1.0309228755512667e-08,1.0497331044141275e-08,1.0496982083768083e-08
2015-05-28,2.591911811541983e-08,2.293575268642201e-08,2.2936746132123336e-08
2015-05-29,1.7126459509175928e-08,1.497378154315527e-08,1.4973674765850955e-08
2015-06-01,2.0170318943557732e-08,2.250652722027594e-08,2.250732215549815e-08
2015-06-02,1.0360867501063847e-08,8.378680173167516e-09,8.379433451004925e-09
2015-06-03,2.7528411679523307e-08,2.7152473278092605e-08,2.7152448722653618e-08
2015-06-04,3.671663374972715e-08,3.764621857219044e-08,3.7647001894018735e-08
2015-06-05,4.0616988792074414e-08,3.951781364404402e-08,3.9520912294721897e-08
2015-06-08,2.4493348445392047e-08,2.2050579444762725e-08,2.205001020928493e-08
2015-06-09,1.3759264712855728e-08,1.1300290195975366e-08,1.1299039786227537e-08
2015-06-10,2.997757944608632e-08,3.4043426742011674e-08,3.4043177175274446e-08
2015-06-11,1.4664344445091338e-08,1.2664267664694258e-08,1.2665132981700785e-08
2015-06-12,2.7600514598269797e-08,2.747994419095176e-08,2.7480569312369384e-08
2015-06-15,4.23923369760695e-08,4.449877007104401e-08,4.449792438160055e-08
2015-06-16,1.2672762621392091e-08,1.1006663648553367e-08,1.1007553939715616e-08
2015-06-17,2.5322819542044666e-08,2.386095622340998e-08,2.3859746335547773e-08
2015-06-18,1.2347633939233656e-08,1.0837841526460145e-08,1.083799692529517e-08
2015-06-19,1.399487137487119e-08,1.0933978132146102e-08,1.0933900969644991e-08
2015-06-22,1.5186585034304294e-08,1.227457719795392e-08,1.2273843420526483e-08
2015-06-23,1.2193029788067865e-08,8.878568464643109e-09,8.877506455962827e-09
2015-06-24,1.2038142728096181e-08,8.71549488318082e-09,8.714817657443298e-09
2015-06-25,9.396176547120625e-09,5.4204105458710544e-09,5.419973284999321e-09
2015-06-26,1.709397449865425e-08,1.2706171441217141e-08,1.2705829518267091e-08
2015-06-29,3.0592815339394566e-08,2.765485591471976e-08,2.76540666477524e-08
2015-06-30,2.0823130196231798e-08,2.462641781549377e-08,2.462727118275979e-08
2015-07-01,1.715629931196678e-08,1.597506300975044e-08,1.5975940339671065e-08
2015-07-02,2.9164286740273144e-08,2.807258181573714e-08,2.806836364143593e-08
2015-07-03,1.0662719723898256e-08,7.613298496349484e-09,7.613406180707745e-09
2015-07-06,4.8114535881031253e-08,5.229493600875492e-08,5.229631581275403e-08
2015-07-07,7.125950961874295e-08,7.345234804068984e-08,7.344022985134941e-08
2015-07-08,3.231047492387504e-08,3.070420646230814e-08,3.070763170390164e-08
2015-07-09,1.1316565823336883e-08,9.75160062880404e-09,9.750367112933315e-09
2015-07-10,1.9732999905559045e-08,2.0107417531598387e-08,2.0106679048584926e-08
2015-07-13,1.7409149794858992e-08,1.5252051185772056e-08,1.5251932990375368e-08
2015-07-14,4.888232034962348e-08,5.323930310782062e-08,5.32430294382564e-08
2015-07-15,3.104715130405947e-08,2.971466411125108e-08,2.971836812693007e-08
2015-07-16,4.153939335533593e-08,4.201523656465849e-08,4.201436807724896e-08
2015-07-17,5.722092812684535e-08,5.638052415078589e-08,5.637750172190067e-08
2015-07-20,6.609473806478823e-08,6.152386575213813e-08,6.153270433252071e-08
2015-07-21,1.1007730704059887e-08,1.2092182527947794e-08,1.2093599079318829e-08
2015-07-22,2.0935959102109746e-08,2.077193272680892e-08,2.0770925582508314e-08
2015-07-23,4.106690209672742e-08,4.125522984825055e-08,4.125738953148925e-08
2015-07-24,1.2605212066456972e-08,1.0959241753872902e-08,1.0958985127754291e-08
2015-07-27,2.8704586748552415e-08,2.717028909305597e-08,2.7167619348482232e-08
2015-07-28,2.1263308934552165e-08,2.1198265443863632e-08,2.120060043289377e-08
2015-07-29,3.7865127325518824e-08,4.0033788310091177e-08,4.003767312081441e-08
2015-07-30,3.584109451920519e-08,3.84333769668331e-08,3.843144762036965e-08
2015-07-31,2.5149400523180892e-08,2.375403308796708e-08,2.3756715228247216e-08
2015-08-03,5.338972697226414e-08,5.3632964162554056e-08,5.363694838986261e-08
2015-08-04,1.4945049707930828e-07,1.512415766720559e-07,1.5123004886986864e-07
2015-08-05,6.657490461746998e-08,6.615797782703216e-08,6.613941762205524e-08
2015-08-06,8.693424798737011e-09,9.46491701623407e-09,9.469187916636945e-09
2015-08-07,2.0852591728778817e-08,2.131391618406426e-08,2.1313547176451994e-08
2015-08-10,2.4548593196451243e-08,2.721789748202544e-08,2.721631290738453e-08
2015-08-11,6.072363629334728e-08,5.72435879821627e-08,5.724702882086148e-08
2015-08-12,1.8389122081196902e-08,1.8365000531412215e-08,1.8362456428393195e-08
2015-08-13,2.0945924062974366e-07,2.0445181174086606e-07,2.0445625865796196e-07
2015-08-14,1.615083696838564e-08,1.763889000838105e-08,1.76347522472896e-08
2015-08-17,1.5027179535188285e-08,1.7596536730381614e-08,1.7598448566126643e-08
2015-08-18,1.7029149014823413e-07,1.6478497909361306e-07,1.6479005833213788e-07
2015-08-19,5.473413852505468e-08,5.719900619534141e-08,5.721680047897338e-08
2015-08-20,3.093024039046484e-08,3.03354254868148e-08,3.034185252336997e-08
2015-08-21,6.574986688642843e-08,6.318134628137094e-08,6.31721280137268e-08
2015-08-24,3.344124752183395e-08,3.497217818981975e-08,3.496624207653145e-08
2015-08-25,4.0535161119825013e-08,3.978645972963002e-08,3.977451534670354e-08
2015-08-26,4.944653241460128e-08,4.915431558593792e-08,4.914730568633691e-08
2015-08-27,3.9687882495213227e-08,4.1787234392110964e-08,4.1788711498679803e-08
2015-08-28,1.197831837014535e-08,1.1792264085125017e-08,1.178862874042535e-08
2015-08-31,9.429558916884363e-08,9.39917129347672e-08,9.39947045774859e-08
2015-09-01,2.1692719622560063e-07,2.1269661723571228e-07,2.1269748328378417e-07
2015-09-02,2.1681768891501132e-07,2.0264499303324731e-07,2.0265708831123642e-07
2015-09-03,7.810230553464726e-08,7.839683116467433e-08,7.836151353607583e-08
2015-09-04,1.856150940991152e-08,2.6062008968904922e-08,2.604700484658482e-08
2015-09-07,6.483964218086358e-07,5.932380505419647e-07,5.932601264965467e-07
2015-09-08,2.1473151481646778e-08,3.2267552370289033e-08,3.231458333697544e-08
2015-09-09,8.29207008843636e-07,7.545798195727232e-07,7.546050268886976e-07
2015-09-10,2.835334485459733e-08,2.748145198273288e-08,2.745044022635667e-08
2015-09-11,5.303688892219736e-07,4.621809400242612e-07,4.6218695101381695e-07
2015-09-14,1.5103968726668283e-07,1.410999419035185e-07,1.4106393990390704e-07
2015-09-15,5.349253663960808e-08,6.943135551674534e-08,6.944288159324373e-08
2015-09-16,4.000123308852818e-08,5.335118615805447e-08,5.332102695278179e-08
2015-09-17,4.273582258579724e-08,4.9717825826947906e-08,4.971458799763925e-08
2015-09-18,1.9383824858635618e-08,2.8690640244007047e-08,2.8687129903607147e-08
2015-09-21,2.383397466425224e-08,3.6017311995837115e-08,3.601517444324273e-08
2015-09-22,3.902254781047803e-08,4.148811002519742e-08,4.1485616189268706e-08
2015-09-23,3.0050730378662415e-08,3.135624377255248e-08,3.1358859393758606e-08
2015-09-24,3.8065144088817344e-07,3.462023996282781e-07,3.462433961672708e-07
2015-09-25,3.144551452597566e-07,2.746387636808122e-07,2.744896170177769e-07
2015-09-28,8.058000631224784e-08,7.415249693920805e-08,7.416718944487666e-08
2015-09-29,3.1691989740075845e-07,2.6049820563662614e-07,2.604402871651924e-07
2015-09-30,9.856010760559487e-07,9.078810632940543e-07,9.076087656510224e-07
2015-10-01,1.044441072773742e-07,9.76397730707005e-08,9.765054679706684e-08
2015-10-02,5.527610573452835e-08,4.920444521017691e-08,4.922126701719379e-08
2015-10-05,8.194331981498294e-08,6.925422302566091e-08,6.924665138870759e-08
2015-10-06,8.762763975903636e-08,1.0164148027166815e-07,1.0166345648733417e-07
2015-10-07,5.371221298252618e-08,4.007785633530769e-08,4.0084105251347465e-08
2015-10-08,9.405628333974988e-08,1.0230040981129999e-07,1.0231341335480401e-07
2015-10-09,1.5393994900035992e-07,1.4575787301125113e-07,1.4576414597247186e-07
2015-10-12,6.343337707005324e-08,7.509111081326192e-08,7.510213304104254e-08
2015-10-13,2.0221063426595875e-08,3.45525906731356e-08,3.453166526965162e-08
2015-10-14,1.5410477842263993e-07,1.368473023929724e-07,1.3686095415367442e-07
2015-10-15,1.2689523131046456e-07,1.352471873008399e-07,1.3522816365776455e-07
2015-10-16,6.701385058297075e-08,7.697756190785644e-08,7.694990794201094e-08
2015-10-19,7.001956558691672e-08,6.293480414513813e-08,6.293477354810869e-08
2015-10-20,2.7306303772449e-07,2.3770399957209968e-07,2.3769018666097384e-07
2015-10-21,8.206050195194988e-08,9.116066558038927e-08,9.121620201676141e-08
2015-10-22,9.186885235518579e-08,8.086801677007336e-08,8.085843919010437e-08
2015-10-23,7.280681207830137e-08,8.236405365509293e-08,8.237593343457711e-08
2015-10-26,8.772208222028629e-08,9.532935982063129e-08,9.530690864168223e-08
2015-10-27,4.5567249640700695e-08,3.4709345447935756e-08,3.4744043049365524e-08
2015-10-28,1.2741595761463731e-08,2.4067217566061573e-08,2.4083802927514936e-08
2015-10-29,3.779939037996216e-08,4.6022546666743317e-08,4.6017402267971436e-08
2015-10-30,9.557947654219137e-07,9.151082922487984e-07,9.151760800108469e-07
2015-11-02,2.718361175499701e-07,2.5159649908643803e-07,2.5141991480598035e-07
2015-11-03,3.135373776793328e-08,4.53133736706046e-08,4.531852368999888e-08
2015-11-04,2.3190551812366073e-07,2.035870320280311e-07,2.0363638957726573e-07
2015-11-05,9.10135070474453e-08,9.733529880279387e-08,9.737239023608265e-08
2015-11-06,6.223996488814461e-08,6.961249311636125e-08,6.95974613970238e-08
2015-11-09,6.890890476425217e-08,7.23040471233091e-08,7.231096668976185e-08
2015-11-10,2.1913676526425123e-08,3.511075102459386e-08,3.5098328203787934e-08
2015-11-11,7.702192970878775e-08,7.124787385368364e-08,7.124477677524619e-08
2015-11-12,1.1167032637574135e-07,1.0134848901900299e-07,1.0135082040128198e-07
2015-11-13,5.051878370183477e-07,4.592460504166506e-07,4.593335844863246e-07
2015-11-16,2.633767278775586e-07,2.2948082944297833e-07,2.2931492419247334e-07
2015-11-17,6.011923991584972e-08,5.977524974780637e-08,5.973714953904424e-08
2015-11-18,1.5236832800777497e-07,1.617570720373336e-07,1.617698386208929e-07
2015-11-19,1.49769221484497e-07,1.1656555057949722e-07,1.1658492160374165e-07
2015-11-20,7.533839717648076e-08,8.489584279127768e-08,8.490463725747436e-08
2015-11-23,2.3187447326387806e-08,4.12304863899491e-08,4.1231869279191115e-08
2015-11-24,8.080773187924631e-08,7.627303204653617e-08,7.627905463101031e-08
2015-11-25,1.332900656820156e-07,1.1703765016313552e-07,1.1699817411693618e-07
2015-11-26,1.6369971444760322e-08,3.047492888336415e-08,3.048659567088893e-08
2015-11-27,3.7689191419256115e-08,2.8342528008492074e-08,2.8347193428388112e-08
2015-11-30,3.6226712941920084e-08,4.487686445108253e-08,4.488927035126576e-08
2015-12-01,4.608851393187138e-08,5.447217979083194e-08,5.445621026649532e-08
2015-12-02,2.1425838929710606e-08,2.870627443420815e-08,2.8686192720850808e-08
2015-12-03,1.0510620593419258e-07,9.527769069079437e-08,9.527397263263222e-08
2015-12-04,1.7593870205427003e-08,2.072112243947677e-08,2.0716372428820856e-08
2015-12-07,6.272250220215167e-08,5.208067875911611e-08,5.2093310641339845e-08
2015-12-08,1.200928554904546e-07,1.0912996715635842e-07,1.0908049970681623e-07
2015-12-09,5.319116324717929e-08,4.6375398057033525e-08,4.6377005860243184e-08
2015-12-10,2.3015397351984265e-08,2.6335566932012195e-08,2.632822634272308e-08
2015-12-11,1.5031652297925923e-08,1.991787061608284e-08,1.9909803758847918e-08
2015-12-14,1.6778650999194408e-08,1.815068368480309e-08,1.8142965709311856e-08
2015-12-15,1.1383500924077029e-07,1.1330951608097082e-07,1.1331479411990721e-07
2015-12-16,3.300835750369865e-08,3.2912600978969396e-08,3.291642429064237e-08
2015-12-17,5.144957715593084e-08,5.1894885247332875e-08,5.189495926428446e-08
2015-12-18,2.052827671804484e-08,2.2649237014120558e-08,2.2634265505488707e-08
2015-12-21,3.451494037345009e-08,3.176050624457429e-08,3.175462200563988e-08
2015-12-22,1.758196472446616e-08,1.948935238148779e-08,1.948654928527938e-08
2015-12-23,8.556468896789528e-09,1.0865443084975767e-08,1.086187987682057e-08
2015-12-24,1.3975816451990027e-08,1.4453647892404158e-08,1.4453186973842816e-08
2015-12-25,2.8556516351983804e-08,2.750552858911756e-08,2.7503125278964658e-08
2015-12-28,1.3792606507291619e-08,1.1875993644578387e-08,1.1872849789991593e-08
2015-12-29,3.801466574475872e-08,3.642990118392814e-08,3.6429539027256426e-08
2015-12-30,3.012503553884329e-08,2.7562407912982313e-08,2.7557080428717883e-08
2015-12-31,1.0121763537749198e-08,8.374393005460805e-09,8.375257695946415e-09
2016-01-01,2.2999641874571364e-08,2.0504174471360946e-08,2.0503532222064645e-08
2016-01-04,3.833624694577305e-08,3.825913365625364e-08,3.826612919401304e-08
2016-01-05,4.814911712894024e-08,4.501678195150559e-08,4.502493901018191e-08
2016-01-06,1.3950908089194555e-07,1.361994558937215e-07,1.3616960259323106e-07
2016-01-07,4.5228000436569205e-08,4.265054601909372e-08,4.264537730609457e-08
2016-01-08,2.575063391648839e-08,2.2454486592030965e-08,2.2459245732510547e-08
2016-01-11,2.781251009818297e-08,2.8444577707379566e-08,2.8451996251278694e-08
2016-01-12,2.464819388798827e-07,2.36676895903065e-07,2.366703746078931e-07
2016-01-13,1.0632468817440562e-07,8.681490210572294e-08,8.674389039039775e-08
2016-01-14,1.895523902396904e-08,2.4292332275015475e-08,2.4320940108848724e-08
2016-01-15,1.5209635570653033e-08,1.9268015200806596e-08,1.925921880032761e-08
2016-01-18,3.1949952372375645e-08,2.8968145702805102e-08,2.896369036248675e-08
2016-01-19,3.5155036209670576e-08,3.6601616219307864e-08,3.660340117173345e-08
2016-01-20,5.036389118054062e-08,5.1792573261832593e-08,5.1766586474194643e-08
2016-01-21,3.9102032747562836e-08,4.149171387312403e-08,4.1475959815993475e-08
2016-01-22,1.797845751188478e-08,2.1158344417606662e-08,2.1162617736279958e-08
2016-01-25,7.852468311392329e-09,8.205941481783286e-09,8.203146330101438e-09
2016-01-26,1.0114536791476401e-08,9.158056493897152e-09,9.158889780905926e-09
2016-01-27,2.6442662669739567e-08,2.518296055405208e-08,2.518111255940569e-08
2016-01-28,1.4117406636078135e-08,1.3850570027548539e-08,1.384817362979308e-08
2016-01-29,5.271586028506352e-08,5.443923135454944e-08,5.444458501890982e-08
2016-02-01,4.738791762714439e-08,5.030733477570682e-08,5.031161494070056e-08
2016-02-02,1.3883762442256309e-08,1.2140503777584514e-08,1.2148833254531978e-08
2016-02-03,4.9608865916122425e-08,4.8829310805712886e-08,4.8830469072529845e-08
2016-02-04,1.17310319963493e-08,1.0345887139615305e-08,1.0336839403916676e-08
2016-02-05,1.004255780587417e-08,7.989208649811634e-09,7.987832612817461e-09
2016-02-08,1.610452179188041e-08,1.35627147102967e-08,1.3560621835228233e-08
2016-02-09,2.663796031069191e-08,2.4789504404458758e-08,2.4780314997551246e-08
2016-02-10,2.1776928434548456e-08,1.8512389967948607e-08,1.8516520761449313e-08
2016-02-11,3.676672481246197e-08,3.454357868944514e-08,3.454831352599713e-08
2016-02-12,1.4261227884363713e-08,1.2334176248304848e-08,1.2327022802499282e-08
2016-02-15,2.9618649215150375e-08,2.765794828654644e-08,2.7658767965998088e-08
2016-02-16,1.372229220082614e-08,1.0247059782388038e-08,1.0245946808561348e-08
2016-02-17,1.0222172028140098e-08,8.092528011375204e-09,8.089700085417484e-09
2016-02-18,2.298932321185325e-08,2.0892659647123213e-08,2.0894305763706733e-08
2016-02-19,7.620513757005855e-08,8.329528942482296e-08,8.328066934506613e-08
2016-02-22,1.3368952432613568e-08,1.1948412397408264e-08,1.1962709943420856e-08
2016-02-23,3.6354684741248963e-08,3.9390835291503704e-08,3.939559756362073e-08
2016-02-24,3.727416118440563e-08,3.4274435459557146e-08,3.428517459638272e-08
2016-02-25,2.510583338263731e-08,2.432487783093717e-08,2.4340782688441866e-08
2016-02-26,3.174283110733889e-08,3.142539857410521e-08,3.142211174825651e-08
2016-02-29,2.0423293939377883e-08,1.719865988343797e-08,1.7184153546586294e-08
2016-03-01,3.260097233330746e-08,2.8766721257000492e-08,2.8767789351854133e-08
2016-03-02,8.555996540959343e-08,8.961522451310321e-08,8.959585391204413e-08
2016-03-03,3.469408679596933e-08,3.338381375253467e-08,3.340201528004846e-08
2016-03-04,7.811050553411068e-08,7.591697568081936e-08,7.591055644509027e-08
2016-03-07,4.639060801328699e-08,4.537676646548482e-08,4.542322309567729e-08
2016-03-08,2.2329861726533988e-08,1.960780997269254e-08,1.9606966657349313e-08
2016-03-09,2.4338284375274712e-08,2.174745793454242e-08,2.1758307293793643e-08
2016-03-10,1.9463457222655726e-08,1.7524386742263375e-08,1.752973993906686e-08
2016-03-11,8.559879243862594e-08,8.301000300009637e-08,8.30188563266479e-08
2016-03-14,3.9853154506658074e-08,3.936446141174041e-08,3.9369060944852626e-08
2016-03-15,3.1550716021352646e-08,3.074712879110533e-08,3.074770994298321e-08
2016-03-16,6.632861019336735e-08,6.432695987590117e-08,6.432178204924427e-08
2016-03-17,1.9854773487465286e-08,1.8861192634588022e-08,1.8842797289794244e-08
2016-03-18,3.136164603617382e-08,2.934406156070378e-08,2.933804237018017e-08
2016-03-21,1.6413064001430255e-08,1.5460409982311473e-08,1.5465068870187316e-08
2016-03-22,1.3359317525431477e-08,1.117202093156209e-08,1.1166224387371104e-08
2016-03-23,2.895325767372969e-08,2.7202700480930318e-08,2.7196101839640904e-08
2016-03-24,4.484326421835225e-08,4.2509305016024297e-08,4.251583883131516e-08
2016-03-25,2.101167634979135e-08,1.7853877266344636e-08,1.7848478618682823e-08
2016-03-28,2.92171081167546e-08,3.0947980463933194e-08,3.094914613816719e-08
2016-03-29,2.2658500621498336e-08,2.1343308642209886e-08,2.1346170584880193e-08
2016-03-30,1.886318658190161e-08,1.848743218957901e-08,1.849050758235224e-08
2016-03-31,6.340568072921812e-08,6.131372990379606e-08,6.131253748107656e-08
2016-04-01,1.9996245579428238e-08,1.7529283415672653e-08,1.751750231604047e-08
2016-04-04,2.0043256473149344e-08,1.7473157245655262e-08,1.7468842157239866e-08
2016-04-05,7.43019204772373e-08,7.891257851496014e-08,7.8943008072393e-08
2016-04-06,1.1350342141448641e-08,9.062994438754507e-09,9.082442574559783e-09
2016-04-07,1.9796998622201797e-08,1.735625248549408e-08,1.7353997868104265e-08
2016-04-08,1.376955953508212e-08,1.0555982143902422e-08,1.055357717075317e-08
2016-04-11,1.0337674803262768e-07,1.0430438312656478e-07,1.0431431504927251e-07
2016-04-12,4.9357149395496744e-08,5.090839381962222e-08,5.0865593206622246e-08
2016-04-13,3.4406425374550317e-08,3.2760690241358463e-08,3.277119028628752e-08
2016-04-14,1.6923758612261287e-07,1.7205004356959536e-07,1.720844577500262e-07
2016-04-15,3.331420639418913e-08,3.359912731641488e-08,3.364760061959458e-08
2016-04-18,3.91578640061984e-08,3.692249389106362e-08,3.691598248558154e-08
2016-04-19,3.277610463126007e-08,3.0581398946119684e-08,3.058479357855774e-08
2016-04-20,2.1548084781742796e-08,1.997073670185359e-08,1.9959990238556935e-08
2016-04-21,2.3965018835806583e-08,2.1155178233162452e-08,2.1153758515452408e-08
2016-04-22,3.971256477978611e-08,4.2094471434094566e-08,4.209981520813583e-08
2016-04-25,1.9598370504244864e-08,1.9794248410638752e-08,1.9807301518498976e-08
2016-04-26,2.4177269836716094e-08,2.262202633909699e-08,2.2619884588424742e-08
2016-04-27,1.5619778110790625e-08,1.3824789693117323e-08,1.3820046109101626e-08
2016-04-28,1.8484570354802827e-08,1.6818200670824206e-08,1.6813071822423903e-08
2016-04-29,9.869947428937377e-09,8.2763133900279e-09,8.273651112148798e-09
2016-05-02,1.4749310617196099e-08,1.1374970771321681e-08,1.1373347738191376e-08
2016-05-03,1.8349375584607865e-08,1.5587049254071065e-08,1.5583962029754124e-08
2016-05-04,4.142267377719733e-08,4.35051949962754e-08,4.350372725840834e-08
2016-05-05,3.1571179010940184e-08,3.3164293321234144e-08,3.3149938606942156e-08
2016-05-06,4.040762557278116e-08,4.097637260445786e-08,4.095679938536844e-08
2016-05-09,1.4072765107484273e-08,1.4977132233819966e-08,1.4981904281080628e-08
2016-05-10,2.1276767923923072e-08,1.7853606197479447e-08,1.7858329893635118e-08
2016-05-11,5.359220766612825e-08,5.669312250029929e-08,5.669743502859388e-08
2016-05-12,3.280758284400834e-08,3.0128056071700725e-08,3.012748743984717e-08
2016-05-13,3.577908436955185e-08,3.395125032949519e-08,3.395852290449801e-08
2016-05-16,2.3525520120771467e-08,2.122006540989731e-08,2.122955420446936e-08
2016-05-17,2.8595384471949995e-08,2.542157457010871e-08,2.5418980809527355e-08
2016-05-18,8.290795296947001e-08,8.73255618927583e-08,8.733204228631316e-08
2016-05-19,3.7848986753502225e-08,3.5955083852388634e-08,3.5936532174278586e-08
2016-05-20,1.4527411730030369e-08,1.3050525016483122e-08,1.3043004166077865e-08
2016-05-23,3.737855392567737e-08,3.632149817287353e-08,3.6323658511403016e-08
2016-05-24,1.441218230535358e-08,1.2276183758150484e-08,1.227826339969861e-08
2016-05-25,9.30678877502481e-08,9.70338598613579e-08,9.704574591477915e-08
2016-05-26,2.264236760194772e-08,2.0888187803700444e-08,2.0911079786535793e-08
2016-05-27,5.2362448264253236e-08,5.22020718606322e-08,5.2208348236406424e-08
2016-05-30,1.2791369855855929e-07,1.3009092623416964e-07,1.3004183263785524e-07
2016-05-31,2.6270132489542244e-08,2.543600118018918e-08,2.5365595908942496e-08
2016-06-01,2.298817183808447e-08,2.1625048504446652e-08,2.16203375388121e-08
2016-06-02,2.674730685916639e-08,2.7124620142594252e-08,2.712114519510259e-08
2016-06-03,2.995352670680991e-08,2.600043988658821e-08,2.6008486604951523e-08
2016-06-06,5.43172362585333e-08,5.481620385501247e-08,5.4822875581118525e-08
2016-06-07,4.2475958355090845e-08,3.8486149008674957e-08,3.848197348552203e-08
2016-06-08,1.3588764180481273e-08,1.2473041157646358e-08,1.2463312261570561e-08
2016-06-09,1.7881362020943956e-07,1.7480827949119686e-07,1.7483284293439608e-07
2016-06-10,1.3213528611945594e-08,1.2616740031305396e-08,1.2655083903364668e-08
2016-06-13,3.8563694268210735e-07,3.9439402276385167e-07,3.944217176761912e-07
2016-06-14,2.2021945569967692e-08,2.222240454733407e-08,2.231609935610505e-08
2016-06-15,1.9999710383242668e-07,1.898453178248537e-07,1.898531799103786e-07
2016-06-16,3.143955078861545e-08,3.497778537529364e-08,3.502269545565915e-08
2016-06-17,2.041415304962603e-08,2.1859328848037323e-08,2.1842465154563132e-08
2016-06-20,4.870591888342912e-08,4.877965591240977e-08,4.87783700650862e-08
2016-06-21,3.230155500714108e-08,3.3962637847707534e-08,3.3946598770427285e-08
2016-06-22,9.905059502332943e-09,1.097549173688186e-08,1.0961664116896651e-08
2016-06-23,2.0554141994719678e-08,1.986956946719908e-08,1.9866255982403287e-08
2016-06-24,1.784797247851352e-07,1.7985748532470056e-07,1.7989406000025648e-07
2016-06-27,1.4746796212346868e-08,1.5198572566739182e-08,1.523245455679452e-08
2016-06-28,1.1957295294997025e-08,1.149340266664695e-08,1.1486225618022671e-08
2016-06-29,3.2378592049749564e-08,3.118004656887539e-08,3.1173407205502824e-08
2016-06-30,1.2468298347345784e-08,1.1042734781007172e-08,1.1020247619114974e-08
2016-07-01,1.545474245253081e-08,1.3503047399201801e-08,1.3501148314994239e-08
2016-07-04,4.653550227137186e-08,4.541116405549673e-08,4.541546041488238e-08
2016-07-05,5.7593584438065984e-08,5.487788889570272e-08,5.484226802546289e-08
2016-07-06,4.010950685222972e-08,3.862214002159867e-08,3.863448817051573e-08
2016-07-07,9.12212706803085e-08,8.715300249133695e-08,8.71946947311182e-08
2016-07-08,2.1458081977148364e-08,1.9302849804207946e-08,1.9295984255089125e-08
2016-07-11,4.581512483604342e-08,4.467147322884201e-08,4.4667595002100926e-08
2016-07-12,2.0574229351953313e-07,2.03756457544668e-07,2.0366282892984363e-07
2016-07-13,1.1293131262097634e-08,1.2326307015962623e-08,1.2354982957981013e-08
2016-07-14,4.221499592587523e-07,4.0407595486693964e-07,4.0409226332776926e-07
2016-07-15,7.036466492933136e-08,7.165231519449082e-08,7.174580306755294e-08
2016-07-18,2.520577615062918e-08,2.7445544996373138e-08,2.7415584727752668e-08
2016-07-19,8.638728040167738e-08,8.471159243550632e-08,8.469954228444256e-08
2016-07-20,5.72530660968929e-08,5.972816175686054e-08,5.971940770284429e-08
2016-07-21,5.378919836943447e-08,5.252236528076244e-08,5.2536004411795506e-08
2016-07-22,5.7199268833984386e-08,5.101830722293292e-08,5.101769132140437e-08
2016-07-25,6.708839277737737e-08,6.111618333549508e-08,6.11007722902538e-08
2016-07-26,3.2125560864894984e-08,3.5165127667571966e-08,3.515188607498487e-08
2016-07-27,1.3415597838552162e-07,1.1852199297956432e-07,1.1856908624233032e-07
2016-07-28,3.445768880187498e-08,3.5213935466166504e-08,3.5220286583032013e-08
2016-07-29,4.377490341890866e-08,3.803179132834445e-08,3.802149195782756e-08
2016-08-01,5.636223881692586e-08,5.58033083436973e-08,5.581621343654054e-08
2016-08-02,2.8554689251982412e-08,3.034886048824441e-08,3.034241783608235e-08
2016-08-03,6.018186852035467e-08,6.179476664516128e-08,6.177558313552366e-08
2016-08-04,2.9191380886765504e-08,3.101817920145512e-08,3.101742859590785e-08
2016-08-05,3.3607693717734027e-08,3.6264555020084344e-08,3.6267220280113875e-08
2016-08-08,2.2674844599647355e-07,2.1056651154702683e-07,2.106258698120619e-07
2016-08-09,1.09836681424597e-07,1.1070872039397411e-07,1.1070647185033374e-07
2016-08-10,6.023432594654681e-08,5.829686313619781e-08,5.827022093427129e-08
2016-08-11,1.7506227468537874e-08,2.0848469275003702e-08,2.083567394386845e-08
2016-08-12,1.5754375535220506e-08,1.7783513194458098e-08,1.7774046761679388e-08
2016-08-15,1.0489919162147187e-07,9.361887400406277e-08,9.360508173840382e-08
2016-08-16,2.4842701849528684e-08,2.506708600894065e-08,2.5089547304528914e-08
2016-08-17,4.958189953994127e-08,5.2777883029931144e-08,5.278252875092831e-08
2016-08-18,2.5184711385418143e-08,2.6835973131164383e-08,2.6845635697987012e-08
2016-08-19,4.379482526055767e-08,4.2605733714645816e-08,4.260828571570116e-08
2016-08-22,1.8579843365366866e-08,2.0462810725537124e-08,2.0455461247602995e-08
2016-08-23,8.241346339777368e-08,8.146601056126004e-08,8.145494619601937e-08
2016-08-24,2.5999338556362797e-08,2.645940924882208e-08,2.6427972664347526e-08
2016-08-25,4.091377530187047e-08,4.081178206305582e-08,4.0800769352028016e-08
2016-08-26,9.529413554821326e-08,8.948439757081776e-08,8.950213554694666e-08
2016-08-29,1.2411753063947405e-07,1.2382661602006777e-07,1.238683268615668e-07
2016-08-30,5.455897977688319e-07,5.340097796158332e-07,5.342253047610966e-07
2016-08-31,3.994692560435263e-08,4.295717897058611e-08,4.3065875119616464e-08
2016-09-01,1.3348606291481395e-07,1.3455222057036888e-07,1.3453707187115766e-07
2016-09-02,9.424102336204246e-07,8.705538511909918e-07,8.710845325234874e-07
2016-09-05,2.781292487320985e-07,2.343329790189322e-07,2.3412312652143723e-07
2016-09-06,2.501664048201311e-08,3.612027078163062e-08,3.615335627247382e-08
2016-09-07,1.1485649321331885e-07,1.0654246242672584e-07,1.0655516787000358e-07
2016-09-08,4.364410755894106e-08,4.279413452258148e-08,4.278569550609304e-08
2016-09-09,3.314134641441349e-08,4.783316971210392e-08,4.7817971563976664e-08
2016-09-12,4.865996183091455e-08,5.7876229015676514e-08,5.785900872313528e-08
2016-09-13,2.325315785898597e-07,2.0161536706233742e-07,2.0165992398790668e-07
2016-09-14,5.365042432159501e-08,4.487728346563966e-08,4.486118762427906e-08
2016-09-15,3.2590425031458164e-08,4.4893986530304975e-08,4.490119502342078e-08
2016-09-16,7.035024561353705e-08,6.302961226309214e-08,6.301379510093043e-08
2016-09-19,8.22756821713047e-08,9.136331867854028e-08,9.136222598120732e-08
2016-09-20,1.1338394892033313e-07,1.0614265158519105e-07,1.0610354410992673e-07
2016-09-21,1.0692538521063716e-07,8.163528359786245e-08,8.168029833256681e-08
2016-09-22,2.6696341052841713e-08,2.9494694432070827e-08,2.9516974669942515e-08
2016-09-23,1.6814960683476807e-08,2.868644770260718e-08,2.867056872727709e-08
2016-09-26,5.4219434753086276e-08,6.203069527968536e-08,6.20172574508937e-08
2016-09-27,1.0945163582458638e-07,1.0716502361826323e-07,1.0715899470762857e-07
2016-09-28,5.041083506334272e-08,5.6190929357535754e-08,5.618448984811658e-08
2016-09-29,2.5096142309811837e-08,2.87311488702571e-08,2.8737783895166305e-08
2016-09-30,3.204901486564633e-08,3.8215787279120654e-08,3.821513784754744e-08
2016-10-03,1.5277847523054664e-08,2.0799285160335933e-08,2.078207212565856e-08
2016-10-04,1.3974753467013101e-08,1.7122447665927463e-08,1.7119288101498607e-08
2016-10-05,8.630227964238277e-08,7.806939015013858e-08,7.807029251754453e-08
2016-10-06,1.3980627996667696e-08,1.7887010713233896e-08,1.7915152352373423e-08
2016-10-07,1.541699265904138e-08,1.677200590459208e-08,1.6770062395326556e-08
2016-10-10,2.6993208695284393e-08,2.6057640288498037e-08,2.6057324685377715e-08
2016-10-11,1.1857202553409302e-08,1.3378851236663895e-08,1.3383660782992858e-08
2016-10-12,3.592690065575124e-08,3.5789156797257493e-08,3.578605540484881e-08
2016-10-13,3.748745447856279e-08,3.4692644786719395e-08,3.4679986079221766e-08
2016-10-14,1.6798217075069594e-08,1.6527827844644416e-08,1.6515572014424756e-08
2016-10-17,2.982674974036217e-08,2.6797734445920066e-08,2.680987800364749e-08
2016-10-18,5.16759547389602e-08,5.141317915696886e-08,5.140869281117786e-08
2016-10-19,1.4317653827943504e-08,1.3183993104418055e-08,1.3173552306852292e-08
2016-10-20,8.24890332668614e-08,8.129900700730106e-08,8.129444138999017e-08
2016-10-21,1.9067789481884933e-08,1.8625347770695226e-08,1.860435400542519e-08
2016-10-24,5.391086119812831e-08,5.330838867276966e-08,5.33184680825535e-08
2016-10-25,1.577734440213072e-08,1.31923974959868e-08,1.3173071664040923e-08
2016-10-26,1.2276868977842415e-08,1.0836929399571359e-08,1.084580551606966e-08
2016-10-27,2.7284067536514013e-08,2.9356448026864565e-08,2.936175380266012e-08
2016-10-28,6.815003235578418e-08,7.21829913470468e-08,7.21495123662954e-08
2016-10-31,2.0794695572063845e-08,1.907866646762125e-08,1.910981730444497e-08
2016-11-01,2.7875491698525868e-08,2.5726104572873057e-08,2.5717682899185977e-08
2016-11-02,1.1148298596321465e-07,1.1330537649000814e-07,1.1336502103718813e-07
2016-11-03,2.0294138065437544e-08,1.9220163949436357e-08,1.9260986725172612e-08
2016-11-04,1.725626855078689e-08,1.6466733828711954e-08,1.6458134778140456e-08
2016-11-07,1.6737729726732087e-08,1.6444343887604507e-08,1.6434099052096833e-08
2016-11-08,1.1334833797166639e-07,1.1484746997140973e-07,1.1487228840262619e-07
2016-11-09,1.2847570207959824e-08,1.1117115085226241e-08,1.1102495586891551e-08
2016-11-10,3.2354437587025705e-08,3.196178658549918e-08,3.195590705751029e-08
2016-11-11,4.6505937427358135e-08,4.414847507373073e-08,4.413179880393751e-08
2016-11-14,2.595636410198948e-08,2.2521354290078074e-08,2.252314126011034e-08
2016-11-15,3.28211711850303e-08,3.2534027670583084e-08,3.253090254130722e-08
2016-11-16,1.2072897199409403e-08,1.0063105015375639e-08,1.0065900682815255e-08
2016-11-17,1.9319162708445643e-08,1.744536386679038e-08,1.7446424896148813e-08
2016-11-18,2.3868230139623183e-08,2.334888079451627e-08,2.334128100802857e-08
2016-11-21,1.948877192978297e-08,1.613308898962122e-08,1.6127039623299926e-08
2016-11-22,1.600786160325654e-08,1.4491299339051183e-08,1.448094560112963e-08
2016-11-23,2.0475280307895004e-08,2.0662655512795504e-08,2.067391312064417e-08
2016-11-24,5.936086840935723e-08,5.658146316367101e-08,5.65929632036067e-08
2016-11-25,1.1646280554317299e-08,1.0855916088969968e-08,1.083947220880206e-08
2016-11-28,9.874613118478455e-09,9.301054784090924e-09,9.294449716016566e-09
2016-11-29,2.615139181524749e-08,2.3996071860039808e-08,2.3994804779824312e-08
2016-11-30,1.4697460854934921e-08,1.1255462846371248e-08,1.1250011582066973e-08
2016-12-01,3.73741594424295e-08,3.6052491748122566e-08,3.604021380059271e-08
2016-12-02,3.448252107087884e-08,3.729350267120411e-08,3.730193266838787e-08
2016-12-05,2.745429681859478e-08,3.129797614672822e-08,3.1286331962916977e-08
2016-12-06,1.1517876187656271e-07,1.2449371771977547e-07,1.244353726691488e-07
2016-12-07,8.08180956650058e-08,8.044721639429406e-08,8.038387284166188e-08
2016-12-08,1.4793294589317922e-08,1.4555562322297528e-08,1.4543184781069228e-08
2016-12-09,2.2424568464927612e-08,2.219312380301135e-08,2.2202618072238193e-08
2016-12-12,4.779338555429979e-08,4.6534667168678104e-08,4.6539680186928825e-08
2016-12-13,1.9964629132591657e-08,2.0456195843592032e-08,2.0470636158231967e-08
2016-12-14,2.716460771474948e-08,2.6720734823469403e-08,2.672892996546308e-08
2016-12-15,1.5596601218721234e-08,1.382921239844137e-08,1.3820519767134075e-08
2016-12-16,1.2244352600318427e-07,1.2193355417873444e-07,1.2195164236851556e-07
2016-12-19,1.52546153479255e-08,1.4617784586673177e-08,1.4656281580740305e-08
2016-12-20,9.572919697912484e-09,7.682092809141911e-09,7.680324495248826e-09
2016-12-21,1.2396412491758942e-08,1.0120833658790878e-08,1.0120188949700126e-08
2016-12-22,2.0537522234121442e-07,2.120807487265286e-07,2.1205555670796034e-07
2016-12-23,4.792147512845592e-08,4.942128607760842e-08,4.947332980598277e-08
2016-12-26,1.1856619722049143e-07,1.1355194792183369e-07,1.1354518555360107e-07
2016-12-27,5.585717310122963e-08,5.5786172321509106e-08,5.582952167440448e-08
2016-12-28,1.8381803319310466e-08,1.97007615233883e-08,1.967507654386401e-08
2016-12-29,1.8449766474993757e-08,1.796331545906494e-08,1.7951502794155964e-08
2016-12-30,1.368792386263438e-08,1.2599900112377821e-08,1.258854442878639e-08
2017-01-02,1.305637104583685e-08,1.1882551836248432e-08,1.1877631362597737e-08
2017-01-03,1.6788339056974208e-07,1.692453898686243e-07,1.6926066813462478e-07
2017-01-04,4.22787939657419e-08,4.143458254016606e-08,4.1503225390855644e-08
2017-01-05,1.175911315229693e-07,1.1542309161937093e-07,1.1543519460066536e-07
2017-01-06,1.4278866089738881e-08,1.5884361844159015e-08,1.5935866279479015e-08
2017-01-09,9.631738484685905e-08,9.08140952433589e-08,9.082083717393039e-08
2017-01-10,3.627704330664791e-08,3.340632776837831e-08,3.336436843942776e-08
2017-01-11,3.674458602441655e-08,3.8457830789202313e-08,3.8443741453762e-08
2017-01-12,2.584640795611105e-08,2.8317083962933052e-08,2.8329588881572357e-08
2017-01-13,3.848364776328469e-08,3.838740762282935e-08,3.838662671731006e-08
2017-01-16,4.6672665433110385e-08,4.5204241449512556e-08,4.519179445278362e-08
2017-01-17,4.635221018183028e-08,4.439478058966875e-08,4.438085334052963e-08
2017-01-18,3.04132519175507e-08,2.99743755465328e-08,2.9984666791032786e-08
2017-01-19,3.17634410114106e-08,3.146050565171492e-08,3.1460563563671617e-08
2017-01-20,8.443778618058452e-08,8.177388472183718e-08,8.176335792799719e-08
2017-01-23,2.9071010097611653e-08,2.9534583663864377e-08,2.9549847952381337e-08
2017-01-24,1.417256830493909e-08,1.4516347123665204e-08,1.4502175544525863e-08
2017-01-25,1.119825797176821e-07,1.1075256166889409e-07,1.1076847778711369e-07
2017-01-26,4.453634983317004e-08,4.249851737982029e-08,4.240371887970385e-08
2017-01-27,1.6122870390606127e-08,1.5719847688746417e-08,1.572123967390283e-08
2017-01-30,2.6462597449323897e-08,2.555474821619059e-08,2.5555028027944426e-08
2017-01-31,4.763423854682272e-08,4.535388848467043e-08,4.538316910776379e-08
2017-02-01,1.897429652620973e-08,1.558706873858914e-08,1.558222264475635e-08
2017-02-02,2.575354221021853e-08,2.4099127349239467e-08,2.4100157952990507e-08
2017-02-03,1.7966146864214945e-08,1.6366819827129058e-08,1.634758159408064e-08
2017-02-06,1.1630026225331547e-07,1.1942048624984765e-07,1.1945909211032459e-07
2017-02-07,1.6054781240312902e-08,1.6180244380399074e-08,1.6209812989767744e-08
2017-02-08,2.399597772379619e-08,2.334447762947095e-08,2.3335167861829353e-08
2017-02-09,7.633892298228818e-08,7.435571879037345e-08,7.435186952762849e-08
2017-02-10,2.038905230987816e-08,2.002408059505516e-08,2.0045571327688892e-08
2017-02-13,2.6192062607613043e-08,2.555707123722682e-08,2.5562565787842155e-08
2017-02-14,2.3350541480218703e-08,2.294668055887288e-08,2.2946681636536764e-08
2017-02-15,2.6016504850972257e-08,2.4946821596994953e-08,2.494007192404353e-08
2017-02-16,9.910198393703404e-08,9.913580789783666e-08,9.91556507888605e-08
2017-02-17,5.026145798937052e-08,4.9537001599132303e-08,4.9575359199379946e-08
2017-02-20,1.1527045373483328e-07,1.0780371196847194e-07,1.0779987808577134e-07
2017-02-21,2.33582098524567e-07,2.231051600136784e-07,2.229333637703385e-07
2017-02-22,1.9009946384066432e-08,2.269790368575805e-08,2.280985775052016e-08
2017-02-23,1.7938343754711215e-08,2.0035905428495576e-08,2.004188561918222e-08
2017-02-24,1.746131797497135e-08,1.7639222443756913e-08,1.7630149526570913e-08
2017-02-27,3.080663068309235e-08,3.077955107288885e-08,3.0769841870171084e-08
2017-02-28,2.2655095762103697e-08,2.1599257057112314e-08,2.1581551360111697e-08
2017-03-01,1.957873753570351e-08,1.9974562225492083e-08,1.9963627793351903e-08
2017-03-02,7.973871897343092e-08,7.698082697074875e-08,7.696975584706829e-08
2017-03-03,1.5764644664825895e-08,1.3868158770152607e-08,1.3854998283460621e-08
2017-03-06,2.4114876832640522e-08,2.3258174779905988e-08,2.3259106158673432e-08
2017-03-07,1.803888150377762e-08,1.6283496895260694e-08,1.6274153260142178e-08
2017-03-08,2.3726045438180018e-08,2.4254586848805762e-08,2.426551110675666e-08
2017-03-09,2.2133509270001857e-08,2.059330812421842e-08,2.059249945953603e-08
2017-03-10,2.544306833114547e-08,2.3675022807822028e-08,2.3685392768702172e-08
2017-03-13,2.8456255023892985e-08,2.5283834544517747e-08,2.5297777448559027e-08
2017-03-14,6.256718207300211e-08,6.19752664106261e-08,6.197808854127102e-08
2017-03-15,2.284642007802031e-08,2.4337541384151575e-08,2.433516248072121e-08
2017-03-16,1.2579343295183983e-07,1.1789374481960335e-07,1.1785332053954943e-07
2017-03-17,1.3368915805416169e-08,1.3446604025361648e-08,1.3476734543141162e-08
2017-03-20,1.7833695092315075e-08,1.7793788657498174e-08,1.7792354088742942e-08
2017-03-21,2.1456660067950223e-08,1.9484676810708086e-08,1.9478741343904034e-08
2017-03-22,5.6179758988538814e-08,5.266611108408972e-08,5.263677511891087e-08
2017-03-23,1.6305440807414567e-08,1.542035880041503e-08,1.5415833000208112e-08
2017-03-24,2.9260960132171332e-08,2.824549570954489e-08,2.8237972388413243e-08
2017-03-27,1.500379949860397e-08,1.3551551148282895e-08,1.3535628122012413e-08
2017-03-28,1.1885314676586257e-08,9.05720600756182e-09,9.04603254239793e-09
2017-03-29,1.0883572228819295e-07,1.1419025974014045e-07,1.1422426748784969e-07
2017-03-30,3.9627057207168135e-08,3.647849267368704e-08,3.647892184464378e-08
2017-03-31,3.7111027914817115e-08,3.258713476328337e-08,3.2585245751758085e-08
2017-04-03,2.082184259303378e-07,2.085653379433195e-07,2.0860957242628026e-07
2017-04-04,1.4230256663547186e-08,1.4718249635027395e-08,1.4766452551398328e-08
2017-04-05,1.8604277274135792e-08,1.9849904490533236e-08,1.9863969249301088e-08
2017-04-06,1.8264085705981692e-07,1.8128393478635299e-07,1.813409765310597e-07
2017-04-07,1.7844526458056634e-08,1.984206218652304e-08,1.984124418067121e-08
2017-04-10,1.3681750977073213e-07,1.3255884923933212e-07,1.3256489381252388e-07
2017-04-11,7.98785757994184e-08,8.087400775739437e-08,8.089212441255888e-08
2017-04-12,1.0547588180989645e-08,1.1489886099683348e-08,1.1462235408761283e-08
2017-04-13,2.4497060494357188e-08,2.249625424310891e-08,2.2490699408757334e-08
2017-04-14,2.3507149201468376e-08,2.354439825368709e-08,2.354636908834558e-08
2017-04-17,4.658947799536894e-08,4.203067637814877e-08,4.2018232449114664e-08
2017-04-18,1.2867648113820502e-08,1.2684291283455956e-08,1.2676043781081587e-08
2017-04-19,1.5542845650297062e-07,1.4905289439341773e-07,1.4906979803496296e-07
2017-04-20,3.0683591990400365e-08,2.773586529902815e-08,2.7804044041097264e-08
2017-04-21,7.341758927425482e-08,6.421221923377271e-08,6.421080162829693e-08
2017-04-24,8.121709922920491e-08,8.453355833553953e-08,8.457473706026479e-08
2017-04-25,4.969103565132295e-08,4.660639185026333e-08,4.659923804008234e-08
2017-04-26,4.083818966307929e-08,3.718378143251359e-08,3.718729030887813e-08
2017-04-27,9.197130956855831e-08,8.950660504702207e-08,8.948326574168766e-08
2017-04-28,1.6589072969589645e-08,1.9611080284153913e-08,1.9650261856009956e-08
2017-05-01,1.5014007523232822e-08,1.7653497639269684e-08,1.764212695998876e-08
2017-05-02,6.294656049031914e-08,6.268005559608615e-08,6.266875092334017e-08
2017-05-03,2.6129142204313083e-08,2.2121428319237103e-08,2.214553419798124e-08
2017-05-04,1.1755499106479964e-08,1.2490152238960516e-08,1.2498988157391139e-08
2017-05-05,1.814352437810153e-08,1.741039055705535e-08,1.7403464814783643e-08
2017-05-08,1.5802512261595683e-08,1.4813094780887703e-08,1.4807269944783457e-08
2017-05-09,1.948665954537536e-08,1.7220830963167905e-08,1.7217458413971003e-08
2017-05-10,1.8888110180055156e-08,1.4710521891420383e-08,1.470962625326235e-08
2017-05-11,2.6159518553401074e-08,2.5838548983144368e-08,2.584941050686943e-08
2017-05-12,1.435899583528358e-08,1.2741175649371166e-08,1.272733379631901e-08
2017-05-15,3.16852312086059e-08,3.093990812067935e-08,3.095427440629646e-08
2017-05-16,5.196277869000579e-08,5.393302125122081e-08,5.38994522380395e-08
2017-05-17,1.7594576654345866e-08,1.6045791227441376e-08,1.606880923105446e-08
2017-05-18,2.172777582123313e-08,1.9992738766219613e-08,1.998700193136807e-08
2017-05-19,2.1542510519256736e-08,2.117231820573206e-08,2.1163179021764065e-08
2017-05-22,3.3896689241185054e-08,3.098271294896604e-08,3.099054751749626e-08
2017-05-23,2.0210297584610804e-08,1.7968237483242258e-08,1.7959795727761024e-08
2017-05-24,7.310593755995691e-09,4.979513535242128e-09,4.969376440989744e-09
2017-05-25,1.1808520947086927e-08,9.497264797751484e-09,9.49533806984959e-09
2017-05-26,2.3974320093991242e-08,2.1404546596562535e-08,2.1406685347671896e-08
2017-05-29,1.0238281756847572e-08,6.7119694114739324e-09,6.703523006377053e-09
2017-05-30,1.2890581531309104e-08,8.770459100659818e-09,8.764855261032868e-09
2017-05-31,3.3711890940126456e-08,2.817029774973848e-08,2.8170484697756915e-08
2017-06-01,1.4164558200368982e-08,1.0347524039587378e-08,1.0341729914932922e-08
2017-06-02,3.1235236935935915e-08,3.140834317193307e-08,3.141761117378987e-08
2017-06-05,1.3187953378295359e-08,1.157073055042153e-08,1.1566300315767046e-08
2017-06-06,1.3573914613480373e-08,9.572380821930328e-09,9.578387013439432e-09
2017-06-07,1.6684457257305365e-08,1.3371152596279798e-08,1.3369242893824877e-08
2017-06-08,1.2259449393804397e-08,8.948335796326969e-09,8.948685454605907e-09
2017-06-09,1.2893157689675779e-08,8.09588848963473e-09,8.092529779451921e-09
2017-06-12,1.4232393318588541e-08,1.2137985256521477e-08,1.2138220520188468e-08
2017-06-13,1.061138014652378e-08,6.6553792263039414e-09,6.6556325132968296e-09
2017-06-14,1.1358342119480752e-08,7.689022418713541e-09,7.683744050961764e-09
2017-06-15,9.079753322870209e-08,1.038018499206636e-07,1.0380410094446471e-07
2017-06-16,1.3153788464014257e-08,1.1801071066206635e-08,1.1801894601865989e-08
2017-06-19,2.1600542608434012e-08,1.9812912323381356e-08,1.978809413652164e-08
2017-06-20,2.3762623881243193e-08,2.0136448855284662e-08,2.014601462882307e-08
2017-06-21,8.049446046688657e-08,7.902536245748969e-08,7.903037639499101e-08
2017-06-22,4.4833099793889614e-08,4.1655151214152015e-08,4.167906278873903e-08
2017-06-23,2.8833939716711706e-08,2.9009044310826366e-08,2.899176619254831e-08
2017-06-26,2.3074805980190332e-08,2.013269472291664e-08,2.0137930393637422e-08
2017-06-27,3.915864292901076e-08,4.096498256692124e-08,4.096708702357228e-08
2017-06-28,1.4439246437644828e-08,1.2660369828999547e-08,1.2669662776918958e-08
2017-06-29,1.757926906235628e-08,1.8315646317231467e-08,1.8320859487616027e-08
2017-06-30,2.2767450950985518e-08,2.046293298085356e-08,2.047166696245361e-08
2017-07-03,5.8882879311280455e-08,5.909047301215788e-08,5.909673476018554e-08
2017-07-04,2.0299556148059368e-08,2.099027788514111e-08,2.098574428052869e-08
2017-07-05,4.809487664567225e-08,5.279574999543708e-08,5.280000760482191e-08
2017-07-06,6.243593346671292e-08,6.242615207849032e-08,6.243103680655632e-08
2017-07-07,4.172335492163417e-08,3.821872155626528e-08,3.825000073239169e-08
2017-07-10,1.0842253454226805e-08,9.765956845605758e-09,9.748661514788935e-09
2017-07-11,5.289696764817391e-08,5.1182082769820945e-08,5.11761641801823e-08
2017-07-12,2.3521440200155276e-08,2.376941294172136e-08,2.3776414720030548e-08
2017-07-13,5.17202817645721e-08,5.089254491814949e-08,5.0894744199571714e-08
2017-07-14,2.8223576719284592e-08,2.5567242196682633e-08,2.5561403825843097e-08
2017-07-17,2.9247543729203264e-08,2.866133318114553e-08,2.8655272786228096e-08
2017-07-18,2.46129151167632e-08,2.4899085093934565e-08,2.4905133042191677e-08
2017-07-19,1.61954205722965e-08,1.4246076426059058e-08,1.4232295136567188e-08
2017-07-20,5.8685183532609375e-08,5.664001929739317e-08,5.66285596140718e-08
2017-07-21,3.861665780881368e-08,3.8980595182398755e-08,3.8970696818332627e-08
2017-07-24,2.3508341797296163e-08,2.301297769426786e-08,2.300778757349274e-08
2017-07-25,2.6999625828194742e-08,2.551144779449246e-08,2.5496361128521733e-08
2017-07-26,1.6450639795481738e-08,1.6389562022114547e-08,1.639064385742828e-08
2017-07-27,4.9755192910237586e-08,4.948172889065635e-08,4.9485704250096386e-08
2017-07-28,9.599178624731052e-08,9.897332267687327e-08,9.901005672638598e-08
2017-07-31,4.723944413351031e-08,4.768696722343295e-08,4.773889603136762e-08
2017-08-01,1.4192063956759595e-08,1.3754927358077914e-08,1.3736679704637156e-08
2017-08-02,5.650931195986387e-08,5.663827794541465e-08,5.6648156397020736e-08
2017-08-03,3.5652288763700396e-08,3.613120272640695e-08,3.6147359946488814e-08
2017-08-04,4.3251189958020097e-08,4.0889584645498104e-08,4.0897025535544214e-08
2017-08-07,1.188188091488503e-08,1.08909817877581e-08,1.0883758652423184e-08
2017-08-08,1.9186866233465314e-08,1.87386435853028e-08,1.874827110251898e-08
2017-08-09,8.733645898322649e-08,8.629634252124858e-08,8.62878610640747e-08
2017-08-10,1.1281381956604232e-08,1.1822901712219327e-08,1.1826393344745279e-08
2017-08-11,3.798347586379891e-08,3.66433843518274e-08,3.664348904619855e-08
2017-08-14,9.418181185154878e-08,9.382157410823781e-08,9.381442394566646e-08
2017-08-15,1.5363512422596752e-08,1.2951108884863602e-08,1.2973720900600367e-08
2017-08-16,1.124564263989455e-07,1.0893640288499116e-07,1.0889825577248371e-07
2017-08-17,1.1121655801146867e-08,1.1862131387001073e-08,1.1898452782369987e-08
2017-08-18,2.5164056821806537e-08,2.5136914961411933e-08,2.5144228947527136e-08
2017-08-21,6.157534575048358e-08,5.997872893877402e-08,5.997786462595148e-08
2017-08-22,2.3175877269189895e-08,2.4014132450376075e-08,2.4016405206696677e-08
2017-08-23,4.018815088676971e-08,3.863597852601006e-08,3.8636730543042216e-08
2017-08-24,5.8619564718334965e-08,5.2889227639507904e-08,5.292864862528168e-08
2017-08-25,4.499395249526672e-08,4.669648911061983e-08,4.6725997469645636e-08
2017-08-28,5.6107240044224865e-08,5.048775902750865e-08,5.0472221085092524e-08
2017-08-29,3.626065208535784e-08,3.130645222754775e-08,3.1323315516866995e-08
2017-08-30,2.9412789672726456e-08,3.057239897838699e-08,3.059710961794771e-08
2017-08-31,5.257874959771127e-08,5.1481574087255174e-08,5.144199680306137e-08
2017-09-01,6.100332575152667e-08,5.46623803326928e-08,5.467562418003005e-08
2017-09-04,1.504270726340918e-07,1.3590585393843637e-07,1.3583057589027526e-07
2017-09-05,1.3783582971044677e-07,1.1509399841253725e-07,1.1496803812344642e-07
2017-09-06,6.558483727537107e-08,5.271529651264307e-08,5.275379815940984e-08
2017-09-07,4.3441039389558805e-08,4.6207067114056516e-08,4.620014984597857e-08
2017-09-08,4.4644516636566824e-08,5.105766934483675e-08,5.1039984786069644e-08
2017-09-11,2.7017480297316125e-08,3.017640355546777e-08,3.0132847577241826e-08
2017-09-12,2.1924031693893812e-08,2.6308426898572308e-08,2.6290128747463424e-08
2017-09-13,2.0257349524598715e-08,2.5049597593987102e-08,2.503938294780611e-08
2017-09-14,2.1215374529444043e-08,2.306539929759524e-08,2.3031144501371708e-08
2017-09-15,3.59106677612402e-08,3.517448569467493e-08,3.514554941630717e-08
2017-09-18,1.163648325086523e-07,1.1394402918376584e-07,1.1388229339696563e-07
2017-09-19,2.0232221729401726e-08,2.2674688558415182e-08,2.2601707763439953e-08
2017-09-20,1.7884894161165412e-08,1.8209084242221537e-08,1.8189064799363318e-08
2017-09-21,2.024557618535366e-08,1.944527101633331e-08,1.9432757051569263e-08
2017-09-22,1.0570442935956643e-08,1.0563587903737897e-08,1.0550102455994578e-08
2017-09-25,2.4835288116719363e-08,2.4861966837161487e-08,2.486633742816621e-08
2017-09-26,2.4066305069596574e-08,2.2401361281984368e-08,2.2403290288223734e-08
2017-09-27,3.550842047755432e-08,3.593617488092783e-08,3.5945049151364875e-08
2017-09-28,3.680736463528023e-08,3.535310814624197e-08,3.536711065260084e-08
2017-09-29,1.4893954271844634e-08,1.372949919671753e-08,1.3735069068657035e-08
2017-10-02,6.950099941342433e-08,7.257935704317465e-08,7.258628935231297e-08
2017-10-03,1.7512828131401406e-07,1.7698060690392374e-07,1.769175078002646e-07
2017-10-04,5.243417434888876e-08,5.225835684814024e-08,5.215948513761093e-08
2017-10-05,2.9062393698345107e-08,2.8149350098625157e-08,2.816044390235759e-08
2017-10-06,1.1071101102590828e-08,1.1885659813027413e-08,1.1905243849222194e-08
2017-10-09,1.0536253703936927e-08,1.0457677080532575e-08,1.0455185412807751e-08
2017-10-10,1.6215868108093625e-08,1.5702443096901985e-08,1.569741742584718e-08
2017-10-11,1.2399585150448593e-08,1.05188360507808e-08,1.0507997906610981e-08
2017-10-12,3.070988745098761e-08,2.9148324900934655e-08,2.9154632469169217e-08
2017-10-13,4.714276160580023e-08,4.4781322606969105e-08,4.479283948357881e-08
2017-10-16,3.1550767179593296e-08,2.7464070691794217e-08,2.748327929274564e-08
2017-10-17,1.2800253078996308e-08,1.3049622825079137e-08,1.3033829475457622e-08
2017-10-18,1.584233317923385e-08,1.4479101474732275e-08,1.4470205879035967e-08
2017-10-19,1.4033938402426378e-07,1.3946587275962878e-07,1.3950217070963238e-07
2017-10-20,1.3737690464806832e-07,1.372461178401657e-07,1.371765413547848e-07
2017-10-23,1.8473185937771638e-07,1.8548861350985896e-07,1.8531102215363074e-07
2017-10-24,1.2046739336859685e-07,1.0713123448437273e-07,1.068955034765542e-07
2017-10-25,5.962656963844711e-08,5.5807109747467536e-08,5.5841986364212144e-08
2017-10-26,1.621501148353739e-08,1.8648827405517306e-08,1.865741712106439e-08
2017-10-27,3.2010472010287736e-08,3.221590770775652e-08,3.222592074794522e-08
2017-10-30,4.706112047060834e-08,4.902882896366102e-08,4.901863438082459e-08
2017-10-31,2.4626489287064093e-08,2.5408019541512475e-08,2.5410349313151392e-08
2017-11-01,2.3143787406974476e-08,2.4221052069756858e-08,2.4213351947998897e-08
2017-11-02,3.599960523114423e-08,3.7888622185663284e-08,3.790701802056594e-08
2017-11-03,1.8917008622247383e-08,1.9114097417228713e-08,1.9129772877138493e-08
2017-11-06,3.834381282946475e-08,3.980366931744092e-08,3.980865202747468e-08
2017-11-07,1.8106085016855123e-08,1.8199076949393333e-08,1.818992170041694e-08
2017-11-08,3.674644734847119e-08,3.7637058293468084e-08,3.762807140796309e-08
2017-11-09,1.0438127247082424e-08,9.883141928042272e-09,9.875901822752816e-09
2017-11-10,4.8234318811596195e-08,4.717073332911665e-08,4.7171098312413787e-08
2017-11-13,2.111398768642984e-08,1.9754876412704483e-08,1.973725747745142e-08
2017-11-14,2.250075849800931e-08,2.222624189783897e-08,2.2222505188541468e-08
2017-11-15,2.83422326851698e-08,2.81716013746333e-08,2.817572330025078e-08
2017-11-16,2.7128042539300977e-08,2.4073112284426496e-08,2.4086807025636343e-08
2017-11-17,3.436227185434192e-08,3.338555125987071e-08,3.338496991520429e-08
2017-11-20,1.5872203277321548e-08,1.4100302338216177e-08,1.409616568438705e-08
2017-11-21,1.5046569382893208e-08,1.2729524735648743e-08,1.2728550131165707e-08
2017-11-22,8.274379555645847e-08,8.622626231842505e-08,8.622670205495826e-08
2017-11-23,2.141487589718642e-07,2.1282031219703836e-07,2.127826046103735e-07
2017-11-24,1.6328539099413486e-08,1.7321427477552795e-08,1.737992620326114e-08
2017-11-27,2.4058469230356877e-08,2.420833983815904e-08,2.420750172740422e-08
2017-11-28,1.492442304270744e-08,1.549611017279487e-08,1.5502653646101828e-08
2017-11-29,4.275145754185509e-08,3.9295827907860935e-08,3.929841311215928e-08
2017-11-30,2.128509334688154e-08,2.0292690630709632e-08,2.029034349248796e-08
2017-12-01,5.5359759368578817e-08,5.285981267570984e-08,5.287801514667251e-08
2017-12-04,2.700005600463845e-08,2.51828924512603e-08,2.518279922698812e-08
2017-12-05,6.5535030368965185e-09,7.0596547957166255e-09,7.05068667936872e-09
2017-12-06,2.8927647507623625e-08,2.6707153010965574e-08,2.6705696866592533e-08
2017-12-07,2.224738828120159e-08,2.0246139464399206e-08,2.023348534729228e-08
2017-12-08,2.4253210325271428e-08,2.2424776723666415e-08,2.241074152840864e-08
2017-12-11,1.3678509515723188e-07,1.4013077324013405e-07,1.40120003949885e-07
2017-12-12,2.50440982872883e-08,2.3157376982578426e-08,2.317127756664795e-08
2017-12-13,3.012384742478856e-08,2.9208460089094605e-08,2.9182478061334046e-08
2017-12-14,8.853350576048437e-08,8.788097571665083e-08,8.788809067058379e-08
2017-12-15,2.3974824646319658e-08,2.3178282061789215e-08,2.314748852356186e-08
2017-12-18,1.5555757291191765e-08,1.4786486050873368e-08,1.4768291600111475e-08
2017-12-19,1.8105439191443733e-08,1.759852255718375e-08,1.760607446603585e-08
2017-12-20,1.372282566349426e-07,1.4428516723441567e-07,1.4426080324585253e-07
2017-12-21,1.9039348867687304e-08,1.8362922886141863e-08,1.836923272586902e-08
2017-12-22,4.689250582496235e-08,4.542213022297464e-08,4.543866079517096e-08
2017-12-25,3.093258748937704e-08,2.9820549505911946e-08,2.983153950615902e-08
2017-12-26,9.853398474432972e-07,9.864464534822098e-07,9.863972179138477e-07
2017-12-27,6.352921036246417e-08,5.883966676773225e-08,5.880798301417016e-08
2017-12-28,3.9190209512788955e-08,3.5457273818396135e-08,3.540265089639721e-08
2017-12-29,5.737335911776282e-08,5.348155894143466e-08,5.34479089136809e-08
2018-01-01,6.848212517540542e-08,7.386159201808546e-08,7.386768807358063e-08
2018-01-02,2.2431264329331008e-08,2.6210045756137344e-08,2.6203424461863805e-08
2018-01-03,2.877300711470837e-08,3.237079876915364e-08,3.23636966516157e-08
2018-01-04,9.176266235059094e-08,9.018376742474525e-08,9.018028145502842e-08
2018-01-05,2.2859727853609728e-08,2.526628122928905e-08,2.5259192113376766e-08
2018-01-08,2.4676696975907725e-08,2.8405671685245833e-08,2.838699726414991e-08
2018-01-09,4.4037258534700264e-08,4.793827510826407e-08,4.7920722138486797e-08
2018-01-10,5.861805347462245e-08,5.986301222207653e-08,5.984662935916388e-08
2018-01-11,3.800868206356841e-08,3.945079782824873e-08,3.941542756646447e-08
2018-01-12,2.3886973342779145e-07,2.3709062016701892e-07,2.371381955144985e-07
2018-01-15,4.235084163736771e-08,4.23438821397127e-08,4.243133687886347e-08
2018-01-16,6.857390301707197e-08,7.120450410898526e-08,7.120415511660728e-08
2018-01-17,5.34999637923471e-08,5.7478959974925424e-08,5.7426860088200095e-08
2018-01-18,2.4959419113661015e-08,2.6804390149801587e-08,2.678550956142109e-08
2018-01-19,4.165992226870272e-07,4.00168196294503e-07,4.0030202991931626e-07
2018-01-22,7.915817797590468e-08,7.122898843944446e-08,7.107135520776496e-08
2018-01-23,7.356147989054732e-08,7.242904427922979e-08,7.244922414980263e-08
2018-01-24,1.1935802402752399e-08,1.8476201726858527e-08,1.8483661588130256e-08
2018-01-25,2.157469989550701e-08,2.6551660757319955e-08,2.6548350844686507e-08
2018-01-26,2.8408573981369808e-08,3.192278800155077e-08,3.190845336161343e-08
2018-01-29,2.6775619433729364e-08,2.9229877701515455e-08,2.920417149612694e-08
2018-01-30,4.2622371699173683e-08,4.2412984045602294e-08,4.241314623877794e-08
2018-01-31,2.930423947978926e-08,3.085046926862642e-08,3.08398770195467e-08
2018-02-01,5.1679143700768587e-08,5.331502326846617e-08,5.3296264605484834e-08
2018-02-02,3.33550776802163e-08,3.3967841408805896e-08,3.3944947123524334e-08
2018-02-05,2.0639636362852074e-08,2.0738356389183897e-08,2.0721089932526563e-08
2018-02-06,6.798222412695754e-08,6.420509055637472e-08,6.424255420685607e-08
2018-02-07,1.1007356802658276e-07,1.0845057963241317e-07,1.084694708708223e-07
2018-02-08,1.255476631975114e-08,1.4007004482778246e-08,1.3963578275673442e-08
2018-02-09,2.150492306680401e-08,2.0260761153743275e-08,2.0251635217965573e-08
2018-02-12,2.3347298267279486e-08,2.19814977878639e-08,2.197023464307152e-08
2018-02-13,1.2259360630521823e-07,1.1551325062666595e-07,1.1551885975901063e-07
2018-02-14,3.1496389059209814e-07,2.9382456574667633e-07,2.935916108434598e-07
2018-02-15,5.6811312967694854e-08,5.450255735076909e-08,5.45725647768555e-08
2018-02-16,1.003776308229566e-07,1.0878108965435669e-07,1.0878989114708697e-07
2018-02-19,1.9273055188070988e-08,2.4705427349888915e-08,2.4709643649692634e-08
2018-02-20,2.3272401143478312e-08,2.6531017920796775e-08,2.6522597762566887e-08
2018-02-21,1.7519596919477506e-08,1.8199814787362085e-08,1.8185706925919843e-08
2018-02-22,1.2603544018173635e-08,1.3532283909769368e-08,1.3523938214988663e-08
2018-02-23,1.1396377431825166e-08,1.0882482437507828e-08,1.087650165680253e-08
2018-02-26,2.92291975573009e-08,2.7521491678634793e-08,2.7518175149150162e-08
2018-02-27,2.8426715757495906e-08,2.7907245988716458e-08,2.7901939921702023e-08
2018-02-28,8.15940977484404e-08,8.819922477962667e-08,8.821666107780337e-08
2018-03-01,4.455277117788981e-08,4.406997292787757e-08,4.4108841146649455e-08
2018-03-02,2.1299570044346755e-08,2.2138779710174912e-08,2.2167259737297168e-08
2018-03-05,6.656070936753014e-08,6.379599691257773e-08,6.3787405146759e-08
2018-03-06,1.313283066039956e-08,1.3205748901278917e-08,1.320798207446386e-08
2018-03-07,3.5149125535995126e-08,3.383614753884439e-08,3.382770086193119e-08
2018-03-08,1.67253102958487e-08,1.4725303967646328e-08,1.4727269607832163e-08
2018-03-09,2.9650140087938367e-08,2.8338345405993903e-08,2.8337821580493504e-08
2018-03-12,1.1689399448634304e-07,1.1239101414946992e-07,1.1239956329000963e-07
2018-03-13,3.1951498990408036e-08,3.3312333601337665e-08,3.3319240487523814e-08
2018-03-14,1.384015640811175e-08,1.3094856358650554e-08,1.3084909749178775e-08
2018-03-15,2.666280178979161e-08,2.7476565447205023e-08,2.74822434633268e-08
2018-03-16,5.894832425508543e-08,5.411418423132146e-08,5.413105968944162e-08
2018-03-19,1.720413084695501e-07,1.6226557342997618e-07,1.6228991698590767e-07
2018-03-20,6.971463600663197e-08,6.511969872906668e-08,6.513338115867152e-08
2018-03-21,5.100238794597815e-08,5.188865220314468e-08,5.186964265093435e-08
2018-03-22,1.4521256376415237e-08,1.529472412646922e-08,1.527824766576103e-08
2018-03-23,1.867522799360386e-08,1.8987658474191088e-08,1.8973975070372358e-08
2018-03-26,3.1215105195441744e-08,2.6750699276580453e-08,2.674758584180251e-08
2018-03-27,2.1820775885150398e-08,1.8044084445647995e-08,1.804641928839673e-08
2018-03-28,2.0127429863722779e-07,1.8651699056321488e-07,1.865228217356984e-07
2018-03-29,1.0165563579935847e-08,1.1204292040982443e-08,1.1188971720001223e-08
2018-03-30,4.300733022380155e-08,4.6718392403410096e-08,4.673433346355135e-08
2018-04-02,5.718911796717705e-08,4.971536039170727e-08,4.9741433585534697e-08
2018-04-03,2.795252650451856e-08,2.397168944540593e-08,2.3971365732227485e-08
2018-04-04,1.4036459052003647e-08,1.4158296883374876e-08,1.4161617115457016e-08
2018-04-05,5.5582981953520135e-08,5.6481940303699954e-08,5.6487278191599743e-08
2018-04-06,7.259522128383395e-08,6.80752579685244e-08,6.814204792902596e-08
2018-04-09,3.612033880731306e-08,3.476753449098592e-08,3.478255636254704e-08
2018-04-10,3.910282355265857e-07,3.729983454643554e-07,3.729486321307771e-07
2018-04-11,3.7129066685719264e-08,4.207916231373495e-08,4.216285494449393e-08
2018-04-12,3.773967320501355e-08,3.9220547901769085e-08,3.9242130271153686e-08
2018-04-13,1.9877198396211056e-08,2.191394419379428e-08,2.1901583743275457e-08
2018-04-16,3.327809745643626e-08,3.070402948061724e-08,3.069380612861486e-08
2018-04-17,4.7027452813050634e-08,4.3285253539102905e-08,4.324841084246095e-08
2018-04-18,1.6530093809190812e-07,1.618294901114121e-07,1.6177761216269814e-07
2018-04-19,6.178810229387039e-08,5.2516925980037805e-08,5.255149496819754e-08
2018-04-20,2.476473037996866e-08,2.406133344230833e-08,2.4052541521527873e-08
2018-04-23,2.8282601680158657e-08,2.9615152129216854e-08,2.960231760230091e-08
2018-04-24,2.2011006490123892e-07,2.2145509377005442e-07,2.2144299996382768e-07
2018-04-25,6.582872983700888e-07,6.7790985537438e-07,6.777958107092731e-07
2018-04-26,4.0168190411090454e-08,3.923968720785235e-08,3.9327521617750746e-08
2018-04-27,6.047198474633159e-08,5.2500541225948954e-08,5.2519463821302985e-08
2018-04-30,1.590391486821298e-07,1.51027195538187e-07,1.510687656507011e-07
2018-05-01,1.4367684443098576e-07,1.4543477642932163e-07,1.4545499615394354e-07
2018-05-02,3.6951985274302704e-08,3.3739968267707826e-08,3.3744159355028204e-08
2018-05-03,4.1265759067228945e-08,4.52118155825971e-08,4.522815676019819e-08
2018-05-04,5.1050409978903065e-08,4.586122154759117e-08,4.5855615471711805e-08
2018-05-07,1.043995337094365e-07,9.030449978060638e-08,9.030045120864015e-08
2018-05-08,6.101471295777035e-08,6.521672428274255e-08,6.525810073798186e-08
2018-05-09,5.0449817981296096e-08,5.579540753952849e-08,5.580842089307786e-08
2018-05-10,2.823390015985333e-08,3.2811926168938424e-08,3.2814917777757375e-08
2018-05-11,6.293116680191301e-08,6.048150459326542e-08,6.047430396407275e-08
2018-05-14,6.957388583444586e-08,7.083720617326e-08,7.087378707933464e-08
2018-05-15,2.8555487939507737e-07,2.564960768887831e-07,2.564650978311503e-07
2018-05-16,8.94489701900994e-08,8.579690667128854e-08,8.575098431005357e-08
2018-05-17,4.7348914349653885e-08,5.564860162506425e-08,5.564873121652946e-08
2018-05-18,6.560699450554082e-08,6.11184240613592e-08,6.11387778027692e-08
2018-05-21,8.628974900619802e-08,8.800904037640845e-08,8.802411314125045e-08
2018-05-22,1.6326843578720297e-08,2.2192024164737557e-08,2.21615860405016e-08
2018-05-23,7.49640154054077e-08,6.720263146617859e-08,6.718217052440131e-08
2018-05-24,5.705383110227839e-08,5.6293091481586504e-08,5.6280795995268667e-08
2018-05-25,2.2117663528579296e-08,2.42702388527788e-08,2.424590570829592e-08
2018-05-28,1.4229534130731142e-08,1.566293646539154e-08,1.5641100980074877e-08
2018-05-29,1.53379743420573e-07,1.629279343888803e-07,1.629439597125315e-07
2018-05-30,1.699914399891466e-07,1.6253874610235141e-07,1.623687079025897e-07
2018-05-31,9.505596650539255e-08,9.127563567219949e-08,9.13727752807793e-08
2018-06-01,3.641930512262726e-08,4.1763573706537474e-08,4.1724298332810785e-08
2018-06-04,1.5779642893973698e-08,1.8118945227590507e-08,1.8096347424040503e-08
2018-06-05,2.009931290992904e-07,1.8063761111506482e-07,1.806539104757256e-07
2018-06-06,5.126369647308342e-08,5.074448514657005e-08,5.087092429269825e-08
2018-06-07,5.5542827249520075e-08,5.666270533034549e-08,5.666447896128582e-08
2018-06-08,4.1341109018553004e-08,4.017513286140345e-08,4.0163489650502855e-08
2018-06-11,2.1592058897183317e-08,2.5171464303216153e-08,2.5152505346331322e-08
2018-06-12,8.089650245216313e-08,7.795757630524575e-08,7.798033306785531e-08
2018-06-13,9.763424058162548e-08,9.692297772682825e-08,9.696503159607168e-08
2018-06-14,3.2050308508616906e-08,2.5741060747131444e-08,2.5777001347169705e-08
2018-06-15,4.1459642033456214e-08,4.445183771340172e-08,4.444074914478347e-08
2018-06-18,3.971450907107909e-08,4.3062521567216986e-08,4.3061067040466095e-08
2018-06-19,9.017730703979096e-08,7.70444246558348e-08,7.704940021183844e-08
2018-06-20,9.040535437035467e-08,8.929949141800087e-08,8.922280674375651e-08
2018-06-21,3.00853912498995e-08,3.492693188588454e-08,3.495002451121237e-08
2018-06-22,1.6128134109664274e-08,1.6963795102029688e-08,1.6957904840623202e-08
2018-06-25,5.1845915887103657e-08,5.1128866840379124e-08,5.112729691816155e-08
2018-06-26,3.278136554438775e-08,3.351022897801052e-08,3.346771653938089e-08
2018-06-27,3.727018132161975e-08,3.517664734333285e-08,3.519476693779853e-08
2018-06-28,2.1994281702316096e-08,2.2403169656976442e-08,2.241540853661717e-08
2018-06-29,3.034124441624736e-08,2.6426485782992092e-08,2.6421849818717736e-08
2018-07-02,3.058377801209415e-08,3.205044705290305e-08,3.2058447281367505e-08
2018-07-03,5.799197298327217e-08,5.8262623838554974e-08,5.8275576036032016e-08
2018-07-04,2.6209708635461945e-08,2.6337984281846877e-08,2.636292355241179e-08
2018-07-05,1.7628185487910102e-08,1.5533756094165493e-08,1.553318119547749e-08
2018-07-06,1.649102131812544e-08,1.564630174037604e-08,1.5643337516187273e-08
2018-07-09,4.220501593444342e-08,3.8299352151135166e-08,3.8306402320692955e-08
2018-07-10,3.335201976052523e-08,3.223373594800553e-08,3.2250772254106346e-08
2018-07-11,1.1620740375547939e-07,1.1470603981504522e-07,1.1473734795938131e-07
2018-07-12,1.6266976010860383e-08,1.5700432843783316e-08,1.574243482565015e-08
2018-07-13,1.384976709932419e-07,1.297692386406254e-07,1.2977027864200648e-07
2018-07-16,3.723510935294254e-08,3.239642850033218e-08,3.241139948238387e-08
2018-07-17,1.3887186267739429e-08,1.6499687804802192e-08,1.6510713826952925e-08
2018-07-18,6.088317584941265e-08,6.422192141107071e-08,6.422313882520653e-08
2018-07-19,3.877304791572061e-08,3.361401476134636e-08,3.36370147423889e-08
2018-07-20,5.4916151563117594e-08,5.3304962051342155e-08,5.3334502747881654e-08
2018-07-23,2.438933133074534e-08,2.2885074511256924e-08,2.287018936063494e-08
2018-07-24,1.111192703254919e-08,1.1524876594957304e-08,1.1517327580811375e-08
2018-07-25,2.0663249957610132e-08,2.0649751426450503e-08,2.0650244710684632e-08
2018-07-26,5.6067299801178654e-08,6.15480920105785e-08,6.156161326799009e-08
2018-07-27,4.993592195765672e-08,5.435213888351363e-08,5.43517187361516e-08
2018-07-30,3.068816568594842e-08,3.227315936157276e-08,3.227260150923213e-08
2018-07-31,4.49191124848043e-08,4.643411964446646e-08,4.641375410028525e-08
2018-08-01,6.889764509808096e-08,6.823811370275487e-08,6.826551481069017e-08
2018-08-02,2.4269468628853996e-08,2.2604682323197588e-08,2.2574240245261495e-08
2018-08-03,5.814899566376756e-08,5.753628045266855e-08,5.7545601640681004e-08
2018-08-06,2.3304353217393813e-08,2.49490766896512e-08,2.4956854516206653e-08
2018-08-07,1.3446107299574084e-08,1.334158077540021e-08,1.3334010032317288e-08
2018-08-08,4.422685058931043e-07,4.3471844691408777e-07,4.34770217193898e-07
2018-08-09,2.6098519055651646e-08,2.8236582814376173e-08,2.8333461741871846e-08
2018-08-10,1.2685598825443857e-08,1.4694606437377462e-08,1.4705544202788498e-08
2018-08-13,1.6499975777220804e-08,1.7577439067215724e-08,1.7575676337082463e-08
2018-08-14,3.309317677936766e-08,3.239015974146253e-08,3.238332329852481e-08
2018-08-15,3.495784701739186e-08,3.600696096325661e-08,3.602444011659662e-08
2018-08-16,2.776577084503496e-08,2.84287291105896e-08,2.8447034341439038e-08
2018-08-17,4.127276759155721e-08,3.973958185786038e-08,3.973727222114741e-08
2018-08-20,2.3440705367079892e-08,2.3143690706462184e-08,2.3129546166861775e-08
2018-08-21,1.208380902687246e-07,1.1950902519713032e-07,1.195363578659712e-07
2018-08-22,1.97690491609119e-08,1.9400659021677952e-08,1.940976754836076e-08
2018-08-23,7.140708318242028e-08,7.109920211484302e-08,7.109612334659199e-08
2018-08-24,4.5452962656646666e-08,4.6478029520622065e-08,4.6498128227624486e-08
2018-08-27,3.799910903199019e-08,3.668545727911404e-08,3.668592175809667e-08
2018-08-28,2.886510324832683e-08,2.9508721324130406e-08,2.9507292790756728e-08
2018-08-29,1.917592025581242e-08,1.76040954964451e-08,1.7601669607114453e-08
2018-08-30,3.083640814213979e-08,2.9347764370327017e-08,2.934121933136499e-08
2018-08-31,1.0776822085536851e-07,1.0680179509166425e-07,1.0679313628572593e-07
2018-09-03,2.6892690554817342e-08,2.382284977974863e-08,2.383343774184392e-08
2018-09-04,5.263272998000544e-08,5.355491804606478e-08,5.356440376255289e-08
2018-09-05,4.4947122441370033e-08,4.600701024175091e-08,4.6019835581514265e-08
2018-09-06,7.857980720942943e-08,7.27862179752462e-08,7.280408196697871e-08
2018-09-07,3.8693674641157875e-08,3.597235187601797e-08,3.5925624981113756e-08
2018-09-10,5.356289322502365e-08,5.266307659744187e-08,5.268349913827418e-08
2018-09-11,8.440412520703974e-08,8.615620862506587e-08,8.616038877672052e-08
2018-09-12,1.8154026998451888e-07,1.8050378609871362e-07,1.8058094716775274e-07
2018-09-13,2.7090916243119606e-08,2.5298201067747783e-08,2.5309882925288642e-08
2018-09-14,1.916900213733368e-08,2.2058112178108507e-08,2.2058834667141108e-08
2018-09-17,4.217869130969715e-08,4.1050987249911626e-08,4.1044940300941425e-08
2018-09-18,4.068185050929202e-08,4.070140518652763e-08,4.0696053356811117e-08
2018-09-19,1.5855597155321438e-08,1.7373932886565446e-08,1.7339992803243497e-08
2018-09-20,6.13810804063873e-08,6.046708642507882e-08,6.047220973966139e-08
2018-09-21,6.092458536006362e-08,5.965564597361275e-08,5.966187893201301e-08
2018-09-24,2.1482795994243597e-07,2.0447200646256686e-07,2.045153406587046e-07
2018-09-25,3.9037996752216755e-08,4.019605011215575e-08,4.022574549564292e-08
2018-09-26,1.8380957863737605e-07,1.719960778847961e-07,1.7200158144146086e-07
2018-09-27,2.278981483462562e-08,2.5123952002605727e-08,2.5164280172613492e-08
2018-09-28,1.6578990866369752e-08,1.974786588748313e-08,1.974299765044163e-08
2018-10-01,2.3116397283649616e-08,2.315242071453808e-08,2.314625780154441e-08
2018-10-02,8.926968979270627e-08,8.582975712233689e-08,8.582921065949182e-08
2018-10-03,4.557442044792152e-08,4.172987108596047e-08,4.1765011030789215e-08
2018-10-04,1.0886905273021471e-08,1.2788055189306849e-08,1.2784042680633036e-08
2018-10-05,4.856271520373935e-08,4.5755985362578476e-08,4.5758910570462275e-08
2018-10-08,1.442045877198362e-08,1.330863256963215e-08,1.3312190558788188e-08
2018-10-09,3.3078187465625145e-08,2.8524269330982704e-08,2.8517362783622492e-08
2018-10-10,1.9916779371339285e-08,2.0454020683281043e-08,2.0470575880168766e-08
2018-10-11,2.8362826402280926e-08,2.8030775233257123e-08,2.8025759364492655e-08
2018-10-12,1.1346562390291113e-07,1.181223307867001e-07,1.1814864870414437e-07
2018-10-15,1.7953596360542214e-08,1.7953021407366254e-08,1.7975983272704874e-08
2018-10-16,4.95599985806804e-08,4.399440352965892e-08,4.3996124856848754e-08
2018-10-17,7.215794561085911e-08,6.811933882449725e-08,6.809999109347181e-08
2018-10-18,5.7658878790065635e-08,5.9445032642347876e-08,5.9479421428617436e-08
2018-10-19,2.7586988927943642e-08,2.7126718382934405e-08,2.711566557856417e-08
2018-10-22,4.266036853272914e-08,3.704161186741026e-08,3.7028761662631936e-08
2018-10-23,2.133697644641104e-08,2.2076040478986052e-08,2.2070364811561446e-08
2018-10-24,1.733668006910857e-08,1.858644224012034e-08,1.8572647493685216e-08
2018-10-25,1.620923396634815e-08,1.6268181457873326e-08,1.6257412056544178e-08
2018-10-26,6.001873259035896e-08,6.606046092655866e-08,6.605867017979445e-08
2018-10-29,1.4319944413807662e-08,1.4348682889662102e-08,1.4363037136866314e-08
2018-10-30,3.2168697118497277e-08,3.1427337517589666e-08,3.1423621997423725e-08
2018-10-31,2.4140838396706004e-08,2.2822674366370017e-08,2.2816331200361948e-08
2018-11-01,7.35979293631512e-08,7.687278345402214e-08,7.686809390203408e-08
2018-11-02,2.5669034529427403e-08,2.499853708127179e-08,2.4993069448656868e-08
2018-11-05,1.2207736737690342e-08,1.0734202068460459e-08,1.0724648033763849e-08
2018-11-06,2.4649485379095313e-08,2.8804243918382727e-08,2.881696505212297e-08
2018-11-07,2.7934327316220437e-08,2.8258901937120933e-08,2.8257284967617478e-08
2018-11-08,1.2137326040817556e-08,1.1861391767495832e-08,1.1864789607649468e-08
2018-11-09,1.438300004674737e-08,1.2365606295340771e-08,1.2367751115694422e-08
2018-11-12,2.7006796503050657e-08,2.6276912366403037e-08,2.6272564445948004e-08
2018-11-13,2.6963060699363097e-08,2.497433286448743e-08,2.497201461664606e-08
2018-11-14,1.8423498005049328e-08,1.6765495427110005e-08,1.676481214190779e-08
2018-11-15,1.492462077778327e-08,1.2901917842970267e-08,1.290176480127186e-08
2018-11-16,1.9946290529994016e-08,1.7002063608163786e-08,1.699919874426097e-08
2018-11-19,1.6442546752449425e-08,1.3394755680783726e-08,1.3390899303764934e-08
2018-11-20,1.649115144799758e-08,1.319214937243219e-08,1.3188503128445033e-08
2018-11-21,1.0589169893700617e-08,6.930592944780236e-09,6.9264972633371574e-09
2018-11-22,2.5322925431055167e-08,2.1889058911572464e-08,2.1884880824391163e-08
2018-11-23,1.6380276341506658e-08,1.2529880241257804e-08,1.2526672214644808e-08
2018-11-26,2.0893621568800183e-08,2.0005937062301864e-08,2.000462850389012e-08
2018-11-27,2.8766195759433263e-08,2.6136063082706008e-08,2.6137789198052937e-08
2018-11-28,1.6090740508120488e-08,1.1690288321888817e-08,1.1669455152738862e-08
2018-11-29,1.0167425731577174e-08,7.044938143856294e-09,7.042198327932725e-09
2018-11-30,1.2524162805520713e-08,1.0323829991065274e-08,1.0321204183750053e-08
2018-12-03,1.2073158319177596e-08,1.1049847747265374e-08,1.1047656143101144e-08
2018-12-04,1.3741890946133024e-08,9.343520740906947e-09,9.347032270879818e-09
2018-12-05,3.155727303362221e-08,3.5723149862350525e-08,3.572987584998304e-08
2018-12-06,2.5985856914154484e-08,2.9329558457073325e-08,2.9313714277151895e-08
2018-12-07,2.1968211753451066e-08,1.8902713255667467e-08,1.8911792481019602e-08
2018-12-10,1.6023550813972216e-08,1.4804134541656471e-08,1.4802940938394767e-08
2018-12-11,4.2047596388518056e-08,4.882774968273002e-08,4.883202094620334e-08
2018-12-12,2.116520403965981e-08,2.1266475867406954e-08,2.1242837834538584e-08
2018-12-13,9.377338260905778e-08,1.0022919068069541e-07,1.0022955419751641e-07
2018-12-14,5.8522915430438e-08,6.218132343840373e-08,6.21360486153775e-08
2018-12-17,1.4974176388308946e-08,1.3310088735365705e-08,1.3313246507498484e-08
2018-12-18,8.42498110420223e-09,6.805472934610711e-09,6.804708044000063e-09
2018-12-19,1.9865147911908835e-08,1.76669617554474e-08,1.767047513566608e-08
2018-12-20,6.036218664430097e-08,6.205665505649015e-08,6.208434426724595e-08
2018-12-21,2.0814905831660488e-08,2.0182838237710133e-08,2.018283483456055e-08
2018-12-24,3.797270211423991e-08,3.613483734322642e-08,3.6128358352117703e-08
2018-12-25,1.1437249765106812e-08,8.891322417889912e-09,8.873630221236446e-09
2018-12-26,4.3342361248042e-08,4.3148490741280276e-08,4.3154676594004765e-08
2018-12-27,3.41188852109627e-08,3.241723084760912e-08,3.2411879617356473e-08
2018-12-28,3.4023961829217234e-07,3.524554104071746e-07,3.52393501890329e-07
2018-12-31,1.7682323739249133e-08,1.7670136928845668e-08,1.7747341649170067e-08
2019-01-01,7.182694669213216e-08,6.94846844102096e-08,6.950842493999557e-08
2019-01-02,4.7769374475495255e-08,4.756701693892718e-08,4.759782731104701e-08
2019-01-03,3.01090561915795e-08,3.022284154090022e-08,3.019849998013045e-08
2019-01-04,2.110085167540108e-08,2.0561178217786906e-08,2.056476935852556e-08
2019-01-07,4.5260830083863504e-08,4.4008950273195175e-08,4.3997929717288935e-08
2019-01-08,2.3062075083456852e-08,2.2448366566963496e-08,2.246225568133306e-08
2019-01-09,5.3968942978172434e-08,5.376019663835234e-08,5.377755505476813e-08
2019-01-10,3.8136956427885925e-08,3.73304724744902e-08,3.72992254189487e-08
2019-01-11,2.620450136656117e-07,2.6673742504430876e-07,2.667763979137894e-07
2019-01-14,1.5882254105492704e-08,1.716399051840311e-08,1.7217968800358264e-08
2019-01-15,7.909127805101994e-07,7.831948043188247e-07,7.832799408666511e-07
2019-01-16,1.1461335144579761e-07,1.1693104090041058e-07,1.1700531278269438e-07
2019-01-17,4.1692130270471936e-08,3.9857655212784964e-08,3.985536836501393e-08
2019-01-18,7.618403872267407e-08,7.861686628149274e-08,7.86261548401201e-08
2019-01-21,1.940831157005492e-07,1.816113469466968e-07,1.8162278316083612e-07
2019-01-22,8.775281970635287e-08,7.968762719019612e-08,7.967159087454885e-08
2019-01-23,2.7143643686596116e-07,2.406773255142889e-07,2.4046615825645846e-07
2019-01-24,1.3417205470224087e-07,1.3277656354660294e-07,1.328727156539833e-07
2019-01-25,8.621050800660932e-08,9.638458417583455e-08,9.638586329593582e-08
2019-01-28,7.865218940673373e-08,8.191664356020396e-08,8.192943286191517e-08
2019-01-29,3.677159339065183e-08,3.800654868372558e-08,3.8013282403458967e-08
2019-01-30,7.102188986446693e-08,6.383743870547808e-08,6.384690081112845e-08
2019-01-31,3.8682999062166686e-08,4.06950094741747e-08,4.068714377969102e-08
2019-02-01,1.005939477092124e-07,8.920559876231283e-08,8.915882232222245e-08
2019-02-04,1.418317208690428e-07,1.3607597288646652e-07,1.361158729308365e-07
2019-02-05,8.040103383961354e-08,8.215358873976877e-08,8.215579737196599e-08
2019-02-06,4.5549485779063866e-08,4.942772843887734e-08,4.9450740210457506e-08
2019-02-07,5.897679631295478e-08,5.792182972110769e-08,5.792801310356108e-08
2019-02-08,7.235725873965507e-08,7.669750334789429e-08,7.670499854356632e-08
2019-02-11,2.117016819614185e-08,2.628468652319233e-08,2.6260967435984155e-08
2019-02-12,5.7906181747051485e-08,6.164162407141556e-08,6.1612690385082e-08
2019-02-13,1.9932958902893543e-08,2.086715639222379e-08,2.0841908896962607e-08
2019-02-14,5.2883978712030935e-08,5.196457205702538e-08,5.197068539288414e-08
2019-02-15,7.016086327209548e-07,6.81380059772209e-07,6.813042521053777e-07
2019-02-18,1.3957354268154625e-07,1.3443412241185478e-07,1.3438461855904573e-07
2019-02-19,1.8307989293117292e-06,1.726563829152994e-06,1.7262469104116627e-06
2019-02-20,1.2139075017946264e-07,1.3645141172238987e-07,1.367896169407494e-07
2019-02-21,3.3840616748162366e-07,2.725213037316074e-07,2.7258515049193944e-07
2019-02-22,3.189876001777509e-07,3.373538827542853e-07,3.373206312857522e-07
2019-02-25,3.730480264208827e-08,6.329312190848569e-08,6.319647264309387e-08
2019-02-26,2.4587098596954244e-07,2.1042435684255802e-07,2.1055662156234787e-07
2019-02-27,3.3627776534145125e-07,2.885150895611009e-07,2.8839998100439086e-07
2019-02-28,3.9034809666042614e-08,6.086289952650528e-08,6.089091322008047e-08
2019-03-01,1.3732568346225355e-06,1.2093585521904713e-06,1.209170138376188e-06
2019-03-04,1.3042121799021671e-07,1.603158397677286e-07,1.6065903795749405e-07
2019-03-05,5.0583904630892745e-08,6.818564583753664e-08,6.819368224654095e-08
2019-03-06,5.5576659986866694e-08,8.314529002667192e-08,8.317512398705279e-08
2019-03-07,7.198579691542494e-08,9.252329622294527e-08,9.248118433081247e-08
2019-03-08,1.94759133731749e-07,1.5248903661843777e-07,1.526167321298513e-07
2019-03-11,4.897331310200757e-08,6.980842871593114e-08,6.989309840025458e-08
2019-03-12,3.697173184343219e-08,5.502839710400746e-08,5.498206651830233e-08
2019-03-13,1.3004090117895194e-07,1.2288894122718102e-07,1.228997464713618e-07
2019-03-14,5.1393311295380326e-08,4.377973297932498e-08,4.373808661851856e-08
2019-03-15,1.1735137952061652e-07,1.1390539982817364e-07,1.139416341392577e-07
2019-03-18,3.003482188344072e-08,4.358629426185627e-08,4.358146620106616e-08
2019-03-19,8.91295458540742e-08,9.377997576404668e-08,9.37551210744071e-08
2019-03-20,3.2242342586247115e-08,3.8885710378312637e-08,3.8842053535574206e-08
2019-03-21,1.357533387201947e-07,1.2839130112092693e-07,1.2838924786016547e-07
2019-03-22,6.774148060727204e-08,6.192456056035414e-08,6.197966433345894e-08
2019-03-25,1.0446396683741359e-07,1.0359754770476987e-07,1.0356583980728853e-07
2019-03-26,3.322766008061518e-08,4.156137463644797e-08,4.155712616242731e-08
2019-03-27,3.1079135682903137e-07,2.8140308861749114e-07,2.8151497962281866e-07
2019-03-28,3.09738267448647e-08,3.9393709781433625e-08,3.9455568532385354e-08
2019-03-29,1.6631701093364546e-07,1.5968257875769685e-07,1.5966877656496235e-07
2019-04-01,3.5456276631637033e-08,4.352859138191743e-08,4.355213687388293e-08
2019-04-02,6.260138327772215e-08,6.775517436931274e-08,6.77284570388768e-08
2019-04-03,4.865134249925614e-08,5.452746769063478e-08,5.451442834063308e-08
2019-04-04,6.348935988961307e-08,6.664161537268611e-08,6.661876807674645e-08
2019-04-05,3.082213769668961e-07,2.873029465610531e-07,2.872894998481368e-07
2019-04-08,2.8093425361303795e-08,3.7843603508111124e-08,3.792388028368218e-08
2019-04-09,4.536424594916901e-08,5.2102505409305184e-08,5.209534551224217e-08
2019-04-10,6.221943558646324e-08,6.753558637793011e-08,6.752275999858872e-08
2019-04-11,4.642639843636373e-07,4.387320701064289e-07,4.38818461826756e-07
2019-04-12,9.22015525943035e-08,8.827418502943508e-08,8.837543627984099e-08
2019-04-15,5.970526840022154e-08,6.08608846895288e-08,6.086022379668481e-08
2019-04-16,3.668462427616874e-08,4.3858470680385044e-08,4.38603186508978e-08
2019-04-17,2.5565602722475195e-08,3.275301734177359e-08,3.274387269706597e-08
2019-04-18,4.8175577019127554e-08,5.230724622281601e-08,5.2293624566803185e-08
2019-04-19,5.580790650574542e-07,5.36063459149624e-07,5.360866287253321e-07
2019-04-22,2.132618078341841e-08,2.9434192490942148e-08,2.9516017024772544e-08
2019-04-23,8.017904905018716e-08,7.176956599637134e-08,7.177418599229023e-08
2019-04-24,5.119654027093798e-08,5.6769796307328494e-08,5.6788310066716065e-08
2019-04-25,3.266823684908693e-07,3.025051804889561e-07,3.025518282743923e-07
2019-04-26,1.625018589242577e-07,1.6762970635097548e-07,1.677319899760525e-07
2019-04-29,1.841455335012295e-08,2.1940793242093773e-08,2.194340436504462e-08
2019-04-30,4.543163862754666e-08,5.308694026321893e-08,5.3084785266838734e-08
2019-05-01,4.9104772184606876e-08,5.400155963289283e-08,5.399247768267296e-08
2019-05-02,8.866968367507863e-08,9.002288787809244e-08,9.001311246968858e-08
2019-05-03,2.0676249014485328e-08,2.4925156564726905e-08,2.4941169457367496e-08
2019-05-06,3.652413461914315e-07,3.505359747638951e-07,3.5055959288723756e-07
2019-05-07,5.5606138909771857e-08,6.037156775175488e-08,6.039022371757153e-08
2019-05-08,6.565064120196355e-08,6.949690870583029e-08,6.944659690334389e-08
2019-05-09,5.168562878438234e-08,5.477813282795064e-08,5.477097948012228e-08
2019-05-10,4.314063757600251e-08,4.1793563676671043e-08,4.179490862092604e-08
2019-05-13,6.737859192076426e-08,6.899818086002053e-08,6.901285761881323e-08
2019-05-14,4.212543610211637e-08,4.701022404829988e-08,4.701100595176151e-08
2019-05-15,2.8013371266717387e-08,3.155055250373151e-08,3.1539751018567604e-08
2019-05-16,2.7142367472826414e-08,2.8205612355748057e-08,2.819659577653365e-08
2019-05-17,3.275450790986362e-08,3.4075319183731893e-08,3.407930934693029e-08
2019-05-20,3.399847020373369e-08,3.4729689479738554e-08,3.471627189340522e-08
2019-05-21,1.0491665793210899e-07,1.0040117405792315e-07,1.0042715370179746e-07
2019-05-22,2.143708415874433e-08,2.1867226262537097e-08,2.1884321210409435e-08
2019-05-23,6.063596025813197e-08,6.120578220190705e-08,6.12153263126245e-08
2019-05-24,2.2311076626527012e-08,2.4206290882796672e-08,2.4233972378801338e-08
2019-05-27,1.647560119342391e-08,1.651990164290394e-08,1.6515281643257555e-08
2019-05-28,3.0491835204360214e-08,3.022397357528868e-08,3.021875366454267e-08
2019-05-29,1.8835410086748384e-08,1.850982505143578e-08,1.849673515161771e-08
2019-05-30,2.117749874266238e-08,2.062883118536378e-08,2.0631192344242024e-08
2019-05-31,5.297590397773974e-08,5.4558270041878326e-08,5.45588505889372e-08
2019-06-03,4.973484014066731e-08,4.7543603433653335e-08,4.752977889312919e-08
2019-06-04,2.7918008565557958e-08,2.7683223576611368e-08,2.7689611293210017e-08
2019-06-05,6.668144816378182e-08,6.519855680697105e-08,6.521322354383305e-08
2019-06-06,4.3711121663527305e-08,4.262869447887393e-08,4.263756838998347e-08
2019-06-07,2.1830872421547272e-08,2.170175756738803e-08,2.1705942686557818e-08
2019-06-10,1.0092037296944311e-08,9.349677388271676e-09,9.346533927167853e-09
2019-06-11,2.1826796341148772e-08,1.9927615552818334e-08,1.992518107446153e-08
2019-06-12,1.2099740661590377e-08,1.0432832764983662e-08,1.042625091956948e-08
2019-06-13,1.9716040456349855e-08,1.7709651452570378e-08,1.7707548575638142e-08
2019-06-14,2.980074230031739e-08,2.6964543414099985e-08,2.6964375068138605e-08
2019-06-17,2.380729421166673e-08,1.9740326483715467e-08,1.974134870775739e-08
2019-06-18,1.2903430037009695e-08,1.0201149159718153e-08,1.0202547741688287e-08
2019-06-19,2.061620457021402e-07,2.1818036982957901e-07,2.182013114748981e-07
2019-06-20,3.1443000483728174e-08,3.045398339645409e-08,3.050902082111757e-08
2019-06-21,1.023850598100504e-07,9.973893970130884e-08,9.974000671668423e-08
2019-06-24,1.4786043900330697e-08,1.3557682360192627e-08,1.3566923959802861e-08
2019-06-25,1.4823543268130175e-08,1.4153216606548533e-08,1.4148756906768093e-08
2019-06-26,6.370026579323805e-08,6.179722228580089e-08,6.179855944504139e-08
2019-06-27,2.6961486926556068e-08,2.6247754975447194e-08,2.624559377778179e-08
2019-06-28,2.7598046452055037e-08,2.619071955945197e-08,2.6187309439946925e-08
2019-07-01,3.321129123998094e-08,3.054392486449284e-08,3.0539759110757506e-08
2019-07-02,2.0698112816213578e-08,2.045351902023749e-08,2.0446019317655926e-08
2019-07-03,3.990407119453376e-08,4.078704734354272e-08,4.0784982253433e-08
2019-07-04,1.6456656871515765e-08,1.398763243028273e-08,1.3997510784254892e-08
2019-07-05,1.9182527065961948e-08,2.072238620395213e-08,2.0719361908604465e-08
2019-07-08,1.3238658552131482e-08,1.1081734376898163e-08,1.1086026877167758e-08
2019-07-09,3.3789297876014594e-08,3.0893925628730816e-08,3.089052207998623e-08
2019-07-10,3.9571341672211094e-08,3.867868649379071e-08,3.868349226195951e-08
2019-07-11,2.2987587620727493e-08,1.9502534661650942e-08,1.9500909229117043e-08
2019-07-12,3.0216339319973806e-08,2.9576197799397955e-08,2.9582333148699235e-08
2019-07-15,1.089223204176204e-08,7.92798046933176e-09,7.929448380677901e-09
2019-07-16,6.710246771983175e-08,7.281150220864665e-08,7.280729681113176e-08
2019-07-17,3.0166460205919217e-08,2.9367051591053258e-08,2.9377469395532847e-08
2019-07-18,3.841631068309279e-08,4.081963993763347e-08,4.081807805121914e-08
2019-07-19,5.619179145555542e-08,5.568613242460322e-08,5.568599566136723e-08
2019-07-22,2.530704450324667e-08,2.3741671861371726e-08,2.3743845261910407e-08
2019-07-23,3.296045316509459e-08,2.986442691830261e-08,2.98653447048245e-08
2019-07-24,6.243441086824896e-08,6.92158635090443e-08,6.920416468560518e-08
2019-07-25,5.2739099418294914e-08,5.34398191963921e-08,5.344954546198343e-08
2019-07-26,5.5249057563990365e-08,5.2736038160972446e-08,5.274479939395262e-08
2019-07-29,6.070295400109535e-08,5.6322108565461766e-08,5.633237454775349e-08
2019-07-30,2.1462435699441927e-08,2.086612441149755e-08,2.0869697074343966e-08
2019-07-31,6.18485205977258e-08,5.7623651586036756e-08,5.762622839392903e-08
2019-08-01,2.1103815140146494e-08,2.034018542715312e-08,2.0353070584659776e-08
2019-08-02,2.9738440695754335e-08,3.093606684621599e-08,3.093784993265846e-08
2019-08-05,1.187397220661462e-08,1.067895407949208e-08,1.0675649901585934e-08
2019-08-06,1.8208084303885207e-08,1.6191257187569002e-08,1.618696051032506e-08
2019-08-07,1.0966146094789522e-08,9.06357678576044e-09,9.059495459733428e-09
2019-08-08,6.200643974721599e-08,6.471542490947636e-08,6.471900344802652e-08
2019-08-09,4.487372404261882e-08,4.283049619418452e-08,4.284436828182412e-08
2019-08-12,3.3973749894295363e-07,3.410480219375365e-07,3.4110444205576507e-07
2019-08-13,3.007045421507276e-08,2.8591432409931984e-08,2.8621616144824737e-08
2019-08-14,4.331305631090324e-08,4.419536492573583e-08,4.419759304446804e-08
2019-08-15,1.0849965651271146e-07,1.0204855969510404e-07,1.0204099953602352e-07
2019-08-16,4.807271939116344e-08,4.797564211737588e-08,4.798465857097602e-08
2019-08-19,3.222242158065802e-08,3.323406125718484e-08,3.3230049634183295e-08
2019-08-20,4.6451420012013976e-08,4.709252320518212e-08,4.709095567459997e-08
2019-08-21,2.2825951543886228e-08,2.311177236365299e-08,2.3110372143803605e-08
2019-08-22,2.287126173362597e-08,2.3349783114698033e-08,2.3346884868347906e-08
2019-08-23,3.330631297817066e-08,3.3381464100252446e-08,3.3373949199925516e-08
2019-08-26,2.2454717658476833e-08,2.1011817072574e-08,2.100287446467269e-08
2019-08-27,1.634440064899247e-08,1.7931166326025258e-08,1.7929336739152706e-08
2019-08-28,3.379793533962093e-08,3.034576982778288e-08,3.033831410399239e-08
2019-08-29,1.4439800642924195e-08,1.3183517178031128e-08,1.3178596684149908e-08
2019-08-30,2.0962353394485067e-08,2.021959579613419e-08,2.0218771906436364e-08
2019-09-02,6.588636148672595e-08,6.418272972291689e-08,6.417895307946775e-08
2019-09-03,4.1221659373515024e-08,3.990038034498336e-08,3.9894451555889705e-08
2019-09-04,3.0489113089872607e-08,2.5734969259309262e-08,2.5729192919191578e-08
2019-09-05,1.7683118196819694e-08,1.605285134869867e-08,1.6047932448339215e-08
2019-09-06,4.564597199355796e-08,4.299607147694124e-08,4.300653624838483e-08
2019-09-09,3.9047722468934086e-08,4.194801575683678e-08,4.196073297763936e-08
2019-09-10,3.628725871743027e-08,3.621697396516086e-08,3.6224268160077104e-08
2019-09-11,2.905766414475253e-08,2.6994838194053024e-08,2.6979826594786762e-08
2019-09-12,2.0755564432079362e-08,1.8714687670923245e-08,1.8705815162666165e-08
2019-09-13,2.0705228548424242e-08,1.8679254892544054e-08,1.867421689328747e-08
2019-09-16,4.2946885823133165e-08,4.0395216168143625e-08,4.038937193152652e-08
2019-09-17,1.1803317439425938e-08,9.544508521220506e-09,9.532150313804833e-09
2019-09-18,2.522269234335933e-08,2.15740889338504e-08,2.1572176343024282e-08
2019-09-19,1.940795722931704e-08,1.6866188122385905e-08,1.6863938967031782e-08
2019-09-20,1.3493956044027662e-08,9.946952706670245e-09,9.945733694466537e-09
2019-09-23,1.0213457672721688e-08,8.549050593395307e-09,8.549294299622091e-09
2019-09-24,4.923046636568165e-08,4.392924147422503e-08,4.3929907987431196e-08
2019-09-25,1.3329192294165483e-08,9.978448341596164e-09,9.978702029721121e-09
2019-09-26,3.34317593580364e-08,2.9513748497142375e-08,2.951201695459508e-08
2019-09-27,1.7788262226492035e-08,1.8508566600604273e-08,1.8514365905312613e-08
2019-09-30,3.1108340328020813e-08,2.799263282710095e-08,2.7987028535075855e-08
2019-10-01,2.131289745824629e-07,2.248957303729586e-07,2.2488423989338948e-07
2019-10-02,2.350236196214536e-08,2.1396972382762933e-08,2.1391738637696348e-08
2019-10-03,1.7233399887308366e-08,1.674806042588371e-08,1.674826024488862e-08
2019-10-04,3.448226651272401e-08,3.437419655623897e-08,3.437057097106211e-08
2019-10-07,1.068933952957496e-07,1.155543364086889e-07,1.1556234026142576e-07
2019-10-08,2.0492050372844956e-08,2.0008287222525357e-08,2.002570231994258e-08
2019-10-09,2.0615062235706075e-08,1.9785695085541534e-08,1.977824318549286e-08
2019-10-10,1.908728784246414e-08,1.8244767598219204e-08,1.8241033029938232e-08
2019-10-11,4.5985799939861516e-08,4.850621620016056e-08,4.850386966772529e-08
2019-10-14,1.331198705348363e-08,1.1730637375421625e-08,1.1735043113436701e-08
2019-10-15,5.951528212159504e-08,5.897618535615599e-08,5.89734207499169e-08
2019-10-16,2.990234893353882e-08,2.8426695240222983e-08,2.8422665858167104e-08
2019-10-17,2.2014000712699935e-08,2.0488289208116224e-08,2.048811417354206e-08
2019-10-18,2.8783199074689517e-08,2.892148932062439e-08,2.892469290263652e-08
2019-10-21,7.410567176876672e-08,7.419264002622117e-08,7.419683938200615e-08
2019-10-22,2.2441990605574086e-08,2.1837207329196604e-08,2.183424355378657e-08
2019-10-23,9.637714836920505e-09,8.378646812424407e-09,8.372967923540398e-09
2019-10-24,1.0601081066958933e-08,8.944401983539048e-09,8.943077762240291e-09
2019-10-25,1.3777189148683246e-08,1.0741531781112557e-08,1.0740293030434663e-08
2019-10-28,2.5413651842794725e-08,2.4956325188135345e-08,2.4954326484763058e-08
2019-10-29,6.876339205065254e-08,7.021525248319815e-08,7.023154868650716e-08
2019-10-30,1.276345958878292e-08,1.0705385672379799e-08,1.0719159596441364e-08
2019-10-31,2.495118976599105e-08,2.312202252321068e-08,2.3121760574862994e-08
2019-11-01,1.280082860242118e-08,1.0296792707369851e-08,1.0291365291291323e-08
2019-11-04,5.953710533750638e-08,6.025509986892788e-08,6.025813026399012e-08
2019-11-05,2.7598085874271208e-08,2.8821949234329423e-08,2.8825765987737674e-08
2019-11-06,1.3862056423731835e-08,1.247357545843515e-08,1.2470822147923828e-08
2019-11-07,6.888210586879662e-08,6.892544245188451e-08,6.891530623805834e-08
2019-11-08,1.655706777154693e-08,1.5998619253282463e-08,1.6000230863766157e-08
2019-11-11,1.9541066863819232e-08,1.9264244451728717e-08,1.9267948243304524e-08
2019-11-12,2.8290674739925648e-08,2.9703299712660607e-08,2.9697876006068527e-08
2019-11-13,1.877265780050706e-08,1.9968946485405794e-08,1.9970688775295825e-08
2019-11-14,1.6580151076117456e-08,1.6254562581342573e-08,1.6256660849762268e-08
2019-11-15,2.1960830761685745e-08,1.9729002310400823e-08,1.9728929232669314e-08
2019-11-18,7.646196800269885e-08,7.987054254678414e-08,7.989595133140696e-08
2019-11-19,9.077405219422463e-09,7.904113116381024e-09,7.921121225945944e-09
2019-11-20,1.8892913786523228e-08,1.6199983036496672e-08,1.6199357596446508e-08
2019-11-21,3.3362435818137445e-08,3.1629609594774304e-08,3.163191183529726e-08
2019-11-22,6.515385349159064e-08,6.541256281980951e-08,6.540696903281782e-08
2019-11-25,2.2519448153446505e-08,2.1043030700057327e-08,2.10407891328083e-08
2019-11-26,1.9796348425035256e-08,1.8864410928775936e-08,1.885814805889913e-08
2019-11-27,1.6226126705943198e-08,1.3787633034270843e-08,1.3786957649043842e-08
2019-11-28,2.055277062888423e-08,1.8707993047063873e-08,1.8708411455104648e-08
2019-11-29,3.9879813075026175e-08,3.74998024148785e-08,3.7499142146539694e-08
2019-12-02,3.1242997167628065e-08,2.9044472856446355e-08,2.904040449649749e-08
2019-12-03,6.184647177664617e-08,6.467178804870013e-08,6.467493239675155e-08
2019-12-04,2.8353759793784045e-08,2.6118595217898068e-08,2.612914885701246e-08
2019-12-05,3.495553617820336e-08,3.2740366114808326e-08,3.2736543216802914e-08
2019-12-06,1.4422824363107813e-07,1.493488265965512e-07,1.4937402897959214e-07
2019-12-09,2.2245453346942885e-07,2.2732801250299927e-07,2.272486233355899e-07
2019-12-10,2.293772597484444e-08,2.3420894623580786e-08,2.343805235005918e-08
2019-12-11,3.215429687504459e-08,3.2477442074534647e-08,3.247539643134189e-08
2019-12-12,1.21313777881872e-08,1.17499163620144e-08,1.1744228679910919e-08
2019-12-13,1.595201966411279e-08,1.5150227820981195e-08,1.514836749669653e-08
2019-12-16,7.71011715170878e-08,7.758440066685274e-08,7.758931579995294e-08
2019-12-17,3.479901807400359e-08,3.458959733484972e-08,3.4586053855030774e-08
2019-12-18,6.647709021962101e-08,6.872348653097493e-08,6.873809211237411e-08
2019-12-19,2.343534462408832e-08,2.226061053116904e-08,2.225387983998978e-08
2019-12-20,4.8834230008670374e-08,4.721852296091822e-08,4.722205939378301e-08
2019-12-23,2.133233115888984e-08,2.082751778012499e-08,2.082266282844738e-08
2019-12-24,2.2289943228572216e-08,2.0747354151633784e-08,2.074308148614315e-08
2019-12-25,3.8502548076176484e-08,3.706277048480876e-08,3.706277477315475e-08
2019-12-26,3.167893859749297e-08,2.9949012837578176e-08,2.995462494472303e-08
2019-12-27,1.0989228636293193e-07,1.0512304226418363e-07,1.0512717806178002e-07
2019-12-30,2.3014516570112005e-08,2.2191411016087216e-08,2.221184996117546e-08
2019-12-31,1.6880465042542063e-08,1.5684646776346844e-08,1.568191428186796e-08
2020-01-01,2.0015056540421464e-07,2.030496773775552e-07,2.0305758397776921e-07
2020-01-02,2.4561902090337815e-07,2.3158829780152765e-07,2.3159499155791516e-07
2020-01-03,3.528862047663411e-08,3.500540367404048e-08,3.499094063673248e-08
2020-01-06,5.963426700824562e-08,5.6277673653308466e-08,5.627968471238259e-08
2020-01-07,2.357351810659067e-08,2.5728109819750366e-08,2.573465712595167e-08
2020-01-08,1.3504152743323956e-08,1.5427101665184928e-08,1.542433100206807e-08
2020-01-09,1.6336486904202835e-07,1.5534802949394953e-07,1.5535424384149664e-07
2020-01-10,4.338043357105139e-08,4.36126514159685e-08,4.363953325915729e-08
2020-01-13,6.55060470177164e-08,6.605799618317242e-08,6.605410436020078e-08
2020-01-14,1.3237384789666155e-07,1.2552369516738505e-07,1.2553771531723895e-07
2020-01-15,3.399301489673134e-08,3.157546471471527e-08,3.155646764100176e-08
2020-01-16,2.097637550113801e-08,2.284277706326199e-08,2.284510026357923e-08
2020-01-17,4.978047239537112e-07,4.893820583058758e-07,4.894000626299144e-07
2020-01-20,2.511230563975364e-07,2.4659303118107984e-07,2.465899769994647e-07
2020-01-21,2.4197433307069094e-08,3.185196200749148e-08,3.186907590018359e-08
2020-01-22,6.19683721245572e-08,5.8814796792592415e-08,5.8815697816825034e-08
2020-01-23,1.0585205256631337e-07,1.0512523824364004e-07,1.0513625513439808e-07
2020-01-24,3.9062340697754566e-08,3.904708935503568e-08,3.90414161193304e-08
2020-01-27,5.523167771829743e-08,6.011764612196277e-08,6.011806217193412e-08
2020-01-28,1.2637815119923344e-07,1.1621043237091749e-07,1.162342337810014e-07
2020-01-29,9.388459843774184e-08,9.653641504496703e-08,9.655452373981076e-08
2020-01-30,1.2458120424734537e-07,1.2940426998998353e-07,1.2941283801947598e-07
2020-01-31,1.6460706957077005e-07,1.623114637478012e-07,1.622615945370442e-07
2020-02-03,6.971799123630337e-08,5.79646592844366e-08,5.794729400780849e-08
2020-02-04,5.334689107178316e-08,5.8921411211777246e-08,5.895216685455234e-08
2020-02-05,1.4319342708501464e-08,2.0587736079464205e-08,2.057906278110798e-08
2020-02-06,1.0149999716529357e-07,9.31123823000468e-08,9.311625715335156e-08
2020-02-07,6.157493195316722e-08,6.405617473691781e-08,6.406638992993293e-08
2020-02-10,5.4109571352005874e-08,5.666093335698641e-08,5.665963178636902e-08
2020-02-11,2.1983923568486608e-08,2.4461151555156235e-08,2.4444007542986433e-08
2020-02-12,2.0301845944400158e-08,2.2939798968947578e-08,2.293116689809027e-08
2020-02-13,2.1415041519594713e-08,2.389262672629959e-08,2.3887184145113883e-08
2020-02-14,1.972146100658962e-08,2.0454289812162346e-08,2.0447107379987777e-08
2020-02-17,7.433694215710577e-08,7.488314805099527e-08,7.487564096793325e-08
2020-02-18,2.002764187246448e-08,2.0717359469009748e-08,2.0700317283393582e-08
2020-02-19,1.2307112172397504e-08,1.1714641881018047e-08,1.1708591248857487e-08
2020-02-20,1.7671607912205242e-08,2.002161560078335e-08,2.0022386060480862e-08
2020-02-21,4.774945570152319e-08,4.6577082492280495e-08,4.6580242514765045e-08
2020-02-24,7.839708871665168e-08,7.458346921756525e-08,7.458991280610101e-08
2020-02-25,8.011124226623388e-07,7.923370140419442e-07,7.924213676436802e-07
2020-02-26,3.9263021852139155e-08,4.27453765798489e-08,4.284502078915768e-08
2020-02-27,2.9326020295465626e-08,3.2563238482127456e-08,3.255945022432795e-08
2020-02-28,3.8786475183834866e-08,4.2623309441384514e-08,4.261720341672659e-08
2020-03-02,3.972410454075239e-08,3.708429931312041e-08,3.708220050735852e-08
2020-03-03,3.322101540555274e-08,3.287459218489526e-08,3.287593393888817e-08
2020-03-04,1.5657786051969605e-08,1.7726661311959788e-08,1.772235067368125e-08
2020-03-05,1.0157515921811224e-07,9.123767910852137e-08,9.123560533094927e-08
2020-03-06,8.970326233419775e-08,9.271691014731204e-08,9.272556768704839e-08
2020-03-09,2.1341825659638442e-08,2.0720652617485697e-08,2.0731246174431954e-08
2020-03-10,1.4597087943833313e-08,1.619002570397416e-08,1.6190519934941687e-08
2020-03-11,2.6946355030000606e-08,2.7553384205566332e-08,2.7555911646808053e-08
2020-03-12,8.688192463991122e-09,9.467865425320349e-09,9.466501777462511e-09
2020-03-13,3.426351431367485e-08,3.375605166818231e-08,3.375967831334781e-08
2020-03-16,3.6064502673175497e-08,3.2621621415211747e-08,3.261989037308153e-08
2020-03-17,7.701893270576609e-08,7.460138758676142e-08,7.460555875069487e-08
2020-03-18,1.626723521249125e-08,1.685848749089024e-08,1.686270448029537e-08
2020-03-19,1.2229480710370027e-08,1.2469890662078183e-08,1.2468597144845474e-08
2020-03-20,1.1373720085996442e-07,1.1602513207472622e-07,1.1602909324286627e-07
2020-03-23,6.222719888575785e-08,6.439350771056663e-08,6.440489985950576e-08
2020-03-24,1.0156106678094759e-07,1.0431599254518907e-07,1.0433381199057633e-07
2020-03-25,2.8735068638208228e-08,2.9050793418809823e-08,2.9045069035741553e-08
2020-03-26,2.4468471141172613e-07,2.40447526841976e-07,2.4040464870687815e-07
2020-03-27,1.883224251013339e-08,2.0790537700280587e-08,2.0787639853350087e-08
2020-03-30,8.348760225912409e-08,7.751400557316571e-08,7.747834282867664e-08
2020-03-31,1.3004937705188153e-08,1.5493325704039263e-08,1.550642356996332e-08
2020-04-01,1.81011822705071e-08,2.0719078415517564e-08,2.0718734461078656e-08
2020-04-02,3.9295395561685645e-08,4.034667145374708e-08,4.034198559348299e-08
2020-04-03,2.908804827546248e-08,3.060692573976692e-08,3.060140822173772e-08
2020-04-06,1.521611022314358e-08,1.4924898882808105e-08,1.492202979317598e-08
2020-04-07,4.1937859057290555e-08,4.1232521482775056e-08,4.123177092699265e-08
2020-04-08,1.4512314076057608e-07,1.454230992133899e-07,1.4542534439968295e-07
2020-04-09,3.016900106051981e-08,2.9515749251600176e-08,2.9514089877656508e-08
2020-04-10,1.8208272442015386e-08,1.8707109360157835e-08,1.8705422130143916e-08
2020-04-13,1.4735271132362553e-08,1.5298659228969957e-08,1.5300504195598066e-08
2020-04-14,9.284010339678182e-08,8.793184262101595e-08,8.793420372059431e-08
2020-04-15,9.154483526128923e-08,8.971276016284745e-08,8.970004682108252e-08
2020-04-16,1.778815756098342e-08,2.0295973222687423e-08,2.0307991115896765e-08
2020-04-17,2.6404783968449936e-08,2.8412629146401524e-08,2.8409376461523683e-08
2020-04-20,9.80544882348118e-08,9.210700928553249e-08,9.211190378127774e-08
2020-04-21,1.8788296557259863e-08,2.0775681220486092e-08,2.0773559477061797e-08
2020-04-22,9.212749183341269e-08,9.18430259340331e-08,9.184680187345828e-08
2020-04-23,1.7088425131946875e-08,1.7265456410122377e-08,1.727530627300927e-08
2020-04-24,1.5586499523121184e-07,1.4796739353495257e-07,1.4795600362003668e-07
2020-04-27,5.5573535441873576e-08,4.951704335455398e-08,4.950997284599895e-08
2020-04-28,1.224185287629763e-08,1.5174517921738742e-08,1.517510936248201e-08
2020-04-29,4.6895059049050665e-08,4.7633667689948984e-08,4.763525119773892e-08
2020-04-30,2.2016152533058496e-08,2.478749704033717e-08,2.4781455380331993e-08
2020-05-01,3.429230704331292e-08,3.708863513908834e-08,3.709008404030593e-08
2020-05-04,1.3353329061002606e-08,1.4318581766994755e-08,1.431502922901209e-08
2020-05-05,7.450180223063639e-08,7.058942807702591e-08,7.05879565212012e-08
2020-05-06,2.143627627315901e-08,2.257545232120594e-08,2.257411037238737e-08
2020-05-07,6.999082696493088e-08,6.906829969153165e-08,6.906548444085506e-08
2020-05-08,1.643374603476262e-08,1.7046372412619513e-08,1.7036222071443698e-08
2020-05-11,4.846045355848561e-08,4.510388382917638e-08,4.510289967260502e-08
2020-05-12,3.881704318888385e-08,3.814808761306855e-08,3.814671769951592e-08
2020-05-13,1.7775311269718268e-08,1.730070886949682e-08,1.7294381104549894e-08
2020-05-14,4.170782892090082e-08,4.196093808321395e-08,4.195333326573474e-08
2020-05-15,1.983073144552642e-08,1.8477323603600493e-08,1.8475023498525743e-08
2020-05-18,1.707139738205787e-07,1.7426736825477475e-07,1.7428469802215798e-07
2020-05-19,2.3136662759601014e-08,2.2960202991731443e-08,2.2980494830330308e-08
2020-05-20,7.371612594338477e-08,7.014573790884633e-08,7.014741347829882e-08
2020-05-21,2.3620178830337908e-07,2.3449603345976443e-07,2.344821561637022e-07
2020-05-22,4.006569187226052e-08,4.242688510395042e-08,4.2475098855978065e-08
2020-05-25,5.759683881282428e-08,5.9081970960712296e-08,5.908951000830543e-08
2020-05-26,3.926244121190521e-08,4.121164649982554e-08,4.121091494454959e-08
2020-05-27,1.488811676300958e-08,1.6981325385927086e-08,1.697691835225939e-08
2020-05-28,4.6837352894398074e-08,4.7614580258267206e-08,4.760922950054484e-08
2020-05-29,1.8145129383413685e-08,1.903884619794568e-08,1.9020828285315974e-08
2020-06-01,2.40339688300692e-08,2.365694590328003e-08,2.3651312964421213e-08
2020-06-02,3.3312998787852226e-08,3.223983222309784e-08,3.2238383117499054e-08
2020-06-03,3.983400640011742e-08,3.9522652928909274e-08,3.952372026123314e-08
2020-06-04,2.3265165555332766e-08,2.2991495326332337e-08,2.299331617447729e-08
2020-06-05,2.6622329357735333e-08,2.553344649867263e-08,2.5529775891478426e-08
2020-06-08,1.4485891932525938e-08,1.3812089207496947e-08,1.3808691866177793e-08
2020-06-09,3.985184236900817e-08,4.406473955737363e-08,4.406633349607697e-08
2020-06-10,6.954277471989951e-08,7.301516600369821e-08,7.300912173893007e-08
2020-06-11,3.8922197358745653e-08,3.7760887947664184e-08,3.7760468327229393e-08
2020-06-12,1.6036003673886283e-07,1.599525509712771e-07,1.5995548683268288e-07
2020-06-15,2.5147430910408487e-07,2.3772006199555612e-07,2.376868939951723e-07
2020-06-16,1.2585948962342301e-08,1.1991841167064194e-08,1.198478354915837e-08
2020-06-17,1.1710512148891534e-07,1.1049137614683411e-07,1.1048684115650692e-07
2020-06-18,5.840769628930812e-07,5.587068512804694e-07,5.586103011263476e-07
2020-06-19,4.0608199648205134e-08,4.260492791102246e-08,4.257524699693802e-08
2020-06-22,3.2529238687430306e-07,3.0438692996149285e-07,3.0433619154355024e-07
2020-06-23,3.0727936157009245e-07,2.7213626122648045e-07,2.720297494949275e-07
2020-06-24,2.2762699986684256e-07,2.1325922025387663e-07,2.1322281354158952e-07
2020-06-25,3.137518903299315e-08,4.86430407989191e-08,4.867251983615718e-08
2020-06-26,2.660978678712877e-07,2.351434709095423e-07,2.3513403668882945e-07
2020-06-29,8.876708092443944e-08,7.54051960783556e-08,7.542151634826787e-08
2020-06-30,8.340971019898745e-07,7.327532166664977e-07,7.326338605577877e-07
2020-07-01,1.4380717377898023e-07,1.5721980934678156e-07,1.573801869212725e-07
2020-07-02,2.226450056467053e-08,4.647123268653987e-08,4.6471484471683983e-08
2020-07-03,6.948532056642451e-08,8.720227150941567e-08,8.719190975825763e-08
2020-07-06,1.650142148138318e-07,1.7068153587287208e-07,1.706908151530035e-07
2020-07-07,1.1955201794478449e-07,1.2195552635676685e-07,1.219207524023042e-07
2020-07-08,7.146318338660395e-08,7.508758146859516e-08,7.509848205082978e-08
2020-07-09,3.092839216745648e-07,2.884245532796304e-07,2.8841921965356634e-07
2020-07-10,1.991041165732273e-07,1.703440460188068e-07,1.7035985995375782e-07
2020-07-13,2.4229532920391346e-08,4.2554423716430715e-08,4.255318855788571e-08
2020-07-14,1.1347393497479017e-06,1.0231809119479602e-06,1.023284325943149e-06
2020-07-15,1.1586744489947361e-08,3.3825947329610974e-08,3.390494119704548e-08
2020-07-16,6.590572740632915e-08,7.925149695702862e-08,7.924982915587053e-08
2020-07-17,3.07391259589016e-08,4.597132273290234e-08,4.598252184190819e-08
2020-07-20,5.08200687746302e-08,5.547917569160494e-08,5.5473654620787145e-08
2020-07-21,1.3955476051449531e-07,1.299531930425282e-07,1.2995500375634726e-07
2020-07-22,4.0212649306256106e-08,5.478557635311398e-08,5.47728491877809e-08
2020-07-23,5.016701257715229e-08,4.248605913961168e-08,4.2477460153354155e-08
2020-07-24,2.5145678392295394e-08,3.354396848766899e-08,3.355101790907276e-08
2020-07-27,6.37937952968608e-08,6.734623503798336e-08,6.733498436303183e-08
2020-07-28,3.584252479180553e-08,4.2552237324244334e-08,4.250954745826551e-08
2020-07-29,2.7629220871127844e-08,3.198032412820645e-08,3.197227087253811e-08
2020-07-30,6.247964320283856e-08,7.336155588131743e-08,7.336470589702962e-08
2020-07-31,1.8806582623237345e-07,1.8542630232823116e-07,1.8543768304355757e-07
2020-08-03,2.7625703154773477e-08,3.530158356226721e-08,3.528425017689827e-08
2020-08-04,2.0063035709298363e-08,2.5897448679173186e-08,2.5885295767736685e-08
2020-08-05,1.345603917968493e-08,1.7713827025457152e-08,1.770019866382216e-08
2020-08-06,1.3238184809575183e-08,1.7601065408993066e-08,1.758853564263318e-08
2020-08-07,3.405167589752988e-08,3.341885889248479e-08,3.341616041519757e-08
2020-08-10,2.5435201532462222e-08,2.7795454583427967e-08,2.779312788044025e-08
2020-08-11,3.8248103009652957e-07,3.6825847850698244e-07,3.682748059322062e-07
2020-08-12,1.1981051014541132e-08,1.7061937503323548e-08,1.714043960666731e-08
2020-08-13,1.56007226270629e-07,1.5274182326692176e-07,1.527244848274238e-07
2020-08-14,3.386653002291068e-08,3.4338295985518186e-08,3.435329908507563e-08
2020-08-17,6.672680897669212e-08,6.775323913176261e-08,6.773995166084795e-08
2020-08-18,6.73648314625091e-08,6.789609323645917e-08,6.788255923403936e-08
2020-08-19,4.0570458148652144e-08,4.1100630185485227e-08,4.1107222620538875e-08
2020-08-20,9.315437363993071e-08,9.279110010472949e-08,9.277683436022608e-08
2020-08-21,3.055775040642021e-08,2.8906150243043153e-08,2.889216823382383e-08
2020-08-24,8.000710604705834e-08,7.356774051760588e-08,7.358196035282656e-08
2020-08-25,5.171403310817655e-08,4.881423561100042e-08,4.8816209635078234e-08
2020-08-26,1.069938910122741e-08,1.43517654592017e-08,1.4354858371479897e-08
2020-08-27,4.9221724433443866e-08,4.831742605716464e-08,4.831833021031815e-08
2020-08-28,2.184903033876299e-08,2.317344750199576e-08,2.316997025505191e-08
2020-08-31,7.015601850235176e-08,6.413682280301548e-08,6.414426997750604e-08
2020-09-01,3.6942001258598554e-08,3.518222854286839e-08,3.516993809760958e-08
2020-09-02,1.6582744943685245e-08,1.6802085358191196e-08,1.6800814436326023e-08
2020-09-03,2.1339802967824872e-08,2.043252383650319e-08,2.0433927436796553e-08
2020-09-04,2.438028497992527e-08,2.4567777356267944e-08,2.4554080310002602e-08
2020-09-07,1.4877218360251707e-08,1.4321601442745762e-08,1.4322972614438853e-08
2020-09-08,5.131699433287378e-07,5.084348666248088e-07,5.084696927419038e-07
2020-09-09,3.732842531170171e-08,4.021400708272276e-08,4.032470995767632e-08
2020-09-10,3.3661659022384336e-08,3.446371533152704e-08,3.448353554402284e-08
2020-09-11,2.962045941860983e-08,3.0861644997329885e-08,3.08423940231886e-08
2020-09-14,1.0508667158203684e-07,9.740989940083084e-08,9.745692655322684e-08
2020-09-15,2.4773092596132655e-08,2.3031065449246592e-08,2.303073229747406e-08
2020-09-16,3.7061938259835494e-08,3.8182117800859214e-08,3.818864367035273e-08
2020-09-17,1.138212828784982e-07,1.1354977498345659e-07,1.1352969918404986e-07
2020-09-18,5.888307901023215e-08,5.6028460697333266e-08,5.601277239281265e-08
2020-09-21,1.7230431717458093e-08,1.9019473635220876e-08,1.8984321995078292e-08
2020-09-22,3.027530525648531e-08,2.966091054054504e-08,2.9659035378062918e-08
2020-09-23,2.2475924144366057e-08,2.2945474331458323e-08,2.294812700339321e-08
2020-09-24,4.026305528725712e-08,3.830237927940725e-08,3.830031005437955e-08
2020-09-25,4.486660283124985e-08,3.763805624305218e-08,3.766859136070801e-08
2020-09-28,5.750517011689035e-08,5.5909134796472437e-08,5.592262257590431e-08
2020-09-29,2.5053456196569096e-08,2.6326072000227098e-08,2.6327920886642306e-08
2020-09-30,2.0401659669763945e-07,2.01369846856819e-07,2.0139473572286385e-07
2020-10-01,4.381666590373091e-08,4.0454368559038964e-08,4.044151887286245e-08
2020-10-02,1.4277644516425808e-08,1.4639309481994937e-08,1.4651066996050618e-08
2020-10-05,3.553924641988825e-08,3.528124637471398e-08,3.528645162989498e-08
2020-10-06,4.1454549676944504e-08,4.034567728305237e-08,4.0340262244252214e-08
2020-10-07,1.834467902908527e-08,1.911248191990952e-08,1.9121105381965157e-08
2020-10-08,2.1830979637648412e-07,2.049253537489643e-07,2.0494599354431707e-07
2020-10-09,8.61757972278824e-08,7.546488910483183e-08,7.539106523200758e-08
2020-10-12,1.9155610297254488e-08,2.2404630326816088e-08,2.24417022560895e-08
2020-10-13,5.641194579276614e-08,5.910661121234427e-08,5.912600874942968e-08
2020-10-14,3.17042604503815e-08,3.390511504182501e-08,3.391605707154582e-08
2020-10-15,6.935234530809632e-08,6.272938639715262e-08,6.272821189191249e-08
2020-10-16,2.651690000685928e-08,2.8161071651683505e-08,2.816866090964112e-08
2020-10-19,2.889644036819327e-08,2.8719461495979433e-08,2.872318376923034e-08
2020-10-20,6.127990160428146e-08,5.787563924863834e-08,5.787793816154e-08
2020-10-21,5.479590352109035e-08,5.307451534658796e-08,5.30762546523643e-08
2020-10-22,4.389609833389502e-08,4.576491850711497e-08,4.576348136798246e-08
2020-10-23,3.027554164084704e-08,3.01374401945095e-08,3.011339142284507e-08
2020-10-26,2.100361488667584e-08,2.1166759784828005e-08,2.1156670294242563e-08
2020-10-27,9.222868090258686e-08,9.029090837852277e-08,9.030500303010854e-08
2020-10-28,1.8480258877172785e-08,1.91077627703984e-08,1.911231221663094e-08
2020-10-29,7.328573331832377e-08,7.026298614978972e-08,7.025293083752335e-08
2020-10-30,1.8448637005914052e-08,1.663800713636346e-08,1.6617371061650147e-08
2020-11-02,2.347018287392072e-08,2.3504085344572904e-08,2.35019363385984e-08
2020-11-03,6.08382137728244e-08,5.8648422946490675e-08,5.8645237058097705e-08
2020-11-04,3.2478792775506027e-08,3.4092292363508304e-08,3.409668681344682e-08
2020-11-05,2.010260963373634e-08,1.9806814702305338e-08,1.9816844589262942e-08
2020-11-06,2.8484900430354674e-08,2.7856340992294774e-08,2.7852331829892183e-08
2020-11-09,4.677778669387373e-08,4.937613912044312e-08,4.9386054910538336e-08
2020-11-10,1.9888970030658894e-08,1.734048778685644e-08,1.7325577723759124e-08
2020-11-11,1.510870946616539e-07,1.4490998024779025e-07,1.449455449619653e-07
2020-11-12,1.8977889044067694e-08,1.9831229475766516e-08,1.9831803132518204e-08
2020-11-13,1.535490421562811e-08,1.601414742072197e-08,1.601866271920452e-08
2020-11-16,2.0422642418618306e-08,1.8948321265121787e-08,1.894866428106547e-08
2020-11-17,2.1256696048314113e-08,1.869630841512753e-08,1.8692321770880092e-08
2020-11-18,2.0437241956781078e-08,2.2527013858380738e-08,2.2526162780350207e-08
2020-11-19,7.120455709597069e-08,7.110518635923154e-08,7.112065935681121e-08
2020-11-20,5.3831694340457975e-08,5.488803126257356e-08,5.488469766053091e-08
2020-11-23,4.4432716982205655e-08,3.917160690231847e-08,3.915303645492775e-08
2020-11-24,2.8736609006086946e-08,2.81254691281443e-08,2.8130379952200058e-08
2020-11-25,4.755746147592325e-08,4.470519584158575e-08,4.46914400220636e-08
2020-11-26,9.538642600621761e-08,8.997725857721675e-08,8.992762660314225e-08
2020-11-27,1.5893127751595323e-08,1.5906882728675138e-08,1.5883757369130226e-08
2020-11-30,2.342673531905877e-08,2.3178448660311252e-08,2.3163826898229398e-08
2020-12-01,1.7001582828474176e-08,1.604833648631159e-08,1.6033884148317748e-08
2020-12-02,1.0963150310244966e-07,1.063272961837277e-07,1.0636001136536836e-07
2020-12-03,4.631648488071798e-08,4.4649113078887095e-08,4.4695367129680233e-08
2020-12-04,1.7941393219966636e-08,1.759357284697979e-08,1.7591301891933285e-08
2020-12-07,1.83028895909799e-08,1.7759475496523507e-08,1.7755653073067844e-08
2020-12-08,2.0899721488791885e-08,2.1333145515519965e-08,2.1341862410924607e-08
2020-12-09,1.3286540323230592e-08,1.1809200311250624e-08,1.1810247632711e-08
2020-12-10,5.3325431325305364e-08,5.37561511501451e-08,5.3763947875810075e-08
2020-12-11,2.89610116398415e-08,2.7806851023527926e-08,2.7818017145993742e-08
2020-12-14,4.783035812534524e-08,4.3805242478996045e-08,4.3810499466025395e-08
2020-12-15,3.6206323033472407e-08,3.610382615817552e-08,3.6091280153665626e-08
2020-12-16,2.989869062154317e-08,2.7049924046286006e-08,2.706189671574309e-08
2020-12-17,1.491423917699018e-08,1.3141612616849487e-08,1.3136989134564771e-08
2020-12-18,9.76058366303604e-09,8.152837920163624e-09,8.15077714518059e-09
2020-12-21,1.6863443563950492e-08,1.5147983394639836e-08,1.5142405184582433e-08
2020-12-22,3.380400957440334e-08,3.557582759349129e-08,3.55876805458264e-08
2020-12-23,1.4746149660293918e-08,1.2172515028493116e-08,1.2170571644384779e-08
2020-12-24,1.6150695181076317e-08,1.3618728549976754e-08,1.361452975532271e-08
2020-12-25,3.678913866811273e-08,3.7189924317930124e-08,3.719028025817032e-08
2020-12-28,1.0735206495224671e-08,7.887510945586614e-09,7.875673689006992e-09
2020-12-29,1.888734868761761e-08,1.739230614538165e-08,1.738914919765888e-08
2020-12-30,2.927313045731161e-08,2.8029627033294467e-08,2.8023792898220144e-08
2020-12-31,1.737874213224155e-08,1.4198704777834849e-08,1.4196857714084453e-08
2021-01-01,3.4658405168462325e-08,3.34870223097364e-08,3.3490568227890436e-08
2021-01-04,1.6461182737882938e-08,1.4543251241522978e-08,1.4540226331930048e-08
2021-01-05,1.598932025506287e-08,1.5589752190439727e-08,1.559162128011392e-08
2021-01-06,1.3033349960349017e-08,1.008135197190937e-08,1.0081224523413982e-08
2021-01-07,2.665522910829193e-08,2.71390617151704e-08,2.7132156137256194e-08
2021-01-08,1.5234958270607237e-08,1.133850222695306e-08,1.1346509701859879e-08
2021-01-11,1.835972320988209e-08,1.4606498600472522e-08,1.460528020032998e-08
2021-01-12,3.2483362940497114e-08,2.9771599440435505e-08,2.976505275531616e-08
2021-01-13,1.5900232279240668e-08,1.1884898404706142e-08,1.1876720858791438e-08
2021-01-14,1.4366842547916688e-07,1.533094237114482e-07,1.5334487988098815e-07
2021-01-15,2.6126410755413247e-07,2.7008923083692675e-07,2.698309731766428e-07
2021-01-18,4.14820647585002e-08,4.0164964329088954e-08,4.010649191043151e-08
2021-01-19,8.398989760195698e-08,8.430499409963554e-08,8.428223162620483e-08
2021-01-20,2.1954698786268746e-08,2.2159686219426513e-08,2.2158136676874165e-08
2021-01-21,1.887994373673155e-08,1.8948786706151447e-08,1.893981638116097e-08
2021-01-22,2.3526879377613125e-08,2.3882273286218113e-08,2.387832405389059e-08
2021-01-25,2.5483841436207764e-08,2.4676252843251266e-08,2.466446598114203e-08
2021-01-26,1.806900008269323e-08,1.7378607527628086e-08,1.7362400070943293e-08
2021-01-27,4.156306185088855e-08,4.093478651486585e-08,4.0939707271996365e-08
2021-01-28,1.7974359407367398e-08,1.6731362108174282e-08,1.6737621288075074e-08
2021-01-29,3.031966987851371e-08,3.17521852706313e-08,3.176156017183212e-08
2021-02-01,1.5853891263051838e-08,1.4709847093264311e-08,1.4723526046387726e-08
2021-02-02,1.6555814394698338e-08,1.5202656629657076e-08,1.5194802414178992e-08
2021-02-03,1.429683364014252e-08,1.2850051931742461e-08,1.2846439413278021e-08
2021-02-04,2.0419003248547687e-08,1.962595630921338e-08,1.9624345621819696e-08
2021-02-05,1.1254057343446857e-08,1.1610559277522847e-08,1.1599246037875733e-08
2021-02-08,1.0956733424488921e-08,9.417480851097532e-09,9.42357631239061e-09
2021-02-09,4.232120827192242e-08,4.147247508570473e-08,4.1480079139849256e-08
2021-02-10,1.923252038085002e-08,1.828726839378193e-08,1.8286028979583622e-08
2021-02-11,2.2418766027777726e-08,2.0178138557961432e-08,2.0167168118479543e-08
2021-02-12,2.298290046030983e-08,2.2234507423247212e-08,2.22208451584453e-08
2021-02-15,1.7511663881654605e-08,1.5086416479147646e-08,1.5078543138052023e-08
2021-02-16,1.365989443126027e-08,1.1145458833815243e-08,1.1147370671000215e-08
2021-02-17,1.1255226310175908e-08,7.315158775821364e-09,7.31158840354914e-09
2021-02-18,4.176979736554385e-08,4.295957846589946e-08,4.296334093952875e-08
2021-02-19,2.4511681580104343e-08,2.788026433132393e-08,2.78657048312206e-08
2021-02-22,1.8490806986514797e-08,1.496837610338571e-08,1.498470235507841e-08
2021-02-23,1.895533246862673e-08,1.551670690076997e-08,1.5516870619247342e-08
2021-02-24,3.573559272480041e-08,3.8520712014017554e-08,3.853444990984925e-08
2021-02-25,2.6134600113103446e-08,2.721404025605117e-08,2.7223930212665588e-08
2021-02-26,3.59075103861798e-08,3.597684441487332e-08,3.597680855306568e-08
2021-03-01,1.5886007548793923e-08,1.293366283963932e-08,1.2934706447777342e-08
2021-03-02,5.6688516788055906e-08,5.95735321397553e-08,5.9570631539430354e-08
2021-03-03,1.2656321707943304e-08,9.398067964092173e-09,9.407736872310891e-09
2021-03-04,1.6948636339400525e-08,1.3603531684230732e-08,1.3601731419385382e-08
2021-03-05,7.467152844274278e-08,7.216417439160694e-08,7.215909350698707e-08
2021-03-08,3.538861563956538e-08,3.252653149256508e-08,3.250442668412468e-08
2021-03-09,1.7450181932943352e-08,1.4079125790123853e-08,1.4063080451256322e-08
2021-03-10,6.200165368813751e-08,6.613462320331428e-08,6.618409376152568e-08
2021-03-11,7.046614313035291e-08,7.00176054720282e-08,7.001992880691066e-08
2021-03-12,4.233620952949201e-08,4.117005449008332e-08,4.1192957005455593e-08
2021-03-15,6.205690105584543e-08,6.146359897084331e-08,6.147677604779854e-08
2021-03-16,1.559723909053417e-08,1.4368015199732379e-08,1.4361886126767373e-08
2021-03-17,2.2303491272580267e-08,2.1069511544776644e-08,2.1077722270992474e-08
2021-03-18,3.361154040222581e-08,3.326574312019688e-08,3.324609595534155e-08
2021-03-19,2.120432025246648e-08,1.9880660390027837e-08,1.9889520266326204e-08
2021-03-22,1.1009037509185849e-08,1.016766464074768e-08,1.0168559354755313e-08
2021-03-23,4.361428641076432e-08,4.2806241855977166e-08,4.281203534024958e-08
2021-03-24,6.832209486058643e-08,6.851725654697178e-08,6.854252066725015e-08
2021-03-25,3.346133397017695e-08,3.4043341289155464e-08,3.4067495343257745e-08
2021-03-26,1.1582923686764653e-08,1.0609147068382111e-08,1.0623499265911537e-08
2021-03-29,1.65961209565778e-08,1.4219808832376201e-08,1.4218147976906945e-08
2021-03-30,8.670548932184045e-07,8.778350011584325e-07,8.779223280947427e-07
2021-03-31,5.8671213546967874e-08,5.8638013440097275e-08,5.8844798029851615e-08
2021-04-01,2.163782783256653e-08,2.5164706275384552e-08,2.5179174805996222e-08
2021-04-02,4.483201280082844e-08,5.0621075540335063e-08,5.0643994214479355e-08
2021-04-05,7.034102029994278e-08,6.423414170387501e-08,6.424311389703573e-08
2021-04-06,1.258331792411185e-07,1.271917534310822e-07,1.2723569966515087e-07
2021-04-07,2.4039408547262927e-08,2.5447347492752733e-08,2.539067345036096e-08
2021-04-08,4.055771258689637e-08,3.979425337538976e-08,3.9799619124752746e-08
2021-04-09,2.3948800285152686e-08,2.3287401478476455e-08,2.3281903981404817e-08
2021-04-12,9.70454927359554e-08,9.52476938909557e-08,9.526144564429614e-08
2021-04-13,7.495542343083012e-08,6.89669734045712e-08,6.894599881892751e-08
2021-04-14,9.876923307500613e-08,9.345069477210774e-08,9.343697827296132e-08
2021-04-15,1.2137249376771695e-08,1.5272827520913502e-08,1.5261121724302226e-08
2021-04-16,1.108334254315014e-08,1.147234206596655e-08,1.1463201695480124e-08
2021-04-19,3.358168709507915e-08,3.374103177991024e-08,3.3738131150521076e-08
2021-04-20,1.7463029642992956e-08,1.760442545743215e-08,1.7590696606720738e-08
2021-04-21,2.1020907026994858e-08,2.0263265754496103e-08,2.0262928067215033e-08
2021-04-22,2.1661257020799702e-08,2.0254285297196507e-08,2.0250893738607538e-08
2021-04-23,4.122264542294598e-08,4.0246484411179826e-08,4.0228863121760895e-08
2021-04-26,3.371889944291051e-08,3.287895855772404e-08,3.286915166477647e-08
2021-04-27,9.022815340705245e-08,8.914950445413837e-08,8.918749219866224e-08
2021-04-28,1.9562082636184854e-08,1.944672886190144e-08,1.9442708235993603e-08
2021-04-29,2.1506182862961775e-08,1.987939476062061e-08,1.9876517538900024e-08
2021-04-30,3.158583446261459e-08,3.312336346482214e-08,3.312874666037506e-08
2021-05-03,1.7419610539875376e-08,1.5513896342485625e-08,1.5520059057755267e-08
2021-05-04,1.600420998276499e-08,1.554011013732334e-08,1.5540239834173884e-08
2021-05-05,1.5327252444482517e-08,1.4016600480479246e-08,1.4016328881589082e-08
2021-05-06,2.196264867107978e-08,2.1385593476317017e-08,2.1386950374707056e-08
2021-05-07,4.210080740982218e-08,4.0483657080180516e-08,4.0492736575586746e-08
2021-05-10,5.2082165311924296e-08,5.3497597416795255e-08,5.347990161362771e-08
2021-05-11,2.3612018807202307e-08,2.175531599288294e-08,2.1760736324102573e-08
2021-05-12,3.122241116924945e-08,2.9086608306675824e-08,2.9086654828429526e-08
2021-05-13,1.914168431076088e-08,2.0532835448901862e-08,2.053728355978402e-08
2021-05-14,1.181224464243886e-08,9.937281689387768e-09,9.93595585356343e-09
2021-05-17,4.958888911872986e-08,4.936431066819694e-08,4.936278714295185e-08
2021-05-18,3.6860516624002184e-08,3.525538836732737e-08,3.527154818137993e-08
2021-05-19,2.7402336526882704e-08,2.7523647474914825e-08,2.7516201080357153e-08
2021-05-20,1.8753766796618845e-08,1.6756779637783048e-08,1.674470868209961e-08
2021-05-21,1.7936246703657257e-08,1.4896331756428187e-08,1.4883319206442049e-08
2021-05-24,3.1246017197502986e-08,2.9846950752498703e-08,2.984084103325009e-08
2021-05-25,1.3653198284627373e-08,1.1177178364825518e-08,1.1160448135915968e-08
2021-05-26,4.1487637210650874e-08,3.838336473876635e-08,3.837242751285972e-08
2021-05-27,2.371464609211721e-08,2.1588703798168735e-08,2.157165615921989e-08
2021-05-28,1.9652586322085543e-08,1.5461511509780413e-08,1.5449924219998767e-08
2021-05-31,1.3308775349083984e-08,9.779241877781102e-09,9.766883423680492e-09
2021-06-01,8.86246621546727e-09,7.024543469647348e-09,7.01988921801332e-09
2021-06-02,1.6856881002581262e-08,1.4227207136281489e-08,1.4222444810478333e-08
2021-06-03,1.1606618327786564e-08,8.770971885048192e-09,8.76916159607769e-09
2021-06-04,1.4088393276369599e-08,1.2413683384321178e-08,1.2414686297018851e-08
2021-06-07,2.050956247924459e-08,1.6597311856300483e-08,1.660576474660621e-08
2021-06-08,1.279108469083429e-08,9.460199267412881e-09,9.4558287193397e-09
2021-06-09,2.1055730959859896e-08,1.83964614457484e-08,1.8390032483235587e-08
2021-06-10,1.3109305957094355e-08,9.074437220382003e-09,9.07118197799838e-09
2021-06-11,1.4167564782462608e-08,1.071796677640848e-08,1.071731593395082e-08
2021-06-14,4.071310390125995e-08,3.840440277523993e-08,3.840614837852694e-08
2021-06-15,1.0127360237532085e-07,1.0923218384807944e-07,1.0926233401790838e-07
2021-06-16,2.774873136917963e-08,2.403399307484398e-08,2.406360221558437e-08
2021-06-17,1.5161568732327863e-08,1.2777319507850237e-08,1.2782675076976457e-08
2021-06-18,1.6504530425982303e-08,1.2717667471761943e-08,1.2716790224062446e-08
2021-06-21,2.4017860750842376e-08,2.0644415006272368e-08,2.0643620368423456e-08
2021-06-22,1.4543370867398293e-08,1.33867411160352e-08,1.3386155855085812e-08
2021-06-23,1.5412961711834136e-07,1.6716025215324926e-07,1.6714930280841377e-07
2021-06-24,1.501876675023209e-08,1.2102759759779541e-08,1.2155873572282494e-08
2021-06-25,6.363860542571179e-07,6.633008569779757e-07,6.631824312948513e-07
2021-06-28,1.8268150467337753e-07,1.7815907620974268e-07,1.776300436766512e-07
2021-06-29,2.430629157225367e-08,2.4114240179839326e-08,2.4137642179953184e-08
2021-06-30,1.137862911968239e-07,1.1318771740315041e-07,1.1317152551782177e-07
2021-07-01,2.08297028105047e-08,2.0942174070150573e-08,2.0909370521163703e-08
2021-07-02,2.8625531139660394e-08,3.026969176977179e-08,3.0283922524811116e-08
2021-07-05,1.4568954231142925e-07,1.4311348638520243e-07,1.4313925769470575e-07
2021-07-06,3.8144002158832524e-07,3.692075897357306e-07,3.6904619595790374e-07
2021-07-07,1.6516285415998923e-08,1.9970950804427347e-08,2.0050706429801886e-08
2021-07-08,6.232910598884467e-08,6.161807917370267e-08,6.16315268491535e-08
2021-07-09,7.24426972662022e-07,7.021212596030206e-07,7.02134017227987e-07
2021-07-12,2.1531808706233386e-08,2.987331480707547e-08,3.0022697363839267e-08
2021-07-13,6.441380123937597e-08,6.806917657456094e-08,6.809505036287317e-08
2021-07-14,3.559012780254271e-08,3.969366848514674e-08,3.9681381933632116e-08
2021-07-15,2.813808883418049e-08,3.229960734178896e-08,3.227211377036998e-08
2021-07-16,7.036748044536384e-08,7.184915047247087e-08,7.184039200667819e-08
2021-07-19,3.4261786596381383e-08,3.5606463640302175e-08,3.5590623024390783e-08
2021-07-20,5.145629121796935e-08,5.346440488268569e-08,5.3442398667393946e-08
2021-07-21,2.905185228055102e-08,3.0663829691077556e-08,3.062689290820557e-08
2021-07-22,3.36290724884685e-08,3.515529546129886e-08,3.512349947623893e-08
2021-07-23,4.508253433051238e-07,4.3553208012395645e-07,4.357206971354783e-07
2021-07-26,6.083203198494158e-08,6.492440441100867e-08,6.50300937930548e-08
2021-07-27,5.39040368219369e-07,4.971921490480295e-07,4.970763111244924e-07
2021-07-28,6.897790967852024e-08,6.963327215663475e-08,6.980782204324852e-08
2021-07-29,2.1395214646682477e-08,3.0283414861831976e-08,3.032014595122845e-08
2021-07-30,1.8087067863183808e-06,1.7118325191529705e-06,1.7119044352512037e-06
2021-08-02,3.89787876850226e-08,5.20311706407407e-08,5.23643658016043e-08
2021-08-03,3.816618972978945e-08,5.084931420849632e-08,5.095338143442214e-08
2021-08-04,3.619496370542049e-08,4.4208342974972256e-08,4.4230789845948854e-08
2021-08-05,1.9199477546294685e-08,2.3897909588273687e-08,2.389342694431429e-08
2021-08-06,2.2882859848422543e-08,3.0083770284775904e-08,3.007849676529379e-08
2021-08-09,7.866262923300996e-07,7.345802527216591e-07,7.34675337522208e-07
2021-08-10,4.457740123262239e-08,5.4032619360183674e-08,5.420174382303458e-08
2021-08-11,6.277854095531601e-07,5.737578509939102e-07,5.733537570725641e-07
2021-08-12,7.746778277168596e-08,8.399810662395636e-08,8.415327307717625e-08
2021-08-13,1.0872393800798652e-07,1.1397401135861039e-07,1.1402522836166336e-07
2021-08-16,2.473598833381719e-08,3.6973007969748045e-08,3.695443231661803e-08
2021-08-17,1.2459332010734137e-07,1.2336613659976795e-07,1.2335457786394246e-07
2021-08-18,4.639219093573117e-08,4.5974103624350713e-08,4.600674149173297e-08
2021-08-19,9.386783929691977e-08,8.838045512763367e-08,8.83646891855615e-08
2021-08-20,4.148823517903787e-07,4.0214026970069567e-07,4.021327862046862e-07
2021-08-23,5.537434305013414e-07,4.809528974361874e-07,4.809557684382735e-07
2021-08-24,8.599096359093729e-08,1.0011172990667153e-07,1.0030818962053714e-07
2021-08-25,7.195467128593922e-08,7.737224106173846e-08,7.740503823737122e-08
2021-08-26,3.0444398966499764e-07,2.6959631488681777e-07,2.696605728893053e-07
2021-08-27,2.9018286424336012e-08,4.149586439898797e-08,4.153537041669769e-08
2021-08-30,4.381684848625359e-07,3.8955809821382085e-07,3.8963303160695185e-07
2021-08-31,2.58510384878506e-08,3.944843151136517e-08,3.953217599203239e-08
2021-09-01,1.9625570069533282e-07,1.7212361075920873e-07,1.7212941231618359e-07
2021-09-02,1.2250818765194618e-06,1.0887589674677938e-06,1.0886453796222808e-06
2021-09-03,6.587101556960553e-08,8.884870961546071e-08,8.91328049936117e-08
2021-09-06,1.0651020581618477e-07,1.0370737747442848e-07,1.0373209046858809e-07
2021-09-07,4.729509646334988e-08,6.605609469490869e-08,6.604611281379349e-08
2021-09-08,1.3470023142878634e-07,1.327099252406242e-07,1.3272374503383321e-07
2021-09-09,6.713336458693898e-08,7.7264003183861e-08,7.722543868481966e-08
2021-09-10,1.4470448246143435e-07,1.518228360740926e-07,1.5177422957246457e-07
2021-09-13,1.1735405820933474e-07,1.277019441787094e-07,1.276224721963511e-07
2021-09-14,2.284256902700816e-07,1.9812216598988693e-07,1.9828344411508232e-07
2021-09-15,2.3026266115487263e-07,2.3179856531647118e-07,2.318575068114189e-07
2021-09-16,5.6703945999264966e-08,6.611265116875016e-08,6.60541446189927e-08
2021-09-17,2.5456871929648196e-07,2.530871457484186e-07,2.5310153998452263e-07
2021-09-20,1.4660408163897228e-07,1.522651080047385e-07,1.5225094342479476e-07
2021-09-21,2.0637421329988015e-07,2.1420390507484704e-07,2.1419897692057594e-07
2021-09-22,5.719194672315481e-08,7.346789781984382e-08,7.340524434177016e-08
2021-09-23,7.706339237868946e-08,7.326105995345168e-08,7.32516921842863e-08
2021-09-24,4.484580470342631e-07,3.963689679919496e-07,3.963607352263214e-07
2021-09-27,2.70369687667392e-07,2.400999600424817e-07,2.399348449802629e-07
2021-09-28,3.639207243998377e-07,3.1356762076191997e-07,3.1342042856208077e-07
2021-09-29,6.785960852786501e-08,7.616233045949544e-08,7.620178523765416e-08
2021-09-30,9.418756773156908e-08,1.0638286977960011e-07,1.064331126827462e-07
2021-10-01,3.17732107652826e-08,5.075320322044381e-08,5.071696923961867e-08
2021-10-04,1.8440322212665114e-07,1.5963830937033837e-07,1.5967936538517776e-07
2021-10-05,4.0218346739741134e-07,3.6598287008224847e-07,3.658598158731593e-07
2021-10-06,7.055722741317947e-08,8.080948395992896e-08,8.089562049755161e-08
2021-10-07,5.66544979955585e-08,7.604877878216614e-08,7.605533513513577e-08
2021-10-08,4.286999994194909e-07,3.835429655261223e-07,3.8358364251770805e-07
2021-10-11,1.412786110108758e-07,1.346453919145264e-07,1.3468262908988282e-07
2021-10-12,6.501875395132925e-08,7.413047049106874e-08,7.413768510457526e-08
2021-10-13,3.766586355923427e-08,3.651230870082891e-08,3.6501655471603187e-08
2021-10-14,8.956540090889563e-08,1.0350788472109784e-07,1.0352016966583193e-07
2021-10-15,1.614392942228792e-08,2.7874981451140753e-08,2.7852535688101315e-08
2021-10-18,4.101558346560419e-08,3.601582600944275e-08,3.6020916282985405e-08
2021-10-19,5.5028158759746485e-08,6.254927956444963e-08,6.255922313073112e-08
2021-10-20,1.214816609606368e-07,1.24549799113922e-07,1.245472509294157e-07
2021-10-21,2.7783837574586147e-08,3.459509478547207e-08,3.455440232805869e-08
2021-10-22,3.7969960818173564e-08,4.0570153289580174e-08,4.057687792571964e-08
2021-10-25,4.2531253718445177e-08,4.417602244625133e-08,4.417559613811907e-08
2021-10-26,2.1567828053288202e-08,2.631957301645821e-08,2.6303278615296257e-08
2021-10-27,4.684885591092492e-08,4.528339256035594e-08,4.5273371812658994e-08
2021-10-28,2.6588834854915655e-08,2.8732939415666027e-08,2.8724849045900658e-08
2021-10-29,4.413982897761616e-08,4.234062218651626e-08,4.233962109407197e-08
2021-11-01,4.0246098454386067e-08,3.979626750723515e-08,3.979228552757247e-08
2021-11-02,6.630858418133598e-08,6.001473793918965e-08,6.000655810755218e-08
2021-11-03,3.778055045639785e-08,3.9924599546544836e-08,3.994397600662976e-08
2021-11-04,5.8046603885499095e-08,5.795402670855943e-08,5.792649157878188e-08
2021-11-05,2.2705223562955953e-08,2.2632289080338534e-08,2.262248522145149e-08
2021-11-08,4.2347398200510774e-08,4.6648347437795745e-08,4.664805665904864e-08
2021-11-09,2.1701341982499267e-08,2.2299850898559936e-08,2.23004294728991e-08
2021-11-10,4.548276536647742e-08,4.480089780427209e-08,4.479851227243933e-08
2021-11-11,4.217048699752915e-08,4.309057327437079e-08,4.3111041325544836e-08
2021-11-12,1.229620390390576e-07,1.1692547668875105e-07,1.1694118063353308e-07
2021-11-15,1.5400482137421087e-07,1.4147752604141548e-07,1.413594413064514e-07
2021-11-16,4.195819597524736e-08,4.390186549621151e-08,4.393916645918946e-08
2021-11-17,2.424657898296228e-08,2.6563216842605076e-08,2.6568366083020142e-08
2021-11-18,7.64695123135201e-08,7.175414397338416e-08,7.178068889057123e-08
2021-11-19,7.115585286588831e-08,6.591003671774766e-08,6.590539290585462e-08
2021-11-22,2.349660472940571e-08,2.392952918684834e-08,2.393138719337216e-08
2021-11-23,3.152074182410017e-08,3.359512722002909e-08,3.359022765482464e-08
2021-11-24,2.6787328704260054e-08,2.562939883923494e-08,2.5624655612089833e-08
2021-11-25,4.176380740154016e-08,4.4664551519015987e-08,4.465640843421288e-08
2021-11-26,6.86940723415773e-08,6.616175722261789e-08,6.615878658595104e-08
2021-11-29,1.4043579754711749e-07,1.3873859000537374e-07,1.3880696546573923e-07
2021-11-30,3.794854626829561e-08,4.0351045248502393e-08,4.0369374610806115e-08
2021-12-01,1.7655818318700227e-08,1.7924907565463334e-08,1.7913174754809385e-08
2021-12-02,2.6905880415661826e-08,2.8415062006757463e-08,2.8406334486904595e-08
2021-12-03,1.3917660948152765e-08,1.3069875803680696e-08,1.3064495898394804e-08
2021-12-06,2.471688151946625e-08,2.202455783975406e-08,2.2026281363421857e-08
2021-12-07,2.305250813420888e-08,2.2553255924535835e-08,2.254818812580402e-08
2021-12-08,2.266127494282808e-08,1.9998767305514905e-08,2.0002766374431677e-08
2021-12-09,6.32404706730427e-08,6.148234042031105e-08,6.148553598913337e-08
2021-12-10,7.913975106380698e-08,7.52316886306507e-08,7.522782791741483e-08
2021-12-13,1.358464223374597e-08,1.333390653971008e-08,1.3348960054847497e-08
2021-12-14,1.283726942317236e-07,1.290328125771843e-07,1.2902007838983518e-07
2021-12-15,3.113634367005026e-08,3.2922614435633894e-08,3.294331949967508e-08
2021-12-16,5.4126358990340704e-08,5.426202903536805e-08,5.4265303674885886e-08
2021-12-17,1.2116649501553268e-08,1.0552199228959022e-08,1.0545609404697423e-08
2021-12-20,3.196872932057161e-08,3.0073729914954936e-08,3.008789178743521e-08
2021-12-21,1.3573122705757948e-08,1.2681981424924244e-08,1.2675114003333752e-08
2021-12-22,1.3052709282083026e-08,1.167243010659668e-08,1.1667621412636444e-08
2021-12-23,9.728410653236688e-08,9.851577948247484e-08,9.852765317287832e-08
2021-12-24,3.033814021059854e-08,2.9145194548912094e-08,2.9172611702585224e-08
2021-12-27,1.4265938954725196e-08,1.2910910887440202e-08,1.2912549897493098e-08
2021-12-28,1.0154637894552832e-07,9.9811457301716e-08,9.981523532554387e-08
2021-12-29,1.8879034459299894e-08,1.724663942612289e-08,1.7262535550666364e-08
2021-12-30,1.9207373198372027e-08,1.8149536963939784e-08,1.8146497871267495e-08
2021-12-31,6.519764967453671e-08,6.538867483880159e-08,6.541090062114432e-08
2022-01-03,3.195592874907972e-08,3.170350280513066e-08,3.1710344531593154e-08
2022-01-04,1.9334920676729024e-08,1.9094582439127376e-08,1.9075137184756657e-08
2022-01-05,2.3300148945151058e-08,2.2319264679510312e-08,2.231847026635746e-08
2022-01-06,4.477997341780261e-08,4.397189739156585e-08,4.397897768084614e-08
2022-01-07,1.377616233707181e-08,1.152958074549158e-08,1.1521827327810428e-08
2022-01-10,1.1560290717922872e-08,9.899002264421912e-09,9.893375652961647e-09
2022-01-11,2.8404764572437994e-08,2.6711084984231973e-08,2.6707619932489404e-08
2022-01-12,6.784651442255006e-08,7.246215393539401e-08,7.249606183537566e-08
2022-01-13,2.992616050262622e-08,2.7386205485694704e-08,2.736326654947398e-08
2022-01-14,8.909161329368336e-08,8.886445782869663e-08,8.884220205272514e-08
2022-01-17,3.0176072157162425e-08,2.747954583777816e-08,2.746381102766864e-08
2022-01-18,1.1536056510430792e-08,1.0791083888937901e-08,1.0797808393098445e-08
2022-01-19,1.2753922797343655e-08,1.126482589475007e-08,1.1267979316039757e-08
2022-01-20,1.3787800302784057e-07,1.3927495700016277e-07,1.3928396167692185e-07
2022-01-21,1.715638955222005e-08,1.645676302254715e-08,1.643820269435416e-08
2022-01-24,2.6277077134652377e-08,2.4281410098693717e-08,2.4279029327784216e-08
2022-01-25,3.537434447098257e-08,3.09633703141729e-08,3.0953588804094235e-08
2022-01-26,2.1475977315923436e-08,2.0907295993451156e-08,2.0903999013616626e-08
2022-01-27,1.0494879372340772e-07,1.0382664379893901e-07,1.0385921088990974e-07
2022-01-28,2.6480411682990857e-08,2.5888844758920075e-08,2.590908025834091e-08
2022-01-31,8.155967559016749e-08,7.867746183199533e-08,7.867169168618689e-08
2022-02-01,1.0270087842908496e-08,9.525950344159147e-09,9.518848041893835e-09
2022-02-02,1.8482084046359926e-08,1.8398752193526612e-08,1.839758650305728e-08
2022-02-03,1.5228394849022488e-08,1.2642298607011142e-08,1.2631420905054897e-08
2022-02-04,4.7176295258297234e-08,4.4866498897094546e-08,4.486510037751395e-08
2022-02-07,3.168134685765924e-08,2.8807999027330625e-08,2.8782661207041654e-08
2022-02-08,5.430439432569164e-08,5.789136358856034e-08,5.7927892200447236e-08
2022-02-09,3.005992839130624e-08,2.766557885926382e-08,2.7676575143333817e-08
2022-02-10,1.2099116401430816e-08,1.137312994468629e-08,1.1368953547532983e-08
2022-02-11,1.0244487846176405e-08,7.80142032491511e-09,7.796212989166267e-09
2022-02-14,1.9312132768551523e-08,1.6213004491375935e-08,1.6214321619832332e-08
2022-02-15,1.791000630796461e-08,1.4433680577101496e-08,1.4435107322600438e-08
2022-02-16,1.796217481960754e-08,1.51067195426155e-08,1.5107198967666173e-08
2022-02-17,2.306793073133789e-08,1.9240530225412404e-08,1.9238859102249164e-08
2022-02-18,1.442323256893243e-08,1.0267395270499874e-08,1.0260659721515562e-08
2022-02-21,1.467439770346197e-08,1.106444976075409e-08,1.1060863434749954e-08
2022-02-22,2.3381767930860432e-08,2.517026172038935e-08,2.5181591641065096e-08
2022-02-23,1.632095250233883e-08,1.2268290913754185e-08,1.2276914518688833e-08
2022-02-24,2.3106074763441402e-08,2.6408662790620202e-08,2.6418782079253035e-08
2022-02-25,1.964593165571214e-08,1.5601601082312946e-08,1.5610513844216652e-08
2022-02-28,1.317249981791505e-08,9.30397393667923e-09,9.305109367413269e-09
2022-03-01,6.584435606134956e-08,7.476288468296383e-08,7.477923750208435e-08
2022-03-02,8.256887368039817e-08,8.704764221924848e-08,8.699920710832549e-08
2022-03-03,2.09722624460836e-08,1.8745490921988667e-08,1.877714085029088e-08
2022-03-04,2.737817487205785e-08,2.809383170028358e-08,2.809748652346561e-08
2022-03-07,9.515805796702647e-08,9.606610131831393e-08,9.606024332390202e-08
2022-03-08,1.7946362034616672e-08,1.6416714143900302e-08,1.6436143743418075e-08
2022-03-09,2.4477887021788387e-08,2.47748262673581e-08,2.4784657500362608e-08
2022-03-10,2.9530081882428856e-08,2.8552311513253152e-08,2.8546862922591588e-08
2022-03-11,4.412392475831497e-08,4.681185451027078e-08,4.681475125437076e-08
2022-03-14,3.277731631204304e-08,3.3365105189256454e-08,3.3374527816314785e-08
2022-03-15,2.1030280826587326e-08,1.9138472680275854e-08,1.9137709492222164e-08
2022-03-16,8.985565808921005e-09,6.7274265048473395e-09,6.7253387093213365e-09
2022-03-17,2.1438431388691397e-08,1.862858957273394e-08,1.8626474367564008e-08
2022-03-18,2.1753246420593335e-08,1.899488767571515e-08,1.8989709831486157e-08
2022-03-21,1.403731132481658e-08,1.038762087908531e-08,1.0379313150498685e-08
2022-03-22,1.6300809917525977e-08,1.3275295905254732e-08,1.3269862935300075e-08
2022-03-23,2.7825841233849476e-07,3.0052165785259586e-07,3.0055987226217835e-07
2022-03-24,1.6787844056518572e-08,1.5053079446451583e-08,1.5098534325653634e-08
2022-03-25,2.7130851901868175e-08,2.680427943299807e-08,2.680264200856424e-08
2022-03-28,2.4139134031587412e-08,2.2948275848762876e-08,2.295975271041228e-08
2022-03-29,6.605582080130688e-08,6.438871573531127e-08,6.439688541608012e-08
2022-03-30,1.7348130354383493e-08,1.570781550284613e-08,1.5709076733433494e-08
2022-03-31,1.2385017133741263e-08,1.0831688799216209e-08,1.083379780795452e-08
2022-04-01,2.370200690609384e-08,2.0359655910902826e-08,2.036444047090656e-08
2022-04-04,4.129470722519615e-08,4.3861446521631603e-08,4.3866827527479206e-08
2022-04-05,3.305983219100084e-08,3.088845388034115e-08,3.089026665251792e-08
2022-04-06,2.9389016881108166e-07,2.976982598672654e-07,2.977015699107557e-07
2022-04-07,6.662900615258677e-08,6.214639360983567e-08,6.208541189605095e-08
2022-04-08,2.6972580562085156e-08,2.7793214204933757e-08,2.7814428324619866e-08
2022-04-11,3.062570389523019e-08,3.00764361616784e-08,3.008883269194136e-08
2022-04-12,1.5997186392911958e-07,1.5352304562412804e-07,1.535554987010539e-07
2022-04-13,1.1493166152160306e-07,1.1512283434962239e-07,1.1509894097373503e-07
2022-04-14,2.282859460739415e-08,2.3985254184842813e-08,2.3992932877392517e-08
2022-04-15,3.104755686065824e-08,2.9079129450264523e-08,2.9080939021194278e-08
2022-04-18,4.810566776460777e-08,4.823014095227767e-08,4.8235407880969874e-08
2022-04-19,1.5755500739811012e-08,1.6201169550410124e-08,1.6186163805130653e-08
2022-04-20,2.0425941492935854e-08,2.0257468118940023e-08,2.0257445986647873e-08
2022-04-21,5.070785401276103e-07,5.052164461682916e-07,5.052444192338575e-07
2022-04-22,3.039210600176873e-08,2.9334589982117744e-08,2.9319636027995465e-08
2022-04-25,5.071725845297776e-08,4.408208830365858e-08,4.408191423970542e-08
2022-04-26,2.5424874189303946e-08,3.0003196921869424e-08,3.0005221564056575e-08
2022-04-27,1.4879676895340809e-08,1.4654191836516561e-08,1.4652499374611021e-08
2022-04-28,5.877155837431725e-08,5.977116739496905e-08,5.977153983508778e-08
2022-04-29,1.7013362195260246e-07,1.6103878652974426e-07,1.6101814400047258e-07
2022-05-02,6.874415644607078e-08,7.13689438327955e-08,7.138986998254876e-08
2022-05-03,4.5885552578390903e-08,4.810418841182026e-08,4.809100995071089e-08
2022-05-04,5.2192194404209195e-08,5.029893925802993e-08,5.031029584407471e-08
2022-05-05,1.873852552486857e-08,2.1285896176235964e-08,2.128502634012093e-08
2022-05-06,7.249012737914675e-08,6.995957461907169e-08,6.998091273309838e-08
2022-05-09,1.241087039302939e-07,1.18992274927987e-07,1.1899865534231095e-07
2022-05-10,4.618656539176484e-08,4.268737714175602e-08,4.2621110319737385e-08
2022-05-11,5.4163045944181457e-08,5.614845018684346e-08,5.6166240174716426e-08
2022-05-12,5.2176575605156957e-08,5.050632194332607e-08,5.0515139145741734e-08
2022-05-13,1.8606680002713632e-08,1.9852660526850883e-08,1.9847081300515923e-08
2022-05-16,4.770788077475407e-08,5.0997691919739895e-08,5.099296905404236e-08
2022-05-17,1.8154819277194673e-08,1.88812634727999e-08,1.8876713296442654e-08
2022-05-18,3.134546708301632e-08,3.093243502772426e-08,3.093020609869399e-08
2022-05-19,2.630574473229872e-08,2.599157895555996e-08,2.597614242451417e-08
2022-05-20,8.360493207112458e-08,8.823145147150907e-08,8.825783988067839e-08
2022-05-23,3.924470779918509e-08,4.159017561668408e-08,4.161695372273751e-08
2022-05-24,1.8354200134752583e-07,1.8139566731364275e-07,1.8144460443937133e-07
2022-05-25,3.1488446990472624e-08,3.5113970882927646e-08,3.5148746122623045e-08
2022-05-26,2.8268353490198675e-08,3.193503820188287e-08,3.192881817969043e-08
2022-05-27,2.115286478073855e-08,2.2290904788988168e-08,2.2288196239481288e-08
2022-05-30,3.0762055348424676e-08,2.999409251589741e-08,2.999507318274569e-08
2022-05-31,6.422178979800992e-08,6.18879152118313e-08,6.188659817839769e-08
2022-06-01,4.0954591014240514e-08,4.018145480132345e-08,4.0166759930861235e-08
2022-06-02,3.558013174258859e-08,3.63250366100166e-08,3.633361998864045e-08
2022-06-03,1.902328403041902e-08,1.9937274484187945e-08,1.993065241555878e-08
2022-06-06,6.018895253667748e-08,6.096102609118617e-08,6.097001311362422e-08
2022-06-07,1.1859413864504985e-07,1.1668187433219591e-07,1.1668638391252387e-07
2022-06-08,7.377425059921784e-08,7.072051879547622e-08,7.076564128838192e-08
2022-06-09,7.285789455961097e-08,7.314028982659086e-08,7.314148442961037e-08
2022-06-10,1.1543191415267237e-07,1.0974945474424714e-07,1.0977582399090624e-07
2022-06-13,2.1108530149161784e-08,2.385590006769223e-08,2.3862412612695358e-08
2022-06-14,1.151505046016116e-07,1.1119766178845852e-07,1.1122354331069076e-07
2022-06-15,5.3788887235114733e-08,4.9967787102617826e-08,4.997096460038468e-08
2022-06-16,2.4776835626877452e-08,2.512070623447722e-08,2.5126550191792277e-08
2022-06-17,1.2977480985655138e-07,1.2066380748429634e-07,1.2067582870744141e-07
2022-06-20,4.251583820309725e-08,4.685527656953838e-08,4.68634821934815e-08
2022-06-21,6.727647628141105e-08,6.953447092133201e-08,6.953400072847362e-08
2022-06-22,2.9590783548891968e-08,3.1293725598317165e-08,3.1281963861157506e-08
2022-06-23,7.285822506260214e-08,6.994178505304098e-08,6.99354176194556e-08
2022-06-24,5.28994731156199e-08,5.336822652658882e-08,5.3371743855511413e-08
2022-06-27,2.67491351358848e-08,2.9541649676511416e-08,2.9519625927915963e-08
2022-06-28,2.1014750716461013e-07,2.0306244125525206e-07,2.0308156249687968e-07
2022-06-29,5.322948231150494e-08,5.595894846316712e-08,5.599449409055009e-08
2022-06-30,2.6457175435088025e-08,2.9230151240844772e-08,2.9214188573907567e-08
2022-07-01,4.843945361493569e-08,4.9284258612577234e-08,4.927708932834636e-08
2022-07-04,4.333724223017977e-08,4.000610671660296e-08,3.999757201343988e-08
2022-07-05,1.8959728388006115e-08,1.9615668062740913e-08,1.961247251597935e-08
2022-07-06,4.1605790412350185e-08,4.132097736646742e-08,4.1315343290107034e-08
2022-07-07,2.710007111561529e-08,2.781626039143944e-08,2.7802243701742416e-08
2022-07-08,2.245950339248736e-08,2.0605380077872788e-08,2.060575255381207e-08
2022-07-11,2.3656108440298658e-07,2.3766114397364223e-07,2.376606676548156e-07
2022-07-12,4.9804000752829014e-08,5.183832264180152e-08,5.188186097026865e-08
2022-07-13,2.5117586901609206e-08,2.6596898541538786e-08,2.6580697574375206e-08
2022-07-14,8.99904305181876e-08,9.270232245131269e-08,9.270167947480467e-08
2022-07-15,2.1687187606293618e-08,2.1605290728230164e-08,2.15937266505465e-08
2022-07-18,1.2559141694534886e-07,1.197560069293518e-07,1.1976742719320899e-07
2022-07-19,4.5305515180006826e-08,4.3026295867074537e-08,4.3008726720177233e-08
2022-07-20,5.984223858032263e-08,5.832359349583521e-08,5.832307291140765e-08
2022-07-21,3.349869236447351e-08,3.371959243217853e-08,3.371535217777804e-08
2022-07-22,6.5365678173153e-08,6.41214167956249e-08,6.411486872094251e-08
2022-07-25,2.217362081846248e-06,2.1680985488035834e-06,2.168377308619246e-06
2022-07-26,1.3196386833408864e-08,2.4532301499148983e-08,2.474925685590336e-08
2022-07-27,1.4178106997818565e-06,1.336623859616984e-06,1.3366438470220578e-06
2022-07-28,3.035125675948359e-08,4.779258307206724e-08,4.81119977982213e-08
2022-07-29,5.138795016176446e-08,6.295868944747997e-08,6.304199826398922e-08
2022-08-01,1.2499120706356214e-07,1.2851187768847358e-07,1.2851894647092944e-07
2022-08-02,7.362482744126513e-08,6.765577399683242e-08,6.76592278045779e-08
2022-08-03,1.507572283123168e-08,2.7280259685979337e-08,2.7289438562843485e-08
2022-08-04,4.591578277358933e-08,5.172716238784653e-08,5.1731461720663394e-08
2022-08-05,1.2572346005822313e-07,1.293783259370527e-07,1.2936261272543723e-07
2022-08-08,7.926087198229768e-08,8.318909884333067e-08,8.320401734212644e-08
2022-08-09,4.5927125496746014e-08,4.460784019080082e-08,4.4621304108938255e-08
2022-08-10,3.7566953275040594e-08,4.4106052486853556e-08,4.411468058442878e-08
2022-08-11,3.277385275448594e-08,3.444460015970861e-08,3.443316214567553e-08
2022-08-12,4.921047876649531e-07,4.6996297586547127e-07,4.6998462785081424e-07
2022-08-15,5.1621936779802245e-08,4.979751696435136e-08,4.974550498034497e-08
2022-08-16,5.375352436615304e-08,6.107612969090921e-08,6.109875693622931e-08
2022-08-17,8.050906511749715e-08,6.442152617868563e-08,6.443993526152246e-08
2022-08-18,6.45294354107998e-08,6.981574074414528e-08,6.984616429626022e-08
2022-08-19,2.767830595092174e-08,3.513632480426036e-08,3.5110323306561237e-08
2022-08-22,3.1226341955298625e-08,3.870106597588194e-08,3.8693879389021136e-08
2022-08-23,6.890660486888963e-08,7.432406863449513e-08,7.431629484436106e-08
2022-08-24,2.5199449016939905e-08,2.8514417940058725e-08,2.849403649360612e-08
2022-08-25,1.2059245136753095e-07,1.1089941060745678e-07,1.1091480936073824e-07
2022-08-26,7.641392465793158e-07,7.259562157129105e-07,7.25798891355308e-07
2022-08-29,5.443645447959542e-08,6.253092836967883e-08,6.266122375897852e-08
2022-08-30,3.024891277917638e-08,3.0296652414034984e-08,3.029577408790581e-08
2022-08-31,6.098320244943652e-08,5.7186164679927177e-08,5.718032807237281e-08
2022-09-01,9.823828075578471e-08,9.165236096615048e-08,9.16591383484448e-08
2022-09-02,2.3781289457211205e-08,3.217159745756397e-08,3.218568147446031e-08
2022-09-05,1.4423206296188895e-07,1.271003966100554e-07,1.271103895063047e-07
2022-09-06,1.2513760270229204e-07,1.1789651045442993e-07,1.1788758504502239e-07
2022-09-07,7.603654022715308e-08,7.975597393518902e-08,7.976571897438816e-08
2022-09-08,3.9154995061861586e-07,3.6082143224483416e-07,3.6083569744205035e-07
2022-09-09,1.2505821030330733e-07,1.3142250254278402e-07,1.31451784091372e-07
2022-09-12,6.301362585826167e-08,6.393163138500893e-08,6.393685255926703e-08
2022-09-13,3.462084725205667e-07,3.125381736437976e-07,3.1258140382564734e-07
2022-09-14,2.8086662555078895e-08,4.213657738446081e-08,4.217313134722225e-08
2022-09-15,1.1689099784651474e-07,1.1656801468568573e-07,1.1656957942227808e-07
2022-09-16,3.486190810426267e-08,4.092226857208691e-08,4.0933938154075235e-08
2022-09-19,7.181458379122452e-08,8.134496144534884e-08,8.133690030986547e-08
2022-09-20,1.4679729941824755e-07,1.3684672218721575e-07,1.3684253336731041e-07
2022-09-21,5.423624273295783e-08,5.84522826174614e-08,5.846960325548825e-08
2022-09-22,7.710984505062586e-08,8.010499053933889e-08,8.010188580626913e-08
2022-09-23,3.0797404054720874e-08,3.747638743324687e-08,3.747620689190723e-08
2022-09-26,2.0308265487840156e-08,2.6339912357676372e-08,2.6331802324207856e-08
2022-09-27,2.3315699378536223e-07,2.3465975499767119e-07,2.3466478961976225e-07
2022-09-28,5.429338056189872e-08,6.048510698558623e-08,6.045834668550336e-08
2022-09-29,3.145330625016774e-08,3.64921028279695e-08,3.6484532763304715e-08
2022-09-30,7.400524882293886e-08,7.379053791678228e-08,7.378596329415171e-08
2022-10-03,9.403853960837633e-08,9.596919846290866e-08,9.596235007662732e-08
2022-10-04,7.561044746595478e-08,7.392334491024119e-08,7.392229022457821e-08
2022-10-05,2.053725732558018e-07,1.8799818932981934e-07,1.8801340701653146e-07
2022-10-06,3.4421892260494555e-08,3.824534083755144e-08,3.825591258014965e-08
2022-10-07,2.5012833266437264e-08,3.032787806033695e-08,3.032453714569621e-08
2022-10-10,2.8089211489126328e-08,3.282346818406777e-08,3.281936278686985e-08
2022-10-11,3.087148061106759e-08,2.9360747840229985e-08,2.9362978982455184e-08
2022-10-12,2.871210666466816e-08,3.242196963739019e-08,3.2423485374004325e-08
2022-10-13,5.411105456254267e-08,5.074675196502715e-08,5.075121569784216e-08
2022-10-14,7.00259255004688e-08,6.922148123015962e-08,6.921852271133914e-08
2022-10-17,6.473296579000498e-08,6.698258433086515e-08,6.69919529489927e-08
2022-10-18,3.528898153661987e-08,3.626529393333774e-08,3.62602973003785e-08
2022-10-19,3.43922634066927e-08,3.6099961338713814e-08,3.609648942561761e-08
2022-10-20,1.3719843922466732e-06,1.3588130294481113e-06,1.3588736923493438e-06
2022-10-21,3.022436790794087e-07,2.701778943592489e-07,2.6990139345766294e-07
2022-10-24,1.6046017624664206e-08,2.758602179291917e-08,2.7613863968554082e-08
2022-10-25,7.218814740407852e-08,8.084199551726585e-08,8.083709067907973e-08
2022-10-26,9.492370291044018e-08,9.89941508083868e-08,9.898419397465105e-08
2022-10-27,2.819696994769826e-08,3.546734562325421e-08,3.545915385773617e-08
2022-10-28,4.6316525179756427e-08,4.86819074340357e-08,4.867290267821815e-08
2022-10-31,2.8369542414250917e-07,2.606154631675493e-07,2.605953583381435e-07
2022-11-01,4.8822654051399066e-08,4.916600050774829e-08,4.918147647926665e-08
2022-11-02,1.4204657204358691e-08,2.180752267531265e-08,2.1809298636467326e-08
2022-11-03,2.4886792593175704e-08,2.8462949019117684e-08,2.8460881792176424e-08
2022-11-04,5.9562409994764164e-08,5.829565813535465e-08,5.830048156318228e-08
2022-11-07,4.414581733688839e-08,4.613170308124372e-08,4.613223595212065e-08
2022-11-08,1.6574176997300195e-07,1.5676376305469157e-07,1.5676856605546026e-07
2022-11-09,2.6905934672884825e-08,3.133772167659082e-08,3.13566504469526e-08
2022-11-10,5.239602657267186e-08,5.396335669445702e-08,5.395550965960705e-08
2022-11-11,9.904958170682993e-08,9.245389948562461e-08,9.246079758891332e-08
2022-11-14,8.251450662056562e-08,8.207378541565848e-08,8.207487126023398e-08
2022-11-15,1.0161626218901949e-07,1.0488404355803358e-07,1.0488382729446106e-07
2022-11-16,7.13050740053175e-08,7.666871689567323e-08,7.664845150416306e-08
2022-11-17,3.747560714678574e-08,4.039018906493314e-08,4.037339601579363e-08
2022-11-18,4.6413799931473655e-08,4.597134672407632e-08,4.5963629117046955e-08
2022-11-21,3.4090551488986486e-08,3.5742704635003484e-08,3.57358331579037e-08
2022-11-22,5.6782887839477374e-08,5.500614270985191e-08,5.4999501787928437e-08
2022-11-23,1.450762341810479e-08,1.8690993261906934e-08,1.8688699345881824e-08
2022-11-24,1.1888570436099289e-08,1.3419512711426377e-08,1.3419776592444114e-08
2022-11-25,4.5251753521947616e-08,4.6015902025857165e-08,4.601387614552372e-08
2022-11-28,1.1792399382729686e-07,1.1879363406659331e-07,1.1881693867564773e-07
2022-11-29,3.191785050416913e-08,3.043235171433979e-08,3.043063375561593e-08
2022-11-30,2.248845106809259e-08,2.406580035378999e-08,2.4071028822363728e-08
2022-12-01,6.280583320316934e-08,6.184008330056477e-08,6.183892993165811e-08
2022-12-02,9.287556477836067e-07,9.234022437090064e-07,9.234537530873595e-07
2022-12-05,2.4790175953621497e-08,3.093940863859157e-08,3.105891212118714e-08
2022-12-06,8.040565241899523e-08,8.642767661554244e-08,8.642089910487768e-08
2022-12-07,3.836678843587129e-08,4.18956122217132e-08,4.188637968798745e-08
2022-12-08,9.285324592052546e-08,8.557595502274763e-08,8.55892162453325e-08
2022-12-09,2.651632535408326e-08,2.5907656438125283e-08,2.590336332726868e-08
2022-12-12,2.968800924019728e-08,3.320816625638748e-08,3.320808662743246e-08
2022-12-13,1.3674627460570184e-07,1.3658484047686632e-07,1.3657683462387754e-07
2022-12-14,2.2731171147217868e-07,2.2714905392533492e-07,2.2715558641877426e-07
2022-12-15,2.047314969703513e-07,1.9187777016632543e-07,1.9188863895633163e-07
2022-12-16,5.856041634952562e-08,5.5262083652724925e-08,5.523881302625353e-08
2022-12-19,2.3810129187824663e-08,3.0974302380106624e-08,3.098263392580364e-08
2022-12-20,9.110082548142099e-08,9.113247365859629e-08,9.113633349943322e-08
2022-12-21,3.492316652207739e-08,3.8406644305978556e-08,3.840242060544301e-08
2022-12-22,8.551103241819356e-08,8.196011557232737e-08,8.195467068794055e-08
2022-12-23,5.2548507529188335e-08,5.306559436408489e-08,5.3063973138685584e-08
2022-12-26,3.7389512799798263e-08,3.9250785372631445e-08,3.925000798080351e-08
2022-12-27,1.3744163542633298e-07,1.312873343421974e-07,1.312905182868269e-07
2022-12-28,2.7348647127995422e-08,2.9294827099394035e-08,2.929664083426743e-08
2022-12-29,1.0129424769084218e-07,1.0104949249439989e-07,1.0105610825661036e-07
2022-12-30,4.5879194664189125e-08,4.693693134092893e-08,4.6949664432861026e-08
