Model,Covariance Type,Ann. Return,Ann. Std,Ann. Std (fcst),Real / Fcst Std,Ann. Sharpe,Ann. Sortino,Max Drawdown,Calmar Ratio,CVaR (95%),Skewness,Excess Kurtosis
ERC,GARCH,0.13477001938305033,0.19808046477268654,0.17738667019928173,1.1166592424907507,0.6803801653924323,0.9597391799015139,-0.4501928552408395,0.2993606358122953,-0.030564775868169723,-0.22592409117816445,13.632347593916078
ERC,Historical,0.14353699230435923,0.19997596996847272,0.1848199108973242,1.0820044712583397,0.7177712018448447,1.0175611181897626,-0.44716249981195,0.3209951468755148,-0.030714045764839784,-0.16560926004912577,14.056845418703046
MVP,GARCH,0.0994793860718246,0.1336731201909762,0.09764242577127762,1.3690065474622544,0.7441988780519249,1.0281196081401969,-0.37527105208010914,0.2650867566800456,-0.019939728723226677,-0.8643153060352131,21.432971888692684
MVP,Historical,0.09114684875535706,0.13512072451495602,0.10836187489175016,1.246939706884336,0.6745586147687385,0.9325793702608004,-0.35868311706024025,0.2541152466343965,-0.019989908170842945,-0.9127001938874449,23.103666569124684
Naive,N/A,0.14524064429382055,0.2113724593557328,0.19811466265702207,1.0669198156305206,0.687131354465557,0.9744119429610394,-0.47914727039881877,0.3031231800046139,-0.03246534901641062,-0.23738484971101426,12.491898753013642
